seconds,rms_dbfs,first_difference_db,positive_db_rise
0.000,-120.00000,-120.00000,0.00000
0.010,-120.00000,-120.00000,0.00000
0.020,-120.00000,-120.00000,0.00000
0.030,-120.00000,-120.00000,0.00000
0.040,-120.00000,-120.00000,0.00000
0.050,-120.00000,-120.00000,0.00000
0.060,-120.00000,-120.00000,0.00000
0.070,-120.00000,-120.00000,0.00000
0.080,-120.00000,-120.00000,0.00000
0.090,-120.00000,-120.00000,0.00000
0.100,-120.00000,-120.00000,0.00000
0.110,-120.00000,-120.00000,0.00000
0.120,-120.00000,-120.00000,0.00000
0.130,-120.00000,-120.00000,0.00000
0.140,-120.00000,-120.00000,0.00000
0.150,-120.00000,-120.00000,0.00000
0.160,-120.00000,-120.00000,0.00000
0.170,-120.00000,-120.00000,0.00000
0.180,-120.00000,-120.00000,0.00000
0.190,-120.00000,-120.00000,0.00000
0.200,-120.00000,-120.00000,0.00000
0.210,-120.00000,-120.00000,0.00000
0.220,-120.00000,-120.00000,0.00000
0.230,-120.00000,-120.00000,0.00000
0.240,-120.00000,-120.00000,0.00000
0.250,-120.00000,-120.00000,0.00000
0.260,-120.00000,-120.00000,0.00000
0.270,-120.00000,-120.00000,0.00000
0.280,-120.00000,-120.00000,0.00000
0.290,-120.00000,-120.00000,0.00000
0.300,-120.00000,-120.00000,0.00000
0.310,-120.00000,-120.00000,0.00000
0.320,-120.00000,-120.00000,0.00000
0.330,-120.00000,-120.00000,0.00000
0.340,-120.00000,-120.00000,0.00000
0.350,-120.00000,-120.00000,0.00000
0.360,-120.00000,-120.00000,0.00000
0.370,-120.00000,-120.00000,0.00000
0.380,-120.00000,-120.00000,0.00000
0.390,-120.00000,-120.00000,0.00000
0.400,-120.00000,-120.00000,0.00000
0.410,-120.00000,-120.00000,0.00000
0.420,-120.00000,-120.00000,0.00000
0.430,-120.00000,-120.00000,0.00000
0.440,-120.00000,-120.00000,0.00000
0.450,-120.00000,-120.00000,0.00000
0.460,-120.00000,-120.00000,0.00000
0.470,-120.00000,-120.00000,0.00000
0.480,-120.00000,-120.00000,0.00000
0.490,-109.42279,-108.58119,21.99602
0.500,-101.77071,-101.92675,14.30652
0.510,-97.27120,-98.87176,7.55449
0.520,-92.68806,-97.41271,6.04219
0.530,-89.35345,-96.31664,4.43069
0.540,-87.58847,-95.47939,2.60223
0.550,-86.04735,-95.17541,1.84510
0.560,-84.87783,-94.39540,1.94952
0.570,-86.53323,-94.39237,0.00303
0.580,-87.18335,-94.13954,0.25283
0.590,-82.64012,-93.07451,5.60825
0.600,-83.09028,-95.03939,0.00000
0.610,-90.40502,-102.67547,0.00000
0.620,-120.00000,-120.00000,0.00000
0.630,-120.00000,-120.00000,0.00000
0.640,-120.00000,-120.00000,0.00000
0.650,-120.00000,-120.00000,0.00000
0.660,-120.00000,-120.00000,0.00000
0.670,-120.00000,-120.00000,0.00000
0.680,-120.00000,-120.00000,0.00000
0.690,-120.00000,-120.00000,0.00000
0.700,-120.00000,-120.00000,0.00000
0.710,-120.00000,-120.00000,0.00000
0.720,-120.00000,-120.00000,0.00000
0.730,-120.00000,-120.00000,0.00000
0.740,-120.00000,-120.00000,0.00000
0.750,-120.00000,-120.00000,0.00000
0.760,-120.00000,-120.00000,0.00000
0.770,-80.74399,-95.77796,63.47804
0.780,-63.67872,-72.05779,40.78545
0.790,-32.71838,-37.44340,65.57473
0.800,-11.30809,-29.85765,28.99605
0.810,-7.06298,-25.08997,9.01279
0.820,-6.89674,-23.31400,1.94221
0.830,-7.79858,-24.01822,0.00000
0.840,-8.12752,-26.04411,0.00000
0.850,-8.64297,-27.96214,0.00000
0.860,-9.66989,-29.49465,0.00000
0.870,-10.60633,-30.70025,0.00000
0.880,-11.70120,-31.89071,0.00000
0.890,-14.51024,-34.76143,0.00000
0.900,-15.81798,-30.92636,3.83507
0.910,-16.27658,-28.39361,2.53275
0.920,-17.70801,-30.64481,0.00000
0.930,-20.13014,-34.10834,0.00000
0.940,-20.65943,-33.12717,0.98117
0.950,-21.14011,-32.87196,0.25520
0.960,-21.33568,-32.58557,0.28640
0.970,-21.24217,-32.23422,0.44486
0.980,-21.66005,-32.47786,0.00000
0.990,-25.24887,-35.64974,0.00000
1.000,-24.02267,-31.30873,5.56721
1.010,-17.28700,-27.82879,10.21560
1.020,-17.16253,-29.64742,0.12447
1.030,-20.21753,-33.92389,0.00000
1.040,-19.66960,-32.34310,2.12870
1.050,-20.39056,-32.25968,0.08343
1.060,-21.23675,-32.67517,0.00000
1.070,-20.91995,-32.21606,0.77592
1.080,-21.02230,-31.79985,0.41621
1.090,-21.68565,-32.55868,0.00000
1.100,-21.50626,-34.35149,0.17938
1.110,-18.17431,-36.14995,3.33195
1.120,-18.07758,-37.66922,0.09673
1.130,-20.83649,-37.11404,0.55518
1.140,-22.33464,-35.89807,1.21597
1.150,-25.29077,-34.67933,1.21874
1.160,-28.32286,-32.53853,2.14080
1.170,-29.90085,-32.20412,0.33441
1.180,-30.46791,-33.22343,0.00000
1.190,-32.06302,-35.72436,0.00000
1.200,-11.54953,-32.24364,23.99421
1.210,-7.23196,-26.12047,10.44074
1.220,-6.88212,-23.70918,2.76113
1.230,-7.31010,-24.18315,0.00000
1.240,-7.74966,-26.43425,0.00000
1.250,-8.78579,-28.54977,0.00000
1.260,-10.00757,-30.45542,0.00000
1.270,-11.11252,-32.28353,0.00000
1.280,-12.28075,-33.42863,0.00000
1.290,-14.80662,-33.85909,0.00000
1.300,-15.61388,-34.22290,0.00000
1.310,-16.41135,-35.07474,0.00000
1.320,-17.83816,-35.41500,0.00000
1.330,-20.09437,-35.59633,0.00000
1.340,-21.71344,-35.75805,0.00000
1.350,-23.54787,-35.87245,0.00000
1.360,-24.31165,-36.78128,0.00000
1.370,-25.42493,-37.49336,0.00000
1.380,-26.42383,-37.47115,0.02221
1.390,-28.57952,-37.86284,0.00000
1.400,-25.59760,-34.77125,6.07352
1.410,-22.41894,-30.01602,7.93389
1.420,-23.37929,-30.27132,0.00000
1.430,-28.32230,-35.92391,0.00000
1.440,-30.83908,-39.76794,0.00000
1.450,-30.49632,-40.19101,0.34276
1.460,-29.61318,-39.78685,1.28730
1.470,-29.55686,-39.93246,0.05632
1.480,-30.39918,-40.87122,0.00000
1.490,-31.04176,-41.88487,0.00000
1.500,-30.01401,-42.13510,1.02774
1.510,-30.86028,-43.35858,0.00000
1.520,-35.15421,-46.35381,0.00000
1.530,-38.28979,-48.66671,0.00000
1.540,-41.33647,-51.39686,0.00000
1.550,-43.68980,-52.73327,0.00000
1.560,-44.57621,-51.95056,0.78271
1.570,-45.13682,-50.68832,1.26224
1.580,-44.19320,-49.21401,2.41793
1.590,-43.72566,-48.73910,0.94245
1.600,-11.17766,-32.57233,48.71477
1.610,-7.12760,-26.29090,10.33148
1.620,-7.14100,-23.98544,2.30546
1.630,-7.83632,-24.51843,0.00000
1.640,-8.31875,-26.92928,0.00000
1.650,-9.73214,-29.61863,0.00000
1.660,-10.64197,-32.33248,0.00000
1.670,-11.26798,-35.36304,0.00000
1.680,-12.85393,-37.29926,0.00000
1.690,-15.23140,-39.03983,0.00000
1.700,-16.07169,-40.18785,0.00000
1.710,-16.94488,-36.63770,3.55015
1.720,-18.26009,-36.56345,0.07425
1.730,-20.97298,-41.18253,0.00000
1.740,-23.34422,-43.54647,0.00000
1.750,-26.49215,-44.59798,0.00000
1.760,-28.80386,-45.16498,0.00000
1.770,-30.23715,-45.63150,0.00000
1.780,-32.28219,-45.79493,0.00000
1.790,-34.17264,-43.33300,2.46192
1.800,-26.82728,-30.87148,19.80688
1.810,-22.20017,-27.61786,7.88073
1.820,-23.43373,-29.71876,0.00000
1.830,-26.48140,-34.55971,0.00000
1.840,-22.18729,-31.68375,7.17007
1.850,-21.10129,-30.94690,1.82285
1.860,-21.20918,-31.63821,0.00000
1.870,-20.85792,-31.78656,0.35126
1.880,-20.83319,-31.81933,0.02473
1.890,-21.70029,-32.69393,0.00000
1.900,-11.56169,-32.41694,10.41558
1.910,-7.53187,-33.17709,4.02982
1.920,-7.31586,-37.08207,0.21600
1.930,-7.69937,-37.95099,0.00000
1.940,-7.97210,-37.13599,0.81501
1.950,-8.87045,-35.32550,1.81049
1.960,-9.86219,-33.03199,2.29351
1.970,-10.91545,-32.41950,0.61249
1.980,-12.24339,-33.12309,0.00000
1.990,-15.04226,-35.82854,0.00000
2.000,-15.92713,-34.47165,1.35689
2.010,-15.51773,-26.22365,8.65739
2.020,-14.76130,-22.97554,4.00455
2.030,-15.21655,-23.11506,0.00000
2.040,-16.88035,-25.49572,0.00000
2.050,-18.49730,-28.06734,0.00000
2.060,-20.11409,-30.24562,0.00000
2.070,-21.78352,-32.41186,0.00000
2.080,-22.45127,-33.07333,0.00000
2.090,-23.12400,-33.67721,0.00000
2.100,-23.56215,-34.67081,0.00000
2.110,-24.00915,-35.90236,0.00000
2.120,-24.53532,-36.35515,0.00000
2.130,-25.19982,-35.95171,0.40344
2.140,-25.70185,-36.16363,0.00000
2.150,-26.28704,-37.40715,0.00000
2.160,-27.35137,-38.31497,0.00000
2.170,-28.23433,-39.51226,0.00000
2.180,-28.83551,-38.59111,0.92115
2.190,-30.23631,-39.20276,0.00000
2.200,-12.11819,-35.35904,21.96184
2.210,-7.52346,-33.84858,6.10519
2.220,-7.02320,-36.17792,0.50026
2.230,-7.60059,-38.43785,0.00000
2.240,-8.03768,-40.17611,0.00000
2.250,-8.74714,-40.77854,0.00000
2.260,-9.75613,-40.27129,0.50725
2.270,-10.82379,-40.44431,0.00000
2.280,-12.04788,-41.41662,0.00000
2.290,-14.91165,-42.15576,0.00000
2.300,-16.12999,-42.82343,0.00000
2.310,-17.16900,-44.45899,0.00000
2.320,-18.66956,-47.90286,0.00000
2.330,-21.28472,-50.76755,0.00000
2.340,-23.72764,-52.94438,0.00000
2.350,-27.04821,-53.86788,0.00000
2.360,-29.97413,-52.59947,1.26842
2.370,-32.14165,-51.54371,1.05576
2.380,-35.52371,-49.65170,1.89201
2.390,-38.39355,-44.55716,5.09454
2.400,-11.64938,-29.26979,42.03154
2.410,-7.45050,-24.70291,8.76575
2.420,-7.23983,-23.33994,1.57365
2.430,-7.74242,-24.06715,0.00000
2.440,-8.28621,-26.10824,0.00000
2.450,-9.18362,-27.89382,0.00000
2.460,-10.02984,-29.36448,0.00000
2.470,-11.13840,-30.82597,0.00000
2.480,-12.39776,-32.01574,0.00000
2.490,-15.05477,-34.07804,0.00000
2.500,-15.96988,-31.29555,2.78249
2.510,-16.57838,-28.99497,2.30058
2.520,-17.94288,-30.99551,0.00000
2.530,-20.22460,-34.12191,0.00000
2.540,-20.69562,-32.97526,1.14665
2.550,-20.49846,-32.11539,1.05703
2.560,-20.46426,-31.73988,0.40971
2.570,-20.91531,-31.94388,0.00000
2.580,-21.32019,-32.46852,0.00000
2.590,-24.68888,-35.45670,0.00000
2.600,-23.46842,-30.93729,5.73987
2.610,-17.48498,-28.13405,8.78668
2.620,-17.38504,-30.35250,0.09995
2.630,-19.74240,-33.64778,0.00000
2.640,-19.58050,-32.40890,1.40077
2.650,-20.59908,-32.62309,0.00000
2.660,-21.57924,-32.97394,0.00000
2.670,-21.45837,-32.57980,0.51501
2.680,-21.14122,-32.23366,0.66329
2.690,-21.50042,-32.70548,0.00000
2.700,-20.88344,-34.11738,0.61697
2.710,-18.12362,-35.64257,2.75982
2.720,-18.32218,-37.25128,0.00000
2.730,-20.76162,-37.04679,0.20449
2.740,-22.16157,-35.80797,1.23882
2.750,-25.71370,-34.96145,0.84652
2.760,-28.75975,-32.48278,2.47867
2.770,-29.65747,-31.96007,0.52271
2.780,-30.45919,-33.23402,0.00000
2.790,-32.24247,-35.95025,0.00000
2.800,-11.11372,-32.40314,24.67586
2.810,-7.26377,-26.31918,9.93391
2.820,-7.16617,-23.99252,2.42426
2.830,-7.50775,-24.48427,0.00000
2.840,-8.16433,-26.55550,0.00000
2.850,-9.24502,-28.61909,0.00000
2.860,-9.71161,-30.65973,0.00000
2.870,-10.82323,-32.08403,0.00000
2.880,-12.47268,-32.83611,0.00000
2.890,-14.56103,-33.04865,0.00000
2.900,-15.71233,-33.58133,0.00000
2.910,-16.79253,-34.71280,0.00000
2.920,-18.03391,-35.11307,0.00000
2.930,-20.37435,-35.37168,0.00000
2.940,-21.82498,-35.42269,0.00000
2.950,-23.54323,-35.78376,0.00000
2.960,-24.69324,-36.94336,0.00000
2.970,-25.66239,-37.79428,0.00000
2.980,-26.74198,-38.06382,0.00000
2.990,-28.65479,-38.44300,0.00000
3.000,-26.08854,-36.11449,4.89477
3.010,-22.95856,-31.19809,8.04637
3.020,-23.65907,-31.02933,0.16877
3.030,-28.05769,-35.89438,0.00000
3.040,-30.41703,-39.77237,0.00000
3.050,-30.08139,-40.00978,0.33564
3.060,-29.61341,-39.98175,0.49601
3.070,-29.72700,-40.17601,0.00000
3.080,-30.74848,-40.89090,0.00000
3.090,-31.56831,-41.91149,0.00000
3.100,-29.96746,-42.16437,1.60084
3.110,-30.50986,-43.23729,0.00000
3.120,-34.59956,-46.33410,0.00000
3.130,-37.65926,-48.76038,0.00000
3.140,-41.78002,-51.43833,0.00000
3.150,-44.50331,-53.10881,0.00000
3.160,-44.75689,-52.06114,1.04767
3.170,-44.89036,-50.71706,1.34408
3.180,-43.70980,-49.13974,2.75787
3.190,-43.57847,-48.62069,0.65038
3.200,-11.76092,-32.68503,47.75321
3.210,-7.30998,-26.25364,10.88233
3.220,-6.91901,-23.74933,2.89528
3.230,-7.60776,-24.27161,0.00000
3.240,-8.01663,-26.87471,0.00000
3.250,-8.97511,-29.60598,0.00000
3.260,-10.37215,-32.29967,0.00000
3.270,-11.29755,-35.13233,0.00000
3.280,-12.29274,-37.28854,0.00000
3.290,-14.86676,-39.24347,0.00000
3.300,-16.13829,-40.06886,0.00000
3.310,-16.77534,-36.87942,3.18944
3.320,-17.95141,-36.70337,0.17605
3.330,-20.74375,-40.85606,0.00000
3.340,-23.27689,-43.43706,0.00000
3.350,-26.29277,-44.46188,0.00000
3.360,-28.92315,-45.35347,0.00000
3.370,-30.60252,-45.99636,0.00000
3.380,-32.48848,-46.33446,0.00000
3.390,-33.15972,-41.59844,4.73602
3.400,-15.38590,-28.71845,30.65381
3.410,-12.16686,-26.68955,5.24794
3.420,-14.38631,-29.98548,0.00000
3.430,-22.04813,-34.40624,0.00000
3.440,-23.25888,-33.56829,0.83794
3.450,-21.96760,-32.92820,1.93137
3.460,-21.46363,-32.43793,0.99425
3.470,-21.27095,-32.13772,0.49288
3.480,-21.13725,-32.06067,0.21076
3.490,-21.17340,-32.44342,0.00000
3.500,-12.54220,-32.27592,8.79870
3.510,-8.04987,-33.62483,4.49233
3.520,-7.38206,-37.19337,0.66780
3.530,-7.82976,-37.73119,0.00000
3.540,-8.02448,-36.68377,1.04743
3.550,-8.64567,-35.63597,1.04780
3.560,-9.82918,-32.61803,3.01794
3.570,-10.90307,-31.93458,0.68345
3.580,-12.06499,-33.52103,0.00000
3.590,-14.80694,-36.67689,0.00000
3.600,-15.83077,-34.50434,2.17255
3.610,-15.31336,-26.24975,8.77199
3.620,-14.81920,-22.90565,3.83825
3.630,-15.35489,-23.02360,0.00000
3.640,-16.59315,-25.39318,0.00000
3.650,-18.46154,-27.90057,0.00000
3.660,-20.23107,-30.23141,0.00000
3.670,-21.84999,-32.42659,0.00000
3.680,-22.77909,-33.41469,0.00000
3.690,-22.97730,-33.58548,0.00000
3.700,-22.95364,-34.41963,0.02366
3.710,-23.50443,-35.80146,0.00000
3.720,-24.34013,-35.68849,0.11297
3.730,-25.06818,-35.94846,0.00000
3.740,-25.58106,-36.68176,0.00000
3.750,-26.14648,-37.60406,0.00000
3.760,-26.88272,-38.42052,0.00000
3.770,-27.71517,-39.41177,0.00000
3.780,-28.44216,-37.82451,1.58725
3.790,-29.84097,-38.26161,0.00000
3.800,-11.26490,-35.25249,21.58519
3.810,-7.25337,-33.70348,5.56054
3.820,-6.94168,-36.13436,0.31169
3.830,-7.27681,-38.91831,0.00000
3.840,-8.12064,-40.43769,0.00000
3.850,-9.37656,-40.47661,0.00000
3.860,-9.93467,-40.30472,0.17189
3.870,-11.03036,-40.27811,0.02661
3.880,-12.68420,-41.28069,0.00000
3.890,-14.81993,-43.48419,0.00000
3.900,-11.38980,-38.45093,8.46339
3.910,-7.86438,-37.20921,4.76714
3.920,-7.87735,-40.25779,0.00000
3.930,-8.61490,-42.98999,0.00000
3.940,-8.78074,-44.61365,0.00000
3.950,-9.85292,-46.72118,0.00000
3.960,-10.32788,-47.47133,0.00000
3.970,-11.36324,-47.58103,0.00000
3.980,-13.22277,-47.86157,0.00000
3.990,-15.47512,-40.87813,6.98344
4.000,-11.52508,-30.09199,14.73618
4.010,-7.74212,-24.96941,8.90554
4.020,-7.69978,-23.32026,1.69148
4.030,-8.78939,-24.07707,0.00000
4.040,-9.02033,-26.11112,0.00000
4.050,-9.82192,-28.01818,0.00000
4.060,-10.56611,-29.52144,0.00000
4.070,-11.39134,-30.78530,0.00000
4.080,-12.61004,-31.79830,0.00000
4.090,-15.14323,-34.60778,0.00000
4.100,-16.10183,-30.81548,3.79230
4.110,-16.41585,-27.62778,3.18770
4.120,-17.81736,-29.60998,0.00000
4.130,-20.22816,-34.12979,0.00000
4.140,-20.08602,-31.67055,2.60139
4.150,-20.51929,-31.19614,0.47440
4.160,-21.01393,-31.76659,0.00000
4.170,-20.87018,-31.79947,0.14375
4.180,-21.52905,-32.17371,0.00000
4.190,-25.20682,-34.77202,0.00000
4.200,-23.61893,-31.56946,4.79045
4.210,-17.51796,-28.26342,9.40701
4.220,-17.38099,-29.98787,0.13697
4.230,-20.00771,-33.89123,0.00000
4.240,-19.82831,-31.61067,2.45997
4.250,-20.39095,-31.19921,0.41146
4.260,-21.06744,-31.89213,0.00000
4.270,-21.00378,-31.95492,0.06366
4.280,-20.83495,-31.90810,0.21566
4.290,-21.56429,-32.72582,0.00000
4.300,-21.20421,-34.21690,0.36008
4.310,-18.10539,-35.58819,3.09882
4.320,-18.10888,-37.27463,0.00000
4.330,-20.71170,-37.07927,0.19536
4.340,-22.15872,-36.20435,0.87492
4.350,-25.24755,-34.66067,1.54368
4.360,-28.76267,-32.53468,2.12599
4.370,-29.82486,-32.19011,0.34456
4.380,-30.31439,-32.93815,0.00000
4.390,-31.96738,-35.50036,0.00000
4.400,-11.74853,-32.16756,23.55165
4.410,-7.36290,-26.19024,10.36294
4.420,-6.92027,-23.68603,2.94684
4.430,-7.51468,-24.00006,0.00000
4.440,-7.88351,-26.22897,0.00000
4.450,-8.59310,-28.44870,0.00000
4.460,-9.96115,-30.27271,0.00000
4.470,-11.07690,-32.14821,0.00000
4.480,-12.04610,-33.43117,0.00000
4.490,-14.66636,-33.94765,0.00000
4.500,-15.74746,-34.50299,0.00000
4.510,-16.47335,-35.34890,0.00000
4.520,-17.73407,-35.43595,0.00000
4.530,-19.81855,-35.51735,0.00000
4.540,-21.46382,-35.67967,0.00000
4.550,-23.31213,-35.63702,0.04264
4.560,-23.81580,-35.92088,0.00000
4.570,-24.74438,-36.78811,0.00000
4.580,-26.45680,-37.42891,0.00000
4.590,-27.92512,-37.40309,0.02583
4.600,-25.86693,-35.69871,3.76257
4.610,-22.49748,-30.52843,8.53972
4.620,-22.98278,-30.11258,0.41585
4.630,-27.53159,-34.82637,0.00000
4.640,-30.50456,-39.47636,0.00000
4.650,-29.97527,-39.80908,0.52929
4.660,-29.39313,-39.59799,0.79323
4.670,-29.61596,-39.68185,0.00000
4.680,-30.54088,-40.61776,0.00000
4.690,-31.43535,-41.72287,0.00000
4.700,-30.19622,-41.67014,1.29187
4.710,-30.96227,-42.88487,0.00000
4.720,-35.72298,-46.60808,0.00000
4.730,-38.42107,-49.12626,0.00000
4.740,-41.08613,-51.16195,0.00000
4.750,-44.19760,-52.50177,0.00000
4.760,-45.46160,-52.37229,0.12948
4.770,-45.16346,-50.81053,1.85990
4.780,-43.93582,-49.04658,2.99158
4.790,-43.87067,-48.76691,0.34482
4.800,-11.55165,-32.60996,48.47598
4.810,-7.03799,-26.23785,10.88577
4.820,-6.81410,-23.84768,2.61405
4.830,-7.53662,-24.31115,0.00000
4.840,-8.11747,-26.82046,0.00000
4.850,-9.28788,-29.77021,0.00000
4.860,-10.15835,-32.44121,0.00000
4.870,-11.26412,-35.37172,0.00000
4.880,-12.71195,-37.36750,0.00000
4.890,-15.19273,-39.21631,0.00000
4.900,-16.15935,-40.16938,0.00000
4.910,-17.11676,-36.97225,3.19714
4.920,-18.34131,-36.78094,0.19131
4.930,-20.89002,-40.73160,0.00000
4.940,-23.26704,-43.06964,0.00000
4.950,-26.35020,-44.35422,0.00000
4.960,-28.70615,-45.32688,0.00000
4.970,-30.45632,-45.97687,0.00000
4.980,-32.36013,-46.34720,0.00000
4.990,-32.62429,-40.65398,5.69323
5.000,-26.80891,-31.01084,15.45852
5.010,-22.21768,-27.96273,7.63933
5.020,-23.31964,-30.01980,0.00000
5.030,-26.15774,-34.51484,0.00000
5.040,-22.28777,-32.09645,6.28835
5.050,-21.42675,-31.77116,1.18631
5.060,-21.55307,-32.44924,0.00000
5.070,-21.13237,-32.23885,0.63109
5.080,-20.95026,-31.87386,0.54711
5.090,-21.53202,-32.66624,0.00000
5.100,-11.13977,-32.52937,10.52913
5.110,-7.42126,-33.19791,3.71851
5.120,-7.28980,-37.05674,0.13146
5.130,-7.54971,-38.05347,0.00000
5.140,-8.09743,-36.58218,1.47128
5.150,-9.21528,-35.12021,1.46197
5.160,-10.05524,-32.83601,2.28420
5.170,-11.25184,-31.92380,0.91221
5.180,-12.76111,-32.94684,0.00000
5.190,-15.12685,-36.33980,0.00000
5.200,-15.75387,-34.60291,1.73689
5.210,-15.37981,-26.06808,8.90889
5.220,-14.33177,-22.80462,4.31150
5.230,-15.07116,-23.04601,0.00000
5.240,-17.03060,-25.42859,0.00000
5.250,-18.46050,-27.74722,0.00000
5.260,-19.98447,-29.96434,0.00000
5.270,-21.45517,-32.09334,0.00000
5.280,-22.36227,-32.99335,0.00000
5.290,-22.88177,-33.59445,0.00000
5.300,-23.03836,-34.28805,0.00000
5.310,-23.55055,-35.58388,0.00000
5.320,-24.32642,-35.94846,0.00000
5.330,-25.25972,-35.85031,0.09816
5.340,-25.76383,-36.49274,0.00000
5.350,-26.36994,-37.65133,0.00000
5.360,-26.95079,-38.37114,0.00000
5.370,-27.65406,-39.35032,0.00000
5.380,-28.51529,-37.99541,1.35491
5.390,-30.01855,-38.48441,0.00000
5.400,-11.44957,-35.26985,21.78354
5.410,-7.36011,-33.70762,5.65170
5.420,-7.13030,-36.13467,0.22981
5.430,-7.49662,-38.93206,0.00000
5.440,-8.11419,-40.39503,0.00000
5.450,-9.27402,-40.49084,0.00000
5.460,-9.97488,-40.36429,0.12654
5.470,-10.99119,-40.81461,0.00000
5.480,-12.55411,-41.81113,0.00000
5.490,-15.21210,-42.55381,0.00000
5.500,-16.24701,-43.10809,0.00000
5.510,-17.37558,-44.58412,0.00000
5.520,-18.87125,-47.34468,0.00000
5.530,-21.58205,-50.23748,0.00000
5.540,-24.00159,-52.70804,0.00000
5.550,-27.14071,-54.23818,0.00000
5.560,-29.97934,-52.81591,1.42227
5.570,-32.12704,-50.74225,2.07366
5.580,-35.52318,-49.85053,0.89172
5.590,-37.25975,-43.35895,6.49158
5.600,-11.90989,-28.75919,39.94963
5.610,-7.60942,-24.48091,8.57876
5.620,-7.23094,-23.34698,1.51240
5.630,-8.04770,-24.09098,0.00000
5.640,-8.50216,-26.06313,0.00000
5.650,-9.04662,-28.08235,0.00000
5.660,-10.24178,-29.75586,0.00000
5.670,-11.18252,-30.65364,0.00000
5.680,-12.00611,-31.46362,0.00000
5.690,-14.59915,-34.40267,0.00000
5.700,-16.06876,-31.35672,3.04595
5.710,-16.25101,-28.19087,3.16585
5.720,-17.67806,-30.10287,0.00000
5.730,-20.26848,-34.61794,0.00000
5.740,-20.12957,-32.07524,2.68160
5.750,-20.56832,-31.46160,0.61364
5.760,-21.16494,-31.99531,0.00000
5.770,-20.94694,-31.93377,0.27954
5.780,-21.60115,-32.21440,0.00000
5.790,-25.20124,-35.02746,0.00000
5.800,-24.25278,-31.67523,4.30069
5.810,-17.85254,-28.41964,9.65582
5.820,-17.62767,-30.12773,0.22487
5.830,-20.06875,-33.65705,0.00000
5.840,-19.54498,-31.90767,2.27314
5.850,-20.15497,-31.71512,0.19254
5.860,-21.22704,-32.15766,0.00000
5.870,-21.30557,-32.06921,0.08845
5.880,-21.09029,-32.22726,0.21529
5.890,-21.74701,-33.13300,0.00000
5.900,-21.27749,-34.45575,0.46952
5.910,-18.22956,-35.86856,3.04793
5.920,-18.21198,-37.29590,0.01758
5.930,-20.71392,-36.97076,0.32514
5.940,-22.31077,-36.27607,0.69469
5.950,-25.19489,-34.55132,1.72476
5.960,-28.29468,-32.44177,2.10954
5.970,-29.94661,-32.44202,0.00000
5.980,-30.68488,-33.47249,0.00000
5.990,-31.98149,-35.64677,0.00000
6.000,-11.81492,-32.10763,23.70571
6.010,-7.33884,-26.20169,10.38202
6.020,-6.93854,-23.70211,2.89987
6.030,-7.54694,-24.12301,0.00000
6.040,-8.00099,-26.35134,0.00000
6.050,-8.83743,-28.44069,0.00000
6.060,-9.97774,-30.37807,0.00000
6.070,-10.91102,-31.85951,0.00000
6.080,-12.01680,-32.84869,0.00000
6.090,-14.61986,-33.34525,0.00000
6.100,-15.49342,-33.92539,0.00000
6.110,-16.56058,-35.04037,0.00000
6.120,-17.74879,-35.78496,0.00000
6.130,-19.52809,-35.53383,0.25113
6.140,-21.32012,-35.18247,0.35136
6.150,-23.47860,-35.42647,0.00000
6.160,-23.73248,-35.94927,0.00000
6.170,-24.72285,-36.69617,0.00000
6.180,-26.81606,-37.37699,0.00000
6.190,-28.17985,-37.30156,0.07543
6.200,-25.43439,-35.48260,4.56443
6.210,-22.64812,-30.91109,7.35777
6.220,-23.55123,-30.82954,0.08155
6.230,-28.17824,-35.88429,0.00000
6.240,-30.54091,-39.71711,0.00000
6.250,-30.26754,-40.17549,0.27337
6.260,-29.75291,-40.00108,0.68905
6.270,-29.92575,-40.17600,0.00000
6.280,-30.99793,-41.08782,0.00000
6.290,-31.62419,-42.27152,0.00000
6.300,-30.41253,-42.60424,1.21166
6.310,-31.14409,-43.71467,0.00000
6.320,-34.62687,-45.93717,0.00000
6.330,-37.41868,-48.11373,0.00000
6.340,-41.30218,-51.39945,0.00000
6.350,-44.20679,-52.92333,0.00000
6.360,-45.07668,-51.97625,0.94708
6.370,-44.53054,-50.48010,2.04230
6.380,-43.82613,-48.95611,2.22839
6.390,-43.30433,-48.59584,0.88207
6.400,-11.06309,-32.57832,48.25876
6.410,-7.20318,-26.41834,10.01989
6.420,-7.16323,-24.14183,2.31646
6.430,-7.69778,-24.62880,0.00000
6.440,-8.39966,-26.98012,0.00000
6.450,-9.48314,-29.65418,0.00000
6.460,-10.06250,-32.35932,0.00000
6.470,-11.16968,-35.39102,0.00000
6.480,-12.92216,-37.36066,0.00000
6.490,-15.15555,-39.04384,0.00000
6.500,-16.00074,-39.60183,0.00000
6.510,-17.02427,-36.59039,3.01144
6.520,-18.24791,-36.46152,0.12887
6.530,-20.91242,-40.44429,0.00000
6.540,-23.38508,-43.03191,0.00000
6.550,-26.58971,-44.08063,0.00000
6.560,-29.03492,-45.13461,0.00000
6.570,-30.55111,-46.16977,0.00000
6.580,-32.44645,-46.47842,0.00000
6.590,-33.51298,-42.23757,4.24085
6.600,-15.21236,-28.61735,31.92084
6.610,-12.14760,-26.62859,5.05352
6.620,-14.52263,-30.04100,0.00000
6.630,-22.28992,-34.57938,0.00000
6.640,-22.97242,-33.10046,1.47892
6.650,-21.61665,-32.46855,1.98769
6.660,-21.48795,-32.07730,0.51994
6.670,-21.51951,-32.07078,0.00652
6.680,-21.50719,-32.23774,0.01232
6.690,-21.65706,-32.86511,0.00000
6.700,-12.42687,-31.30945,10.78586
6.710,-7.36095,-31.66167,5.06592
6.720,-6.90675,-36.60462,0.45420
6.730,-7.90409,-38.04543,0.00000
6.740,-8.52971,-37.09787,0.94755
6.750,-9.48654,-35.37499,1.72288
6.760,-9.82610,-32.77832,2.59667
6.770,-10.62345,-32.43424,0.34408
6.780,-12.20500,-33.94149,0.00000
6.790,-14.58389,-36.57084,0.00000
6.800,-12.51102,-26.49112,12.15259
6.810,-9.76041,-23.44126,5.80046
6.820,-9.63018,-22.87307,0.69843
6.830,-11.69706,-23.28307,0.00000
6.840,-11.98614,-25.54769,0.00000
6.850,-12.35239,-28.22989,0.00000
6.860,-14.31209,-30.50362,0.00000
6.870,-14.87764,-32.44857,0.00000
6.880,-16.29392,-33.45889,0.00000
6.890,-18.54195,-33.84099,0.00000
6.900,-14.63360,-33.67734,4.07200
6.910,-10.32088,-34.34126,4.31272
6.920,-9.94486,-35.68483,0.37602
6.930,-11.09491,-36.24157,0.00000
6.940,-11.24886,-36.70623,0.00000
6.950,-12.29024,-37.35290,0.00000
6.960,-13.45616,-38.37151,0.00000
6.970,-14.62141,-39.45269,0.00000
6.980,-16.92158,-37.98892,1.46377
6.990,-19.74335,-38.66952,0.00000
7.000,-12.30042,-32.09557,14.01687
7.010,-7.50358,-31.15667,5.73575
7.020,-7.11015,-35.87949,0.39343
7.030,-8.22192,-39.27311,0.00000
7.040,-8.60907,-40.72718,0.00000
7.050,-9.24471,-41.14901,0.00000
7.060,-10.00849,-41.53646,0.00000
7.070,-10.82690,-41.97072,0.00000
7.080,-11.81970,-42.62928,0.00000
7.090,-14.09229,-43.21928,0.00000
7.100,-12.06114,-36.35597,8.89445
7.110,-7.60589,-34.95000,5.86122
7.120,-7.42077,-37.87487,0.18512
7.130,-9.17934,-39.93421,0.00000
7.140,-9.22798,-40.28309,0.00000
7.150,-9.93161,-40.62849,0.00000
7.160,-10.52276,-40.90513,0.00000
7.170,-11.08413,-40.36896,0.53617
7.180,-12.27813,-38.55818,1.81078
7.190,-14.83039,-33.55741,5.00077
7.200,-11.99301,-29.09596,7.29882
7.210,-7.28422,-25.85576,7.94900
7.220,-6.08780,-24.73801,2.31417
7.230,-4.77694,-25.87628,1.31086
7.240,-4.40259,-28.25618,0.37435
7.250,-6.21122,-29.69097,0.00000
7.260,-4.67109,-30.63644,1.54013
7.270,-5.04413,-31.76159,0.00000
7.280,-6.07360,-32.49021,0.00000
7.290,-4.94032,-35.42169,1.13327
7.300,-6.57899,-30.60110,4.82060
7.310,-7.80362,-28.07019,2.53091
7.320,-8.34304,-30.37024,0.00000
7.330,-10.25340,-34.10332,0.00000
7.340,-12.91361,-33.07099,1.03233
7.350,-14.01194,-32.48908,0.58192
7.360,-12.09564,-32.80668,1.91631
7.370,-13.22699,-32.73550,0.07118
7.380,-13.82175,-32.39860,0.33689
7.390,-12.12503,-34.89992,1.69672
7.400,-12.50171,-26.97720,7.92272
7.410,-11.35320,-25.02200,3.10371
7.420,-11.74473,-28.32324,0.00000
7.430,-14.15070,-31.29096,0.00000
7.440,-11.68184,-29.84427,3.91555
7.450,-11.52699,-29.53029,0.46883
7.460,-12.63814,-29.93218,0.00000
7.470,-12.17786,-30.37415,0.46029
7.480,-13.09127,-30.17571,0.19844
7.490,-12.14796,-30.38574,0.94331
7.500,-11.57354,-29.64295,1.31721
7.510,-12.72922,-30.07263,0.00000
7.520,-11.69625,-32.95779,1.03296
7.530,-12.61591,-33.19207,0.00000
7.540,-12.98835,-33.21557,0.00000
7.550,-12.87741,-32.99265,0.33386
7.560,-14.57100,-31.46490,1.52775
7.570,-12.20856,-31.21431,2.61302
7.580,-12.70220,-32.00430,0.00000
7.590,-12.72819,-33.96370,0.00000
7.600,-8.64746,-31.83260,6.21183
7.610,-5.94107,-27.21932,7.31967
7.620,-5.82574,-25.28560,2.04905
7.630,-6.59348,-25.89695,0.00000
7.640,-4.56808,-28.42219,2.02540
7.650,-4.32539,-30.56743,0.24269
7.660,-5.29861,-31.94649,0.00000
7.670,-4.75661,-33.65565,0.54200
7.680,-5.44964,-34.53232,0.00000
7.690,-7.15182,-34.51421,0.01812
7.700,-8.58641,-32.87301,1.64120
7.710,-8.05200,-32.96746,0.53441
7.720,-6.58735,-35.07497,1.46465
7.730,-7.47875,-35.68367,0.00000
7.740,-9.64523,-35.61918,0.06449
7.750,-8.90612,-35.65512,0.73911
7.760,-9.42547,-36.11139,0.00000
7.770,-11.54388,-36.70401,0.00000
7.780,-12.75205,-37.32966,0.00000
7.790,-15.12477,-37.26603,0.06363
7.800,-13.50422,-28.95955,9.92702
7.810,-13.40207,-26.70614,2.35557
7.820,-13.69686,-29.14986,0.00000
7.830,-14.27229,-34.88963,0.00000
7.840,-16.09852,-38.60024,0.00000
7.850,-13.91673,-38.87669,2.18179
7.860,-13.87554,-38.66669,0.25120
7.870,-14.52958,-38.66760,0.00000
7.880,-14.13124,-39.87414,0.39834
7.890,-14.94449,-40.34396,0.00000
7.900,-13.91733,-32.57911,8.79202
7.910,-14.03677,-32.30904,0.27007
7.920,-15.12315,-39.52842,0.00000
7.930,-13.54594,-44.19262,1.57721
7.940,-14.52473,-45.96398,0.00000
7.950,-14.19549,-46.57600,0.32924
7.960,-14.23201,-47.45558,0.00000
7.970,-16.25875,-45.82992,1.62566
7.980,-13.76308,-45.21860,3.10699
7.990,-14.04117,-45.02362,0.19498
8.000,-9.71023,-32.37039,16.98417
8.010,-6.30065,-27.02241,8.75757
8.020,-5.79536,-25.08919,2.43850
8.030,-6.24922,-25.88654,0.00000
8.040,-5.92177,-28.51419,0.32745
8.050,-5.40889,-30.93858,0.51288
8.060,-4.43617,-33.66874,0.97272
8.070,-5.13682,-36.38276,0.00000
8.080,-8.05871,-37.98712,0.00000
8.090,-7.32241,-39.95630,0.73629
8.100,-5.85279,-36.15143,5.27449
8.110,-5.31494,-34.64863,2.04065
8.120,-6.65546,-37.02284,0.00000
8.130,-10.01118,-41.08043,0.00000
8.140,-10.95494,-43.48603,0.00000
8.150,-11.99811,-43.89504,0.00000
8.160,-15.36860,-44.86065,0.00000
8.170,-18.09185,-45.56957,0.00000
8.180,-17.15876,-45.71774,0.93309
8.190,-17.55894,-39.42311,6.29463
8.200,-18.31158,-27.52372,11.89939
8.210,-15.80731,-25.44195,4.58605
8.220,-16.08097,-28.66386,0.00000
8.230,-16.50781,-33.73586,0.00000
8.240,-16.02626,-32.79493,1.42248
8.250,-17.40823,-32.84946,0.00000
8.260,-16.10675,-33.08050,1.30147
8.270,-16.08386,-32.64493,0.45846
8.280,-17.05222,-32.24484,0.40010
8.290,-16.32588,-32.65746,0.72635
8.300,-10.95912,-30.07266,7.95155
8.310,-7.06653,-30.40193,3.89259
8.320,-5.46376,-36.15119,1.60278
8.330,-5.07128,-37.70804,0.39248
8.340,-5.83348,-36.58874,1.11930
8.350,-6.09082,-35.57117,1.01757
8.360,-5.52170,-33.21194,2.92834
8.370,-6.24760,-32.60077,0.61117
8.380,-6.31848,-33.94191,0.00000
8.390,-5.05948,-37.07529,1.25900
8.400,-5.38581,-34.55783,2.51746
8.410,-7.35029,-26.67217,7.88566
8.420,-8.99528,-23.67105,3.00112
8.430,-9.12962,-24.02966,0.00000
8.440,-9.99103,-26.30492,0.00000
8.450,-12.36211,-28.38981,0.00000
8.460,-13.18365,-30.58167,0.00000
8.470,-14.07279,-32.66772,0.00000
8.480,-16.77939,-33.40994,0.00000
8.490,-18.66423,-33.65195,0.00000
8.500,-19.24838,-32.67324,0.97870
8.510,-20.13179,-33.25862,0.00000
8.520,-18.75370,-35.42223,1.37808
8.530,-19.30207,-35.83450,0.00000
8.540,-19.58568,-36.38526,0.00000
8.550,-19.99619,-37.66345,0.00000
8.560,-22.10719,-38.46128,0.00000
8.570,-20.97082,-39.51202,1.13637
8.580,-20.88357,-38.28749,1.31178
8.590,-21.37725,-38.67178,0.00000
8.600,-11.17438,-31.16957,17.70508
8.610,-6.74809,-30.43000,5.16586
8.620,-5.66370,-35.69459,1.08439
8.630,-5.45022,-38.24438,0.21348
8.640,-4.81192,-39.85828,0.63830
8.650,-5.11908,-40.29643,0.00000
8.660,-5.16696,-40.38316,0.00000
8.670,-5.27633,-40.58695,0.00000
8.680,-6.02138,-41.46381,0.00000
8.690,-6.03023,-43.10548,0.00000
8.700,-6.73323,-34.19649,8.90898
8.710,-7.25062,-33.92074,0.27575
8.720,-7.42832,-42.41488,0.00000
8.730,-8.52842,-48.07894,0.00000
8.740,-10.41592,-50.39317,0.00000
8.750,-12.12510,-51.68322,0.00000
8.760,-13.33186,-51.67719,0.00603
8.770,-15.88066,-50.49983,1.17736
8.780,-20.26986,-49.51864,0.98119
8.790,-26.34168,-41.33441,8.18423
8.800,-10.77781,-29.49268,27.40560
8.810,-6.79018,-25.20705,8.27326
8.820,-6.02591,-24.25642,1.71491
8.830,-6.02318,-25.48150,0.00273
8.840,-5.54828,-27.79634,0.47490
8.850,-5.57443,-29.60812,0.00000
8.860,-5.50400,-30.98854,0.07043
8.870,-5.94343,-31.96619,0.00000
8.880,-6.60271,-32.41618,0.00000
8.890,-6.10342,-34.90949,0.49929
8.900,-6.42318,-31.21243,3.69705
8.910,-7.07329,-28.40098,2.81146
8.920,-8.12338,-30.58148,0.00000
8.930,-9.26128,-34.31565,0.00000
8.940,-10.38318,-31.67149,2.64416
8.950,-12.56813,-30.98922,0.68227
8.960,-14.18486,-31.67936,0.00000
8.970,-15.60700,-31.88084,0.00000
8.980,-18.51523,-32.20953,0.00000
8.990,-23.85242,-34.20367,0.00000
9.000,-21.80371,-27.46006,8.79232
9.010,-17.06338,-25.59595,6.60445
9.020,-16.81857,-28.50762,0.24481
9.030,-17.74569,-31.01545,0.00000
9.040,-17.24017,-29.82651,1.69446
9.050,-17.77777,-29.76005,0.06646
9.060,-17.75205,-29.97144,0.02571
9.070,-17.73357,-29.84743,0.14249
9.080,-18.67124,-30.05439,0.00000
9.090,-19.26030,-30.58504,0.00000
9.100,-18.84884,-29.57770,1.41879
9.110,-17.04087,-30.03396,1.80797
9.120,-17.19599,-33.03092,0.00000
9.130,-19.28486,-33.21583,0.00000
9.140,-20.83055,-32.92597,0.28987
9.150,-23.37205,-32.76700,0.15897
9.160,-25.32835,-31.79669,0.97031
9.170,-26.32886,-31.64638,0.15031
9.180,-27.03696,-32.44930,0.00000
9.190,-28.37170,-34.50145,0.00000
9.200,-11.80798,-31.59516,19.47001
9.210,-6.95960,-26.80389,9.63965
9.220,-5.41520,-24.85311,3.49518
9.230,-5.32095,-25.57015,0.09426
9.240,-5.44022,-28.13884,0.00000
9.250,-5.64756,-30.22781,0.00000
9.260,-5.19252,-31.70780,0.45503
9.270,-5.49005,-33.09329,0.00000
9.280,-6.43752,-33.99681,0.00000
9.290,-5.95911,-34.10451,0.47841
9.300,-6.25235,-33.01349,1.09102
9.310,-6.99923,-33.49520,0.00000
9.320,-7.81330,-35.62649,0.00000
9.330,-9.12025,-35.71146,0.00000
9.340,-10.33800,-35.65805,0.05341
9.350,-12.10403,-35.82490,0.00000
9.360,-13.81677,-36.81623,0.00000
9.370,-15.69561,-37.64343,0.00000
9.380,-19.64807,-37.67086,0.00000
9.390,-26.29817,-37.45958,0.21128
9.400,-23.48519,-29.00241,11.27016
9.410,-21.56450,-27.06544,3.85766
9.420,-23.21231,-29.66792,0.00000
9.430,-27.29822,-34.63136,0.00000
9.440,-30.58530,-39.22993,0.00000
9.450,-30.86159,-40.28207,0.00000
9.460,-30.45124,-40.19123,0.50119
9.470,-30.51131,-40.21981,0.00000
9.480,-31.44323,-41.08453,0.00000
9.490,-32.06994,-42.06346,0.00000
9.500,-27.85462,-32.52895,13.74982
9.510,-27.78615,-32.01763,0.57980
9.520,-33.00689,-39.41325,0.00000
9.530,-37.41645,-47.20654,0.00000
9.540,-42.50387,-51.33512,0.00000
9.550,-44.69598,-52.60482,0.00000
9.560,-45.36067,-51.97165,0.63318
9.570,-45.36803,-50.82411,1.14754
9.580,-44.24487,-49.49652,2.45074
9.590,-43.43379,-48.61610,1.69150
9.600,-11.65851,-31.95077,48.44062
9.610,-6.84937,-26.79114,9.96877
9.620,-5.30346,-25.12259,3.21445
9.630,-4.96966,-26.00526,0.33380
9.640,-5.11432,-28.72652,0.00000
9.650,-5.49125,-31.44014,0.00000
9.660,-4.93244,-34.02827,0.55881
9.670,-5.24883,-36.83879,0.00000
9.680,-6.38967,-38.51277,0.00000
9.690,-5.99259,-39.92823,0.39708
9.700,-6.15996,-36.33667,3.59156
9.710,-6.86699,-34.69381,1.64286
9.720,-7.85680,-36.87476,0.00000
9.730,-9.17439,-41.04138,0.00000
9.740,-10.45109,-43.39528,0.00000
9.750,-12.53652,-44.72472,0.00000
9.760,-14.20557,-45.98689,0.00000
9.770,-16.21419,-46.74771,0.00000
9.780,-20.50132,-47.33968,0.00000
9.790,-28.86989,-43.00068,4.33901
9.800,-15.09280,-25.89345,30.88432
9.810,-12.20814,-24.40975,4.36835
9.820,-14.68947,-29.06209,0.00000
9.830,-21.94873,-34.16535,0.00000
9.840,-22.16294,-31.82952,2.33584
9.850,-21.35708,-31.26915,1.36623
9.860,-21.64442,-31.98195,0.00000
9.870,-21.29069,-32.05663,0.35373
9.880,-21.15478,-31.97921,0.21333
9.890,-21.82570,-32.82570,0.00000
9.900,-10.85392,-30.76623,13.03125
9.910,-6.66659,-31.05339,4.18734
9.920,-5.66860,-36.54870,0.99798
9.930,-5.27949,-37.86769,0.38911
9.940,-4.77922,-36.95418,1.41379
9.950,-4.99849,-35.23166,1.72251
9.960,-4.90654,-33.36870,1.95492
9.970,-5.42450,-32.89076,0.47794
9.980,-6.22986,-33.69496,0.00000
9.990,-5.82583,-36.72487,0.40404
10.000,-6.28021,-34.41930,2.30558
10.010,-6.98021,-26.88819,7.53110
10.020,-7.76086,-23.88327,3.00493
10.030,-8.86942,-24.13950,0.00000
10.040,-10.24829,-26.38134,0.00000
10.050,-12.20593,-28.28716,0.00000
10.060,-13.77949,-30.11072,0.00000
10.070,-15.72509,-32.35869,0.00000
10.080,-18.88563,-33.27761,0.00000
10.090,-22.40370,-33.64043,0.00000
10.100,-23.00440,-32.87508,0.76535
10.110,-23.42418,-33.49877,0.00000
10.120,-24.31072,-35.62603,0.00000
10.130,-25.42471,-35.93887,0.00000
10.140,-25.92062,-36.14012,0.00000
10.150,-25.64134,-32.34250,4.07689
10.160,-26.01867,-32.12043,0.22207
10.170,-27.67353,-37.20593,0.00000
10.180,-28.67797,-37.83873,0.00000
10.190,-29.89390,-38.37153,0.00000
10.200,-11.22079,-30.65156,26.39307
10.210,-6.62934,-29.80956,5.43346
10.220,-5.48663,-35.06840,1.14271
10.230,-5.20481,-38.26798,0.28182
10.240,-4.83423,-39.79944,0.37058
10.250,-5.10034,-35.22250,4.57693
10.260,-4.85678,-34.82750,0.63856
10.270,-5.34363,-38.90878,0.00000
10.280,-6.33564,-40.48793,0.00000
10.290,-5.77244,-41.81854,0.56319
10.300,-5.82160,-33.21624,8.60229
10.310,-5.02445,-32.74111,1.27229
10.320,-5.46385,-39.05074,0.00000
10.330,-7.04708,-41.15798,0.00000
10.340,-6.27474,-41.91758,0.77235
10.350,-6.10976,-34.19449,7.88807
10.360,-5.66071,-33.80862,0.83492
10.370,-5.90902,-39.79062,0.00000
10.380,-6.56405,-40.59733,0.00000
10.390,-5.97687,-39.84214,1.34237
10.400,-6.32224,-38.14182,1.70031
10.410,-4.90744,-35.34817,4.20844
10.420,-5.72978,-29.49854,5.84963
10.430,-10.99428,-27.15759,2.34095
10.440,-11.80336,-26.26474,0.89284
10.450,-10.99141,-25.54333,1.53337
10.460,-10.73472,-25.94222,0.25669
10.470,-11.15720,-28.10638,0.00000
10.480,-11.29878,-29.50339,0.00000
10.490,-11.32672,-29.35400,0.14939
10.500,-11.17111,-30.75408,0.15560
10.510,-11.27348,-31.72135,0.00000
10.520,-11.35732,-30.54765,1.17370
10.530,-11.07738,-30.49504,0.33254
10.540,-11.24276,-31.07896,0.00000
10.550,-11.41583,-30.56562,0.51334
10.560,-11.00782,-30.97599,0.40802
10.570,-10.83293,-30.68872,0.46215
10.580,-10.84934,-29.98226,0.70646
10.590,-11.31449,-30.48312,0.00000
10.600,-11.52168,-30.14524,0.33788
10.610,-11.15763,-30.36473,0.36405
10.620,-11.29066,-32.70949,0.00000
10.630,-11.31312,-32.90795,0.00000
10.640,-11.11809,-31.62089,1.48210
10.650,-10.96825,-31.71344,0.14984
10.660,-11.05152,-31.69396,0.01948
10.670,-11.85088,-30.57469,1.11927
10.680,-11.98190,-31.51705,0.00000
10.690,-11.28487,-32.84495,0.69703
10.700,-11.44700,-33.45881,0.00000
10.710,-11.29287,-34.13508,0.15413
10.720,-10.79503,-33.93047,0.70245
10.730,-10.93139,-33.75316,0.17730
10.740,-11.10336,-33.20015,0.55301
10.750,-11.65919,-33.17883,0.02132
10.760,-11.90596,-33.09496,0.08387
10.770,-11.95446,-32.84683,0.24813
10.780,-12.40226,-32.95096,0.00000
10.790,-11.96311,-33.21639,0.43916
10.800,-11.21383,-32.78342,1.18225
10.810,-11.11859,-32.49557,0.38309
10.820,-11.30022,-32.29321,0.20235
10.830,-11.84424,-31.60158,0.69163
10.840,-12.07219,-31.01608,0.58550
10.850,-11.83174,-30.70182,0.55471
10.860,-12.08095,-30.96390,0.00000
10.870,-12.26073,-31.54539,0.00000
10.880,-11.95580,-31.65280,0.30492
10.890,-11.86997,-31.09227,0.64635
10.900,-12.25729,-31.11520,0.00000
10.910,-12.73599,-31.70486,0.00000
10.920,-12.87706,-31.80137,0.00000
10.930,-12.89870,-31.55694,0.24443
10.940,-13.35143,-31.20461,0.35233
10.950,-13.50382,-31.55827,0.00000
10.960,-13.46285,-32.13329,0.04097
10.970,-13.75698,-32.00867,0.12463
10.980,-14.18798,-31.73130,0.27737
10.990,-14.53830,-31.77800,0.00000
11.000,-14.59960,-31.69055,0.08745
11.010,-14.58973,-31.52198,0.17845
11.020,-14.64512,-31.26575,0.25623
11.030,-14.58068,-31.36373,0.06444
11.040,-14.61513,-31.44037,0.00000
11.050,-14.85603,-30.99836,0.44201
11.060,-15.26057,-31.02540,0.00000
11.070,-15.16465,-30.93203,0.18929
11.080,-14.77492,-30.89116,0.43061
11.090,-14.96061,-30.93780,0.00000
11.100,-15.54556,-31.02554,0.00000
11.110,-15.99970,-31.39508,0.00000
11.120,-15.86936,-31.24526,0.28016
11.130,-15.99771,-31.29557,0.00000
11.140,-16.71768,-31.44161,0.00000
11.150,-16.80580,-31.35927,0.08234
11.160,-16.83698,-31.37325,0.00000
11.170,-17.70417,-31.62619,0.00000
11.180,-18.41226,-32.19568,0.00000
11.190,-18.14844,-31.91934,0.54016
11.200,-17.91204,-31.68994,0.46580
11.210,-18.33784,-31.91428,0.00000
11.220,-19.40119,-32.24915,0.00000
11.230,-20.43198,-33.04309,0.00000
11.240,-20.61291,-33.51801,0.00000
11.250,-21.23910,-34.08813,0.00000
11.260,-22.35368,-34.53081,0.00000
11.270,-22.24342,-34.27196,0.36910
11.280,-21.91689,-33.93427,0.66422
11.290,-22.49650,-33.86139,0.07288
11.300,-23.23527,-34.56521,0.00000
11.310,-23.71667,-35.14882,0.00000
11.320,-24.33948,-35.78924,0.00000
11.330,-24.27283,-35.89797,0.06665
11.340,-23.87012,-35.42434,0.87633
11.350,-23.65915,-36.08317,0.21097
11.360,-23.42061,-35.93699,0.38472
11.370,-21.84774,-34.20149,3.30837
11.380,-20.64896,-33.47023,1.93005
11.390,-20.71738,-33.69892,0.00000
11.400,-21.46225,-34.70505,0.00000
11.410,-22.20564,-35.41437,0.00000
11.420,-22.64926,-35.35321,0.06116
11.430,-22.51840,-35.03581,0.44827
11.440,-21.77252,-34.55455,1.22714
11.450,-21.99354,-34.83434,0.00000
11.460,-22.75296,-35.45367,0.00000
11.470,-23.60982,-36.15935,0.00000
11.480,-24.41425,-36.77556,0.00000
11.490,-24.06159,-36.67564,0.45259
11.500,-23.25318,-36.20360,1.28044
11.510,-23.75664,-36.10044,0.10315
11.520,-24.03868,-35.82815,0.27229
11.530,-24.14999,-36.21876,0.00000
11.540,-25.27867,-37.06460,0.00000
11.550,-25.45159,-37.45651,0.00000
11.560,-25.39800,-38.09662,0.05359
11.570,-26.10207,-37.99992,0.09670
11.580,-25.79456,-37.75351,0.55392
11.590,-25.29974,-37.53137,0.71695
11.600,-25.97907,-35.87331,1.65806
11.610,-26.49314,-34.12153,1.75178
11.620,-26.93730,-33.82898,0.29255
11.630,-27.53406,-34.95877,0.00000
11.640,-27.36722,-36.16545,0.16685
11.650,-27.10161,-36.76850,0.26560
11.660,-27.53647,-37.02603,0.00000
11.670,-27.89068,-36.94319,0.08284
11.680,-28.33966,-37.25633,0.00000
11.690,-29.59191,-37.93599,0.00000
11.700,-30.32531,-37.92874,0.00725
11.710,-30.31272,-38.06981,0.01258
11.720,-29.48251,-38.16865,0.83022
11.730,-28.96221,-37.98770,0.70124
11.740,-29.77949,-39.14907,0.00000
11.750,-30.43598,-40.00071,0.00000
11.760,-29.55350,-39.97215,0.91104
11.770,-28.40407,-39.45354,1.66803
11.780,-27.59946,-38.87246,1.38570
11.790,-25.79888,-38.88293,1.80058
11.800,-25.69604,-39.54133,0.10283
11.810,-26.52517,-39.65685,0.00000
11.820,-26.66450,-39.51438,0.14246
11.830,-27.43839,-40.31911,0.00000
11.840,-28.04262,-40.97028,0.00000
11.850,-28.90580,-41.48096,0.00000
11.860,-29.57884,-41.76855,0.00000
11.870,-30.09575,-41.94756,0.00000
11.880,-29.39755,-41.91292,0.73284
11.890,-28.24616,-41.25882,1.80549
11.900,-29.12339,-41.42057,0.00000
11.910,-28.34151,-41.11090,1.09155
11.920,-26.02444,-39.76160,3.66637
11.930,-23.85993,-37.58276,4.34335
11.940,-20.51782,-35.20020,5.72467
11.950,-18.60907,-33.86938,3.23957
11.960,-17.92064,-33.25890,1.29891
11.970,-18.13826,-33.45284,0.00000
11.980,-19.77634,-34.39277,0.00000
11.990,-21.65559,-35.52558,0.00000
12.000,-23.62430,-37.19800,0.00000
12.010,-25.31585,-38.18050,0.00000
12.020,-24.98598,-37.92447,0.58590
12.030,-24.98787,-38.19791,0.00000
12.040,-24.88523,-38.23290,0.10264
12.050,-22.56081,-36.48438,4.07293
12.060,-21.97725,-35.97042,1.09753
12.070,-22.10500,-33.88058,2.08983
12.080,-20.87681,-32.88180,2.22697
12.090,-18.87055,-33.16098,2.00626
12.100,-15.95755,-31.58854,4.48545
12.110,-14.33382,-30.55664,2.65563
12.120,-14.75444,-31.02493,0.00000
12.130,-16.62645,-32.41901,0.00000
12.140,-18.03059,-33.20409,0.00000
12.150,-17.64788,-32.35789,1.22892
12.160,-17.36750,-32.08259,0.55568
12.170,-18.28685,-32.65544,0.00000
12.180,-19.36446,-32.85891,0.00000
12.190,-20.61022,-33.44461,0.00000
12.200,-19.66477,-33.38551,1.00455
12.210,-18.41109,-32.46333,2.17587
12.220,-19.10035,-32.35648,0.10685
12.230,-20.17742,-32.89971,0.00000
12.240,-20.91058,-33.20529,0.00000
12.250,-21.11380,-33.28500,0.00000
12.260,-20.96132,-33.27560,0.16188
12.270,-20.31934,-32.96962,0.94796
12.280,-20.20695,-32.94236,0.13966
12.290,-20.46363,-32.97631,0.00000
12.300,-20.65658,-33.02685,0.00000
12.310,-20.46177,-33.03239,0.19481
12.320,-18.83278,-32.65183,2.00955
12.330,-17.45757,-32.04926,1.97778
12.340,-16.95424,-31.34714,1.20545
12.350,-17.15438,-31.56251,0.00000
12.360,-18.04314,-32.24074,0.00000
12.370,-19.28807,-32.79864,0.00000
12.380,-20.05759,-33.27817,0.00000
12.390,-20.10262,-32.97346,0.30471
12.400,-19.91072,-32.69036,0.47501
12.410,-19.12263,-32.42677,1.05168
12.420,-19.31855,-32.20838,0.21839
12.430,-19.60513,-32.21961,0.00000
12.440,-18.13912,-32.27040,1.46602
12.450,-18.89762,-32.71205,0.00000
12.460,-19.54338,-32.67860,0.03345
12.470,-18.08602,-32.06690,2.06906
12.480,-19.08357,-32.21753,0.00000
12.490,-18.72923,-32.43315,0.35433
12.500,-17.94355,-32.39331,0.82552
12.510,-19.08658,-33.22289,0.00000
12.520,-18.82309,-32.74943,0.73695
12.530,-19.30557,-32.69944,0.04999
12.540,-18.80843,-33.27389,0.49714
12.550,-18.37875,-33.38756,0.42968
12.560,-19.61620,-33.98038,0.00000
12.570,-19.05746,-33.01844,1.52068
12.580,-18.66451,-32.82783,0.58357
12.590,-18.06622,-33.18185,0.59829
12.600,-18.18444,-33.24543,0.00000
12.610,-18.91072,-33.42384,0.00000
12.620,-19.29481,-33.19518,0.22866
12.630,-18.76171,-32.67869,1.04959
12.640,-17.51784,-32.03306,1.88950
12.650,-17.86400,-32.23957,0.00000
12.660,-17.70366,-32.92116,0.16034
12.670,-17.61141,-33.00862,0.09225
12.680,-18.57207,-32.93389,0.07474
12.690,-18.14943,-32.76707,0.58945
12.700,-18.99669,-32.89250,0.00000
12.710,-18.90907,-32.78237,0.19774
12.720,-17.44527,-32.43369,1.81248
12.730,-18.28037,-31.82753,0.60616
12.740,-19.22980,-31.76362,0.06391
12.750,-19.39856,-32.05626,0.00000
12.760,-19.36817,-32.05135,0.03530
12.770,-17.85462,-32.12877,1.51355
12.780,-17.13435,-31.37241,1.47662
12.790,-18.49088,-31.32491,0.04751
12.800,-18.99172,-32.15251,0.00000
12.810,-17.61258,-32.18546,1.37914
12.820,-16.68442,-31.95210,1.16152
12.830,-16.65416,-31.91337,0.06899
12.840,-17.48979,-31.43074,0.48263
12.850,-19.17984,-31.24887,0.18187
12.860,-17.97262,-31.56041,1.20722
12.870,-15.84095,-31.48849,2.20359
12.880,-16.60892,-31.90008,0.00000
12.890,-17.95519,-31.96727,0.00000
12.900,-17.22691,-32.04946,0.72827
12.910,-16.61280,-32.54797,0.61411
12.920,-17.02957,-31.93247,0.61550
12.930,-17.38733,-31.73333,0.19914
12.940,-17.16871,-31.91975,0.21862
12.950,-17.46127,-32.00518,0.00000
12.960,-18.17043,-32.40419,0.00000
12.970,-18.53061,-31.83253,0.57167
12.980,-17.31793,-26.82637,6.21884
12.990,-16.35508,-24.46254,3.32667
13.000,-16.06341,-23.76949,0.98473
13.010,-14.48902,-19.87930,5.46458
13.020,-11.87610,-18.74009,3.75214
13.030,-10.11471,-19.06685,1.76139
13.040,-9.91310,-19.30582,0.20161
13.050,-10.51717,-20.22861,0.00000
13.060,-10.94937,-21.25964,0.00000
13.070,-11.68194,-22.83445,0.00000
13.080,-12.59948,-23.12953,0.00000
13.090,-12.02689,-23.57259,0.57259
13.100,-12.11100,-24.19555,0.00000
13.110,-12.88143,-24.77086,0.00000
13.120,-13.27403,-25.96448,0.00000
13.130,-12.93858,-19.97709,6.32285
13.140,-13.42649,-18.69929,1.27780
13.150,-15.75046,-20.95875,0.00000
13.160,-15.62301,-21.23368,0.12745
13.170,-15.54380,-20.30304,1.00985
13.180,-16.12551,-19.93554,0.36750
13.190,-16.81041,-20.29237,0.00000
13.200,-17.81955,-22.62487,0.00000
13.210,-18.68225,-27.73989,0.00000
13.220,-16.69517,-28.24592,1.98708
13.230,-11.67016,-28.19360,5.07733
13.240,-10.43607,-28.16164,1.26605
13.250,-12.08000,-28.26404,0.00000
13.260,-13.05750,-28.07746,0.18658
13.270,-13.11531,-28.24251,0.00000
13.280,-13.83771,-28.07814,0.16438
13.290,-14.92659,-27.96844,0.10970
13.300,-15.20238,-27.80211,0.16633
13.310,-15.19485,-26.67194,1.13770
13.320,-16.03348,-22.47083,4.20110
13.330,-16.96486,-20.93308,1.53775
13.340,-17.41548,-22.17727,0.00000
13.350,-18.48001,-22.75269,0.00000
13.360,-19.47405,-22.90164,0.00000
13.370,-19.73625,-23.24646,0.00000
13.380,-19.26269,-21.98478,1.73525
13.390,-19.29066,-20.77625,1.20853
13.400,-19.61915,-20.01139,0.76487
13.410,-18.98023,-19.11067,1.53963
13.420,-19.13682,-19.73765,0.00000
13.430,-19.19271,-22.63688,0.00000
13.440,-14.54523,-25.73750,4.64747
13.450,-12.38410,-27.21383,2.16113
13.460,-12.49089,-27.04353,0.17031
13.470,-13.12480,-26.72687,0.31666
13.480,-13.88912,-27.42652,0.00000
13.490,-14.30884,-27.86106,0.00000
13.500,-14.99900,-27.44464,0.41642
13.510,-15.86773,-27.20126,0.24337
13.520,-15.73708,-27.26233,0.13066
13.530,-14.79740,-27.64872,0.93968
13.540,-14.87977,-27.26319,0.38553
13.550,-15.54402,-27.10903,0.15416
13.560,-15.51562,-27.52536,0.02841
13.570,-15.67913,-27.56775,0.00000
13.580,-15.83227,-28.15481,0.00000
13.590,-16.21793,-28.86701,0.00000
13.600,-10.75264,-27.89987,6.43243
13.610,-6.84623,-25.46919,6.33709
13.620,-5.23523,-24.28798,2.79222
13.630,-4.50508,-25.58684,0.73015
13.640,-4.93294,-28.56415,0.00000
13.650,-5.66128,-30.95835,0.00000
13.660,-4.42905,-33.63690,1.23223
13.670,-5.38133,-36.28945,0.00000
13.680,-6.01504,-37.43796,0.00000
13.690,-4.84283,-39.60631,1.17220
13.700,-6.57651,-39.81775,0.00000
13.710,-7.99323,-40.27570,0.00000
13.720,-8.65497,-40.74266,0.00000
13.730,-10.25127,-41.35999,0.00000
13.740,-12.78577,-42.66561,0.00000
13.750,-14.53338,-41.85289,0.81272
13.760,-12.26532,-42.60268,2.26806
13.770,-13.42705,-43.94087,0.00000
13.780,-14.38086,-40.95930,2.98157
13.790,-12.38021,-37.74394,5.21601
13.800,-13.29618,-33.61999,4.12395
13.810,-12.33109,-27.64449,6.94059
13.820,-9.91581,-24.98372,5.07605
13.830,-9.73220,-24.73614,0.43118
13.840,-9.60167,-24.84222,0.13053
13.850,-10.33529,-24.87961,0.00000
13.860,-11.68759,-25.04285,0.00000
13.870,-11.13125,-25.89253,0.55633
13.880,-11.86452,-27.41416,0.00000
13.890,-11.49489,-28.85597,0.36963
13.900,-11.52609,-30.04500,0.00000
13.910,-12.67922,-29.71286,0.33214
13.920,-12.11086,-29.50121,0.78000
13.930,-12.48659,-29.55841,0.00000
13.940,-11.43395,-29.52853,1.08253
13.950,-11.28602,-29.58869,0.14793
13.960,-12.51834,-29.75287,0.00000
13.970,-11.03690,-29.75121,1.48310
13.980,-10.84702,-29.25879,0.68230
13.990,-10.96870,-29.24552,0.01326
14.000,-9.28701,-28.64230,2.28492
14.010,-6.76968,-26.22515,4.93447
14.020,-5.92908,-24.86711,2.19864
14.030,-5.97432,-25.87782,0.00000
14.040,-4.50645,-28.92383,1.46787
14.050,-4.49503,-31.71553,0.01141
14.060,-5.33241,-33.98022,0.00000
14.070,-4.93710,-36.54606,0.39531
14.080,-5.47410,-37.89353,0.00000
14.090,-7.00774,-39.48010,0.00000
14.100,-8.74741,-41.33198,0.00000
14.110,-8.20191,-41.94769,0.54550
14.120,-6.72550,-42.64418,1.47641
14.130,-7.84257,-44.29843,0.00000
14.140,-9.42328,-43.61937,0.67906
14.150,-8.50349,-42.98806,1.55111
14.160,-9.47975,-43.78240,0.00000
14.170,-11.18576,-44.28235,0.00000
14.180,-12.47867,-41.16338,3.11897
14.190,-15.28022,-40.84758,0.31580
14.200,-12.85014,-30.52922,12.74844
14.210,-11.10644,-26.08862,6.18430
14.220,-10.10083,-25.38810,1.70612
14.230,-10.03381,-25.58604,0.06702
14.240,-11.28308,-25.61533,0.00000
14.250,-11.43760,-26.99071,0.00000
14.260,-11.80282,-29.23485,0.00000
14.270,-12.35070,-29.96769,0.00000
14.280,-11.84614,-30.12851,0.50456
14.290,-12.25248,-30.75425,0.00000
14.300,-11.99440,-30.76892,0.25808
14.310,-12.18014,-30.49347,0.27545
14.320,-13.00314,-30.69959,0.00000
14.330,-11.78249,-31.36711,1.22065
14.340,-11.81684,-31.27164,0.09547
14.350,-12.22979,-31.13514,0.13650
14.360,-12.62563,-31.58877,0.00000
14.370,-13.68109,-31.56028,0.02849
14.380,-12.74754,-31.74256,0.93356
14.390,-13.18005,-32.16965,0.00000
14.400,-10.03279,-29.91044,5.40648
14.410,-6.92217,-26.16727,6.85379
14.420,-6.24702,-24.41132,2.43109
14.430,-6.43161,-25.13317,0.00000
14.440,-6.11901,-27.55324,0.31260
14.450,-5.39591,-30.01631,0.72310
14.460,-4.37269,-32.46510,1.02322
14.470,-5.25392,-35.00146,0.00000
14.480,-7.81355,-36.69446,0.00000
14.490,-7.02707,-38.85463,0.78648
14.500,-5.99433,-39.51072,1.03274
14.510,-5.61024,-39.99306,0.38409
14.520,-6.97066,-41.23113,0.00000
14.530,-10.40126,-42.60632,0.00000
14.540,-11.56705,-44.01272,0.00000
14.550,-12.89260,-44.08373,0.00000
14.560,-16.62457,-43.46146,0.62227
14.570,-19.07178,-39.80849,3.65298
14.580,-16.90818,-34.84062,7.13147
14.590,-17.06595,-31.03883,3.80179
14.600,-18.85898,-27.27314,3.76569
14.610,-16.08655,-23.85691,6.18866
14.620,-14.72468,-24.07193,1.36187
14.630,-12.65594,-26.44383,2.06874
14.640,-11.61387,-26.57881,1.04207
14.650,-12.18260,-27.40242,0.00000
14.660,-12.49472,-28.70041,0.00000
14.670,-13.32023,-29.02887,0.00000
14.680,-14.08275,-29.13212,0.00000
14.690,-14.16225,-29.74270,0.00000
14.700,-9.58637,-29.48491,4.83367
14.710,-6.83743,-29.54718,2.74895
14.720,-6.07376,-30.15612,0.76366
14.730,-5.68863,-30.49756,0.38513
14.740,-5.99168,-30.90640,0.00000
14.750,-5.91050,-30.67375,0.31383
14.760,-5.86146,-30.84442,0.04905
14.770,-6.88149,-31.25409,0.00000
14.780,-6.33196,-30.77349,1.03012
14.790,-5.11279,-24.58388,7.40878
14.800,-5.80263,-22.94469,1.63920
14.810,-7.83265,-22.49855,0.44614
14.820,-9.16852,-20.67078,1.82777
14.830,-9.17655,-19.72947,0.94132
14.840,-9.84982,-19.70176,0.02771
14.850,-12.27861,-19.55823,0.14353
14.860,-12.96420,-19.16190,0.39633
14.870,-13.20896,-19.36902,0.00000
14.880,-15.69824,-20.36785,0.00000
14.890,-18.29885,-21.21009,0.00000
14.900,-19.18498,-20.95285,0.25724
14.910,-19.42357,-19.90555,1.04730
14.920,-18.31047,-19.22802,1.79062
14.930,-18.83254,-19.51480,0.00000
14.940,-18.51859,-19.31093,0.51781
14.950,-18.30927,-19.07342,0.44684
14.960,-18.94489,-18.80384,0.26959
14.970,-18.40747,-18.68979,0.65147
14.980,-18.72961,-19.11984,0.00000
14.990,-18.86494,-19.51867,0.00000
15.000,-10.19663,-18.77023,9.41675
15.010,-6.53167,-19.99011,3.66496
15.020,-5.72557,-25.23408,0.80611
15.030,-5.48978,-27.51788,0.23579
15.040,-4.77901,-28.38642,0.71077
15.050,-4.95411,-28.34267,0.04375
15.060,-5.32599,-28.77111,0.00000
15.070,-5.48648,-28.79662,0.00000
15.080,-6.01457,-28.81502,0.00000
15.090,-5.99611,-28.90218,0.01846
15.100,-6.75823,-28.20384,0.69834
15.110,-7.15196,-28.12842,0.07542
15.120,-7.29414,-28.04828,0.08014
15.130,-8.22442,-28.23526,0.00000
15.140,-9.28049,-28.56122,0.00000
15.150,-10.52514,-28.27424,0.28698
15.160,-10.97620,-28.51208,0.00000
15.170,-11.93572,-28.38248,0.12960
15.180,-13.66754,-28.31372,0.06876
15.190,-14.93132,-28.44406,0.00000
15.200,-11.29022,-27.41399,4.67117
15.210,-7.62393,-25.07881,6.00147
15.220,-5.87383,-23.76090,3.06801
15.230,-5.53038,-24.33116,0.34346
15.240,-5.55655,-25.84966,0.00000
15.250,-5.80874,-26.94606,0.00000
15.260,-5.50363,-27.76260,0.30511
15.270,-5.65276,-28.04188,0.00000
15.280,-6.37510,-27.78523,0.25665
15.290,-6.17905,-27.90241,0.19605
15.300,-6.28605,-27.99266,0.00000
15.310,-6.67576,-27.58849,0.40417
15.320,-7.75134,-27.66420,0.00000
15.330,-8.64102,-28.21542,0.00000
15.340,-9.72417,-28.36818,0.00000
15.350,-11.58961,-29.78334,0.00000
15.360,-12.37844,-32.66795,0.00000
15.370,-13.92163,-33.37944,0.00000
15.380,-16.55638,-31.41082,1.96862
15.390,-17.44275,-30.38839,1.02243
15.400,-15.11510,-29.81838,2.89766
15.410,-13.66315,-28.78609,2.48424
15.420,-13.21992,-27.91100,1.31833
15.430,-13.38157,-28.06512,0.00000
15.440,-13.07338,-28.39461,0.30819
15.450,-12.56987,-28.27150,0.62661
15.460,-12.51184,-28.68487,0.05803
15.470,-12.53268,-28.64103,0.04384
15.480,-12.33032,-28.75538,0.20237
15.490,-12.21123,-28.70286,0.17161
15.500,-12.63814,-29.36702,0.00000
15.510,-12.94678,-30.64609,0.00000
15.520,-12.70216,-30.63431,0.25639
15.530,-12.71450,-30.54555,0.08875
15.540,-12.99669,-30.11020,0.43535
15.550,-13.32990,-29.98289,0.12731
15.560,-13.59111,-30.10204,0.00000
15.570,-13.68298,-30.13639,0.00000
15.580,-13.78164,-30.25143,0.00000
15.590,-13.78214,-30.55667,0.00000
15.600,-11.13146,-29.21094,3.99640
15.610,-7.42215,-26.09964,6.82062
15.620,-5.80678,-24.50744,3.20757
15.630,-5.58383,-25.21756,0.22295
15.640,-5.60030,-27.34571,0.00000
15.650,-5.84476,-28.74181,0.00000
15.660,-5.34881,-29.18068,0.49595
15.670,-5.38491,-29.32273,0.00000
15.680,-6.27606,-28.95161,0.37112
15.690,-6.07072,-28.82925,0.32770
15.700,-6.18246,-28.99246,0.00000
15.710,-6.64553,-28.97737,0.01509
15.720,-7.35348,-28.97828,0.00000
15.730,-8.27094,-28.44386,0.53442
15.740,-9.01935,-27.60784,0.83602
15.750,-10.11541,-27.25889,0.34894
15.760,-10.78471,-27.41142,0.00000
15.770,-11.35077,-27.26668,0.14474
15.780,-12.28236,-26.96841,0.29827
15.790,-13.15259,-26.99850,0.00000
15.800,-13.50307,-26.80726,0.19125
15.810,-13.92721,-26.23413,0.57313
15.820,-14.39097,-26.52659,0.00000
15.830,-14.97514,-27.42320,0.00000
15.840,-15.32752,-28.03798,0.00000
15.850,-15.67924,-28.88214,0.00000
15.860,-15.57672,-29.66562,0.10251
15.870,-15.04261,-30.22661,0.53411
15.880,-14.89631,-27.85998,2.51293
15.890,-16.85380,-24.95725,2.90273
15.900,-19.54654,-21.25122,3.70603
15.910,-18.50538,-19.14071,3.15167
15.920,-18.02409,-18.91907,0.70293
15.930,-18.66555,-19.79320,0.00000
15.940,-20.19065,-21.48032,0.00000
15.950,-22.54936,-25.12566,0.00000
15.960,-26.08745,-34.27378,0.00000
15.970,-29.24963,-42.28191,0.00000
15.980,-33.81372,-45.54879,0.00000
15.990,-35.26158,-46.37892,0.00000
16.000,-10.81962,-33.29945,37.52144
16.010,-6.60824,-27.23413,10.27670
16.020,-5.75002,-25.23763,2.85471
16.030,-5.52893,-26.17096,0.22109
16.040,-4.99110,-29.00369,0.53784
16.050,-5.16194,-31.65601,0.00000
16.060,-5.07101,-33.33074,0.09093
16.070,-5.51873,-32.75191,0.57882
16.080,-6.28638,-31.71156,1.04036
16.090,-5.77870,-33.56487,0.50769
16.100,-6.19514,-37.69772,0.00000
16.110,-7.00591,-40.76944,0.00000
16.120,-8.00243,-43.56502,0.00000
16.130,-9.24366,-45.12644,0.00000
16.140,-10.54145,-45.96157,0.00000
16.150,-12.66783,-46.39045,0.00000
16.160,-14.27563,-47.60493,0.00000
16.170,-15.97318,-28.79914,18.80579
16.180,-16.90902,-20.05883,8.74030
16.190,-18.27031,-19.54407,0.51477
16.200,-20.67427,-24.49635,0.00000
16.210,-9.99031,-26.48963,10.68396
16.220,-8.07291,-26.51929,1.91740
16.230,-9.84185,-25.92187,0.59742
16.240,-10.85910,-25.05339,0.86847
16.250,-11.41726,-24.91231,0.14108
16.260,-12.52005,-25.53315,0.00000
16.270,-14.26233,-26.71074,0.00000
16.280,-14.44631,-26.72061,0.00000
16.290,-13.33726,-21.68231,6.14735
16.300,-9.77936,-18.71183,6.52837
16.310,-7.14249,-19.81682,2.63687
16.320,-6.18545,-22.82012,0.95704
16.330,-5.58777,-22.96614,0.59767
16.340,-5.13668,-24.37723,0.45110
16.350,-5.32080,-27.96297,0.00000
16.360,-4.92848,-32.91388,0.39231
16.370,-5.26166,-36.64204,0.00000
16.380,-6.17697,-31.64556,4.99648
16.390,-5.83395,-28.47003,3.51855
16.400,-6.22638,-22.93689,5.53314
16.410,-6.81176,-21.04102,1.89587
16.420,-7.46201,-21.76955,0.00000
16.430,-8.14535,-22.93229,0.00000
16.440,-9.00819,-24.57385,0.00000
16.450,-10.07782,-26.84589,0.00000
16.460,-10.62866,-30.18145,0.00000
16.470,-12.08882,-32.96840,0.00000
16.480,-14.12940,-34.52798,0.00000
16.490,-16.24280,-35.83454,0.00000
16.500,-16.72513,-36.16702,0.00000
16.510,-15.00984,-36.17134,1.71529
16.520,-13.97759,-36.31019,1.03225
16.530,-13.89413,-37.00609,0.08346
16.540,-14.58419,-38.41098,0.00000
16.550,-16.89155,-41.24777,0.00000
16.560,-19.71657,-44.07362,0.00000
16.570,-21.02423,-45.10466,0.00000
16.580,-23.53741,-46.52964,0.00000
16.590,-24.53013,-47.20808,0.00000
16.600,-12.49331,-30.37021,28.87470
16.610,-7.80045,-29.14038,5.92268
16.620,-5.57947,-30.69495,2.22098
16.630,-4.94227,-29.77039,1.56175
16.640,-5.40523,-30.61540,0.00000
16.650,-5.77571,-31.49930,0.00000
16.660,-5.29018,-31.06745,0.91738
16.670,-5.48398,-30.52266,0.54479
16.680,-6.46640,-30.27564,0.24701
16.690,-6.18123,-30.14748,0.41333
16.700,-5.92914,-30.02115,0.37842
16.710,-5.36456,-30.63253,0.56458
16.720,-6.02480,-31.35619,0.00000
16.730,-7.18811,-30.85865,0.49754
16.740,-6.28356,-30.08110,1.68210
16.750,-6.18335,-29.83197,0.34934
16.760,-5.62337,-29.73277,0.65919
16.770,-5.79589,-30.01840,0.00000
16.780,-6.71779,-30.55637,0.00000
16.790,-6.39315,-31.00610,0.32464
16.800,-6.15569,-31.27922,0.23746
16.810,-5.14048,-28.12571,4.16872
16.820,-5.98614,-25.47699,2.64872
16.830,-7.94774,-25.77259,0.00000
16.840,-5.88432,-28.46820,2.06343
16.850,-6.02971,-31.25755,0.00000
16.860,-5.48490,-33.96759,0.54480
16.870,-5.39995,-36.94822,0.08495
16.880,-7.52983,-38.63235,0.00000
16.890,-7.17530,-39.49779,0.35453
16.900,-7.93864,-40.93444,0.00000
16.910,-9.34333,-41.27351,0.00000
16.920,-8.31130,-41.53133,1.03203
16.930,-9.00398,-43.00227,0.00000
16.940,-10.04744,-42.95237,0.04991
16.950,-10.95166,-44.62717,0.00000
16.960,-12.85860,-42.97252,1.65465
16.970,-12.71635,-43.31401,0.14225
16.980,-12.93555,-42.89584,0.41817
16.990,-13.99020,-31.59661,11.29922
17.000,-14.07078,-23.26708,8.32953
17.010,-11.83207,-22.39376,3.11202
17.020,-11.01313,-25.05211,0.81895
17.030,-11.12278,-26.50404,0.00000
17.040,-11.69113,-28.79588,0.00000
17.050,-11.99982,-29.78402,0.00000
17.060,-11.98723,-29.57791,0.21870
17.070,-11.81399,-29.57326,0.17789
17.080,-11.77832,-29.46069,0.14824
17.090,-11.40946,-29.24556,0.58400
17.100,-11.15603,-29.58664,0.25342
17.110,-11.51405,-29.96123,0.00000
17.120,-11.86412,-29.87336,0.08787
17.130,-12.17687,-29.99196,0.00000
17.140,-12.36678,-29.92767,0.06429
17.150,-12.29849,-29.63030,0.36566
17.160,-12.07073,-29.24596,0.61210
17.170,-11.80137,-28.83388,0.68145
17.180,-11.48806,-28.89441,0.31331
17.190,-11.65206,-29.77677,0.00000
17.200,-9.07540,-30.38036,2.57666
17.210,-6.39496,-27.51061,5.55019
17.220,-6.35720,-25.41561,2.13276
17.230,-5.31886,-26.21333,1.03834
17.240,-5.16700,-29.08288,0.15186
17.250,-5.69382,-31.69535,0.00000
17.260,-5.09796,-34.30165,0.59585
17.270,-7.05767,-37.00706,0.00000
17.280,-7.79328,-38.66257,0.00000
17.290,-5.21917,-40.32715,2.57412
17.300,-4.88295,-41.50761,0.33622
17.310,-5.99849,-42.58051,0.00000
17.320,-6.84616,-43.31404,0.00000
17.330,-8.45606,-43.66898,0.00000
17.340,-10.46883,-44.04093,0.00000
17.350,-10.87080,-44.12941,0.00000
17.360,-11.24466,-45.09867,0.00000
17.370,-12.32361,-45.77639,0.00000
17.380,-12.77855,-24.94823,20.82816
17.390,-12.92643,-22.99009,1.95815
17.400,-11.71810,-24.83472,1.20833
17.410,-10.23548,-24.66524,1.65211
17.420,-10.06633,-24.78206,0.16915
17.430,-10.56962,-25.81911,0.00000
17.440,-10.84151,-25.41275,0.40636
17.450,-11.03971,-25.39571,0.01703
17.460,-11.41868,-25.80973,0.00000
17.470,-11.42342,-25.41242,0.39731
17.480,-11.08133,-25.13282,0.62169
17.490,-10.92284,-25.29716,0.15849
17.500,-10.80713,-25.31194,0.11570
17.510,-10.70283,-24.94032,0.47592
17.520,-11.01111,-24.38765,0.55268
17.530,-11.17024,-23.95248,0.43516
17.540,-11.40257,-24.56988,0.00000
17.550,-11.46842,-25.22569,0.00000
17.560,-11.46117,-25.04283,0.19011
17.570,-11.56457,-25.12325,0.00000
17.580,-11.01730,-25.33519,0.54727
17.590,-11.13101,-25.78390,0.00000
17.600,-9.43381,-25.42282,2.05829
17.610,-6.84286,-24.18804,3.82573
17.620,-5.85191,-23.28792,1.89107
17.630,-6.36286,-23.55434,0.00000
17.640,-5.29773,-25.13166,1.06513
17.650,-5.25967,-25.73301,0.03806
17.660,-5.74799,-25.50172,0.23129
17.670,-5.11006,-25.83269,0.63793
17.680,-5.91624,-25.55653,0.27616
17.690,-6.55026,-25.21301,0.34352
17.700,-7.92122,-25.17718,0.03583
17.710,-9.14515,-25.26715,0.00000
17.720,-8.42290,-25.11251,0.87688
17.730,-8.54679,-24.80897,0.30354
17.740,-9.29387,-24.82621,0.00000
17.750,-10.15219,-25.21078,0.00000
17.760,-11.27569,-25.11899,0.09179
17.770,-12.23752,-24.97523,0.14377
17.780,-12.57864,-25.34312,0.00000
17.790,-13.49250,-26.84798,0.00000
17.800,-13.94538,-29.92304,0.00000
17.810,-14.21606,-30.76549,0.00000
17.820,-13.34117,-28.16878,3.47160
17.830,-12.40960,-27.05266,2.04769
17.840,-11.97068,-27.27991,0.43892
17.850,-12.15221,-27.38656,0.00000
17.860,-12.52118,-27.71723,0.00000
17.870,-12.31618,-28.58839,0.20500
17.880,-12.89872,-29.56498,0.00000
17.890,-13.40471,-29.27025,0.29474
17.900,-10.30596,-28.76845,3.60054
17.910,-6.96428,-28.69843,3.41171
17.920,-5.77172,-29.42687,1.19256
17.930,-6.20843,-30.16201,0.00000
17.940,-5.63240,-30.73450,0.57603
17.950,-5.75052,-32.11848,0.00000
17.960,-6.20026,-34.14438,0.00000
17.970,-5.54397,-36.84092,0.65629
17.980,-5.56585,-39.17337,0.00000
17.990,-5.76602,-40.47974,0.00000
18.000,-7.04056,-35.57463,4.90510
18.010,-8.29062,-26.98027,8.59436
18.020,-9.26953,-23.83226,3.14801
18.030,-11.05607,-23.89808,0.00000
18.040,-11.71078,-24.96447,0.00000
18.050,-13.20634,-25.76428,0.00000
18.060,-15.50175,-26.33865,0.00000
18.070,-16.72251,-26.92618,0.00000
18.080,-19.03446,-27.66626,0.00000
18.090,-19.17390,-28.24081,0.00000
18.100,-18.55505,-29.81655,0.61886
18.110,-18.56481,-32.01719,0.00000
18.120,-18.15548,-34.55474,0.40933
18.130,-18.28094,-38.11622,0.00000
18.140,-18.78617,-40.67650,0.00000
18.150,-19.38668,-42.60508,0.00000
18.160,-19.13503,-43.48258,0.25165
18.170,-19.69658,-43.52226,0.00000
18.180,-19.64122,-43.75660,0.05536
18.190,-18.58799,-39.14985,5.65998
18.200,-11.38091,-32.95924,13.39769
18.210,-6.78242,-28.20061,9.35712
18.220,-5.19783,-26.39566,3.38954
18.230,-5.26120,-25.71628,0.67938
18.240,-5.17660,-26.11012,0.08460
18.250,-5.17077,-26.78086,0.00584
18.260,-5.23679,-27.08617,0.00000
18.270,-5.60190,-27.72905,0.00000
18.280,-5.79555,-27.51408,0.21497
18.290,-5.35087,-27.23064,0.72813
18.300,-6.00192,-27.40454,0.00000
18.310,-6.91163,-27.93398,0.00000
18.320,-7.72753,-28.51597,0.00000
18.330,-8.53791,-29.28817,0.00000
18.340,-9.41448,-30.90610,0.00000
18.350,-10.57324,-33.38931,0.00000
18.360,-10.58041,-33.41928,0.00000
18.370,-10.63941,-32.65977,0.75951
18.380,-11.15121,-32.01445,0.64532
18.390,-11.34517,-31.65066,0.36379
18.400,-9.05749,-30.01110,3.92723
18.410,-7.28309,-26.62952,5.15598
18.420,-6.53678,-25.07451,2.30132
18.430,-6.09372,-25.87019,0.44306
18.440,-5.60793,-27.99970,0.48580
18.450,-5.80292,-29.86823,0.00000
18.460,-5.59415,-31.39763,0.20877
18.470,-5.39737,-32.56120,0.19678
18.480,-5.95663,-32.77448,0.00000
18.490,-5.89770,-32.95873,0.05893
18.500,-6.31323,-32.92069,0.03803
18.510,-6.81325,-33.04674,0.00000
18.520,-7.43965,-33.29433,0.00000
18.530,-8.30718,-33.56508,0.00000
18.540,-9.26850,-34.06746,0.00000
18.550,-10.47536,-34.53715,0.00000
18.560,-11.13985,-34.85713,0.00000
18.570,-11.73996,-34.91297,0.00000
18.580,-12.60450,-35.01177,0.00000
18.590,-13.05671,-32.38853,2.62324
18.600,-14.00234,-31.12005,1.26848
18.610,-14.87038,-30.91755,0.20249
18.620,-14.88798,-30.15892,0.75864
18.630,-15.15965,-30.09364,0.06528
18.640,-15.61474,-30.28362,0.00000
18.650,-15.91023,-29.86886,0.41476
18.660,-15.51722,-29.44500,0.81686
18.670,-15.62477,-30.22809,0.00000
18.680,-16.68984,-31.44858,0.00000
18.690,-17.89730,-32.29699,0.00000
18.700,-19.16669,-34.34237,0.00000
18.710,-21.45066,-37.34416,0.00000
18.720,-22.31711,-37.84890,0.00000
18.730,-23.42993,-38.48847,0.00000
18.740,-24.53045,-39.83993,0.00000
18.750,-25.41015,-40.80333,0.00000
18.760,-27.38541,-42.64286,0.00000
18.770,-30.64437,-45.83085,0.00000
18.780,-32.64992,-47.98222,0.00000
18.790,-19.60048,-28.84265,32.18901
18.800,-10.49365,-23.70509,14.24439
18.810,-6.70104,-22.59596,4.90173
18.820,-5.75536,-23.35585,0.94568
18.830,-5.66961,-24.55990,0.08575
18.840,-5.41548,-26.07612,0.25413
18.850,-5.56731,-27.09769,0.00000
18.860,-5.20479,-28.04900,0.36252
18.870,-5.41989,-27.95511,0.09389
18.880,-6.09558,-27.46280,0.49231
18.890,-5.69377,-27.77267,0.40181
18.900,-5.97174,-27.67069,0.10198
18.910,-6.71605,-27.83760,0.00000
18.920,-7.59556,-28.11108,0.00000
18.930,-8.46894,-27.71022,0.40085
18.940,-9.06676,-27.14117,0.56905
18.950,-9.83686,-26.70536,0.43581
18.960,-10.28423,-26.17469,0.53067
18.970,-10.84778,-25.97626,0.19843
18.980,-11.68428,-26.09313,0.00000
18.990,-12.23074,-26.07949,0.01364
19.000,-12.58482,-26.27558,0.00000
19.010,-12.78670,-26.28231,0.00000
19.020,-12.87760,-26.25094,0.03137
19.030,-13.04020,-26.43562,0.00000
19.040,-13.21771,-26.55653,0.00000
19.050,-13.41924,-26.87687,0.00000
19.060,-13.54240,-27.11721,0.00000
19.070,-13.61425,-27.23532,0.00000
19.080,-14.06828,-27.70303,0.00000
19.090,-15.11577,-28.45379,0.00000
19.100,-16.27857,-28.83157,0.00000
19.110,-16.57468,-28.75438,0.07719
19.120,-16.22822,-28.41405,0.68679
19.130,-15.85410,-27.86558,0.92259
19.140,-15.53200,-27.50378,0.68390
19.150,-15.17811,-27.47509,0.38258
19.160,-14.32609,-27.62315,0.85201
19.170,-14.08130,-27.60483,0.26311
19.180,-14.66556,-27.23031,0.37452
19.190,-15.06608,-27.17707,0.05324
19.200,-10.83140,-26.42674,4.98501
19.210,-7.29967,-24.95952,4.99895
19.220,-5.70772,-23.83998,2.71149
19.230,-5.10139,-24.13680,0.60634
19.240,-5.26710,-25.85949,0.00000
19.250,-5.58033,-23.45690,2.40259
19.260,-4.97522,-21.10564,2.95637
19.270,-5.32213,-20.41215,0.69349
19.280,-6.46160,-21.33009,0.00000
19.290,-6.09173,-22.19320,0.36987
19.300,-6.15628,-19.95593,2.23727
19.310,-6.85790,-21.15322,0.00000
19.320,-7.85589,-29.68922,0.00000
19.330,-9.11359,-41.94252,0.00000
19.340,-10.38545,-42.73385,0.00000
19.350,-12.40157,-43.69183,0.00000
19.360,-14.09372,-44.73683,0.00000
19.370,-16.11394,-45.30909,0.00000
19.380,-20.31510,-45.16184,0.14725
19.390,-23.42980,-27.50199,17.65986
19.400,-20.62854,-23.32364,6.97961
19.410,-19.08318,-22.52445,2.34455
19.420,-14.36460,-23.08977,4.71858
19.430,-12.06329,-23.95261,2.30131
19.440,-12.38019,-25.08957,0.00000
19.450,-13.42575,-26.31597,0.00000
19.460,-12.97989,-27.00993,0.44587
19.470,-11.45955,-26.81720,1.71307
19.480,-11.84333,-26.90304,0.00000
19.490,-14.07812,-27.49217,0.00000
19.500,-10.23864,-27.41269,3.91896
19.510,-6.67575,-27.72898,3.56290
19.520,-5.71590,-28.12054,0.95985
19.530,-5.54092,-28.52395,0.17497
19.540,-5.16072,-29.46682,0.38020
19.550,-5.34096,-30.41925,0.00000
19.560,-5.17035,-31.77834,0.17061
19.570,-5.62613,-33.81023,0.00000
19.580,-6.37763,-34.66052,0.00000
19.590,-5.87746,-34.05352,1.10717
19.600,-6.27908,-32.75682,1.29670
19.610,-6.97695,-26.93542,5.82141
19.620,-7.81362,-24.16901,2.76640
19.630,-8.86759,-24.18859,0.00000
19.640,-9.78220,-25.22423,0.00000
19.650,-11.42252,-26.33144,0.00000
19.660,-13.00179,-28.51774,0.00000
19.670,-14.25360,-32.40797,0.00000
19.680,-15.79685,-35.12162,0.00000
19.690,-17.51159,-36.92710,0.00000
19.700,-19.89291,-39.46861,0.00000
19.710,-22.76635,-40.80214,0.00000
19.720,-23.45572,-41.67959,0.00000
19.730,-24.54387,-42.85169,0.00000
19.740,-27.66567,-44.39955,0.00000
19.750,-28.75028,-45.52342,0.00000
19.760,-27.79373,-46.13681,0.95655
19.770,-29.10357,-47.08370,0.00000
19.780,-32.97419,-48.50152,0.00000
19.790,-35.83602,-49.30391,0.00000
19.800,-10.86863,-26.65574,47.61557
19.810,-6.83317,-23.37767,7.31354
19.820,-5.75496,-24.11408,1.07821
19.830,-5.37681,-26.29704,0.37815
19.840,-5.12544,-28.89645,0.25137
19.850,-5.39597,-30.47417,0.00000
19.860,-5.17935,-29.89105,0.79973
19.870,-5.49822,-29.79123,0.09983
19.880,-6.15916,-29.54117,0.25005
19.890,-5.72245,-29.20745,0.77042
19.900,-6.11003,-29.41667,0.00000
19.910,-5.42695,-30.00255,0.68308
19.920,-5.79100,-30.47295,0.00000
19.930,-7.11018,-30.83504,0.00000
19.940,-6.13720,-30.83725,0.97297
19.950,-5.88104,-30.77029,0.32312
19.960,-5.61769,-30.59031,0.44333
19.970,-6.03495,-30.51814,0.07217
19.980,-6.61621,-30.80921,0.00000
19.990,-6.08221,-31.05970,0.53400
20.000,-6.19462,-30.37008,0.68962
20.010,-5.44410,-27.33697,3.78363
20.020,-5.53252,-25.22706,2.10991
20.030,-6.03386,-25.99470,0.00000
20.040,-5.69555,-28.69614,0.33832
20.050,-6.09364,-30.49107,0.00000
20.060,-4.76692,-32.67309,1.32672
20.070,-5.23241,-34.79160,0.00000
20.080,-6.06397,-35.23406,0.00000
20.090,-5.18324,-36.09614,0.88073
20.100,-6.50437,-36.18668,0.00000
20.110,-7.25607,-36.08330,0.10337
20.120,-7.78717,-35.82041,0.26289
20.130,-9.29570,-35.28502,0.53539
20.140,-10.47854,-34.78187,0.50315
20.150,-10.97924,-34.40521,0.37666
20.160,-10.64600,-34.40998,0.33324
20.170,-11.41498,-34.20703,0.20294
20.180,-10.72067,-33.81433,1.08700
20.190,-9.73369,-33.83293,0.98698
20.200,-10.14772,-33.59779,0.23514
20.210,-9.88376,-33.47906,0.38269
20.220,-10.30439,-33.83467,0.00000
20.230,-10.92005,-33.53443,0.30024
20.240,-9.96469,-29.41564,5.07414
20.250,-10.37738,-26.24974,3.16591
20.260,-11.11980,-25.35827,0.89147
20.270,-11.04575,-26.40239,0.07405
20.280,-10.99317,-26.80823,0.05258
20.290,-10.39764,-26.63734,0.76641
20.300,-10.40970,-27.55808,0.00000
20.310,-10.77549,-28.09487,0.00000
20.320,-10.98110,-28.86546,0.00000
20.330,-11.86929,-29.49959,0.00000
20.340,-11.29001,-29.54544,0.57928
20.350,-11.38950,-29.39839,0.14706
20.360,-12.47132,-29.45294,0.00000
20.370,-11.30682,-29.75484,1.16449
20.380,-10.90027,-29.45300,0.70839
20.390,-10.43265,-29.11568,0.80495
20.400,-9.12203,-27.53820,2.88809
20.410,-6.71370,-25.47285,4.47368
20.420,-5.91950,-24.53549,1.73156
20.430,-6.10394,-25.38644,0.00000
20.440,-4.83701,-27.73191,1.26693
20.450,-4.71190,-29.93022,0.12511
20.460,-5.35666,-32.63705,0.00000
20.470,-4.92666,-35.35834,0.42999
20.480,-5.46164,-36.04889,0.00000
20.490,-7.22290,-37.19421,0.00000
20.500,-8.89519,-38.73509,0.00000
20.510,-7.84810,-39.13345,1.04708
20.520,-6.20398,-39.97064,1.64413
20.530,-7.32079,-40.06613,0.00000
20.540,-9.25799,-40.20018,0.00000
20.550,-8.58732,-41.94564,0.67067
20.560,-9.51627,-41.32112,0.62452
20.570,-11.31139,-39.10568,2.21544
20.580,-12.64757,-37.43627,1.66940
20.590,-15.09900,-28.30118,9.13509
20.600,-12.98012,-25.09252,5.32755
20.610,-13.32676,-26.26081,0.00000
20.620,-12.64064,-27.23295,0.68612
20.630,-10.81173,-25.95741,3.10445
20.640,-10.74911,-25.11596,0.90407
20.650,-10.53367,-25.12429,0.21544
20.660,-10.70558,-26.21216,0.00000
20.670,-10.39984,-26.51068,0.30573
20.680,-10.47295,-26.75691,0.00000
20.690,-11.30389,-26.99523,0.00000
20.700,-11.06612,-27.65595,0.23777
20.710,-11.85607,-28.52402,0.00000
20.720,-13.13353,-28.08151,0.44251
20.730,-12.44082,-27.89245,0.88177
20.740,-12.49098,-27.64386,0.24859
20.750,-11.99036,-27.51716,0.62732
20.760,-11.82105,-27.65739,0.16931
20.770,-12.48574,-28.15050,0.00000
20.780,-11.39033,-28.75975,1.09541
20.790,-11.65021,-28.41990,0.33985
20.800,-9.62796,-27.22456,3.21759
20.810,-6.73722,-25.40905,4.70624
20.820,-6.09649,-24.16801,1.88177
20.830,-6.38668,-24.42795,0.00000
20.840,-5.89367,-25.77199,0.49301
20.850,-4.79700,-27.82766,1.09666
20.860,-4.17066,-31.21640,0.62634
20.870,-5.48099,-33.54579,0.00000
20.880,-7.30179,-35.38600,0.00000
20.890,-6.50249,-37.68293,0.79930
20.900,-5.92720,-38.44057,0.57529
20.910,-5.82449,-38.40294,0.14033
20.920,-7.38258,-38.89896,0.00000
20.930,-11.21121,-41.01477,0.00000
20.940,-12.60934,-43.27433,0.00000
20.950,-13.36878,-43.24146,0.03287
20.960,-17.23292,-42.49536,0.74611
20.970,-19.06421,-40.85597,1.63938
20.980,-15.56584,-37.17179,7.18256
20.990,-13.10579,-34.35393,5.27791
21.000,-10.99503,-33.36299,3.10170
21.010,-9.92966,-34.26768,1.06537
21.020,-10.16099,-35.39604,0.00000
21.030,-10.79030,-32.99444,2.40160
21.040,-10.62374,-27.36188,5.79913
21.050,-10.47673,-25.64778,1.86111
21.060,-11.08094,-26.18532,0.00000
21.070,-11.74457,-26.57217,0.00000
21.080,-11.86196,-26.86465,0.00000
21.090,-11.41809,-27.03687,0.44387
21.100,-8.31233,-27.16324,3.10576
21.110,-6.69995,-27.69545,1.61238
21.120,-6.20855,-28.61998,0.49139
21.130,-5.69655,-29.00347,0.51200
21.140,-6.19024,-29.19770,0.00000
21.150,-6.40715,-29.58692,0.00000
21.160,-6.11753,-29.96925,0.28962
21.170,-6.64923,-29.83669,0.13256
21.180,-6.47208,-29.55881,0.45502
21.190,-5.25838,-29.45214,1.32037
21.200,-5.59236,-28.75393,0.69821
21.210,-7.29462,-25.15231,3.60162
21.220,-8.58287,-23.08912,2.06319
21.230,-8.92731,-23.66374,0.00000
21.240,-9.88688,-25.70496,0.00000
21.250,-12.24490,-27.91683,0.00000
21.260,-13.12409,-30.61676,0.00000
21.270,-14.07784,-34.04483,0.00000
21.280,-17.06316,-36.16503,0.00000
21.290,-18.30837,-36.46424,0.00000
21.300,-18.70386,-36.45359,0.01065
21.310,-20.47788,-37.88564,0.00000
21.320,-20.26937,-40.33373,0.20852
21.330,-21.62865,-38.21030,2.12343
21.340,-20.97630,-37.84543,1.01721
21.350,-21.12101,-37.52281,0.32262
21.360,-22.21056,-33.71192,3.81089
21.370,-19.33766,-29.30335,7.28146
21.380,-16.19274,-24.54318,7.90510
21.390,-13.48606,-23.53809,3.71176
21.400,-9.85587,-24.36671,3.63019
21.410,-6.50361,-24.39041,3.35227
21.420,-4.95753,-25.06096,1.54608
21.430,-5.15694,-26.71638,0.00000
21.440,-5.28796,-28.37199,0.00000
21.450,-5.56728,-28.71900,0.00000
21.460,-5.65486,-27.37007,1.34892
21.470,-5.44544,-27.62115,0.20941
21.480,-6.03418,-29.61174,0.00000
21.490,-6.34174,-29.71735,0.00000
21.500,-6.87369,-29.92209,0.00000
21.510,-7.18033,-29.89427,0.02782
21.520,-7.56368,-29.55739,0.33688
21.530,-8.54720,-29.24726,0.31013
21.540,-9.61959,-28.75761,0.48965
21.550,-10.58214,-28.00043,0.75718
21.560,-11.29134,-27.86084,0.13958
21.570,-12.44585,-27.86643,0.00000
21.580,-13.85941,-27.27248,0.59395
21.590,-14.79687,-26.32164,0.95084
21.600,-11.51882,-25.32700,4.27269
21.610,-7.72697,-24.61391,4.50494
21.620,-6.16971,-24.31742,1.85375
21.630,-5.63215,-25.31091,0.53755
21.640,-5.55229,-27.92745,0.07986
21.650,-6.02865,-30.82651,0.00000
21.660,-5.47538,-33.15830,0.55327
21.670,-5.53178,-35.51508,0.00000
21.680,-6.61317,-36.92338,0.00000
21.690,-6.43381,-38.42695,0.17936
21.700,-6.42471,-39.96064,0.00910
21.710,-6.95644,-42.02469,0.00000
21.720,-7.90098,-43.58015,0.00000
21.730,-8.98440,-45.47231,0.00000
21.740,-10.15353,-46.58502,0.00000
21.750,-12.36060,-46.95770,0.00000
21.760,-14.02793,-46.34267,0.61503
21.770,-15.39871,-42.75049,3.59218
21.780,-17.59031,-40.09052,2.65997
21.790,-20.19386,-40.19294,0.00000
21.800,-17.69607,-40.61142,2.49779
21.810,-15.01089,-40.02534,3.27126
21.820,-13.94135,-36.25797,4.83691
21.830,-13.41178,-30.20037,6.58717
21.840,-13.63685,-27.66356,2.53680
21.850,-14.00062,-26.97467,0.68890
21.860,-14.01465,-26.86779,0.10687
21.870,-13.98382,-26.74948,0.14914
21.880,-14.01760,-26.87035,0.00000
21.890,-13.73304,-27.12340,0.28456
21.900,-13.29094,-27.37093,0.44211
21.910,-13.37945,-27.47480,0.00000
21.920,-13.81283,-27.37588,0.09893
21.930,-14.06839,-28.16870,0.00000
21.940,-13.92845,-28.38909,0.13994
21.950,-13.94163,-28.23080,0.15829
21.960,-14.19488,-28.72052,0.00000
21.970,-14.18362,-28.99750,0.01126
21.980,-14.11914,-29.76007,0.06449
21.990,-14.39448,-31.53562,0.00000
22.000,-9.55235,-30.14491,6.23285
22.010,-6.70094,-25.32493,7.67138
22.020,-6.13162,-21.92325,3.97101
22.030,-5.73615,-20.60813,1.71058
22.040,-5.21002,-20.93757,0.52613
22.050,-5.40954,-21.83794,0.00000
22.060,-5.24511,-22.78608,0.16443
22.070,-5.60811,-23.26711,0.00000
22.080,-6.34984,-23.24984,0.01726
22.090,-5.88270,-23.16420,0.55278
22.100,-6.29997,-22.45175,0.71245
22.110,-7.09020,-22.29828,0.15347
22.120,-8.06455,-22.26906,0.02921
22.130,-9.21346,-21.92740,0.34167
22.140,-10.36445,-21.32853,0.59887
22.150,-12.24111,-20.25928,1.06925
22.160,-13.67131,-19.95098,0.30830
22.170,-15.35766,-20.29207,0.00000
22.180,-18.62011,-21.10235,0.00000
22.190,-23.15563,-22.73920,0.00000
22.200,-24.32413,-25.16043,0.00000
22.210,-18.66839,-28.69124,5.65574
22.220,-14.40147,-30.92235,4.26692
22.230,-12.92057,-31.18995,1.48089
22.240,-12.80625,-31.06186,0.24240
22.250,-12.89658,-30.42756,0.63430
22.260,-13.48567,-30.70383,0.00000
22.270,-13.86247,-31.25871,0.00000
22.280,-13.93928,-31.26160,0.00000
22.290,-14.63685,-31.82849,0.00000
22.300,-14.57321,-32.47281,0.06364
22.310,-14.30854,-32.53489,0.26467
22.320,-14.54923,-32.28640,0.24848
22.330,-14.29488,-32.30450,0.25435
22.340,-14.27628,-32.33524,0.01860
22.350,-14.65182,-32.15621,0.17902
22.360,-14.63447,-32.72678,0.01735
22.370,-14.71724,-32.93589,0.00000
22.380,-14.79728,-32.63459,0.30130
22.390,-14.79330,-32.70800,0.00399
22.400,-11.57320,-30.33105,5.59704
22.410,-7.17149,-26.28008,8.45268
22.420,-5.77420,-24.63756,3.03982
22.430,-5.71030,-25.62175,0.06389
22.440,-5.30691,-28.07381,0.40339
22.450,-5.71602,-29.99034,0.00000
22.460,-5.38423,-31.39976,0.33179
22.470,-5.51092,-32.83635,0.00000
22.480,-6.58920,-33.46669,0.00000
22.490,-6.02807,-33.15994,0.86788
22.500,-6.01476,-32.85643,0.31682
22.510,-6.72762,-32.83552,0.02091
22.520,-7.73335,-32.56685,0.26866
22.530,-8.79636,-32.02550,0.54135
22.540,-9.54558,-31.91790,0.10760
22.550,-10.67912,-31.95024,0.00000
22.560,-11.60460,-31.27443,0.67581
22.570,-12.78051,-30.84772,0.42671
22.580,-14.54857,-30.96428,0.00000
22.590,-15.29327,-30.46957,0.49471
22.600,-15.11395,-30.85384,0.17932
22.610,-15.16447,-31.91329,0.00000
22.620,-14.93536,-31.95539,0.22911
22.630,-14.99073,-32.63435,0.00000
22.640,-14.59041,-33.32413,0.40032
22.650,-14.18815,-33.94682,0.40226
22.660,-14.64348,-34.87716,0.00000
22.670,-14.36329,-34.18390,0.97345
22.680,-13.62088,-33.46708,1.45923
22.690,-13.35500,-33.01775,0.71521
22.700,-11.76508,-32.32849,2.27918
22.710,-7.40676,-32.20335,4.48347
22.720,-5.49406,-33.07441,1.91270
22.730,-5.18101,-34.16981,0.31305
22.740,-5.12944,-34.67710,0.05157
22.750,-5.33011,-34.37355,0.30355
22.760,-4.81818,-34.20098,0.68450
22.770,-5.18998,-34.33341,0.00000
22.780,-6.30656,-34.25159,0.08182
22.790,-5.83787,-34.08071,0.63956
22.800,-5.99956,-32.22357,1.85714
22.810,-6.63923,-26.71787,5.50569
22.820,-7.27598,-23.90109,2.81679
22.830,-8.55349,-24.20079,0.00000
22.840,-9.62154,-26.13180,0.00000
22.850,-11.12360,-27.61789,0.00000
22.860,-11.91776,-28.39299,0.00000
22.870,-12.65514,-29.04253,0.00000
22.880,-14.22250,-29.18455,0.00000
22.890,-15.04834,-29.01542,0.16913
22.900,-15.32032,-29.52917,0.00000
22.910,-15.35916,-29.84979,0.00000
22.920,-15.57502,-29.76628,0.08350
22.930,-15.70736,-29.53509,0.23119
22.940,-15.43612,-29.76966,0.27124
22.950,-15.13741,-30.06446,0.29871
22.960,-14.91290,-29.03577,1.25320
22.970,-14.32552,-28.43540,1.18775
22.980,-13.64269,-28.67609,0.68283
22.990,-12.82680,-28.50923,0.98275
23.000,-9.19684,-28.03274,4.10644
23.010,-6.80438,-28.02353,2.40168
23.020,-6.13316,-28.81773,0.67122
23.030,-5.75830,-29.93963,0.37486
23.040,-5.41787,-29.92949,0.35057
23.050,-5.68518,-29.66405,0.26544
23.060,-5.23567,-30.21002,0.44951
23.070,-5.44188,-30.68302,0.00000
23.080,-6.39161,-30.51794,0.16509
23.090,-5.93557,-30.21187,0.76210
23.100,-6.03548,-29.57566,0.63621
23.110,-5.54647,-30.15848,0.48901
23.120,-6.02033,-30.91473,0.00000
23.130,-7.11390,-30.29635,0.61838
23.140,-6.22809,-30.20559,0.97657
23.150,-6.15512,-29.85358,0.42497
23.160,-5.70320,-29.58938,0.71612
23.170,-5.83829,-29.76385,0.00000
23.180,-6.58300,-30.24153,0.00000
23.190,-6.22703,-30.12640,0.47110
23.200,-6.13695,-29.07644,1.14005
23.210,-4.64695,-27.44280,3.12364
23.220,-5.78023,-25.02357,2.41923
23.230,-8.77757,-24.73840,0.28517
23.240,-5.85682,-26.57461,2.92075
23.250,-4.83414,-27.77133,1.02268
23.260,-5.84739,-28.30613,0.00000
23.270,-8.22084,-28.75381,0.00000
23.280,-7.73097,-29.10322,0.48987
23.290,-5.00014,-28.75977,3.07428
23.300,-5.99593,-28.25397,0.50580
23.310,-8.73044,-28.53955,0.00000
23.320,-6.80667,-28.14613,2.31719
23.330,-8.07634,-27.86646,0.27967
23.340,-9.27375,-28.13038,0.00000
23.350,-8.50252,-27.98219,0.91942
23.360,-10.08227,-27.85720,0.12499
23.370,-9.51540,-27.96091,0.56687
23.380,-9.38729,-28.07424,0.12812
23.390,-10.39643,-27.87921,0.19503
23.400,-10.79501,-27.72382,0.15539
23.410,-10.50039,-27.78393,0.29463
23.420,-10.19160,-27.68668,0.40603
23.430,-10.35994,-27.48300,0.20368
23.440,-10.95021,-27.60288,0.00000
23.450,-10.79108,-27.35533,0.40667
23.460,-10.58058,-26.99222,0.57361
23.470,-11.13132,-27.40680,0.00000
23.480,-11.22918,-27.73402,0.00000
23.490,-10.71021,-27.76757,0.51896
23.500,-10.44456,-27.63057,0.40266
23.510,-9.97191,-27.91051,0.47264
23.520,-9.81176,-28.70971,0.16015
23.530,-9.85066,-28.89778,0.00000
23.540,-9.98478,-29.48535,0.00000
23.550,-10.21505,-29.07836,0.40699
23.560,-10.26363,-28.19443,0.88393
23.570,-10.65509,-28.20168,0.00000
23.580,-11.49200,-28.14092,0.06076
23.590,-11.69151,-28.47936,0.00000
23.600,-10.79556,-28.03509,1.34022
23.610,-6.98891,-25.48478,6.35697
23.620,-6.28305,-24.02342,2.16721
23.630,-6.55659,-24.57550,0.00000
23.640,-4.83604,-26.41081,1.72054
23.650,-4.48132,-27.68219,0.35472
23.660,-5.00260,-27.81274,0.00000
23.670,-6.67627,-28.05915,0.00000
23.680,-7.49280,-28.75289,0.00000
23.690,-5.17955,-29.40393,2.31325
23.700,-5.69980,-29.12606,0.27787
23.710,-7.56886,-28.90939,0.21667
23.720,-6.60819,-29.03264,0.96068
23.730,-8.14180,-29.11199,0.00000
23.740,-10.42252,-29.39877,0.00000
23.750,-10.14890,-29.90598,0.27361
23.760,-11.78750,-30.21976,0.00000
23.770,-12.68311,-30.28171,0.00000
23.780,-13.95845,-31.00277,0.00000
23.790,-15.32270,-31.98765,0.00000
23.800,-14.73371,-31.89059,0.68604
23.810,-14.45698,-31.95528,0.27674
23.820,-14.71627,-32.44336,0.00000
23.830,-14.69791,-32.23731,0.22441
23.840,-14.89891,-32.32280,0.00000
23.850,-15.52154,-32.67137,0.00000
23.860,-15.68462,-33.11719,0.00000
23.870,-15.67445,-33.71208,0.01017
23.880,-15.45378,-33.63460,0.29816
23.890,-16.17190,-34.05629,0.00000
23.900,-17.80819,-34.79988,0.00000
23.910,-18.15955,-35.41062,0.00000
23.920,-17.71089,-35.74215,0.44866
23.930,-17.06556,-35.86159,0.64533
23.940,-17.43452,-36.41562,0.00000
23.950,-18.08150,-36.97130,0.00000
23.960,-18.05438,-37.25437,0.02713
23.970,-18.50124,-36.42580,0.82857
23.980,-18.79624,-36.07014,0.35566
23.990,-18.96895,-35.73115,0.33899
24.000,-11.53935,-31.11684,12.04391
24.010,-7.08451,-26.44347,9.12821
24.020,-5.68541,-24.69238,3.15020
24.030,-5.34341,-25.39527,0.34200
24.040,-5.06579,-27.64714,0.27762
24.050,-5.26196,-29.96051,0.00000
24.060,-4.99599,-31.49036,0.26597
24.070,-5.38896,-32.57165,0.00000
24.080,-6.46842,-32.89522,0.00000
24.090,-6.02570,-33.27535,0.44272
24.100,-6.25337,-33.90274,0.00000
24.110,-7.18106,-34.19244,0.00000
24.120,-7.94324,-33.26964,0.92279
24.130,-8.89379,-33.51306,0.00000
24.140,-10.15210,-34.45805,0.00000
24.150,-11.93096,-33.76962,0.68843
24.160,-13.55352,-33.54761,0.22201
24.170,-15.88019,-34.15999,0.00000
24.180,-19.46494,-34.21304,0.00000
24.190,-24.15333,-34.16396,0.04908
24.200,-25.41469,-34.75634,0.00000
24.210,-25.10575,-34.93025,0.30894
24.220,-23.81908,-34.03717,2.17975
24.230,-22.96288,-33.67523,1.21813
24.240,-22.89226,-34.13289,0.07062
24.250,-23.13620,-33.83803,0.29485
24.260,-24.02553,-32.97989,0.85814
24.270,-24.66007,-33.09131,0.00000
24.280,-24.96568,-33.73074,0.00000
24.290,-25.39314,-33.42439,0.30635
24.300,-11.59331,-31.22298,16.00125
24.310,-6.83378,-31.10280,4.87971
24.320,-5.55631,-33.25030,1.27747
24.330,-5.47349,-34.18488,0.08282
24.340,-5.28488,-34.35935,0.18861
24.350,-5.36603,-34.74637,0.00000
24.360,-5.04005,-35.09678,0.32598
24.370,-5.54094,-34.71362,0.38317
24.380,-6.29281,-34.38268,0.33094
24.390,-5.76036,-34.20449,0.71064
24.400,-6.16512,-32.43634,1.76815
24.410,-6.87182,-26.69623,5.74012
24.420,-7.76549,-23.70973,2.98650
24.430,-9.02969,-23.95393,0.00000
24.440,-10.39908,-26.04106,0.00000
24.450,-12.45200,-27.95328,0.00000
24.460,-14.09714,-29.72241,0.00000
24.470,-16.04515,-31.24623,0.00000
24.480,-19.35923,-32.10520,0.00000
24.490,-23.43904,-32.19444,0.00000
24.500,-23.68991,-31.97748,0.21696
24.510,-23.85704,-32.50437,0.00000
24.520,-24.11240,-32.37885,0.12552
24.530,-23.77217,-31.90045,0.81863
24.540,-24.26014,-31.51650,0.38395
24.550,-24.98053,-31.05286,0.46364
24.560,-26.28605,-32.06239,0.00000
24.570,-26.98377,-32.49483,0.00000
24.580,-26.22503,-32.25395,0.99962
24.590,-24.69217,-32.81572,1.53285
24.600,-10.96172,-31.83662,14.70955
24.610,-6.56318,-31.98614,4.39854
24.620,-5.50826,-33.59961,1.05492
24.630,-5.50293,-34.28743,0.00533
24.640,-5.24541,-34.40184,0.25752
24.650,-5.36628,-34.00316,0.39868
24.660,-5.02702,-34.58982,0.33925
24.670,-5.32500,-35.54400,0.00000
24.680,-6.16416,-35.35557,0.18843
24.690,-5.83414,-34.68916,0.99644
24.700,-6.31201,-34.40607,0.28309
24.710,-7.07747,-34.51286,0.00000
24.720,-7.98707,-34.50268,0.01018
24.730,-9.18774,-34.44413,0.05855
24.740,-10.37492,-34.42457,0.01957
24.750,-12.31160,-34.72603,0.00000
24.760,-13.88472,-35.15487,0.00000
24.770,-15.61195,-34.55396,0.60091
24.780,-18.48526,-34.13881,0.41515
24.790,-20.58303,-34.28128,0.00000
24.800,-10.82362,-30.65334,13.38736
24.810,-6.97285,-26.61797,7.88614
24.820,-6.07435,-24.92967,2.58680
24.830,-5.82236,-25.65084,0.25199
24.840,-5.52028,-27.91972,0.30208
24.850,-5.73522,-30.06103,0.00000
24.860,-5.38246,-32.01309,0.35277
24.870,-5.81830,-33.79502,0.00000
24.880,-6.73333,-34.34177,0.00000
24.890,-6.06467,-34.32192,0.68850
24.900,-6.31073,-34.71517,0.00000
24.910,-7.00536,-34.66426,0.05091
24.920,-7.98270,-34.42866,0.23561
24.930,-9.33709,-34.72032,0.00000
24.940,-10.36457,-34.60593,0.11439
24.950,-11.90238,-34.61758,0.00000
24.960,-13.27212,-35.37644,0.00000
24.970,-15.13304,-35.42484,0.00000
24.980,-18.39961,-34.89566,0.52918
24.990,-21.58497,-34.22775,0.66791
25.000,-21.81570,-33.90554,0.32221
25.010,-21.63979,-34.28078,0.17591
25.020,-21.13806,-34.43247,0.50173
25.030,-21.07889,-34.57857,0.05917
25.040,-21.32221,-34.69982,0.00000
25.050,-21.73808,-34.41829,0.28153
25.060,-22.49363,-34.05433,0.36396
25.070,-23.19411,-33.91214,0.14219
25.080,-23.37930,-33.99578,0.00000
25.090,-23.54437,-33.90881,0.08697
25.100,-23.61543,-34.25289,0.00000
25.110,-24.06527,-34.44379,0.00000
25.120,-25.20491,-34.44344,0.00035
25.130,-25.21231,-33.99205,0.45139
25.140,-23.94291,-33.51081,1.75063
25.150,-21.48150,-33.38399,2.58824
25.160,-19.55001,-33.65491,1.93149
25.170,-18.47425,-34.60636,1.07576
25.180,-17.68929,-34.61453,0.78496
25.190,-17.88151,-35.21228,0.00000
25.200,-18.70915,-30.52159,4.69069
25.210,-12.67194,-27.42769,9.13111
25.220,-8.26598,-27.63415,4.40596
25.230,-7.31539,-29.07781,0.95059
25.240,-8.17077,-29.77720,0.00000
25.250,-9.03107,-30.53507,0.00000
25.260,-9.58680,-31.25661,0.00000
25.270,-10.03987,-31.38468,0.00000
25.280,-10.62515,-32.04633,0.00000
25.290,-11.01788,-32.48500,0.00000
25.300,-11.00967,-32.24687,0.24634
25.310,-10.56890,-32.56932,0.44078
25.320,-9.95332,-32.34331,0.84158
25.330,-9.52860,-31.90102,0.86701
25.340,-9.34892,-31.65312,0.42758
25.350,-9.33897,-31.62908,0.03399
25.360,-9.46348,-32.13248,0.00000
25.370,-9.53748,-32.34313,0.00000
25.380,-9.52925,-32.34756,0.00823
25.390,-9.50381,-32.68000,0.02544
25.400,-9.48982,-32.91937,0.01398
25.410,-9.50266,-32.96101,0.00000
25.420,-9.68966,-33.20150,0.00000
25.430,-10.20873,-33.79657,0.00000
25.440,-10.96234,-34.63517,0.00000
25.450,-11.68796,-35.18089,0.00000
25.460,-12.72974,-35.13589,0.04500
25.470,-13.68047,-34.95508,0.18081
25.480,-12.84588,-35.33536,0.83460
25.490,-11.71725,-35.59401,1.12863
25.500,-12.15693,-34.36630,1.22772
25.510,-12.95188,-32.76934,1.59696
25.520,-13.72935,-33.08009,0.00000
25.530,-15.81726,-35.12754,0.00000
25.540,-17.91046,-36.54660,0.00000
25.550,-19.58354,-35.60673,0.93987
25.560,-19.92746,-33.78597,1.82077
25.570,-21.53325,-34.18324,0.00000
25.580,-24.05778,-36.23795,0.00000
25.590,-24.45757,-37.03401,0.00000
25.600,-24.64255,-36.74868,0.28533
25.610,-23.16000,-34.61229,3.61894
25.620,-22.80719,-32.99075,1.97435
25.630,-22.98663,-31.43796,1.55279
25.640,-23.07082,-30.04626,1.39170
25.650,-22.65032,-29.42408,1.04268
25.660,-22.01317,-29.88111,0.63716
25.670,-21.73024,-30.67237,0.28292
25.680,-22.04177,-30.80807,0.00000
25.690,-22.73673,-31.19577,0.00000
25.700,-21.51048,-31.04813,1.37389
25.710,-20.15730,-30.63052,1.77078
25.720,-20.07543,-31.43924,0.08187
25.730,-20.71771,-32.86741,0.00000
25.740,-21.65292,-33.80379,0.00000
25.750,-20.67166,-32.68453,2.10052
25.760,-19.55495,-30.97513,2.82611
25.770,-19.57768,-31.01351,0.00000
25.780,-20.35036,-31.89002,0.00000
25.790,-19.91185,-32.43619,0.43851
25.800,-11.64377,-31.76888,8.93539
25.810,-8.94259,-30.20244,4.26762
25.820,-9.02382,-29.48687,0.71557
25.830,-9.38150,-29.21907,0.26780
25.840,-9.44498,-28.37429,0.84478
25.850,-10.04817,-27.88573,0.48856
25.860,-11.14720,-28.02540,0.00000
25.870,-11.08546,-28.01395,0.07319
25.880,-10.29958,-27.98522,0.81461
25.890,-10.03863,-28.42783,0.26095
25.900,-10.17157,-27.31701,1.11082
25.910,-7.88316,-27.50450,2.28841
25.920,-6.73240,-29.79740,1.15076
25.930,-6.73370,-31.30134,0.00000
25.940,-5.96560,-32.67667,0.76810
25.950,-5.26384,-32.68404,0.70176
25.960,-5.87153,-32.61114,0.07290
25.970,-6.76867,-32.48705,0.12409
25.980,-7.18551,-32.48627,0.00078
25.990,-7.76860,-32.22398,0.26229
26.000,-8.09238,-25.85864,6.36534
26.010,-7.71915,-25.62751,0.60437
26.020,-7.91036,-30.98066,0.00000
26.030,-8.47329,-31.25485,0.00000
26.040,-7.58943,-30.25517,1.88353
26.050,-6.63074,-29.55955,1.65432
26.060,-6.77143,-28.42146,1.13809
26.070,-7.52008,-27.59633,0.82513
26.080,-7.84812,-27.70206,0.00000
26.090,-8.34604,-28.04856,0.00000
26.100,-8.37398,-28.36378,0.00000
26.110,-7.57757,-28.63831,0.79642
26.120,-7.94555,-28.61779,0.02052
26.130,-8.24223,-29.02840,0.00000
26.140,-7.40281,-29.65102,0.83942
26.150,-6.68365,-29.87577,0.71916
26.160,-6.87249,-30.55621,0.00000
26.170,-7.73643,-30.67017,0.00000
26.180,-8.01893,-30.65183,0.01834
26.190,-8.37800,-31.30839,0.00000
26.200,-8.07953,-28.79807,2.80880
26.210,-7.33873,-28.16712,1.37175
26.220,-7.83633,-29.62321,0.00000
26.230,-8.12831,-30.13585,0.00000
26.240,-7.11199,-30.48311,1.01632
26.250,-6.37172,-29.95775,1.26562
26.260,-6.35479,-29.26848,0.70620
26.270,-7.15612,-28.67928,0.58920
26.280,-7.88987,-29.03222,0.00000
26.290,-8.28117,-28.80406,0.22816
26.300,-8.27564,-28.04214,0.76745
26.310,-7.65104,-28.30694,0.62460
26.320,-7.96464,-28.48704,0.00000
26.330,-8.14826,-28.06133,0.42571
26.340,-7.18515,-27.90197,1.12248
26.350,-6.45673,-28.38020,0.72842
26.360,-6.63010,-28.78123,0.00000
26.370,-7.52830,-28.99311,0.00000
26.380,-8.05631,-28.99118,0.00193
26.390,-8.52771,-29.25030,0.00000
26.400,-8.04946,-25.59229,4.13626
26.410,-7.85788,-23.07919,2.70468
26.420,-7.04656,-21.99515,1.89536
26.430,-5.17511,-22.40720,1.87145
26.440,-5.40305,-24.45301,0.00000
26.450,-5.38240,-25.57146,0.02065
26.460,-5.60230,-25.69027,0.00000
26.470,-5.99470,-25.32957,0.36070
26.480,-5.68068,-26.28722,0.31403
26.490,-5.86112,-30.36175,0.00000
26.500,-4.84050,-32.78339,1.02062
26.510,-4.91756,-31.84756,0.93583
26.520,-5.41770,-35.43744,0.00000
26.530,-5.02802,-40.57447,0.38967
26.540,-4.49953,-41.21472,0.52849
26.550,-5.47761,-39.89785,1.31686
26.560,-7.70663,-40.04083,0.00000
26.570,-9.20445,-42.02419,0.00000
26.580,-11.11620,-29.45278,12.57141
26.590,-14.07524,-22.42093,7.03185
26.600,-14.51918,-18.95437,3.46656
26.610,-11.93194,-18.69493,2.84668
26.620,-12.48853,-19.30363,0.00000
26.630,-14.05862,-19.80168,0.00000
26.640,-11.53038,-19.58428,2.74564
26.650,-10.50685,-20.36796,1.02353
26.660,-10.03841,-24.49075,0.46844
26.670,-10.00208,-26.64646,0.03633
26.680,-11.21186,-26.75503,0.00000
26.690,-10.91386,-26.90795,0.29800
26.700,-10.56153,-26.16756,1.09272
26.710,-11.17052,-25.86212,0.30545
26.720,-11.11131,-27.57836,0.05921
26.730,-11.87251,-28.49355,0.00000
26.740,-11.88438,-28.69434,0.00000
26.750,-12.26838,-29.03908,0.00000
26.760,-13.32548,-29.53475,0.00000
26.770,-11.57766,-29.77806,1.74782
26.780,-11.55658,-30.04868,0.02108
26.790,-11.52734,-30.47921,0.02924
26.800,-10.49960,-25.68327,5.82368
26.810,-9.83847,-23.47049,2.87391
26.820,-7.05308,-23.44755,2.80833
26.830,-5.83547,-24.73037,1.21761
26.840,-4.63567,-28.41865,1.19980
26.850,-4.52998,-32.16148,0.10570
26.860,-5.21392,-34.73457,0.00000
26.870,-5.44386,-37.46907,0.00000
26.880,-5.88103,-38.65491,0.00000
26.890,-4.40253,-40.61257,1.47850
26.900,-3.66585,-34.55878,6.79047
26.910,-4.70339,-33.01567,1.54311
26.920,-6.24131,-36.23982,0.00000
26.930,-6.09266,-40.96172,0.14865
26.940,-6.22553,-42.48501,0.00000
26.950,-8.25726,-42.26296,0.22205
26.960,-8.79806,-42.65355,0.00000
26.970,-6.98739,-43.48764,1.81067
26.980,-8.01317,-44.82057,0.00000
26.990,-10.49614,-44.45729,0.36328
27.000,-10.30456,-27.72838,16.92048
27.010,-10.88393,-25.07410,2.65429
27.020,-10.67006,-25.30239,0.21387
27.030,-10.27040,-25.42711,0.39966
27.040,-10.98129,-25.54097,0.00000
27.050,-11.01428,-25.38475,0.15622
27.060,-11.51996,-24.98719,0.39756
27.070,-11.76353,-24.22981,0.75738
27.080,-11.75691,-23.93159,0.30484
27.090,-12.98845,-23.89035,0.04125
27.100,-11.94958,-23.36079,1.56843
27.110,-11.49207,-23.05293,0.76536
27.120,-12.76964,-23.30798,0.00000
27.130,-12.11479,-23.97511,0.65485
27.140,-12.34731,-24.28966,0.00000
27.150,-12.57785,-24.07590,0.21376
27.160,-12.16854,-23.96447,0.52074
27.170,-13.01676,-24.57629,0.00000
27.180,-11.74677,-25.69242,1.26998
27.190,-11.70443,-26.82979,0.04234
27.200,-9.66183,-24.52250,4.34989
27.210,-7.85382,-22.89782,3.43271
27.220,-7.14831,-23.08242,0.70550
27.230,-6.46211,-24.33010,0.68621
27.240,-5.53482,-27.86114,0.92729
27.250,-3.94518,-31.92839,1.58964
27.260,-4.16237,-35.23016,0.00000
27.270,-5.05419,-37.39029,0.00000
27.280,-4.38789,-38.96514,0.66631
27.290,-4.34167,-40.82040,0.04621
27.300,-5.31023,-33.31238,7.50802
27.310,-6.56290,-30.90289,2.40949
27.320,-5.96576,-33.42139,0.59714
27.330,-4.58670,-39.89657,1.37905
27.340,-4.90709,-42.74380,0.00000
27.350,-6.10445,-43.07854,0.00000
27.360,-6.25074,-43.79153,0.00000
27.370,-7.28718,-44.97506,0.00000
27.380,-10.81761,-46.23022,0.00000
27.390,-13.26707,-28.48476,17.74545
27.400,-10.72073,-23.55404,7.47705
27.410,-10.22873,-23.09813,0.94791
27.420,-11.89220,-24.81381,0.00000
27.430,-12.72553,-26.21561,0.00000
27.440,-13.38563,-27.53259,0.00000
27.450,-13.68338,-28.61817,0.00000
27.460,-13.28062,-29.26044,0.40276
27.470,-13.46771,-28.94673,0.31371
27.480,-13.54437,-28.32594,0.62079
27.490,-13.43542,-28.12421,0.31069
27.500,-10.89189,-24.40314,6.26459
27.510,-8.74995,-24.46850,2.14194
27.520,-7.28421,-29.02476,1.46574
27.530,-5.93269,-30.37918,1.35152
27.540,-5.49250,-31.36987,0.44020
27.550,-4.84044,-31.28249,0.73943
27.560,-3.98805,-31.43051,0.85240
27.570,-4.21169,-31.92582,0.00000
27.580,-5.25935,-32.89801,0.00000
27.590,-5.79711,-34.17556,0.00000
27.600,-5.47558,-31.32686,3.17022
27.610,-4.92350,-27.84486,4.03408
27.620,-4.85931,-25.93130,1.97776
27.630,-5.54949,-25.91775,0.01355
27.640,-5.94171,-27.96161,0.00000
27.650,-6.31381,-30.86316,0.00000
27.660,-7.67599,-33.55449,0.00000
27.670,-9.52483,-36.19107,0.00000
27.680,-10.87708,-37.95056,0.00000
27.690,-11.96814,-40.14781,0.00000
27.700,-15.09086,-32.59236,7.55544
27.710,-19.15164,-31.16052,1.43185
27.720,-19.84271,-35.12184,0.00000
27.730,-22.41538,-41.23528,0.00000
27.740,-22.91516,-43.03391,0.00000
27.750,-22.35394,-41.49318,2.10195
27.760,-17.52784,-38.81669,7.50258
27.770,-15.26007,-36.91494,4.16952
27.780,-15.30760,-35.77104,1.14389
27.790,-14.19172,-34.24344,2.64348
27.800,-10.12082,-25.64631,12.66803
27.810,-8.42721,-24.97601,2.36391
27.820,-7.04446,-29.96476,1.38276
27.830,-5.63292,-32.03146,1.41154
27.840,-4.95701,-32.69247,0.67591
27.850,-4.57922,-33.49434,0.37779
27.860,-4.46940,-33.44267,0.16150
27.870,-4.84455,-32.57948,0.86319
27.880,-5.26857,-32.59187,0.00000
27.890,-4.86660,-32.87711,0.40197
27.900,-4.49913,-30.23686,3.00771
27.910,-4.95032,-29.39846,0.83840
27.920,-5.73532,-31.43817,0.00000
27.930,-5.63752,-33.29902,0.09780
27.940,-5.71122,-33.54699,0.00000
27.950,-6.45259,-33.49370,0.05329
27.960,-7.29159,-33.27439,0.21931
27.970,-8.06664,-33.14700,0.12739
27.980,-8.94852,-33.36147,0.00000
27.990,-10.71872,-33.65011,0.00000
28.000,-10.75732,-26.01148,7.63863
28.010,-9.48513,-23.54960,3.73406
28.020,-7.83992,-23.50960,1.68521
28.030,-6.46275,-24.41080,1.37717
28.040,-5.72905,-27.20869,0.73370
28.050,-4.84455,-29.67049,0.88450
28.060,-4.49723,-30.73289,0.34732
28.070,-4.89642,-31.53764,0.00000
28.080,-5.31396,-31.84329,0.00000
28.090,-4.99628,-31.92518,0.31768
28.100,-4.97292,-30.04414,1.90440
28.110,-5.37769,-29.20807,0.83608
28.120,-5.56382,-31.04574,0.00000
28.130,-5.61324,-33.48541,0.00000
28.140,-5.56545,-31.45424,2.07896
28.150,-6.16764,-27.96347,3.49078
28.160,-7.28011,-25.40560,2.55787
28.170,-8.37103,-25.02743,0.37817
28.180,-9.88397,-26.28151,0.00000
28.190,-11.43238,-27.24223,0.00000
28.200,-12.28999,-25.32222,1.92002
28.210,-11.90988,-23.81781,1.88452
28.220,-11.57324,-24.09900,0.33664
28.230,-11.73326,-25.01084,0.00000
28.240,-11.79990,-24.70055,0.31028
28.250,-11.76098,-21.01394,3.72553
28.260,-11.83216,-17.81619,3.19775
28.270,-13.44553,-17.27942,0.53677
28.280,-16.97853,-18.90047,0.00000
28.290,-18.81854,-19.97373,0.00000
28.300,-17.43627,-19.29313,2.06287
28.310,-17.02846,-18.72510,0.97584
28.320,-17.24033,-18.07041,0.65469
28.330,-17.33395,-17.65849,0.41192
28.340,-17.60564,-17.53136,0.12713
28.350,-17.76483,-17.12164,0.40972
28.360,-17.90890,-16.73967,0.38197
28.370,-18.11754,-16.95544,0.00000
28.380,-17.81654,-16.76631,0.49013
28.390,-17.92746,-16.64951,0.11680
28.400,-12.51396,-17.58017,5.41350
28.410,-9.09506,-19.33076,3.41890
28.420,-6.67213,-21.81403,2.42293
28.430,-5.00510,-23.68705,1.66702
28.440,-4.60168,-25.81791,0.40342
28.450,-4.16953,-27.19313,0.43214
28.460,-4.04248,-27.53054,0.12705
28.470,-4.64538,-27.81560,0.00000
28.480,-5.02634,-28.27229,0.00000
28.490,-4.88388,-29.42676,0.14247
28.500,-4.94397,-28.66788,0.75888
28.510,-5.37768,-28.12157,0.54632
28.520,-5.39804,-29.10211,0.00000
28.530,-5.29270,-29.18854,0.10534
28.540,-5.42730,-28.86571,0.32284
28.550,-6.01397,-28.65933,0.20638
28.560,-6.97565,-28.36925,0.29007
28.570,-7.87957,-28.68165,0.00000
28.580,-9.02782,-28.51635,0.16530
28.590,-10.42493,-27.84348,0.67288
28.600,-11.87169,-26.29912,1.54436
28.610,-13.02127,-25.11729,1.18183
28.620,-13.36127,-25.98147,0.00000
28.630,-13.52503,-27.53964,0.00000
28.640,-13.69421,-28.02705,0.00000
28.650,-13.79364,-28.70020,0.00000
28.660,-13.90998,-29.42347,0.00000
28.670,-14.17222,-30.47418,0.00000
28.680,-15.00775,-34.24760,0.00000
28.690,-15.19600,-38.66544,0.00000
28.700,-13.27024,-30.69894,9.89227
28.710,-12.12300,-29.43991,2.40627
28.720,-12.25624,-33.48712,0.00000
28.730,-13.81747,-38.76313,0.00000
28.740,-18.19678,-42.32709,0.00000
28.750,-23.85997,-42.43140,0.00000
28.760,-23.64865,-43.45120,0.21132
28.770,-23.68205,-46.97961,0.00000
28.780,-25.27379,-48.46707,0.00000
28.790,-30.02386,-50.50140,0.00000
28.800,-13.62281,-26.06808,40.83437
28.810,-9.50299,-23.23563,6.95228
28.820,-7.34365,-23.16117,2.23380
28.830,-5.82712,-24.33156,1.51653
28.840,-4.96033,-27.83840,0.86679
28.850,-4.30172,-30.68716,0.65860
28.860,-4.08249,-32.02797,0.21923
28.870,-4.49079,-32.63766,0.00000
28.880,-4.94492,-33.20301,0.00000
28.890,-4.78642,-34.13832,0.15849
28.900,-4.74828,-31.90395,2.27251
28.910,-5.14961,-30.58737,1.31658
28.920,-5.29796,-33.18467,0.00000
28.930,-5.31148,-39.74046,0.00000
28.940,-5.57722,-42.62547,0.00000
28.950,-6.25032,-42.30770,0.31777
28.960,-7.18767,-42.63400,0.00000
28.970,-8.29901,-44.28561,0.00000
28.980,-9.98239,-46.65854,0.00000
28.990,-12.21065,-48.05258,0.00000
29.000,-15.10279,-27.78764,20.26494
29.010,-13.43375,-25.96077,3.49592
29.020,-10.68061,-27.24396,2.75313
29.030,-10.51110,-27.30419,0.16951
29.040,-11.89873,-28.25316,0.00000
29.050,-13.50547,-28.30373,0.00000
29.060,-13.97144,-27.65635,0.64738
29.070,-13.74437,-27.33196,0.55145
29.080,-13.46395,-27.29500,0.31737
29.090,-13.59766,-27.67076,0.00000
29.100,-10.58488,-24.32074,6.36280
29.110,-8.61639,-24.07376,2.21547
29.120,-7.43795,-27.60324,1.17844
29.130,-6.11435,-28.74349,1.32359
29.140,-5.17336,-28.96505,0.94099
29.150,-4.53935,-29.69114,0.63401
29.160,-4.43675,-30.23557,0.10260
29.170,-4.80687,-29.99710,0.23847
29.180,-5.24307,-30.52850,0.00000
29.190,-5.12300,-32.64145,0.12007
29.200,-5.05411,-32.13556,0.57478
29.210,-5.36059,-27.32093,4.81463
29.220,-5.38863,-25.09039,2.23055
29.230,-5.31355,-25.29015,0.07508
29.240,-5.46801,-26.52902,0.00000
29.250,-6.20641,-27.19665,0.00000
29.260,-7.08741,-27.77164,0.00000
29.270,-7.74038,-28.76874,0.00000
29.280,-9.22587,-30.06554,0.00000
29.290,-11.04365,-32.23046,0.00000
29.300,-13.51832,-31.18022,1.05024
29.310,-16.38315,-30.39307,0.78715
29.320,-16.78772,-32.98799,0.00000
29.330,-16.36192,-35.65808,0.42580
29.340,-15.79876,-36.64261,0.56316
29.350,-16.76692,-37.44826,0.00000
29.360,-19.58218,-39.26337,0.00000
29.370,-22.47795,-42.95023,0.00000
29.380,-24.01020,-45.16687,0.00000
29.390,-27.35419,-46.59313,0.00000
29.400,-13.80743,-25.47849,34.66141
29.410,-9.43424,-24.84839,5.00329
29.420,-7.23561,-30.69465,2.19864
29.430,-5.58190,-31.78811,1.65371
29.440,-4.78148,-33.02484,0.80041
29.450,-4.53973,-33.38350,0.24176
29.460,-4.56238,-33.53186,0.00000
29.470,-4.87762,-33.74408,0.00000
29.480,-5.24904,-34.08208,0.00000
29.490,-4.95923,-33.69859,0.67330
29.500,-4.81891,-30.59286,3.24604
29.510,-5.30806,-29.94935,0.64351
29.520,-5.34389,-32.37845,0.00000
29.530,-5.42673,-33.87337,0.00000
29.540,-5.67062,-33.75803,0.11534
29.550,-6.19432,-33.55790,0.20013
29.560,-7.10652,-33.06540,0.49250
29.570,-8.04312,-32.64274,0.42265
29.580,-9.59284,-31.78612,0.85662
29.590,-11.47430,-31.55838,0.22774
29.600,-11.39289,-25.64659,5.99321
29.610,-9.52498,-23.49502,4.01948
29.620,-8.27504,-23.62338,1.24993
29.630,-6.51839,-24.67950,1.75665
29.640,-5.10229,-28.03871,1.41610
29.650,-3.61935,-31.80927,1.48294
29.660,-3.70078,-34.75008,0.00000
29.670,-5.15948,-36.93912,0.00000
29.680,-5.07827,-38.99972,0.08121
29.690,-4.79431,-40.57671,0.28396
29.700,-4.41287,-34.50588,6.45226
29.710,-4.27174,-32.92431,1.72270
29.720,-5.20908,-36.12056,0.00000
29.730,-5.52067,-40.79852,0.00000
29.740,-5.69439,-41.72286,0.00000
29.750,-7.06697,-42.36298,0.00000
29.760,-7.47637,-42.12196,0.24102
29.770,-9.16908,-43.15408,0.00000
29.780,-11.88474,-43.62958,0.00000
29.790,-12.99324,-39.19574,4.43384
29.800,-15.03257,-28.98307,10.21268
29.810,-12.55162,-26.47033,4.99369
29.820,-10.38881,-26.24302,2.39012
29.830,-9.77478,-25.86961,0.98744
29.840,-10.57111,-25.68967,0.17994
29.850,-11.38505,-25.91739,0.00000
29.860,-11.50052,-26.73867,0.00000
29.870,-11.37229,-27.25543,0.12823
29.880,-11.73782,-27.74841,0.00000
29.890,-11.51476,-28.12415,0.22306
29.900,-10.92293,-26.49363,2.22234
29.910,-11.36912,-26.32324,0.17039
29.920,-12.14083,-28.18472,0.00000
29.930,-12.27397,-28.82473,0.00000
29.940,-12.12647,-28.45674,0.51549
29.950,-12.20339,-28.51646,0.00000
29.960,-12.11876,-28.92051,0.08463
29.970,-12.12146,-29.00489,0.00000
29.980,-12.14018,-28.96152,0.04337
29.990,-11.98669,-28.77816,0.33684
30.000,-10.38989,-24.56449,5.81047
30.010,-8.62149,-23.12059,3.21231
30.020,-6.82928,-22.45587,2.45693
30.030,-4.95473,-21.40595,2.92446
30.040,-4.52862,-21.31204,0.52002
30.050,-4.56650,-20.13732,1.17472
30.060,-4.49685,-19.53997,0.66701
30.070,-4.51156,-20.42143,0.00000
30.080,-4.72783,-21.03668,0.00000
30.090,-6.05113,-20.91144,0.12523
30.100,-6.95353,-22.35931,0.00000
30.110,-6.94482,-26.86775,0.00871
30.120,-7.02832,-33.52151,0.00000
30.130,-6.02292,-37.10383,1.00541
30.140,-5.57818,-37.51080,0.44473
30.150,-5.98536,-36.48024,1.03056
30.160,-6.02306,-35.19668,1.28356
30.170,-6.88586,-32.90893,2.28774
30.180,-7.83763,-29.98728,2.92165
30.190,-8.34938,-27.40259,2.58469
30.200,-10.10165,-24.41742,2.98517
30.210,-11.07646,-23.06974,1.34768
30.220,-11.07437,-23.73702,0.00208
30.230,-11.36545,-24.84098,0.00000
30.240,-11.39589,-25.06305,0.00000
30.250,-11.42081,-25.22077,0.00000
30.260,-11.81323,-24.98376,0.23701
30.270,-11.43455,-24.83363,0.52881
30.280,-10.96663,-25.42876,0.46791
30.290,-11.79312,-26.23415,0.00000
30.300,-12.06452,-26.10160,0.13254
30.310,-11.64841,-26.25313,0.41611
30.320,-11.76958,-27.75843,0.00000
30.330,-12.23805,-28.64851,0.00000
30.340,-11.89854,-28.96729,0.33951
30.350,-11.58845,-29.09680,0.31008
30.360,-11.93978,-29.19522,0.00000
30.370,-11.98282,-29.27575,0.00000
30.380,-11.87691,-29.52340,0.10591
30.390,-12.08821,-30.22899,0.00000
30.400,-10.31284,-25.03379,6.97057
30.410,-8.63586,-22.95616,3.75462
30.420,-7.35369,-23.12391,1.28217
30.430,-6.54452,-24.33613,0.80917
30.440,-5.22277,-27.63657,1.32175
30.450,-4.17138,-24.26802,4.41995
30.460,-4.11587,-21.48261,2.84091
30.470,-4.94224,-21.37592,0.10669
30.480,-5.70167,-21.94071,0.00000
30.490,-4.82212,-21.85132,0.96894
30.500,-4.25782,-20.99120,1.42442
30.510,-4.43476,-20.18800,0.80320
30.520,-5.09947,-19.68926,0.49874
30.530,-5.45998,-19.15874,0.53052
30.540,-5.85186,-18.74157,0.41717
30.550,-7.11442,-19.32477,0.00000
30.560,-8.15505,-21.93914,0.00000
30.570,-10.18223,-27.46866,0.00000
30.580,-13.89194,-36.01319,0.00000
30.590,-15.73015,-41.86039,0.00000
30.600,-17.47878,-26.32186,15.53853
30.610,-16.63326,-21.52425,5.64313
30.620,-13.98619,-22.09607,2.64708
30.630,-10.94034,-25.80450,3.04585
30.640,-9.83856,-26.43326,1.10178
30.650,-10.41493,-26.95591,0.00000
30.660,-10.92707,-27.89369,0.00000
30.670,-11.36865,-28.87428,0.00000
30.680,-12.18026,-29.46592,0.00000
30.690,-12.29528,-28.76353,0.70239
30.700,-10.69581,-24.90093,5.46207
30.710,-8.65123,-24.72328,2.22223
30.720,-6.63127,-28.20851,2.01996
30.730,-6.01282,-29.49012,0.61845
30.740,-5.25019,-29.89664,0.76263
30.750,-4.57686,-30.25845,0.67333
30.760,-4.27228,-31.30483,0.30458
30.770,-4.93186,-34.29029,0.00000
30.780,-6.23500,-38.24051,0.00000
30.790,-5.19814,-40.37008,1.03685
30.800,-4.32081,-32.06162,9.18579
30.810,-4.60422,-27.81568,4.24594
30.820,-4.94965,-25.83242,1.98327
30.830,-4.97492,-25.88861,0.00000
30.840,-5.68176,-28.16935,0.00000
30.850,-6.58596,-30.94902,0.00000
30.860,-7.57277,-33.46083,0.00000
30.870,-9.11041,-36.49128,0.00000
30.880,-10.99565,-38.23590,0.00000
30.890,-14.20629,-40.17233,0.00000
30.900,-19.30150,-32.55852,7.61381
30.910,-21.06988,-31.26255,1.29597
30.920,-20.72602,-35.57437,0.34387
30.930,-20.07805,-42.51691,0.64796
30.940,-18.35861,-24.42159,19.81476
30.950,-17.08629,-20.03691,5.65700
30.960,-16.95343,-19.12351,1.04626
30.970,-17.25844,-19.49437,0.00000
30.980,-18.02023,-20.78551,0.00000
30.990,-18.54561,-22.84437,0.00000
31.000,-12.18377,-21.50402,7.70219
31.010,-8.03184,-21.34578,4.31016
31.020,-6.30430,-24.19637,1.72754
31.030,-5.52727,-25.00672,0.77704
31.040,-5.00141,-24.94884,0.58373
31.050,-4.72064,-25.18972,0.28077
31.060,-4.54186,-25.23862,0.17878
31.070,-4.83281,-25.81146,0.00000
31.080,-5.64052,-26.48138,0.00000
31.090,-5.42921,-26.50766,0.21131
31.100,-5.06063,-26.12291,0.75333
31.110,-5.35822,-25.59609,0.52682
31.120,-5.42513,-26.20779,0.00000
31.130,-5.37376,-27.66949,0.05137
31.140,-5.48210,-28.22847,0.00000
31.150,-6.09426,-28.86957,0.00000
31.160,-6.98894,-29.19385,0.00000
31.170,-7.92785,-29.45034,0.00000
31.180,-9.14750,-29.68855,0.00000
31.190,-10.44082,-29.78901,0.00000
31.200,-10.92743,-25.36385,4.42516
31.210,-9.98451,-23.34046,2.96630
31.220,-7.93570,-23.34441,2.04881
31.230,-6.55786,-24.24589,1.37783
31.240,-5.62330,-26.96014,0.93456
31.250,-4.94326,-30.18426,0.68004
31.260,-4.73856,-32.88581,0.20470
31.270,-5.11402,-35.69066,0.00000
31.280,-5.59043,-36.97713,0.00000
31.290,-4.97960,-36.91591,0.67204
31.300,-4.69389,-32.92501,4.27661
31.310,-5.14703,-31.75664,1.16837
31.320,-5.47752,-33.76605,0.00000
31.330,-5.69427,-35.77466,0.00000
31.340,-6.01851,-36.46718,0.00000
31.350,-6.68048,-36.47981,0.00000
31.360,-7.54311,-31.57777,4.90204
31.370,-8.36133,-28.26718,3.31058
31.380,-9.69475,-27.91918,0.34800
31.390,-11.50464,-27.97815,0.00000
31.400,-13.75129,-26.20292,1.77523
31.410,-16.02465,-25.91728,0.28564
31.420,-16.77729,-23.15464,2.76264
31.430,-16.17548,-18.78100,4.97544
31.440,-16.39508,-18.24132,0.53968
31.450,-17.44356,-19.52700,0.00000
31.460,-17.57383,-18.99446,0.53254
31.470,-17.47248,-18.61081,0.48500
31.480,-17.81857,-18.56649,0.04432
31.490,-17.41931,-18.01736,0.94839
31.500,-16.17134,-17.27291,1.99242
31.510,-16.29439,-17.73856,0.00000
31.520,-19.54808,-21.55063,0.00000
31.530,-26.06791,-33.98035,0.00000
31.540,-27.36215,-35.39964,0.00000
31.550,-28.00899,-36.21560,0.00000
31.560,-28.53973,-37.26904,0.00000
31.570,-28.13458,-37.67806,0.40515
31.580,-27.83851,-36.45967,1.51446
31.590,-22.11944,-28.55347,13.62527
31.600,-12.67140,-23.98029,14.02121
31.610,-9.31335,-22.92163,4.41671
31.620,-6.88055,-22.94371,2.43280
31.630,-5.42013,-23.56851,1.46042
31.640,-4.99725,-25.58915,0.42288
31.650,-4.47663,-26.48906,0.52062
31.660,-4.34568,-26.67639,0.13095
31.670,-4.71549,-26.85769,0.00000
31.680,-5.07397,-27.01401,0.00000
31.690,-4.94873,-27.45017,0.12524
31.700,-4.84944,-26.56563,0.98384
31.710,-5.24216,-25.97196,0.59367
31.720,-5.40205,-26.10197,0.00000
31.730,-5.41801,-26.39511,0.00000
31.740,-5.69877,-27.10819,0.00000
31.750,-6.28677,-27.16975,0.00000
31.760,-7.08743,-26.38869,0.78107
31.770,-8.16145,-26.11410,0.27459
31.780,-9.63639,-26.15151,0.00000
31.790,-11.27828,-25.43485,0.71666
31.800,-13.12316,-24.05896,1.37588
31.810,-14.77739,-23.71942,0.33955
31.820,-16.41012,-24.62059,0.00000
31.830,-17.20836,-25.37843,0.00000
31.840,-15.86317,-25.18492,1.53869
31.850,-14.00120,-24.91132,2.13558
31.860,-13.20761,-25.51237,0.79359
31.870,-13.92897,-26.66754,0.00000
31.880,-16.13786,-28.39471,0.00000
31.890,-19.46079,-31.62406,0.00000
31.900,-19.69542,-30.15761,1.46644
31.910,-18.20258,-29.42372,2.22673
31.920,-18.39889,-33.37123,0.00000
31.930,-19.70610,-36.83857,0.00000
31.940,-21.34140,-38.76139,0.00000
31.950,-22.74250,-39.34415,0.00000
31.960,-24.53736,-39.82640,0.00000
31.970,-26.50179,-41.54759,0.00000
31.980,-28.31782,-43.58202,0.00000
31.990,-29.67428,-45.08024,0.00000
32.000,-12.83082,-25.85949,36.06421
32.010,-9.16699,-23.16003,6.36329
32.020,-6.95158,-23.27306,2.21541
32.030,-5.43865,-24.29646,1.51294
32.040,-4.72195,-26.94061,0.71670
32.050,-4.11365,-28.76307,0.60830
32.060,-4.01279,-29.55446,0.10086
32.070,-4.48771,-30.06865,0.00000
32.080,-5.00982,-30.74499,0.00000
32.090,-4.89070,-30.94357,0.11912
32.100,-4.78897,-29.50238,1.54292
32.110,-5.18605,-28.46220,1.04018
32.120,-5.33645,-29.43403,0.00000
32.130,-5.31440,-32.12029,0.02205
32.140,-5.56304,-35.60626,0.00000
32.150,-6.19503,-38.89588,0.00000
32.160,-7.14033,-42.10072,0.00000
32.170,-8.28946,-43.69022,0.00000
32.180,-9.90977,-43.17584,0.51438
32.190,-12.07716,-41.95600,1.21984
32.200,-12.17490,-29.69552,12.26048
32.210,-10.05017,-27.37610,4.44414
32.220,-10.05023,-28.25474,0.00000
32.230,-10.40122,-27.93201,0.32273
32.240,-9.92018,-27.40096,1.01209
32.250,-10.76897,-28.25310,0.00000
32.260,-11.88501,-28.57068,0.00000
32.270,-11.77382,-27.57310,1.10877
32.280,-11.27737,-27.52908,0.54047
32.290,-10.70449,-27.63078,0.57288
32.300,-9.28795,-23.95298,5.09434
32.310,-7.98438,-23.58636,1.67019
32.320,-6.99880,-26.20155,0.98558
32.330,-5.77924,-27.08511,1.21957
32.340,-4.73806,-27.63417,1.04118
32.350,-4.50179,-27.44611,0.42433
32.360,-5.42094,-27.43519,0.01092
32.370,-5.99584,-27.98649,0.00000
32.380,-6.39903,-29.48991,0.00000
32.390,-7.07013,-31.17979,0.00000
32.400,-6.87563,-27.02677,4.34752
32.410,-6.22646,-25.02420,2.65173
32.420,-5.82247,-25.06407,0.40399
32.430,-5.12259,-24.74907,1.01488
32.440,-6.01869,-25.02873,0.00000
32.450,-5.89285,-27.00932,0.12584
32.460,-5.26629,-29.73614,0.62657
32.470,-8.77508,-28.86268,0.87346
32.480,-14.75851,-26.70344,2.15924
32.490,-15.01249,-26.08602,0.61743
32.500,-11.44135,-25.77721,3.87996
32.510,-8.64307,-25.86970,2.79827
32.520,-8.69750,-27.37846,0.00000
32.530,-9.19255,-28.76227,0.00000
32.540,-8.33982,-29.38496,0.85273
32.550,-7.45175,-29.57104,0.88807
32.560,-7.63026,-30.15055,0.00000
32.570,-8.57087,-30.07214,0.07841
32.580,-8.83184,-29.29479,0.77735
32.590,-9.29716,-27.16903,2.12576
32.600,-8.20816,-22.44054,5.81748
32.610,-7.64226,-22.74781,0.56590
32.620,-8.05825,-25.69892,0.00000
32.630,-6.05732,-25.16197,2.53788
32.640,-4.47882,-26.20301,1.57850
32.650,-4.31537,-26.51263,0.16344
32.660,-5.21269,-26.01257,0.50006
32.670,-6.06286,-24.90133,1.11124
32.680,-6.49474,-24.39289,0.50845
32.690,-7.24796,-24.52464,0.00000
32.700,-6.84726,-24.34211,0.58323
32.710,-6.00340,-24.74730,0.84386
32.720,-5.97188,-25.20137,0.03152
32.730,-5.23906,-25.39292,0.73282
32.740,-5.98991,-25.24803,0.14490
32.750,-5.77626,-24.64766,0.81402
32.760,-4.97129,-25.13663,0.80497
32.770,-8.11654,-24.28482,0.85181
32.780,-11.88739,-22.90605,1.37876
32.790,-11.94225,-22.59849,0.30757
32.800,-10.11416,-22.08481,2.34177
32.810,-8.80011,-21.90724,1.49161
32.820,-7.64639,-22.41154,1.15372
32.830,-5.62870,-23.93944,2.01770
32.840,-5.63592,-26.84521,0.00000
32.850,-5.73208,-28.65481,0.00000
32.860,-5.89762,-29.28793,0.00000
32.870,-5.85912,-29.85052,0.03850
32.880,-5.61688,-30.31686,0.24224
32.890,-6.00908,-30.30817,0.00869
32.900,-5.34668,-29.84222,1.12835
32.910,-5.38100,-29.72928,0.11293
32.920,-5.50930,-30.82396,0.00000
32.930,-5.19806,-31.95061,0.31124
32.940,-4.64185,-32.27578,0.55620
32.950,-5.52498,-31.71370,0.56208
32.960,-7.48145,-31.41324,0.30046
32.970,-8.41725,-31.67868,0.00000
32.980,-9.85180,-31.74695,0.00000
32.990,-11.99100,-31.52360,0.22335
33.000,-12.37539,-27.64887,3.87474
33.010,-10.83600,-25.96150,3.22676
33.020,-11.13278,-26.63787,0.00000
33.030,-11.93910,-26.87882,0.00000
33.040,-10.71420,-26.68492,1.41880
33.050,-10.67016,-26.53623,0.19273
33.060,-11.13882,-26.69384,0.00000
33.070,-10.76275,-27.14374,0.37607
33.080,-11.10474,-27.04919,0.09454
33.090,-10.63484,-26.66335,0.85575
33.100,-10.31959,-25.77013,1.20846
33.110,-11.41727,-25.29684,0.47329
33.120,-10.98522,-25.75309,0.43205
33.130,-10.94590,-25.96784,0.03932
33.140,-10.93154,-26.11526,0.01435
33.150,-10.98032,-26.35975,0.00000
33.160,-12.14125,-26.61796,0.00000
33.170,-11.17035,-27.46586,0.97090
33.180,-11.42910,-28.29167,0.00000
33.190,-11.63212,-29.25951,0.00000
33.200,-9.94401,-25.94291,5.00471
33.210,-9.41172,-23.79293,2.68226
33.220,-7.41142,-23.59272,2.20051
33.230,-5.90521,-24.81216,1.50622
33.240,-4.39432,-28.50952,1.51089
33.250,-4.45333,-32.14596,0.00000
33.260,-5.15766,-35.10237,0.00000
33.270,-5.29740,-37.71397,0.00000
33.280,-5.84822,-38.78254,0.00000
33.290,-4.33536,-40.32017,1.51286
33.300,-3.62074,-34.08075,6.95403
33.310,-4.72971,-32.57463,1.50612
33.320,-6.24993,-36.18835,0.00000
33.330,-6.11539,-41.66739,0.13454
33.340,-6.11627,-42.07574,0.00000
33.350,-7.96434,-41.35022,0.72551
33.360,-8.79270,-41.83983,0.00000
33.370,-6.99795,-42.82502,1.79475
33.380,-7.92217,-43.51355,0.00000
33.390,-10.86855,-32.37061,11.14295
33.400,-10.58605,-27.28785,5.36526
33.410,-11.63407,-25.59843,1.68942
33.420,-12.07340,-26.44830,0.00000
33.430,-11.75649,-28.19880,0.31692
33.440,-12.99647,-28.83572,0.00000
33.450,-12.26043,-28.77602,0.79574
33.460,-11.22039,-26.63054,3.18552
33.470,-10.39664,-25.40776,2.04654
33.480,-10.36421,-26.37574,0.03243
33.490,-10.84847,-27.62839,0.00000
33.500,-10.44862,-26.90297,1.12527
33.510,-10.72706,-26.88638,0.01659
33.520,-11.18475,-28.18575,0.00000
33.530,-10.63253,-28.57087,0.55222
33.540,-10.77056,-28.28481,0.28606
33.550,-10.58748,-27.93509,0.53280
33.560,-10.80139,-27.77198,0.16311
33.570,-11.06335,-27.64823,0.12375
33.580,-10.45940,-27.65178,0.60395
33.590,-10.89386,-27.56410,0.08768
33.600,-10.07419,-24.58957,3.79420
33.610,-8.63462,-22.78185,3.24728
33.620,-7.47335,-22.62961,1.31353
33.630,-6.50154,-23.61775,0.97181
33.640,-5.46001,-25.91916,1.04153
33.650,-4.20270,-27.58399,1.25731
33.660,-4.44954,-28.25130,0.00000
33.670,-5.14205,-28.61135,0.00000
33.680,-4.71096,-28.97556,0.43109
33.690,-4.75523,-29.08325,0.00000
33.700,-5.57390,-28.16942,0.91384
33.710,-6.66187,-27.35636,0.81306
33.720,-6.07473,-27.68596,0.58714
33.730,-4.83807,-28.19871,1.23666
33.740,-5.11544,-28.07196,0.12675
33.750,-6.10679,-27.96606,0.10590
33.760,-6.09716,-28.16200,0.00962
33.770,-6.96148,-28.22215,0.00000
33.780,-9.77200,-27.87596,0.34620
33.790,-11.45168,-27.04050,0.83546
33.800,-12.36954,-25.79152,1.24898
33.810,-13.83610,-26.01254,0.00000
33.820,-14.42070,-27.74520,0.00000
33.830,-14.09420,-28.05769,0.32650
33.840,-13.92651,-27.48954,0.73584
33.850,-14.26885,-27.09248,0.39706
33.860,-13.09595,-27.16394,1.17290
33.870,-12.62239,-27.37393,0.47356
33.880,-13.14776,-26.90539,0.46854
33.890,-12.88776,-26.76587,0.39951
33.900,-11.23736,-23.98440,4.43187
33.910,-9.41706,-23.89112,1.91358
33.920,-7.83925,-28.37204,1.57781
33.930,-6.27470,-33.23147,1.56455
33.940,-5.49153,-35.51408,0.78317
33.950,-4.93762,-35.85913,0.55391
33.960,-4.16745,-36.65020,0.77017
33.970,-4.21487,-37.47817,0.00000
33.980,-5.21895,-37.51843,0.00000
33.990,-5.78509,-37.41204,0.10638
34.000,-5.61519,-32.71256,4.86939
34.010,-5.13277,-25.74812,7.44687
34.020,-4.96041,-22.10924,3.81123
34.030,-5.56915,-20.76599,1.34325
34.040,-5.90305,-20.39792,0.36806
34.050,-6.38441,-20.10297,0.29495
34.060,-7.72524,-19.59915,0.50382
34.070,-9.44014,-19.72247,0.00000
34.080,-10.52673,-20.18662,0.00000
34.090,-11.35667,-20.03833,0.14830
34.100,-14.13696,-19.88544,0.15289
34.110,-16.77140,-19.21709,0.66835
34.120,-16.98800,-18.86237,0.35472
34.130,-18.21117,-18.89694,0.00000
34.140,-18.17934,-19.13095,0.03183
34.150,-18.49291,-19.33749,0.00000
34.160,-19.06242,-18.97889,0.35860
34.170,-18.18938,-18.92196,0.92997
34.180,-18.20760,-18.81312,0.10884
34.190,-18.04222,-18.53905,0.43945
34.200,-12.46050,-18.45807,5.66270
34.210,-9.07694,-20.74807,3.38355
34.220,-6.95736,-24.73457,2.11959
34.230,-5.52717,-24.67487,1.48989
34.240,-4.80112,-26.51324,0.72605
34.250,-4.62774,-28.19699,0.17338
34.260,-4.57814,-29.22601,0.04960
34.270,-4.94516,-30.45440,0.00000
34.280,-5.57897,-32.01917,0.00000
34.290,-5.05501,-32.69122,0.52396
34.300,-4.54961,-29.92229,3.27432
34.310,-5.03139,-29.21634,0.70595
34.320,-5.64743,-31.01241,0.00000
34.330,-5.64470,-31.69909,0.00272
34.340,-5.71332,-31.91618,0.00000
34.350,-6.46448,-31.82712,0.08907
34.360,-7.44571,-31.46383,0.36329
34.370,-7.93753,-31.48676,0.00000
34.380,-9.15976,-31.13620,0.35056
34.390,-11.19066,-30.35330,0.78290
34.400,-11.16856,-25.21734,5.15805
34.410,-9.60364,-23.11700,3.66526
34.420,-7.72350,-23.18243,1.88014
34.430,-6.46368,-24.05391,1.25982
34.440,-5.59396,-26.49425,0.86972
34.450,-4.75466,-28.62009,0.83930
34.460,-4.51128,-29.55866,0.24338
34.470,-4.92419,-30.96790,0.00000
34.480,-5.30247,-32.83426,0.00000
34.490,-5.11253,-33.05728,0.18994
34.500,-5.08157,-30.46492,2.62333
34.510,-5.47904,-29.89238,0.57253
34.520,-5.64722,-31.58834,0.00000
34.530,-5.58794,-34.29496,0.05928
34.540,-5.69636,-38.05012,0.00000
34.550,-6.31030,-38.56122,0.00000
34.560,-7.31351,-36.94400,1.61722
34.570,-8.32319,-35.08861,1.85539
34.580,-9.78096,-30.27510,4.81351
34.590,-11.88960,-26.87165,3.40344
34.600,-14.91629,-24.42245,2.44921
34.610,-16.56736,-24.57039,0.00000
34.620,-13.76104,-25.63124,2.80632
34.630,-11.76338,-25.02010,2.60880
34.640,-11.19359,-26.90617,0.56979
34.650,-10.72839,-30.69588,0.46520
34.660,-10.37251,-31.21104,0.35588
34.670,-11.07670,-31.90094,0.00000
34.680,-12.02739,-32.10208,0.00000
34.690,-11.99855,-32.38927,0.02884
34.700,-12.37870,-29.83969,2.54957
34.710,-15.02261,-29.47016,0.36953
34.720,-19.56896,-32.95668,0.00000
34.730,-20.83424,-35.34909,0.00000
34.740,-21.10579,-35.82527,0.00000
34.750,-21.51254,-36.79074,0.00000
34.760,-22.10831,-37.74137,0.00000
34.770,-22.96918,-37.73816,0.00321
34.780,-25.31805,-38.25082,0.00000
34.790,-19.96185,-20.07759,23.52944
34.800,-12.54511,-16.82904,10.66529
34.810,-9.34022,-17.39123,3.20488
34.820,-6.84781,-18.83738,2.49241
34.830,-5.46051,-20.18895,1.38730
34.840,-4.86355,-22.30850,0.59697
34.850,-4.13545,-24.02489,0.72810
34.860,-3.95517,-25.16735,0.18028
34.870,-4.33769,-27.17177,0.00000
34.880,-4.98965,-27.40599,0.00000
34.890,-4.82614,-27.18785,0.38165
34.900,-4.68258,-26.54529,0.78611
34.910,-5.12358,-25.92373,0.62156
34.920,-5.12319,-26.70510,0.00039
34.930,-5.27374,-26.60932,0.09578
34.940,-5.34861,-26.92670,0.00000
34.950,-5.93210,-27.39211,0.00000
34.960,-6.99255,-26.63385,0.75826
34.970,-7.67676,-26.07327,0.56058
34.980,-9.02867,-25.58621,0.48706
34.990,-10.39338,-25.11029,0.47592
35.000,-11.64180,-24.21296,0.89733
35.010,-12.86657,-23.34021,0.87275
35.020,-13.35690,-23.51226,0.00000
35.030,-14.05149,-24.42267,0.00000
35.040,-14.20396,-24.42468,0.00000
35.050,-14.21088,-23.89906,0.52561
35.060,-14.24757,-24.25436,0.00000
35.070,-14.33229,-24.77328,0.00000
35.080,-14.42020,-24.51051,0.26277
35.090,-14.37911,-24.24128,0.31032
35.100,-14.15340,-23.60463,0.86236
35.110,-14.15892,-23.51318,0.09144
35.120,-14.52181,-24.58014,0.00000
35.130,-14.86398,-25.40469,0.00000
35.140,-14.93937,-25.36808,0.03661
35.150,-15.01068,-25.25406,0.11402
35.160,-15.05450,-25.77544,0.00000
35.170,-14.99890,-27.18559,0.05560
35.180,-15.37625,-28.89521,0.00000
35.190,-15.85630,-29.26509,0.00000
35.200,-12.37480,-24.86928,7.87731
35.210,-9.25702,-23.14538,4.84168
35.220,-6.94937,-23.25207,2.30765
35.230,-5.53638,-24.30182,1.41300
35.240,-4.80949,-27.65884,0.72688
35.250,-4.36257,-30.82421,0.44693
35.260,-4.24478,-33.96017,0.11779
35.270,-4.49379,-36.14480,0.00000
35.280,-4.95002,-37.48339,0.00000
35.290,-4.76826,-39.96418,0.18177
35.300,-4.65832,-32.95878,7.11534
35.310,-5.23412,-30.93471,2.02406
35.320,-5.36988,-33.77436,0.00000
35.330,-5.25691,-39.39518,0.11297
35.340,-5.57271,-40.77543,0.00000
35.350,-6.21589,-40.28552,0.48992
35.360,-7.05828,-39.92784,0.35768
35.370,-7.91294,-38.58139,1.34645
35.380,-8.64846,-38.36706,0.21433
35.390,-9.86633,-38.41647,0.00000
35.400,-13.15624,-29.92217,8.49430
35.410,-16.14919,-29.08861,0.83356
35.420,-15.05382,-33.76708,1.09536
35.430,-13.33001,-31.29652,4.19438
35.440,-13.45834,-28.39574,2.90078
35.450,-14.64491,-27.55344,0.84229
35.460,-14.35679,-27.37198,0.46958
35.470,-14.09842,-27.62726,0.25836
35.480,-14.36349,-28.01544,0.00000
35.490,-14.72956,-28.56190,0.00000
35.500,-11.19858,-24.70914,7.38373
35.510,-9.50858,-24.58199,1.81715
35.520,-7.37697,-29.20918,2.13161
35.530,-5.35272,-30.80903,2.02425
35.540,-4.54607,-31.95454,0.80665
35.550,-4.15826,-34.22185,0.38782
35.560,-4.17081,-36.71998,0.00000
35.570,-4.62889,-37.12944,0.00000
35.580,-4.90049,-37.49132,0.00000
35.590,-4.73278,-37.62541,0.16770
35.600,-4.95833,-32.19075,5.43466
35.610,-5.37800,-27.62375,4.56700
35.620,-5.32211,-25.18922,2.49042
35.630,-5.19909,-25.17557,0.13668
35.640,-5.34625,-27.30546,0.00000
35.650,-6.04779,-29.26260,0.00000
35.660,-7.14635,-30.69430,0.00000
35.670,-7.94026,-32.02956,0.00000
35.680,-8.62645,-32.02628,0.00327
35.690,-9.86543,-32.63770,0.00000
35.700,-12.20604,-30.56121,2.07650
35.710,-13.46928,-29.99704,0.56417
35.720,-13.32184,-33.05141,0.14745
35.730,-13.69529,-36.56248,0.00000
35.740,-14.38118,-36.71630,0.00000
35.750,-14.78717,-23.30706,13.40924
35.760,-16.15787,-19.83553,3.47153
35.770,-19.27574,-20.73082,0.00000
35.780,-21.79521,-23.42771,0.00000
35.790,-23.05931,-24.53062,0.00000
35.800,-13.45397,-22.80557,11.33038
35.810,-9.92754,-23.17896,3.52643
35.820,-7.48814,-27.96781,2.43941
35.830,-5.68237,-32.63890,1.80577
35.840,-4.85496,-36.13773,0.82741
35.850,-4.26766,-35.79492,0.93010
35.860,-4.09529,-35.63670,0.33060
35.870,-4.57338,-35.02467,0.61202
35.880,-5.13707,-34.25801,0.76667
35.890,-4.96908,-33.50344,0.92256
35.900,-4.84149,-30.54145,3.08958
35.910,-5.15276,-29.57691,0.96454
35.920,-5.30906,-31.07034,0.00000
35.930,-5.31740,-31.34294,0.00000
35.940,-5.46557,-31.07160,0.27135
35.950,-6.05224,-30.99052,0.08107
35.960,-7.05553,-30.65235,0.33817
35.970,-8.14959,-31.00100,0.00000
35.980,-9.26522,-30.79905,0.20195
35.990,-10.38069,-29.81417,0.98489
36.000,-9.99766,-25.05454,5.14266
36.010,-8.86773,-23.08059,3.10387
36.020,-7.55340,-23.16277,1.31433
36.030,-6.67209,-24.20229,0.88132
36.040,-4.80617,-27.03008,1.86592
36.050,-3.40808,-29.81868,1.39809
36.060,-3.49061,-31.13314,0.00000
36.070,-4.17458,-31.68699,0.00000
36.080,-5.26821,-31.71326,0.00000
36.090,-6.83967,-31.05303,0.66023
36.100,-5.66186,-30.31503,1.91582
36.110,-4.81924,-29.95423,1.20342
36.120,-6.71790,-30.14035,0.00000
36.130,-5.59327,-30.94879,1.12463
36.140,-5.56722,-31.10469,0.02606
36.150,-7.58479,-30.11867,0.98602
36.160,-6.31918,-30.06714,1.31714
36.170,-7.84943,-30.50077,0.00000
36.180,-9.19682,-30.73725,0.00000
36.190,-8.46704,-30.87271,0.72977
36.200,-10.90199,-27.74103,3.13168
36.210,-11.27446,-26.87323,0.86780
36.220,-10.95008,-29.01779,0.32438
36.230,-10.63469,-29.86933,0.31539
36.240,-10.26338,-29.28315,0.95750
36.250,-10.53947,-29.22240,0.06075
36.260,-10.58009,-29.54600,0.00000
36.270,-11.15272,-29.56544,0.00000
36.280,-11.66527,-29.85056,0.00000
36.290,-11.21815,-30.49254,0.44712
36.300,-10.93491,-28.07940,2.69639
36.310,-10.54829,-27.33523,1.13079
36.320,-10.43236,-29.45307,0.11593
36.330,-10.55820,-31.15048,0.00000
36.340,-10.78797,-31.24941,0.00000
36.350,-11.45495,-31.34218,0.00000
36.360,-11.58625,-31.30733,0.03485
36.370,-11.64940,-31.33240,0.00000
36.380,-12.32583,-31.82042,0.00000
36.390,-12.47359,-32.05790,0.00000
36.400,-9.89094,-25.61791,9.02264
36.410,-8.19028,-23.19816,4.12041
36.420,-7.46104,-23.19526,0.73214
36.430,-6.21524,-24.38727,1.24580
36.440,-4.47660,-27.73234,1.73864
36.450,-3.38354,-30.67653,1.09306
36.460,-3.47641,-31.30048,0.00000
36.470,-4.13017,-31.12648,0.17400
36.480,-4.87419,-31.54159,0.00000
36.490,-5.99194,-32.89285,0.00000
36.500,-5.36269,-30.81924,2.70286
36.510,-4.66159,-29.84134,1.67900
36.520,-6.23545,-32.35677,0.00000
36.530,-5.78779,-35.70595,0.44766
36.540,-5.36513,-36.58966,0.42267
36.550,-6.98808,-35.68577,0.90389
36.560,-7.04035,-35.58600,0.09976
36.570,-8.52722,-36.38875,0.00000
36.580,-10.14137,-36.98197,0.00000
36.590,-10.30220,-37.71488,0.00000
36.600,-13.98176,-29.67455,8.04033
36.610,-15.37397,-26.77083,2.90372
36.620,-14.68065,-28.43293,0.69333
36.630,-14.49528,-32.00919,0.18537
36.640,-13.64023,-32.24025,0.85505
36.650,-14.06026,-33.05317,0.00000
36.660,-15.78597,-34.72677,0.00000
36.670,-16.94825,-35.10125,0.00000
36.680,-16.11507,-34.27819,1.65625
36.690,-15.66888,-34.19836,0.52601
36.700,-14.46683,-28.85856,6.54185
36.710,-14.14777,-27.26211,1.91552
36.720,-14.36679,-29.99477,0.00000
36.730,-13.91976,-32.56136,0.44703
36.740,-14.51336,-31.65559,0.90577
36.750,-15.71989,-31.33164,0.32394
36.760,-17.37997,-31.47267,0.00000
36.770,-17.17937,-30.93868,0.73459
36.780,-15.58311,-30.12745,2.40749
36.790,-15.53869,-29.98172,0.19015
36.800,-11.71266,-24.56134,9.24641
36.810,-9.12193,-22.44449,4.70757
36.820,-7.14278,-22.56883,1.97915
36.830,-5.54082,-23.68384,1.60196
36.840,-4.76270,-26.79111,0.77812
36.850,-4.19563,-29.33180,0.56708
36.860,-4.14169,-30.65215,0.05393
36.870,-4.63776,-31.98224,0.00000
36.880,-5.20826,-33.40150,0.00000
36.890,-5.14054,-34.09599,0.06772
36.900,-4.86302,-29.37213,5.00138
36.910,-5.12281,-27.85149,1.52064
36.920,-5.45597,-30.91063,0.00000
36.930,-5.47056,-36.69248,0.00000
36.940,-5.58655,-35.38816,1.30433
36.950,-6.28443,-31.27916,4.10900
36.960,-7.11762,-26.98396,4.29520
36.970,-8.06965,-24.50984,2.47412
36.980,-9.52121,-23.63076,0.87908
36.990,-10.90660,-22.20122,1.42953
37.000,-12.38061,-20.59133,1.60989
37.010,-13.17709,-20.68478,0.00000
37.020,-13.72551,-21.90278,0.00000
37.030,-13.97373,-22.30928,0.00000
37.040,-12.66622,-22.51850,1.30750
37.050,-12.57761,-24.02920,0.08861
37.060,-13.48795,-26.14484,0.00000
37.070,-13.83036,-27.16019,0.00000
37.080,-13.99432,-27.98731,0.00000
37.090,-14.05020,-28.59044,0.00000
37.100,-11.79170,-24.84348,6.00546
37.110,-9.95849,-24.23038,2.44631
37.120,-7.35205,-27.34243,2.60644
37.130,-5.51530,-29.39210,1.83676
37.140,-4.99628,-30.12914,0.51901
37.150,-4.45230,-30.46978,0.54398
37.160,-4.31899,-31.13976,0.13331
37.170,-4.74997,-31.28134,0.00000
37.180,-5.15135,-31.36181,0.00000
37.190,-5.06106,-31.28810,0.16400
37.200,-4.98190,-27.84400,3.52325
37.210,-5.19546,-25.23782,2.60618
37.220,-5.32632,-24.55146,0.68636
37.230,-5.30578,-25.20854,0.02053
37.240,-5.54683,-26.77316,0.00000
37.250,-6.53276,-28.00866,0.00000
37.260,-7.34304,-28.71029,0.00000
37.270,-7.86386,-29.23496,0.00000
37.280,-9.16151,-29.94926,0.00000
37.290,-10.80557,-29.84197,0.10730
37.300,-12.28957,-27.17691,2.66506
37.310,-13.95384,-26.03511,1.14180
37.320,-15.16234,-27.36518,0.00000
37.330,-15.54685,-29.46485,0.00000
37.340,-15.49472,-30.12721,0.05213
37.350,-15.02925,-30.09290,0.49978
37.360,-15.33757,-30.11747,0.00000
37.370,-16.13928,-29.98518,0.13229
37.380,-16.17310,-29.98425,0.00093
37.390,-15.61898,-29.81474,0.72364
37.400,-11.50848,-24.33924,9.58600
37.410,-8.57905,-23.76717,3.50149
37.420,-7.09717,-27.89699,1.48188
37.430,-5.92105,-30.35608,1.17612
37.440,-4.97810,-31.25848,0.94295
37.450,-4.29406,-31.62583,0.68404
37.460,-4.23150,-32.41908,0.06256
37.470,-4.68995,-31.82259,0.59649
37.480,-5.12884,-31.91261,0.00000
37.490,-5.01415,-31.94411,0.11469
37.500,-4.97288,-28.55208,3.43331
37.510,-5.42418,-27.50707,1.04500
37.520,-5.48813,-29.00363,0.00000
37.530,-5.33928,-30.05950,0.14885
37.540,-5.42141,-29.80534,0.25416
37.550,-5.91138,-29.72850,0.07684
37.560,-6.70368,-30.41490,0.00000
37.570,-7.80323,-31.48725,0.00000
37.580,-9.50063,-32.30123,0.00000
37.590,-11.40747,-32.46330,0.00000
37.600,-10.95018,-25.61717,7.30341
37.610,-8.32745,-23.29381,4.94609
37.620,-7.23917,-23.58745,1.08828
37.630,-6.20104,-24.77738,1.03813
37.640,-4.16080,-27.88248,2.04024
37.650,-3.22237,-30.76405,0.93843
37.660,-3.19677,-31.21502,0.02560
37.670,-3.51022,-31.96136,0.00000
37.680,-4.43282,-32.28533,0.00000
37.690,-6.79304,-31.68299,0.60234
37.700,-6.46532,-30.11271,1.89800
37.710,-4.69455,-29.53897,2.34451
37.720,-6.61822,-31.05434,0.00000
37.730,-5.71281,-32.85434,0.90541
37.740,-5.08989,-32.79235,0.68491
37.750,-7.74729,-31.98769,0.80465
37.760,-6.06240,-31.62351,2.04908
37.770,-7.17535,-31.36428,0.25923
37.780,-9.93265,-31.16697,0.19731
37.790,-8.01153,-30.48350,2.60459
37.800,-9.34623,-27.81429,2.66921
37.810,-10.11050,-27.17198,0.64231
37.820,-10.04195,-29.02956,0.06856
37.830,-10.27292,-30.22457,0.00000
37.840,-10.12654,-30.53027,0.14638
37.850,-10.63418,-30.55504,0.00000
37.860,-10.21750,-29.85734,1.11438
37.870,-9.71828,-29.81831,0.53826
37.880,-10.18859,-29.44722,0.37109
37.890,-9.85634,-28.96617,0.81330
37.900,-9.40938,-27.32145,2.09167
37.910,-10.14736,-26.98929,0.33216
37.920,-9.98501,-28.49936,0.16234
37.930,-9.53722,-28.83499,0.44779
37.940,-9.75846,-28.80141,0.03358
37.950,-9.89247,-29.03943,0.00000
37.960,-10.04296,-29.13331,0.00000
37.970,-9.65326,-29.16402,0.38970
37.980,-9.96244,-29.41199,0.00000
37.990,-10.01426,-29.18465,0.22733
38.000,-9.31836,-25.11387,4.76668
38.010,-7.88428,-23.26293,3.28501
38.020,-6.10389,-23.32175,1.78039
38.030,-6.20301,-24.11085,0.00000
38.040,-5.33022,-26.59688,0.87280
38.050,-3.58110,-29.16588,1.74912
38.060,-3.66266,-29.88198,0.00000
38.070,-4.24466,-30.10352,0.00000
38.080,-4.37372,-30.49867,0.00000
38.090,-4.03472,-30.66041,0.33900
38.100,-4.17356,-29.46103,1.19937
38.110,-6.48471,-28.80690,0.65413
38.120,-8.52750,-29.21913,0.00000
38.130,-5.92718,-29.82784,2.60032
38.140,-4.29609,-30.23709,1.63109
38.150,-5.37064,-30.21358,0.02351
38.160,-9.14498,-29.81455,0.39903
38.170,-11.32347,-29.48996,0.32459
38.180,-8.48774,-29.65142,2.83573
38.190,-7.42584,-29.88138,1.06190
38.200,-8.98836,-27.28435,2.59703
38.210,-10.94485,-25.96231,1.32204
38.220,-10.87240,-27.22825,0.07246
38.230,-11.44335,-28.39308,0.00000
38.240,-11.25753,-28.77186,0.18583
38.250,-10.59619,-28.55827,0.87492
38.260,-11.08129,-28.15925,0.39902
38.270,-11.38462,-28.46258,0.00000
38.280,-11.00324,-28.90963,0.38138
38.290,-11.08220,-28.91415,0.00000
38.300,-11.45739,-26.80521,2.10894
38.310,-11.14206,-26.38765,0.73290
38.320,-10.63194,-28.27152,0.51012
38.330,-11.24491,-29.04150,0.00000
38.340,-11.80008,-29.11297,0.00000
38.350,-10.94437,-29.38828,0.85571
38.360,-10.86362,-29.90811,0.08075
38.370,-11.01635,-30.05898,0.00000
38.380,-11.15716,-29.71142,0.34756
38.390,-10.78918,-29.78196,0.36799
38.400,-9.73670,-25.00685,5.82758
38.410,-8.62670,-23.03505,3.08181
38.420,-6.81981,-23.20703,1.80689
38.430,-6.32032,-24.31403,0.49949
38.440,-4.90524,-27.33117,1.41507
38.450,-5.05617,-29.48095,0.00000
38.460,-5.03400,-30.25312,0.02217
38.470,-3.81538,-31.17338,1.21862
38.480,-4.18212,-31.84752,0.00000
38.490,-3.99110,-32.09645,0.19101
38.500,-3.94738,-29.68456,2.45562
38.510,-4.30801,-28.50433,1.18022
38.520,-4.38396,-30.00972,0.00000
38.530,-4.42796,-31.17833,0.00000
38.540,-4.87505,-30.59914,0.57919
38.550,-5.92277,-29.99244,0.60670
38.560,-7.34836,-29.87445,0.11798
38.570,-9.24854,-29.97934,0.00000
38.580,-11.55409,-29.94815,0.03120
38.590,-12.75668,-29.39017,0.55797
38.600,-12.59908,-25.76400,3.78377
38.610,-11.72774,-24.83045,1.80490
38.620,-11.25476,-27.05529,0.47297
38.630,-11.38499,-28.67333,0.00000
38.640,-11.45653,-28.59738,0.07595
38.650,-11.05976,-28.40655,0.58761
38.660,-11.18215,-28.46495,0.00000
38.670,-11.89697,-28.30758,0.15738
38.680,-12.12552,-28.37596,0.00000
38.690,-12.29677,-28.91634,0.00000
38.700,-9.63835,-23.63981,7.93495
38.710,-8.30091,-23.30147,1.67577
38.720,-7.87842,-27.91403,0.42249
38.730,-5.88775,-29.24586,1.99067
38.740,-4.17451,-30.11392,1.71324
38.750,-4.31204,-29.57854,0.53539
38.760,-5.79159,-29.42740,0.15114
38.770,-5.27527,-30.35728,0.51632
38.780,-5.16519,-30.10577,0.36159
38.790,-6.63895,-29.96544,0.14033
38.800,-7.29371,-24.79508,5.17036
38.810,-6.66768,-23.07134,2.34977
38.820,-6.72625,-24.06470,0.00000
38.830,-6.36183,-25.23035,0.36442
38.840,-7.24111,-26.38878,0.00000
38.850,-6.89746,-27.13183,0.34365
38.860,-6.03236,-28.16642,0.86510
38.870,-8.93204,-28.33267,0.00000
38.880,-11.80613,-28.27768,0.05498
38.890,-12.55027,-28.28433,0.00000
38.900,-11.28977,-25.75073,3.79410
38.910,-8.95269,-24.77091,3.31691
38.920,-8.78280,-26.14402,0.16989
38.930,-8.24955,-27.45701,0.53325
38.940,-8.11397,-27.81344,0.13558
38.950,-6.79002,-27.66767,1.46973
38.960,-6.75709,-27.79286,0.03293
38.970,-9.42610,-28.02838,0.00000
38.980,-8.98332,-28.09081,0.44278
38.990,-7.62915,-27.89313,1.55185
39.000,-6.58810,-23.30073,5.63346
39.010,-6.36000,-22.89763,0.63119
39.020,-7.93145,-26.73679,0.00000
39.030,-7.87198,-28.29178,0.05947
39.040,-5.40023,-28.85858,2.47174
39.050,-4.22714,-28.97679,1.17309
39.060,-4.62187,-28.59903,0.37776
39.070,-6.14749,-28.19752,0.40150
39.080,-6.72397,-28.07309,0.12443
39.090,-5.79700,-27.97784,1.02222
39.100,-5.11400,-25.07561,3.58523
39.110,-5.12565,-23.95970,1.11591
39.120,-5.96742,-25.84104,0.00000
39.130,-6.48336,-27.99227,0.00000
39.140,-6.78064,-28.76805,0.00000
39.150,-5.44181,-28.60792,1.49895
39.160,-5.09680,-28.23361,0.71932
39.170,-8.64129,-27.67193,0.56168
39.180,-12.65716,-27.09856,0.57337
39.190,-10.66825,-26.88324,2.20424
39.200,-8.84746,-27.62444,1.82079
39.210,-8.89874,-28.65113,0.00000
39.220,-10.30393,-28.77429,0.00000
39.230,-11.28419,-28.74718,0.02711
39.240,-11.22218,-28.25345,0.55574
39.250,-11.42009,-27.87208,0.38137
39.260,-11.65311,-27.64050,0.23158
39.270,-11.90644,-27.37581,0.26469
39.280,-12.00187,-27.63494,0.00000
39.290,-12.90067,-27.89670,0.00000
39.300,-12.87616,-27.86158,0.05963
39.310,-12.55841,-28.26653,0.31775
39.320,-12.68344,-28.43107,0.00000
39.330,-12.34997,-28.03042,0.73413
39.340,-12.80904,-28.03218,0.00000
39.350,-12.68277,-28.15368,0.12628
39.360,-13.39188,-28.32254,0.00000
39.370,-14.20669,-28.37028,0.00000
39.380,-14.40134,-28.17596,0.19432
39.390,-14.19375,-27.84103,0.54251
39.400,-13.31602,-27.40403,1.31474
39.410,-12.94855,-27.16005,0.61144
39.420,-13.15726,-27.28405,0.00000
39.430,-13.41804,-27.22017,0.06388
39.440,-12.62407,-26.59721,1.41693
39.450,-12.82971,-26.13256,0.46465
39.460,-11.97826,-26.22484,0.85145
39.470,-11.98730,-26.45490,0.00000
39.480,-12.28392,-26.21535,0.23955
39.490,-12.10009,-25.99913,0.40005
39.500,-12.22044,-25.59598,0.40315
39.510,-12.01118,-25.28905,0.51619
39.520,-12.36852,-25.28550,0.00355
39.530,-12.74277,-25.81687,0.00000
39.540,-12.59396,-26.04638,0.14880
39.550,-12.41324,-25.93425,0.29285
39.560,-13.34924,-26.09027,0.00000
39.570,-12.95650,-25.61480,0.86822
39.580,-12.87748,-25.45519,0.23863
39.590,-12.52170,-25.83363,0.35578
39.600,-12.15076,-25.82217,0.38240
39.610,-12.41392,-25.91429,0.00000
39.620,-13.30661,-26.13850,0.00000
39.630,-13.79318,-26.06933,0.06917
39.640,-13.24435,-26.00400,0.61417
39.650,-13.52713,-26.03253,0.00000
39.660,-13.90299,-26.11118,0.00000
39.670,-13.85625,-26.48446,0.04674
39.680,-12.98112,-26.55307,0.87514
39.690,-12.39766,-26.44334,0.69319
39.700,-12.59435,-26.65437,0.00000
39.710,-13.31211,-26.64949,0.00489
39.720,-13.56701,-26.31018,0.33930
39.730,-13.76133,-25.87003,0.44016
39.740,-14.20592,-26.25405,0.00000
39.750,-14.66338,-26.71985,0.00000
39.760,-13.63386,-26.44872,1.30065
39.770,-12.89599,-26.11705,1.06953
39.780,-13.27378,-26.48743,0.00000
39.790,-13.07866,-27.21919,0.19512
39.800,-13.23170,-27.11761,0.10159
39.810,-13.07725,-26.48948,0.78258
39.820,-13.23032,-26.34815,0.14133
39.830,-13.73976,-26.47230,0.00000
39.840,-13.41202,-26.73220,0.32775
39.850,-13.49908,-27.15143,0.00000
39.860,-13.38331,-26.96162,0.30559
39.870,-12.60981,-26.42739,1.30773
39.880,-12.66986,-26.21944,0.20795
39.890,-13.48695,-26.31439,0.00000
39.900,-13.36774,-25.99007,0.44353
39.910,-13.27179,-25.57642,0.50960
39.920,-13.69872,-26.13931,0.00000
39.930,-13.66367,-26.61107,0.03505
39.940,-13.38243,-26.21689,0.67543
39.950,-12.71521,-26.59525,0.66722
39.960,-12.96738,-26.98889,0.00000
39.970,-13.72896,-26.43751,0.55139
39.980,-13.69971,-26.41505,0.05171
39.990,-13.57392,-26.65271,0.12579
40.000,-13.37700,-26.65591,0.19692
40.010,-13.45563,-26.82912,0.00000
40.020,-13.07895,-26.77234,0.43346
40.030,-13.25618,-26.91835,0.00000
40.040,-13.94825,-26.98745,0.00000
40.050,-14.24285,-26.87690,0.11054
40.060,-14.02517,-26.55493,0.53965
40.070,-14.04704,-26.46494,0.08999
40.080,-13.33502,-26.11479,1.06217
40.090,-12.56692,-25.47062,1.41228
40.100,-12.76344,-25.91145,0.00000
40.110,-13.64018,-26.49654,0.00000
40.120,-13.89788,-26.30078,0.19577
40.130,-13.73897,-26.38796,0.15891
40.140,-14.60887,-26.40982,0.00000
40.150,-14.43363,-26.20523,0.37982
40.160,-14.18452,-26.27030,0.24911
40.170,-13.96698,-26.11556,0.37227
40.180,-13.59772,-26.16175,0.36927
40.190,-13.54575,-26.31946,0.05197
40.200,-13.34740,-26.09067,0.42713
40.210,-14.13818,-26.33230,0.00000
40.220,-14.85979,-26.30405,0.02825
40.230,-14.95367,-26.03091,0.27314
40.240,-14.85878,-26.25285,0.09489
40.250,-14.51064,-26.17527,0.42572
40.260,-14.61016,-26.25093,0.00000
40.270,-14.70963,-26.34638,0.00000
40.280,-13.35547,-25.87433,1.82622
40.290,-12.93963,-25.74245,0.54772
40.300,-13.89938,-26.33696,0.00000
40.310,-14.02675,-26.55666,0.00000
40.320,-14.45346,-26.52908,0.02758
40.330,-13.79279,-26.50675,0.68300
40.340,-13.26380,-25.98994,1.04581
40.350,-13.97265,-26.21157,0.00000
40.360,-13.50059,-26.85145,0.47206
40.370,-13.22389,-26.87847,0.27669
40.380,-13.72467,-26.94146,0.00000
40.390,-14.18796,-26.97998,0.00000
40.400,-14.79640,-26.67594,0.30403
40.410,-13.65865,-26.30491,1.50878
40.420,-13.05009,-25.95839,0.95508
40.430,-14.28417,-25.91214,0.04625
40.440,-14.09426,-26.14864,0.18991
40.450,-14.23248,-26.32033,0.00000
40.460,-15.24882,-26.33973,0.00000
40.470,-15.24012,-26.26557,0.08286
40.480,-14.65483,-26.14075,0.71012
40.490,-13.85993,-26.26959,0.79489
40.500,-14.26382,-26.72025,0.00000
40.510,-14.13594,-26.74245,0.12788
40.520,-14.19869,-27.22027,0.00000
40.530,-14.23856,-27.92840,0.00000
40.540,-13.89729,-28.29542,0.34127
40.550,-15.49805,-28.96988,0.00000
40.560,-16.45232,-29.16077,0.00000
40.570,-15.93002,-28.91315,0.76992
40.580,-16.04225,-28.58341,0.32974
40.590,-15.12869,-28.31463,1.18235
40.600,-15.45589,-28.14156,0.17308
40.610,-15.98306,-27.83393,0.30762
40.620,-15.27759,-27.71329,0.82612
40.630,-15.67213,-27.89241,0.00000
40.640,-14.71831,-28.29573,0.95381
40.650,-14.78670,-28.98792,0.00000
40.660,-15.88659,-29.91666,0.00000
40.670,-14.88960,-30.56321,0.99699
40.680,-14.72587,-30.32384,0.40310
40.690,-14.59241,-30.70500,0.13347
40.700,-15.70943,-31.68677,0.00000
40.710,-18.17267,-32.44965,0.00000
40.720,-16.64637,-32.66149,1.52630
40.730,-15.65259,-31.55943,2.09584
40.740,-15.62145,-31.20233,0.38824
40.750,-15.66849,-30.81766,0.38467
40.760,-15.98210,-28.29363,2.52403
40.770,-15.72855,-26.59278,1.95439
40.780,-16.37498,-26.78044,0.00000
40.790,-17.03364,-27.58259,0.00000
40.800,-15.99440,-28.80347,1.03924
40.810,-16.07514,-30.51868,0.00000
40.820,-16.15142,-31.63406,0.00000
40.830,-16.49614,-32.22944,0.00000
40.840,-16.79707,-32.31738,0.00000
40.850,-15.30602,-32.68022,1.49104
40.860,-15.87547,-32.97459,0.00000
40.870,-16.49666,-33.30071,0.00000
40.880,-16.63084,-33.70022,0.00000
40.890,-18.06196,-34.03345,0.00000
40.900,-17.01525,-33.44969,1.63047
40.910,-16.74357,-32.81135,0.91002
40.920,-17.59256,-32.07025,0.74110
40.930,-17.35689,-30.70981,1.59611
40.940,-17.43893,-29.85403,0.85578
40.950,-17.06742,-29.46442,0.76112
40.960,-16.79562,-28.61059,1.12562
40.970,-17.02533,-28.02479,0.58580
40.980,-16.78987,-27.73644,0.52381
40.990,-17.66181,-27.30223,0.43421
41.000,-17.47777,-26.85381,0.63246
41.010,-17.29765,-27.07672,0.18012
41.020,-18.14825,-27.43971,0.00000
41.030,-17.27878,-27.54913,0.86947
41.040,-17.77952,-28.78098,0.00000
41.050,-18.09484,-30.07490,0.00000
41.060,-17.81035,-31.08652,0.28449
41.070,-18.93996,-32.73680,0.00000
41.080,-18.29203,-33.21638,0.64793
41.090,-17.54335,-33.31917,0.74868
41.100,-17.63513,-33.92808,0.00000
41.110,-17.58500,-34.67882,0.05013
41.120,-18.06835,-34.75951,0.00000
41.130,-17.65731,-34.58971,0.58083
41.140,-17.18233,-34.25302,0.81167
41.150,-18.05148,-34.41127,0.00000
41.160,-17.75753,-34.06125,0.64397
41.170,-17.96744,-33.80194,0.25931
41.180,-17.69828,-32.91628,1.15481
41.190,-17.32218,-29.41088,3.88151
41.200,-18.10934,-28.14154,1.26934
41.210,-17.26572,-25.12661,3.85855
41.220,-16.23798,-19.89190,6.26244
41.230,-15.42838,-18.14584,2.55567
41.240,-15.19354,-18.45683,0.23484
41.250,-16.13275,-18.91477,0.00000
41.260,-16.45684,-19.00582,0.00000
41.270,-16.30877,-18.62458,0.52931
41.280,-16.78797,-19.09276,0.00000
41.290,-16.21737,-19.65419,0.57061
41.300,-16.68292,-19.59978,0.05441
41.310,-17.13683,-20.02782,0.00000
41.320,-16.92349,-20.17131,0.21333
41.330,-17.32250,-20.24013,0.00000
41.340,-16.68983,-20.30710,0.63266
41.350,-17.22485,-20.37007,0.00000
41.360,-17.22265,-20.91943,0.00221
41.370,-16.97050,-21.24946,0.25214
41.380,-15.33557,-22.41011,1.63494
41.390,-13.32772,-24.09117,2.00784
41.400,-13.54511,-24.43542,0.00000
41.410,-14.25424,-25.11001,0.00000
41.420,-14.14402,-26.02874,0.11022
41.430,-14.62318,-26.50286,0.00000
41.440,-15.01403,-26.46228,0.04058
41.450,-15.27589,-26.83892,0.00000
41.460,-15.04508,-26.43901,0.63072
41.470,-14.12342,-25.89405,1.46662
41.480,-14.20466,-25.75183,0.14221
41.490,-14.44625,-25.53224,0.21959
41.500,-14.62013,-25.66923,0.00000
41.510,-14.64953,-25.56306,0.10617
41.520,-13.69328,-25.22201,1.29730
41.530,-13.91513,-25.20717,0.01484
41.540,-14.56786,-25.28485,0.00000
41.550,-15.00412,-25.60325,0.00000
41.560,-15.27172,-26.49641,0.00000
41.570,-14.46373,-27.00995,0.80799
41.580,-15.19986,-27.17895,0.00000
41.590,-15.57012,-27.40235,0.00000
41.600,-15.15598,-27.27836,0.53813
41.610,-14.15377,-27.20517,1.07541
41.620,-12.27148,-26.86722,2.22024
41.630,-11.90722,-26.61483,0.61664
41.640,-12.71964,-27.26945,0.00000
41.650,-13.24460,-28.04779,0.00000
41.660,-13.39862,-28.41715,0.00000
41.670,-13.19301,-28.40692,0.21584
41.680,-13.31896,-28.21841,0.18850
41.690,-14.03479,-28.66404,0.00000
41.700,-14.41678,-29.38621,0.00000
41.710,-14.73462,-29.82562,0.00000
41.720,-14.39703,-29.77956,0.38363
41.730,-13.94067,-29.93216,0.45636
41.740,-14.15983,-30.54792,0.00000
41.750,-14.23157,-30.30097,0.24694
41.760,-14.39160,-28.97067,1.33030
41.770,-14.69239,-28.46704,0.50364
41.780,-14.22572,-28.71786,0.46668
41.790,-13.63383,-28.52915,0.78060
41.800,-14.07207,-27.79319,0.73596
41.810,-14.72450,-27.73857,0.05462
41.820,-13.98448,-22.16092,6.31767
41.830,-13.93069,-19.96968,2.24504
41.840,-14.27800,-20.68889,0.00000
41.850,-14.50645,-21.12123,0.00000
41.860,-14.95833,-20.54097,0.58026
41.870,-14.44857,-19.04371,2.00703
41.880,-14.45876,-18.67253,0.37118
41.890,-14.73953,-19.42804,0.00000
41.900,-14.98779,-19.72909,0.00000
41.910,-15.50177,-20.40906,0.00000
41.920,-14.64365,-20.77232,0.85812
41.930,-13.70601,-20.28462,1.42534
41.940,-13.74077,-20.37008,0.00000
41.950,-13.87418,-20.49660,0.00000
41.960,-13.81652,-20.29048,0.26378
41.970,-14.05274,-19.89307,0.39741
41.980,-14.59728,-20.44157,0.00000
41.990,-15.36415,-23.68042,0.00000
42.000,-15.81723,-27.23542,0.00000
42.010,-14.64086,-26.32208,2.08971
42.020,-12.72408,-26.22350,2.01536
42.030,-12.68411,-26.69821,0.03997
42.040,-13.61942,-27.70421,0.00000
42.050,-13.58825,-28.58577,0.03118
42.060,-13.81597,-29.53051,0.00000
42.070,-14.17092,-30.03629,0.00000
42.080,-14.76918,-30.54605,0.00000
42.090,-15.10652,-30.52540,0.02066
42.100,-14.30721,-29.75017,1.57454
42.110,-13.46784,-29.80156,0.83937
42.120,-13.67198,-29.90650,0.00000
42.130,-13.97854,-29.99476,0.00000
42.140,-14.42990,-30.08750,0.00000
42.150,-14.94329,-29.63858,0.44891
42.160,-14.44386,-29.81964,0.49943
42.170,-14.61246,-30.27423,0.00000
42.180,-14.62561,-30.05874,0.21548
42.190,-14.74742,-29.62561,0.43314
42.200,-15.17609,-28.53376,1.09184
42.210,-14.58655,-28.42764,0.69566
42.220,-14.59905,-29.65310,0.00000
42.230,-14.56339,-29.77980,0.03565
42.240,-14.56499,-26.53219,3.24761
42.250,-14.54172,-24.86493,1.69053
42.260,-14.34391,-23.26721,1.79553
42.270,-14.62596,-21.80630,1.46091
42.280,-14.17211,-21.81890,0.45384
42.290,-14.51645,-22.07642,0.00000
42.300,-15.34223,-21.55113,0.52529
42.310,-14.87632,-21.15462,0.86243
42.320,-14.20805,-21.21479,0.66827
42.330,-14.11749,-20.68320,0.62215
42.340,-14.61461,-20.25883,0.42438
42.350,-14.85599,-20.55583,0.00000
42.360,-14.78238,-20.56299,0.07361
42.370,-14.83100,-19.85746,0.70554
42.380,-15.28140,-20.47573,0.00000
42.390,-15.01246,-23.02542,0.26894
42.400,-15.01101,-26.49618,0.00145
42.410,-15.37036,-25.42187,1.07430
42.420,-14.26974,-22.98488,3.53761
42.430,-13.40282,-24.54200,0.86692
42.440,-13.37154,-28.23431,0.03129
42.450,-13.90127,-28.54607,0.00000
42.460,-14.24006,-28.07091,0.47516
42.470,-14.02013,-27.14707,1.14378
42.480,-14.28802,-27.05463,0.09244
42.490,-14.30855,-27.75887,0.00000
42.500,-13.25746,-27.75564,1.05432
42.510,-13.96742,-27.51431,0.24133
42.520,-15.12830,-27.11741,0.39690
42.530,-14.48538,-27.59333,0.64293
42.540,-14.55359,-27.93707,0.00000
42.550,-15.35774,-27.69608,0.24100
42.560,-15.11225,-28.09237,0.24549
42.570,-14.70112,-28.37502,0.41113
42.580,-15.01441,-28.48119,0.00000
42.590,-14.77130,-28.15146,0.57284
42.600,-14.70117,-27.47765,0.74394
42.610,-14.32357,-27.31385,0.54140
42.620,-14.30402,-27.62180,0.01954
42.630,-14.01219,-27.64510,0.29183
42.640,-14.30498,-27.57731,0.06779
42.650,-15.02713,-28.05661,0.00000
42.660,-14.10634,-28.23638,0.92079
42.670,-13.47940,-27.29301,1.57032
42.680,-13.66260,-27.30001,0.00000
42.690,-14.09071,-28.03920,0.00000
42.700,-14.05693,-28.10507,0.03378
42.710,-14.17654,-28.08722,0.01785
42.720,-14.26052,-28.02022,0.06701
42.730,-13.99354,-28.26718,0.26698
42.740,-13.66445,-28.60084,0.32909
42.750,-14.03943,-28.61260,0.00000
42.760,-14.53534,-28.37455,0.23804
42.770,-14.20974,-28.00911,0.69104
42.780,-14.01959,-27.96473,0.23453
42.790,-13.85454,-28.13072,0.16505
42.800,-13.74575,-27.80825,0.43126
42.810,-13.71134,-27.71343,0.12924
42.820,-13.42394,-27.25097,0.74985
42.830,-13.08766,-27.11866,0.46859
42.840,-13.24284,-27.44574,0.00000
42.850,-13.68635,-26.88672,0.55902
42.860,-13.80358,-26.96069,0.00000
42.870,-14.20270,-27.41835,0.00000
42.880,-14.56276,-27.50096,0.00000
42.890,-13.96855,-27.56208,0.59421
42.900,-13.73750,-28.13416,0.23105
42.910,-13.96029,-28.52995,0.00000
42.920,-13.85059,-28.00948,0.63018
42.930,-14.13397,-28.04557,0.00000
42.940,-14.34176,-28.37379,0.00000
42.950,-13.97036,-28.20931,0.53588
42.960,-13.86255,-27.86721,0.44990
42.970,-14.15582,-28.04052,0.00000
42.980,-14.27345,-27.67154,0.36898
42.990,-14.34252,-27.27207,0.39947
43.000,-14.77708,-27.48203,0.00000
43.010,-14.97802,-26.72750,0.75453
43.020,-14.43900,-26.59579,0.67073
43.030,-14.25765,-27.20116,0.18135
43.040,-13.90221,-27.10688,0.44972
43.050,-13.54441,-27.15797,0.35779
43.060,-13.97860,-27.26925,0.00000
43.070,-13.91761,-27.24069,0.08955
43.080,-14.31045,-27.46002,0.00000
43.090,-14.78676,-27.62824,0.00000
43.100,-14.81501,-27.73022,0.00000
43.110,-14.78041,-27.64384,0.12098
43.120,-14.88450,-27.23140,0.41244
43.130,-15.28021,-27.23814,0.00000
43.140,-15.03890,-27.45833,0.24131
43.150,-14.96081,-27.26528,0.27113
43.160,-15.37067,-27.22477,0.04052
43.170,-15.89868,-27.15178,0.07298
43.180,-15.07991,-27.13784,0.83271
43.190,-14.82311,-27.33927,0.25680
43.200,-14.78854,-27.18197,0.19187
43.210,-14.62837,-26.43370,0.90844
43.220,-14.31845,-26.41393,0.32969
43.230,-13.59120,-27.15955,0.72725
43.240,-13.74612,-27.35527,0.00000
43.250,-13.75660,-27.32027,0.03500
43.260,-14.23877,-27.16263,0.15764
43.270,-13.92938,-27.05974,0.41227
43.280,-13.70822,-26.80523,0.47566
43.290,-14.22367,-26.63967,0.16556
43.300,-14.01485,-26.90524,0.20882
43.310,-14.57672,-27.05335,0.00000
43.320,-14.60457,-26.84288,0.21047
43.330,-14.83954,-26.40641,0.43647
43.340,-14.59364,-26.25139,0.40092
43.350,-14.40807,-26.76395,0.18557
43.360,-14.22199,-26.99433,0.18608
43.370,-13.56615,-26.69803,0.95214
43.380,-14.00057,-26.72965,0.00000
43.390,-13.86560,-26.84818,0.13496
43.400,-13.80096,-26.96650,0.06464
43.410,-13.46210,-26.16108,1.14427
43.420,-14.16850,-26.19237,0.00000
43.430,-15.31621,-27.24900,0.00000
43.440,-15.50930,-26.79037,0.45863
43.450,-16.03200,-26.49392,0.29646
43.460,-15.12252,-26.91141,0.90948
43.470,-14.82588,-25.87853,1.32952
43.480,-14.14879,-25.60592,0.94970
43.490,-13.90346,-26.80779,0.24533
43.500,-13.85539,-26.67333,0.18253
43.510,-14.28132,-26.20412,0.46921
43.520,-15.02557,-26.06679,0.13733
43.530,-14.12194,-26.02655,0.94387
43.540,-13.78676,-25.97552,0.38621
43.550,-13.57716,-26.08178,0.20960
43.560,-13.75152,-26.04823,0.03355
43.570,-13.80029,-25.96115,0.08709
43.580,-14.00284,-25.96448,0.00000
43.590,-14.68840,-25.32291,0.64157
43.600,-14.62713,-24.62637,0.75780
43.610,-15.35808,-24.47866,0.14771
43.620,-15.41078,-24.51991,0.00000
43.630,-14.89282,-24.47964,0.55823
43.640,-14.10413,-24.22598,1.04235
43.650,-13.93223,-24.09213,0.30574
43.660,-14.71961,-24.05685,0.03529
43.670,-15.09259,-23.74341,0.31344
43.680,-15.61065,-24.36268,0.00000
43.690,-15.32457,-24.87723,0.28608
43.700,-15.32909,-24.06687,0.81036
43.710,-15.44177,-24.23278,0.00000
43.720,-15.17697,-24.97626,0.26480
43.730,-14.88832,-25.26926,0.28866
43.740,-15.15746,-26.02397,0.00000
43.750,-15.25596,-26.21565,0.00000
43.760,-14.37988,-27.49395,0.87608
43.770,-14.97529,-30.62706,0.00000
43.780,-15.91098,-31.51460,0.00000
43.790,-16.38681,-32.35041,0.00000
43.800,-16.31473,-33.02901,0.07208
43.810,-16.15472,-33.61849,0.16001
43.820,-16.68341,-34.27580,0.00000
43.830,-16.12678,-34.45786,0.55663
43.840,-16.31198,-34.39951,0.05835
43.850,-16.15530,-34.02285,0.53335
43.860,-15.74735,-33.82589,0.60490
43.870,-15.95561,-34.18755,0.00000
43.880,-16.22282,-34.36527,0.00000
43.890,-16.91130,-34.70875,0.00000
43.900,-17.05735,-35.12966,0.00000
43.910,-17.26592,-35.29435,0.00000
43.920,-17.65878,-36.01570,0.00000
43.930,-17.97437,-36.38256,0.00000
43.940,-17.92717,-36.15614,0.27362
43.950,-17.83293,-36.14444,0.10594
43.960,-17.05311,-36.41944,0.77982
43.970,-17.34679,-36.57788,0.00000
43.980,-17.85045,-36.02500,0.55289
43.990,-17.04043,-35.84866,0.98636
44.000,-17.33446,-36.19166,0.00000
44.010,-17.27651,-35.92837,0.32125
44.020,-17.52821,-35.62366,0.30471
44.030,-17.33992,-36.07741,0.18829
44.040,-17.77916,-36.96874,0.00000
44.050,-19.06385,-36.88288,0.08586
44.060,-18.19476,-36.71472,1.03724
44.070,-17.83875,-36.61482,0.45591
44.080,-17.98417,-36.72048,0.00000
44.090,-18.24827,-36.74455,0.00000
44.100,-17.43957,-36.23719,1.31606
44.110,-17.61277,-36.37935,0.00000
44.120,-17.89368,-36.76797,0.00000
44.130,-17.21869,-36.84787,0.67499
44.140,-17.79944,-36.84434,0.00353
44.150,-17.71534,-37.01767,0.08410
44.160,-18.00935,-37.41842,0.00000
44.170,-18.20101,-37.39548,0.02294
44.180,-18.97661,-37.19506,0.20043
44.190,-18.66220,-37.53638,0.31441
44.200,-18.63510,-38.31451,0.02710
44.210,-20.09269,-38.54378,0.00000
44.220,-18.49169,-38.34145,1.80333
44.230,-18.36570,-37.89258,0.57486
44.240,-18.15296,-37.38262,0.72270
44.250,-18.29665,-37.15977,0.22285
44.260,-17.71216,-37.06483,0.67943
44.270,-18.02522,-37.64315,0.00000
44.280,-20.24226,-38.19347,0.00000
44.290,-19.00186,-37.45545,1.97843
44.300,-19.21182,-37.11107,0.34438
44.310,-19.53050,-38.02453,0.00000
44.320,-19.07936,-38.39956,0.45114
44.330,-18.38129,-38.15735,0.94028
44.340,-18.85639,-38.54594,0.00000
44.350,-20.08126,-38.68226,0.00000
44.360,-19.65892,-38.41050,0.69410
44.370,-20.29582,-38.07832,0.33218
44.380,-19.57321,-38.04213,0.75880
44.390,-19.09872,-38.64278,0.47450
44.400,-18.51861,-38.98641,0.58010
44.410,-18.38519,-38.21235,0.90748
44.420,-17.67505,-37.48697,1.43552
44.430,-17.91492,-37.89198,0.00000
44.440,-19.21492,-38.31733,0.00000
44.450,-18.43066,-38.64678,0.78426
44.460,-19.06004,-38.74479,0.00000
44.470,-19.39758,-38.40177,0.34302
44.480,-19.83474,-38.02664,0.37513
44.490,-18.93855,-37.57082,1.35201
44.500,-18.95904,-37.97950,0.00000
44.510,-20.23344,-38.77800,0.00000
44.520,-19.84209,-38.82651,0.39135
44.530,-20.19557,-38.85382,0.00000
44.540,-19.58521,-38.93759,0.61036
44.550,-18.91649,-37.94134,1.66496
44.560,-18.45379,-37.81293,0.59112
44.570,-18.56560,-38.09281,0.00000
44.580,-18.78661,-38.21110,0.00000
44.590,-19.15446,-38.55664,0.00000
44.600,-19.62419,-38.42833,0.12832
44.610,-18.13683,-36.03405,3.88164
44.620,-16.06898,-33.59126,4.51064
44.630,-13.88490,-32.36735,3.40798
44.640,-12.10267,-32.30053,1.84905
44.650,-11.59088,-33.01776,0.51180
44.660,-12.27964,-33.66895,0.00000
44.670,-13.41815,-34.36551,0.00000
44.680,-14.07088,-34.33348,0.03203
44.690,-13.72242,-33.44335,1.23860
44.700,-13.50127,-33.10781,0.55669
44.710,-14.29004,-33.77215,0.00000
44.720,-14.20867,-34.38762,0.08138
44.730,-13.73053,-34.25354,0.61221
44.740,-13.88934,-33.79687,0.45667
44.750,-13.87467,-33.39942,0.41212
44.760,-13.50346,-32.69753,1.07310
44.770,-12.75680,-31.91496,1.52923
44.780,-12.78729,-31.72983,0.18513
44.790,-13.86529,-31.93797,0.00000
44.800,-15.78163,-32.19389,0.00000
44.810,-15.48944,-31.91695,0.56912
44.820,-13.18016,-30.81249,3.41374
44.830,-12.73988,-30.35094,0.90183
44.840,-13.63449,-30.98218,0.00000
44.850,-13.36390,-31.21958,0.27059
44.860,-13.58311,-31.32370,0.00000
44.870,-14.26375,-31.46786,0.00000
44.880,-14.83704,-31.28655,0.18131
44.890,-14.26102,-31.20135,0.66122
44.900,-13.78917,-31.50046,0.47186
44.910,-14.56075,-31.80093,0.00000
44.920,-13.85556,-31.62978,0.87635
44.930,-13.72208,-31.42680,0.33645
44.940,-13.48640,-30.99194,0.67054
44.950,-13.55173,-31.05843,0.00000
44.960,-13.01057,-30.88733,0.71226
44.970,-12.61298,-30.50540,0.77952
44.980,-12.32929,-30.48530,0.30378
44.990,-12.21172,-30.68751,0.11757
45.000,-12.22857,-30.91760,0.00000
45.010,-12.60798,-31.17723,0.00000
45.020,-13.43138,-31.25381,0.00000
45.030,-13.25314,-31.25689,0.17824
45.040,-13.99228,-31.60231,0.00000
45.050,-14.84154,-31.52991,0.07240
45.060,-15.09956,-31.14055,0.38936
45.070,-14.82371,-30.54834,0.86806
45.080,-13.98458,-30.38778,0.99969
45.090,-13.81520,-30.39649,0.16937
45.100,-14.13033,-30.34587,0.05062
45.110,-13.72238,-29.95197,0.80184
45.120,-13.78715,-29.79389,0.15808
45.130,-13.73552,-29.95374,0.05162
45.140,-13.47032,-29.87129,0.34766
45.150,-13.19406,-29.98354,0.27626
45.160,-13.25538,-30.10992,0.00000
45.170,-13.66544,-30.20889,0.00000
45.180,-13.22965,-30.03991,0.60478
45.190,-13.48573,-30.17163,0.00000
45.200,-13.43259,-30.17746,0.05314
45.210,-13.37077,-29.82747,0.41182
45.220,-12.82711,-29.84844,0.54366
45.230,-12.18999,-29.58252,0.90304
45.240,-12.45713,-29.11401,0.46851
45.250,-13.19365,-29.29152,0.00000
45.260,-13.96720,-29.40436,0.00000
45.270,-13.90805,-29.19861,0.26490
45.280,-14.73853,-29.43768,0.00000
45.290,-15.07472,-29.82550,0.00000
45.300,-14.41176,-30.00915,0.66296
45.310,-14.82647,-30.16267,0.00000
45.320,-14.95815,-30.13650,0.02617
45.330,-14.17505,-29.89621,1.02338
45.340,-13.99722,-29.75570,0.31834
45.350,-14.77291,-29.91127,0.00000
45.360,-14.49386,-29.62382,0.56649
45.370,-13.55381,-29.16376,1.40012
45.380,-14.03364,-29.32881,0.00000
45.390,-13.68071,-29.07186,0.60989
45.400,-13.25681,-28.58951,0.90624
45.410,-13.06204,-28.38872,0.39556
45.420,-13.39265,-28.64432,0.00000
45.430,-13.81600,-28.79568,0.00000
45.440,-13.51208,-28.59195,0.50765
45.450,-13.64795,-29.07187,0.00000
45.460,-13.61612,-29.56002,0.03183
45.470,-14.08558,-29.69026,0.00000
45.480,-14.14973,-29.65400,0.03626
45.490,-13.95654,-29.20437,0.64282
45.500,-14.06655,-29.20022,0.00415
45.510,-14.52625,-29.76359,0.00000
45.520,-14.69311,-30.07622,0.00000
45.530,-14.87996,-30.34621,0.00000
45.540,-15.64435,-30.48284,0.00000
45.550,-15.31546,-30.50372,0.32889
45.560,-15.46301,-30.45303,0.05068
45.570,-15.36789,-30.82732,0.09511
45.580,-15.28178,-32.12723,0.08611
45.590,-15.57953,-32.93824,0.00000
45.600,-15.30704,-33.06913,0.27248
45.610,-15.38869,-32.53095,0.53818
45.620,-14.39033,-30.54713,2.98217
45.630,-13.19277,-28.99667,2.74802
45.640,-13.23524,-28.53745,0.45922
45.650,-13.59291,-28.56502,0.00000
45.660,-13.46844,-28.59692,0.12446
45.670,-12.67941,-28.45284,0.93311
45.680,-11.87876,-27.84323,1.41026
45.690,-11.50306,-27.23707,0.98187
45.700,-11.68177,-27.17881,0.05826
45.710,-12.19741,-27.29706,0.00000
45.720,-12.17058,-27.45149,0.02683
45.730,-11.64652,-27.20962,0.76593
45.740,-11.83115,-26.82816,0.38147
45.750,-12.36511,-26.91035,0.00000
45.760,-12.32484,-26.63863,0.31199
45.770,-12.34568,-26.50319,0.13545
45.780,-12.31308,-26.71279,0.03260
45.790,-12.97151,-26.72057,0.00000
45.800,-13.10107,-26.69394,0.02664
45.810,-12.93633,-27.23641,0.16475
45.820,-12.83016,-27.80557,0.10617
45.830,-12.83868,-27.48382,0.32174
45.840,-13.54100,-27.94297,0.00000
45.850,-13.46901,-28.10045,0.07199
45.860,-12.91440,-27.66791,0.98715
45.870,-12.11093,-27.68619,0.80347
45.880,-12.13554,-27.92055,0.00000
45.890,-12.31960,-28.15271,0.00000
45.900,-12.52564,-27.99883,0.15388
45.910,-12.77852,-28.20413,0.00000
45.920,-13.28903,-28.16723,0.03690
45.930,-13.92182,-28.19145,0.00000
45.940,-14.52992,-28.25007,0.00000
45.950,-15.41903,-27.35929,0.89078
45.960,-14.88708,-26.07846,1.81279
45.970,-15.34878,-25.90852,0.16994
45.980,-15.80359,-26.76187,0.00000
45.990,-15.10615,-27.48882,0.69744
46.000,-15.07358,-28.14618,0.03256
46.010,-14.88486,-28.58111,0.18872
46.020,-14.07002,-28.79714,0.81484
46.030,-14.56829,-28.81290,0.00000
46.040,-14.83817,-28.96634,0.00000
46.050,-14.26776,-28.88558,0.65116
46.060,-13.82536,-28.17186,1.15612
46.070,-13.93579,-27.75535,0.41651
46.080,-14.51794,-27.68628,0.06906
46.090,-13.72524,-27.71432,0.79270
46.100,-14.03646,-28.36945,0.00000
46.110,-14.02811,-28.88869,0.00835
46.120,-13.98228,-28.93248,0.04583
46.130,-14.54954,-28.99417,0.00000
46.140,-14.22309,-28.56532,0.75530
46.150,-14.32648,-28.20254,0.36277
46.160,-14.62107,-28.16837,0.03417
46.170,-13.99261,-28.37022,0.62846
46.180,-12.58272,-28.06120,1.71891
46.190,-11.89875,-27.85389,0.89129
46.200,-12.75175,-27.98167,0.00000
46.210,-12.93099,-28.01659,0.00000
46.220,-12.53664,-28.42076,0.39435
46.230,-13.49904,-28.57164,0.00000
46.240,-14.04399,-28.41482,0.15682
46.250,-13.39275,-28.63683,0.65124
46.260,-13.10703,-28.77929,0.28573
46.270,-13.71033,-28.97349,0.00000
46.280,-13.47598,-29.03720,0.23435
46.290,-13.86075,-28.85968,0.17753
46.300,-14.56841,-29.06693,0.00000
46.310,-14.26809,-29.83297,0.30032
46.320,-14.87457,-30.82656,0.00000
46.330,-14.84803,-31.61989,0.02654
46.340,-14.75505,-32.52747,0.09298
46.350,-15.99419,-33.36022,0.00000
46.360,-16.53520,-34.06101,0.00000
46.370,-16.59131,-34.37254,0.00000
46.380,-16.01529,-35.18670,0.57601
46.390,-16.55846,-35.63417,0.00000
46.400,-16.76998,-35.22943,0.40474
46.410,-15.68863,-34.03013,2.28064
46.420,-15.79227,-32.62954,1.40058
46.430,-13.61115,-31.40692,3.40375
46.440,-12.70667,-29.91756,2.39383
46.450,-12.84397,-29.01754,0.90002
46.460,-12.25446,-28.50132,1.10573
46.470,-12.60118,-28.06109,0.44022
46.480,-12.63957,-28.10375,0.00000
46.490,-12.26586,-28.40409,0.37370
46.500,-12.74676,-28.52654,0.00000
46.510,-13.31589,-28.61515,0.00000
46.520,-13.62686,-28.36550,0.24965
46.530,-13.38058,-28.53351,0.24628
46.540,-13.38297,-29.15371,0.00000
46.550,-13.87414,-28.57699,0.57673
46.560,-13.17149,-27.56774,1.71188
46.570,-13.05105,-27.51110,0.17708
46.580,-13.31549,-28.40473,0.00000
46.590,-13.27939,-28.95468,0.03610
46.600,-13.13908,-28.82974,0.26526
46.610,-13.17930,-28.85348,0.00000
46.620,-13.68904,-29.00510,0.00000
46.630,-13.91441,-28.85549,0.14961
46.640,-13.50084,-28.71850,0.55056
46.650,-13.04086,-28.82128,0.45998
46.660,-12.74898,-29.20199,0.29188
46.670,-12.97964,-29.04432,0.15766
46.680,-14.11880,-28.62838,0.41594
46.690,-13.79649,-29.10573,0.32231
46.700,-13.15656,-29.28813,0.63993
46.710,-13.73988,-28.83559,0.45254
46.720,-14.02736,-28.93822,0.00000
46.730,-13.58668,-29.18606,0.44069
46.740,-13.66958,-28.67168,0.51437
46.750,-14.18164,-28.57149,0.10020
46.760,-14.62719,-29.14400,0.00000
46.770,-14.62499,-29.38839,0.00219
46.780,-14.64200,-29.77243,0.00000
46.790,-14.16534,-30.05085,0.47666
46.800,-14.23575,-30.43015,0.00000
46.810,-14.95292,-30.70908,0.00000
46.820,-13.97613,-29.98947,1.69640
46.830,-13.85320,-29.91845,0.19395
46.840,-14.14305,-29.73269,0.18576
46.850,-13.87076,-29.40543,0.59956
46.860,-14.07029,-29.73439,0.00000
46.870,-13.93198,-29.28244,0.59027
46.880,-13.68533,-29.06461,0.46447
46.890,-13.31592,-29.49122,0.36941
46.900,-14.08277,-29.44672,0.04450
46.910,-15.34368,-29.74884,0.00000
46.920,-14.08374,-29.77915,1.25993
46.930,-13.50745,-29.77052,0.58492
46.940,-14.41499,-30.15994,0.00000
46.950,-14.77801,-30.34503,0.00000
46.960,-14.62916,-30.73908,0.14885
46.970,-14.27612,-30.63203,0.46009
46.980,-14.30433,-30.35660,0.27543
46.990,-15.31554,-29.99920,0.35740
47.000,-14.81153,-30.37894,0.50402
47.010,-14.47430,-31.05386,0.33723
47.020,-14.17636,-30.47121,0.88059
47.030,-14.03508,-30.02300,0.58950
47.040,-14.75268,-29.81683,0.20617
47.050,-15.06208,-30.03999,0.00000
47.060,-15.56635,-30.59544,0.00000
47.070,-14.79081,-30.72907,0.77554
47.080,-14.54423,-30.96651,0.24658
47.090,-14.72672,-30.76092,0.20560
47.100,-14.62536,-30.86134,0.10135
47.110,-15.10606,-31.28484,0.00000
47.120,-15.05065,-30.57900,0.76125
47.130,-15.35245,-30.39178,0.18722
47.140,-16.73300,-30.23502,0.15676
47.150,-16.33492,-29.51246,1.12064
47.160,-16.01068,-30.89765,0.32424
47.170,-17.93885,-34.43273,0.00000
47.180,-18.42033,-36.22191,0.00000
47.190,-18.27415,-36.64624,0.14618
47.200,-17.79708,-36.37116,0.75215
47.210,-17.86781,-35.73986,0.63130
47.220,-19.52800,-34.60872,1.13113
47.230,-17.82619,-33.24553,3.06501
47.240,-17.57050,-31.71082,1.79040
47.250,-18.76143,-30.19611,1.51471
47.260,-17.60048,-29.37304,1.98402
47.270,-18.26620,-28.99834,0.37470
47.280,-18.26135,-28.65795,0.34524
47.290,-17.84287,-28.41947,0.65697
47.300,-18.86726,-29.31314,0.00000
47.310,-18.01203,-30.95008,0.85523
47.320,-18.26647,-31.78457,0.00000
47.330,-18.40296,-33.16475,0.00000
47.340,-18.46789,-34.63616,0.00000
47.350,-18.91678,-34.93353,0.00000
47.360,-17.96236,-35.26525,0.95442
47.370,-18.72134,-35.87310,0.00000
47.380,-19.37690,-35.35942,0.51368
47.390,-17.74325,-30.01226,6.98081
47.400,-16.87524,-25.12722,5.75306
47.410,-15.64711,-23.02090,3.33444
47.420,-15.48732,-22.95779,0.22290
47.430,-14.99582,-22.82724,0.62205
47.440,-13.08087,-22.61948,2.12271
47.450,-13.20245,-23.67061,0.00000
47.460,-14.41534,-25.35840,0.00000
47.470,-14.83712,-26.52817,0.00000
47.480,-15.23892,-27.57809,0.00000
47.490,-15.14207,-29.68459,0.09685
47.500,-16.11687,-31.99915,0.00000
47.510,-17.23255,-32.66594,0.00000
47.520,-16.51611,-33.10925,0.71644
47.530,-16.82463,-33.92072,0.00000
47.540,-16.37189,-34.14427,0.45275
47.550,-16.54994,-34.43819,0.00000
47.560,-18.02132,-34.45702,0.00000
47.570,-17.44666,-34.59276,0.57466
47.580,-17.77559,-34.73085,0.00000
47.590,-17.85384,-34.34357,0.38728
47.600,-17.46714,-33.60932,1.12095
47.610,-17.04664,-29.60089,4.42893
47.620,-15.68914,-26.32435,4.63404
47.630,-15.18934,-24.84188,1.98227
47.640,-15.20773,-24.41422,0.42765
47.650,-15.52777,-24.74949,0.00000
47.660,-16.29560,-25.80650,0.00000
47.670,-16.24964,-23.53197,2.32049
47.680,-16.01995,-22.36241,1.39925
47.690,-16.38709,-21.81598,0.54644
47.700,-15.74964,-20.21622,2.23720
47.710,-15.94306,-20.32239,0.00000
47.720,-16.48475,-20.89881,0.00000
47.730,-16.62641,-21.16025,0.00000
47.740,-17.71367,-22.00218,0.00000
47.750,-17.04782,-22.48984,0.66585
47.760,-16.80366,-22.55479,0.24417
47.770,-16.69421,-21.77847,0.88577
47.780,-16.48929,-21.84879,0.20492
47.790,-17.78099,-22.52299,0.00000
47.800,-17.78528,-22.91447,0.00000
47.810,-17.36365,-22.51294,0.82315
47.820,-17.41077,-21.83536,0.67759
47.830,-17.26803,-22.24917,0.14274
47.840,-17.11455,-22.10034,0.30231
47.850,-15.34888,-22.18513,1.76567
47.860,-14.25671,-23.31612,1.09217
47.870,-14.59966,-24.60367,0.00000
47.880,-14.85193,-25.81273,0.00000
47.890,-16.08690,-27.89000,0.00000
47.900,-16.56235,-31.25483,0.00000
47.910,-15.86178,-32.41847,0.70057
47.920,-16.41072,-31.71136,0.70711
47.930,-16.07621,-31.34844,0.69744
47.940,-16.60373,-31.83356,0.00000
47.950,-17.23535,-31.97214,0.00000
47.960,-16.16047,-31.64804,1.39899
47.970,-16.73767,-31.76385,0.00000
47.980,-16.76272,-31.96923,0.00000
47.990,-16.65833,-32.18067,0.10440
48.000,-17.45168,-32.33906,0.00000
48.010,-15.04237,-31.95608,2.79229
48.020,-13.74164,-31.31137,1.94543
48.030,-14.18187,-31.06307,0.24829
48.040,-14.43153,-28.39866,2.66441
48.050,-14.46538,-26.86521,1.53345
48.060,-14.35141,-26.76314,0.21604
48.070,-14.17076,-26.75172,0.19208
48.080,-14.03500,-27.11510,0.13576
48.090,-13.59502,-26.87522,0.67986
48.100,-13.47516,-26.32373,0.67135
48.110,-13.52076,-26.76383,0.00000
48.120,-13.72833,-27.00924,0.00000
48.130,-13.64321,-26.67122,0.42314
48.140,-13.79109,-26.97461,0.00000
48.150,-14.66119,-26.99094,0.00000
48.160,-14.94661,-27.06703,0.00000
48.170,-15.02501,-27.61410,0.00000
48.180,-15.13533,-27.57597,0.03813
48.190,-14.82075,-27.16267,0.72787
48.200,-14.82842,-27.09686,0.06581
48.210,-15.04207,-27.42757,0.00000
48.220,-14.81780,-28.47562,0.22426
48.230,-15.23050,-30.34458,0.00000
48.240,-15.62521,-31.66898,0.00000
48.250,-15.74815,-32.20921,0.00000
48.260,-16.15448,-32.70546,0.00000
48.270,-15.84631,-32.57483,0.43879
48.280,-15.83687,-32.22623,0.35805
48.290,-15.96672,-32.46113,0.00000
48.300,-15.92702,-33.07620,0.03970
48.310,-16.02294,-33.00849,0.06771
48.320,-15.96293,-33.24260,0.06000
48.330,-15.92515,-33.91402,0.03778
48.340,-16.07037,-33.99709,0.00000
48.350,-16.21947,-33.87227,0.12483
48.360,-15.98852,-33.69386,0.40935
48.370,-16.27645,-33.79624,0.00000
48.380,-16.63342,-33.93405,0.00000
48.390,-16.06463,-26.74162,7.76122
48.400,-16.04313,-24.73022,2.03291
48.410,-15.32581,-24.86055,0.71732
48.420,-13.37648,-24.40292,2.40697
48.430,-13.08662,-25.32331,0.28985
48.440,-13.78628,-26.25115,0.00000
48.450,-13.81406,-26.35751,0.00000
48.460,-14.72529,-26.50940,0.00000
48.470,-14.90191,-26.51943,0.00000
48.480,-13.40651,-27.10266,1.49541
48.490,-13.33654,-27.06446,0.10817
48.500,-13.40273,-26.73839,0.32607
48.510,-13.16931,-26.75049,0.23342
48.520,-13.31656,-26.98235,0.00000
48.530,-13.73499,-26.36475,0.61760
48.540,-14.98046,-25.47229,0.89245
48.550,-15.77256,-25.28159,0.19071
48.560,-15.51732,-25.56203,0.25524
48.570,-15.32825,-26.18700,0.18907
48.580,-15.14916,-25.43335,0.93274
48.590,-15.38024,-25.68293,0.00000
48.600,-15.72603,-26.85447,0.00000
48.610,-14.68254,-26.30000,1.59796
48.620,-14.36779,-25.98336,0.63139
48.630,-14.60815,-26.39013,0.00000
48.640,-14.54042,-27.22009,0.06772
48.650,-14.79500,-27.48417,0.00000
48.660,-15.11866,-28.09862,0.00000
48.670,-15.82114,-29.96809,0.00000
48.680,-16.12935,-31.69389,0.00000
48.690,-15.71322,-32.82301,0.41613
48.700,-15.11628,-33.75166,0.59694
48.710,-14.84152,-33.93608,0.27475
48.720,-15.37204,-34.32599,0.00000
48.730,-15.91082,-34.76231,0.00000
48.740,-16.09885,-35.07179,0.00000
48.750,-15.53541,-34.90346,0.73177
48.760,-15.56685,-34.74734,0.15612
48.770,-16.60486,-34.94081,0.00000
48.780,-15.94970,-34.45944,1.13654
48.790,-14.69367,-31.91608,3.79939
48.800,-13.32112,-28.70128,4.58734
48.810,-13.01808,-27.69851,1.30581
48.820,-13.69773,-27.68678,0.01173
48.830,-13.81104,-27.09405,0.59273
48.840,-13.76501,-26.73641,0.40367
48.850,-13.48148,-26.44487,0.57508
48.860,-12.83898,-26.14201,0.94535
48.870,-12.67713,-26.35422,0.16185
48.880,-13.00930,-26.71057,0.00000
48.890,-12.91889,-26.85552,0.09042
48.900,-12.88283,-26.64572,0.24585
48.910,-13.65312,-26.40657,0.23915
48.920,-13.56501,-26.60174,0.08811
48.930,-13.71083,-26.85635,0.00000
48.940,-14.07894,-27.05698,0.00000
48.950,-13.82097,-27.48933,0.25797
48.960,-13.26611,-27.87149,0.55486
48.970,-13.21671,-27.67052,0.25037
48.980,-14.15810,-27.82740,0.00000
48.990,-13.92896,-28.46714,0.22914
49.000,-13.57732,-28.20907,0.60971
49.010,-14.08573,-28.31261,0.00000
49.020,-14.78632,-28.91500,0.00000
49.030,-14.15919,-28.79844,0.74370
49.040,-14.31508,-28.55560,0.24284
49.050,-14.45487,-27.74527,0.81033
49.060,-14.61489,-26.59577,1.14950
49.070,-14.90351,-26.02296,0.57281
49.080,-13.82252,-26.21330,1.08099
49.090,-14.04617,-26.38776,0.00000
49.100,-14.52078,-26.41637,0.00000
49.110,-14.87755,-26.36874,0.04763
49.120,-15.24612,-26.41723,0.00000
49.130,-15.39193,-26.25039,0.16685
49.140,-15.68767,-26.37502,0.00000
49.150,-14.67219,-26.94618,1.01548
49.160,-14.32488,-27.55212,0.34731
49.170,-14.63459,-28.08005,0.00000
49.180,-14.73321,-27.37974,0.70031
49.190,-14.15887,-26.99251,0.96157
49.200,-14.38653,-26.59557,0.39694
49.210,-14.61043,-25.91696,0.67861
49.220,-13.97893,-25.57420,0.97426
49.230,-14.10654,-25.45640,0.11781
49.240,-14.02389,-25.69125,0.08265
49.250,-14.85699,-25.79314,0.00000
49.260,-14.64108,-26.10984,0.21591
49.270,-13.87058,-26.77635,0.77050
49.280,-13.83087,-27.05169,0.03971
49.290,-13.73634,-26.74706,0.39916
49.300,-13.69095,-26.39522,0.39723
49.310,-13.29314,-26.17552,0.61750
49.320,-13.47799,-25.76340,0.41212
49.330,-13.44319,-25.76071,0.03749
49.340,-13.72409,-26.11840,0.00000
49.350,-13.85260,-26.18772,0.00000
49.360,-13.56877,-25.29874,1.17281
49.370,-14.17242,-25.22906,0.06967
49.380,-13.86341,-25.88292,0.30901
49.390,-13.89707,-26.22609,0.00000
49.400,-14.26411,-25.68120,0.54489
49.410,-13.83896,-25.02765,1.07870
49.420,-13.36142,-25.38452,0.47754
49.430,-13.58827,-25.36009,0.02443
49.440,-13.79583,-25.25465,0.10544
49.450,-13.25325,-25.30373,0.54258
49.460,-13.41248,-25.25990,0.04382
49.470,-13.45993,-25.56981,0.00000
49.480,-13.37971,-25.92057,0.08022
49.490,-13.74458,-26.18719,0.00000
49.500,-13.76836,-26.37005,0.00000
49.510,-13.90979,-26.18012,0.18993
49.520,-14.30180,-25.93000,0.25013
49.530,-14.18083,-25.77503,0.27593
49.540,-14.25244,-25.67781,0.09722
49.550,-14.54197,-25.36003,0.31778
49.560,-13.98579,-24.53841,1.37780
49.570,-13.46018,-24.16345,0.90057
49.580,-13.94513,-24.27245,0.00000
49.590,-14.61670,-25.41313,0.00000
49.600,-14.73247,-25.80222,0.00000
49.610,-14.63501,-25.39476,0.50492
49.620,-14.66611,-26.04772,0.00000
49.630,-14.76755,-26.22624,0.00000
49.640,-14.86771,-26.32050,0.00000
49.650,-14.81489,-25.99729,0.37602
49.660,-14.69070,-25.29203,0.82945
49.670,-14.10660,-24.76768,1.10844
49.680,-13.48562,-25.04517,0.62099
49.690,-13.25720,-25.40902,0.22841
49.700,-13.05139,-25.28220,0.33263
49.710,-13.15615,-25.37361,0.00000
49.720,-13.17544,-25.71823,0.00000
49.730,-13.66183,-25.74146,0.00000
49.740,-13.94299,-25.18343,0.55803
49.750,-14.07151,-25.24424,0.00000
49.760,-14.76001,-25.39248,0.00000
49.770,-14.07630,-25.29275,0.78345
49.780,-13.41878,-25.08804,0.86222
49.790,-13.69052,-24.73160,0.35644
49.800,-14.37773,-25.29953,0.00000
49.810,-14.17381,-26.27375,0.20392
49.820,-14.05815,-26.49015,0.11566
49.830,-13.74457,-26.45351,0.35023
49.840,-13.40989,-26.70925,0.33467
49.850,-13.67376,-26.41651,0.29273
49.860,-13.52377,-26.06312,0.50339
49.870,-13.78418,-25.81428,0.24884
49.880,-13.98596,-25.61082,0.20346
49.890,-14.57930,-25.07931,0.53151
49.900,-14.99435,-24.54010,0.53921
49.910,-14.85384,-24.83240,0.14051
49.920,-15.12943,-24.65348,0.17892
49.930,-14.44223,-24.54765,0.79303
49.940,-14.44338,-24.82936,0.00000
49.950,-14.89407,-25.03136,0.00000
49.960,-15.54611,-25.08641,0.00000
49.970,-15.87505,-25.27251,0.00000
49.980,-16.08562,-25.49149,0.00000
49.990,-16.27429,-24.96493,0.52656
50.000,-15.14172,-24.81471,1.28279
50.010,-15.00083,-25.26045,0.14090
50.020,-14.40092,-25.59186,0.59991
50.030,-14.35287,-26.02473,0.04804
50.040,-14.66696,-26.46030,0.00000
50.050,-14.73028,-26.73329,0.00000
50.060,-15.31407,-28.32850,0.00000
50.070,-15.62939,-30.71317,0.00000
50.080,-15.63975,-31.31275,0.00000
50.090,-15.30698,-31.15197,0.49354
50.100,-15.95155,-31.16994,0.00000
50.110,-15.79779,-31.05682,0.26689
50.120,-15.69975,-31.22089,0.09804
50.130,-16.28510,-31.86699,0.00000
50.140,-15.92140,-32.15888,0.36369
50.150,-15.83160,-32.20321,0.08980
50.160,-15.29901,-32.38279,0.53260
50.170,-15.29615,-32.15655,0.22910
50.180,-15.21660,-32.14678,0.08932
50.190,-15.25555,-32.52885,0.00000
50.200,-15.50783,-32.42746,0.10139
50.210,-15.33557,-32.52466,0.17226
50.220,-15.87045,-33.08503,0.00000
50.230,-16.09241,-33.69209,0.00000
50.240,-16.65197,-34.21169,0.00000
50.250,-16.45547,-34.96636,0.19650
50.260,-16.71116,-35.59249,0.00000
50.270,-16.93706,-35.72054,0.00000
50.280,-17.59070,-36.31245,0.00000
50.290,-18.54288,-36.60015,0.00000
50.300,-17.54212,-35.90958,1.69134
50.310,-17.69354,-34.40472,1.50486
50.320,-17.19594,-32.72605,2.17626
50.330,-17.28432,-31.17570,1.55035
50.340,-16.95850,-29.70407,1.79744
50.350,-17.20129,-29.44718,0.25690
50.360,-17.03145,-29.99148,0.16984
50.370,-17.19573,-29.68109,0.31039
50.380,-18.34556,-29.30584,0.37525
50.390,-17.54855,-29.20718,0.89567
50.400,-17.67488,-28.72276,0.48442
50.410,-17.64742,-28.47686,0.27336
50.420,-17.82815,-28.65544,0.00000
50.430,-17.40358,-28.85362,0.42457
50.440,-17.11368,-28.89594,0.28990
50.450,-17.44110,-28.81480,0.08114
50.460,-16.74940,-29.26686,0.69169
50.470,-17.28387,-30.74674,0.00000
50.480,-18.58548,-33.01253,0.00000
50.490,-19.08314,-35.10795,0.00000
50.500,-18.53353,-35.60872,0.54961
50.510,-18.63547,-35.59466,0.01406
50.520,-19.28585,-36.55679,0.00000
50.530,-19.15919,-37.35043,0.12666
50.540,-19.52475,-36.32834,1.02209
50.550,-18.53615,-34.50836,2.80858
50.560,-18.02523,-33.09833,1.92095
50.570,-16.79689,-26.50991,7.81676
50.580,-14.80496,-22.94204,5.55981
50.590,-13.49036,-21.15920,3.09743
50.600,-13.05284,-20.81875,0.77797
50.610,-12.78408,-21.81384,0.26876
50.620,-12.63075,-23.15020,0.15334
50.630,-13.09828,-24.46102,0.00000
50.640,-12.99298,-24.91965,0.10530
50.650,-13.06891,-24.74314,0.17651
50.660,-13.19702,-25.07022,0.00000
50.670,-12.61705,-25.42913,0.57997
50.680,-12.27334,-25.57466,0.34371
50.690,-12.50137,-26.06177,0.00000
50.700,-13.20642,-26.04732,0.01445
50.710,-13.52330,-25.84134,0.20598
50.720,-13.76866,-25.22977,0.61157
50.730,-13.81786,-24.98651,0.24326
50.740,-13.24448,-25.72706,0.57337
50.750,-13.64024,-26.41473,0.00000
50.760,-14.60322,-26.74336,0.00000
50.770,-13.88636,-27.22111,0.71686
50.780,-13.24048,-28.03917,0.64588
50.790,-13.53630,-28.63670,0.00000
50.800,-13.18339,-29.16115,0.35291
50.810,-13.07680,-29.42377,0.10658
50.820,-13.83301,-28.97752,0.44625
50.830,-13.99055,-28.14385,0.83367
50.840,-13.88180,-27.44238,0.81022
50.850,-13.74833,-27.80056,0.13347
50.860,-13.71097,-28.54189,0.03736
50.870,-13.81190,-27.83201,0.70988
50.880,-13.69652,-26.93643,1.01096
50.890,-13.67709,-26.61229,0.34357
50.900,-13.66447,-26.35905,0.26587
50.910,-13.60334,-26.28413,0.13604
50.920,-13.85262,-26.20562,0.07852
50.930,-14.20109,-25.97373,0.23189
50.940,-14.02702,-25.77182,0.37598
50.950,-13.90118,-25.51131,0.38635
50.960,-13.81844,-25.32815,0.26589
50.970,-14.25933,-25.28704,0.04111
50.980,-14.51719,-25.19825,0.08879
50.990,-14.30608,-25.33617,0.21111
51.000,-14.17139,-25.11541,0.35544
51.010,-13.76596,-24.77867,0.74218
51.020,-13.77176,-25.01594,0.00000
51.030,-13.46464,-24.85670,0.46636
51.040,-13.29592,-24.59501,0.43040
51.050,-13.15202,-25.06082,0.14390
51.060,-12.99021,-25.36439,0.16181
51.070,-13.09288,-24.95352,0.41087
51.080,-13.42144,-24.98727,0.00000
51.090,-14.10114,-25.04686,0.00000
51.100,-14.66685,-25.40726,0.00000
51.110,-15.43545,-26.27705,0.00000
51.120,-14.65897,-21.86480,5.18873
51.130,-14.87448,-19.95986,1.90494
51.140,-16.12502,-20.64184,0.00000
51.150,-16.25397,-21.10173,0.00000
51.160,-16.35739,-20.74148,0.36026
51.170,-16.02364,-20.45551,0.61971
51.180,-16.07646,-20.37215,0.08336
51.190,-15.93137,-20.98792,0.14509
51.200,-16.35325,-24.06811,0.00000
51.210,-15.84100,-30.06388,0.51226
51.220,-14.16807,-32.45475,1.67293
51.230,-13.96134,-31.84096,0.82052
51.240,-13.88915,-31.49830,0.41485
51.250,-13.69389,-30.87893,0.81463
51.260,-14.46114,-30.22137,0.65756
51.270,-15.23875,-29.90886,0.31251
51.280,-15.10746,-29.52716,0.51299
51.290,-14.84958,-28.83071,0.95433
51.300,-15.19335,-28.67718,0.15353
51.310,-14.60897,-29.15402,0.58438
51.320,-14.19162,-29.94863,0.41735
51.330,-15.15696,-30.85842,0.00000
51.340,-16.15920,-31.91825,0.00000
51.350,-16.32288,-33.29954,0.00000
51.360,-15.54536,-29.65495,4.42211
51.370,-14.28504,-24.40076,6.51451
51.380,-13.45659,-21.37564,3.85357
51.390,-13.38621,-19.54029,1.90573
51.400,-12.73542,-19.36509,0.82599
51.410,-10.89821,-18.45283,2.74948
51.420,-10.84959,-19.34409,0.04862
51.430,-12.33771,-23.79656,0.00000
51.440,-12.01483,-24.24843,0.32289
51.450,-11.86108,-24.41245,0.15375
51.460,-12.28490,-24.22543,0.18702
51.470,-11.78834,-23.98844,0.73354
51.480,-11.60928,-24.64941,0.17907
51.490,-12.13802,-25.27542,0.00000
51.500,-13.07742,-25.90543,0.00000
51.510,-12.88027,-26.08791,0.19715
51.520,-12.52557,-26.01984,0.42277
51.530,-12.31012,-26.43190,0.21545
51.540,-12.30459,-26.31156,0.12587
51.550,-12.62142,-25.99133,0.32023
51.560,-12.55509,-26.14533,0.06633
51.570,-12.82032,-26.93507,0.00000
51.580,-12.41440,-27.13411,0.40592
51.590,-12.02068,-27.11611,0.41171
51.600,-12.18678,-27.27784,0.00000
51.610,-11.33531,-27.02840,1.10092
51.620,-11.27692,-26.89579,0.19099
51.630,-12.21926,-25.76056,1.13523
51.640,-11.86894,-24.53709,1.57379
51.650,-11.63685,-24.22146,0.54773
51.660,-12.21207,-24.83374,0.00000
51.670,-13.09265,-24.99853,0.00000
51.680,-13.46285,-24.57114,0.42739
51.690,-13.31226,-24.36008,0.36165
51.700,-13.58859,-24.18380,0.17628
51.710,-13.75797,-24.06832,0.11548
51.720,-13.39319,-23.91638,0.51672
51.730,-13.51005,-23.90616,0.01022
51.740,-13.87291,-23.54713,0.35902
51.750,-13.49165,-23.07004,0.85836
51.760,-12.88761,-22.72940,0.94468
51.770,-12.63243,-22.50169,0.48289
51.780,-12.40158,-22.38883,0.34371
51.790,-12.06986,-22.29523,0.42533
51.800,-12.49210,-22.51275,0.00000
51.810,-12.22635,-22.53748,0.26576
51.820,-11.62969,-22.23925,0.89490
51.830,-12.29773,-22.34712,0.00000
51.840,-12.77614,-22.73369,0.00000
51.850,-12.81144,-23.37759,0.00000
51.860,-13.54607,-23.65362,0.00000
51.870,-13.56390,-19.73471,3.91892
51.880,-13.57144,-18.13416,1.60054
51.890,-14.44951,-18.98233,0.00000
51.900,-14.25197,-18.79345,0.38641
51.910,-14.22108,-18.02063,0.80371
51.920,-14.54934,-17.97620,0.04444
51.930,-14.48690,-18.30939,0.06243
51.940,-14.48498,-18.18464,0.12667
51.950,-14.32394,-18.18639,0.16105
51.960,-14.40330,-19.01480,0.00000
51.970,-15.03347,-19.49812,0.00000
51.980,-15.39921,-19.43646,0.06166
51.990,-15.32937,-19.38649,0.11981
52.000,-14.03552,-19.16404,1.51630
52.010,-10.61117,-18.07070,4.51768
52.020,-7.83687,-17.42776,3.41725
52.030,-6.52886,-18.32209,1.30800
52.040,-6.78830,-19.98972,0.00000
52.050,-7.02124,-21.72993,0.00000
52.060,-6.77627,-23.19628,0.24497
52.070,-7.06838,-23.27073,0.00000
52.080,-7.26995,-23.42574,0.00000
52.090,-7.67944,-23.80598,0.00000
52.100,-8.14806,-23.21766,0.58832
52.110,-7.91946,-22.71551,0.73075
52.120,-7.74633,-23.11967,0.17313
52.130,-8.00238,-23.62500,0.00000
52.140,-7.81608,-23.39648,0.41482
52.150,-7.79957,-23.29814,0.11484
52.160,-7.39657,-23.54372,0.40300
52.170,-7.15742,-23.56657,0.23915
52.180,-7.53322,-23.40317,0.16340
52.190,-7.50868,-23.73401,0.02454
52.200,-7.83026,-22.93144,0.80256
52.210,-7.71498,-22.35338,0.69333
52.220,-7.92448,-23.06219,0.00000
52.230,-8.67642,-23.47809,0.00000
52.240,-8.22772,-23.38314,0.54365
52.250,-8.10133,-23.44799,0.12638
52.260,-8.31115,-23.92858,0.00000
52.270,-8.54616,-24.09851,0.00000
52.280,-9.08819,-23.94542,0.15309
52.290,-8.65430,-23.97353,0.43389
52.300,-8.26647,-24.18543,0.38784
52.310,-8.54274,-24.45790,0.00000
52.320,-8.91722,-24.44105,0.01684
52.330,-9.62416,-24.27226,0.16880
52.340,-8.84881,-24.05887,0.98873
52.350,-8.65904,-23.70762,0.54102
52.360,-8.85134,-23.33028,0.37734
52.370,-8.38354,-23.61188,0.46780
52.380,-8.70354,-24.04538,0.00000
52.390,-8.22391,-24.34035,0.47963
52.400,-8.84452,-24.34146,0.00000
52.410,-9.32429,-20.77161,3.56985
52.420,-7.94221,-18.48885,3.66484
52.430,-8.02062,-18.71786,0.00000
52.440,-8.06349,-20.39195,0.00000
52.450,-8.15109,-22.06936,0.00000
52.460,-9.02521,-23.03622,0.00000
52.470,-8.01225,-23.83603,1.01296
52.480,-7.46739,-24.37388,0.54486
52.490,-7.63412,-24.51203,0.00000
52.500,-8.22892,-24.66825,0.00000
52.510,-9.58874,-24.75689,0.00000
52.520,-8.35128,-24.64679,1.34757
52.530,-8.01960,-24.94788,0.33167
52.540,-8.11517,-25.16544,0.00000
52.550,-7.78843,-25.25559,0.32674
52.560,-8.32041,-25.39726,0.00000
52.570,-8.01826,-25.62670,0.30215
52.580,-8.71054,-25.84032,0.00000
52.590,-9.41786,-25.65187,0.18845
52.600,-8.41281,-25.51319,1.14373
52.610,-8.37569,-25.31340,0.23691
52.620,-8.34079,-25.53197,0.03490
52.630,-8.55161,-25.40040,0.13157
52.640,-8.95109,-25.03665,0.36375
52.650,-8.20896,-25.63289,0.74213
52.660,-8.35713,-25.69337,0.00000
52.670,-8.43077,-25.53906,0.15431
52.680,-8.46242,-25.99729,0.00000
52.690,-9.39367,-26.05708,0.00000
52.700,-8.50533,-26.34611,0.88834
52.710,-8.25718,-26.73931,0.24815
52.720,-8.09912,-26.38851,0.50885
52.730,-8.08274,-26.35594,0.04895
52.740,-9.26605,-26.53144,0.00000
52.750,-8.12501,-26.04904,1.62344
52.760,-8.48409,-25.71883,0.33021
52.770,-9.37104,-25.23773,0.48110
52.780,-8.45610,-24.84909,1.30357
52.790,-8.87155,-24.10938,0.73971
52.800,-8.30725,-23.45613,1.21756
52.810,-8.48268,-20.78997,2.66616
52.820,-8.84792,-18.47347,2.31650
52.830,-8.26762,-19.00274,0.58030
52.840,-8.84054,-21.48430,0.00000
52.850,-8.21722,-23.08270,0.62333
52.860,-8.17746,-23.63483,0.03975
52.870,-9.35815,-24.17040,0.00000
52.880,-8.22906,-24.92437,1.12909
52.890,-7.85150,-25.52837,0.37756
52.900,-8.02936,-25.98578,0.00000
52.910,-7.74567,-26.73693,0.28369
52.920,-8.99967,-27.03109,0.00000
52.930,-8.43716,-27.23011,0.56251
52.940,-8.41878,-27.58551,0.01837
52.950,-9.95379,-27.26736,0.31815
52.960,-8.85625,-27.28727,1.09754
52.970,-9.31564,-27.46138,0.00000
52.980,-9.17056,-27.63454,0.14507
52.990,-9.04779,-26.97517,0.78215
53.000,-10.38884,-25.13960,1.83557
53.010,-9.10244,-24.32070,2.10531
53.020,-8.88632,-25.15417,0.21611
53.030,-8.65420,-26.11822,0.23212
53.040,-8.69411,-25.49590,0.62232
53.050,-9.87865,-24.85653,0.63936
53.060,-8.72225,-24.90904,1.15640
53.070,-8.74492,-25.42937,0.00000
53.080,-8.81459,-25.72175,0.00000
53.090,-8.85131,-26.00610,0.00000
53.100,-10.30569,-26.55403,0.00000
53.110,-8.95067,-27.22202,1.35502
53.120,-8.85746,-27.55334,0.09322
53.130,-9.55271,-26.89640,0.65694
53.140,-8.49232,-26.60717,1.34962
53.150,-9.06302,-26.33707,0.27011
53.160,-8.62885,-25.40355,1.36768
53.170,-8.63542,-25.05945,0.34410
53.180,-10.20617,-25.47245,0.00000
53.190,-8.66963,-26.47137,1.53654
53.200,-8.57478,-25.87957,0.68665
53.210,-7.95555,-21.67066,4.82815
53.220,-7.35234,-19.06806,3.20581
53.230,-8.72564,-19.14741,0.00000
53.240,-8.03237,-21.26969,0.69328
53.250,-8.00960,-23.57474,0.02277
53.260,-8.60006,-25.03174,0.00000
53.270,-8.46434,-26.08638,0.13572
53.280,-9.51378,-26.36161,0.00000
53.290,-8.80603,-26.29173,0.77762
53.300,-8.50170,-26.19859,0.39749
53.310,-9.51926,-25.97791,0.22068
53.320,-8.80023,-26.14613,0.71903
53.330,-9.21944,-26.45087,0.00000
53.340,-8.92495,-26.40794,0.33742
53.350,-8.60033,-26.37685,0.35571
53.360,-10.47408,-26.72599,0.00000
53.370,-9.13059,-27.09718,1.34349
53.380,-8.78547,-26.65906,0.78324
53.390,-8.79672,-26.84070,0.00000
53.400,-8.99485,-27.52827,0.00000
53.410,-11.12034,-27.14087,0.38740
53.420,-9.26166,-26.83725,2.16230
53.430,-8.96841,-26.84983,0.29325
53.440,-9.05734,-26.89337,0.00000
53.450,-8.98309,-26.86406,0.10355
53.460,-10.23132,-26.43274,0.43132
53.470,-8.48315,-26.48005,1.74817
53.480,-8.42460,-26.76318,0.05855
53.490,-9.59329,-26.91896,0.00000
53.500,-8.60432,-26.87349,1.03445
53.510,-9.14533,-26.78440,0.08909
53.520,-9.02269,-27.37047,0.12264
53.530,-9.03219,-27.32159,0.04888
53.540,-11.09667,-27.02930,0.29230
53.550,-9.58934,-27.48541,1.50733
53.560,-9.18844,-26.67191,1.21440
53.570,-8.98762,-26.26154,0.61118
53.580,-9.26488,-26.84006,0.00000
53.590,-11.67997,-26.84617,0.00000
53.600,-9.30091,-25.83586,3.38936
53.610,-8.66795,-21.07389,5.39495
53.620,-8.79428,-18.65763,2.41626
53.630,-9.15443,-19.31218,0.00000
53.640,-10.46933,-21.37810,0.00000
53.650,-8.56234,-23.21092,1.90699
53.660,-8.91345,-24.88152,0.00000
53.670,-10.15097,-25.82060,0.00000
53.680,-9.84240,-26.19088,0.30857
53.690,-10.68746,-26.45872,0.00000
53.700,-9.70390,-26.75759,0.98355
53.710,-10.00969,-26.90169,0.00000
53.720,-11.83324,-27.09623,0.00000
53.730,-10.25331,-27.30215,1.57993
53.740,-10.38696,-26.93849,0.36365
53.750,-9.85648,-27.08453,0.53048
53.760,-10.15189,-27.63217,0.00000
53.770,-12.43546,-27.21574,0.41643
53.780,-10.32067,-27.08984,2.24069
53.790,-10.48991,-26.79307,0.29677
53.800,-10.19233,-24.67775,2.41290
53.810,-9.55931,-23.55951,1.75125
53.820,-11.05829,-24.82831,0.00000
53.830,-9.50334,-25.66685,1.55495
53.840,-9.21975,-25.00270,0.94775
53.850,-9.83366,-25.20618,0.00000
53.860,-9.29198,-24.88597,0.86189
53.870,-10.06488,-24.44422,0.44175
53.880,-9.11564,-24.68653,0.94923
53.890,-8.76177,-24.66514,0.37527
53.900,-10.15402,-24.77833,0.00000
53.910,-9.28785,-25.48585,0.86617
53.920,-9.67531,-25.96453,0.00000
53.930,-9.33781,-25.68455,0.61749
53.940,-9.27059,-26.32628,0.06722
53.950,-11.74368,-27.83966,0.00000
53.960,-9.83315,-27.24519,2.50500
53.970,-9.48280,-27.03234,0.56319
53.980,-9.81732,-28.04820,0.00000
53.990,-9.82258,-29.57062,0.00000
54.000,-10.91000,-24.81823,4.75239
54.010,-9.04546,-18.84959,7.83317
54.020,-8.70479,-17.22108,1.96918
54.030,-9.57416,-18.10563,0.00000
54.040,-9.43620,-19.87474,0.13796
54.050,-9.59205,-21.85924,0.00000
54.060,-9.66023,-22.54005,0.00000
54.070,-10.22749,-23.05439,0.00000
54.080,-10.72108,-24.04382,0.00000
54.090,-10.15162,-24.35614,0.56945
54.100,-10.15197,-24.36214,0.00000
54.110,-9.73905,-24.54188,0.41292
54.120,-10.17907,-24.40561,0.13627
54.130,-11.30998,-24.35418,0.05143
54.140,-9.88618,-24.10311,1.67487
54.150,-9.94792,-23.82535,0.27776
54.160,-9.90016,-23.95135,0.04776
54.170,-9.76926,-24.30951,0.13089
54.180,-10.53190,-24.40659,0.00000
54.190,-9.59854,-25.81776,0.93336
54.200,-10.17877,-27.64671,0.00000
54.210,-10.69127,-26.82598,0.82073
54.220,-9.52402,-25.99022,2.00301
54.230,-9.75452,-25.75844,0.23178
54.240,-9.13468,-25.75835,0.61993
54.250,-8.94813,-25.93804,0.18656
54.260,-10.44236,-26.64263,0.00000
54.270,-10.03583,-28.21265,0.40653
54.280,-9.97207,-29.84916,0.06376
54.290,-9.82418,-30.51412,0.14789
54.300,-10.05837,-29.59714,0.91698
54.310,-12.00858,-24.72743,4.86972
54.320,-11.06812,-21.98882,3.67907
54.330,-10.82412,-21.61313,0.61968
54.340,-11.04322,-22.39091,0.00000
54.350,-11.30985,-23.42846,0.00000
54.360,-11.91852,-24.27611,0.00000
54.370,-10.58558,-24.25576,1.35330
54.380,-11.04406,-23.36446,0.89130
54.390,-11.17356,-21.75165,1.61281
54.400,-8.97207,-20.92785,3.02528
54.410,-8.69439,-19.49387,1.71167
54.420,-9.17237,-18.09896,1.39490
54.430,-9.53045,-18.67833,0.00000
54.440,-9.12511,-20.34125,0.40535
54.450,-8.69119,-21.59941,0.43392
54.460,-9.08824,-22.84719,0.00000
54.470,-9.32974,-23.58060,0.00000
54.480,-9.94506,-23.93652,0.00000
54.490,-9.86868,-24.54993,0.07638
54.500,-9.27681,-24.48645,0.65535
54.510,-9.67238,-24.23221,0.25424
54.520,-9.69450,-24.16151,0.07070
54.530,-9.60942,-24.43125,0.08508
54.540,-9.81115,-24.84763,0.00000
54.550,-9.33106,-24.66703,0.66069
54.560,-9.57555,-24.46273,0.20430
54.570,-9.54852,-24.63811,0.02703
54.580,-9.01660,-24.69234,0.53192
54.590,-9.30683,-24.63912,0.05322
54.600,-9.51254,-24.60783,0.03129
54.610,-9.39144,-24.61788,0.12111
54.620,-9.43404,-24.78387,0.00000
54.630,-9.66229,-24.99928,0.00000
54.640,-10.19890,-25.35589,0.00000
54.650,-10.29119,-25.26864,0.08726
54.660,-10.05384,-25.06602,0.43997
54.670,-10.45117,-25.72583,0.00000
54.680,-10.24189,-25.96164,0.20928
54.690,-10.13166,-25.86284,0.20903
54.700,-10.42721,-26.27303,0.00000
54.710,-10.40814,-26.87890,0.01907
54.720,-10.61247,-28.21111,0.00000
54.730,-9.98321,-29.41115,0.62925
54.740,-10.20382,-30.00035,0.00000
54.750,-10.17578,-30.19224,0.02804
54.760,-9.69354,-30.22350,0.48224
54.770,-9.90980,-30.33299,0.00000
54.780,-10.18605,-26.67080,3.66219
54.790,-10.26779,-23.78883,2.88197
54.800,-10.56033,-23.79249,0.00000
54.810,-9.64035,-20.85509,3.85738
54.820,-8.61917,-18.42372,3.45255
54.830,-8.43698,-18.91699,0.18220
54.840,-8.81867,-20.92606,0.00000
54.850,-9.61702,-22.92447,0.00000
54.860,-10.17985,-24.41575,0.00000
54.870,-10.15649,-25.33606,0.02336
54.880,-10.36682,-25.60335,0.00000
54.890,-10.15500,-25.35597,0.45920
54.900,-10.20365,-25.13894,0.21703
54.910,-11.52377,-25.19849,0.00000
54.920,-11.08329,-24.54410,1.09487
54.930,-10.39916,-24.05852,1.16972
54.940,-10.06829,-24.28801,0.33086
54.950,-10.08440,-23.93611,0.35190
54.960,-10.20719,-23.98959,0.00000
54.970,-9.54300,-24.24875,0.66419
54.980,-9.43983,-24.35355,0.10317
54.990,-10.23222,-25.01077,0.00000
55.000,-10.24999,-26.13894,0.00000
55.010,-9.59724,-26.89592,0.65274
55.020,-9.29857,-27.30805,0.29867
55.030,-9.46372,-23.58471,3.72334
55.040,-9.59284,-21.79035,1.79436
55.050,-9.54857,-20.66763,1.16700
55.060,-9.69317,-19.81451,0.85312
55.070,-10.14569,-19.75728,0.05723
55.080,-10.26125,-19.57109,0.18619
55.090,-9.92127,-19.35262,0.55845
55.100,-10.29994,-18.95538,0.39723
55.110,-11.04325,-19.46099,0.00000
55.120,-11.53246,-22.78142,0.00000
55.130,-11.88326,-31.09966,0.00000
55.140,-11.28085,-32.32387,0.60240
55.150,-11.32319,-32.43290,0.00000
55.160,-12.13057,-32.75357,0.00000
55.170,-11.88495,-25.08310,7.91610
55.180,-11.51246,-24.32251,1.13307
55.190,-11.74333,-27.97777,0.00000
55.200,-11.26165,-24.41584,4.04361
55.210,-9.89605,-20.03303,5.74841
55.220,-8.29511,-18.46002,3.17395
55.230,-6.97841,-19.31229,1.31669
55.240,-6.86123,-21.24246,0.11719
55.250,-6.74362,-22.71802,0.11761
55.260,-7.00650,-23.69415,0.00000
55.270,-7.86274,-24.37072,0.00000
55.280,-7.77228,-24.91274,0.09046
55.290,-7.91642,-25.25057,0.00000
55.300,-7.51576,-24.64368,1.00755
55.310,-7.72194,-23.85062,0.79306
55.320,-7.67169,-24.69007,0.05025
55.330,-7.44234,-26.11617,0.22934
55.340,-7.58111,-25.76746,0.34871
55.350,-7.68280,-25.78714,0.00000
55.360,-8.18571,-25.87065,0.00000
55.370,-7.94220,-25.39416,0.71999
55.380,-8.37400,-25.25240,0.14176
55.390,-8.36110,-25.74028,0.01290
55.400,-7.66709,-25.28982,1.14447
55.410,-7.42021,-24.61870,0.91800
55.420,-7.49335,-24.96747,0.00000
55.430,-7.63517,-25.73444,0.00000
55.440,-8.03216,-25.83837,0.00000
55.450,-8.35184,-25.34419,0.49419
55.460,-8.06745,-25.44003,0.28439
55.470,-8.23108,-25.55752,0.00000
55.480,-7.77205,-25.75802,0.45903
55.490,-7.28100,-25.85176,0.49105
55.500,-7.18452,-25.83539,0.11285
55.510,-7.63707,-25.84985,0.00000
55.520,-8.29168,-25.47852,0.37132
55.530,-8.05441,-25.76429,0.23727
55.540,-8.87742,-25.54130,0.22299
55.550,-9.11362,-24.92700,0.61430
55.560,-8.52934,-24.52480,0.98648
55.570,-8.17998,-24.59196,0.34937
55.580,-8.19913,-25.41427,0.00000
55.590,-8.56189,-26.23455,0.00000
55.600,-8.53662,-25.66829,0.59154
55.610,-8.83806,-21.14203,4.52626
55.620,-8.29311,-18.78181,2.90517
55.630,-8.13130,-19.06148,0.16181
55.640,-7.91787,-21.04701,0.21343
55.650,-7.76601,-22.93672,0.15185
55.660,-7.18666,-23.68200,0.57935
55.670,-7.58589,-24.80166,0.00000
55.680,-8.96934,-25.33703,0.00000
55.690,-8.02276,-24.90293,1.38068
55.700,-8.30088,-24.67260,0.23032
55.710,-8.01074,-24.97866,0.29014
55.720,-7.54893,-25.08178,0.46180
55.730,-7.44283,-25.33136,0.10611
55.740,-7.76888,-25.83099,0.00000
55.750,-8.10835,-26.23250,0.00000
55.760,-8.03963,-26.46176,0.06871
55.770,-9.11646,-26.32912,0.13265
55.780,-8.56975,-26.35958,0.54671
55.790,-8.50927,-26.08508,0.33499
55.800,-8.21806,-26.07346,0.30282
55.810,-7.87905,-26.38184,0.33901
55.820,-7.83197,-26.36103,0.06790
55.830,-7.82463,-26.47012,0.00733
55.840,-8.68434,-26.17770,0.29241
55.850,-8.38609,-25.74648,0.72947
55.860,-8.37809,-25.67541,0.07908
55.870,-7.68879,-25.92663,0.68929
55.880,-7.63840,-26.02348,0.05039
55.890,-7.97917,-26.19498,0.00000
55.900,-7.99720,-26.12490,0.07008
55.910,-8.27517,-25.94469,0.18021
55.920,-8.14328,-26.16867,0.13190
55.930,-8.95999,-26.67774,0.00000
55.940,-8.37528,-26.46631,0.79614
55.950,-8.34155,-26.11799,0.38205
55.960,-8.23703,-26.36833,0.10453
55.970,-8.20870,-26.26305,0.13361
55.980,-8.37338,-26.28730,0.00000
55.990,-8.66899,-26.27094,0.01636
56.000,-9.52612,-25.51887,0.75207
56.010,-8.53092,-21.10993,5.40414
56.020,-8.77698,-18.46754,2.64240
56.030,-8.59959,-18.91945,0.17739
56.040,-8.75590,-21.23781,0.00000
56.050,-8.57486,-23.15263,0.18103
56.060,-8.83575,-24.45515,0.00000
56.070,-9.55906,-25.27553,0.00000
56.080,-8.77248,-25.60914,0.78658
56.090,-9.50147,-26.06565,0.00000
56.100,-8.71757,-26.27600,0.78390
56.110,-8.49266,-26.45157,0.22492
56.120,-8.53961,-26.94027,0.00000
56.130,-8.45611,-26.76174,0.26203
56.140,-8.68026,-26.45773,0.30400
56.150,-8.60109,-26.61617,0.07917
56.160,-9.48193,-26.51023,0.10594
56.170,-8.97093,-26.34395,0.67727
56.180,-9.35759,-25.93909,0.40486
56.190,-9.22199,-25.75682,0.31787
56.200,-8.75294,-24.52807,1.69779
56.210,-8.51162,-23.97518,0.79422
56.220,-8.73319,-24.69922,0.00000
56.230,-9.37401,-24.84522,0.00000
56.240,-8.61335,-24.77880,0.82708
56.250,-9.23621,-25.07196,0.00000
56.260,-8.55428,-25.39543,0.68193
56.270,-8.26495,-25.50989,0.28933
56.280,-8.36940,-25.43190,0.07798
56.290,-8.76537,-25.63525,0.00000
56.300,-9.25902,-26.01250,0.00000
56.310,-9.30956,-26.24956,0.00000
56.320,-10.61416,-26.57386,0.00000
56.330,-8.89693,-26.50201,1.78908
56.340,-8.96957,-25.65646,0.84555
56.350,-9.00262,-24.98533,0.67112
56.360,-8.63590,-24.63863,0.71343
56.370,-8.24054,-24.66657,0.39536
56.380,-8.07435,-24.88360,0.16619
56.390,-8.84413,-25.06383,0.00000
56.400,-7.84354,-24.79315,1.27127
56.410,-8.38330,-20.97708,3.81607
56.420,-7.91635,-18.80759,2.63645
56.430,-7.71649,-19.20782,0.19986
56.440,-8.17688,-21.20426,0.00000
56.450,-8.16766,-23.08806,0.00922
56.460,-8.51437,-24.12615,0.00000
56.470,-8.53194,-25.17902,0.00000
56.480,-9.27095,-25.40932,0.00000
56.490,-8.17829,-25.13192,1.37007
56.500,-8.17758,-24.86703,0.26559
56.510,-8.47324,-25.37836,0.00000
56.520,-8.67398,-25.65781,0.00000
56.530,-8.71002,-25.64207,0.01574
56.540,-8.79076,-25.72053,0.00000
56.550,-10.00299,-25.29923,0.42130
56.560,-9.30897,-25.06117,0.93208
56.570,-10.05258,-25.05547,0.00570
56.580,-9.92143,-25.48564,0.13115
56.590,-9.38464,-26.41442,0.53679
56.600,-10.00999,-26.75229,0.00000
56.610,-10.49354,-26.43036,0.32193
56.620,-10.46427,-26.41315,0.04648
56.630,-10.17107,-26.86229,0.29320
56.640,-11.52379,-27.55325,0.00000
56.650,-11.26048,-28.11108,0.26331
56.660,-10.70827,-28.80784,0.55221
56.670,-10.48268,-29.66445,0.22559
56.680,-11.07276,-29.73719,0.00000
56.690,-10.70828,-30.16303,0.36448
56.700,-10.89055,-31.21908,0.00000
56.710,-11.79302,-31.59367,0.00000
56.720,-10.33711,-31.58845,1.46113
56.730,-10.19457,-31.47040,0.26059
56.740,-9.90039,-31.89804,0.29419
56.750,-10.32897,-32.19707,0.00000
56.760,-10.11526,-31.87545,0.53533
56.770,-10.44856,-31.79612,0.07934
56.780,-10.79001,-32.32374,0.00000
56.790,-10.39094,-32.75560,0.39907
56.800,-10.87148,-28.82488,3.93072
56.810,-9.30710,-21.70508,8.68418
56.820,-8.66224,-18.64289,3.70705
56.830,-8.68012,-19.06220,0.00000
56.840,-9.33164,-21.59193,0.00000
56.850,-9.64560,-24.27243,0.00000
56.860,-9.73925,-27.04075,0.00000
56.870,-10.51934,-29.18488,0.00000
56.880,-10.07302,-30.27608,0.44632
56.890,-9.81500,-30.54990,0.25802
56.900,-9.78245,-30.73291,0.03254
56.910,-10.27196,-31.39978,0.00000
56.920,-10.24107,-32.22135,0.03089
56.930,-10.72563,-32.44835,0.00000
56.940,-10.46854,-32.48154,0.25709
56.950,-10.11781,-32.75674,0.35073
56.960,-10.66368,-32.67544,0.08130
56.970,-9.53685,-32.79645,1.12683
56.980,-9.23693,-32.83753,0.29991
56.990,-8.94378,-32.27820,0.85249
57.000,-9.25526,-27.92664,4.35155
57.010,-9.20345,-25.35755,2.62090
57.020,-9.73517,-26.92023,0.00000
57.030,-11.06517,-29.87964,0.00000
57.040,-10.41715,-28.49089,2.03677
57.050,-10.03359,-28.07644,0.79800
57.060,-9.57105,-28.09615,0.46255
57.070,-10.31923,-27.69147,0.40468
57.080,-9.73480,-27.48149,0.79441
57.090,-9.82446,-27.65661,0.00000
57.100,-10.51614,-28.21908,0.00000
57.110,-10.21100,-29.18859,0.30514
57.120,-11.07373,-29.37078,0.00000
57.130,-10.98969,-28.91478,0.54004
57.140,-11.25101,-28.32548,0.58930
57.150,-10.79978,-27.21623,1.56048
57.160,-11.55217,-26.60515,0.61108
57.170,-11.40996,-26.54247,0.20490
57.180,-11.13352,-27.11883,0.27643
57.190,-12.13828,-28.30814,0.00000
57.200,-10.69901,-26.96794,2.77947
57.210,-10.21865,-21.06574,6.38256
57.220,-9.65955,-18.45085,3.17398
57.230,-10.11715,-18.86303,0.00000
57.240,-9.96864,-21.16085,0.14851
57.250,-10.26125,-23.79736,0.00000
57.260,-10.79575,-25.91847,0.00000
57.270,-10.12559,-27.71224,0.67016
57.280,-9.97062,-27.88075,0.15497
57.290,-9.33882,-28.41054,0.63180
57.300,-9.66494,-29.50765,0.00000
57.310,-9.34650,-30.23573,0.31843
57.320,-10.20712,-30.46579,0.00000
57.330,-10.29611,-30.56252,0.00000
57.340,-9.58845,-30.75774,0.70766
57.350,-10.22869,-31.04011,0.00000
57.360,-9.43725,-31.66682,0.79144
57.370,-9.23306,-32.30992,0.20419
57.380,-8.95676,-31.33363,1.25258
57.390,-9.55681,-31.28088,0.05275
57.400,-9.01185,-31.64144,0.54495
57.410,-8.54873,-31.31403,0.79053
57.420,-9.19498,-29.77374,1.54030
57.430,-8.69620,-27.84502,2.42749
57.440,-8.11579,-28.00547,0.58041
57.450,-8.25716,-29.83995,0.00000
57.460,-9.38232,-30.40528,0.00000
57.470,-9.02331,-30.05750,0.70680
57.480,-8.98089,-29.90332,0.19660
57.490,-8.88837,-29.74110,0.25474
57.500,-9.04420,-29.71533,0.02577
57.510,-9.72598,-29.70509,0.01023
57.520,-9.42200,-30.14801,0.30399
57.530,-9.50875,-30.37051,0.00000
57.540,-8.99602,-30.17880,0.70444
57.550,-9.50980,-30.32559,0.00000
57.560,-9.46549,-30.61122,0.04431
57.570,-9.62890,-30.49622,0.11501
57.580,-10.35616,-29.91618,0.58004
57.590,-9.60263,-28.71138,1.95834
57.600,-8.64860,-25.91960,3.74580
57.610,-7.88259,-21.41858,5.26703
57.620,-7.82543,-19.17632,2.29941
57.630,-8.24567,-19.65470,0.00000
57.640,-8.75172,-21.79928,0.00000
57.650,-8.88687,-23.83888,0.00000
57.660,-9.23767,-25.62091,0.00000
57.670,-8.97156,-27.22722,0.26611
57.680,-9.31235,-27.84964,0.00000
57.690,-9.20555,-28.45964,0.10680
57.700,-9.50459,-28.64483,0.00000
57.710,-9.61963,-28.65789,0.00000
57.720,-9.51074,-28.78985,0.10889
57.730,-9.69289,-28.82208,0.00000
57.740,-9.36036,-28.95578,0.33253
57.750,-9.85150,-29.19445,0.00000
57.760,-10.01547,-29.34564,0.00000
57.770,-9.84354,-29.27353,0.24404
57.780,-9.52405,-29.15577,0.43725
57.790,-9.50820,-29.37971,0.01585
57.800,-9.99282,-29.32544,0.05427
57.810,-9.50407,-28.72182,1.09236
57.820,-9.62032,-28.64786,0.07396
57.830,-10.02944,-28.31315,0.33471
57.840,-10.00136,-27.68066,0.66057
57.850,-9.70288,-27.23875,0.74038
57.860,-9.30684,-27.48245,0.39604
57.870,-9.78258,-28.05380,0.00000
57.880,-10.23571,-28.36455,0.00000
57.890,-10.39343,-28.55686,0.00000
57.900,-9.47052,-28.22927,1.25050
57.910,-9.10746,-27.91614,0.67619
57.920,-9.39746,-27.62802,0.28812
57.930,-9.46517,-27.57307,0.05494
57.940,-9.47307,-27.45727,0.11581
57.950,-9.66285,-27.31591,0.14135
57.960,-9.88069,-27.34224,0.00000
57.970,-10.34871,-27.26829,0.07395
57.980,-10.32747,-27.28909,0.02124
57.990,-9.56023,-27.42651,0.76723
58.000,-9.98491,-26.29621,1.13030
58.010,-9.68243,-21.43695,5.16174
58.020,-9.02404,-18.85252,3.24282
58.030,-9.67402,-19.42468,0.00000
58.040,-9.86813,-21.75750,0.00000
58.050,-9.73040,-23.73713,0.13773
58.060,-9.91425,-25.42524,0.00000
58.070,-10.42512,-26.43785,0.00000
58.080,-10.31537,-26.82513,0.10976
58.090,-9.58160,-27.27208,0.73377
58.100,-9.43793,-27.89127,0.14367
58.110,-10.51298,-28.36272,0.00000
58.120,-10.15749,-28.36092,0.35730
58.130,-9.79233,-27.89619,0.82988
58.140,-10.47833,-27.69329,0.20290
58.150,-10.20835,-27.85193,0.26998
58.160,-9.61065,-28.19844,0.59770
58.170,-10.00785,-28.34856,0.00000
58.180,-9.96415,-28.36729,0.04370
58.190,-9.56938,-28.70541,0.39477
58.200,-9.35860,-28.64785,0.26834
58.210,-9.46633,-28.01908,0.62877
58.220,-9.70521,-27.90322,0.11586
58.230,-9.28580,-28.29057,0.41941
58.240,-8.70995,-27.83215,1.03428
58.250,-8.38856,-27.40505,0.74848
58.260,-8.81794,-27.60864,0.00000
58.270,-8.98839,-27.59505,0.01359
58.280,-8.96963,-27.65401,0.01876
58.290,-9.21738,-27.82442,0.00000
58.300,-9.66869,-27.65425,0.17017
58.310,-9.64636,-27.76618,0.02233
58.320,-9.34955,-27.64241,0.42059
58.330,-8.83223,-27.50013,0.65960
58.340,-9.04228,-27.67098,0.00000
58.350,-9.65626,-27.94472,0.00000
58.360,-9.39893,-28.05903,0.25733
58.370,-9.57030,-27.76778,0.29125
58.380,-9.87007,-28.15948,0.00000
58.390,-9.17729,-28.43663,0.69278
58.400,-8.84736,-24.34229,4.42427
58.410,-7.98320,-20.35964,4.84681
58.420,-7.31620,-18.80005,2.22660
58.430,-6.95024,-19.42465,0.36596
58.440,-7.10535,-21.06548,0.00000
58.450,-7.70945,-22.39909,0.00000
58.460,-7.57715,-23.62457,0.13229
58.470,-7.41275,-23.80506,0.16440
58.480,-8.13410,-24.10356,0.00000
58.490,-8.83811,-24.95963,0.00000
58.500,-8.94385,-24.23036,0.72927
58.510,-8.43318,-23.65212,1.08890
58.520,-8.04802,-24.38587,0.38516
58.530,-8.75252,-24.96793,0.00000
58.540,-8.70347,-24.42864,0.58833
58.550,-8.52420,-24.05052,0.55739
58.560,-7.67461,-23.89888,1.00123
58.570,-7.73834,-23.75290,0.14598
58.580,-7.99454,-24.08251,0.00000
58.590,-8.32414,-25.04159,0.00000
58.600,-8.73963,-24.38286,0.65873
58.610,-7.69581,-23.51286,1.91382
58.620,-8.18458,-23.73164,0.00000
58.630,-8.51886,-23.86190,0.00000
58.640,-7.88754,-23.71527,0.77796
58.650,-7.97759,-23.54819,0.16708
58.660,-8.09614,-23.65010,0.00000
58.670,-8.01532,-23.55850,0.17242
58.680,-8.42528,-23.92105,0.00000
58.690,-8.56429,-24.52990,0.00000
58.700,-7.91087,-24.39523,0.78809
58.710,-8.20432,-23.72403,0.67120
58.720,-8.34163,-23.61818,0.10584
58.730,-8.44887,-23.90683,0.00000
58.740,-8.48429,-24.08359,0.00000
58.750,-8.14345,-24.76971,0.34084
58.760,-7.78532,-24.75605,0.37178
58.770,-7.63956,-24.72930,0.17251
58.780,-8.34470,-24.81061,0.00000
58.790,-8.15938,-24.41849,0.57744
58.800,-8.55395,-23.69753,0.72096
58.810,-8.56916,-20.69912,2.99841
58.820,-7.58640,-18.58549,3.09638
58.830,-7.64526,-18.90818,0.00000
58.840,-7.92232,-20.67777,0.00000
58.850,-8.60023,-22.11723,0.00000
58.860,-8.69683,-23.13627,0.00000
58.870,-7.65070,-23.93537,1.04613
58.880,-7.50042,-24.33382,0.15028
58.890,-7.69800,-24.49286,0.00000
58.900,-7.92188,-24.66522,0.00000
58.910,-8.88851,-24.74582,0.00000
58.920,-8.55140,-24.69162,0.39131
58.930,-8.19432,-24.97703,0.35708
58.940,-8.51379,-25.33365,0.00000
58.950,-8.41655,-25.10388,0.32701
58.960,-8.52665,-24.80506,0.29883
58.970,-8.35720,-24.97840,0.16945
58.980,-8.42114,-25.20207,0.00000
58.990,-8.25779,-25.05051,0.31491
59.000,-8.01239,-24.84759,0.44832
59.010,-7.40348,-24.83473,0.62177
59.020,-7.41462,-25.03649,0.00000
59.030,-8.01905,-25.06036,0.00000
59.040,-7.99061,-25.05811,0.03070
59.050,-8.06050,-25.23029,0.00000
59.060,-7.08752,-25.30068,0.97298
59.070,-6.83095,-25.24020,0.31705
59.080,-7.88348,-25.63958,0.00000
59.090,-8.38673,-26.08417,0.00000
59.100,-7.81976,-25.63173,1.01941
59.110,-7.12157,-25.31105,1.01888
59.120,-7.20244,-25.43192,0.00000
59.130,-7.53972,-25.95540,0.00000
59.140,-8.23650,-26.44633,0.00000
59.150,-8.40759,-26.86872,0.00000
59.160,-8.51946,-27.67861,0.00000
59.170,-9.01526,-27.71027,0.00000
59.180,-8.34310,-27.99555,0.67215
59.190,-8.56261,-28.61236,0.00000
59.200,-8.77126,-26.90550,1.70686
59.210,-8.43577,-21.56219,5.67880
59.220,-8.47983,-18.77190,2.79029
59.230,-8.05192,-19.28378,0.42790
59.240,-7.39740,-21.51483,0.65452
59.250,-7.09128,-23.06432,0.30612
59.260,-7.43218,-24.47129,0.00000
59.270,-8.52745,-25.24374,0.00000
59.280,-8.17754,-25.49833,0.34991
59.290,-7.39432,-25.71113,0.78323
59.300,-7.58111,-25.90192,0.00000
59.310,-7.60775,-26.20243,0.00000
59.320,-8.41347,-26.35281,0.00000
59.330,-8.32663,-26.27022,0.16943
59.340,-8.03125,-26.34123,0.29538
59.350,-8.33677,-26.23158,0.10965
59.360,-7.96935,-26.21623,0.38276
59.370,-8.14241,-26.44682,0.00000
59.380,-7.91971,-26.39981,0.26971
59.390,-7.87155,-26.40914,0.04816
59.400,-8.24316,-24.86750,1.54164
59.410,-8.10388,-23.61815,1.38863
59.420,-7.69403,-24.50035,0.40985
59.430,-7.54016,-25.53268,0.15388
59.440,-7.47814,-25.11147,0.48322
59.450,-8.06847,-24.94985,0.16162
59.460,-8.30288,-25.16484,0.00000
59.470,-8.20231,-25.36597,0.10057
59.480,-8.06341,-25.03575,0.46912
59.490,-8.21833,-25.18424,0.00000
59.500,-8.63652,-25.42393,0.00000
59.510,-7.93197,-25.76024,0.70455
59.520,-8.48174,-26.29645,0.00000
59.530,-8.69295,-26.52436,0.00000
59.540,-8.57038,-26.33377,0.31316
59.550,-9.44306,-25.59908,0.73469
59.560,-8.69834,-25.16737,1.17642
59.570,-8.36113,-24.95914,0.54544
59.580,-8.55185,-25.29433,0.00000
59.590,-8.28951,-26.13369,0.26234
59.600,-8.37417,-25.68241,0.45128
59.610,-8.00502,-21.86698,4.18457
59.620,-7.88848,-19.14274,2.84078
59.630,-8.36064,-19.27464,0.00000
59.640,-8.17926,-21.48592,0.18138
59.650,-8.07190,-23.34882,0.10735
59.660,-7.57663,-24.17954,0.49528
59.670,-7.70094,-24.89829,0.00000
59.680,-9.49158,-25.19559,0.00000
59.690,-8.80727,-24.98876,0.89114
59.700,-7.73990,-25.12141,1.06736
59.710,-7.98857,-25.40435,0.00000
59.720,-8.51616,-25.92294,0.00000
59.730,-9.13524,-26.13384,0.00000
59.740,-7.92919,-26.14424,1.20605
59.750,-7.77738,-26.02905,0.26701
59.760,-8.61207,-26.07005,0.00000
59.770,-8.40692,-26.23656,0.20515
59.780,-8.43308,-25.68381,0.55274
59.790,-7.96124,-25.55052,0.60513
59.800,-8.02449,-25.63709,0.00000
59.810,-8.94279,-25.84790,0.00000
59.820,-8.73796,-26.30081,0.20483
59.830,-8.67098,-25.90909,0.45870
59.840,-8.49699,-25.43404,0.64904
59.850,-8.26394,-25.57843,0.23305
59.860,-9.09518,-25.84655,0.00000
59.870,-8.83071,-25.90639,0.26447
59.880,-8.37964,-25.87011,0.48736
59.890,-8.55771,-26.36524,0.00000
59.900,-8.83761,-26.71381,0.00000
59.910,-9.62800,-26.66185,0.05196
59.920,-9.11865,-26.76499,0.50935
59.930,-8.60038,-26.79580,0.51827
59.940,-9.03273,-27.36438,0.00000
59.950,-8.83363,-28.43722,0.19910
59.960,-9.13793,-28.88179,0.00000
59.970,-9.35388,-29.22924,0.00000
59.980,-9.58217,-29.87067,0.00000
59.990,-10.37389,-30.20428,0.00000
60.000,-9.24429,-28.41190,2.92199
60.010,-8.61621,-22.09560,6.94438
60.020,-8.27712,-19.51098,2.92371
60.030,-8.72734,-19.92703,0.00000
60.040,-10.98672,-21.89077,0.00000
60.050,-9.92591,-23.88032,1.06081
60.060,-9.11386,-25.39833,0.81205
60.070,-9.53161,-26.66248,0.00000
60.080,-9.35050,-27.11994,0.18110
60.090,-9.92670,-27.53741,0.00000
60.100,-9.42615,-28.48406,0.50055
60.110,-9.43007,-29.18767,0.00000
60.120,-10.16078,-28.68509,0.50258
60.130,-9.31934,-28.68911,0.84144
60.140,-9.60353,-29.23730,0.00000
60.150,-9.56207,-27.78611,1.49265
60.160,-9.81835,-25.04001,2.74610
60.170,-11.22735,-23.64608,1.39392
60.180,-9.69734,-23.16151,2.01458
60.190,-9.45958,-22.77594,0.62333
60.200,-9.12225,-22.42055,0.69273
60.210,-8.87652,-22.23851,0.42777
60.220,-9.85586,-23.15407,0.00000
60.230,-9.16141,-24.37245,0.69444
60.240,-9.08385,-23.89888,0.55114
60.250,-8.87308,-24.11984,0.21077
60.260,-9.08043,-25.23916,0.00000
60.270,-9.79333,-25.63026,0.00000
60.280,-8.98327,-26.03254,0.81005
60.290,-9.19147,-26.60872,0.00000
60.300,-10.04955,-27.39589,0.00000
60.310,-9.91696,-28.88378,0.13259
60.320,-9.81693,-29.12293,0.10004
60.330,-8.97362,-28.50837,1.45787
60.340,-9.22801,-28.43526,0.07311
60.350,-11.61828,-28.15555,0.27971
60.360,-9.62661,-27.00677,3.14046
60.370,-8.80816,-26.73797,1.08725
60.380,-9.34981,-27.21062,0.00000
60.390,-9.58439,-26.94248,0.26813
60.400,-11.04418,-25.48663,1.45585
60.410,-9.22062,-21.45914,5.85104
60.420,-8.66356,-19.13696,2.87925
60.430,-9.10956,-19.38910,0.00000
60.440,-8.96070,-20.36324,0.14887
60.450,-9.79683,-20.23414,0.12910
60.460,-9.46595,-20.64465,0.33089
60.470,-9.46998,-21.00293,0.00000
60.480,-9.91443,-20.60316,0.39977
60.490,-9.71074,-20.52701,0.27984
60.500,-10.21241,-20.63385,0.00000
60.510,-9.27757,-20.07150,1.49720
60.520,-8.91063,-19.65744,0.78099
60.530,-10.24120,-19.78659,0.00000
60.540,-9.73532,-19.94033,0.50588
60.550,-9.24767,-19.77404,0.65394
60.560,-8.79850,-19.63843,0.58479
60.570,-9.03260,-19.78747,0.00000
60.580,-10.52260,-20.05769,0.00000
60.590,-9.64234,-20.85083,0.88026
60.600,-9.47468,-21.72818,0.16766
60.610,-9.85628,-23.97127,0.00000
60.620,-9.91663,-25.54726,0.00000
60.630,-9.87138,-24.26480,1.32772
60.640,-9.28432,-24.61505,0.58706
60.650,-9.91335,-25.37690,0.00000
60.660,-10.72521,-25.99309,0.00000
60.670,-10.34511,-26.74427,0.38009
60.680,-10.82643,-27.40114,0.00000
60.690,-10.23332,-28.63441,0.59311
60.700,-9.98126,-28.89045,0.25207
60.710,-11.48960,-28.78264,0.10781
60.720,-10.09301,-29.55468,1.39659
60.730,-9.96023,-29.47896,0.20850
60.740,-9.98777,-29.23750,0.24145
60.750,-10.01474,-29.56358,0.00000
60.760,-11.73590,-29.58489,0.00000
60.770,-10.50247,-29.43243,1.38589
60.780,-10.02429,-29.15793,0.75269
60.790,-10.97993,-29.06066,0.09727
60.800,-10.26909,-26.82226,2.94923
60.810,-9.79226,-22.40490,4.89419
60.820,-9.03459,-19.90709,3.25548
60.830,-8.02647,-20.09073,1.00812
60.840,-7.98941,-21.66607,0.03706
60.850,-8.26885,-22.88401,0.00000
60.860,-8.56919,-24.25278,0.00000
60.870,-8.70430,-25.31356,0.00000
60.880,-8.64992,-25.82167,0.05438
60.890,-9.12800,-25.89005,0.00000
60.900,-8.89641,-25.65436,0.46728
60.910,-8.53422,-25.53811,0.47846
60.920,-9.36811,-25.87232,0.00000
60.930,-8.89900,-26.32970,0.46912
60.940,-8.58306,-26.25763,0.38802
60.950,-8.96112,-25.85140,0.40623
60.960,-8.84944,-25.86487,0.11168
60.970,-9.34095,-26.06864,0.00000
60.980,-9.50394,-26.05737,0.01128
60.990,-9.32186,-26.19597,0.18207
61.000,-9.13111,-26.01282,0.37391
61.010,-8.93761,-25.73591,0.47040
61.020,-8.45677,-25.87473,0.48084
61.030,-8.81514,-26.17606,0.00000
61.040,-9.81704,-26.86971,0.00000
61.050,-9.94746,-27.82700,0.00000
61.060,-10.09465,-28.53975,0.00000
61.070,-10.09872,-28.71172,0.00000
61.080,-10.40422,-28.57037,0.14135
61.090,-10.44546,-29.03850,0.00000
61.100,-10.50228,-29.45973,0.00000
61.110,-10.36073,-29.10891,0.49237
61.120,-10.06080,-29.20204,0.29993
61.130,-9.70684,-29.40721,0.35397
61.140,-10.04196,-29.45291,0.00000
61.150,-10.13834,-29.70223,0.00000
61.160,-10.39320,-29.94555,0.00000
61.170,-10.99200,-29.81136,0.13420
61.180,-11.00136,-28.57288,1.23847
61.190,-10.98142,-26.54977,2.04305
61.200,-10.86973,-22.85428,3.80718
61.210,-10.61650,-19.89408,3.21343
61.220,-9.28196,-18.52150,2.70712
61.230,-8.55347,-19.17237,0.72848
61.240,-9.17420,-21.10477,0.00000
61.250,-9.40076,-22.36396,0.00000
61.260,-9.23536,-23.76450,0.16540
61.270,-9.27572,-24.47364,0.00000
61.280,-8.95806,-24.18910,0.60220
61.290,-9.32843,-24.36698,0.00000
61.300,-9.89937,-24.87870,0.00000
61.310,-9.94871,-25.11854,0.00000
61.320,-10.04434,-24.92936,0.18918
61.330,-10.07699,-24.61573,0.31363
61.340,-10.10569,-24.36701,0.24873
61.350,-10.56093,-24.19081,0.17620
61.360,-10.31835,-23.91234,0.52105
61.370,-9.53526,-23.91503,0.78309
61.380,-9.72081,-24.08698,0.00000
61.390,-9.62823,-23.92057,0.25900
61.400,-9.53269,-23.96571,0.09554
61.410,-9.89384,-24.32464,0.00000
61.420,-9.67595,-24.77577,0.21789
61.430,-9.26112,-24.91154,0.41483
61.440,-8.90048,-24.66975,0.60244
61.450,-9.45597,-25.08618,0.00000
61.460,-10.07206,-26.01331,0.00000
61.470,-9.76112,-27.01276,0.31095
61.480,-9.87763,-28.04832,0.00000
61.490,-10.37420,-28.99142,0.00000
61.500,-9.67489,-29.20325,0.69931
61.510,-9.31456,-29.24254,0.36033
61.520,-9.64088,-29.67237,0.00000
61.530,-10.08882,-30.31528,0.00000
61.540,-9.38736,-30.16734,0.84939
61.550,-8.86104,-29.63061,1.06306
61.560,-9.63777,-30.23744,0.00000
61.570,-10.14210,-30.71953,0.00000
61.580,-9.56131,-30.62018,0.68014
61.590,-10.21659,-29.96490,0.65528
61.600,-10.82798,-26.13244,3.83246
61.610,-8.65133,-21.77747,6.53162
61.620,-8.20587,-19.77036,2.45258
61.630,-7.87298,-20.09994,0.33289
61.640,-7.08951,-21.73071,0.78346
61.650,-7.39813,-23.09911,0.00000
61.660,-7.24696,-23.57051,0.15118
61.670,-7.40364,-23.54255,0.02797
61.680,-7.78463,-23.63945,0.00000
61.690,-8.06346,-23.86790,0.00000
61.700,-8.10779,-23.62677,0.24113
61.710,-8.07857,-23.38884,0.26715
61.720,-8.39048,-24.31655,0.00000
61.730,-8.18524,-25.25122,0.20524
61.740,-8.02616,-24.49227,0.91803
61.750,-7.41823,-24.20929,0.89092
61.760,-7.84684,-24.52965,0.00000
61.770,-7.73412,-24.71902,0.11273
61.780,-7.94847,-24.86916,0.00000
61.790,-8.86558,-24.99283,0.00000
61.800,-8.29962,-24.24794,1.31086
61.810,-8.00568,-23.28714,1.25474
61.820,-7.68059,-23.98476,0.32509
61.830,-7.98677,-24.67024,0.00000
61.840,-8.05916,-24.37990,0.29034
61.850,-8.90185,-24.34587,0.03404
61.860,-9.09189,-24.59243,0.00000
61.870,-8.30342,-25.19754,0.78847
61.880,-8.82711,-25.25610,0.00000
61.890,-8.73026,-25.26207,0.09685
61.900,-8.74782,-25.35845,0.00000
61.910,-8.60549,-25.76645,0.14233
61.920,-8.90551,-25.89060,0.00000
61.930,-8.17072,-25.67768,0.94771
61.940,-8.14045,-25.63085,0.07710
61.950,-9.15051,-25.17685,0.45400
61.960,-8.31201,-24.48691,1.52844
61.970,-8.18364,-24.21687,0.39841
61.980,-8.56714,-24.30651,0.00000
61.990,-8.71168,-24.13623,0.17028
62.000,-8.41494,-23.94858,0.48439
62.010,-8.75873,-21.94114,2.00744
62.020,-8.58094,-20.13070,1.98822
62.030,-8.28406,-20.44487,0.29688
62.040,-8.86828,-21.99324,0.00000
62.050,-9.50099,-22.78669,0.00000
62.060,-9.00272,-22.99502,0.49826
62.070,-8.49372,-23.51189,0.50900
62.080,-8.93842,-23.65375,0.00000
62.090,-8.78445,-24.04418,0.15397
62.100,-9.44633,-24.49430,0.00000
62.110,-9.17868,-24.24164,0.52031
62.120,-8.56143,-23.89706,0.96184
62.130,-8.25919,-23.86783,0.33146
62.140,-8.57899,-23.68767,0.18016
62.150,-9.20334,-23.16848,0.51919
62.160,-8.57097,-23.20164,0.63237
62.170,-8.91493,-23.26553,0.00000
62.180,-8.83670,-23.27068,0.07823
62.190,-8.55186,-23.85762,0.28484
62.200,-8.79535,-24.46292,0.00000
62.210,-9.04512,-24.55049,0.00000
62.220,-9.00592,-24.35609,0.23360
62.230,-9.26642,-24.27398,0.08211
62.240,-9.88904,-24.38337,0.00000
62.250,-9.50710,-24.66553,0.38194
62.260,-9.37838,-24.85931,0.12872
62.270,-9.44029,-24.57138,0.28793
62.280,-9.44457,-24.48565,0.08573
62.290,-9.32394,-24.73950,0.12063
62.300,-9.49154,-24.60709,0.13242
62.310,-9.57456,-23.83089,0.77620
62.320,-9.46432,-23.09790,0.84323
62.330,-9.90592,-22.95983,0.13806
62.340,-10.14610,-23.64409,0.00000
62.350,-9.82600,-24.29081,0.32010
62.360,-9.44661,-24.37860,0.37939
62.370,-9.91514,-24.39774,0.00000
62.380,-9.88430,-24.17814,0.25044
62.390,-9.88083,-24.21750,0.00348
62.400,-9.92122,-24.00118,0.21632
62.410,-9.86414,-22.12991,1.92835
62.420,-9.64218,-20.36745,1.98442
62.430,-9.22986,-20.39168,0.41232
62.440,-9.33040,-21.83573,0.00000
62.450,-8.69135,-22.70287,0.63905
62.460,-8.63719,-23.09111,0.05416
62.470,-8.52175,-23.56141,0.11544
62.480,-8.48077,-23.18663,0.41576
62.490,-9.20616,-23.02989,0.15674
62.500,-8.99946,-23.33034,0.20670
62.510,-8.86920,-23.23036,0.23024
62.520,-8.65114,-23.29483,0.21806
62.530,-8.87435,-23.65235,0.00000
62.540,-9.42219,-24.39512,0.00000
62.550,-9.73726,-25.22707,0.00000
62.560,-10.16227,-25.05745,0.16962
62.570,-9.94498,-24.72303,0.55170
62.580,-10.01690,-24.74147,0.00000
62.590,-9.46805,-24.65782,0.63249
62.600,-8.68352,-23.26642,2.17594
62.610,-8.56061,-22.70641,0.68292
62.620,-8.97221,-24.05397,0.00000
62.630,-9.57947,-25.07854,0.00000
62.640,-9.76784,-24.11027,0.96826
62.650,-9.30539,-23.46588,1.10683
62.660,-8.83039,-23.63936,0.47501
62.670,-9.16338,-24.01267,0.00000
62.680,-9.06143,-23.72368,0.39094
62.690,-8.91137,-23.26353,0.61020
62.700,-9.57615,-23.78554,0.00000
62.710,-9.16509,-23.92917,0.41106
62.720,-9.42242,-23.89245,0.03673
62.730,-10.03338,-24.61461,0.00000
62.740,-10.18890,-25.06221,0.00000
62.750,-10.46253,-24.85305,0.20916
62.760,-9.63886,-24.16654,1.51018
62.770,-9.62817,-24.01522,0.16201
62.780,-10.00567,-24.38545,0.00000
62.790,-9.57408,-24.57841,0.43159
62.800,-9.45251,-24.28167,0.41831
62.810,-9.20143,-22.58886,1.94388
62.820,-9.04514,-21.03084,1.71432
62.830,-9.34048,-21.14990,0.00000
62.840,-9.45611,-22.10336,0.00000
62.850,-9.87595,-22.66233,0.00000
62.860,-9.57830,-22.95187,0.29765
62.870,-9.51046,-23.19236,0.06784
62.880,-9.57643,-23.20538,0.00000
62.890,-9.48014,-22.99407,0.30760
62.900,-9.68278,-23.11812,0.00000
62.910,-10.04718,-23.10900,0.00912
62.920,-10.00297,-23.15280,0.04422
62.930,-9.68528,-23.39640,0.31769
62.940,-10.00877,-23.44080,0.00000
62.950,-10.18257,-23.34998,0.09082
62.960,-10.42104,-23.11945,0.23053
62.970,-10.09392,-23.40369,0.32713
62.980,-10.13442,-24.23014,0.00000
62.990,-9.56832,-24.90571,0.56611
63.000,-9.12770,-25.64150,0.44062
63.010,-9.90404,-25.99003,0.00000
63.020,-10.28307,-25.98210,0.00794
63.030,-10.15927,-26.40523,0.12380
63.040,-10.05424,-26.50308,0.10503
63.050,-9.82139,-26.48574,0.25020
63.060,-10.14286,-26.82402,0.00000
63.070,-10.45681,-26.60457,0.21945
63.080,-10.44963,-26.44291,0.16883
63.090,-10.11976,-26.31835,0.45443
63.100,-10.29582,-25.93534,0.38301
63.110,-10.58993,-25.45466,0.48068
63.120,-10.65067,-25.15640,0.29826
63.130,-10.32153,-25.23350,0.32913
63.140,-10.11411,-25.05263,0.38829
63.150,-10.42939,-25.26406,0.00000
63.160,-10.25311,-25.86272,0.17628
63.170,-10.77327,-26.22565,0.00000
63.180,-11.05704,-26.15085,0.07480
63.190,-10.66293,-26.56751,0.39411
63.200,-10.73735,-27.29310,0.00000
63.210,-10.44248,-24.09889,3.48909
63.220,-9.64425,-21.95489,2.94223
63.230,-10.09541,-22.27191,0.00000
63.240,-11.17708,-23.87427,0.00000
63.250,-10.82984,-24.24759,0.34724
63.260,-10.00384,-23.62557,1.44802
63.270,-10.58360,-23.73578,0.00000
63.280,-11.21744,-24.14626,0.00000
63.290,-10.80287,-25.08830,0.41457
63.300,-11.11465,-26.26431,0.00000
63.310,-11.32690,-26.16259,0.10172
63.320,-11.17169,-25.28844,1.02936
63.330,-10.47038,-25.00078,0.98897
63.340,-10.04723,-26.15883,0.42315
63.350,-10.66789,-27.78584,0.00000
63.360,-10.99685,-27.89867,0.00000
63.370,-10.66227,-27.41394,0.81930
63.380,-10.30837,-27.02862,0.73923
63.390,-10.16041,-26.28371,0.89287
63.400,-10.14035,-24.28484,2.01892
63.410,-9.58435,-22.42842,2.41242
63.420,-9.44739,-23.19397,0.13697
63.430,-9.65333,-24.91355,0.00000
63.440,-9.50277,-24.73371,0.33040
63.450,-9.57311,-24.31068,0.42303
63.460,-9.26632,-23.26340,1.35407
63.470,-9.40312,-23.52229,0.00000
63.480,-9.88136,-24.55641,0.00000
63.490,-10.40353,-24.55331,0.00310
63.500,-10.50199,-24.21008,0.34322
63.510,-10.04667,-23.83575,0.82965
63.520,-10.42895,-24.36700,0.00000
63.530,-11.28334,-25.09344,0.00000
63.540,-10.79164,-25.18808,0.49170
63.550,-10.66319,-24.78237,0.53416
63.560,-11.11983,-23.26565,1.51672
63.570,-10.75351,-23.08107,0.55090
63.580,-10.84799,-23.98770,0.00000
63.590,-11.16166,-24.39522,0.00000
63.600,-10.99584,-23.85182,0.70923
63.610,-10.11851,-21.68100,3.04814
63.620,-9.79590,-20.41409,1.58953
63.630,-9.70003,-20.87639,0.09587
63.640,-9.86992,-22.24104,0.00000
63.650,-10.50230,-22.83903,0.00000
63.660,-10.51924,-22.41230,0.42673
63.670,-10.15854,-22.24062,0.53239
63.680,-10.09675,-21.48447,0.81795
63.690,-9.78228,-21.87620,0.31447
63.700,-9.42658,-23.28862,0.35570
63.710,-9.33422,-22.20714,1.17384
63.720,-9.34175,-21.28341,0.92373
63.730,-9.67079,-21.31409,0.00000
63.740,-9.72208,-21.74199,0.00000
63.750,-10.29075,-22.21825,0.00000
63.760,-10.19419,-21.22952,1.08529
63.770,-9.76262,-20.97231,0.68878
63.780,-9.92532,-21.57665,0.00000
63.790,-10.01523,-22.14157,0.00000
63.800,-10.11139,-23.38165,0.00000
63.810,-10.32344,-23.32787,0.05378
63.820,-10.23993,-22.29769,1.11370
63.830,-10.06831,-22.55246,0.17162
63.840,-9.79533,-23.15763,0.27298
63.850,-9.69659,-22.91109,0.34529
63.860,-10.19797,-22.35655,0.55454
63.870,-10.54780,-21.54899,0.80756
63.880,-10.71147,-20.80389,0.74510
63.890,-10.41505,-20.61032,0.48998
63.900,-10.15366,-20.70277,0.26140
63.910,-9.90246,-20.39440,0.55957
63.920,-9.26124,-19.95037,1.08525
63.930,-9.18352,-19.21200,0.81609
63.940,-9.79634,-18.73312,0.47888
63.950,-9.98585,-18.75011,0.00000
63.960,-10.19302,-19.22822,0.00000
63.970,-10.03467,-19.70356,0.15835
63.980,-10.23176,-19.63893,0.06463
63.990,-10.45270,-20.12160,0.00000
64.000,-11.02396,-22.09533,0.00000
64.010,-12.47059,-25.19558,0.00000
64.020,-14.66334,-28.01773,0.00000
64.030,-20.94444,-31.17893,0.00000
64.040,-25.63092,-34.74157,0.00000
64.050,-26.75380,-37.94616,0.00000
64.060,-30.19317,-42.27498,0.00000
64.070,-32.31109,-46.24592,0.00000
64.080,-33.67992,-43.56886,2.67706
64.090,-28.58759,-31.08115,17.58004
64.100,-22.53483,-24.17756,12.95634
64.110,-20.34232,-21.81532,4.55474
64.120,-19.13917,-20.50721,2.51127
64.130,-18.93811,-20.11324,0.59503
64.140,-18.62779,-19.46936,0.95421
64.150,-17.93243,-18.77970,1.38502
64.160,-18.15378,-18.99900,0.00000
64.170,-17.80571,-18.77936,0.56771
64.180,-16.92951,-18.30612,1.34943
64.190,-17.51284,-18.76733,0.00000
64.200,-17.37479,-19.91147,0.13805
64.210,-11.38992,-21.60654,5.98487
64.220,-9.04641,-24.76331,2.34350
64.230,-9.40885,-26.59249,0.00000
64.240,-10.25872,-27.71396,0.00000
64.250,-11.00145,-27.62547,0.08849
64.260,-12.07110,-26.86666,0.75880
64.270,-13.02027,-27.24986,0.00000
64.280,-13.10745,-27.45741,0.00000
64.290,-13.68416,-27.53606,0.00000
64.300,-14.73778,-28.05984,0.00000
64.310,-14.24616,-27.94645,0.60502
64.320,-13.42636,-27.42140,1.34485
64.330,-13.02131,-27.97885,0.40504
64.340,-12.92324,-28.93453,0.09808
64.350,-13.06570,-26.10633,2.82820
64.360,-12.91183,-20.49821,5.76198
64.370,-12.79089,-17.75631,2.86285
64.380,-12.77097,-16.93839,0.83784
64.390,-13.25235,-16.99359,0.00000
64.400,-14.74155,-17.98910,0.00000
64.410,-15.14709,-19.97347,0.00000
64.420,-14.20273,-23.58345,0.94436
64.430,-13.52916,-28.39493,0.67357
64.440,-13.73222,-28.21935,0.17559
64.450,-14.76117,-27.93672,0.28262
64.460,-15.24762,-27.90720,0.02952
64.470,-14.79682,-27.54820,0.80981
64.480,-14.46718,-27.10108,0.77675
64.490,-14.65165,-26.76804,0.33304
64.500,-14.95867,-26.31812,0.44992
64.510,-16.12213,-26.12596,0.19216
64.520,-17.36055,-28.40688,0.00000
64.530,-18.69927,-35.29371,0.00000
64.540,-22.03396,-43.57348,0.00000
64.550,-24.22870,-43.96429,0.00000
64.560,-25.23268,-43.92689,0.03740
64.570,-26.52600,-35.95885,7.96803
64.580,-23.64275,-27.01374,11.82836
64.590,-19.05108,-20.64551,10.95991
64.600,-16.34284,-17.20337,6.15038
64.610,-16.15468,-17.00728,0.38426
64.620,-17.61482,-19.37878,0.00000
64.630,-16.10712,-23.06818,1.50771
64.640,-13.26473,-26.68316,2.84238
64.650,-12.18378,-27.06282,1.08095
64.660,-12.53568,-27.37208,0.00000
64.670,-12.88791,-27.40008,0.00000
64.680,-12.79964,-27.00228,0.48608
64.690,-13.04752,-26.88039,0.12188
64.700,-13.44242,-27.12454,0.00000
64.710,-13.78297,-27.12345,0.00109
64.720,-13.86156,-26.83453,0.28892
64.730,-13.77184,-26.23977,0.68448
64.740,-13.64187,-25.93883,0.43091
64.750,-13.63331,-25.93648,0.01091
64.760,-13.89923,-25.89597,0.04051
64.770,-14.15521,-26.27340,0.00000
64.780,-14.42427,-26.97979,0.00000
64.790,-14.80238,-27.46093,0.00000
64.800,-11.03743,-24.46808,6.75780
64.810,-8.44574,-24.25404,2.80574
64.820,-6.67959,-28.00486,1.76615
64.830,-4.99006,-31.05332,1.68953
64.840,-5.24766,-32.71420,0.00000
64.850,-4.94512,-33.13420,0.30254
64.860,-4.99046,-33.33435,0.00000
64.870,-5.46900,-33.34015,0.00000
64.880,-5.22132,-34.30169,0.24769
64.890,-5.45864,-35.36634,0.00000
64.900,-4.35949,-30.25995,6.20555
64.910,-4.71474,-28.76069,1.49925
64.920,-5.71297,-31.79504,0.00000
64.930,-4.47055,-35.30987,1.24242
64.940,-4.11197,-34.27549,1.39297
64.950,-5.93732,-32.92224,1.35326
64.960,-7.26482,-32.44096,0.48127
64.970,-7.91115,-32.44919,0.00000
64.980,-11.35776,-32.43081,0.01839
64.990,-12.26657,-33.11856,0.00000
65.000,-9.66824,-28.84134,6.87556
65.010,-9.25048,-27.34522,1.91388
65.020,-10.78162,-29.74823,0.00000
65.030,-10.82996,-29.72415,0.02407
65.040,-10.77114,-28.76290,1.02008
65.050,-11.68059,-28.98364,0.00000
65.060,-11.39113,-29.09108,0.28946
65.070,-11.30302,-29.31388,0.08811
65.080,-11.90118,-28.74276,0.57111
65.090,-11.66558,-28.71351,0.26485
65.100,-11.24060,-28.22239,0.91610
65.110,-11.42305,-27.98574,0.23664
65.120,-11.30851,-28.58614,0.11454
65.130,-12.15931,-28.45330,0.13284
65.140,-11.64661,-27.49192,1.47408
65.150,-11.17802,-26.78722,1.17328
65.160,-11.53219,-26.71142,0.07580
65.170,-11.09071,-27.05477,0.44149
65.180,-11.45504,-26.69947,0.35530
65.190,-11.60696,-26.86180,0.00000
65.200,-10.27041,-24.97976,3.21860
65.210,-9.47965,-25.37858,0.79076
65.220,-7.33801,-29.46300,2.14164
65.230,-6.12386,-29.76235,1.21415
65.240,-4.49485,-30.84537,1.62901
65.250,-4.40884,-31.96238,0.08601
65.260,-4.76723,-32.86759,0.00000
65.270,-4.83252,-33.85866,0.00000
65.280,-5.65665,-34.17490,0.00000
65.290,-4.42519,-33.99649,1.40986
65.300,-3.89039,-31.73200,2.79929
65.310,-5.14672,-31.85983,0.00000
65.320,-6.67697,-35.08686,0.00000
65.330,-5.94570,-35.76880,0.73127
65.340,-6.64364,-35.16751,0.60130
65.350,-8.57831,-34.81448,0.35303
65.360,-7.30842,-35.27750,1.26989
65.370,-6.81603,-36.29401,0.49239
65.380,-8.49346,-36.67460,0.00000
65.390,-9.15305,-36.20846,0.46614
65.400,-8.90619,-23.82917,12.62614
65.410,-10.04324,-22.38359,1.44558
65.420,-11.06518,-23.82370,0.00000
65.430,-10.75408,-23.34860,0.78619
65.440,-11.13342,-24.19255,0.00000
65.450,-11.91105,-25.65975,0.00000
65.460,-11.28130,-27.31377,0.62975
65.470,-12.18025,-28.88748,0.00000
65.480,-12.61809,-29.49933,0.00000
65.490,-11.74712,-29.55627,0.87097
65.500,-11.71638,-28.33346,1.25354
65.510,-11.55668,-28.16576,0.32740
65.520,-11.36405,-29.07835,0.19264
65.530,-10.75661,-28.88788,0.79791
65.540,-11.15757,-28.80205,0.08583
65.550,-11.64543,-28.97665,0.00000
65.560,-11.71839,-28.59294,0.38371
65.570,-11.69198,-28.54030,0.07906
65.580,-11.35433,-28.35855,0.51940
65.590,-11.69341,-28.46387,0.00000
65.600,-9.87250,-25.73334,4.55144
65.610,-8.54404,-26.20706,1.32846
65.620,-7.17433,-32.48291,1.36972
65.630,-6.00818,-33.84973,1.16615
65.640,-5.19394,-35.48557,0.81424
65.650,-3.95500,-37.56198,1.23895
65.660,-4.18982,-37.69234,0.00000
65.670,-4.89585,-34.98056,2.71178
65.680,-4.49696,-26.49294,8.88650
65.690,-4.74385,-24.51657,1.97638
65.700,-6.01308,-23.09496,1.42161
65.710,-6.66388,-21.84370,1.25126
65.720,-5.30871,-21.66220,1.53666
65.730,-4.87961,-20.72138,1.36993
65.740,-5.75956,-20.38779,0.33359
65.750,-5.59557,-20.38925,0.16399
65.760,-5.75100,-20.04956,0.33969
65.770,-8.14592,-19.68041,0.36914
65.780,-10.48242,-19.27316,0.40725
65.790,-11.01939,-18.85352,0.41964
65.800,-12.72051,-18.77379,0.07974
65.810,-14.18931,-18.89750,0.00000
65.820,-13.79568,-20.15583,0.39363
65.830,-12.08316,-22.82668,1.71252
65.840,-10.91959,-24.33333,1.16356
65.850,-10.93971,-25.82647,0.00000
65.860,-11.55574,-26.70537,0.00000
65.870,-12.56433,-26.77517,0.00000
65.880,-12.83361,-27.32933,0.00000
65.890,-13.13070,-27.56503,0.00000
65.900,-11.81365,-25.04115,3.84093
65.910,-8.87722,-25.50536,2.93644
65.920,-7.73085,-29.59238,1.14637
65.930,-6.26964,-29.73796,1.46120
65.940,-5.24413,-29.51217,1.25131
65.950,-5.05202,-29.30278,0.40150
65.960,-4.43911,-29.29920,0.61649
65.970,-4.52645,-29.44350,0.00000
65.980,-5.48237,-30.10765,0.00000
65.990,-6.06937,-31.40988,0.00000
66.000,-5.20963,-32.27555,0.85974
66.010,-4.52767,-33.56317,0.68196
66.020,-5.00277,-35.24819,0.00000
66.030,-5.25763,-34.47596,0.77223
66.040,-5.21758,-34.19706,0.31895
66.050,-6.24148,-34.05204,0.14501
66.060,-8.10548,-34.75760,0.00000
66.070,-9.26936,-35.36848,0.00000
66.080,-10.30213,-35.04277,0.32572
66.090,-12.17422,-34.36499,0.67778
66.100,-14.51213,-31.02735,3.33764
66.110,-16.29165,-31.01626,0.01109
66.120,-17.48309,-34.59299,0.00000
66.130,-18.69320,-35.66506,0.00000
66.140,-19.80049,-36.20081,0.00000
66.150,-20.96682,-35.76406,0.43675
66.160,-21.17438,-35.70226,0.06181
66.170,-20.26200,-37.33257,0.91237
66.180,-19.96253,-36.28331,1.34874
66.190,-19.35233,-36.16361,0.72990
66.200,-12.34235,-27.06489,16.10869
66.210,-9.60739,-26.84009,2.95976
66.220,-7.36104,-31.69016,2.24635
66.230,-5.69084,-27.66350,5.69686
66.240,-5.05632,-26.85894,1.43907
66.250,-4.69919,-28.47657,0.35713
66.260,-4.65261,-29.91485,0.04658
66.270,-5.07825,-30.31053,0.00000
66.280,-5.43578,-30.37909,0.00000
66.290,-4.88178,-30.47982,0.55400
66.300,-4.77306,-29.68267,0.90586
66.310,-5.26933,-29.25606,0.42661
66.320,-5.52480,-29.50949,0.00000
66.330,-5.69123,-29.75419,0.00000
66.340,-5.88545,-29.45993,0.29426
66.350,-6.49894,-29.25953,0.20040
66.360,-7.50230,-29.21943,0.04009
66.370,-8.00928,-28.71500,0.50443
66.380,-9.11284,-28.44112,0.27388
66.390,-10.75600,-28.59209,0.00000
66.400,-11.07401,-25.63889,2.95320
66.410,-9.79602,-25.65063,1.27799
66.420,-7.88687,-29.24080,1.90915
66.430,-6.39023,-30.22884,1.49664
66.440,-5.27110,-31.81407,1.11913
66.450,-4.67181,-34.11535,0.59929
66.460,-4.61260,-36.27722,0.05921
66.470,-5.00220,-38.60260,0.00000
66.480,-5.28807,-39.35666,0.00000
66.490,-5.10027,-39.41628,0.18780
66.500,-5.19225,-34.21013,5.20615
66.510,-5.60422,-33.94541,0.26472
66.520,-5.64168,-39.42026,0.00000
66.530,-5.58659,-41.44187,0.05509
66.540,-5.81417,-41.24315,0.19872
66.550,-6.37139,-39.51870,1.72445
66.560,-7.29211,-39.42536,0.09334
66.570,-8.46304,-41.40890,0.00000
66.580,-9.94427,-41.93411,0.00000
66.590,-11.94885,-39.42766,2.50645
66.600,-13.94834,-26.99200,12.43566
66.610,-15.42688,-24.73814,2.25386
66.620,-14.96479,-24.58082,0.61941
66.630,-12.85614,-24.17293,2.51654
66.640,-12.48524,-24.36591,0.37090
66.650,-12.87947,-24.40711,0.00000
66.660,-12.17070,-25.01410,0.70876
66.670,-11.99942,-25.94481,0.17128
66.680,-12.94938,-26.74078,0.00000
66.690,-12.97607,-27.13460,0.00000
66.700,-11.75950,-26.51161,1.83956
66.710,-11.83427,-26.66543,0.00000
66.720,-12.68394,-27.40299,0.00000
66.730,-13.31702,-27.18449,0.21849
66.740,-13.64802,-27.14972,0.03477
66.750,-13.15553,-27.12476,0.51745
66.760,-12.71897,-26.51437,1.04695
66.770,-12.46556,-26.14451,0.62327
66.780,-12.45348,-26.45478,0.01208
66.790,-12.66356,-27.44010,0.00000
66.800,-11.00550,-25.57454,3.52363
66.810,-9.20056,-25.71361,1.80494
66.820,-7.44509,-28.96154,1.75547
66.830,-5.74422,-28.81309,1.84933
66.840,-4.65618,-28.66782,1.23331
66.850,-4.29618,-28.67077,0.36000
66.860,-4.34396,-28.24174,0.42903
66.870,-4.70219,-27.79902,0.44271
66.880,-5.22726,-27.84813,0.00000
66.890,-4.92090,-27.53735,0.61714
66.900,-4.67267,-26.69593,1.08965
66.910,-5.05030,-26.86633,0.00000
66.920,-5.36350,-27.87511,0.00000
66.930,-5.42759,-27.89249,0.00000
66.940,-5.65044,-27.78981,0.10267
66.950,-6.19594,-27.63820,0.15162
66.960,-6.98291,-27.63755,0.00065
66.970,-7.95057,-27.96318,0.00000
66.980,-9.16570,-27.70055,0.26263
66.990,-10.50264,-27.48060,0.21995
67.000,-11.98548,-27.10509,0.37551
67.010,-13.57857,-26.94876,0.15633
67.020,-15.05720,-27.54113,0.00000
67.030,-16.13350,-28.07609,0.00000
67.040,-16.19296,-28.27916,0.00000
67.050,-15.49846,-27.69606,1.27759
67.060,-15.20364,-26.85138,1.13950
67.070,-15.81966,-26.71077,0.14061
67.080,-16.06293,-26.40552,0.30525
67.090,-14.84276,-26.26467,1.36102
67.100,-13.73997,-26.47214,1.10280
67.110,-13.71767,-26.84824,0.02229
67.120,-14.60979,-27.61632,0.00000
67.130,-15.45340,-29.01435,0.00000
67.140,-15.65239,-30.94510,0.00000
67.150,-14.47601,-32.15431,1.17638
67.160,-13.22721,-33.31821,1.24880
67.170,-13.72826,-35.06670,0.00000
67.180,-15.56921,-37.22705,0.00000
67.190,-17.19279,-38.22171,0.00000
67.200,-12.73665,-27.44197,15.23588
67.210,-9.79578,-27.39585,2.98700
67.220,-7.31696,-37.97943,2.47882
67.230,-5.53323,-38.32317,1.78373
67.240,-4.75244,-37.98551,1.11846
67.250,-4.14076,-37.53513,1.06206
67.260,-4.03880,-37.37859,0.25849
67.270,-4.51407,-37.32313,0.05546
67.280,-4.96545,-37.40172,0.00000
67.290,-4.84164,-38.38274,0.12381
67.300,-4.78391,-34.91653,3.52393
67.310,-5.10569,-34.63326,0.28327
67.320,-5.22670,-39.30727,0.00000
67.330,-5.30550,-41.38946,0.00000
67.340,-5.55233,-40.71905,0.67041
67.350,-6.18351,-40.28495,0.43410
67.360,-7.17032,-40.93489,0.00000
67.370,-8.34032,-41.55887,0.00000
67.380,-10.01694,-41.24657,0.31230
67.390,-12.18509,-40.96212,0.28445
67.400,-13.29071,-24.55648,16.40565
67.410,-12.38013,-23.85999,1.60707
67.420,-10.93969,-28.11788,1.44043
67.430,-11.17808,-27.23136,0.88652
67.440,-12.88190,-27.00640,0.22496
67.450,-13.47262,-27.15571,0.00000
67.460,-13.96560,-27.37908,0.00000
67.470,-14.74649,-27.57923,0.00000
67.480,-15.00475,-27.28373,0.29551
67.490,-14.92323,-27.30951,0.08152
67.500,-12.61776,-25.23915,4.37582
67.510,-9.98373,-25.15400,2.71918
67.520,-7.33230,-26.37398,2.65142
67.530,-5.71827,-25.12329,2.86472
67.540,-4.96761,-25.30603,0.75066
67.550,-4.32313,-24.01973,1.93078
67.560,-4.23351,-20.49960,3.60975
67.570,-4.70562,-19.14268,1.35692
67.580,-5.13259,-20.10975,0.00000
67.590,-4.93647,-20.97738,0.19612
67.600,-4.83396,-20.62365,0.45625
67.610,-5.32328,-20.44777,0.17588
67.620,-5.53499,-21.75781,0.00000
67.630,-5.64343,-24.66721,0.00000
67.640,-5.59340,-26.17046,0.05003
67.650,-6.08660,-26.17632,0.00000
67.660,-6.97877,-25.71224,0.46408
67.670,-7.85052,-25.83011,0.00000
67.680,-9.49615,-26.11555,0.00000
67.690,-10.85095,-26.43267,0.00000
67.700,-11.16270,-25.70447,0.72821
67.710,-11.55305,-25.32294,0.38153
67.720,-13.20002,-25.60602,0.00000
67.730,-14.73922,-25.04914,0.55688
67.740,-15.28359,-24.72983,0.31931
67.750,-14.39450,-24.13009,1.48883
67.760,-13.61893,-22.47132,2.43434
67.770,-13.42139,-21.61421,1.05466
67.780,-13.95444,-21.33824,0.27597
67.790,-14.38923,-20.90648,0.43176
67.800,-11.26558,-19.91910,4.11103
67.810,-8.99748,-20.15260,2.26810
67.820,-7.19299,-22.45279,1.80449
67.830,-5.44048,-24.22968,1.75252
67.840,-4.63334,-25.70097,0.80713
67.850,-4.21596,-28.13290,0.41738
67.860,-4.21267,-29.77314,0.00329
67.870,-4.73038,-30.36625,0.00000
67.880,-5.17401,-30.93677,0.00000
67.890,-5.01026,-30.98135,0.16375
67.900,-4.88455,-30.32416,0.78290
67.910,-5.29496,-31.04016,0.00000
67.920,-5.46737,-32.68339,0.00000
67.930,-5.37283,-32.88238,0.09454
67.940,-5.71748,-32.92563,0.00000
67.950,-6.26509,-32.45168,0.47395
67.960,-7.10328,-31.80309,0.64858
67.970,-8.37944,-31.24336,0.55973
67.980,-9.49978,-31.16701,0.07636
67.990,-11.13058,-31.86223,0.00000
68.000,-10.74252,-25.90916,6.34113
68.010,-9.62048,-25.12448,1.90672
68.020,-7.82836,-29.60566,1.79212
68.030,-6.00552,-32.41361,1.82285
68.040,-5.43702,-30.54224,2.43986
68.050,-4.12223,-29.26052,2.59652
68.060,-4.37189,-28.89389,0.36663
68.070,-6.01471,-29.81021,0.00000
68.080,-5.24806,-32.86053,0.76665
68.090,-4.29214,-35.22595,0.95592
68.100,-4.35104,-30.74154,4.48442
68.110,-4.65903,-26.58466,4.15688
68.120,-5.05334,-23.54398,3.04068
68.130,-5.97981,-20.57518,2.96880
68.140,-6.12072,-19.71286,0.86232
68.150,-6.87480,-19.87784,0.00000
68.160,-7.72817,-19.11355,0.76429
68.170,-8.51138,-18.43402,0.67953
68.180,-11.31721,-18.89067,0.00000
68.190,-12.34384,-21.57621,0.00000
68.200,-12.27555,-23.55203,0.06829
68.210,-11.35529,-22.43059,2.04171
68.220,-10.22601,-22.80884,1.12927
68.230,-10.25071,-23.60614,0.00000
68.240,-10.51058,-23.41392,0.19221
68.250,-10.21335,-23.72601,0.29723
68.260,-11.12730,-25.37022,0.00000
68.270,-10.99742,-26.43332,0.12988
68.280,-10.91129,-27.13795,0.08614
68.290,-11.15850,-27.53487,0.00000
68.300,-9.91616,-26.91331,1.86390
68.310,-10.10996,-27.11453,0.00000
68.320,-10.42629,-28.75253,0.00000
68.330,-11.47110,-29.26792,0.00000
68.340,-11.24654,-29.09177,0.40072
68.350,-11.04569,-28.86701,0.42561
68.360,-11.61065,-27.99484,0.87216
68.370,-11.05329,-28.03829,0.55735
68.380,-10.83895,-29.08275,0.21435
68.390,-11.21058,-30.27886,0.00000
68.400,-10.90128,-26.48029,4.10787
68.410,-8.82097,-26.65070,2.08031
68.420,-6.89049,-33.15593,1.93048
68.430,-4.86174,-33.54199,2.02875
68.440,-4.40056,-33.92475,0.46118
68.450,-4.93643,-34.65896,0.00000
68.460,-4.70307,-34.83364,0.23336
68.470,-4.30187,-35.52659,0.40120
68.480,-4.40098,-35.88005,0.00000
68.490,-5.50808,-34.49324,1.38681
68.500,-7.05111,-30.45680,4.03644
68.510,-6.68486,-30.49784,0.36625
68.520,-6.06990,-34.75925,0.61495
68.530,-5.94421,-35.59074,0.12569
68.540,-4.99940,-35.47361,1.06194
68.550,-5.42174,-35.06890,0.40471
68.560,-6.34170,-35.12238,0.00000
68.570,-6.22894,-36.17000,0.11276
68.580,-7.46087,-36.53473,0.00000
68.590,-8.09627,-36.21725,0.31748
68.600,-9.12092,-24.11864,12.09861
68.610,-10.92227,-23.71861,0.40002
68.620,-10.23021,-29.29640,0.69206
68.630,-10.17819,-28.03565,1.31276
68.640,-10.57661,-28.24419,0.00000
68.650,-11.70979,-29.44823,0.00000
68.660,-11.10667,-29.89044,0.60312
68.670,-11.31491,-29.70794,0.18250
68.680,-11.54697,-29.67677,0.03117
68.690,-11.48561,-29.11148,0.62666
68.700,-11.56971,-27.01492,2.09656
68.710,-10.58795,-27.11294,0.98176
68.720,-11.54374,-28.61670,0.00000
68.730,-11.03021,-28.71437,0.51353
68.740,-11.23259,-28.79538,0.00000
68.750,-10.80997,-28.46064,0.75737
68.760,-10.70171,-28.32293,0.24596
68.770,-11.22911,-28.42565,0.00000
68.780,-10.61639,-28.41560,0.62277
68.790,-11.00864,-28.56558,0.00000
68.800,-9.29352,-25.46124,4.81946
68.810,-8.20646,-25.75650,1.08706
68.820,-7.36434,-31.21104,0.84213
68.830,-6.39859,-31.64951,0.96574
68.840,-5.28839,-29.76518,2.99453
68.850,-4.45597,-31.32960,0.83242
68.860,-4.54576,-37.86538,0.00000
68.870,-5.42341,-39.39992,0.00000
68.880,-5.21510,-40.72011,0.20831
68.890,-3.95167,-41.13178,1.26343
68.900,-4.28661,-35.75085,5.38093
68.910,-4.51351,-35.09278,0.65807
68.920,-4.80636,-39.21839,0.00000
68.930,-6.60062,-41.08957,0.00000
68.940,-6.31050,-41.52247,0.29012
68.950,-7.21162,-38.58091,2.94156
68.960,-9.82043,-33.38817,5.19273
68.970,-9.61789,-24.05768,9.53303
68.980,-12.01416,-21.01393,3.04375
68.990,-13.98070,-20.04004,0.97389
69.000,-11.65725,-18.81654,3.54695
69.010,-11.75437,-18.18989,0.62665
69.020,-12.19965,-18.26038,0.00000
69.030,-9.99332,-19.33877,2.20633
69.040,-8.84475,-21.64993,1.14858
69.050,-8.91992,-23.23476,0.00000
69.060,-9.79811,-23.79784,0.00000
69.070,-10.20768,-24.07203,0.00000
69.080,-10.42386,-24.23207,0.00000
69.090,-10.82732,-24.45294,0.00000
69.100,-8.87639,-23.34196,3.06192
69.110,-7.76393,-23.85548,1.11245
69.120,-6.57441,-26.12698,1.18953
69.130,-6.03025,-26.94302,0.54415
69.140,-5.48390,-26.95652,0.54635
69.150,-4.81244,-26.13632,1.49167
69.160,-4.37909,-25.00008,1.56958
69.170,-4.92251,-22.57160,2.42848
69.180,-6.15104,-19.85978,2.71182
69.190,-5.72532,-18.58330,1.70220
69.200,-5.08726,-18.03267,1.18868
69.210,-4.88002,-19.44279,0.20724
69.220,-5.21527,-22.36823,0.00000
69.230,-4.92806,-21.32160,1.33385
69.240,-5.14944,-19.75496,1.56664
69.250,-6.63804,-18.71791,1.03705
69.260,-7.27852,-18.12478,0.59313
69.270,-8.52557,-18.22503,0.00000
69.280,-10.65704,-18.07281,0.15222
69.290,-12.07997,-18.17112,0.00000
69.300,-13.99912,-19.72739,0.00000
69.310,-15.47877,-23.31871,0.00000
69.320,-17.44674,-31.61142,0.00000
69.330,-17.55035,-35.74524,0.00000
69.340,-17.17267,-35.87921,0.37768
69.350,-17.49044,-35.24164,0.63757
69.360,-19.00958,-35.72827,0.00000
69.370,-17.79886,-27.41985,9.51914
69.380,-17.13424,-22.87484,5.20963
69.390,-16.87254,-22.11049,1.02605
69.400,-12.41614,-21.96987,4.59702
69.410,-8.61248,-21.91653,3.85701
69.420,-6.71543,-23.56202,1.89705
69.430,-5.68700,-25.49338,1.02843
69.440,-4.64294,-26.53928,1.04406
69.450,-4.69887,-27.27820,0.00000
69.460,-4.61961,-27.99918,0.07926
69.470,-4.53135,-28.10409,0.08826
69.480,-5.62670,-27.79770,0.30639
69.490,-5.38931,-27.82601,0.23739
69.500,-4.77169,-27.51204,0.93159
69.510,-4.95057,-27.55865,0.00000
69.520,-5.11307,-27.99587,0.00000
69.530,-5.05645,-28.41988,0.05662
69.540,-5.37804,-28.40131,0.01857
69.550,-5.89227,-27.81633,0.58498
69.560,-6.68511,-28.06518,0.00000
69.570,-7.85491,-28.27185,0.00000
69.580,-8.98074,-27.95214,0.31971
69.590,-10.64269,-27.85968,0.09247
69.600,-10.35833,-25.41271,2.73133
69.610,-9.02686,-25.82181,1.33147
69.620,-8.04940,-30.60583,0.97746
69.630,-7.00308,-32.88200,1.04632
69.640,-5.85279,-34.02814,1.15028
69.650,-4.87547,-35.19563,0.97732
69.660,-4.63019,-37.38358,0.24528
69.670,-5.12524,-38.98834,0.00000
69.680,-5.50431,-40.23946,0.00000
69.690,-5.06284,-40.37160,0.44148
69.700,-4.90090,-33.65632,6.87721
69.710,-5.40541,-33.26461,0.39171
69.720,-5.66944,-38.78637,0.00000
69.730,-5.64057,-40.91408,0.02887
69.740,-5.85831,-29.05053,11.86355
69.750,-6.50507,-20.31768,8.73285
69.760,-7.39191,-17.98950,2.32818
69.770,-8.38674,-17.62435,0.36515
69.780,-9.56702,-17.98779,0.00000
69.790,-10.95194,-19.36536,0.00000
69.800,-11.98741,-19.24096,0.12440
69.810,-13.08442,-19.00438,0.23658
69.820,-15.37025,-19.32050,0.00000
69.830,-15.79048,-18.53968,0.78082
69.840,-16.00483,-19.01608,0.00000
69.850,-16.80626,-20.27609,0.00000
69.860,-16.43973,-19.54201,1.10061
69.870,-16.16134,-19.04190,0.77851
69.880,-16.38928,-19.37978,0.00000
69.890,-16.58392,-19.84627,0.00000
69.900,-14.64134,-19.73209,2.05675
69.910,-14.27154,-20.09869,0.36980
69.920,-16.32987,-20.57647,0.00000
69.930,-17.86753,-20.87229,0.00000
69.940,-18.43285,-21.27468,0.00000
69.950,-18.83511,-20.95847,0.31622
69.960,-19.04124,-20.81446,0.14401
69.970,-18.19301,-20.21188,1.45081
69.980,-17.66346,-20.12128,0.62015
69.990,-18.07780,-21.38657,0.00000
70.000,-11.79818,-21.72107,6.27963
70.010,-8.11440,-22.84932,3.68378
70.020,-6.48929,-25.83373,1.62511
70.030,-5.44828,-27.31635,1.04100
70.040,-4.81193,-28.26113,0.63635
70.050,-4.38195,-28.22788,0.46322
70.060,-4.28626,-28.05140,0.27217
70.070,-4.68184,-27.79189,0.25951
70.080,-5.04237,-27.31688,0.47502
70.090,-4.92269,-27.02302,0.41354
70.100,-4.96210,-26.42682,0.59620
70.110,-5.37753,-26.22376,0.20306
70.120,-5.43130,-26.66678,0.00000
70.130,-5.48370,-26.48185,0.18493
70.140,-5.77560,-26.42530,0.05655
70.150,-6.26171,-26.89148,0.00000
70.160,-7.11881,-26.97940,0.00000
70.170,-8.08360,-26.88759,0.09181
70.180,-9.00188,-26.55017,0.33742
70.190,-10.08324,-26.01121,0.53896
70.200,-11.80721,-25.40719,0.60402
70.210,-13.42876,-25.39005,0.01714
70.220,-14.61154,-25.89867,0.00000
70.230,-14.41638,-25.92126,0.19516
70.240,-13.97176,-25.96901,0.44462
70.250,-14.70364,-26.26378,0.00000
70.260,-15.77928,-26.63179,0.00000
70.270,-15.96532,-27.08877,0.00000
70.280,-14.73860,-27.25543,1.22672
70.290,-13.65650,-27.69409,1.08209
70.300,-12.77251,-27.63350,0.94459
70.310,-13.21341,-28.53435,0.00000
70.320,-15.64495,-32.06101,0.00000
70.330,-18.02343,-34.97572,0.00000
70.340,-19.53994,-36.75827,0.00000
70.350,-21.88571,-37.32832,0.00000
70.360,-24.80256,-37.93233,0.00000
70.370,-25.48353,-37.71631,0.21602
70.380,-24.13894,-35.65136,3.40955
70.390,-23.05959,-34.33307,2.39763
70.400,-13.32543,-26.32884,17.73839
70.410,-9.46334,-25.70496,4.48597
70.420,-6.91129,-29.82482,2.55205
70.430,-5.20428,-29.90771,1.70701
70.440,-4.48574,-29.32093,1.30532
70.450,-4.04120,-29.28588,0.47960
70.460,-4.00741,-30.10503,0.03379
70.470,-4.52089,-31.00066,0.00000
70.480,-5.03630,-32.07310,0.00000
70.490,-4.88830,-33.51178,0.14800
70.500,-4.76801,-33.36916,0.26291
70.510,-5.23338,-34.29701,0.00000
70.520,-5.40187,-38.40745,0.00000
70.530,-5.30081,-40.10279,0.10105
70.540,-5.57709,-40.37639,0.00000
70.550,-6.28851,-40.89815,0.00000
70.560,-7.21592,-40.83886,0.05929
70.570,-8.29277,-41.05179,0.00000
70.580,-9.93166,-41.13833,0.00000
70.590,-12.02119,-30.91106,10.22728
70.600,-13.42878,-26.58887,4.32219
70.610,-12.81479,-25.74568,1.45717
70.620,-11.55931,-26.02481,1.25549
70.630,-12.09566,-26.65935,0.00000
70.640,-13.95920,-27.97553,0.00000
70.650,-15.09409,-28.45781,0.00000
70.660,-15.12739,-28.46396,0.00000
70.670,-13.87122,-28.47098,1.25617
70.680,-14.29484,-28.52910,0.00000
70.690,-15.65567,-28.57129,0.00000
70.700,-11.59593,-25.13738,7.49364
70.710,-9.34356,-25.30622,2.25238
70.720,-7.60556,-28.51844,1.73800
70.730,-5.82754,-28.29132,2.00514
70.740,-5.04380,-28.67268,0.78373
70.750,-4.53071,-28.51375,0.67202
70.760,-4.41815,-27.53246,1.09385
70.770,-4.82607,-25.91104,1.62142
70.780,-5.18736,-25.85920,0.05183
70.790,-5.05581,-28.85578,0.13155
70.800,-4.92185,-31.34750,0.13395
70.810,-5.29877,-29.39430,1.95320
70.820,-5.41094,-26.00886,3.38544
70.830,-5.38012,-23.95895,2.08073
70.840,-5.70378,-24.05450,0.00000
70.850,-6.35192,-25.24303,0.00000
70.860,-7.33682,-28.77821,0.00000
70.870,-8.42720,-37.18121,0.00000
70.880,-10.01944,-37.68919,0.00000
70.890,-12.08926,-37.58036,0.10883
70.900,-13.65683,-30.64334,6.93702
70.910,-15.63704,-29.97706,0.66628
70.920,-19.88345,-35.22585,0.00000
70.930,-22.72671,-39.12108,0.00000
70.940,-24.54497,-39.99412,0.00000
70.950,-26.77885,-39.58259,0.41153
70.960,-27.31626,-38.83118,0.75141
70.970,-26.87535,-39.48924,0.44091
70.980,-27.05005,-40.08853,0.00000
70.990,-27.64464,-40.05756,0.03098
71.000,-13.24015,-22.91188,31.55018
71.010,-9.69781,-21.81913,4.63508
71.020,-7.13327,-23.83663,2.56453
71.030,-5.44723,-23.61946,1.90321
71.040,-5.05846,-25.13379,0.38877
71.050,-4.56913,-26.84901,0.48933
71.060,-4.34529,-29.08920,0.22384
71.070,-4.77871,-29.70690,0.00000
71.080,-5.10654,-29.40107,0.30583
71.090,-4.99728,-29.28693,0.22340
71.100,-4.86905,-28.54806,0.86711
71.110,-5.12958,-28.42315,0.12491
71.120,-5.46022,-29.30573,0.00000
71.130,-5.49707,-29.49941,0.00000
71.140,-5.69179,-29.41661,0.08280
71.150,-6.33751,-29.62941,0.00000
71.160,-7.24799,-29.67146,0.00000
71.170,-8.20725,-29.52875,0.14271
71.180,-9.68746,-29.48919,0.03956
71.190,-11.60834,-29.26110,0.22809
71.200,-11.25010,-24.80386,4.81548
71.210,-9.34596,-24.30335,2.40465
71.220,-7.70822,-28.28756,1.63774
71.230,-5.84891,-30.93112,1.85930
71.240,-5.89680,-26.26139,4.66974
71.250,-5.41029,-22.61020,4.13770
71.260,-5.04005,-22.18365,0.79680
71.270,-5.58779,-22.75339,0.00000
71.280,-5.73890,-22.66596,0.08743
71.290,-6.12603,-21.81416,0.85180
71.300,-5.36328,-21.60113,0.97577
71.310,-4.92169,-21.36218,0.68054
71.320,-5.45788,-20.60382,0.75836
71.330,-5.77836,-20.58225,0.02157
71.340,-4.98406,-20.14846,1.22810
71.350,-5.44438,-19.52868,0.61978
71.360,-7.74025,-19.70833,0.00000
71.370,-9.34577,-19.92353,0.00000
71.380,-10.60097,-19.69339,0.23014
71.390,-12.55953,-18.91111,0.78228
71.400,-11.42210,-18.12272,1.92583
71.410,-10.76005,-19.94584,0.66205
71.420,-11.09258,-24.59101,0.00000
71.430,-10.81497,-25.07097,0.27761
71.440,-10.83404,-24.51820,0.55278
71.450,-10.40362,-24.67875,0.43042
71.460,-10.78525,-25.23690,0.00000
71.470,-10.73895,-25.83712,0.04630
71.480,-10.29335,-25.91056,0.44559
71.490,-10.98828,-26.60831,0.00000
71.500,-10.22091,-26.30219,1.07349
71.510,-11.15548,-25.96930,0.33289
71.520,-11.43395,-26.89587,0.00000
71.530,-10.69891,-27.11307,0.73504
71.540,-11.64945,-27.17632,0.00000
71.550,-11.32393,-26.93585,0.56599
71.560,-11.72758,-26.79496,0.14089
71.570,-10.94107,-27.25148,0.78650
71.580,-10.17192,-27.74284,0.76915
71.590,-10.79279,-28.31824,0.00000
71.600,-9.86396,-25.81523,3.43184
71.610,-9.22079,-26.38959,0.64318
71.620,-7.17279,-32.15798,2.04800
71.630,-5.82547,-33.19632,1.34732
71.640,-4.60660,-34.28916,1.21886
71.650,-4.76347,-34.51536,0.00000
71.660,-5.28327,-34.42942,0.08594
71.670,-5.64307,-34.54865,0.00000
71.680,-6.42659,-34.84522,0.00000
71.690,-4.89585,-34.59472,1.78125
71.700,-3.76750,-31.15553,4.56753
71.710,-4.19928,-30.94054,0.21499
71.720,-6.64938,-34.45907,0.00000
71.730,-6.51084,-35.67381,0.13854
71.740,-5.34406,-35.44497,1.39561
71.750,-7.34513,-34.71151,0.73346
71.760,-8.61056,-32.43902,2.27249
71.770,-6.20716,-30.22509,4.61733
71.780,-7.10236,-29.01562,1.20947
71.790,-9.82290,-28.81443,0.20119
71.800,-8.30922,-27.34151,2.98660
71.810,-8.42866,-27.17247,0.16904
71.820,-10.15533,-26.91426,0.25820
71.830,-10.61663,-24.93046,1.98381
71.840,-11.25443,-24.01214,0.91832
71.850,-11.21253,-24.14795,0.04190
71.860,-10.43672,-24.82871,0.77581
71.870,-11.39639,-25.46140,0.00000
71.880,-10.78907,-25.89199,0.60732
71.890,-10.07886,-26.04354,0.71021
71.900,-10.93775,-25.84184,0.20170
71.910,-10.38525,-26.32096,0.55250
71.920,-11.00409,-27.35000,0.00000
71.930,-10.57885,-27.81325,0.42524
71.940,-10.25698,-28.19026,0.32187
71.950,-11.09444,-28.00990,0.18036
71.960,-10.92927,-27.77964,0.39543
71.970,-11.58569,-27.88671,0.00000
71.980,-11.00227,-27.66418,0.80595
71.990,-10.82371,-27.70974,0.17856
72.000,-10.18995,-25.62990,2.71359
72.010,-8.69252,-26.71431,1.49743
72.020,-7.75586,-35.96553,0.93667
72.030,-6.33661,-37.72032,1.41925
72.040,-4.82568,-38.18440,1.51093
72.050,-3.85486,-39.20509,0.97082
72.060,-4.54776,-39.47335,0.00000
72.070,-5.42069,-39.68589,0.00000
72.080,-4.83848,-40.65821,0.58222
72.090,-4.57964,-40.81970,0.25883
72.100,-4.77521,-34.33016,6.48953
72.110,-6.39108,-33.65204,0.67812
72.120,-6.87646,-38.11560,0.00000
72.130,-4.49676,-40.15891,2.37970
72.140,-4.32703,-40.41419,0.16974
72.150,-6.31615,-40.45052,0.00000
72.160,-6.35389,-40.10413,0.34640
72.170,-6.15024,-38.78503,1.52274
72.180,-8.98559,-37.12595,1.65908
72.190,-12.06468,-34.29357,2.83238
72.200,-10.77402,-27.88361,7.70062
72.210,-10.30243,-26.25528,2.09992
72.220,-11.57432,-28.14945,0.00000
72.230,-12.57791,-29.23467,0.00000
72.240,-11.84670,-28.61620,1.34968
72.250,-12.27509,-28.56218,0.05403
72.260,-12.38859,-28.57677,0.00000
72.270,-12.25642,-28.46548,0.24345
72.280,-12.88019,-28.61647,0.00000
72.290,-12.37910,-28.94720,0.50109
72.300,-10.12490,-25.25396,5.94744
72.310,-8.42667,-25.34961,1.69823
72.320,-7.42222,-29.55729,1.00445
72.330,-6.46119,-29.70828,0.96103
72.340,-5.61296,-30.15300,0.84823
72.350,-4.69967,-30.05254,1.01375
72.360,-4.02341,-29.66942,1.05938
72.370,-4.22549,-30.12462,0.00000
72.380,-5.01698,-30.75458,0.00000
72.390,-5.56445,-31.29600,0.00000
72.400,-5.57122,-31.56699,0.00000
72.410,-5.17060,-32.43789,0.40062
72.420,-4.78775,-34.09948,0.38284
72.430,-5.18452,-33.73606,0.36342
72.440,-6.35437,-33.65484,0.08122
72.450,-6.62801,-33.51503,0.13981
72.460,-7.03471,-33.50447,0.01056
72.470,-8.89402,-33.65286,0.00000
72.480,-10.45397,-33.06740,0.58546
72.490,-10.33167,-32.78698,0.40272
72.500,-10.78381,-29.06915,3.71784
72.510,-13.02832,-28.64429,0.42486
72.520,-13.99046,-32.30792,0.00000
72.530,-13.75684,-33.58178,0.23362
72.540,-14.11977,-33.47903,0.10274
72.550,-14.83274,-33.80663,0.00000
72.560,-15.69820,-34.07638,0.00000
72.570,-14.54227,-34.10910,1.15593
72.580,-13.94006,-33.30066,1.41066
72.590,-13.67765,-33.31559,0.26241
72.600,-11.17305,-26.67986,9.14033
72.610,-9.39675,-25.81481,2.64136
72.620,-7.46711,-28.68451,1.92964
72.630,-5.69687,-28.87578,1.77024
72.640,-4.86663,-29.06455,0.83025
72.650,-4.58088,-29.36047,0.28574
72.660,-4.38356,-29.95722,0.19732
72.670,-4.88634,-29.96744,0.00000
72.680,-5.52748,-29.92263,0.04481
72.690,-5.04915,-29.64374,0.75722
72.700,-4.65583,-28.64109,1.39597
72.710,-5.20213,-28.67799,0.00000
72.720,-6.04235,-29.04938,0.00000
72.730,-5.89713,-28.79406,0.40054
72.740,-5.78389,-28.94803,0.11324
72.750,-6.41900,-29.15922,0.00000
72.760,-7.44832,-28.93884,0.22038
72.770,-8.05908,-29.06818,0.00000
72.780,-9.06912,-30.72772,0.00000
72.790,-11.51261,-32.65039,0.00000
72.800,-12.21588,-27.64333,5.00706
72.810,-10.34691,-28.01354,1.86897
72.820,-8.17033,-36.68683,2.17658
72.830,-6.49654,-32.82628,5.53434
72.840,-5.43057,-25.63829,8.25397
72.850,-4.63276,-22.74757,3.68853
72.860,-4.42903,-22.64494,0.30635
72.870,-4.88731,-22.84457,0.00000
72.880,-5.28593,-22.85290,0.00000
72.890,-5.05424,-22.83800,0.24660
72.900,-5.06049,-22.17901,0.65898
72.910,-5.55463,-22.08801,0.09101
72.920,-5.67948,-21.90620,0.18181
72.930,-5.70452,-23.10185,0.00000
72.940,-5.99883,-28.40375,0.00000
72.950,-6.47166,-37.19308,0.00000
72.960,-7.31129,-37.00027,0.19280
72.970,-8.53966,-38.12974,0.00000
72.980,-10.03421,-30.63935,7.49039
72.990,-11.76945,-25.56787,5.07148
73.000,-12.92783,-23.52300,2.04487
73.010,-13.32071,-23.29500,0.22800
73.020,-11.37312,-22.89953,2.34306
73.030,-11.07359,-22.84847,0.35059
73.040,-12.98868,-23.14133,0.00000
73.050,-14.17955,-23.89070,0.00000
73.060,-14.84058,-25.54849,0.00000
73.070,-14.89560,-26.38443,0.00000
73.080,-15.62423,-27.04880,0.00000
73.090,-15.36228,-27.32452,0.26196
73.100,-15.16009,-26.69655,0.83016
73.110,-15.27557,-26.88226,0.00000
73.120,-14.87760,-28.31846,0.39797
73.130,-14.58855,-29.75301,0.28905
73.140,-15.23953,-32.03708,0.00000
73.150,-15.53199,-32.76995,0.00000
73.160,-15.91037,-31.61602,1.15393
73.170,-17.48990,-31.53879,0.07723
73.180,-18.09112,-32.27997,0.00000
73.190,-17.63689,-34.13371,0.45423
73.200,-12.76904,-25.17403,13.82753
73.210,-9.49653,-19.60337,8.84318
73.220,-7.06930,-19.00401,3.02658
73.230,-5.35847,-20.96678,1.71083
73.240,-4.53046,-22.02826,0.82801
73.250,-4.02450,-22.38526,0.50596
73.260,-4.01364,-22.11453,0.28159
73.270,-4.52838,-21.26968,0.84485
73.280,-5.14225,-20.68416,0.58552
73.290,-5.03438,-21.01130,0.10787
73.300,-4.88049,-20.72998,0.43521
73.310,-5.28418,-19.54918,1.18079
73.320,-5.44270,-19.68862,0.00000
73.330,-5.44344,-21.41976,0.00000
73.340,-5.63144,-23.48656,0.00000
73.350,-6.30773,-26.19220,0.00000
73.360,-7.27465,-30.95461,0.00000
73.370,-8.36092,-36.95966,0.00000
73.380,-9.95886,-36.08198,0.87768
73.390,-11.94900,-29.78207,6.29990
73.400,-13.40332,-22.48217,7.29991
73.410,-12.92847,-21.36782,1.58920
73.420,-12.51822,-23.64573,0.41025
73.430,-13.14537,-25.58570,0.00000
73.440,-14.72424,-27.33792,0.00000
73.450,-16.07866,-28.04582,0.00000
73.460,-16.74899,-28.37917,0.00000
73.470,-16.24343,-28.04082,0.84391
73.480,-15.13474,-27.95052,1.19900
73.490,-15.03701,-28.30147,0.09772
73.500,-14.12832,-26.63274,2.57742
73.510,-12.83923,-25.82590,2.09592
73.520,-13.54369,-26.35782,0.00000
73.530,-15.69187,-27.28994,0.00000
73.540,-15.27009,-28.19341,0.42179
73.550,-14.37254,-28.07936,1.01160
73.560,-15.14269,-28.53572,0.00000
73.570,-16.67603,-29.02091,0.00000
73.580,-16.73232,-28.69285,0.32806
73.590,-15.08509,-27.59903,2.74103
73.600,-11.69002,-24.49675,6.49736
73.610,-8.98140,-24.50262,2.70862
73.620,-6.88734,-27.69038,2.09406
73.630,-5.41810,-28.46624,1.46924
73.640,-4.76865,-28.62961,0.64946
73.650,-4.34405,-29.11949,0.42459
73.660,-4.27166,-29.10938,0.08251
73.670,-4.70997,-29.74132,0.00000
73.680,-5.11633,-30.18389,0.00000
73.690,-4.91002,-29.20872,1.18148
73.700,-4.91804,-28.15970,1.04902
73.710,-5.33422,-27.84576,0.31394
73.720,-5.45676,-28.48365,0.00000
73.730,-5.48383,-28.50378,0.00000
73.740,-5.60873,-27.85887,0.64491
73.750,-6.26942,-28.16518,0.00000
73.760,-7.16099,-28.85211,0.00000
73.770,-7.93391,-28.38383,0.46828
73.780,-8.98986,-28.19298,0.19085
73.790,-10.75896,-28.52523,0.00000
73.800,-12.67600,-26.89318,1.63205
73.810,-13.76335,-26.39828,0.49490
73.820,-14.94007,-27.37764,0.00000
73.830,-15.04836,-27.39997,0.00000
73.840,-14.49999,-27.24918,0.69916
73.850,-13.74882,-26.44821,1.55215
73.860,-12.94568,-25.78961,1.46174
73.870,-12.76174,-25.90283,0.18394
73.880,-13.82881,-26.24858,0.00000
73.890,-15.35009,-26.41714,0.00000
73.900,-12.26432,-24.31629,5.18661
73.910,-9.42215,-24.46072,2.84218
73.920,-7.47746,-27.31914,1.94469
73.930,-5.93542,-27.87714,1.54203
73.940,-5.02711,-28.45880,0.90831
73.950,-4.46216,-29.28760,0.56495
73.960,-4.33245,-30.39553,0.12972
73.970,-4.68543,-31.65675,0.00000
73.980,-5.16707,-32.18666,0.00000
73.990,-5.10084,-31.46259,0.79031
74.000,-4.94576,-28.82414,2.79353
74.010,-5.24228,-27.28289,1.54125
74.020,-5.46582,-27.83979,0.00000
74.030,-5.43928,-28.54374,0.02654
74.040,-5.63772,-26.00097,2.54277
74.050,-6.28836,-22.75234,3.24863
74.060,-7.23317,-20.49870,2.25364
74.070,-8.27981,-20.13652,0.36218
74.080,-9.48400,-21.13769,0.00000
74.090,-11.17255,-22.15476,0.00000
74.100,-12.82926,-22.60297,0.00000
74.110,-14.64416,-23.03835,0.00000
74.120,-16.60909,-23.37200,0.00000
74.130,-17.25718,-23.20535,0.16666
74.140,-17.32560,-23.17946,0.02589
74.150,-16.87054,-23.06268,0.57184
74.160,-16.83879,-23.30685,0.03175
74.170,-16.88299,-22.79656,0.51028
74.180,-16.60993,-22.04785,1.02179
74.190,-16.78307,-21.72567,0.32218
74.200,-11.97004,-21.43661,5.10209
74.210,-9.02464,-23.33191,2.94540
74.220,-6.84297,-26.59992,2.18167
74.230,-5.26937,-26.96827,1.57360
74.240,-4.84037,-28.01865,0.42900
74.250,-4.51851,-28.41639,0.32186
74.260,-4.35820,-28.08717,0.48953
74.270,-4.86999,-27.82257,0.26460
74.280,-5.19759,-27.69713,0.12544
74.290,-4.95551,-28.07108,0.24208
74.300,-4.94983,-28.09719,0.00567
74.310,-5.32147,-27.55370,0.54348
74.320,-5.53667,-27.97458,0.00000
74.330,-5.42378,-27.96433,0.12315
74.340,-5.62220,-27.71522,0.24911
74.350,-6.28346,-27.61565,0.09956
74.360,-7.05540,-27.25146,0.36420
74.370,-8.02475,-27.52551,0.00000
74.380,-9.37489,-27.57029,0.00000
74.390,-10.66561,-27.05349,0.51680
74.400,-10.46138,-24.23412,3.02361
74.410,-9.02051,-24.06963,1.60536
74.420,-7.24681,-27.48020,1.77371
74.430,-6.52084,-28.74815,0.72597
74.440,-4.56611,-29.22340,1.95473
74.450,-3.05932,-29.98158,1.50679
74.460,-3.22978,-29.94610,0.03548
74.470,-3.89401,-29.86942,0.07668
74.480,-5.33718,-29.68035,0.18907
74.490,-7.70076,-29.51691,0.16345
74.500,-5.42882,-27.84007,3.94878
74.510,-4.53169,-26.42011,2.31709
74.520,-6.91234,-27.49452,0.00000
74.530,-5.11006,-29.36781,1.80229
74.540,-5.22598,-28.98504,0.38277
74.550,-7.02001,-29.04808,0.00000
74.560,-5.51213,-29.84537,1.50788
74.570,-7.57785,-29.97294,0.00000
74.580,-8.08290,-30.65059,0.00000
74.590,-7.47277,-33.21795,0.61013
74.600,-10.37622,-27.63296,5.58499
74.610,-9.50147,-26.15062,2.35710
74.620,-9.43249,-29.89889,0.06898
74.630,-9.52411,-33.35889,0.00000
74.640,-9.74777,-31.36245,1.99645
74.650,-9.87533,-30.88251,0.47994
74.660,-9.65755,-31.51491,0.21778
74.670,-10.35988,-31.65196,0.00000
74.680,-10.37843,-31.72282,0.00000
74.690,-10.16430,-32.23149,0.21412
74.700,-9.33623,-29.11831,3.94125
74.710,-9.60972,-29.34670,0.00000
74.720,-10.10388,-34.56251,0.00000
74.730,-10.23075,-33.40865,1.15386
74.740,-10.01397,-31.59584,2.02959
74.750,-10.23011,-30.02472,1.57113
74.760,-11.06711,-28.83482,1.18989
74.770,-10.29872,-28.28763,1.31559
74.780,-10.25641,-27.73507,0.59486
74.790,-9.99650,-27.45165,0.54334
74.800,-9.05321,-24.57946,3.81548
74.810,-9.24549,-24.47291,0.10655
74.820,-8.20546,-27.07705,1.04003
74.830,-6.44895,-26.69391,2.13965
74.840,-4.73991,-27.14988,1.70904
74.850,-3.55401,-28.70332,1.18590
74.860,-3.44584,-30.05713,0.10817
74.870,-3.89630,-31.32295,0.00000
74.880,-4.96783,-32.42588,0.00000
74.890,-6.39664,-33.40575,0.00000
74.900,-5.08837,-30.62010,4.09391
74.910,-4.70015,-30.40252,0.60579
74.920,-6.69205,-33.82982,0.00000
74.930,-5.61794,-35.38292,1.07411
74.940,-5.53725,-35.42155,0.08069
74.950,-6.34529,-34.75470,0.66685
74.960,-6.24691,-34.33987,0.51321
74.970,-8.83592,-32.69256,1.64730
74.980,-9.01497,-30.30663,2.38593
74.990,-8.33471,-26.15296,4.83393
75.000,-10.07166,-23.19518,2.95778
75.010,-10.45077,-22.46707,0.72811
75.020,-10.28129,-23.03009,0.16948
75.030,-10.24127,-23.81578,0.04002
75.040,-10.61145,-24.71983,0.00000
75.050,-11.01874,-24.89661,0.00000
75.060,-11.02723,-25.19860,0.00000
75.070,-11.27832,-23.74895,1.44965
75.080,-11.61438,-21.43823,2.31072
75.090,-11.47734,-18.74738,2.82788
75.100,-11.55615,-17.04309,1.70428
75.110,-11.66019,-16.33831,0.70478
75.120,-12.55464,-16.20201,0.13630
75.130,-12.88728,-17.18335,0.00000
75.140,-12.62813,-17.98281,0.25914
75.150,-13.04132,-18.28861,0.00000
75.160,-13.25308,-19.71895,0.00000
75.170,-14.24436,-21.37775,0.00000
75.180,-13.57223,-22.69259,0.67213
75.190,-13.68839,-24.23039,0.00000
75.200,-11.52043,-22.85638,3.54197
75.210,-9.29361,-21.78884,3.29437
75.220,-7.08116,-23.24160,2.21245
75.230,-5.69934,-25.46769,1.38182
75.240,-5.02711,-26.39668,0.67223
75.250,-4.32289,-27.01028,0.70422
75.260,-4.28693,-27.57403,0.03596
75.270,-4.92941,-27.79336,0.00000
75.280,-5.84710,-27.44500,0.34837
75.290,-5.84418,-27.24868,0.19924
75.300,-5.04757,-26.81120,1.23409
75.310,-5.42426,-26.09833,0.71287
75.320,-6.00100,-26.43471,0.00000
75.330,-5.27057,-26.83566,0.73043
75.340,-6.00514,-26.63757,0.19809
75.350,-6.33594,-26.69495,0.00000
75.360,-6.21674,-26.42075,0.39339
75.370,-7.86111,-26.30106,0.11970
75.380,-8.20052,-26.65992,0.00000
75.390,-9.34455,-26.58154,0.07838
75.400,-11.39735,-24.88470,1.69685
75.410,-10.67722,-23.99894,1.60589
75.420,-10.76380,-24.76203,0.00000
75.430,-11.37217,-25.42851,0.00000
75.440,-12.13176,-25.55273,0.00000
75.450,-12.54857,-25.79321,0.00000
75.460,-11.94176,-25.69978,0.70025
75.470,-11.41108,-25.52390,0.70655
75.480,-11.88040,-25.30727,0.21663
75.490,-12.81537,-25.43378,0.00000
75.500,-10.98918,-24.19533,3.06465
75.510,-8.95137,-24.31312,2.03781
75.520,-7.30516,-26.19282,1.64621
75.530,-6.16307,-26.65356,1.14209
75.540,-5.66644,-27.00278,0.49663
75.550,-5.04203,-27.49555,0.62441
75.560,-4.89388,-28.81307,0.14815
75.570,-5.44284,-29.61480,0.00000
75.580,-5.80398,-29.06612,0.54869
75.590,-4.94843,-28.16297,1.75870
75.600,-4.66551,-26.92891,1.51698
75.610,-5.46547,-26.68600,0.24291
75.620,-5.32121,-27.93735,0.14426
75.630,-5.60556,-27.20764,0.72971
75.640,-6.17846,-23.57666,3.63098
75.650,-6.23078,-21.05198,2.52468
75.660,-7.54674,-20.36825,0.68372
75.670,-8.53838,-21.26886,0.00000
75.680,-9.58579,-22.34956,0.00000
75.690,-12.34375,-22.65299,0.00000
75.700,-13.86707,-22.78198,0.00000
75.710,-15.34684,-23.35950,0.00000
75.720,-17.39181,-24.65357,0.00000
75.730,-18.24414,-24.73408,0.00000
75.740,-19.19380,-24.40231,0.33177
75.750,-19.06341,-23.69079,0.84190
75.760,-18.72651,-21.95404,2.07365
75.770,-18.75376,-21.00941,0.94463
75.780,-18.89771,-21.68385,0.00000
75.790,-18.75779,-23.32552,0.13992
75.800,-12.30590,-23.90629,6.45190
75.810,-8.38152,-23.81679,4.01388
75.820,-6.65544,-24.57409,1.72608
75.830,-5.77211,-26.04266,0.88333
75.840,-5.22132,-27.34193,0.55079
75.850,-4.70664,-27.15714,0.69946
75.860,-4.58583,-26.79277,0.48519
75.870,-4.95897,-27.19665,0.00000
75.880,-5.22642,-26.95252,0.24413
75.890,-5.09399,-26.47400,0.61095
75.900,-5.13856,-26.08363,0.39038
75.910,-5.44227,-25.79298,0.29065
75.920,-5.59923,-26.36882,0.00000
75.930,-5.62479,-26.77473,0.00000
75.940,-5.70181,-26.41182,0.36291
75.950,-6.16286,-25.81602,0.59580
75.960,-6.74664,-25.41157,0.40445
75.970,-7.38055,-25.07036,0.34121
75.980,-8.47169,-25.17696,0.00000
75.990,-9.60185,-25.55572,0.00000
76.000,-9.87932,-24.05971,1.49601
76.010,-9.36441,-24.15251,0.51491
76.020,-7.85221,-25.83505,1.51220
76.030,-6.54000,-25.79600,1.35126
76.040,-5.77941,-26.00527,0.76059
76.050,-5.07822,-26.52215,0.70119
76.060,-4.84862,-26.88397,0.22960
76.070,-5.19948,-27.01416,0.00000
76.080,-5.46718,-27.18644,0.00000
76.090,-5.25507,-27.19790,0.21211
76.100,-5.17470,-26.22400,1.05426
76.110,-5.45310,-26.01979,0.20421
76.120,-5.52890,-26.77880,0.00000
76.130,-5.67192,-27.11491,0.00000
76.140,-5.88385,-26.92142,0.19350
76.150,-6.36317,-26.65308,0.26834
76.160,-7.42887,-26.45825,0.19483
76.170,-8.20190,-26.19167,0.26658
76.180,-9.25136,-26.73954,0.00000
76.190,-11.11049,-27.48262,0.00000
76.200,-12.74544,-24.83894,2.64368
76.210,-14.30279,-24.10779,0.73115
76.220,-15.68499,-26.05533,0.00000
76.230,-15.98067,-27.41697,0.00000
76.240,-15.79696,-27.74424,0.18371
76.250,-16.59779,-28.37754,0.00000
76.260,-17.84102,-29.30605,0.00000
76.270,-17.31081,-29.38735,0.53021
76.280,-17.33981,-29.45173,0.00000
76.290,-18.75805,-30.08860,0.00000
76.300,-16.78382,-28.28385,3.77898
76.310,-15.88818,-27.85066,1.32883
76.320,-17.66075,-30.46483,0.00000
76.330,-19.40208,-32.29235,0.00000
76.340,-20.25321,-32.01976,0.27259
76.350,-19.31091,-30.70039,2.26167
76.360,-19.79223,-29.72801,0.97237
76.370,-20.46800,-29.21718,0.51083
76.380,-19.54704,-28.72917,1.40897
76.390,-19.84915,-28.81522,0.00000
76.400,-13.08773,-25.43486,10.14178
76.410,-9.19244,-25.01669,4.31346
76.420,-7.01786,-27.89831,2.17459
76.430,-5.42740,-28.63571,1.59046
76.440,-4.55797,-29.39069,0.86943
76.450,-4.16281,-29.91362,0.39516
76.460,-4.17004,-30.82455,0.00000
76.470,-4.61655,-31.81962,0.00000
76.480,-5.06760,-32.44515,0.00000
76.490,-4.87355,-32.87106,0.19404
76.500,-4.78010,-29.54135,3.42317
76.510,-5.24158,-28.69864,0.84270
76.520,-5.40110,-31.18739,0.00000
76.530,-5.41519,-33.57758,0.00000
76.540,-5.64205,-34.47567,0.00000
76.550,-6.26164,-34.71374,0.00000
76.560,-7.20109,-34.82993,0.00000
76.570,-8.19306,-35.16295,0.00000
76.580,-9.81872,-34.00618,1.15677
76.590,-11.38206,-31.84323,2.16295
76.600,-12.98715,-27.20601,4.63722
76.610,-13.90645,-24.53552,2.67050
76.620,-14.01532,-23.89312,0.64240
76.630,-13.46633,-23.60779,0.83433
76.640,-13.31841,-24.55443,0.14792
76.650,-13.90653,-26.91533,0.00000
76.660,-13.45673,-28.28679,0.44979
76.670,-13.74296,-28.73434,0.00000
76.680,-14.56412,-28.96866,0.00000
76.690,-14.30338,-29.16052,0.26075
76.700,-12.31948,-27.58612,3.55830
76.710,-12.00821,-27.21763,0.67976
76.720,-13.45112,-28.57016,0.00000
76.730,-14.51652,-29.20611,0.00000
76.740,-15.45838,-29.41950,0.00000
76.750,-15.59926,-29.53239,0.00000
76.760,-14.82801,-29.32121,0.98243
76.770,-15.24626,-29.49150,0.00000
76.780,-15.70659,-29.76663,0.00000
76.790,-14.73967,-29.38744,1.34611
76.800,-12.30730,-25.80928,6.01053
76.810,-9.41723,-25.96510,2.89007
76.820,-7.16978,-29.84347,2.24745
76.830,-5.66542,-30.43500,1.50436
76.840,-4.73713,-31.59042,0.92829
76.850,-4.16848,-32.79267,0.56865
76.860,-4.14488,-33.50352,0.02360
76.870,-4.67961,-33.22254,0.28098
76.880,-5.13900,-32.54853,0.67401
76.890,-4.90430,-32.33391,0.44932
76.900,-4.82772,-31.35318,1.05730
76.910,-5.20709,-30.04757,1.30561
76.920,-5.35260,-30.05904,0.00000
76.930,-5.35742,-30.36149,0.00000
76.940,-5.54253,-29.71495,0.64655
76.950,-6.20062,-29.79545,0.00000
76.960,-6.98222,-30.41609,0.00000
76.970,-7.80115,-30.48583,0.00000
76.980,-9.29529,-30.36868,0.11715
76.990,-10.82393,-29.78529,0.58339
77.000,-11.89512,-27.60064,2.18465
77.010,-12.84556,-26.92617,0.67447
77.020,-13.41172,-28.22558,0.00000
77.030,-13.76111,-28.86593,0.00000
77.040,-13.18542,-28.69749,0.74414
77.050,-13.49259,-28.80918,0.00000
77.060,-14.80466,-29.43756,0.00000
77.070,-15.61375,-30.24804,0.00000
77.080,-16.84749,-30.52652,0.00000
77.090,-18.41879,-31.18998,0.00000
77.100,-12.57695,-25.70580,11.32601
77.110,-8.76194,-25.60693,3.91389
77.120,-8.31757,-31.26747,0.44437
77.130,-6.03924,-31.25202,2.29378
77.140,-3.95615,-31.64901,2.08309
77.150,-3.66765,-31.23163,0.70589
77.160,-4.49776,-30.14408,1.08755
77.170,-5.30468,-29.76831,0.37577
77.180,-6.02271,-29.55756,0.21075
77.190,-6.89193,-28.79865,0.75891
77.200,-6.58332,-26.00108,3.10618
77.210,-5.75406,-25.76327,1.06706
77.220,-5.63753,-28.34794,0.11653
77.230,-5.05657,-29.07877,0.58097
77.240,-5.99397,-29.34559,0.00000
77.250,-5.57934,-28.99966,0.76057
77.260,-4.76103,-28.02560,1.79237
77.270,-8.55276,-27.27279,0.75281
77.280,-15.38551,-27.24091,0.03188
77.290,-16.27670,-27.90627,0.00000
77.300,-10.96953,-26.29370,6.91974
77.310,-7.90954,-25.72146,3.63223
77.320,-8.02459,-26.87419,0.00000
77.330,-8.47686,-27.83331,0.00000
77.340,-7.83116,-28.63536,0.64570
77.350,-7.29506,-28.93442,0.53611
77.360,-7.36589,-29.11303,0.00000
77.370,-8.20303,-29.24721,0.00000
77.380,-8.61561,-29.02240,0.22481
77.390,-8.92664,-28.62072,0.40168
77.400,-7.89449,-25.06454,4.58833
77.410,-7.73746,-24.83702,0.38456
77.420,-7.93443,-28.22375,0.00000
77.430,-5.72320,-29.16813,2.21123
77.440,-4.51442,-29.62847,1.20878
77.450,-4.41405,-29.57725,0.15158
77.460,-5.14003,-29.37480,0.20246
77.470,-5.90053,-29.46811,0.00000
77.480,-6.36925,-29.56791,0.00000
77.490,-6.94549,-28.87822,0.68969
77.500,-6.64733,-27.66161,1.51478
77.510,-5.85854,-27.74376,0.78878
77.520,-5.53428,-28.90379,0.32427
77.530,-4.73383,-29.54032,0.80045
77.540,-5.78843,-29.27151,0.26881
77.550,-5.66038,-29.08488,0.31467
77.560,-4.75996,-29.02143,0.96387
77.570,-8.42423,-28.90499,0.11644
77.580,-14.68198,-28.69539,0.20961
77.590,-14.61238,-27.85544,0.90955
77.600,-11.87497,-27.42851,3.16434
77.610,-10.75516,-26.73642,1.81189
77.620,-11.16077,-26.97240,0.00000
77.630,-12.37232,-27.80886,0.00000
77.640,-13.13875,-27.33240,0.47645
77.650,-13.53121,-26.90806,0.42434
77.660,-12.97192,-26.73134,0.73601
77.670,-12.40821,-26.96169,0.56371
77.680,-12.75897,-27.49989,0.00000
77.690,-12.56324,-28.11015,0.19573
77.700,-12.14509,-27.18652,1.34177
77.710,-11.70284,-26.08923,1.53954
77.720,-12.15730,-26.71580,0.00000
77.730,-12.82866,-27.38201,0.00000
77.740,-12.66013,-27.58767,0.16853
77.750,-13.02691,-27.80314,0.00000
77.760,-13.15990,-27.48124,0.32190
77.770,-13.44631,-27.30783,0.17341
77.780,-14.18387,-27.13322,0.17461
77.790,-15.06713,-27.79350,0.00000
77.800,-15.84377,-27.15828,0.63523
77.810,-15.60399,-25.73796,1.66011
77.820,-15.89070,-26.20463,0.00000
77.830,-15.32333,-26.58586,0.56737
77.840,-14.23035,-26.26075,1.41809
77.850,-14.11001,-26.43034,0.12034
77.860,-13.43404,-26.54251,0.67597
77.870,-12.94579,-26.44801,0.58275
77.880,-12.96304,-26.15356,0.29445
77.890,-12.59176,-26.40557,0.37127
77.900,-12.47174,-26.86998,0.12002
77.910,-13.01462,-27.18254,0.00000
77.920,-13.43948,-27.29534,0.00000
77.930,-13.40151,-26.68302,0.65029
77.940,-13.55915,-26.13529,0.54773
77.950,-13.90228,-25.70470,0.43059
77.960,-13.53825,-25.61837,0.45037
77.970,-13.48499,-26.02615,0.05326
77.980,-14.33346,-25.99275,0.03340
77.990,-14.53921,-25.87265,0.12010
78.000,-14.64631,-26.26559,0.00000
78.010,-15.44062,-26.16469,0.10090
78.020,-14.13517,-25.79169,1.67845
78.030,-12.73338,-25.89729,1.40180
78.040,-12.23220,-25.54642,0.85205
78.050,-11.66157,-25.22490,0.89215
78.060,-11.60787,-25.57367,0.05370
78.070,-12.35847,-25.67494,0.00000
78.080,-13.65426,-25.56808,0.10686
78.090,-13.53087,-25.49953,0.19194
78.100,-13.31994,-25.33045,0.38002
78.110,-14.58350,-25.85912,0.00000
78.120,-14.61871,-26.00483,0.00000
78.130,-14.50609,-25.82556,0.29190
78.140,-14.98836,-26.62596,0.00000
78.150,-14.21659,-27.30762,0.77177
78.160,-13.54214,-27.43479,0.67446
78.170,-13.21288,-27.45108,0.32926
78.180,-12.50693,-27.16290,0.99412
78.190,-11.96779,-26.75622,0.94582
78.200,-11.28010,-26.51691,0.92700
78.210,-10.75031,-26.69643,0.52978
78.220,-11.27621,-27.39152,0.00000
78.230,-12.87394,-28.08488,0.00000
78.240,-14.20680,-27.85155,0.23332
78.250,-14.27831,-27.30401,0.54754
78.260,-14.62957,-26.96027,0.34374
78.270,-15.37328,-26.77287,0.18740
78.280,-15.23290,-27.11454,0.14039
78.290,-14.74205,-27.64907,0.49085
78.300,-15.22769,-28.18076,0.00000
78.310,-16.30330,-28.79077,0.00000
78.320,-17.75304,-28.95279,0.00000
78.330,-18.58824,-28.62788,0.32491
78.340,-16.80609,-28.86904,1.78215
78.350,-14.69671,-29.03134,2.10938
78.360,-14.11830,-28.24533,1.36442
78.370,-14.36721,-28.15222,0.09312
78.380,-14.30579,-28.52900,0.06141
78.390,-13.59662,-28.40474,0.83343
78.400,-12.94754,-28.30897,0.74485
78.410,-12.88977,-28.68721,0.05776
78.420,-12.94305,-28.82708,0.00000
78.430,-13.52920,-28.67150,0.15559
78.440,-14.16149,-28.81982,0.00000
78.450,-14.51098,-29.38294,0.00000
78.460,-14.95584,-30.21658,0.00000
78.470,-15.78599,-31.15080,0.00000
78.480,-17.07238,-31.87080,0.00000
78.490,-17.08503,-31.89635,0.00000
78.500,-16.97996,-32.10155,0.10507
78.510,-17.09008,-32.20685,0.00000
78.520,-17.02632,-31.31878,0.95183
78.530,-17.15582,-30.81683,0.50195
78.540,-15.65902,-30.81476,1.49887
78.550,-14.36784,-30.29147,1.81447
78.560,-14.60366,-30.20196,0.08951
78.570,-15.39898,-30.59941,0.00000
78.580,-16.17997,-30.85391,0.00000
78.590,-16.98461,-31.13464,0.00000
78.600,-17.21893,-29.25809,1.87655
78.610,-17.11530,-27.75019,1.61152
78.620,-17.98521,-29.74291,0.00000
78.630,-19.26287,-33.15238,0.00000
78.640,-18.15385,-31.04434,3.21705
78.650,-16.22468,-30.37360,2.59991
78.660,-14.98654,-30.75183,1.23815
78.670,-14.47152,-30.73423,0.53260
78.680,-13.88636,-30.71703,0.60237
78.690,-12.86378,-30.92747,1.02258
78.700,-12.35973,-31.50094,0.50404
78.710,-12.08178,-32.14275,0.27795
78.720,-12.29130,-32.93509,0.00000
78.730,-13.31829,-33.37707,0.00000
78.740,-14.50555,-33.41079,0.00000
78.750,-15.79372,-32.86415,0.54665
78.760,-16.96470,-31.59689,1.26726
78.770,-17.34706,-31.25716,0.33973
78.780,-16.34077,-31.71598,1.00629
78.790,-15.52250,-33.34956,0.81826
78.800,-15.94827,-35.70821,0.00000
78.810,-16.87950,-35.53375,0.17446
78.820,-18.15605,-34.33733,1.19643
78.830,-19.73849,-33.54595,0.79138
78.840,-18.24588,-33.14647,1.89208
78.850,-16.43989,-32.79154,2.16093
78.860,-16.77155,-33.42278,0.00000
78.870,-15.95386,-33.51029,0.81768
78.880,-14.38955,-32.89119,2.18341
78.890,-14.31539,-32.57043,0.39492
78.900,-15.53807,-33.03654,0.00000
78.910,-16.97288,-34.17735,0.00000
78.920,-17.68391,-34.95728,0.00000
78.930,-17.11633,-34.41868,1.10617
78.940,-15.57718,-33.80895,2.14888
78.950,-14.99439,-34.14071,0.58279
78.960,-15.33544,-34.72627,0.00000
78.970,-15.81667,-35.34125,0.00000
78.980,-16.70390,-35.09603,0.24522
78.990,-17.66634,-35.69002,0.00000
79.000,-17.79144,-36.34959,0.00000
79.010,-17.25676,-35.56666,1.31762
79.020,-16.47077,-35.46737,0.88527
79.030,-16.06206,-35.82314,0.40871
79.040,-15.78936,-35.87881,0.27270
79.050,-15.01839,-35.32247,1.32732
79.060,-14.92765,-35.09003,0.32317
79.070,-16.23645,-35.60395,0.00000
79.080,-17.93637,-36.35333,0.00000
79.090,-18.65118,-36.54216,0.00000
79.100,-18.40551,-36.12830,0.65953
79.110,-19.84759,-36.23990,0.00000
79.120,-21.54458,-36.06674,0.17316
79.130,-22.18945,-35.21412,0.85262
79.140,-24.24044,-34.70565,0.50847
79.150,-23.85657,-34.49595,0.59357
79.160,-21.98863,-33.91264,2.45124
79.170,-21.59860,-33.25856,1.04411
79.180,-20.56028,-32.48050,1.81638
79.190,-18.93296,-32.12157,1.98625
79.200,-18.38730,-32.35546,0.54567
79.210,-17.97366,-32.95828,0.41364
79.220,-18.02393,-33.70525,0.00000
79.230,-17.43604,-34.08499,0.58789
79.240,-16.61111,-34.55568,0.82493
79.250,-16.35936,-34.96654,0.25175
79.260,-15.36367,-34.82958,1.13265
79.270,-14.64830,-35.16904,0.71538
79.280,-15.43269,-36.51833,0.00000
79.290,-17.43239,-38.05199,0.00000
79.300,-18.75928,-39.18224,0.00000
79.310,-19.01840,-39.49541,0.00000
79.320,-19.41263,-39.71966,0.00000
79.330,-19.37132,-39.78100,0.04131
79.340,-19.84885,-40.04103,0.00000
79.350,-19.36537,-39.33913,1.18539
79.360,-18.25283,-38.09404,2.35762
79.370,-18.19734,-34.91949,3.23004
79.380,-18.13764,-32.16768,2.81151
79.390,-17.02430,-28.48645,4.79458
79.400,-15.35651,-26.44059,3.71364
79.410,-13.56684,-25.85905,2.37122
79.420,-11.53062,-25.31115,2.58412
79.430,-11.05951,-25.62004,0.47111
79.440,-12.43961,-27.14625,0.00000
79.450,-13.99828,-29.07454,0.00000
79.460,-13.16494,-30.53087,0.83334
79.470,-11.03199,-31.27326,2.13295
79.480,-10.01978,-31.91737,1.01221
79.490,-9.45302,-32.34160,0.56676
79.500,-9.71647,-32.68832,0.00000
79.510,-10.81245,-33.23898,0.00000
79.520,-10.68146,-33.59924,0.13099
79.530,-10.68232,-34.00145,0.00000
79.540,-11.63396,-34.42316,0.00000
79.550,-11.74745,-33.79038,0.63278
79.560,-11.51684,-33.17767,0.84332
79.570,-11.30109,-33.46779,0.21575
79.580,-11.57188,-33.85888,0.00000
79.590,-12.79850,-32.20280,1.65609
79.600,-13.11125,-28.09094,4.11186
79.610,-13.07141,-26.36980,1.76098
79.620,-12.98528,-26.53366,0.08614
79.630,-12.74123,-26.96920,0.24405
79.640,-13.12635,-27.67411,0.00000
79.650,-14.31764,-27.77941,0.00000
79.660,-15.49487,-27.58829,0.19112
79.670,-15.51517,-27.49595,0.09234
79.680,-14.68973,-27.34237,0.97903
79.690,-13.78512,-27.51087,0.90460
79.700,-13.50717,-27.43364,0.35519
79.710,-13.25097,-27.33256,0.35728
79.720,-13.15311,-27.40213,0.09787
79.730,-13.65721,-27.23629,0.16584
79.740,-13.67311,-27.20148,0.03481
79.750,-13.40724,-27.22769,0.26587
79.760,-13.15489,-27.94110,0.25236
79.770,-13.35839,-29.86266,0.00000
79.780,-13.05096,-30.83859,0.30743
79.790,-12.19157,-30.42413,1.27385
79.800,-12.02574,-29.67012,0.91983
79.810,-11.87941,-27.22905,2.58740
79.820,-12.22872,-24.89688,2.33218
79.830,-12.68837,-21.47544,3.42143
79.840,-12.77081,-18.53554,2.93990
79.850,-13.83968,-17.61253,0.92302
79.860,-15.13689,-17.59911,0.01342
79.870,-14.86067,-16.81772,1.05760
79.880,-14.64837,-16.33599,0.69404
79.890,-14.96378,-16.58704,0.00000
79.900,-15.23873,-16.71470,0.00000
79.910,-15.52024,-16.65985,0.05485
79.920,-15.75164,-17.00756,0.00000
79.930,-16.48902,-18.57618,0.00000
79.940,-17.67334,-21.50565,0.00000
79.950,-19.14451,-24.66645,0.00000
79.960,-20.68606,-27.20511,0.00000
79.970,-21.09603,-28.68687,0.00000
79.980,-20.74497,-26.25159,2.78634
79.990,-20.21675,-24.58302,2.19680
80.000,-18.36793,-23.05888,3.37295
80.010,-17.34821,-22.45060,1.62801
80.020,-12.98533,-24.19589,4.36288
80.030,-10.93495,-26.57301,2.05038
80.040,-11.89685,-27.55246,0.00000
80.050,-12.58419,-27.81248,0.00000
80.060,-12.56472,-28.01106,0.01946
80.070,-13.02856,-27.83924,0.17181
80.080,-13.22132,-27.83002,0.00922
80.090,-13.06486,-27.91406,0.15646
80.100,-12.91798,-28.26365,0.14687
80.110,-13.02715,-28.42058,0.00000
80.120,-13.05346,-28.11650,0.30408
80.130,-12.77176,-28.07144,0.32676
80.140,-12.35124,-27.90723,0.58473
80.150,-12.13017,-27.53495,0.59335
80.160,-12.40515,-27.54543,0.00000
80.170,-12.91761,-27.93299,0.00000
80.180,-12.82730,-28.18545,0.09031
80.190,-12.92927,-28.53974,0.00000
80.200,-13.85598,-29.96426,0.00000
80.210,-15.54981,-31.73468,0.00000
80.220,-16.47536,-31.47321,0.26147
80.230,-14.81413,-30.44494,2.68951
80.240,-14.49792,-28.41777,2.34337
80.250,-15.48627,-23.13770,5.28007
80.260,-16.20879,-19.60216,3.53554
80.270,-16.65950,-18.49187,1.11029
80.280,-17.20450,-18.83958,0.00000
80.290,-17.83968,-19.36146,0.00000
80.300,-18.48624,-20.02886,0.00000
80.310,-19.05474,-21.17925,0.00000
80.320,-18.29542,-21.97302,0.75932
80.330,-16.97103,-22.14715,1.32439
80.340,-16.56837,-22.05678,0.49304
80.350,-18.02797,-21.53203,0.52475
80.360,-19.58408,-21.19548,0.33655
80.370,-19.00537,-20.54794,1.22625
80.380,-18.71957,-19.90224,0.93151
80.390,-18.40074,-20.00884,0.31883
80.400,-15.61718,-20.54604,2.78356
80.410,-11.12013,-18.16882,6.87427
80.420,-9.40459,-16.95682,2.92754
80.430,-9.99957,-18.52058,0.00000
80.440,-11.15468,-21.57382,0.00000
80.450,-11.91954,-25.13692,0.00000
80.460,-12.52603,-26.27120,0.00000
80.470,-13.51259,-26.98099,0.00000
80.480,-14.01012,-27.37747,0.00000
80.490,-14.18267,-27.30920,0.06827
80.500,-14.45370,-27.17729,0.13191
80.510,-14.45413,-27.12308,0.05421
80.520,-13.90327,-26.90173,0.77221
80.530,-13.65950,-26.46841,0.67709
80.540,-13.61971,-26.00447,0.50372
80.550,-13.70644,-26.00714,0.00000
80.560,-14.36737,-26.14998,0.00000
80.570,-14.42567,-25.94536,0.20462
80.580,-14.53660,-26.13584,0.00000
80.590,-14.79391,-26.21982,0.00000
80.600,-14.15189,-25.93778,0.92405
80.610,-12.56859,-25.63631,1.88478
80.620,-11.29443,-25.44386,1.46661
80.630,-11.16417,-25.43006,0.14406
80.640,-11.39795,-25.44971,0.00000
80.650,-11.91956,-25.72136,0.00000
80.660,-13.16115,-26.09864,0.00000
80.670,-14.27605,-26.06951,0.02913
80.680,-13.88760,-25.52007,0.93788
80.690,-13.12285,-25.43547,0.84935
80.700,-12.69790,-25.14126,0.71917
80.710,-12.45194,-24.75825,0.62896
80.720,-13.04864,-25.30284,0.00000
80.730,-14.15703,-26.13999,0.00000
80.740,-14.52971,-25.56418,0.57581
80.750,-13.62818,-25.41726,1.04845
80.760,-13.10772,-26.14991,0.52046
80.770,-13.38233,-26.50145,0.00000
80.780,-14.29676,-26.90000,0.00000
80.790,-15.32631,-27.14147,0.00000
80.800,-12.05644,-24.84151,5.56984
80.810,-10.16538,-25.51770,1.89106
80.820,-7.38420,-31.16979,2.78118
80.830,-5.24833,-33.12258,2.13587
80.840,-4.51302,-35.11249,0.73531
80.850,-3.36895,-36.60644,1.14407
80.860,-3.61104,-37.20632,0.00000
80.870,-5.16830,-36.58329,0.62303
80.880,-5.41035,-36.65043,0.00000
80.890,-4.77507,-35.90785,1.37786
80.900,-4.26081,-33.70028,2.72184
80.910,-4.72545,-32.50702,1.19325
80.920,-5.15064,-32.40492,0.10211
80.930,-5.15670,-32.44204,0.00000
80.940,-6.14619,-32.60134,0.00000
80.950,-6.77774,-32.00672,0.59463
80.960,-7.15363,-31.51723,0.48948
80.970,-9.41286,-31.30500,0.21223
80.980,-10.79644,-30.84651,0.45849
80.990,-11.99395,-30.05437,0.79214
81.000,-14.91987,-22.07424,7.98013
81.010,-12.11266,-20.84408,4.03738
81.020,-11.62416,-24.33956,0.48850
81.030,-12.27171,-27.11364,0.00000
81.040,-12.39251,-28.32045,0.00000
81.050,-12.70434,-28.96045,0.00000
81.060,-11.70251,-28.75641,1.20588
81.070,-12.33238,-28.82850,0.00000
81.080,-11.98811,-29.07829,0.34427
81.090,-11.82062,-28.74795,0.49783
81.100,-11.28912,-20.98251,8.29693
81.110,-10.63876,-18.95432,2.67855
81.120,-11.17586,-20.05334,0.00000
81.130,-11.63751,-21.72689,0.00000
81.140,-12.82060,-24.51302,0.00000
81.150,-11.93037,-26.64242,0.89023
81.160,-12.42630,-27.37886,0.00000
81.170,-12.28944,-28.13573,0.13686
81.180,-11.61558,-28.95595,0.67386
81.190,-11.72244,-28.99238,0.00000
81.200,-9.58796,-19.52280,11.60405
81.210,-8.49671,-19.18646,1.42760
81.220,-7.42384,-26.95823,1.07287
81.230,-5.84780,-30.73347,1.57604
81.240,-5.18206,-32.40867,0.66574
81.250,-4.84963,-35.73374,0.33243
81.260,-4.78472,-39.79386,0.06491
81.270,-4.57891,-40.26094,0.20581
81.280,-4.70385,-39.59290,0.66804
81.290,-5.71800,-38.53782,1.05508
81.300,-6.37982,-35.67624,2.86158
81.310,-6.89865,-34.67037,1.00587
81.320,-6.31637,-35.32979,0.58228
81.330,-5.43389,-35.05258,1.15969
81.340,-5.59391,-33.25423,1.79835
81.350,-5.60903,-31.27144,1.98279
81.360,-6.16085,-29.90904,1.36240
81.370,-6.83804,-27.85199,2.05705
81.380,-7.31523,-25.66936,2.18263
81.390,-8.92087,-22.93202,2.73734
81.400,-9.40202,-19.89226,3.03976
81.410,-9.83674,-18.92139,0.97087
81.420,-10.46954,-20.17349,0.00000
81.430,-10.58262,-21.72558,0.00000
81.440,-10.66038,-22.44853,0.00000
81.450,-11.05998,-23.12017,0.00000
81.460,-11.50442,-23.69802,0.00000
81.470,-10.67738,-24.15983,0.82704
81.480,-10.88099,-24.25410,0.00000
81.490,-11.13519,-24.35612,0.00000
81.500,-11.31066,-24.05457,0.30154
81.510,-11.07597,-24.50850,0.23470
81.520,-11.51043,-25.33551,0.00000
81.530,-12.01905,-25.48676,0.00000
81.540,-11.35479,-25.40675,0.74427
81.550,-12.21946,-25.22637,0.18038
81.560,-11.29651,-25.49006,0.92294
81.570,-11.53957,-25.58515,0.00000
81.580,-12.11592,-25.66955,0.00000
81.590,-12.04728,-25.69361,0.06864
81.600,-10.42012,-24.15661,3.16416
81.610,-9.73400,-24.79167,0.68612
81.620,-7.89057,-28.19207,1.84342
81.630,-6.29927,-28.61484,1.59130
81.640,-5.47737,-28.88276,0.82190
81.650,-4.60331,-29.05100,0.87406
81.660,-4.63977,-29.06303,0.00000
81.670,-5.51309,-28.11101,0.95201
81.680,-5.93282,-27.70456,0.40646
81.690,-4.69857,-27.78064,1.23425
81.700,-4.19623,-27.11860,1.16438
81.710,-5.04773,-26.86281,0.25579
81.720,-5.31125,-27.03244,0.00000
81.730,-5.50832,-27.16845,0.00000
81.740,-6.58676,-27.11156,0.05689
81.750,-6.59094,-26.95609,0.15547
81.760,-7.61538,-26.79680,0.15929
81.770,-9.39743,-26.43117,0.36564
81.780,-10.25417,-25.75102,0.68014
81.790,-12.15922,-25.31175,0.43927
81.800,-12.59287,-21.00073,4.31102
81.810,-11.64173,-20.15849,1.79338
81.820,-12.00909,-22.37523,0.00000
81.830,-11.72857,-23.30223,0.28052
81.840,-11.77330,-23.42619,0.00000
81.850,-11.87951,-23.43663,0.00000
81.860,-11.38231,-23.58424,0.49720
81.870,-12.40937,-23.80574,0.00000
81.880,-11.97582,-23.81440,0.43355
81.890,-11.84488,-23.37670,0.56864
81.900,-10.40522,-22.25040,2.56596
81.910,-8.99611,-22.59427,1.40911
81.920,-7.43990,-24.97558,1.55621
81.930,-6.16929,-26.14300,1.27061
81.940,-5.07456,-27.57848,1.09473
81.950,-4.69337,-28.79295,0.38119
81.960,-4.73028,-29.47157,0.00000
81.970,-5.34603,-30.54042,0.00000
81.980,-6.25118,-31.05902,0.00000
81.990,-4.99078,-32.20475,1.26039
82.000,-4.50258,-22.05754,10.63542
82.010,-4.79614,-21.42456,0.63298
82.020,-4.93833,-27.87870,0.00000
82.030,-5.45993,-30.27038,0.00000
82.040,-5.88018,-30.53050,0.00000
82.050,-6.67108,-32.83734,0.00000
82.060,-8.02353,-34.83607,0.00000
82.070,-8.77325,-35.10072,0.00000
82.080,-10.86012,-35.44425,0.00000
82.090,-14.68720,-35.84456,0.00000
82.100,-17.84657,-33.58909,2.25547
82.110,-19.40190,-33.25605,0.33304
82.120,-19.26253,-35.36029,0.13938
82.130,-18.40532,-35.90990,0.85720
82.140,-18.36020,-35.97906,0.04512
82.150,-18.31050,-36.15496,0.04970
82.160,-18.87777,-36.66748,0.00000
82.170,-19.55900,-36.99411,0.00000
82.180,-19.15874,-36.64770,0.74667
82.190,-19.47823,-36.41983,0.22786
82.200,-12.25642,-21.24525,22.39640
82.210,-9.36114,-20.05932,4.08120
82.220,-7.39034,-25.30439,1.97081
82.230,-5.86010,-32.02203,1.53023
82.240,-4.83638,-36.86948,1.02373
82.250,-4.43146,-39.70550,0.40492
82.260,-4.20179,-40.62566,0.22967
82.270,-4.38209,-41.30720,0.00000
82.280,-5.48014,-41.60237,0.00000
82.290,-5.38345,-41.41566,0.28340
82.300,-4.88924,-34.99011,6.91976
82.310,-5.00909,-34.38414,0.60597
82.320,-5.08739,-37.90034,0.00000
82.330,-5.04915,-38.05701,0.03824
82.340,-5.27944,-37.53503,0.52198
82.350,-6.02574,-36.18982,1.34521
82.360,-7.00453,-35.49653,0.69329
82.370,-8.24171,-35.04846,0.44807
82.380,-10.00502,-34.82318,0.22528
82.390,-12.09681,-35.09328,0.00000
82.400,-11.79399,-26.91230,8.48380
82.410,-9.84132,-26.88506,1.97991
82.420,-7.68600,-35.46051,2.15532
82.430,-6.14419,-37.05536,1.54181
82.440,-5.22171,-38.70665,0.92248
82.450,-4.45996,-40.33368,0.76175
82.460,-4.32452,-41.74146,0.13544
82.470,-4.93631,-42.28942,0.00000
82.480,-5.42863,-42.41938,0.00000
82.490,-4.95743,-42.34307,0.54751
82.500,-4.77946,-37.85087,4.67017
82.510,-5.21657,-37.26962,0.58125
82.520,-5.38066,-40.55089,0.00000
82.530,-5.44437,-27.74994,12.80096
82.540,-5.73916,-21.07417,6.67577
82.550,-6.35416,-18.27939,2.79478
82.560,-7.25325,-17.87411,0.40527
82.570,-8.39064,-18.82145,0.00000
82.580,-9.83590,-20.81079,0.00000
82.590,-9.83555,-23.43564,0.00036
82.600,-9.43444,-21.42861,2.40814
82.610,-10.35828,-20.70452,0.72409
82.620,-11.87961,-23.39754,0.00000
82.630,-12.43085,-25.49225,0.00000
82.640,-13.16167,-26.47073,0.00000
82.650,-14.14097,-27.18974,0.00000
82.660,-13.79322,-27.19459,0.34775
82.670,-13.85921,-26.98363,0.21096
82.680,-13.78443,-26.57663,0.48178
82.690,-13.23574,-26.43666,0.68865
82.700,-13.03591,-20.62153,6.01496
82.710,-12.44927,-18.49822,2.70995
82.720,-12.09793,-19.29223,0.35134
82.730,-12.56335,-21.03813,0.00000
82.740,-13.51571,-23.63555,0.00000
82.750,-14.35916,-25.07393,0.00000
82.760,-13.80002,-25.55478,0.55913
82.770,-12.98401,-25.73039,0.81601
82.780,-12.85590,-26.04802,0.12812
82.790,-12.90237,-26.63717,0.00000
82.800,-10.55448,-19.27888,9.70619
82.810,-8.83039,-18.90577,2.09721
82.820,-7.85027,-25.09654,0.98011
82.830,-6.18140,-27.40051,1.66888
82.840,-5.03358,-28.45017,1.14781
82.850,-4.46832,-29.70788,0.56527
82.860,-4.30639,-30.57946,0.16193
82.870,-4.65295,-30.96066,0.00000
82.880,-5.09027,-31.08111,0.00000
82.890,-4.88935,-31.03974,0.24229
82.900,-4.98757,-30.41580,0.62393
82.910,-5.52775,-30.48416,0.00000
82.920,-5.53009,-31.72999,0.00000
82.930,-5.62616,-31.34505,0.38495
82.940,-5.93334,-30.38899,0.95606
82.950,-6.42020,-29.21706,1.17193
82.960,-7.11997,-27.15419,2.06286
82.970,-8.05840,-24.51867,2.63552
82.980,-9.51179,-22.96564,1.55303
82.990,-11.00466,-22.61764,0.34800
83.000,-11.98990,-20.41837,2.19928
83.010,-13.11415,-19.96358,0.45479
83.020,-13.97723,-20.96648,0.00000
83.030,-14.18623,-20.84916,0.11732
83.040,-15.83153,-21.79244,0.00000
83.050,-19.27799,-24.03880,0.00000
83.060,-21.04366,-26.81454,0.00000
83.070,-20.25743,-29.46797,0.78622
83.080,-20.56978,-33.13214,0.00000
83.090,-22.69396,-36.16630,0.00000
83.100,-23.24802,-31.88560,4.28070
83.110,-23.22452,-31.75495,0.15415
83.120,-22.37127,-36.79098,0.85325
83.130,-22.68205,-38.22371,0.00000
83.140,-22.70152,-28.54266,9.68105
83.150,-18.25212,-19.62215,13.36991
83.160,-14.40362,-15.43534,8.03531
83.170,-13.33387,-14.82203,1.68307
83.180,-14.25300,-16.46098,0.00000
83.190,-15.74776,-18.56176,0.00000
83.200,-11.91406,-19.52535,3.83369
83.210,-8.62402,-21.02110,3.29004
83.220,-6.69259,-24.97494,1.93143
83.230,-5.73408,-26.51562,0.95851
83.240,-5.00681,-27.02430,0.72727
83.250,-4.16514,-28.16303,0.84168
83.260,-4.11802,-29.34420,0.04712
83.270,-4.73767,-29.20638,0.13782
83.280,-5.32161,-29.16420,0.04218
83.290,-5.02069,-29.66620,0.30091
83.300,-4.92646,-29.12349,0.63695
83.310,-5.27918,-29.05469,0.06880
83.320,-5.30358,-27.50502,1.54966
83.330,-5.51916,-22.04750,5.45753
83.340,-5.69960,-18.86743,3.18007
83.350,-6.35993,-17.91807,0.94936
83.360,-7.46109,-17.56783,0.35023
83.370,-8.32252,-17.36621,0.20162
83.380,-9.49343,-17.07366,0.29255
83.390,-11.06264,-17.42825,0.00000
83.400,-11.89273,-17.93907,0.00000
83.410,-12.02938,-19.15287,0.00000
83.420,-12.64229,-22.92054,0.00000
83.430,-11.74221,-25.43073,0.90008
83.440,-11.75496,-26.13714,0.00000
83.450,-13.13943,-27.30509,0.00000
83.460,-14.37100,-29.85591,0.00000
83.470,-17.45698,-33.24283,0.00000
83.480,-21.92719,-35.45350,0.00000
83.490,-22.70692,-35.58059,0.00000
83.500,-13.66651,-26.48990,18.13111
83.510,-10.25688,-26.41467,3.48486
83.520,-7.89956,-34.88740,2.35732
83.530,-5.96546,-35.73984,1.93410
83.540,-5.03232,-33.46180,3.21118
83.550,-4.45038,-26.00354,8.04021
83.560,-4.30117,-23.90741,2.24534
83.570,-4.73926,-24.69169,0.00000
83.580,-5.21142,-24.95493,0.00000
83.590,-5.02798,-24.29022,0.84814
83.600,-4.76309,-20.65671,3.89841
83.610,-5.02248,-20.45150,0.20521
83.620,-5.50238,-24.00990,0.00000
83.630,-5.74895,-25.01130,0.00000
83.640,-5.89004,-25.16104,0.00000
83.650,-6.23758,-26.09484,0.00000
83.660,-6.72566,-27.10427,0.00000
83.670,-7.83799,-27.70954,0.00000
83.680,-9.10939,-28.06869,0.00000
83.690,-10.08415,-28.07876,0.00000
83.700,-12.12448,-27.71456,0.36420
83.710,-14.53527,-27.71008,0.00448
83.720,-15.09601,-27.92244,0.00000
83.730,-14.41265,-28.08034,0.68336
83.740,-14.55651,-28.37164,0.00000
83.750,-14.69639,-28.21657,0.15507
83.760,-14.22573,-27.92186,0.76537
83.770,-13.87332,-27.63421,0.64007
83.780,-13.74191,-27.50394,0.26168
83.790,-13.49942,-27.19436,0.55207
83.800,-11.45973,-20.77393,8.46011
83.810,-9.93869,-19.91554,2.37943
83.820,-7.61356,-23.96399,2.32514
83.830,-5.91902,-27.16298,1.69454
83.840,-5.17388,-28.24575,0.74513
83.850,-4.39572,-28.35729,0.77817
83.860,-4.15893,-28.23684,0.35723
83.870,-4.56564,-28.06834,0.16850
83.880,-5.00686,-27.80078,0.26756
83.890,-4.98333,-27.89353,0.02354
83.900,-4.86000,-27.43325,0.58361
83.910,-5.15551,-27.02506,0.40819
83.920,-5.55738,-27.91830,0.00000
83.930,-5.46169,-28.68695,0.09569
83.940,-5.46530,-29.00864,0.00000
83.950,-6.37622,-29.63164,0.00000
83.960,-7.48202,-29.93704,0.00000
83.970,-8.21653,-30.43138,0.00000
83.980,-9.59675,-31.50548,0.00000
83.990,-11.65124,-32.17888,0.00000
84.000,-11.56217,-27.02327,5.24468
84.010,-10.45344,-27.04037,1.10873
84.020,-7.97906,-32.43037,2.47438
84.030,-5.62629,-33.34230,2.35278
84.040,-5.40451,-35.14090,0.22178
84.050,-5.08353,-37.14386,0.32098
84.060,-5.74247,-38.57637,0.00000
84.070,-5.87297,-38.50786,0.06852
84.080,-5.65441,-38.76969,0.21856
84.090,-5.53243,-39.12756,0.12197
84.100,-4.55113,-35.95070,4.15816
84.110,-5.48987,-35.74336,0.20734
84.120,-5.54104,-39.11308,0.00000
84.130,-4.68167,-39.05654,0.91591
84.140,-5.12376,-38.96437,0.09216
84.150,-6.07380,-38.16969,0.79469
84.160,-6.66295,-37.92351,0.24618
84.170,-8.46911,-39.75036,0.00000
84.180,-10.66898,-38.40458,1.34578
84.190,-11.73777,-37.74720,0.65738
84.200,-12.27473,-22.89158,14.85562
84.210,-10.51282,-21.45587,3.19762
84.220,-11.71795,-25.71044,0.00000
84.230,-12.90225,-30.21604,0.00000
84.240,-11.69717,-32.20386,1.20508
84.250,-11.83566,-32.86457,0.00000
84.260,-11.67432,-32.82142,0.20449
84.270,-12.94797,-33.09839,0.00000
84.280,-13.12353,-32.78011,0.31828
84.290,-12.00570,-32.76378,1.13416
84.300,-11.93698,-21.49808,11.33442
84.310,-11.16264,-19.01091,3.26150
84.320,-11.33955,-20.08637,0.00000
84.330,-11.96139,-22.07905,0.00000
84.340,-12.06264,-25.08801,0.00000
84.350,-12.83807,-27.48234,0.00000
84.360,-12.48378,-28.24014,0.35428
84.370,-12.77819,-28.78250,0.00000
84.380,-12.99477,-28.60100,0.18150
84.390,-12.21880,-28.53094,0.84602
84.400,-10.26428,-19.27186,11.21360
84.410,-9.03787,-18.87125,1.62702
84.420,-7.63018,-26.23053,1.40769
84.430,-6.42573,-29.61207,1.20445
84.440,-4.81608,-31.44845,1.60964
84.450,-4.52040,-35.08578,0.29568
84.460,-4.91517,-38.62504,0.00000
84.470,-4.86156,-39.69113,0.05361
84.480,-5.54986,-40.20218,0.00000
84.490,-4.43256,-41.06064,1.11730
84.500,-3.93417,-37.60164,3.95740
84.510,-5.14496,-37.07731,0.52433
84.520,-5.83325,-39.37162,0.00000
84.530,-6.25200,-36.10983,3.26178
84.540,-6.97198,-30.57553,5.53430
84.550,-7.30013,-27.80606,2.76947
84.560,-7.81775,-25.85779,1.94827
84.570,-7.66854,-24.11408,1.89292
84.580,-7.61620,-22.97289,1.19353
84.590,-8.24800,-21.80325,1.16964
84.600,-9.24416,-19.69830,2.10495
84.610,-10.16480,-19.33906,0.35924
84.620,-10.05965,-21.29210,0.10514
84.630,-10.25135,-23.03922,0.00000
84.640,-10.43311,-23.68363,0.00000
84.650,-10.30645,-24.16033,0.12666
84.660,-11.05149,-24.53136,0.00000
84.670,-11.65290,-24.85574,0.00000
84.680,-11.59805,-24.93892,0.05485
84.690,-11.95664,-24.89213,0.04679
84.700,-11.70308,-24.43104,0.71466
84.710,-11.48669,-24.71193,0.21639
84.720,-11.79025,-25.31831,0.00000
84.730,-12.04441,-25.55864,0.00000
84.740,-12.64098,-25.60855,0.00000
84.750,-12.57113,-25.14444,0.53396
84.760,-12.20997,-25.31334,0.36117
84.770,-12.80315,-25.49513,0.00000
84.780,-13.06363,-25.19057,0.30455
84.790,-12.72991,-25.33478,0.33372
84.800,-10.25555,-23.82927,3.97987
84.810,-9.95143,-24.18509,0.30412
84.820,-8.07878,-27.18496,1.87266
84.830,-6.03708,-27.49783,2.04170
84.840,-5.45029,-27.77478,0.58679
84.850,-4.23135,-28.10015,1.21894
84.860,-4.34470,-28.16225,0.00000
84.870,-5.18437,-27.84405,0.31820
84.880,-4.82679,-27.31431,0.88733
84.890,-4.88457,-26.60347,0.71084
84.900,-5.57120,-26.14172,0.46175
84.910,-5.80427,-26.21540,0.00000
84.920,-5.78000,-26.58357,0.02427
84.930,-5.81522,-26.77929,0.00000
84.940,-5.63138,-26.44232,0.52081
84.950,-5.85635,-26.42637,0.01596
84.960,-6.77831,-26.79043,0.00000
84.970,-7.62383,-26.71801,0.07242
84.980,-8.49388,-26.43273,0.28528
84.990,-10.33366,-25.94663,0.48610
85.000,-12.27991,-21.49023,4.45640
85.010,-12.58808,-20.34790,1.14233
85.020,-12.55936,-22.69510,0.02872
85.030,-12.63514,-24.06140,0.00000
85.040,-12.87975,-23.81772,0.24367
85.050,-12.87760,-23.98040,0.00214
85.060,-13.34659,-23.76914,0.21126
85.070,-13.75099,-23.14963,0.61951
85.080,-13.24452,-22.94166,0.71445
85.090,-13.84848,-23.19180,0.00000
85.100,-11.38621,-22.13770,3.51637
85.110,-9.56381,-22.69619,1.82240
85.120,-7.91505,-25.47082,1.64876
85.130,-6.18174,-26.62326,1.73330
85.140,-5.52631,-28.13846,0.65544
85.150,-4.99217,-29.44140,0.53414
85.160,-4.44491,-31.23539,0.54725
85.170,-4.50860,-32.81898,0.00000
85.180,-5.32091,-34.14129,0.00000
85.190,-5.62506,-34.67346,0.00000
85.200,-5.24038,-22.23418,12.82396
85.210,-5.11755,-21.56845,0.78856
85.220,-5.52590,-27.91773,0.00000
85.230,-5.98000,-30.22076,0.00000
85.240,-6.10189,-30.57888,0.00000
85.250,-6.90233,-32.37601,0.00000
85.260,-7.89864,-33.86879,0.00000
85.270,-8.82770,-34.35791,0.00000
85.280,-10.31520,-35.01640,0.00000
85.290,-12.26166,-34.60676,0.40965
85.300,-14.91939,-32.68125,1.92551
85.310,-17.53263,-32.59090,0.09035
85.320,-19.35309,-34.02425,0.00000
85.330,-20.60807,-34.46686,0.00000
85.340,-20.86985,-34.21270,0.25415
85.350,-21.34129,-34.03075,0.18195
85.360,-19.74416,-33.88336,1.74452
85.370,-19.23252,-33.93811,0.51164
85.380,-20.29909,-34.68745,0.00000
85.390,-19.64095,-34.62489,0.72071
85.400,-12.34725,-21.15469,20.76390
85.410,-9.47058,-20.00359,4.02777
85.420,-7.40795,-25.18454,2.06263
85.430,-5.81880,-31.70568,1.58914
85.440,-4.84524,-36.00682,0.97356
85.450,-4.36983,-37.63101,0.47541
85.460,-4.30899,-38.39774,0.06084
85.470,-4.72384,-37.63845,0.75930
85.480,-5.30032,-35.81360,1.82485
85.490,-4.81682,-34.02551,2.27159
85.500,-4.60819,-31.02710,3.20704
85.510,-5.14974,-30.47759,0.54951
85.520,-5.58457,-31.58955,0.00000
85.530,-5.60320,-31.05739,0.53217
85.540,-5.77775,-30.02890,1.02848
85.550,-6.45273,-29.57051,0.45839
85.560,-7.32423,-29.61562,0.00000
85.570,-8.19659,-29.27854,0.33708
85.580,-9.61327,-29.43925,0.00000
85.590,-11.58186,-30.41119,0.00000
85.600,-11.30324,-26.33464,4.35516
85.610,-9.67229,-26.72164,1.63096
85.620,-7.78270,-34.98895,1.88959
85.630,-6.23552,-36.66423,1.54718
85.640,-5.23187,-37.36107,1.00364
85.650,-4.50667,-38.10484,0.72520
85.660,-4.38093,-38.57931,0.12574
85.670,-4.82947,-38.78506,0.00000
85.680,-5.24791,-37.48070,1.30436
85.690,-4.96919,-33.50575,4.25367
85.700,-4.95312,-28.85057,4.67124
85.710,-5.40783,-24.38400,4.46656
85.720,-5.52853,-21.97810,2.40591
85.730,-5.58542,-21.14519,0.83291
85.740,-5.81226,-20.60364,0.54155
85.750,-6.34156,-20.33000,0.27364
85.760,-7.23008,-19.96759,0.36241
85.770,-8.24481,-19.16949,0.79810
85.780,-9.61776,-18.56408,0.60541
85.790,-11.30590,-19.08343,0.00000
85.800,-10.64109,-19.24281,0.66481
85.810,-9.31561,-19.98618,1.32548
85.820,-10.34794,-23.23343,0.00000
85.830,-11.54400,-25.24388,0.00000
85.840,-11.62719,-25.94183,0.00000
85.850,-12.59000,-26.80661,0.00000
85.860,-12.61584,-26.92434,0.00000
85.870,-12.94747,-26.94532,0.00000
85.880,-13.83786,-27.00354,0.00000
85.890,-13.38850,-26.56192,0.89098
85.900,-12.39306,-20.53595,7.02142
85.910,-10.93418,-18.43547,3.55936
85.920,-10.57884,-19.42340,0.35534
85.930,-11.50111,-21.62347,0.00000
85.940,-12.15472,-24.91530,0.00000
85.950,-12.37096,-27.22018,0.00000
85.960,-11.98929,-28.47586,0.38168
85.970,-11.24703,-28.78024,0.74226
85.980,-10.77997,-28.40163,0.84567
85.990,-10.83377,-28.33062,0.07101
86.000,-9.04714,-19.17488,10.94237
86.010,-8.26534,-18.68532,1.27135
86.020,-7.44476,-24.95036,0.82058
86.030,-6.21915,-27.03604,1.22561
86.040,-5.47988,-27.16047,0.73927
86.050,-4.59905,-27.60295,0.88084
86.060,-4.41078,-28.18911,0.18827
86.070,-4.79209,-28.05680,0.13231
86.080,-5.14154,-27.80945,0.24735
86.090,-5.08188,-27.06786,0.80125
86.100,-4.86700,-25.56593,1.71681
86.110,-5.14122,-24.72306,0.84286
86.120,-5.50397,-24.60736,0.11570
86.130,-5.56058,-24.07780,0.52956
86.140,-5.68346,-23.38769,0.69011
86.150,-6.26851,-22.80860,0.57909
86.160,-7.24589,-22.33846,0.47014
86.170,-8.05803,-21.48395,0.85451
86.180,-8.89858,-21.42788,0.05607
86.190,-9.94070,-21.00233,0.42555
86.200,-10.97648,-19.28299,1.71933
86.210,-11.43746,-19.14931,0.13368
86.220,-11.47132,-20.65420,0.00000
86.230,-11.47232,-22.44987,0.00000
86.240,-12.17374,-23.69095,0.00000
86.250,-12.89816,-23.92549,0.00000
86.260,-13.10566,-23.91943,0.00606
86.270,-13.52127,-24.13440,0.00000
86.280,-14.28208,-24.69785,0.00000
86.290,-14.53821,-25.13420,0.00000
86.300,-14.05159,-24.82038,0.80044
86.310,-14.02329,-24.45471,0.39397
86.320,-13.61886,-24.63922,0.40443
86.330,-13.29324,-25.30083,0.32562
86.340,-13.50846,-26.00340,0.00000
86.350,-13.74931,-26.27424,0.00000
86.360,-13.72558,-25.99597,0.30200
86.370,-13.35541,-25.99664,0.37017
86.380,-13.16828,-26.37492,0.18713
86.390,-13.28561,-26.88068,0.00000
86.400,-11.55888,-25.05689,3.55053
86.410,-9.43494,-25.23968,2.12394
86.420,-7.40388,-27.96792,2.03106
86.430,-5.92872,-28.12980,1.47516
86.440,-5.06548,-28.34634,0.86324
86.450,-4.62890,-28.44150,0.43658
86.460,-4.63108,-28.13052,0.31098
86.470,-4.87074,-27.58635,0.54417
86.480,-5.27955,-27.09236,0.49399
86.490,-5.12240,-26.74092,0.50860
86.500,-5.13917,-26.37837,0.36255
86.510,-5.48342,-26.01898,0.35940
86.520,-5.58390,-25.95711,0.06187
86.530,-5.63424,-25.82263,0.13448
86.540,-5.61959,-25.36446,0.47282
86.550,-6.36060,-25.63533,0.00000
86.560,-7.20630,-26.38704,0.00000
86.570,-8.12086,-26.40980,0.00000
86.580,-9.17733,-26.23553,0.17427
86.590,-10.11409,-25.38747,0.84806
86.600,-10.54110,-20.33590,5.05156
86.610,-10.85471,-19.36624,0.96966
86.620,-12.70312,-21.74501,0.00000
86.630,-13.34878,-23.05933,0.00000
86.640,-13.24239,-23.98492,0.10639
86.650,-13.30704,-24.67033,0.00000
86.660,-13.20101,-25.51007,0.10604
86.670,-12.95453,-25.89616,0.24647
86.680,-13.00688,-25.34125,0.55491
86.690,-13.23131,-25.55884,0.00000
86.700,-10.90267,-24.69279,3.19469
86.710,-9.57580,-25.84308,1.32687
86.720,-7.93254,-30.20841,1.64326
86.730,-6.46040,-30.84575,1.47214
86.740,-5.57908,-31.64311,0.88132
86.750,-4.61708,-30.62350,1.98160
86.760,-4.40157,-30.34726,0.49176
86.770,-4.78156,-30.97696,0.00000
86.780,-5.37249,-30.49878,0.47819
86.790,-5.17417,-29.73968,0.95741
86.800,-5.08222,-21.76068,8.07096
86.810,-5.59222,-21.05264,0.70804
86.820,-5.67734,-25.22374,0.00000
86.830,-5.81968,-25.83700,0.00000
86.840,-5.95620,-25.31114,0.52586
86.850,-6.42516,-25.02120,0.28994
86.860,-7.02024,-24.85858,0.16262
86.870,-7.53939,-24.41804,0.44054
86.880,-8.97546,-24.05700,0.36103
86.890,-10.75769,-24.21248,0.00000
86.900,-12.72503,-24.15759,0.05490
86.910,-14.25058,-23.91231,0.24528
86.920,-14.34800,-24.35134,0.00000
86.930,-14.38449,-24.32837,0.02298
86.940,-14.26257,-23.64282,0.80747
86.950,-13.88926,-23.07566,0.94047
86.960,-14.07694,-23.27286,0.00000
86.970,-14.88189,-24.02258,0.00000
86.980,-15.24790,-23.96543,0.05715
86.990,-15.05281,-23.62344,0.53708
87.000,-11.26731,-20.15723,7.25171
87.010,-9.23792,-19.87093,2.31568
87.020,-7.68013,-23.88002,1.55779
87.030,-5.95858,-26.81301,1.72155
87.040,-5.12046,-27.98757,0.83812
87.050,-4.58257,-28.00965,0.53789
87.060,-4.33939,-27.77308,0.47975
87.070,-4.72775,-27.85696,0.00000
87.080,-5.26964,-27.45425,0.40271
87.090,-5.01764,-26.97026,0.73599
87.100,-5.04883,-25.98761,0.98265
87.110,-5.50578,-25.78960,0.19801
87.120,-5.52580,-25.89307,0.00000
87.130,-5.62400,-25.19388,0.69919
87.140,-5.75185,-25.12191,0.07196
87.150,-6.12092,-24.72997,0.39195
87.160,-7.08997,-23.87137,0.85859
87.170,-8.31260,-23.27698,0.59439
87.180,-9.86979,-22.88697,0.39002
87.190,-10.65905,-23.51419,0.00000
87.200,-11.22046,-27.04786,0.00000
87.210,-11.09584,-34.77618,0.12462
87.220,-9.61682,-34.90224,1.47901
87.230,-9.26247,-35.57172,0.35435
87.240,-9.63472,-35.81345,0.00000
87.250,-8.97424,-35.68489,0.78904
87.260,-8.99072,-35.76498,0.00000
87.270,-9.44180,-36.99025,0.00000
87.280,-9.07613,-37.64264,0.36568
87.290,-8.86892,-36.52769,1.32215
87.300,-8.78124,-36.30156,0.31382
87.310,-9.38593,-36.38867,0.00000
87.320,-9.07330,-37.06392,0.31263
87.330,-8.76129,-37.18246,0.31201
87.340,-8.95320,-37.17132,0.01114
87.350,-9.31747,-37.70612,0.00000
87.360,-9.19983,-38.02026,0.11765
87.370,-8.87431,-38.16707,0.32552
87.380,-9.14685,-38.52732,0.00000
87.390,-9.22323,-38.09462,0.43269
87.400,-9.51717,-37.01796,1.07666
87.410,-8.97521,-37.27281,0.54196
87.420,-9.11611,-38.01233,0.00000
87.430,-9.39277,-39.02594,0.00000
87.440,-9.45879,-39.19647,0.00000
87.450,-9.34054,-38.90987,0.40486
87.460,-9.29167,-39.67964,0.04886
87.470,-10.42545,-39.80247,0.00000
87.480,-9.79614,-40.09886,0.62931
87.490,-9.21977,-39.89085,0.78437
87.500,-9.29223,-39.90906,0.00000
87.510,-9.71337,-40.85367,0.00000
87.520,-9.60158,-40.57335,0.39212
87.530,-9.33150,-40.02134,0.82209
87.540,-9.49750,-40.20711,0.00000
87.550,-9.97297,-40.20474,0.00237
87.560,-10.81763,-40.22385,0.00000
87.570,-10.12067,-40.34055,0.69696
87.580,-10.34923,-40.60597,0.00000
87.590,-10.28264,-41.22581,0.06659
87.600,-10.25860,-40.86765,0.38221
87.610,-10.01089,-39.97293,1.14242
87.620,-9.97489,-39.65162,0.35731
87.630,-11.01484,-36.94125,2.71037
87.640,-10.56129,-32.98496,4.40984
87.650,-10.67441,-28.86966,4.11530
87.660,-10.32093,-26.64635,2.57680
87.670,-10.35860,-24.79908,1.84727
87.680,-10.26953,-23.35815,1.52999
87.690,-10.10456,-21.86731,1.65581
87.700,-10.17627,-20.89589,0.97141
87.710,-10.23195,-20.84200,0.05390
87.720,-10.16483,-20.50755,0.40157
87.730,-9.39127,-20.12392,1.15719
87.740,-9.66039,-20.41622,0.00000
87.750,-9.33043,-21.35767,0.32996
87.760,-9.28832,-21.87330,0.04211
87.770,-9.58115,-22.31595,0.00000
87.780,-9.35294,-23.06586,0.22821
87.790,-9.93965,-23.32492,0.00000
87.800,-10.32648,-24.19470,0.00000
87.810,-10.42074,-24.80654,0.00000
87.820,-10.47599,-25.25853,0.00000
87.830,-11.10163,-25.79297,0.00000
87.840,-11.37058,-25.83248,0.00000
87.850,-11.00857,-26.01425,0.36200
87.860,-11.43988,-26.23908,0.00000
87.870,-11.36680,-26.25302,0.07308
87.880,-11.41722,-25.86215,0.39088
87.890,-11.13120,-25.87687,0.28603
87.900,-11.43996,-26.01771,0.00000
87.910,-11.27111,-26.05372,0.16884
87.920,-11.45505,-26.17195,0.00000
87.930,-12.48268,-26.01748,0.15447
87.940,-11.70879,-26.02679,0.77388
87.950,-12.45746,-26.39462,0.00000
87.960,-12.61978,-26.72221,0.00000
87.970,-12.37957,-26.84303,0.24021
87.980,-12.01309,-26.97343,0.36649
87.990,-12.26197,-27.19809,0.00000
88.000,-13.69206,-27.31827,0.00000
88.010,-12.66755,-27.13951,1.20327
88.020,-12.30677,-26.51281,0.98749
88.030,-12.07881,-25.69171,1.04905
88.040,-11.86372,-25.54675,0.36006
88.050,-11.76178,-25.94739,0.10194
88.060,-11.59430,-25.75010,0.36477
88.070,-11.96462,-26.14547,0.00000
88.080,-12.41901,-26.30254,0.00000
88.090,-12.23071,-26.05822,0.43262
88.100,-12.24739,-26.59631,0.00000
88.110,-12.49057,-26.32544,0.27087
88.120,-12.17332,-26.34331,0.31725
88.130,-12.51088,-26.84669,0.00000
88.140,-12.39008,-26.41847,0.54902
88.150,-11.88740,-25.77157,1.14958
88.160,-12.12616,-25.51335,0.25821
88.170,-12.71353,-25.78805,0.00000
88.180,-13.21601,-25.30883,0.47923
88.190,-12.74489,-24.68483,1.09511
88.200,-11.99865,-24.00084,1.43023
88.210,-11.97833,-23.62841,0.39274
88.220,-12.19108,-23.87407,0.00000
88.230,-12.45106,-23.97323,0.00000
88.240,-13.16907,-23.60197,0.37127
88.250,-13.55028,-23.46114,0.14082
88.260,-13.46803,-23.70573,0.08226
88.270,-13.84763,-23.81005,0.00000
88.280,-14.59506,-24.48986,0.00000
88.290,-15.06894,-25.95263,0.00000
88.300,-15.08662,-27.44738,0.00000
88.310,-15.73466,-28.39555,0.00000
88.320,-15.94130,-29.87087,0.00000
88.330,-16.05799,-31.63400,0.00000
88.340,-16.34246,-33.02715,0.00000
88.350,-17.09395,-34.37130,0.00000
88.360,-18.15246,-36.02354,0.00000
88.370,-18.12248,-37.29465,0.02998
88.380,-18.21671,-37.59044,0.00000
88.390,-18.31234,-37.55683,0.03361
88.400,-19.17607,-37.68136,0.00000
88.410,-19.15591,-38.12210,0.02016
88.420,-18.93937,-38.63528,0.21653
88.430,-19.29357,-39.08790,0.00000
88.440,-19.69528,-38.56938,0.51852
88.450,-19.89531,-38.27087,0.29851
88.460,-19.65919,-39.30947,0.23612
88.470,-20.16843,-39.56327,0.00000
88.480,-20.36327,-38.83782,0.72546
88.490,-20.65593,-39.14923,0.00000
88.500,-20.68313,-39.59199,0.00000
88.510,-21.15683,-40.22903,0.00000
88.520,-21.94480,-41.28819,0.00000
88.530,-21.32050,-37.54211,4.37037
88.540,-20.19162,-31.75093,6.92006
88.550,-17.75722,-27.11543,7.06989
88.560,-16.10271,-24.29281,4.47714
88.570,-15.90632,-22.90822,1.58097
88.580,-14.80434,-22.62434,1.38587
88.590,-12.06708,-22.53431,2.82728
88.600,-10.51690,-22.93638,1.55018
88.610,-10.61811,-24.30948,0.00000
88.620,-11.49335,-25.59715,0.00000
88.630,-11.96646,-26.51218,0.00000
88.640,-12.11468,-27.15043,0.00000
88.650,-12.84707,-27.51832,0.00000
88.660,-13.89250,-27.62865,0.00000
88.670,-13.77041,-27.90625,0.12208
88.680,-13.58888,-27.84630,0.24148
88.690,-13.77856,-27.67825,0.16804
88.700,-13.80021,-27.89786,0.00000
88.710,-14.07831,-27.93959,0.00000
88.720,-14.56974,-27.95188,0.00000
88.730,-14.60415,-28.05480,0.00000
88.740,-14.17879,-28.28329,0.42536
88.750,-13.97733,-28.39137,0.20146
88.760,-14.34956,-28.36406,0.02732
88.770,-14.42051,-28.55855,0.00000
88.780,-14.26619,-28.57785,0.15432
88.790,-14.42064,-28.35616,0.22169
88.800,-14.51377,-28.40149,0.00000
88.810,-14.98760,-29.22235,0.00000
88.820,-14.79798,-29.07629,0.33568
88.830,-14.62250,-28.32073,0.93103
88.840,-14.97681,-28.24298,0.07775
88.850,-15.40238,-28.01214,0.23084
88.860,-16.19771,-28.08365,0.00000
88.870,-16.25953,-27.88180,0.20185
88.880,-15.73970,-27.68528,0.71635
88.890,-15.77680,-28.03305,0.00000
88.900,-16.65538,-28.53414,0.00000
88.910,-17.26266,-29.04333,0.00000
88.920,-16.46846,-28.86509,0.97245
88.930,-16.63748,-29.03395,0.00000
88.940,-17.12029,-29.87889,0.00000
88.950,-16.96839,-29.31829,0.71250
88.960,-16.45235,-28.49465,1.33968
88.970,-16.33592,-28.61191,0.11643
88.980,-16.57910,-28.73922,0.00000
88.990,-16.13064,-28.83320,0.44847
89.000,-16.00701,-28.80116,0.15567
89.010,-16.00302,-28.85034,0.00399
89.020,-15.75799,-28.78386,0.31151
89.030,-15.85587,-28.34262,0.44124
89.040,-16.17648,-28.50520,0.00000
89.050,-16.49642,-28.85879,0.00000
89.060,-16.77026,-28.91179,0.00000
89.070,-17.18843,-28.88699,0.02480
89.080,-17.10758,-28.92102,0.08085
89.090,-16.74224,-28.57420,0.71216
89.100,-16.54371,-28.39794,0.37479
89.110,-16.69025,-28.47235,0.00000
89.120,-16.61811,-28.37766,0.16684
89.130,-16.56868,-28.50052,0.04943
89.140,-16.71648,-28.50023,0.00030
89.150,-16.65708,-28.26915,0.29048
89.160,-16.80820,-28.09905,0.17010
89.170,-16.50999,-28.23644,0.29821
89.180,-16.59880,-28.57678,0.00000
89.190,-16.16906,-27.98452,1.02199
89.200,-15.65742,-27.52357,0.97259
89.210,-15.59199,-27.92928,0.06543
89.220,-14.34727,-27.68685,1.48716
89.230,-14.01537,-27.04144,0.97730
89.240,-13.87537,-26.88912,0.29231
89.250,-13.35450,-26.81704,0.59295
89.260,-13.23335,-26.56714,0.37106
89.270,-13.27431,-26.18165,0.38549
89.280,-13.62861,-26.33673,0.00000
89.290,-13.76390,-26.43067,0.00000
89.300,-13.48715,-26.34031,0.36711
89.310,-13.29504,-26.38848,0.19211
89.320,-13.35969,-26.42652,0.00000
89.330,-13.45359,-26.58230,0.00000
89.340,-13.57327,-26.98647,0.00000
89.350,-13.54737,-27.09991,0.02589
89.360,-13.83914,-26.95909,0.14082
89.370,-14.28338,-26.82794,0.13115
89.380,-14.51729,-26.36226,0.46568
89.390,-14.58850,-26.46165,0.00000
89.400,-14.80600,-27.41184,0.00000
89.410,-15.05573,-27.84994,0.00000
89.420,-14.70048,-27.66454,0.54065
89.430,-14.46575,-27.71812,0.23473
89.440,-14.10411,-27.43728,0.64248
89.450,-13.74460,-27.38695,0.40984
89.460,-13.48346,-27.25343,0.39466
89.470,-13.20090,-26.98661,0.54939
89.480,-13.06897,-26.61444,0.50409
89.490,-12.74639,-26.10156,0.83546
89.500,-12.61872,-26.28421,0.12768
89.510,-12.77219,-26.62584,0.00000
89.520,-12.95041,-26.65838,0.00000
89.530,-13.20138,-26.57957,0.07881
89.540,-13.16453,-26.01426,0.60216
89.550,-12.86937,-25.44024,0.86918
89.560,-12.66697,-25.71378,0.20241
89.570,-12.92432,-26.52759,0.00000
89.580,-13.48362,-27.11556,0.00000
89.590,-13.98608,-27.32368,0.00000
89.600,-14.51497,-27.46115,0.00000
89.610,-15.11281,-27.57044,0.00000
89.620,-14.77612,-26.95394,0.95319
89.630,-14.38031,-26.13648,1.21327
89.640,-14.00571,-25.45982,1.05126
89.650,-12.85989,-25.03335,1.57229
89.660,-13.34621,-25.25293,0.00000
89.670,-15.19611,-26.23018,0.00000
89.680,-15.97959,-26.80066,0.00000
89.690,-15.79154,-26.89330,0.18805
89.700,-14.59277,-26.50309,1.58897
89.710,-13.79575,-26.34578,0.95434
89.720,-13.10942,-26.04931,0.98280
89.730,-13.10586,-25.98918,0.06369
89.740,-13.81790,-27.01411,0.00000
89.750,-14.04294,-27.96274,0.00000
89.760,-14.94446,-28.96922,0.00000
89.770,-15.18981,-28.44618,0.52304
89.780,-14.27969,-27.43507,1.92122
89.790,-14.54634,-27.18096,0.25411
89.800,-14.64633,-26.78529,0.39567
89.810,-12.68243,-25.75092,2.99827
89.820,-12.01630,-25.31900,1.09804
89.830,-12.74229,-25.37491,0.00000
89.840,-13.19749,-25.24101,0.13390
89.850,-13.51805,-25.43014,0.00000
89.860,-13.38650,-25.18225,0.37943
89.870,-12.96244,-24.80806,0.79826
89.880,-13.11427,-25.01030,0.00000
89.890,-13.55766,-25.33922,0.00000
89.900,-13.25528,-25.50485,0.30238
89.910,-13.30369,-25.82137,0.00000
89.920,-13.37531,-25.59073,0.23064
89.930,-13.06954,-25.30806,0.58844
89.940,-13.02105,-25.47176,0.04850
89.950,-13.10984,-25.66275,0.00000
89.960,-13.61972,-26.01343,0.00000
89.970,-13.73284,-26.08915,0.00000
89.980,-13.33353,-25.68529,0.80316
89.990,-12.63762,-25.17867,1.20253
90.000,-12.32366,-24.77731,0.71532
90.010,-12.91644,-25.00583,0.00000
90.020,-13.41648,-25.59333,0.00000
90.030,-13.27098,-25.66317,0.14551
90.040,-13.81086,-25.78621,0.00000
90.050,-14.05098,-25.96169,0.00000
90.060,-13.48191,-26.17035,0.56907
90.070,-13.07822,-25.94783,0.62621
90.080,-13.04820,-25.83591,0.14194
90.090,-14.37725,-26.57747,0.00000
90.100,-14.68978,-26.50244,0.07503
90.110,-13.89664,-26.20609,1.08950
90.120,-13.72465,-26.37556,0.17199
90.130,-14.02392,-26.66407,0.00000
90.140,-14.97093,-27.11108,0.00000
90.150,-14.56171,-26.95627,0.56403
90.160,-14.23505,-26.90166,0.38127
90.170,-14.68577,-26.65494,0.24672
90.180,-14.72326,-26.61719,0.03775
90.190,-14.55251,-27.02643,0.17074
90.200,-14.37477,-26.95448,0.24970
90.210,-13.88677,-26.32531,1.11716
90.220,-13.67321,-25.98062,0.55825
90.230,-13.52526,-25.90314,0.22543
90.240,-13.55514,-25.93252,0.00000
90.250,-13.97416,-26.23772,0.00000
90.260,-14.27666,-26.48734,0.00000
90.270,-14.73005,-26.40825,0.07909
90.280,-14.61948,-25.98638,0.53244
90.290,-14.54754,-25.44828,0.61004
90.300,-14.54314,-25.13968,0.31300
90.310,-14.17512,-25.16316,0.36801
90.320,-14.40093,-24.93214,0.23101
90.330,-14.16110,-24.79774,0.37424
90.340,-13.75883,-24.90346,0.40227
90.350,-13.78317,-25.08260,0.00000
90.360,-14.15439,-25.46709,0.00000
90.370,-14.50361,-25.54025,0.00000
90.380,-14.28245,-25.71658,0.22116
90.390,-14.32709,-26.37314,0.00000
90.400,-10.95272,-21.48281,8.26470
90.410,-8.87343,-17.84072,5.72137
90.420,-6.90984,-16.39210,3.41221
90.430,-5.65588,-17.03374,1.25396
90.440,-6.07321,-19.02561,0.00000
90.450,-4.90895,-20.86698,1.16425
90.460,-5.29906,-21.87395,0.00000
90.470,-6.48316,-21.57408,0.29987
90.480,-5.24082,-22.15363,1.24234
90.490,-5.23393,-22.69517,0.00689
90.500,-5.82173,-22.39388,0.30128
90.510,-6.37284,-22.27293,0.12095
90.520,-6.13368,-22.95323,0.23916
90.530,-4.56287,-23.86716,1.57081
90.540,-4.10860,-23.95952,0.45427
90.550,-5.70967,-23.50456,0.45496
90.560,-6.06992,-23.46279,0.04177
90.570,-6.21496,-23.33369,0.12910
90.580,-8.53660,-22.78224,0.55145
90.590,-10.58405,-22.31392,0.46832
90.600,-9.32091,-20.96568,2.61138
90.610,-8.17672,-20.39080,1.71908
90.620,-9.39075,-21.61665,0.00000
90.630,-8.98032,-22.60253,0.41044
90.640,-8.04010,-22.54468,0.99806
90.650,-8.30369,-22.55384,0.00000
90.660,-8.12159,-22.89870,0.18210
90.670,-8.95250,-23.33849,0.00000
90.680,-9.24285,-23.58449,0.00000
90.690,-8.30104,-23.54295,0.98335
90.700,-8.18030,-20.64221,3.02148
90.710,-7.82031,-19.26054,1.74166
90.720,-8.61576,-20.21264,0.00000
90.730,-9.33301,-21.50033,0.00000
90.740,-8.41223,-22.55332,0.92078
90.750,-8.71648,-23.20769,0.00000
90.760,-8.28584,-23.42815,0.43064
90.770,-8.06261,-23.79316,0.22324
90.780,-8.45477,-24.22913,0.00000
90.790,-7.93310,-24.41430,0.52167
90.800,-8.01832,-21.93148,2.48282
90.810,-8.14960,-21.04231,0.88917
90.820,-7.19524,-21.90601,0.95436
90.830,-7.36725,-22.57048,0.00000
90.840,-5.99109,-24.04830,1.37616
90.850,-5.51874,-25.52140,0.47235
90.860,-5.28689,-26.26371,0.23185
90.870,-5.25785,-26.19062,0.10212
90.880,-6.43222,-26.16942,0.02120
90.890,-5.47581,-26.56920,0.95642
90.900,-4.93096,-26.28687,0.82717
90.910,-5.52350,-26.02370,0.26317
90.920,-5.74751,-26.14447,0.00000
90.930,-5.71560,-25.81718,0.35920
90.940,-8.00472,-24.80068,1.01650
90.950,-10.13976,-24.04087,0.75981
90.960,-7.97465,-24.30079,2.16510
90.970,-6.84478,-24.70007,1.12988
90.980,-7.74363,-24.85463,0.00000
90.990,-7.55951,-24.94335,0.18412
91.000,-6.72822,-22.53101,3.24363
91.010,-7.47106,-21.42588,1.10514
91.020,-8.18436,-22.97621,0.00000
91.030,-9.43532,-24.70900,0.00000
91.040,-9.45815,-25.25456,0.00000
91.050,-8.35661,-25.86390,1.10155
91.060,-8.07742,-25.15642,0.98666
91.070,-7.52264,-24.18120,1.53001
91.080,-8.21531,-24.60816,0.00000
91.090,-9.26800,-25.23193,0.00000
91.100,-7.76883,-25.13901,1.59210
91.110,-7.62130,-25.44390,0.14753
91.120,-8.07109,-25.57196,0.00000
91.130,-8.02692,-25.20273,0.41340
91.140,-8.55323,-24.66820,0.53453
91.150,-7.74002,-24.74444,0.81320
91.160,-7.89288,-24.62396,0.12048
91.170,-7.85265,-24.28468,0.37950
91.180,-7.02787,-24.51220,0.82478
91.190,-7.58137,-25.13781,0.00000
91.200,-7.09765,-19.46766,6.15388
91.210,-7.40610,-17.87459,1.59307
91.220,-7.92042,-19.77257,0.00000
91.230,-7.33346,-21.77378,0.58696
91.240,-6.62163,-23.88116,0.71183
91.250,-4.65820,-25.43587,1.96343
91.260,-4.74042,-25.63637,0.00000
91.270,-5.83817,-25.49507,0.14130
91.280,-5.01979,-26.25233,0.81838
91.290,-5.11044,-26.28060,0.00000
91.300,-7.28294,-25.74783,0.53277
91.310,-8.45014,-25.01402,0.73381
91.320,-6.27133,-25.21732,2.17881
91.330,-5.09309,-26.52454,1.17824
91.340,-5.42422,-27.07604,0.00000
91.350,-5.08470,-26.63670,0.77886
91.360,-4.75250,-25.88260,1.08629
91.370,-6.02832,-25.34376,0.53884
91.380,-7.08814,-25.81796,0.00000
91.390,-8.41044,-26.68961,0.00000
91.400,-10.05086,-22.74183,3.94779
91.410,-9.15829,-21.39498,2.23942
91.420,-8.75657,-22.91996,0.40172
91.430,-8.21291,-24.10894,0.54365
91.440,-8.75244,-25.03845,0.00000
91.450,-10.17853,-25.39113,0.00000
91.460,-8.72494,-24.87977,1.96495
91.470,-8.61017,-24.94252,0.11477
91.480,-8.40272,-24.90397,0.24600
91.490,-8.45933,-24.77541,0.12857
91.500,-9.09136,-20.62934,4.14607
91.510,-7.77569,-20.17812,1.76688
91.520,-7.02638,-23.68605,0.74931
91.530,-5.99163,-25.29277,1.03474
91.540,-6.32046,-26.23045,0.00000
91.550,-6.40230,-26.48547,0.00000
91.560,-5.31181,-26.58742,1.09048
91.570,-5.09543,-26.61128,0.21639
91.580,-6.35991,-26.87985,0.00000
91.590,-8.36682,-26.12827,0.75157
91.600,-6.78947,-22.78104,4.92458
91.610,-4.73272,-21.36967,3.46813
91.620,-4.87255,-21.77760,0.00000
91.630,-6.35392,-22.44166,0.00000
91.640,-5.72946,-23.54108,0.62445
91.650,-5.99070,-24.42928,0.00000
91.660,-8.70389,-24.63848,0.00000
91.670,-10.66852,-24.84304,0.00000
91.680,-9.58613,-25.15630,1.08238
91.690,-7.97344,-25.13602,1.63298
91.700,-8.21286,-24.91330,0.22271
91.710,-8.43714,-24.90951,0.00380
91.720,-7.86410,-26.02021,0.57304
91.730,-8.72798,-26.70302,0.00000
91.740,-7.79747,-26.46679,1.16674
91.750,-7.62214,-26.24230,0.39981
91.760,-9.08756,-25.81782,0.42448
91.770,-7.84739,-25.72364,1.33435
91.780,-8.01935,-25.57063,0.15301
91.790,-7.57914,-26.07161,0.44021
91.800,-7.52186,-19.74497,6.38392
91.810,-9.02852,-18.36961,1.37537
91.820,-7.47277,-21.67882,1.55575
91.830,-6.42870,-24.91001,1.04407
91.840,-5.44684,-25.94562,0.98187
91.850,-5.55280,-26.72623,0.00000
91.860,-6.14232,-26.84894,0.00000
91.870,-6.52871,-26.42723,0.42172
91.880,-7.39896,-26.45193,0.00000
91.890,-5.53687,-27.61608,1.86209
91.900,-4.28202,-27.66710,1.25485
91.910,-5.43431,-26.84078,0.82632
91.920,-7.11387,-25.76180,1.07897
91.930,-7.01659,-25.48310,0.37597
91.940,-7.04110,-26.17123,0.00000
91.950,-8.44768,-26.24013,0.00000
91.960,-8.76318,-26.97581,0.00000
91.970,-6.19275,-28.59132,2.57043
91.980,-6.19472,-29.16991,0.00000
91.990,-8.39279,-28.96177,0.20813
92.000,-8.45789,-24.37260,4.58917
92.010,-8.11188,-22.92415,1.79447
92.020,-7.72038,-23.64172,0.39149
92.030,-7.19529,-24.63694,0.52510
92.040,-6.43327,-27.37440,0.76202
92.050,-4.98240,-29.96307,1.45087
92.060,-4.69447,-31.30027,0.28794
92.070,-5.53721,-31.35289,0.00000
92.080,-5.35081,-30.36086,1.17843
92.090,-5.13476,-29.66556,0.91135
92.100,-6.49588,-29.24256,0.42301
92.110,-7.33109,-29.30757,0.00000
92.120,-6.72619,-30.54228,0.60490
92.130,-7.23518,-30.40659,0.13570
92.140,-6.97524,-29.39050,1.27602
92.150,-5.03148,-29.82846,1.94376
92.160,-5.01892,-30.16734,0.01255
92.170,-6.89169,-29.51304,0.65429
92.180,-7.02080,-29.38147,0.13157
92.190,-7.08693,-29.13564,0.24584
92.200,-8.74063,-22.73257,6.40306
92.210,-9.81233,-21.50106,1.23151
92.220,-10.17209,-24.57124,0.00000
92.230,-9.20881,-27.21826,0.96327
92.240,-9.15500,-27.91483,0.05381
92.250,-10.53979,-28.33978,0.00000
92.260,-10.59798,-28.35501,0.00000
92.270,-10.09298,-27.71642,1.14358
92.280,-9.86564,-28.07284,0.22735
92.290,-10.23657,-29.70244,0.00000
92.300,-11.96244,-22.35062,7.35182
92.310,-10.68310,-19.97313,3.65684
92.320,-9.72957,-20.87073,0.95352
92.330,-10.16037,-22.75898,0.00000
92.340,-10.55492,-26.17864,0.00000
92.350,-12.47449,-28.98245,0.00000
92.360,-11.09672,-28.76511,1.59511
92.370,-10.02565,-25.80053,4.03565
92.380,-10.94104,-22.98879,2.81175
92.390,-10.29165,-21.37429,2.26389
92.400,-8.54862,-20.26950,2.84782
92.410,-7.86092,-20.54016,0.68770
92.420,-7.39370,-19.76680,1.24058
92.430,-6.48340,-19.14618,1.53092
92.440,-6.18147,-19.62437,0.30193
92.450,-5.33243,-19.56354,0.90987
92.460,-4.49851,-20.12179,0.83391
92.470,-4.61304,-20.60428,0.00000
92.480,-5.72347,-20.34495,0.25933
92.490,-6.94826,-19.77681,0.56814
92.500,-6.47414,-19.33732,0.91361
92.510,-4.90902,-20.24801,1.56512
92.520,-4.40684,-21.31643,0.50219
92.530,-5.41286,-20.59741,0.71902
92.540,-5.86490,-20.21834,0.37907
92.550,-6.19144,-19.74275,0.47559
92.560,-8.73728,-19.66592,0.07683
92.570,-12.44898,-19.99181,0.00000
92.580,-11.80004,-19.41686,1.22389
92.590,-9.28096,-20.73699,2.51908
92.600,-8.60355,-21.70854,0.67741
92.610,-9.79972,-21.05387,0.65467
92.620,-9.24200,-22.68955,0.55772
92.630,-8.70495,-23.61994,0.53705
92.640,-8.80895,-23.69198,0.00000
92.650,-8.86889,-23.73263,0.00000
92.660,-10.57195,-24.11578,0.00000
92.670,-10.12162,-24.38102,0.45032
92.680,-9.26547,-24.09536,1.14181
92.690,-9.78000,-23.88969,0.20567
92.700,-9.89852,-23.73531,0.15438
92.710,-10.74829,-23.46785,0.26745
92.720,-9.93704,-23.41984,0.85926
92.730,-9.54603,-23.33790,0.47295
92.740,-10.28171,-23.07757,0.26033
92.750,-9.81049,-23.26729,0.47121
92.760,-9.75762,-23.19972,0.12046
92.770,-9.31249,-23.71728,0.44512
92.780,-9.22102,-25.49965,0.09148
92.790,-10.37149,-25.73930,0.00000
92.800,-8.79578,-19.15437,8.16065
92.810,-7.43343,-17.52188,2.99483
92.820,-7.21591,-19.13409,0.21752
92.830,-6.99746,-20.93651,0.21845
92.840,-6.07583,-23.31333,0.92163
92.850,-5.29753,-25.33198,0.77830
92.860,-4.48763,-26.18167,0.80990
92.870,-4.70258,-26.03916,0.14251
92.880,-6.84607,-25.97225,0.06691
92.890,-7.10871,-26.13373,0.00000
92.900,-6.59239,-26.43379,0.51632
92.910,-6.44189,-26.68485,0.15049
92.920,-6.05871,-26.69042,0.38319
92.930,-5.92962,-26.74366,0.12909
92.940,-6.11100,-27.02510,0.00000
92.950,-6.23315,-27.36026,0.00000
92.960,-6.76607,-27.68861,0.00000
92.970,-7.38793,-27.48521,0.20341
92.980,-8.36265,-27.14188,0.34333
92.990,-9.41707,-26.49509,0.64679
93.000,-9.35119,-20.54008,6.02090
93.010,-10.31350,-19.16763,1.37245
93.020,-10.38876,-19.95813,0.00000
93.030,-9.96987,-18.90793,1.46909
93.040,-9.47015,-17.55096,1.85669
93.050,-9.60461,-16.69725,0.85371
93.060,-9.95641,-16.73006,0.00000
93.070,-9.75886,-16.65007,0.27755
93.080,-9.59657,-16.97042,0.16229
93.090,-9.66740,-17.33704,0.00000
93.100,-9.61890,-16.71553,0.67002
93.110,-9.13208,-16.69080,0.51154
93.120,-8.01090,-17.00018,1.12118
93.130,-6.46386,-17.37015,1.54704
93.140,-6.05921,-18.14371,0.40465
93.150,-5.37172,-18.63284,0.68749
93.160,-5.04418,-18.39083,0.56955
93.170,-5.80877,-18.67594,0.00000
93.180,-5.73288,-19.33382,0.07589
93.190,-5.16929,-19.67029,0.56358
93.200,-4.69802,-20.88894,0.47127
93.210,-4.93232,-21.78300,0.00000
93.220,-4.99424,-22.01831,0.00000
93.230,-4.84052,-22.97558,0.15372
93.240,-5.04121,-24.09863,0.00000
93.250,-5.40542,-25.14202,0.00000
93.260,-5.80350,-26.08728,0.00000
93.270,-6.47063,-26.40872,0.00000
93.280,-6.78620,-26.34554,0.06318
93.290,-7.49155,-26.56816,0.00000
93.300,-8.61100,-26.48236,0.08579
93.310,-9.06198,-26.41791,0.06446
93.320,-9.53338,-27.02316,0.00000
93.330,-9.82301,-27.44915,0.00000
93.340,-9.64972,-27.34185,0.28060
93.350,-9.24658,-27.16484,0.58014
93.360,-9.40169,-27.23487,0.00000
93.370,-9.90191,-27.51439,0.00000
93.380,-10.03828,-27.25086,0.26354
93.390,-9.95668,-26.83445,0.49801
93.400,-10.08801,-20.87358,5.96087
93.410,-9.54345,-20.07471,1.34343
93.420,-8.49443,-23.37925,1.04902
93.430,-6.81608,-23.25435,1.80326
93.440,-5.80538,-22.06913,2.19591
93.450,-5.59484,-21.34829,0.93138
93.460,-6.12137,-20.78484,0.56344
93.470,-6.04070,-20.75966,0.10585
93.480,-5.08028,-20.77936,0.96042
93.490,-4.92161,-20.05415,0.88388
93.500,-5.60877,-19.51030,0.54385
93.510,-6.39647,-19.63794,0.00000
93.520,-7.04809,-20.14844,0.00000
93.530,-6.79255,-20.47228,0.25554
93.540,-7.13731,-20.35855,0.11373
93.550,-7.34106,-20.33595,0.02261
93.560,-7.65735,-20.39970,0.00000
93.570,-8.16206,-21.23963,0.00000
93.580,-8.75496,-23.51390,0.00000
93.590,-9.48908,-26.31126,0.00000
93.600,-8.92347,-23.52300,3.35387
93.610,-8.64734,-21.70566,2.09347
93.620,-7.49111,-22.31945,1.15623
93.630,-6.31588,-23.74771,1.17522
93.640,-5.92528,-26.21517,0.39061
93.650,-4.73335,-28.13307,1.19192
93.660,-4.60029,-28.15548,0.13306
93.670,-6.25757,-27.62842,0.52706
93.680,-6.07322,-27.78685,0.18435
93.690,-4.84569,-28.28457,1.22754
93.700,-4.30882,-27.63564,1.18579
93.710,-5.01723,-26.66480,0.97084
93.720,-6.03834,-26.96468,0.00000
93.730,-5.68074,-27.79999,0.35760
93.740,-6.49264,-27.17029,0.62969
93.750,-8.12270,-26.59367,0.57663
93.760,-8.54602,-27.09158,0.00000
93.770,-10.00649,-26.75272,0.33886
93.780,-9.68542,-26.35494,0.71885
93.790,-9.28041,-26.86039,0.40501
93.800,-9.77913,-22.75269,4.10770
93.810,-8.75855,-21.57337,2.19990
93.820,-8.38645,-24.01694,0.37210
93.830,-8.84844,-26.24699,0.00000
93.840,-8.40955,-26.85528,0.43889
93.850,-9.03042,-26.86037,0.00000
93.860,-8.91796,-27.19829,0.11246
93.870,-8.50221,-27.46142,0.41575
93.880,-8.38223,-27.23937,0.34203
93.890,-7.75966,-27.45575,0.62257
93.900,-7.68279,-22.59557,4.93705
93.910,-7.85998,-20.39445,2.20112
93.920,-8.85669,-21.20197,0.00000
93.930,-7.44647,-23.12113,1.41021
93.940,-7.86459,-25.38128,0.00000
93.950,-8.22308,-26.75493,0.00000
93.960,-7.52741,-27.41207,0.69567
93.970,-7.39328,-27.54633,0.13413
93.980,-7.28350,-27.55388,0.10978
93.990,-8.06507,-27.95216,0.00000
94.000,-7.44658,-23.75361,4.81704
94.010,-7.63248,-22.53361,1.21999
94.020,-6.87293,-23.74447,0.75955
94.030,-5.94890,-24.54440,0.92402
94.040,-5.66728,-26.74302,0.28163
94.050,-5.19527,-28.26527,0.47201
94.060,-4.82672,-28.51372,0.36855
94.070,-4.51161,-29.06085,0.31511
94.080,-5.52495,-28.88105,0.17980
94.090,-7.91625,-28.05217,0.82888
94.100,-7.80160,-27.91743,0.24940
94.110,-6.50186,-28.81806,1.29974
94.120,-6.43727,-29.30388,0.06459
94.130,-5.18083,-29.64134,1.25645
94.140,-5.05109,-29.56142,0.20965
94.150,-5.68429,-29.61124,0.00000
94.160,-5.25651,-29.41190,0.62712
94.170,-6.51825,-28.74170,0.67020
94.180,-6.22614,-28.92071,0.29211
94.190,-6.41198,-28.74034,0.18037
94.200,-7.88478,-24.15844,4.58190
94.210,-7.67889,-22.90319,1.46113
94.220,-7.77325,-25.32279,0.00000
94.230,-7.85436,-27.66655,0.00000
94.240,-8.84760,-28.33209,0.00000
94.250,-8.41542,-28.56992,0.43218
94.260,-8.37297,-28.65981,0.04246
94.270,-8.11498,-29.05947,0.25799
94.280,-7.95350,-29.18713,0.16147
94.290,-8.13033,-28.95864,0.22849
94.300,-8.35119,-28.76138,0.19726
94.310,-8.91964,-28.46341,0.29798
94.320,-8.24266,-28.47441,0.67698
94.330,-8.93945,-28.22503,0.24937
94.340,-8.76380,-27.93457,0.46612
94.350,-8.63788,-27.87078,0.18970
94.360,-8.95485,-27.81420,0.05658
94.370,-8.48924,-27.99363,0.46562
94.380,-8.76106,-28.22518,0.00000
94.390,-8.69518,-28.32395,0.06588
94.400,-8.48753,-19.54782,8.98378
94.410,-8.31383,-17.84577,1.87575
94.420,-7.66703,-19.77602,0.64680
94.430,-7.30950,-21.80103,0.35753
94.440,-6.10747,-24.68755,1.20203
94.450,-4.52804,-26.71718,1.57943
94.460,-4.29824,-27.95537,0.22980
94.470,-5.52383,-28.34522,0.00000
94.480,-5.92437,-28.70978,0.00000
94.490,-5.24301,-29.22956,0.68136
94.500,-4.52548,-29.59676,0.71753
94.510,-4.83437,-29.61185,0.00000
94.520,-6.61385,-29.01394,0.59791
94.530,-6.31360,-28.80528,0.50891
94.540,-7.49968,-28.64262,0.16267
94.550,-9.86212,-28.58392,0.05870
94.560,-9.03887,-28.92577,0.82325
94.570,-9.65719,-28.63977,0.28600
94.580,-9.17884,-27.85398,1.26414
94.590,-7.89282,-27.45450,1.68551
94.600,-7.89071,-23.01074,4.44587
94.610,-7.41599,-21.92063,1.56483
94.620,-7.24185,-24.47831,0.17414
94.630,-8.11840,-26.90335,0.00000
94.640,-7.59232,-27.75739,0.52608
94.650,-8.47597,-27.66657,0.09082
94.660,-8.42365,-27.83476,0.05232
94.670,-7.99039,-27.94974,0.43326
94.680,-8.42668,-27.65201,0.29773
94.690,-8.48900,-27.45183,0.20018
94.700,-8.62800,-21.14822,6.30361
94.710,-8.24703,-20.65096,0.87823
94.720,-7.38933,-25.42586,0.85770
94.730,-6.68324,-27.31994,0.70609
94.740,-6.14653,-28.11307,0.53671
94.750,-5.33398,-28.11597,0.81255
94.760,-4.83006,-28.21158,0.50391
94.770,-6.13592,-28.29146,0.00000
94.780,-7.81892,-28.07041,0.22105
94.790,-5.19435,-29.13845,2.62457
94.800,-4.03359,-24.38029,5.91892
94.810,-5.26683,-21.32011,3.06018
94.820,-5.76823,-21.50879,0.00000
94.830,-5.58268,-22.97210,0.18555
94.840,-6.94183,-24.14319,0.00000
94.850,-6.96911,-25.37433,0.00000
94.860,-8.05768,-26.25665,0.00000
94.870,-10.55148,-26.05224,0.20440
94.880,-9.62601,-25.60881,1.36890
94.890,-9.51717,-26.09158,0.10884
94.900,-9.41583,-27.11944,0.10134
94.910,-8.32944,-27.24711,1.08639
94.920,-8.63214,-26.91057,0.33653
94.930,-8.29131,-26.94823,0.34083
94.940,-8.26348,-27.20698,0.02783
94.950,-9.31194,-27.21427,0.00000
94.960,-9.05075,-27.29689,0.26119
94.970,-9.62854,-27.66238,0.00000
94.980,-9.29176,-27.79717,0.33678
94.990,-8.97447,-27.58389,0.53058
95.000,-8.55632,-19.16040,8.84163
95.010,-8.41016,-18.09489,1.21167
95.020,-7.92337,-22.27490,0.48680
95.030,-6.66094,-25.73199,1.26243
95.040,-5.94751,-27.55089,0.71343
95.050,-6.11453,-28.24275,0.00000
95.060,-5.78132,-28.24468,0.33321
95.070,-5.68427,-27.87674,0.46499
95.080,-6.52666,-27.75832,0.11843
95.090,-5.14786,-28.14540,1.37880
95.100,-4.60405,-28.14576,0.54381
95.110,-5.02404,-28.00058,0.14518
95.120,-5.02297,-28.46797,0.00107
95.130,-5.73461,-28.70516,0.00000
95.140,-5.56848,-28.43188,0.43942
95.150,-6.01837,-28.16877,0.26311
95.160,-8.25991,-28.15588,0.01288
95.170,-9.27194,-28.12078,0.03510
95.180,-11.25649,-27.78840,0.33238
95.190,-13.73346,-27.67478,0.11362
95.200,-11.17569,-23.50707,6.72548
95.210,-9.73636,-22.42106,2.52534
95.220,-8.75977,-23.36579,0.97659
95.230,-7.42923,-24.05236,1.33054
95.240,-6.34532,-26.57609,1.08391
95.250,-4.72563,-28.70575,1.61970
95.260,-4.74438,-29.53753,0.00000
95.270,-5.68499,-30.61088,0.00000
95.280,-5.34219,-31.82007,0.34281
95.290,-5.23639,-32.37467,0.10580
95.300,-4.92713,-33.08721,0.30926
95.310,-5.63600,-33.56703,0.00000
95.320,-7.87221,-33.01319,0.55383
95.330,-7.83764,-32.57646,0.47130
95.340,-8.38425,-32.71041,0.00000
95.350,-9.86975,-33.12011,0.00000
95.360,-8.58709,-33.67073,1.28266
95.370,-9.39764,-33.79177,0.00000
95.380,-9.88529,-33.65002,0.14175
95.390,-8.75984,-33.96680,1.12544
95.400,-10.25538,-23.73692,10.22988
95.410,-10.29056,-21.74098,1.99594
95.420,-10.64080,-24.81256,0.00000
95.430,-12.03148,-29.24794,0.00000
95.440,-11.19326,-29.81656,0.83822
95.450,-10.73826,-30.39859,0.45500
95.460,-10.26754,-31.23262,0.47072
95.470,-10.90634,-31.16719,0.06543
95.480,-10.11294,-31.04808,0.91251
95.490,-10.34979,-31.46731,0.00000
95.500,-10.53551,-22.54273,8.92458
95.510,-10.38156,-20.01579,2.68089
95.520,-11.00331,-20.97023,0.00000
95.530,-10.52920,-23.43481,0.47411
95.540,-10.97515,-27.18761,0.00000
95.550,-10.25406,-29.39773,0.72109
95.560,-10.65987,-30.23391,0.00000
95.570,-10.08962,-31.00685,0.57025
95.580,-9.63489,-31.34502,0.45473
95.590,-10.75575,-32.12303,0.00000
95.600,-9.19935,-24.10712,9.57231
95.610,-8.50321,-22.39807,2.40519
95.620,-7.59888,-23.57218,0.90432
95.630,-6.37958,-24.47070,1.21930
95.640,-4.85591,-26.88208,1.52367
95.650,-4.61050,-27.92266,0.24541
95.660,-4.44794,-28.58493,0.16256
95.670,-4.27834,-28.81767,0.16960
95.680,-5.78602,-27.99504,0.82263
95.690,-6.74508,-28.19263,0.00000
95.700,-5.94772,-28.45984,0.79736
95.710,-4.56801,-28.76707,1.37971
95.720,-4.74564,-29.52837,0.00000
95.730,-4.84924,-30.38168,0.00000
95.740,-4.52069,-30.99558,0.32855
95.750,-6.01519,-31.58051,0.00000
95.760,-6.24919,-32.49422,0.00000
95.770,-6.76969,-33.48944,0.00000
95.780,-9.06646,-34.31629,0.00000
95.790,-10.07274,-34.91615,0.00000
95.800,-11.16322,-24.24998,10.66617
95.810,-11.57478,-22.66441,1.58558
95.820,-11.95825,-26.29764,0.00000
95.830,-11.01202,-30.92156,0.94623
95.840,-9.93152,-32.87216,1.08050
95.850,-8.86715,-30.95739,2.97915
95.860,-8.81044,-28.48468,2.52941
95.870,-8.25052,-27.92916,1.11544
95.880,-8.61106,-28.33252,0.00000
95.890,-8.98912,-28.91628,0.00000
95.900,-8.46910,-29.94552,0.52002
95.910,-9.54558,-30.90307,0.00000
95.920,-9.50929,-31.96994,0.03629
95.930,-9.17214,-32.36110,0.33715
95.940,-9.16843,-32.17918,0.18563
95.950,-10.02834,-32.35053,0.00000
95.960,-9.80800,-32.06852,0.50235
95.970,-9.70224,-31.60431,0.56997
95.980,-11.17006,-31.13295,0.47135
95.990,-10.49206,-30.56546,1.24550
96.000,-9.71849,-19.40729,11.93174
96.010,-8.32230,-17.71953,3.08395
96.020,-7.80808,-19.85338,0.51422
96.030,-6.36406,-21.80713,1.44403
96.040,-5.37657,-24.80997,0.98748
96.050,-4.81469,-27.36234,0.56188
96.060,-4.64550,-28.62253,0.16920
96.070,-5.83607,-28.41670,0.20583
96.080,-6.30417,-28.57446,0.00000
96.090,-4.88353,-29.52334,1.42064
96.100,-4.98555,-29.78675,0.00000
96.110,-5.11046,-29.82974,0.00000
96.120,-5.03484,-30.09710,0.07562
96.130,-4.95513,-30.10936,0.07971
96.140,-4.84334,-30.16855,0.11178
96.150,-5.50453,-30.04726,0.12129
96.160,-5.90164,-29.93849,0.10877
96.170,-6.27156,-29.91802,0.02047
96.180,-6.91597,-29.93899,0.00000
96.190,-8.07515,-29.85599,0.08300
96.200,-8.27903,-21.14624,8.70975
96.210,-8.81607,-19.63726,1.50898
96.220,-9.08348,-21.32225,0.00000
96.230,-9.51328,-21.69141,0.00000
96.240,-9.30086,-22.02204,0.21241
96.250,-8.84476,-21.85013,0.62802
96.260,-8.74156,-22.21408,0.10319
96.270,-8.74782,-22.25276,0.00000
96.280,-8.64511,-22.72072,0.10271
96.290,-8.46330,-22.32705,0.57548
96.300,-7.98509,-20.47451,2.33074
96.310,-8.45280,-20.34856,0.12595
96.320,-7.87835,-21.54066,0.57445
96.330,-7.04863,-22.53576,0.82973
96.340,-6.70604,-23.42103,0.34259
96.350,-6.05334,-24.41501,0.65270
96.360,-6.14004,-24.20923,0.20579
96.370,-5.81601,-24.75835,0.32403
96.380,-4.98531,-27.25275,0.83070
96.390,-5.37553,-28.95326,0.00000
96.400,-5.49924,-23.70506,5.24820
96.410,-5.91084,-20.91972,2.78534
96.420,-6.39139,-20.90864,0.01109
96.430,-6.66947,-22.12231,0.00000
96.440,-7.05561,-23.74915,0.00000
96.450,-7.44249,-25.07133,0.00000
96.460,-8.27406,-26.25614,0.00000
96.470,-8.76060,-27.26608,0.00000
96.480,-9.65190,-27.78836,0.00000
96.490,-9.63443,-27.96469,0.01748
96.500,-9.45485,-28.07634,0.17958
96.510,-9.40737,-28.61368,0.04748
96.520,-8.89906,-28.53663,0.58536
96.530,-8.77611,-28.68386,0.12295
96.540,-9.23815,-29.16916,0.00000
96.550,-9.21856,-28.42007,0.76869
96.560,-8.52557,-27.87969,1.23337
96.570,-8.83527,-28.24989,0.00000
96.580,-8.85004,-28.88499,0.00000
96.590,-8.92503,-29.09570,0.00000
96.600,-8.57476,-21.34256,8.10340
96.610,-8.00722,-20.38337,1.52673
96.620,-7.60934,-24.46805,0.39789
96.630,-6.55224,-27.22533,1.05709
96.640,-5.63105,-28.72600,0.92119
96.650,-5.09285,-29.01526,0.53820
96.660,-4.40575,-29.20743,0.68709
96.670,-4.58699,-29.74483,0.00000
96.680,-7.10107,-29.58728,0.15756
96.690,-7.09023,-29.48850,0.10962
96.700,-6.70866,-29.42332,0.44674
96.710,-7.37273,-29.46415,0.00000
96.720,-6.88862,-29.46440,0.48411
96.730,-6.88675,-29.46898,0.00187
96.740,-6.91435,-29.27958,0.18940
96.750,-7.40788,-29.38125,0.00000
96.760,-7.90405,-30.10655,0.00000
96.770,-9.11880,-29.97432,0.13223
96.780,-8.84822,-26.32197,3.92292
96.790,-8.88562,-24.43218,1.88979
96.800,-9.99394,-21.74638,2.68580
96.810,-8.45948,-21.02274,2.25810
96.820,-7.26772,-22.39307,1.19177
96.830,-6.45045,-23.47477,0.81727
96.840,-6.32474,-25.03107,0.12571
96.850,-5.06080,-26.15406,1.26394
96.860,-5.52075,-26.79002,0.00000
96.870,-6.39812,-27.27903,0.00000
96.880,-5.16608,-27.80531,1.23205
96.890,-5.23949,-27.67179,0.13351
96.900,-6.58489,-26.53769,1.13410
96.910,-7.67290,-25.29115,1.24654
96.920,-6.15937,-25.92924,1.51353
96.930,-4.78760,-27.30841,1.37176
96.940,-4.73697,-27.22321,0.13583
96.950,-5.48472,-27.14486,0.07836
96.960,-5.53376,-26.98010,0.16476
96.970,-5.76147,-26.22511,0.75499
96.980,-7.38187,-25.54059,0.68452
96.990,-9.19269,-25.30857,0.23202
97.000,-9.03220,-22.59768,2.87139
97.010,-8.20340,-21.59984,1.82663
97.020,-8.55589,-23.10841,0.00000
97.030,-8.32230,-24.55221,0.23359
97.040,-8.17674,-24.69981,0.14556
97.050,-8.32147,-24.76609,0.00000
97.060,-8.09778,-25.66022,0.22369
97.070,-8.37047,-25.45066,0.20955
97.080,-8.27514,-25.37400,0.17200
97.090,-8.46878,-25.75469,0.00000
97.100,-7.85174,-21.75347,4.61825
97.110,-7.35450,-20.08555,2.16516
97.120,-8.19210,-20.91093,0.00000
97.130,-8.48721,-22.27781,0.00000
97.140,-7.87202,-23.76703,0.61520
97.150,-7.83651,-24.85669,0.03551
97.160,-7.54317,-25.50962,0.29333
97.170,-8.14049,-25.68593,0.00000
97.180,-8.51366,-25.72969,0.00000
97.190,-7.97980,-25.88975,0.53386
97.200,-8.36596,-22.93870,2.95105
97.210,-8.39170,-21.70803,1.23067
97.220,-7.73456,-22.50668,0.65714
97.230,-7.31773,-23.45999,0.41682
97.240,-5.76632,-24.98543,1.55141
97.250,-5.71181,-25.97607,0.05451
97.260,-5.70900,-26.70962,0.00281
97.270,-5.12468,-26.66628,0.62766
97.280,-5.97588,-26.92044,0.00000
97.290,-5.25163,-27.44991,0.72425
97.300,-4.11381,-27.79903,1.13782
97.310,-5.21482,-27.65526,0.14377
97.320,-6.44027,-27.55644,0.09882
97.330,-5.28662,-27.83592,1.15365
97.340,-6.88676,-27.44773,0.38818
97.350,-11.18006,-27.18713,0.26060
97.360,-8.52801,-27.32082,2.65205
97.370,-6.83729,-27.53253,1.69072
97.380,-7.75900,-27.26568,0.26685
97.390,-7.16984,-26.94372,0.91112
97.400,-6.76403,-23.37637,3.97316
97.410,-7.65447,-22.09030,1.28607
97.420,-7.60781,-23.89143,0.04666
97.430,-7.88151,-25.43137,0.00000
97.440,-8.62555,-25.66506,0.00000
97.450,-8.44311,-25.99219,0.18245
97.460,-7.76987,-26.34679,0.67324
97.470,-7.77805,-26.72527,0.00000
97.480,-8.13777,-26.92639,0.00000
97.490,-8.75998,-26.43477,0.49162
97.500,-8.66496,-26.82369,0.09502
97.510,-7.87657,-27.44832,0.78839
97.520,-8.08365,-27.57743,0.00000
97.530,-8.49008,-27.59370,0.00000
97.540,-8.91316,-27.30776,0.28593
97.550,-8.62871,-27.91681,0.28444
97.560,-8.13061,-28.78999,0.49811
97.570,-8.60204,-29.32803,0.00000
97.580,-8.69808,-29.52961,0.00000
97.590,-8.43759,-29.01692,0.77317
97.600,-7.75656,-19.66868,10.02927
97.610,-7.54181,-17.96629,1.91715
97.620,-7.72785,-20.06479,0.00000
97.630,-7.21414,-22.07179,0.51371
97.640,-5.90755,-24.42362,1.30659
97.650,-4.43510,-26.62094,1.47245
97.660,-5.07730,-27.97176,0.00000
97.670,-6.03677,-28.10430,0.00000
97.680,-4.87146,-28.70148,1.16531
97.690,-4.39744,-29.09630,0.47402
97.700,-6.13045,-28.25055,0.84575
97.710,-9.53425,-27.87114,0.37941
97.720,-7.53268,-27.95951,2.00157
97.730,-5.46637,-28.09950,2.06632
97.740,-5.51386,-28.63484,0.00000
97.750,-5.36252,-28.92656,0.15134
97.760,-5.22176,-29.17371,0.14076
97.770,-6.24850,-28.67400,0.49971
97.780,-7.76553,-28.08188,0.59212
97.790,-8.94414,-27.98699,0.09489
97.800,-10.13156,-22.77143,5.21556
97.810,-10.63436,-21.41597,1.35546
97.820,-9.52726,-23.83751,1.10710
97.830,-9.46085,-25.97558,0.06640
97.840,-8.97989,-26.39045,0.48097
97.850,-9.61747,-26.31169,0.07876
97.860,-9.64072,-26.29685,0.01484
97.870,-8.52837,-26.04170,1.36750
97.880,-8.68632,-26.01973,0.02197
97.890,-8.53223,-26.40914,0.15409
97.900,-8.69390,-21.10259,5.30655
97.910,-8.47216,-20.67573,0.64860
97.920,-7.74515,-25.21644,0.72701
97.930,-6.60344,-26.83306,1.14171
97.940,-6.11087,-27.87036,0.49257
97.950,-5.59238,-28.50313,0.51850
97.960,-4.91505,-28.13611,1.04434
97.970,-4.63116,-28.61904,0.28389
97.980,-5.37974,-28.55882,0.06022
97.990,-7.09455,-27.89180,0.66702
98.000,-6.83258,-23.20267,4.95109
98.010,-5.22869,-21.23312,3.57344
98.020,-4.42895,-21.79110,0.79974
98.030,-5.46622,-22.71747,0.00000
98.040,-5.74413,-24.23828,0.00000
98.050,-5.31762,-25.74122,0.42651
98.060,-7.25552,-26.52162,0.00000
98.070,-9.97647,-26.59078,0.00000
98.080,-10.61474,-26.76106,0.00000
98.090,-9.11294,-27.04856,1.50180
98.100,-8.54410,-27.35590,0.56883
98.110,-8.96760,-27.16190,0.19401
98.120,-8.85403,-26.65959,0.61587
98.130,-9.39979,-26.51812,0.14147
98.140,-8.55392,-26.51285,0.85114
98.150,-8.02165,-26.70719,0.53226
98.160,-9.27888,-27.08462,0.00000
98.170,-8.87767,-27.55863,0.40121
98.180,-8.43816,-27.55030,0.44784
98.190,-8.40411,-27.33573,0.24861
98.200,-8.22231,-19.31883,8.19871
98.210,-8.94378,-18.12703,1.19180
98.220,-8.10399,-22.00066,0.83979
98.230,-6.56195,-25.78238,1.54204
98.240,-5.33529,-27.13584,1.22666
98.250,-5.91653,-27.73036,0.00000
98.260,-6.34378,-27.97388,0.00000
98.270,-6.18611,-27.94616,0.18539
98.280,-7.03105,-29.19044,0.00000
98.290,-5.35562,-30.89696,1.67544
98.300,-4.40621,-31.92175,0.94941
98.310,-5.25974,-32.00152,0.00000
98.320,-6.40634,-31.72716,0.27437
98.330,-6.89719,-32.23255,0.00000
98.340,-7.42962,-32.78079,0.00000
98.350,-8.59391,-32.34083,0.43996
98.360,-8.86967,-31.90614,0.43469
98.370,-7.20316,-31.69529,1.87736
98.380,-6.62301,-31.25224,1.02320
98.390,-8.03979,-30.74753,0.50471
98.400,-8.74361,-24.26826,6.47927
98.410,-8.51101,-22.83531,1.66554
98.420,-7.99358,-23.59236,0.51743
98.430,-7.56983,-24.25777,0.42375
98.440,-6.58026,-26.75138,0.98957
98.450,-5.06555,-28.91333,1.51471
98.460,-4.66560,-30.98155,0.39995
98.470,-5.52309,-31.73984,0.00000
98.480,-5.43607,-32.66453,0.08702
98.490,-4.87860,-33.18825,0.55747
98.500,-5.88652,-33.07137,0.11688
98.510,-7.00772,-33.74251,0.00000
98.520,-7.13647,-34.03031,0.00000
98.530,-7.12112,-34.35203,0.01535
98.540,-7.08782,-34.99703,0.03329
98.550,-5.72204,-34.49694,1.86586
98.560,-5.21335,-32.62568,2.37996
98.570,-6.85831,-30.45735,2.16833
98.580,-7.38881,-28.64089,1.81646
98.590,-7.21784,-26.15015,2.66171
98.600,-8.92172,-21.88010,4.27004
98.610,-10.36573,-20.60878,1.27132
98.620,-11.61949,-21.64619,0.00000
98.630,-10.68941,-21.39562,1.18065
98.640,-9.73909,-21.37503,0.97091
98.650,-10.13492,-23.01788,0.00000
98.660,-10.58529,-24.50724,0.00000
98.670,-11.10639,-25.23711,0.00000
98.680,-10.34064,-26.17967,0.76575
98.690,-10.91127,-27.55345,0.00000
98.700,-11.41506,-22.21942,5.33403
98.710,-11.01030,-20.21527,2.40890
98.720,-11.71448,-21.23796,0.00000
98.730,-11.59183,-23.02412,0.12266
98.740,-11.93879,-26.00695,0.00000
98.750,-12.55440,-28.35856,0.00000
98.760,-11.60508,-28.92185,0.94931
98.770,-11.52516,-29.60951,0.07992
98.780,-11.12200,-30.25823,0.40316
98.790,-10.92079,-28.11970,2.33974
98.800,-10.09221,-22.12058,6.82770
98.810,-8.78119,-20.88100,2.55060
98.820,-7.98132,-21.99732,0.79988
98.830,-6.39560,-22.77581,1.58572
98.840,-5.44838,-25.05971,0.94722
98.850,-5.20098,-22.95538,2.35174
98.860,-5.24769,-21.94705,1.00833
98.870,-5.15208,-23.25462,0.09561
98.880,-5.74824,-22.44964,0.80498
98.890,-6.25517,-22.10334,0.34629
98.900,-5.59855,-22.28998,0.65662
98.910,-5.40912,-22.14728,0.33213
98.920,-4.94778,-21.98467,0.62396
98.930,-5.16166,-21.72687,0.25779
98.940,-5.71989,-21.78533,0.00000
98.950,-6.07957,-21.61873,0.16660
98.960,-7.99852,-21.55762,0.06111
98.970,-11.00741,-21.25729,0.30033
98.980,-10.63894,-21.16173,0.46402
98.990,-10.37016,-21.63438,0.26878
99.000,-11.99688,-19.87118,1.76321
99.010,-10.68519,-20.18019,1.31168
99.020,-10.51320,-22.20658,0.17199
99.030,-10.50976,-22.71585,0.00343
99.040,-9.17243,-24.64994,1.33733
99.050,-9.78912,-25.76781,0.00000
99.060,-9.89801,-26.60528,0.00000
99.070,-9.93987,-28.20266,0.00000
99.080,-10.25047,-29.98057,0.00000
99.090,-9.31978,-30.90995,0.93069
99.100,-9.90827,-31.29394,0.00000
99.110,-11.01495,-30.95156,0.34238
99.120,-10.34758,-30.66691,0.95202
99.130,-10.24882,-30.96813,0.09876
99.140,-10.12416,-31.35489,0.12466
99.150,-10.69130,-31.27713,0.07776
99.160,-11.87859,-31.22394,0.05320
99.170,-10.60302,-31.14192,1.35759
99.180,-10.63240,-30.48525,0.65667
99.190,-11.12100,-30.13466,0.35060
99.200,-9.47036,-19.26056,12.52474
99.210,-8.21103,-17.46915,3.05073
99.220,-7.15941,-19.65992,1.05162
99.230,-6.50592,-21.66001,0.65350
99.240,-5.52360,-23.90330,0.98232
99.250,-5.00193,-26.00225,0.52167
99.260,-4.46706,-27.73654,0.53487
99.270,-4.43622,-27.87188,0.03084
99.280,-6.22798,-27.29295,0.57893
99.290,-6.67841,-27.09302,0.19993
99.300,-5.89891,-26.84404,1.02848
99.310,-6.50494,-26.83628,0.00776
99.320,-6.12222,-26.82364,0.39536
99.330,-6.12874,-26.85889,0.00000
99.340,-6.12606,-27.30611,0.00269
99.350,-6.73296,-26.95506,0.35105
99.360,-7.16947,-26.92995,0.02511
99.370,-7.83231,-27.41489,0.00000
99.380,-9.19043,-27.45659,0.00000
99.390,-9.32983,-27.26955,0.18703
99.400,-9.81754,-20.44659,6.82296
99.410,-9.25907,-19.05761,1.94745
99.420,-9.50375,-20.81398,0.00000
99.430,-9.64206,-21.69083,0.00000
99.440,-9.52725,-22.17591,0.11481
99.450,-9.76650,-21.79540,0.38051
99.460,-10.34092,-22.00621,0.00000
99.470,-10.12591,-21.89815,0.32307
99.480,-9.76159,-22.35642,0.36432
99.490,-9.96560,-22.31518,0.04124
99.500,-10.03470,-20.37441,1.94077
99.510,-9.14644,-20.25118,1.01150
99.520,-8.17068,-21.66916,0.97575
99.530,-6.90797,-22.89977,1.26271
99.540,-6.12126,-23.86246,0.78671
99.550,-5.05494,-24.86981,1.06631
99.560,-5.16053,-25.22834,0.00000
99.570,-6.11833,-25.14616,0.08218
99.580,-5.57931,-25.07872,0.60647
99.590,-4.91890,-25.75157,0.66041
99.600,-4.86984,-23.50552,2.29511
99.610,-5.04713,-21.55352,1.95199
99.620,-5.20298,-21.92012,0.00000
99.630,-5.43241,-22.78851,0.00000
99.640,-5.93442,-24.09340,0.00000
99.650,-6.14111,-25.60789,0.00000
99.660,-6.29717,-26.39657,0.00000
99.670,-6.98436,-26.27953,0.11704
99.680,-7.63595,-25.80051,0.47902
99.690,-7.36628,-25.50643,0.56375
99.700,-8.00409,-25.38192,0.12451
99.710,-9.87871,-25.74552,0.00000
99.720,-9.92970,-26.31071,0.00000
99.730,-9.54416,-26.47775,0.38553
99.740,-10.19890,-26.32059,0.15716
99.750,-9.83618,-26.56340,0.36272
99.760,-9.05916,-26.31283,1.02758
99.770,-9.00937,-26.07864,0.28398
99.780,-9.02469,-26.40981,0.00000
99.790,-8.71878,-26.76161,0.30591
99.800,-8.88510,-21.14370,5.61791
99.810,-9.52517,-20.40249,0.74121
99.820,-8.54959,-24.38506,0.97559
99.830,-6.39521,-26.53785,2.15438
99.840,-5.51125,-28.08556,0.88396
99.850,-5.57596,-30.35653,0.00000
99.860,-5.54586,-31.58614,0.03010
99.870,-5.27867,-32.73126,0.26719
99.880,-5.36718,-34.53507,0.00000
99.890,-5.12709,-34.80558,0.24009
99.900,-5.23404,-34.54113,0.26445
99.910,-6.32790,-34.10931,0.43182
99.920,-6.91049,-33.98512,0.12419
99.930,-7.05420,-34.04390,0.00000
99.940,-6.83366,-34.05641,0.22054
99.950,-7.29180,-34.29204,0.00000
99.960,-7.87290,-34.71776,0.00000
99.970,-7.96878,-34.58950,0.12826
99.980,-8.45165,-34.07668,0.51282
99.990,-9.04618,-32.77083,1.30585
100.000,-8.93591,-23.86518,9.01592
100.010,-8.58385,-21.97694,2.24030
100.020,-7.15111,-22.59866,1.43275
100.030,-6.29941,-23.20761,0.85170
100.040,-5.38343,-25.16983,0.91598
100.050,-4.10866,-26.57499,1.27476
100.060,-4.04325,-26.60646,0.06541
100.070,-5.21929,-26.64787,0.00000
100.080,-6.56878,-27.11681,0.00000
100.090,-5.90383,-26.58672,1.19505
100.100,-4.69874,-25.78810,2.00371
100.110,-5.74155,-25.25471,0.53338
100.120,-7.02539,-25.65190,0.00000
100.130,-6.02119,-26.27043,1.00420
100.140,-7.27699,-26.01223,0.25820
100.150,-8.08954,-26.01292,0.00000
100.160,-8.06914,-25.94870,0.08462
100.170,-9.80625,-25.62102,0.32768
100.180,-8.96290,-25.83781,0.84335
100.190,-8.47767,-26.65226,0.48523
100.200,-9.26121,-22.95151,3.70075
100.210,-8.70084,-21.67839,1.83349
100.220,-8.68391,-23.79582,0.01693
100.230,-8.99844,-25.74318,0.00000
100.240,-8.30604,-26.07399,0.69240
100.250,-8.56333,-26.36134,0.00000
100.260,-8.49072,-26.78282,0.07261
100.270,-8.84486,-26.54207,0.24075
100.280,-9.07920,-26.69112,0.00000
100.290,-8.69277,-26.91351,0.38643
100.300,-9.17452,-22.21276,4.70074
100.310,-9.03647,-20.12527,2.22555
100.320,-9.01208,-20.75499,0.02438
100.330,-8.66378,-22.49828,0.34831
100.340,-8.80498,-24.62191,0.00000
100.350,-8.89245,-25.59493,0.00000
100.360,-8.76031,-25.59026,0.13680
100.370,-8.67775,-25.44541,0.22742
100.380,-8.65320,-25.63455,0.02455
100.390,-8.76678,-25.97340,0.00000
100.400,-8.27291,-23.22299,3.24427
100.410,-8.88750,-22.03952,1.18347
100.420,-8.19550,-22.66534,0.69200
100.430,-6.70863,-23.48522,1.48687
100.440,-5.38552,-25.46949,1.32310
100.450,-4.39619,-26.40387,0.98933
100.460,-4.23456,-26.74130,0.16163
100.470,-4.45581,-27.09368,0.00000
100.480,-5.82500,-26.73469,0.35899
100.490,-7.92373,-26.61791,0.11678
100.500,-6.77494,-26.89286,1.14879
100.510,-5.60213,-26.87970,1.18597
100.520,-5.73512,-26.35723,0.52247
100.530,-5.06044,-26.57070,0.67467
100.540,-4.90587,-26.84099,0.15457
100.550,-5.27619,-26.90653,0.00000
100.560,-5.13282,-26.91213,0.14337
100.570,-6.02493,-26.40553,0.50660
100.580,-6.73606,-26.49481,0.00000
100.590,-7.05741,-27.15409,0.00000
100.600,-8.59703,-23.45332,3.70077
100.610,-9.23588,-22.29544,1.15788
100.620,-9.40069,-24.59849,0.00000
100.630,-10.08699,-26.58108,0.00000
100.640,-10.00631,-26.92172,0.08068
100.650,-9.63325,-26.52049,0.77429
100.660,-9.51031,-26.68122,0.12294
100.670,-9.33486,-26.74836,0.17545
100.680,-9.02662,-26.14840,0.90820
100.690,-8.91259,-25.91482,0.34761
100.700,-8.77547,-25.61852,0.43342
100.710,-9.09931,-25.60076,0.01775
100.720,-9.22412,-26.04524,0.00000
100.730,-9.46940,-25.82509,0.22015
100.740,-9.45374,-25.57851,0.26224
100.750,-8.82364,-25.97072,0.63010
100.760,-8.63044,-25.73563,0.42829
100.770,-8.20636,-25.22447,0.93524
100.780,-8.83432,-25.41814,0.00000
100.790,-9.74844,-26.41132,0.00000
100.800,-8.94375,-19.49638,7.71963
100.810,-8.51836,-17.71212,2.20965
100.820,-7.82813,-19.62946,0.69023
100.830,-6.90778,-21.58741,0.92035
100.840,-6.31896,-23.66033,0.58882
100.850,-5.37160,-25.80550,0.94736
100.860,-5.21380,-26.85957,0.15781
100.870,-6.27303,-26.86394,0.00000
100.880,-5.96894,-27.21889,0.30409
100.890,-4.68457,-27.32820,1.28437
100.900,-4.68700,-26.91337,0.41484
100.910,-5.68181,-26.49245,0.42091
100.920,-6.30423,-26.01991,0.47254
100.930,-6.93524,-26.02925,0.00000
100.940,-7.93153,-26.35003,0.00000
100.950,-8.30824,-25.85972,0.49032
100.960,-9.49502,-25.91102,0.00000
100.970,-9.93543,-26.27137,0.00000
100.980,-9.02924,-25.53894,1.63862
100.990,-8.74657,-25.48000,0.34161
101.000,-8.17478,-22.53363,3.51816
101.010,-8.65910,-21.51784,1.01579
101.020,-9.32874,-23.69099,0.00000
101.030,-8.73766,-25.58556,0.59108
101.040,-8.71682,-26.00818,0.02085
101.050,-8.97442,-26.09382,0.00000
101.060,-8.61273,-25.41081,1.04470
101.070,-7.91501,-24.66176,1.44677
101.080,-8.10440,-24.25727,0.40448
101.090,-8.75473,-24.22947,0.02780
101.100,-8.34239,-20.79295,3.84886
101.110,-8.31546,-20.69160,0.12828
101.120,-7.54565,-24.79084,0.76982
101.130,-6.45054,-26.15228,1.09510
101.140,-6.10236,-26.63933,0.34818
101.150,-5.55823,-26.29002,0.89344
101.160,-5.54960,-26.01059,0.28806
101.170,-6.42570,-26.30943,0.00000
101.180,-6.48524,-26.75756,0.00000
101.190,-4.77888,-27.39328,1.70637
101.200,-4.35678,-23.95541,3.85996
101.210,-5.49864,-21.20062,2.75479
101.220,-5.83329,-20.94436,0.25626
101.230,-6.06843,-21.90023,0.00000
101.240,-6.64801,-22.90581,0.00000
101.250,-7.18824,-23.38240,0.00000
101.260,-9.22329,-24.14029,0.00000
101.270,-10.89448,-24.69296,0.00000
101.280,-10.68985,-24.49534,0.40225
101.290,-10.00413,-24.61712,0.68572
101.300,-9.49393,-24.64585,0.51020
101.310,-9.45317,-24.63562,0.05099
101.320,-9.10939,-24.84410,0.34377
101.330,-9.15951,-25.36454,0.00000
101.340,-9.05923,-25.45779,0.10028
101.350,-8.77833,-24.99502,0.74367
101.360,-8.81348,-25.07299,0.00000
101.370,-9.02857,-25.21057,0.00000
101.380,-8.62211,-25.15073,0.46630
101.390,-8.37744,-24.77353,0.62187
101.400,-8.47928,-19.15815,5.61538
101.410,-8.52614,-18.20117,0.95698
101.420,-7.94254,-21.51747,0.58360
101.430,-7.23938,-24.15485,0.70316
101.440,-6.43114,-25.45384,0.80824
101.450,-5.81513,-26.37134,0.61600
101.460,-5.51113,-27.58636,0.30400
101.470,-6.02941,-29.36292,0.00000
101.480,-6.91815,-31.26558,0.00000
101.490,-5.04048,-32.13031,1.87768
101.500,-4.19092,-31.53170,1.44817
101.510,-4.75037,-31.14891,0.38279
101.520,-4.66488,-31.55304,0.08549
101.530,-5.31379,-31.49430,0.05874
101.540,-5.94615,-30.83260,0.66170
101.550,-6.16350,-30.35215,0.48045
101.560,-7.95333,-29.78748,0.56466
101.570,-9.10684,-28.85870,0.92878
101.580,-10.43047,-28.36500,0.49370
101.590,-12.36596,-28.08779,0.27721
101.600,-10.82011,-23.46491,6.16872
101.610,-9.54445,-22.42687,2.31371
101.620,-8.31021,-23.39271,1.23423
101.630,-7.05347,-24.09472,1.25674
101.640,-6.19990,-26.26233,0.85358
101.650,-4.85048,-27.75360,1.34942
101.660,-4.91578,-28.56121,0.00000
101.670,-5.78850,-28.87981,0.00000
101.680,-5.16176,-29.47618,0.62673
101.690,-5.03846,-29.10702,0.49246
101.700,-5.44687,-28.83222,0.27480
101.710,-5.88507,-29.51765,0.00000
101.720,-7.44308,-30.09961,0.00000
101.730,-7.88307,-30.52150,0.00000
101.740,-7.89519,-30.65162,0.00000
101.750,-9.26713,-27.73488,2.91674
101.760,-8.01061,-24.35823,4.63317
101.770,-7.88794,-22.53762,1.94327
101.780,-8.71115,-21.96546,0.57217
101.790,-8.04903,-21.88865,0.73893
101.800,-8.65940,-21.11211,0.77654
101.810,-9.31305,-21.15029,0.00000
101.820,-9.76956,-23.32154,0.00000
101.830,-10.47376,-25.08944,0.00000
101.840,-9.29576,-25.32932,1.17801
101.850,-8.89906,-25.77922,0.39669
101.860,-9.24159,-25.72174,0.05748
101.870,-9.40754,-25.37105,0.35069
101.880,-9.23748,-25.27322,0.26789
101.890,-9.52763,-25.38541,0.00000
101.900,-9.66519,-21.44900,3.93641
101.910,-9.38096,-19.62758,2.10565
101.920,-9.48577,-20.25665,0.00000
101.930,-9.45940,-21.67259,0.02637
101.940,-9.69198,-23.46795,0.00000
101.950,-9.24422,-24.73925,0.44776
101.960,-9.23384,-25.07456,0.01038
101.970,-8.78186,-25.51169,0.45198
101.980,-8.66461,-26.67944,0.11726
101.990,-9.56642,-27.24873,0.00000
102.000,-8.71530,-23.40810,4.69175
102.010,-7.96630,-22.26718,1.88992
102.020,-7.46318,-23.26699,0.50312
102.030,-6.75808,-24.11037,0.70510
102.040,-5.22904,-26.33846,1.52904
102.050,-4.94448,-27.07321,0.28456
102.060,-4.98643,-27.06148,0.01173
102.070,-4.88113,-26.94464,0.22214
102.080,-6.02608,-26.69275,0.25189
102.090,-6.43366,-26.64391,0.04884
102.100,-5.89692,-26.82026,0.53674
102.110,-5.12649,-27.12826,0.77043
102.120,-5.10329,-26.64810,0.50336
102.130,-4.76125,-26.18269,0.80745
102.140,-4.62820,-26.24982,0.13305
102.150,-6.08774,-25.98873,0.26109
102.160,-6.41928,-25.68486,0.30387
102.170,-6.73151,-25.49375,0.19110
102.180,-8.03624,-25.12930,0.36445
102.190,-8.85507,-25.26961,0.00000
102.200,-9.60682,-22.55729,2.71232
102.210,-10.32712,-21.44522,1.11207
102.220,-10.83963,-23.10187,0.00000
102.230,-10.46623,-24.96281,0.37340
102.240,-9.96033,-25.43770,0.50590
102.250,-9.74262,-25.63712,0.21771
102.260,-10.39981,-24.17041,1.46671
102.270,-10.13381,-21.83303,2.60338
102.280,-10.63092,-20.96485,0.86818
102.290,-10.04709,-20.92128,0.62740
102.300,-9.91625,-21.36125,0.13084
102.310,-10.88182,-21.86553,0.00000
102.320,-9.93194,-22.51968,0.94988
102.330,-9.67050,-24.46834,0.26144
102.340,-9.79565,-27.20668,0.00000
102.350,-11.01700,-28.85518,0.00000
102.360,-9.94010,-28.48462,1.44746
102.370,-9.77516,-27.75989,0.88967
102.380,-10.30901,-27.43701,0.32288
102.390,-9.74078,-27.48150,0.56824
102.400,-9.57116,-19.26860,8.38253
102.410,-8.16997,-17.64560,3.02418
102.420,-7.89543,-19.64395,0.27454
102.430,-7.11857,-21.24747,0.77686
102.440,-6.17310,-23.50930,0.94547
102.450,-5.19302,-25.35849,0.98008
102.460,-4.89223,-25.78908,0.30079
102.470,-5.81796,-26.35118,0.00000
102.480,-5.92495,-26.99990,0.00000
102.490,-5.26945,-27.79531,0.65550
102.500,-4.78404,-28.99368,0.48542
102.510,-4.76227,-28.77258,0.24286
102.520,-5.09687,-28.83331,0.00000
102.530,-5.20366,-27.88091,0.95239
102.540,-4.93564,-24.51208,3.63686
102.550,-5.39412,-21.98191,2.53017
102.560,-5.72183,-20.86782,1.11409
102.570,-6.02136,-21.17491,0.00000
102.580,-6.48932,-21.74844,0.00000
102.590,-6.93970,-22.24318,0.00000
102.600,-7.77209,-20.47651,1.76667
102.610,-8.55485,-19.61247,0.86405
102.620,-8.72162,-20.60883,0.00000
102.630,-8.85088,-20.84598,0.00000
102.640,-8.92162,-21.19427,0.00000
102.650,-8.80110,-21.36333,0.12052
102.660,-8.79190,-21.24301,0.12953
102.670,-8.99231,-20.80853,0.43448
102.680,-8.78132,-20.88622,0.21099
102.690,-8.63007,-20.88618,0.15129
102.700,-9.22258,-19.55574,1.33044
102.710,-8.39478,-19.80805,0.82780
102.720,-8.37935,-21.19563,0.01543
102.730,-7.11709,-22.34882,1.26226
102.740,-5.17769,-24.13498,1.93941
102.750,-4.86004,-24.28439,0.31764
102.760,-5.94268,-23.62000,0.66439
102.770,-6.32602,-23.72646,0.00000
102.780,-5.97785,-25.04398,0.34818
102.790,-6.40758,-25.42989,0.00000
102.800,-6.71273,-21.68668,3.74321
102.810,-6.24701,-20.48774,1.66467
102.820,-6.57881,-21.64620,0.00000
102.830,-5.94962,-22.84895,0.62919
102.840,-6.31601,-23.91806,0.00000
102.850,-6.65262,-24.45610,0.00000
102.860,-6.92318,-24.51465,0.00000
102.870,-9.33874,-24.31881,0.19583
102.880,-8.87877,-24.33076,0.45997
102.890,-8.39992,-24.48608,0.47885
102.900,-7.12022,-24.83911,1.27970
102.910,-7.14598,-24.47913,0.35998
102.920,-6.96918,-24.31941,0.33652
102.930,-6.72964,-24.58344,0.23954
102.940,-6.12631,-24.33785,0.84892
102.950,-5.78314,-23.89285,0.78817
102.960,-7.34481,-23.44085,0.45200
102.970,-7.98984,-23.49991,0.00000
102.980,-6.74222,-23.77110,1.24763
102.990,-6.49549,-23.90469,0.24672
103.000,-7.00106,-20.72693,3.17776
103.010,-7.45400,-20.33368,0.39325
103.020,-7.87351,-23.57516,0.00000
103.030,-6.45337,-23.66938,1.42014
103.040,-5.55993,-21.44050,3.12232
103.050,-5.68715,-21.59042,0.00000
103.060,-5.85093,-22.77339,0.00000
103.070,-5.70833,-21.83609,1.07989
103.080,-7.40698,-21.27687,0.55922
103.090,-9.20717,-20.49699,0.77988
103.100,-7.75518,-20.44267,1.50630
103.110,-7.28752,-21.07139,0.46766
103.120,-6.60930,-20.92818,0.82143
103.130,-6.28891,-20.84269,0.40588
103.140,-7.59438,-20.67814,0.16455
103.150,-7.26938,-20.71101,0.32501
103.160,-5.24853,-20.71225,2.02084
103.170,-6.27474,-20.35569,0.35655
103.180,-10.13564,-20.05605,0.29964
103.190,-9.92065,-20.50068,0.21498
103.200,-9.24383,-20.06860,1.10890
103.210,-9.17758,-18.10593,2.02892
103.220,-7.05262,-16.87383,3.35706
103.230,-5.97660,-17.33143,1.07602
103.240,-6.31227,-19.06047,0.00000
103.250,-5.56072,-20.52930,0.75155
103.260,-6.59176,-20.82908,0.00000
103.270,-6.97712,-20.79247,0.03661
103.280,-5.49717,-21.65976,1.47994
103.290,-5.70205,-22.26026,0.00000
103.300,-5.70672,-22.10666,0.15360
103.310,-6.32730,-21.63029,0.47636
103.320,-6.64001,-21.71308,0.00000
103.330,-5.28642,-22.58854,1.35359
103.340,-4.89822,-22.76602,0.38820
103.350,-6.35418,-22.18308,0.58294
103.360,-6.37533,-22.00389,0.17919
103.370,-6.32390,-21.81457,0.24074
103.380,-8.34413,-21.57612,0.23845
103.390,-9.36783,-21.78565,0.00000
103.400,-8.92055,-20.66399,1.56895
103.410,-7.21329,-20.59626,1.77498
103.420,-7.34760,-22.05639,0.00000
103.430,-8.78226,-22.64895,0.00000
103.440,-7.52495,-23.20523,1.25730
103.450,-7.36328,-23.26908,0.16167
103.460,-7.16334,-23.14341,0.32561
103.470,-6.83468,-23.18600,0.32866
103.480,-8.31028,-22.96958,0.21643
103.490,-7.56720,-23.21022,0.74308
103.500,-7.23452,-20.98456,2.55834
103.510,-7.63303,-19.58972,1.39483
103.520,-7.45100,-20.43902,0.18204
103.530,-8.59237,-21.68537,0.00000
103.540,-7.64377,-22.69961,0.94860
103.550,-7.09523,-22.84432,0.54854
103.560,-7.37292,-22.98806,0.00000
103.570,-7.46666,-23.61440,0.00000
103.580,-8.14645,-23.55234,0.06206
103.590,-7.15833,-23.79653,0.98812
103.600,-7.15688,-21.61991,2.17808
103.610,-8.48209,-20.61575,1.00416
103.620,-7.59114,-21.55420,0.89095
103.630,-6.69967,-22.10057,0.89147
103.640,-5.23816,-23.50054,1.46151
103.650,-5.49500,-24.33788,0.00000
103.660,-6.33703,-24.41294,0.00000
103.670,-5.56376,-24.81503,0.77327
103.680,-6.30309,-24.82185,0.00000
103.690,-5.06285,-25.32722,1.24024
103.700,-4.26009,-25.69770,0.80276
103.710,-5.98503,-25.15883,0.53887
103.720,-5.89783,-24.73764,0.50839
103.730,-5.02299,-24.81376,0.87484
103.740,-7.07798,-24.20383,0.60993
103.750,-10.89515,-23.85061,0.35322
103.760,-8.66794,-24.25562,2.22720
103.770,-5.95284,-24.67047,2.71510
103.780,-6.74182,-24.75954,0.00000
103.790,-7.37519,-24.66150,0.09804
103.800,-6.65736,-22.77227,2.60706
103.810,-7.93121,-22.08375,0.68852
103.820,-7.79614,-23.38206,0.13507
103.830,-7.99807,-23.93122,0.00000
103.840,-9.16803,-23.95361,0.00000
103.850,-7.66149,-24.46443,1.50654
103.860,-7.60291,-24.66708,0.05858
103.870,-7.47359,-24.64962,0.14677
103.880,-7.27896,-25.13368,0.19463
103.890,-8.46852,-25.42208,0.00000
103.900,-7.24797,-25.73476,1.22055
103.910,-7.29256,-25.77062,0.00000
103.920,-8.29841,-25.73758,0.03304
103.930,-7.37936,-26.37649,0.91905
103.940,-8.28572,-26.56962,0.00000
103.950,-7.78480,-26.29913,0.77142
103.960,-7.17715,-25.92017,0.98660
103.970,-8.32236,-25.46022,0.45995
103.980,-7.39555,-25.18677,1.20026
103.990,-7.62693,-24.55438,0.63239
104.000,-7.21504,-19.60253,5.36373
104.010,-6.95613,-18.22613,1.63531
104.020,-7.43423,-19.77880,0.00000
104.030,-6.84404,-21.59006,0.59018
104.040,-6.17550,-23.70034,0.66854
104.050,-4.53439,-25.19693,1.64111
104.060,-4.93026,-25.92581,0.00000
104.070,-6.15632,-26.36833,0.00000
104.080,-4.82433,-27.44119,1.33199
104.090,-4.62873,-27.57928,0.19560
104.100,-6.99738,-27.02867,0.55061
104.110,-10.05393,-26.75253,0.27614
104.120,-6.98353,-27.32588,3.07040
104.130,-4.70410,-27.68826,2.27943
104.140,-5.23827,-27.02396,0.66430
104.150,-5.69661,-27.48125,0.00000
104.160,-4.55765,-27.98756,1.13896
104.170,-5.39964,-26.79273,1.19483
104.180,-7.19632,-26.69485,0.09789
104.190,-7.69405,-26.29546,0.39938
104.200,-8.81962,-22.84267,3.45280
104.210,-7.97762,-22.03154,1.65312
104.220,-7.94865,-23.94125,0.02898
104.230,-8.08220,-25.65771,0.00000
104.240,-7.76185,-26.20191,0.32034
104.250,-9.38051,-25.81993,0.38197
104.260,-8.31797,-25.78593,1.09654
104.270,-7.99174,-25.96836,0.32623
104.280,-8.20726,-25.59741,0.37095
104.290,-7.61366,-25.43201,0.75899
104.300,-8.41259,-20.78254,4.64947
104.310,-8.18610,-20.43075,0.57828
104.320,-7.64225,-24.71987,0.54386
104.330,-6.98708,-26.46375,0.65517
104.340,-6.35612,-27.13880,0.63096
104.350,-5.96459,-26.91870,0.61163
104.360,-4.93926,-26.62234,1.32169
104.370,-4.65141,-26.73848,0.28785
104.380,-6.05591,-26.62412,0.11435
104.390,-7.10022,-26.45012,0.17400
104.400,-6.42353,-23.07457,4.05224
104.410,-5.30671,-21.47871,2.71269
104.420,-4.69494,-21.81977,0.61177
104.430,-5.37800,-22.28779,0.00000
104.440,-6.01177,-23.47756,0.00000
104.450,-6.40257,-24.50664,0.00000
104.460,-8.06091,-24.82368,0.00000
104.470,-10.60063,-24.85865,0.00000
104.480,-10.20374,-25.09759,0.39689
104.490,-8.50930,-25.69886,1.69444
104.500,-9.24753,-26.06953,0.00000
104.510,-9.56345,-26.03229,0.03724
104.520,-8.68800,-26.10668,0.87545
104.530,-8.82407,-25.91396,0.19272
104.540,-8.69283,-25.60504,0.44017
104.550,-8.85764,-25.68838,0.00000
104.560,-9.28421,-25.87951,0.00000
104.570,-8.95559,-26.13382,0.32862
104.580,-8.66378,-26.28576,0.29181
104.590,-9.02261,-26.05479,0.23097
104.600,-9.18123,-19.30619,6.74860
104.610,-8.89123,-18.27376,1.32242
104.620,-7.85708,-22.00072,1.03415
104.630,-6.65576,-25.03786,1.20132
104.640,-5.56043,-26.37127,1.09533
104.650,-5.48331,-26.51241,0.07712
104.660,-5.44020,-26.04915,0.50637
104.670,-5.74617,-25.34358,0.70557
104.680,-6.50222,-25.18524,0.15835
104.690,-5.09285,-26.05116,1.40938
104.700,-4.61586,-26.50965,0.47698
104.710,-5.54052,-26.75037,0.00000
104.720,-6.54767,-27.15997,0.00000
104.730,-7.47366,-27.95749,0.00000
104.740,-7.51531,-29.03852,0.00000
104.750,-7.90533,-29.20287,0.00000
104.760,-8.10829,-29.70811,0.00000
104.770,-6.22907,-30.17363,1.87923
104.780,-6.03114,-29.77692,0.59463
104.790,-7.87027,-28.69392,1.08300
104.800,-8.01983,-23.91482,4.77910
104.810,-7.81696,-22.80659,1.31110
104.820,-8.41664,-23.47242,0.00000
104.830,-7.17529,-23.97898,1.24135
104.840,-5.95798,-26.45714,1.21731
104.850,-5.77936,-28.30273,0.17862
104.860,-6.12441,-29.13557,0.00000
104.870,-6.35029,-30.30465,0.00000
104.880,-6.13028,-31.67569,0.22001
104.890,-5.70265,-32.34445,0.42764
104.900,-5.59779,-32.25406,0.19524
104.910,-6.72032,-31.96359,0.29047
104.920,-7.58633,-31.98949,0.00000
104.930,-6.66041,-32.49810,0.92592
104.940,-6.12731,-32.83681,0.53310
104.950,-5.47623,-33.25338,0.65108
104.960,-5.69871,-31.79817,1.45521
104.970,-7.04090,-22.33772,9.46046
104.980,-7.35589,-19.37716,2.96056
104.990,-8.74393,-20.82325,0.00000
105.000,-10.31173,-21.67763,0.00000
105.010,-9.92441,-21.05577,1.00918
105.020,-10.38295,-22.94359,0.00000
105.030,-9.52252,-24.59292,0.86043
105.040,-9.29307,-25.43308,0.22945
105.050,-9.85202,-25.86857,0.00000
105.060,-9.75271,-26.14878,0.09931
105.070,-10.35518,-26.84665,0.00000
105.080,-10.13666,-27.49514,0.21851
105.090,-10.56108,-26.72235,0.77279
105.100,-11.64858,-21.77836,4.94399
105.110,-10.37431,-19.96014,3.09249
105.120,-10.42751,-20.78790,0.00000
105.130,-10.14737,-22.36884,0.28014
105.140,-10.53895,-24.38699,0.00000
105.150,-11.25791,-25.73655,0.00000
105.160,-9.66194,-26.38891,1.59598
105.170,-9.99575,-26.93925,0.00000
105.180,-9.46106,-27.05919,0.53469
105.190,-9.65642,-27.15443,0.00000
105.200,-10.40006,-23.17622,3.97821
105.210,-8.61014,-21.80957,3.15657
105.220,-7.15111,-22.81789,1.45902
105.230,-5.86153,-23.91229,1.28959
105.240,-5.73727,-25.87707,0.12426
105.250,-5.78097,-26.95240,0.00000
105.260,-5.00267,-27.17612,0.77830
105.270,-4.87959,-27.58998,0.12308
105.280,-6.05269,-27.55667,0.03331
105.290,-7.18957,-27.17162,0.38505
105.300,-6.32748,-27.67567,0.86209
105.310,-4.66412,-28.17156,1.66335
105.320,-4.47711,-27.74822,0.61035
105.330,-6.12843,-27.20311,0.54512
105.340,-5.87675,-26.87297,0.58182
105.350,-5.87522,-27.71433,0.00153
105.360,-9.26747,-29.82606,0.00000
105.370,-11.58569,-31.20730,0.00000
105.380,-9.62103,-31.30026,1.96466
105.390,-9.31124,-30.60748,1.00257
105.400,-10.60970,-23.43631,7.17117
105.410,-10.41569,-21.69308,1.93724
105.420,-10.20504,-24.30548,0.21065
105.430,-11.33348,-26.79910,0.00000
105.440,-10.70620,-25.28186,2.14452
105.450,-10.75619,-22.80270,2.47917
105.460,-11.34963,-21.33032,1.47238
105.470,-10.59630,-20.90664,1.17700
105.480,-11.21238,-21.47722,0.00000
105.490,-10.36041,-22.18428,0.85197
105.500,-10.11767,-22.22930,0.24274
105.510,-11.64512,-22.16246,0.06684
105.520,-10.02071,-22.46508,1.62441
105.530,-10.13218,-22.40992,0.05516
105.540,-10.29464,-21.46735,0.94257
105.550,-10.09295,-21.64085,0.20169
105.560,-11.29866,-21.30213,0.33872
105.570,-10.70298,-21.10485,0.79296
105.580,-11.66198,-22.88115,0.00000
105.590,-11.89807,-24.95115,0.00000
105.600,-8.99694,-18.99642,8.85586
105.610,-7.80942,-17.48041,2.70353
105.620,-7.38041,-19.37015,0.42901
105.630,-6.36065,-21.06968,1.01976
105.640,-5.60864,-23.13687,0.75200
105.650,-5.32398,-24.53991,0.28467
105.660,-5.03033,-25.27104,0.29364
105.670,-5.25916,-25.20735,0.06369
105.680,-6.39444,-24.89385,0.31350
105.690,-7.13555,-24.84567,0.04818
105.700,-6.53354,-25.05911,0.60201
105.710,-5.95453,-25.28849,0.57901
105.720,-5.69897,-25.38301,0.25556
105.730,-5.72681,-25.37612,0.00689
105.740,-6.03144,-25.74097,0.00000
105.750,-6.30324,-26.04020,0.00000
105.760,-7.01251,-25.66826,0.37194
105.770,-7.35626,-25.22110,0.44716
105.780,-7.36942,-25.36447,0.00000
105.790,-8.26149,-25.88270,0.00000
105.800,-9.25516,-21.09435,4.78835
105.810,-9.30970,-19.59627,1.49808
105.820,-8.94032,-20.68000,0.36938
105.830,-8.65497,-21.01056,0.28534
105.840,-8.76966,-21.31528,0.00000
105.850,-9.04813,-21.24449,0.07079
105.860,-8.93071,-21.45066,0.11742
105.870,-8.54077,-21.58270,0.38994
105.880,-8.75997,-22.06268,0.00000
105.890,-9.32280,-21.91607,0.14662
105.900,-9.09344,-20.32728,1.81815
105.910,-8.82031,-20.23125,0.36917
105.920,-8.07483,-21.49229,0.74548
105.930,-6.37321,-22.58804,1.70162
105.940,-5.70197,-23.45877,0.67124
105.950,-5.10854,-24.58549,0.59343
105.960,-4.93252,-24.34355,0.41795
105.970,-6.13494,-23.32248,1.02107
105.980,-6.58509,-24.07464,0.00000
105.990,-5.14114,-24.91162,1.44396
106.000,-4.60891,-22.83022,2.61363
106.010,-4.94732,-21.45144,1.37878
106.020,-5.02616,-21.47482,0.00000
106.030,-5.25535,-22.65757,0.00000
106.040,-5.15616,-23.98205,0.09919
106.050,-5.40273,-24.67369,0.00000
106.060,-5.83944,-24.88372,0.00000
106.070,-6.18003,-24.75828,0.12544
106.080,-6.78408,-24.77592,0.00000
106.090,-7.48840,-24.76412,0.01179
106.100,-7.88087,-24.80820,0.00000
106.110,-8.25737,-24.46407,0.34413
106.120,-8.81693,-24.33491,0.12916
106.130,-8.26616,-24.08953,0.79615
106.140,-8.53402,-24.08704,0.00249
106.150,-9.56781,-24.36137,0.00000
106.160,-9.24255,-24.64697,0.32525
106.170,-8.79399,-25.40229,0.44856
106.180,-8.83408,-25.95846,0.00000
106.190,-9.31485,-25.10995,0.84851
106.200,-9.52075,-20.08049,5.02946
106.210,-9.46995,-18.98646,1.14484
106.220,-8.07514,-20.54735,1.39481
106.230,-7.02514,-20.92288,1.05000
106.240,-6.40470,-20.95261,0.62044
106.250,-5.77021,-20.69398,0.89313
106.260,-6.17071,-20.42710,0.26687
106.270,-5.94088,-20.55027,0.22983
106.280,-4.95225,-21.41386,0.98864
106.290,-5.48731,-22.21809,0.00000
106.300,-6.41840,-23.79363,0.00000
106.310,-6.53092,-27.20277,0.00000
106.320,-6.76008,-29.99653,0.00000
106.330,-6.48444,-31.78019,0.27564
106.340,-7.03602,-32.68375,0.00000
106.350,-7.28182,-33.07803,0.00000
106.360,-7.38808,-33.12100,0.00000
106.370,-7.81653,-33.59574,0.00000
106.380,-8.72050,-29.67576,3.91998
106.390,-9.29046,-27.40616,2.26961
106.400,-8.92140,-23.50322,4.27200
106.410,-8.34867,-22.04756,2.02839
106.420,-7.13402,-22.58573,1.21465
106.430,-6.39654,-23.58077,0.73748
106.440,-5.77627,-25.53182,0.62027
106.450,-4.80865,-26.98119,0.96762
106.460,-4.92834,-26.94965,0.03154
106.470,-6.46315,-25.96989,0.97976
106.480,-6.07976,-26.19595,0.38339
106.490,-5.03619,-26.65087,1.04357
106.500,-4.59855,-26.64855,0.43996
106.510,-4.99747,-25.95180,0.69675
106.520,-6.01400,-25.79711,0.15469
106.530,-5.85483,-26.28903,0.15917
106.540,-6.24123,-26.63749,0.00000
106.550,-7.48076,-26.56046,0.07703
106.560,-7.77244,-26.01706,0.54341
106.570,-8.62058,-25.78466,0.23240
106.580,-8.91997,-25.71177,0.07289
106.590,-8.66588,-26.09223,0.25409
106.600,-9.02152,-22.84768,3.24454
106.610,-8.41217,-21.89567,1.56136
106.620,-7.85351,-24.09476,0.55866
106.630,-7.50184,-25.70687,0.35167
106.640,-7.80327,-26.53510,0.00000
106.650,-8.77447,-26.63797,0.00000
106.660,-8.78216,-26.50847,0.12950
106.670,-8.75395,-26.46939,0.06729
106.680,-8.18868,-26.41336,0.62130
106.690,-7.68489,-26.57996,0.50378
106.700,-7.40757,-22.62975,4.22753
106.710,-7.83960,-20.87533,1.75442
106.720,-8.88545,-21.52663,0.00000
106.730,-8.22448,-22.97503,0.66097
106.740,-8.71886,-25.16817,0.00000
106.750,-9.31479,-26.23188,0.00000
106.760,-8.53502,-26.37593,0.77978
106.770,-8.37075,-26.23398,0.30622
106.780,-8.31642,-26.40145,0.05433
106.790,-8.46951,-26.90950,0.00000
106.800,-8.22416,-23.38872,3.76612
106.810,-8.28654,-22.37504,1.01368
106.820,-7.28750,-23.55416,0.99904
106.830,-6.21948,-24.06412,1.06802
106.840,-6.14207,-25.58433,0.07741
106.850,-5.45566,-26.65800,0.68641
106.860,-5.04080,-27.16632,0.41486
106.870,-5.00307,-27.51125,0.03773
106.880,-5.82465,-27.09229,0.41895
106.890,-7.73756,-26.44588,0.64641
106.900,-7.58255,-26.66814,0.15501
106.910,-6.63661,-27.54493,0.94594
106.920,-6.17153,-27.84224,0.46508
106.930,-4.89068,-28.38075,1.28086
106.940,-4.61851,-28.35648,0.29644
106.950,-4.64115,-28.26534,0.09114
106.960,-4.45186,-28.38077,0.18929
106.970,-5.83223,-27.69316,0.68761
106.980,-6.61759,-27.38676,0.30640
106.990,-6.47872,-27.19538,0.33024
107.000,-7.13607,-23.49469,3.70069
107.010,-7.91497,-22.47266,1.02204
107.020,-7.98922,-24.61721,0.00000
107.030,-8.11110,-26.11409,0.00000
107.040,-8.66413,-26.20060,0.00000
107.050,-8.38793,-26.47306,0.27620
107.060,-8.34383,-26.77125,0.04410
107.070,-8.06965,-26.90228,0.27418
107.080,-8.22139,-26.99818,0.00000
107.090,-8.05359,-26.93539,0.23060
107.100,-8.11427,-26.99213,0.00000
107.110,-8.49461,-26.84693,0.14519
107.120,-8.28332,-26.56937,0.48884
107.130,-8.87651,-26.38791,0.18146
107.140,-8.97811,-26.36023,0.02768
107.150,-8.69894,-26.64359,0.27917
107.160,-7.94162,-26.98781,0.75733
107.170,-7.98466,-26.81689,0.17092
107.180,-7.85013,-26.16591,0.78551
107.190,-7.20900,-26.17404,0.64113
107.200,-7.58817,-19.94165,6.23239
107.210,-7.64659,-18.33781,1.60384
107.220,-6.99794,-20.15071,0.64864
107.230,-6.54656,-22.13031,0.45138
107.240,-5.88840,-24.61977,0.65816
107.250,-4.94828,-26.30877,0.94012
107.260,-4.90870,-27.01289,0.03957
107.270,-6.06250,-26.96008,0.05282
107.280,-6.04840,-27.14841,0.01410
107.290,-5.28602,-27.48033,0.76238
107.300,-4.88998,-27.65442,0.39605
107.310,-4.97369,-27.58487,0.06955
107.320,-6.08217,-27.23935,0.34552
107.330,-6.10543,-27.11767,0.12168
107.340,-6.76714,-26.88611,0.23156
107.350,-8.88142,-26.81979,0.06632
107.360,-8.77901,-26.88886,0.10241
107.370,-8.96478,-26.26494,0.62392
107.380,-9.49660,-26.22417,0.04077
107.390,-8.26358,-26.03712,1.42007
107.400,-8.11223,-22.59184,3.59663
107.410,-8.53247,-21.80208,0.78977
107.420,-8.73354,-24.40135,0.00000
107.430,-9.34767,-26.22175,0.00000
107.440,-8.80795,-26.12612,0.63535
107.450,-9.05136,-26.38973,0.00000
107.460,-9.16358,-26.06634,0.32339
107.470,-9.03792,-25.24873,0.94327
107.480,-9.02608,-25.22161,0.03897
107.490,-8.72943,-25.50687,0.29665
107.500,-8.84264,-20.81160,4.69528
107.510,-8.47783,-20.56503,0.61138
107.520,-7.26917,-25.16508,1.20867
107.530,-7.03600,-26.66381,0.23317
107.540,-5.89564,-26.93911,1.14035
107.550,-5.09982,-27.23855,0.79582
107.560,-5.08405,-27.08129,0.17302
107.570,-5.69121,-26.44454,0.63675
107.580,-6.98253,-26.69686,0.00000
107.590,-5.56819,-27.86938,1.41435
107.600,-4.48484,-24.42482,4.52791
107.610,-5.11615,-21.85693,2.56789
107.620,-5.82046,-21.77113,0.08580
107.630,-5.87323,-22.70531,0.00000
107.640,-6.80857,-23.66198,0.00000
107.650,-7.37231,-24.28078,0.00000
107.660,-8.32397,-24.68723,0.00000
107.670,-9.82979,-24.74214,0.00000
107.680,-10.11945,-24.76762,0.00000
107.690,-10.83572,-25.19646,0.00000
107.700,-10.82243,-25.58161,0.01329
107.710,-9.94841,-25.58093,0.87470
107.720,-9.22851,-25.11671,1.18412
107.730,-8.93559,-25.20331,0.29292
107.740,-9.23869,-25.52945,0.00000
107.750,-9.33153,-25.47326,0.05618
107.760,-9.21590,-25.98852,0.11563
107.770,-9.33340,-26.39644,0.00000
107.780,-8.84258,-26.42623,0.49081
107.790,-8.45813,-26.47576,0.38445
107.800,-8.42103,-19.29745,7.21541
107.810,-8.54936,-18.22030,1.07715
107.820,-7.68728,-22.02260,0.86208
107.830,-6.78198,-24.91418,0.90530
107.840,-5.54183,-25.91370,1.24015
107.850,-5.15675,-26.36429,0.38508
107.860,-5.27446,-26.87612,0.00000
107.870,-5.61214,-26.97717,0.00000
107.880,-6.78550,-27.16177,0.00000
107.890,-6.00522,-27.97843,0.78028
107.900,-5.22798,-28.78258,0.77724
107.910,-5.15113,-29.05942,0.07685
107.920,-5.25993,-27.57475,1.48467
107.930,-5.52562,-26.89878,0.67598
107.940,-5.81261,-27.58138,0.00000
107.950,-6.62143,-27.82332,0.00000
107.960,-7.78614,-27.21297,0.61035
107.970,-8.83216,-26.65000,0.56297
107.980,-10.46923,-26.47381,0.17619
107.990,-12.09936,-25.81391,0.65990
108.000,-10.55167,-22.97277,4.38883
108.010,-9.27104,-22.30684,1.94655
108.020,-8.03981,-23.10603,1.23123
108.030,-7.05801,-23.65233,0.98180
108.040,-6.72089,-25.48681,0.33712
108.050,-5.33722,-26.54419,1.38367
108.060,-5.18936,-26.50013,0.19192
108.070,-6.19408,-26.99084,0.00000
108.080,-5.93932,-27.39893,0.25476
108.090,-5.06436,-27.68429,0.87497
108.100,-4.93700,-27.45390,0.35775
108.110,-6.21449,-27.03606,0.41784
108.120,-7.22050,-26.99276,0.04329
108.130,-7.39171,-27.52885,0.00000
108.140,-8.48824,-28.72241,0.00000
108.150,-9.07741,-29.25459,0.00000
108.160,-8.81910,-27.73075,1.78215
108.170,-9.43089,-27.16424,0.56651
108.180,-9.42548,-28.76834,0.00540
108.190,-9.87192,-29.91387,0.00000
108.200,-11.11223,-22.87046,7.04341
108.210,-11.63023,-21.20110,1.66935
108.220,-12.72140,-23.90107,0.00000
108.230,-12.48300,-26.77028,0.23840
108.240,-12.20506,-26.94332,0.27794
108.250,-11.75909,-27.20900,0.44597
108.260,-11.22769,-28.30605,0.53140
108.270,-11.26677,-28.80309,0.00000
108.280,-10.96641,-28.70179,0.40166
108.290,-11.26704,-28.68017,0.02162
108.300,-11.51903,-22.26699,6.41318
108.310,-11.83394,-20.02376,2.24323
108.320,-11.53552,-20.91591,0.29842
108.330,-10.63211,-22.89816,0.90341
108.340,-10.09287,-25.83729,0.53924
108.350,-9.68473,-27.93459,0.40814
108.360,-10.09105,-28.68822,0.00000
108.370,-10.25981,-29.17220,0.00000
108.380,-10.24125,-29.68847,0.01857
108.390,-10.49023,-30.71689,0.00000
108.400,-9.61920,-24.10059,7.48732
108.410,-8.42612,-22.50554,2.78813
108.420,-7.36402,-23.57979,1.06210
108.430,-6.52568,-24.54846,0.83834
108.440,-5.42415,-27.10310,1.10154
108.450,-5.15926,-28.75732,0.26488
108.460,-5.00470,-29.86389,0.15457
108.470,-4.96307,-30.57631,0.04163
108.480,-5.92337,-29.97837,0.59793
108.490,-6.00754,-29.75926,0.21911
108.500,-5.46466,-29.82756,0.54288
108.510,-4.78279,-30.21977,0.68187
108.520,-4.59227,-30.67645,0.19052
108.530,-4.70409,-30.63513,0.04132
108.540,-4.36767,-31.07064,0.33642
108.550,-5.30368,-30.45593,0.61471
108.560,-6.23911,-30.49877,0.00000
108.570,-6.48867,-32.15204,0.00000
108.580,-8.27271,-32.92508,0.00000
108.590,-9.79504,-32.81285,0.11223
108.600,-10.98686,-24.11968,8.69316
108.610,-11.57436,-22.30859,1.81109
108.620,-12.40136,-25.02189,0.00000
108.630,-11.94851,-28.61823,0.45285
108.640,-10.54218,-29.89180,1.40633
108.650,-9.96733,-29.01448,1.45217
108.660,-9.73006,-27.84261,1.40914
108.670,-9.47274,-27.24847,0.85146
108.680,-9.33685,-27.77886,0.13589
108.690,-9.73129,-28.98322,0.00000
108.700,-9.28918,-29.88033,0.44212
108.710,-9.82287,-30.81980,0.00000
108.720,-9.80132,-31.64747,0.02156
108.730,-9.10127,-31.69051,0.70005
108.740,-9.12516,-31.25482,0.43569
108.750,-9.49038,-30.93908,0.31575
108.760,-10.27311,-30.91808,0.02100
108.770,-9.71719,-30.54753,0.92647
108.780,-10.60864,-30.14662,0.40090
108.790,-11.61713,-29.25575,0.89088
108.800,-8.73638,-19.27372,12.86277
108.810,-7.71997,-17.70777,2.58236
108.820,-7.46116,-19.93983,0.25881
108.830,-6.38688,-21.74017,1.07427
108.840,-5.81734,-24.33144,0.56954
108.850,-4.77341,-26.60350,1.04393
108.860,-4.45126,-27.23782,0.32215
108.870,-5.76683,-26.58640,0.65142
108.880,-6.48340,-26.89856,0.00000
108.890,-4.59947,-27.99262,1.88393
108.900,-4.46728,-27.54554,0.57928
108.910,-5.13874,-27.18937,0.35616
108.920,-5.20569,-27.59291,0.00000
108.930,-4.92247,-27.93348,0.28323
108.940,-5.01112,-27.89586,0.03763
108.950,-5.16690,-27.77397,0.12189
108.960,-5.61435,-27.89827,0.00000
108.970,-6.07921,-27.69358,0.20469
108.980,-6.19817,-27.29083,0.40275
108.990,-7.52383,-27.65044,0.00000
109.000,-7.52939,-21.02341,6.62703
109.010,-8.05466,-19.56264,1.46076
109.020,-8.66037,-21.25914,0.00000
109.030,-8.78027,-21.54689,0.00000
109.040,-8.92662,-21.90165,0.00000
109.050,-9.13837,-21.54454,0.35711
109.060,-8.72872,-21.65927,0.40965
109.070,-8.25011,-21.96547,0.47861
109.080,-8.49820,-21.97900,0.00000
109.090,-9.03820,-21.87763,0.10136
109.100,-8.50249,-20.23903,2.17431
109.110,-8.52702,-19.97934,0.25969
109.120,-8.04459,-21.46737,0.48243
109.130,-7.41465,-22.66483,0.62994
109.140,-7.24671,-23.23556,0.16794
109.150,-6.54249,-23.89593,0.70422
109.160,-6.54579,-23.94479,0.00000
109.170,-5.89257,-24.53531,0.65322
109.180,-4.82399,-26.65543,1.06858
109.190,-5.47481,-27.71074,0.00000
109.200,-5.86196,-23.60971,4.10104
109.210,-6.40218,-21.03938,2.57033
109.220,-6.63796,-21.03527,0.00411
109.230,-6.52210,-22.29959,0.11586
109.240,-6.83760,-23.62527,0.00000
109.250,-6.92081,-24.46208,0.00000
109.260,-7.86937,-25.16910,0.00000
109.270,-8.35844,-25.74429,0.00000
109.280,-8.65965,-25.94643,0.00000
109.290,-8.46847,-25.75376,0.38385
109.300,-8.53449,-25.81975,0.00000
109.310,-8.79244,-26.41773,0.00000
109.320,-8.79261,-26.88936,0.00000
109.330,-8.76957,-26.64066,0.27173
109.340,-9.07838,-26.47999,0.16067
109.350,-9.73246,-26.27108,0.20892
109.360,-9.55420,-25.81481,0.63452
109.370,-9.73580,-25.78919,0.02562
109.380,-9.39277,-26.06182,0.34302
109.390,-9.27096,-26.18744,0.12182
109.400,-9.66590,-20.97878,5.20867
109.410,-9.09428,-20.13076,1.41964
109.420,-8.11814,-23.65083,0.97614
109.430,-6.45250,-26.27999,1.66564
109.440,-5.01272,-27.54581,1.43977
109.450,-5.00253,-27.83005,0.01019
109.460,-4.87315,-28.05170,0.12938
109.470,-4.67326,-28.23957,0.19990
109.480,-6.51629,-27.68524,0.55433
109.490,-7.20893,-27.83557,0.00000
109.500,-6.63853,-27.76595,0.64002
109.510,-6.44387,-27.64101,0.31959
109.520,-6.07644,-27.80397,0.36744
109.530,-6.23445,-27.73204,0.07192
109.540,-6.25152,-28.12518,0.00000
109.550,-7.06841,-28.28718,0.00000
109.560,-7.57617,-28.23981,0.04737
109.570,-8.24362,-28.02279,0.21702
109.580,-8.60593,-27.80902,0.21378
109.590,-8.93989,-24.21056,3.59846
109.600,-9.94120,-20.88421,3.32635
109.610,-8.46950,-20.70329,1.65261
109.620,-6.67089,-22.09690,1.79861
109.630,-6.07052,-23.48993,0.60037
109.640,-6.78385,-25.51355,0.00000
109.650,-5.41790,-26.84047,1.36596
109.660,-5.50218,-27.24894,0.00000
109.670,-6.42660,-27.21311,0.03583
109.680,-5.35282,-27.45556,1.07379
109.690,-5.30145,-27.41340,0.09353
109.700,-5.89241,-26.61483,0.79857
109.710,-6.93234,-25.80109,0.81374
109.720,-6.31418,-26.83361,0.61816
109.730,-4.67950,-28.51020,1.63467
109.740,-4.79942,-28.23804,0.27217
109.750,-6.22316,-27.51006,0.72798
109.760,-5.67259,-27.32787,0.73276
109.770,-5.79736,-26.93920,0.38868
109.780,-7.85441,-26.41900,0.52020
109.790,-9.73789,-26.46457,0.00000
109.800,-9.51495,-22.92168,3.76582
109.810,-7.58363,-21.93111,2.92190
109.820,-8.37975,-23.50317,0.00000
109.830,-8.72867,-24.65454,0.00000
109.840,-8.15416,-25.27426,0.57450
109.850,-8.84272,-25.04774,0.22651
109.860,-8.08564,-25.11711,0.75708
109.870,-8.23999,-25.38086,0.00000
109.880,-8.90725,-24.80823,0.57263
109.890,-7.63557,-24.36111,1.71880
109.900,-7.65436,-21.71412,2.64699
109.910,-7.64949,-20.18360,1.53539
109.920,-7.78194,-20.99796,0.00000
109.930,-9.47666,-22.45626,0.00000
109.940,-7.96121,-24.10378,1.51544
109.950,-7.39317,-25.26173,0.56804
109.960,-7.13274,-25.56957,0.26043
109.970,-7.43443,-25.45255,0.11702
109.980,-8.87083,-24.84682,0.60573
109.990,-7.20020,-24.94857,1.67063
110.000,-7.21402,-22.52344,2.42513
110.010,-8.83951,-21.88415,0.63929
110.020,-7.99920,-22.84187,0.84031
110.030,-7.39810,-23.05169,0.60110
110.040,-5.60421,-24.82948,1.79389
110.050,-5.44666,-25.79238,0.15755
110.060,-5.64865,-25.98362,0.00000
110.070,-4.90671,-26.64390,0.74194
110.080,-5.94952,-27.18833,0.00000
110.090,-4.68428,-28.05484,1.26524
110.100,-4.16756,-28.15151,0.51671
110.110,-6.24556,-27.28572,0.86579
110.120,-5.94146,-27.31330,0.30410
110.130,-5.00174,-27.69312,0.93972
110.140,-7.33678,-27.11269,0.58042
110.150,-10.74629,-26.59349,0.51920
110.160,-7.89431,-26.44087,3.00461
110.170,-6.53591,-26.84005,1.35841
110.180,-7.89946,-27.11408,0.00000
110.190,-7.18193,-26.32655,1.50505
110.200,-6.41109,-22.79819,4.29921
110.210,-7.34833,-21.72944,1.06875
110.220,-7.25519,-23.47422,0.09314
110.230,-7.55400,-24.43117,0.00000
110.240,-8.57105,-24.88606,0.00000
110.250,-8.41474,-25.81550,0.15631
110.260,-7.74682,-25.51104,0.97239
110.270,-7.37890,-25.29686,0.58210
110.280,-8.00724,-25.75444,0.00000
110.290,-9.01153,-26.71277,0.00000
110.300,-8.20643,-27.22512,0.80510
110.310,-7.78028,-26.87988,0.77139
110.320,-7.28791,-26.93056,0.49236
110.330,-7.44591,-26.86100,0.06956
110.340,-8.29157,-26.83944,0.02155
110.350,-7.98106,-27.89708,0.31052
110.360,-8.77613,-28.46050,0.00000
110.370,-8.29558,-28.17179,0.76926
110.380,-7.63774,-28.30259,0.65784
110.390,-8.16267,-27.85241,0.45018
110.400,-7.31664,-19.80783,8.89062
110.410,-7.31768,-18.13544,1.67239
110.420,-7.63176,-19.94752,0.00000
110.430,-7.54966,-21.86521,0.08209
110.440,-6.29895,-24.84642,1.25071
110.450,-4.66689,-27.58268,1.63206
110.460,-4.93129,-28.96865,0.00000
110.470,-5.38377,-29.63249,0.00000
110.480,-4.39290,-30.25946,0.99087
110.490,-4.46669,-29.99506,0.26440
110.500,-7.30508,-29.26972,0.72534
110.510,-10.41219,-28.82121,0.44852
110.520,-6.56728,-29.52883,3.84491
110.530,-5.03752,-29.76612,1.52977
110.540,-6.39013,-29.50626,0.25986
110.550,-5.33041,-29.98015,1.05971
110.560,-4.31523,-29.82505,1.17029
110.570,-6.29405,-28.23518,1.58987
110.580,-6.88098,-27.43290,0.80229
110.590,-6.68923,-27.29773,0.32692
110.600,-7.97562,-23.06794,4.22980
110.610,-8.02435,-22.16666,0.90128
110.620,-8.02478,-24.34139,0.00000
110.630,-7.60877,-25.50595,0.41601
110.640,-7.52993,-25.72203,0.07885
110.650,-8.96644,-25.97454,0.00000
110.660,-8.06517,-26.28528,0.90127
110.670,-7.70109,-26.03787,0.61148
110.680,-8.08611,-26.01341,0.02446
110.690,-8.22864,-25.96714,0.04626
110.700,-9.01437,-20.94515,5.02199
110.710,-7.81054,-20.55479,1.59419
110.720,-7.59170,-24.74500,0.21884
110.730,-6.94950,-26.70405,0.64220
110.740,-6.28726,-27.66344,0.66224
110.750,-6.18556,-27.70894,0.10170
110.760,-5.13483,-27.92750,1.05073
110.770,-4.94258,-28.01350,0.19225
110.780,-6.71964,-28.38912,0.00000
110.790,-8.63522,-28.50320,0.00000
110.800,-6.77485,-23.47805,6.88552
110.810,-4.89045,-21.49829,3.86416
110.820,-4.78567,-21.89495,0.10478
110.830,-5.63205,-22.85523,0.00000
110.840,-5.70181,-24.53514,0.00000
110.850,-5.99953,-25.48002,0.00000
110.860,-7.84933,-25.84552,0.00000
110.870,-10.15815,-25.68180,0.16373
110.880,-9.57934,-25.42517,0.83544
110.890,-8.89535,-25.58777,0.68399
110.900,-9.19029,-25.57861,0.00916
110.910,-9.02429,-25.85504,0.16600
110.920,-9.07021,-26.23820,0.00000
110.930,-9.99872,-26.15423,0.08397
110.940,-9.81644,-26.19256,0.18228
110.950,-9.66440,-26.00925,0.33535
110.960,-10.29468,-25.95794,0.05130
110.970,-9.42960,-25.73078,1.09225
110.980,-9.50208,-25.80257,0.00000
110.990,-9.41090,-26.28079,0.09118
111.000,-8.88217,-19.02171,7.78782
111.010,-8.59491,-17.89056,1.41840
111.020,-7.23175,-21.71194,1.36316
111.030,-6.47997,-25.52633,0.75178
111.040,-5.92065,-27.51563,0.55931
111.050,-6.06297,-28.17886,0.00000
111.060,-5.62317,-28.61610,0.43980
111.070,-5.81644,-28.97352,0.00000
111.080,-7.58964,-29.35055,0.00000
111.090,-5.62114,-30.04431,1.96850
111.100,-4.34816,-31.24302,1.27298
111.110,-5.49372,-32.07178,0.00000
111.120,-6.35617,-32.29287,0.00000
111.130,-6.36940,-32.53698,0.00000
111.140,-7.80789,-32.34434,0.19263
111.150,-9.82787,-32.84911,0.00000
111.160,-8.42788,-33.86581,1.39999
111.170,-6.86624,-33.39436,2.03309
111.180,-7.52942,-32.53864,0.85572
111.190,-8.38975,-32.22181,0.31683
111.200,-8.07607,-24.69258,7.84290
111.210,-7.90661,-23.18753,1.67452
111.220,-7.41633,-24.22925,0.49028
111.230,-6.94828,-24.93715,0.46805
111.240,-6.45415,-27.41149,0.49413
111.250,-5.54468,-28.85699,0.90947
111.260,-5.01493,-29.63995,0.52975
111.270,-6.09712,-30.68342,0.00000
111.280,-6.36712,-31.47174,0.00000
111.290,-5.40071,-32.56006,0.96641
111.300,-5.44676,-33.01973,0.00000
111.310,-6.05101,-32.87294,0.14679
111.320,-7.63417,-33.43456,0.00000
111.330,-8.24893,-33.32283,0.11173
111.340,-6.46287,-29.84351,5.26537
111.350,-5.46943,-25.85655,4.98040
111.360,-5.83774,-23.32996,2.52658
111.370,-6.63627,-21.62411,1.70585
111.380,-6.83604,-20.90688,0.71723
111.390,-7.28009,-21.23695,0.00000
111.400,-8.57678,-20.75430,0.48265
111.410,-9.54246,-20.75034,0.00396
111.420,-10.39110,-22.86114,0.00000
111.430,-10.45199,-25.14289,0.00000
111.440,-10.80997,-25.44778,0.00000
111.450,-10.42957,-25.88209,0.38040
111.460,-10.96383,-27.46005,0.00000
111.470,-11.21362,-28.48827,0.00000
111.480,-10.34197,-28.94685,0.87165
111.490,-11.35364,-29.75690,0.00000
111.500,-10.82062,-22.27531,8.01461
111.510,-10.98203,-20.03691,2.23840
111.520,-11.16248,-20.91960,0.00000
111.530,-9.78168,-22.96333,1.38080
111.540,-10.32273,-26.24916,0.00000
111.550,-11.20380,-27.99649,0.00000
111.560,-10.55775,-29.01236,0.64604
111.570,-10.78212,-29.88490,0.00000
111.580,-9.97336,-30.57247,0.80875
111.590,-10.01426,-30.93629,0.00000
111.600,-10.57789,-23.69424,7.24204
111.610,-9.33755,-21.93803,2.99656
111.620,-7.78041,-22.32914,1.55714
111.630,-5.94917,-22.43933,1.83125
111.640,-5.45259,-23.95488,0.49657
111.650,-5.46561,-24.88141,0.00000
111.660,-5.44562,-24.70477,0.19663
111.670,-5.24576,-23.57639,1.32824
111.680,-5.98305,-22.32141,1.25498
111.690,-6.97202,-21.18278,1.13863
111.700,-5.67421,-21.29917,1.29780
111.710,-4.74598,-22.20927,0.92823
111.720,-4.84969,-22.39396,0.00000
111.730,-5.40346,-22.43964,0.00000
111.740,-5.38458,-22.39736,0.06116
111.750,-5.99912,-21.76447,0.63289
111.760,-8.32758,-21.31958,0.44490
111.770,-10.52467,-21.55254,0.00000
111.780,-10.58260,-21.89383,0.00000
111.790,-10.84933,-22.72570,0.00000
111.800,-11.94709,-21.33654,1.38915
111.810,-10.35334,-19.90362,3.02668
111.820,-9.81507,-21.16454,0.53827
111.830,-10.76354,-23.14567,0.00000
111.840,-9.95018,-23.96638,0.81336
111.850,-10.19683,-24.87324,0.00000
111.860,-10.81445,-24.98548,0.00000
111.870,-10.02321,-24.82552,0.95121
111.880,-9.95560,-24.80005,0.09307
111.890,-9.18982,-24.69174,0.87410
111.900,-9.38264,-24.33646,0.35528
111.910,-10.86163,-24.50803,0.00000
111.920,-9.58027,-24.95339,1.28136
111.930,-9.43793,-24.87656,0.21917
111.940,-9.77588,-25.15271,0.00000
111.950,-10.26829,-25.96467,0.00000
111.960,-11.74144,-27.72714,0.00000
111.970,-10.65359,-30.82022,1.08784
111.980,-10.98599,-31.77481,0.00000
111.990,-12.62668,-30.96960,0.80521
112.000,-9.67353,-19.22291,14.69983
112.010,-8.23283,-17.42277,3.24085
112.020,-7.22262,-19.67549,1.01021
112.030,-6.22432,-22.10306,0.99830
112.040,-5.53610,-24.97615,0.68822
112.050,-4.95417,-27.07724,0.58193
112.060,-4.72936,-28.53022,0.22481
112.070,-4.80798,-28.68530,0.00000
112.080,-6.36678,-28.74880,0.00000
112.090,-6.68510,-29.52843,0.00000
112.100,-5.42277,-29.97461,1.26233
112.110,-6.25673,-30.10485,0.00000
112.120,-6.11630,-30.56366,0.14043
112.130,-5.71426,-30.47826,0.48743
112.140,-5.71489,-29.05103,1.42723
112.150,-6.63566,-25.85473,3.19630
112.160,-7.47634,-23.48119,2.37354
112.170,-7.19856,-21.73982,2.01914
112.180,-8.12323,-20.84999,0.88983
112.190,-8.41680,-20.89580,0.00000
112.200,-8.56396,-19.66882,1.22698
112.210,-8.27419,-19.43035,0.52824
112.220,-8.69529,-20.32571,0.00000
112.230,-8.83334,-20.87256,0.00000
112.240,-8.60555,-21.34805,0.22779
112.250,-8.71893,-21.12564,0.22241
112.260,-9.05631,-21.78802,0.00000
112.270,-9.56450,-22.10328,0.00000
112.280,-9.00395,-22.44890,0.56055
112.290,-8.70581,-22.09046,0.65658
112.300,-9.54261,-20.38979,1.70066
112.310,-9.58125,-20.36612,0.02367
112.320,-8.34466,-21.58899,1.23659
112.330,-6.80160,-22.57296,1.54306
112.340,-6.10481,-23.43232,0.69679
112.350,-5.04463,-24.80936,1.06018
112.360,-4.95229,-25.19696,0.09234
112.370,-6.12412,-25.21166,0.00000
112.380,-5.89845,-27.46739,0.22567
112.390,-4.95249,-30.08310,0.94596
112.400,-4.60296,-24.29570,6.13693
112.410,-4.60124,-21.43088,2.86654
112.420,-4.46535,-21.39164,0.17513
112.430,-4.71625,-22.05352,0.00000
112.440,-5.27105,-23.09844,0.00000
112.450,-5.56229,-24.12012,0.00000
112.460,-5.57093,-24.12780,0.00000
112.470,-6.31493,-23.12881,0.99899
112.480,-7.68859,-22.11129,1.01752
112.490,-8.08416,-21.87260,0.23869
112.500,-8.64329,-21.67172,0.20088
112.510,-9.76905,-21.70502,0.00000
112.520,-10.16619,-21.62780,0.07721
112.530,-10.52984,-21.56475,0.06306
112.540,-11.31703,-21.64938,0.00000
112.550,-11.22576,-21.20820,0.53245
112.560,-10.85206,-21.45388,0.37369
112.570,-10.51197,-21.90811,0.34010
112.580,-10.60402,-22.24729,0.00000
112.590,-10.42145,-23.74129,0.18256
112.600,-9.71575,-20.17848,4.26850
112.610,-8.61207,-18.88713,2.39504
112.620,-7.94020,-21.16747,0.67187
112.630,-7.04676,-23.36595,0.89344
112.640,-5.57686,-25.12190,1.46991
112.650,-5.10075,-26.09062,0.47610
112.660,-5.40602,-26.17874,0.00000
112.670,-5.31400,-26.55662,0.09201
112.680,-5.32215,-27.04188,0.00000
112.690,-5.59369,-26.60204,0.43984
112.700,-5.96306,-25.81502,0.78702
112.710,-6.92710,-25.57885,0.23617
112.720,-8.08077,-25.37544,0.20340
112.730,-8.26606,-25.29680,0.07865
112.740,-8.26215,-25.66575,0.00390
112.750,-8.54740,-26.28452,0.00000
112.760,-9.33545,-28.18176,0.00000
112.770,-10.87836,-31.02559,0.00000
112.780,-11.68249,-31.71291,0.00000
112.790,-12.02428,-32.09283,0.00000
112.800,-11.12918,-24.41813,8.56981
112.810,-10.04830,-22.91131,2.58770
112.820,-8.35400,-24.18346,1.69430
112.830,-7.12322,-24.99865,1.23078
112.840,-5.51764,-27.61469,1.60559
112.850,-4.09710,-29.62812,1.42054
112.860,-3.97159,-29.77268,0.12551
112.870,-5.01979,-29.52785,0.24484
112.880,-5.31489,-29.20211,0.32574
112.890,-5.86637,-29.47040,0.00000
112.900,-6.21110,-29.06541,0.40499
112.910,-6.20063,-27.83139,1.24449
112.920,-8.96552,-28.13127,0.00000
112.930,-8.71950,-28.92219,0.24602
112.940,-7.86032,-27.16873,2.61265
112.950,-9.02754,-24.97053,2.19820
112.960,-8.61986,-23.00728,2.37093
112.970,-7.94181,-21.38938,2.29595
112.980,-8.28602,-20.53369,0.85569
112.990,-8.09213,-20.95300,0.19389
113.000,-8.09424,-21.25398,0.00000
113.010,-8.59217,-21.22535,0.02862
113.020,-8.86714,-22.49071,0.00000
113.030,-9.78636,-23.75417,0.00000
113.040,-9.38035,-24.44734,0.40601
113.050,-9.41055,-25.28879,0.00000
113.060,-9.41754,-26.10321,0.00000
113.070,-9.22536,-27.37242,0.19218
113.080,-9.52653,-28.21887,0.00000
113.090,-9.12603,-28.25243,0.40050
113.100,-8.95370,-23.05131,5.37345
113.110,-8.84532,-20.81684,2.34285
113.120,-9.43281,-21.53880,0.00000
113.130,-8.49189,-23.66606,0.94093
113.140,-8.56581,-26.57280,0.00000
113.150,-9.37672,-28.07309,0.00000
113.160,-8.29254,-28.35647,1.08418
113.170,-8.34823,-28.97072,0.00000
113.180,-8.72943,-29.93490,0.00000
113.190,-8.84304,-30.16012,0.00000
113.200,-8.43566,-24.85919,5.70831
113.210,-8.97591,-22.81126,2.04793
113.220,-9.41188,-22.95177,0.00000
113.230,-7.89698,-22.92327,1.54339
113.240,-5.97259,-23.78053,1.92439
113.250,-5.27647,-24.40565,0.69612
113.260,-4.71373,-24.18417,0.78422
113.270,-5.39185,-23.05295,1.13121
113.280,-6.90986,-21.73287,1.32008
113.290,-6.97204,-21.40933,0.32354
113.300,-6.75400,-21.93166,0.21804
113.310,-5.58948,-22.06953,1.16452
113.320,-6.09579,-21.68413,0.38541
113.330,-6.52303,-22.03649,0.00000
113.340,-6.09018,-22.15855,0.43285
113.350,-6.79614,-21.59304,0.56551
113.360,-7.40895,-21.39968,0.19336
113.370,-8.57611,-21.18487,0.21481
113.380,-9.85075,-21.65913,0.00000
113.390,-9.57929,-22.47261,0.27145
113.400,-8.80275,-21.22759,2.02156
113.410,-8.78758,-20.35457,0.88819
113.420,-8.48527,-21.25577,0.30231
113.430,-8.03898,-22.57153,0.44629
113.440,-8.92263,-23.54633,0.00000
113.450,-8.49422,-24.74677,0.42841
113.460,-8.12569,-24.80281,0.36853
113.470,-8.53925,-24.53003,0.27278
113.480,-9.12542,-24.48752,0.04251
113.490,-8.83496,-24.30014,0.47785
113.500,-8.63545,-24.10555,0.39409
113.510,-8.73399,-24.17758,0.00000
113.520,-8.19762,-24.26563,0.53637
113.530,-9.17656,-24.28131,0.00000
113.540,-9.69183,-24.77589,0.00000
113.550,-9.04643,-25.40188,0.64540
113.560,-8.59684,-26.44487,0.44960
113.570,-8.96217,-27.58241,0.00000
113.580,-9.65911,-27.56929,0.01312
113.590,-10.03077,-27.44465,0.12464
113.600,-10.48044,-20.95995,6.48469
113.610,-9.42698,-19.13971,2.87370
113.620,-8.98042,-20.48250,0.44657
113.630,-8.60434,-21.96849,0.37607
113.640,-7.82430,-23.42814,0.78005
113.650,-6.86760,-24.53011,0.95669
113.660,-6.22339,-25.32497,0.64421
113.670,-7.48721,-24.97830,0.34667
113.680,-6.98998,-25.12707,0.49723
113.690,-5.52079,-26.19400,1.46920
113.700,-5.68833,-27.21259,0.00000
113.710,-6.72264,-26.93432,0.27827
113.720,-8.92957,-26.08927,0.84505
113.730,-10.85712,-25.53332,0.55595
113.740,-10.20484,-24.87351,1.31209
113.750,-8.33322,-23.75035,2.99478
113.760,-8.20649,-22.30977,1.56731
113.770,-9.17413,-21.16237,1.14740
113.780,-9.51740,-20.66224,0.50014
113.790,-9.68485,-20.90514,0.00000
113.800,-9.26591,-20.41520,0.90887
113.810,-9.13269,-20.36821,0.18021
113.820,-8.80049,-21.75934,0.33220
113.830,-8.98741,-22.69774,0.00000
113.840,-9.86259,-23.22968,0.00000
113.850,-8.89155,-23.85044,0.97104
113.860,-8.52138,-24.53270,0.37017
113.870,-8.45201,-25.44646,0.06937
113.880,-8.74183,-26.24094,0.00000
113.890,-8.34965,-26.77558,0.39218
113.900,-8.14852,-22.56798,4.40873
113.910,-8.38318,-22.06596,0.50202
113.920,-8.39366,-25.64176,0.00000
113.930,-8.43963,-27.11120,0.00000
113.940,-7.53587,-27.33962,0.90376
113.950,-6.97954,-27.66546,0.55632
113.960,-6.55956,-28.42551,0.41998
113.970,-7.59522,-28.51481,0.00000
113.980,-7.26659,-28.98166,0.32863
113.990,-5.95350,-29.73618,1.31309
114.000,-5.88511,-25.18827,4.61630
114.010,-6.50693,-21.53129,3.65698
114.020,-8.52048,-20.22137,1.30992
114.030,-10.46396,-20.41103,0.00000
114.040,-10.69954,-20.92593,0.00000
114.050,-10.39378,-21.34405,0.30575
114.060,-9.52799,-21.20241,1.00745
114.070,-9.19147,-20.62547,0.91345
114.080,-9.67231,-20.02545,0.60002
114.090,-9.93249,-19.69784,0.32761
114.100,-10.34627,-19.53932,0.15852
114.110,-10.55397,-19.29072,0.24860
114.120,-10.65170,-19.18700,0.10372
114.130,-10.71269,-18.96437,0.22263
114.140,-10.82865,-18.98952,0.00000
114.150,-10.77713,-18.93848,0.10257
114.160,-10.64633,-18.94265,0.13080
114.170,-9.94001,-19.17775,0.70632
114.180,-8.94993,-19.20783,0.99008
114.190,-9.36050,-19.44374,0.00000
114.200,-9.68167,-18.08291,1.36083
114.210,-10.00891,-18.07412,0.00879
114.220,-9.46107,-20.23154,0.54784
114.230,-9.10234,-20.92937,0.35873
114.240,-9.10061,-21.68518,0.00173
114.250,-7.66858,-22.63957,1.43203
114.260,-6.77922,-22.96576,0.88936
114.270,-7.74627,-23.12216,0.00000
114.280,-9.60327,-23.14684,0.00000
114.290,-7.53134,-23.51119,2.07193
114.300,-6.34444,-23.54435,1.18690
114.310,-7.65450,-23.16255,0.38180
114.320,-9.67609,-23.15055,0.01199
114.330,-10.22410,-22.89136,0.25920
114.340,-10.45262,-22.80205,0.08930
114.350,-10.54044,-23.41120,0.00000
114.360,-9.28694,-24.34385,1.25350
114.370,-9.48786,-25.35064,0.00000
114.380,-10.11920,-25.76560,0.00000
114.390,-9.93427,-25.92405,0.18493
114.400,-10.25296,-23.75293,2.17112
114.410,-10.26074,-22.98976,0.76317
114.420,-9.85264,-23.70276,0.40810
114.430,-10.06874,-24.26148,0.00000
114.440,-10.51793,-25.06072,0.00000
114.450,-9.99120,-25.05533,0.53211
114.460,-9.85728,-24.75058,0.43867
114.470,-10.51120,-24.15764,0.59294
114.480,-9.56690,-24.12058,0.98136
114.490,-8.99311,-24.57064,0.57380
114.500,-10.14678,-25.01778,0.00000
114.510,-10.49299,-25.60568,0.00000
114.520,-9.25573,-25.64136,1.23726
114.530,-9.70774,-24.58506,1.05630
114.540,-10.58705,-23.64900,0.93606
114.550,-9.41094,-22.69059,2.13452
114.560,-9.68151,-21.16065,1.52994
114.570,-10.11290,-19.86586,1.29479
114.580,-10.08756,-19.50099,0.39021
114.590,-9.46162,-19.92092,0.62594
114.600,-9.72579,-19.45758,0.46334
114.610,-10.14324,-19.26487,0.19271
114.620,-9.60357,-20.44423,0.53967
114.630,-10.20091,-21.37659,0.00000
114.640,-9.39414,-21.87006,0.80676
114.650,-9.06508,-22.29205,0.32906
114.660,-9.25154,-22.38252,0.00000
114.670,-9.95427,-23.18763,0.00000
114.680,-10.98460,-24.80502,0.00000
114.690,-10.27546,-25.52223,0.70913
114.700,-10.31161,-19.91691,5.60531
114.710,-10.08108,-17.74930,2.39815
114.720,-10.43580,-18.35482,0.00000
114.730,-10.41910,-19.42271,0.01670
114.740,-10.69900,-20.92358,0.00000
114.750,-11.08322,-21.88681,0.00000
114.760,-10.65955,-21.97202,0.42367
114.770,-10.70270,-22.72239,0.00000
114.780,-10.54547,-23.97696,0.15724
114.790,-11.20052,-24.41484,0.00000
114.800,-10.92851,-22.83064,1.85621
114.810,-9.53633,-21.16086,3.06196
114.820,-9.38980,-20.52717,0.78021
114.830,-10.40485,-20.51692,0.01026
114.840,-11.31113,-20.65076,0.00000
114.850,-11.78937,-20.55859,0.09217
114.860,-11.45248,-19.75399,1.14149
114.870,-10.97819,-18.79403,1.43425
114.880,-10.62078,-17.71232,1.43912
114.890,-10.16158,-17.53589,0.63563
114.900,-10.24340,-17.91359,0.00000
114.910,-10.88057,-17.74503,0.16857
114.920,-11.01729,-17.79485,0.00000
114.930,-10.61561,-17.88820,0.40168
114.940,-10.29025,-17.76346,0.45011
114.950,-10.69791,-17.47216,0.29130
114.960,-10.51661,-17.21508,0.43837
114.970,-9.69703,-17.39174,0.81959
114.980,-9.37344,-17.71044,0.32359
114.990,-9.54093,-18.14355,0.00000
115.000,-10.10050,-18.53578,0.00000
115.010,-9.58784,-18.84122,0.51266
115.020,-9.61783,-19.64397,0.00000
115.030,-9.92880,-20.17889,0.00000
115.040,-9.45946,-20.18507,0.46935
115.050,-10.05144,-20.45125,0.00000
115.060,-10.45140,-20.70215,0.00000
115.070,-10.12367,-20.34524,0.68463
115.080,-10.13721,-19.96333,0.38191
115.090,-10.26265,-19.82694,0.13639
115.100,-9.11517,-20.04142,1.14748
115.110,-8.68897,-19.92901,0.53861
115.120,-8.80493,-19.48051,0.44850
115.130,-8.54516,-19.12167,0.61862
115.140,-8.78275,-17.94000,1.18167
115.150,-9.11805,-16.90212,1.03788
115.160,-9.60602,-16.79239,0.10973
115.170,-9.21755,-17.42047,0.38847
115.180,-9.63311,-18.38918,0.00000
115.190,-10.20070,-19.27601,0.00000
115.200,-10.93843,-21.15211,0.00000
115.210,-13.19668,-23.91801,0.00000
115.220,-15.07329,-25.56440,0.00000
115.230,-16.26236,-27.17118,0.00000
115.240,-15.15849,-29.11045,1.10387
115.250,-15.26368,-30.76966,0.00000
115.260,-16.19200,-32.64527,0.00000
115.270,-16.48894,-33.45480,0.00000
115.280,-17.01549,-33.91454,0.00000
115.290,-17.45226,-34.17827,0.00000
115.300,-17.60699,-34.69755,0.00000
115.310,-17.89594,-35.16569,0.00000
115.320,-17.74288,-34.48075,0.83800
115.330,-17.63387,-34.72987,0.10901
115.340,-16.88859,-34.23739,1.23775
115.350,-16.26764,-34.01436,0.84399
115.360,-16.34318,-34.78663,0.00000
115.370,-16.03403,-35.37251,0.30914
115.380,-16.01120,-32.17724,3.21811
115.390,-17.40082,-29.60401,2.57323
115.400,-20.14887,-29.06473,0.53928
115.410,-21.55691,-30.64006,0.00000
115.420,-19.47603,-34.38439,2.08087
115.430,-17.73686,-36.04161,1.73917
115.440,-16.91505,-36.15339,0.82182
115.450,-16.64475,-37.19204,0.27029
115.460,-17.24653,-39.12974,0.00000
115.470,-17.30816,-41.27404,0.00000
115.480,-16.62014,-41.96687,0.68802
115.490,-16.50283,-42.04303,0.11730
115.500,-16.44792,-41.94099,0.15696
115.510,-16.32979,-41.75096,0.30815
115.520,-16.16106,-41.65200,0.26769
115.530,-15.98930,-41.76404,0.17176
115.540,-15.93747,-41.62424,0.19164
115.550,-15.77958,-41.08560,0.69652
115.560,-15.67375,-41.08355,0.10788
115.570,-15.68344,-41.27219,0.00000
115.580,-15.57826,-40.81113,0.56625
115.590,-15.53369,-40.80697,0.04873
115.600,-15.62780,-41.32913,0.00000
115.610,-15.52529,-36.63777,4.79387
115.620,-15.46101,-32.16170,4.54034
115.630,-15.82561,-31.13786,1.02384
115.640,-16.14994,-30.13312,1.00474
115.650,-15.94450,-29.70336,0.63520
115.660,-15.85314,-30.78805,0.09136
115.670,-16.06524,-30.66436,0.12369
115.680,-15.98020,-30.90418,0.08504
115.690,-15.97781,-31.16131,0.00239
115.700,-16.21895,-30.95516,0.20615
115.710,-16.06490,-31.64305,0.15406
115.720,-15.96410,-32.41501,0.10080
115.730,-16.11521,-32.42029,0.00000
115.740,-16.06453,-32.14480,0.32618
115.750,-16.01936,-32.20855,0.04517
115.760,-16.04535,-32.21347,0.00000
115.770,-15.96055,-32.97565,0.08480
115.780,-15.87117,-32.91229,0.15275
115.790,-15.87924,-32.42808,0.48421
115.800,-16.01636,-33.23533,0.00000
115.810,-16.32601,-33.90400,0.00000
115.820,-16.52125,-33.58747,0.31653
115.830,-16.53309,-33.58104,0.00643
115.840,-16.77121,-33.97279,0.00000
115.850,-16.99451,-34.59400,0.00000
115.860,-17.13657,-36.14850,0.00000
115.870,-17.41642,-37.74147,0.00000
115.880,-17.65177,-39.91199,0.00000
115.890,-18.60571,-42.00160,0.00000
115.900,-19.96370,-43.32555,0.00000
115.910,-20.68736,-44.17115,0.00000
115.920,-21.02271,-45.70920,0.00000
115.930,-21.42586,-46.30676,0.00000
115.940,-21.74622,-46.72752,0.00000
115.950,-22.68492,-48.15492,0.00000
115.960,-25.75283,-50.58015,0.00000
115.970,-29.77340,-53.18182,0.00000
115.980,-34.16425,-54.46078,0.00000
115.990,-22.19860,-27.62459,38.80184
116.000,-11.83172,-16.35367,21.63780
116.010,-8.27638,-14.14906,5.75995
116.020,-6.70851,-14.86326,1.56787
116.030,-5.55401,-15.89473,1.15451
116.040,-5.84590,-18.00825,0.00000
116.050,-5.52595,-19.79947,0.31995
116.060,-6.04251,-20.09075,0.00000
116.070,-6.55328,-19.95401,0.13674
116.080,-5.29120,-19.85217,1.36393
116.090,-5.45989,-19.96748,0.00000
116.100,-5.81376,-19.44507,0.52241
116.110,-6.05373,-19.37580,0.06927
116.120,-6.05698,-20.65260,0.00000
116.130,-5.38886,-21.69677,0.66812
116.140,-4.72787,-21.74197,0.66099
116.150,-5.63217,-21.12789,0.61408
116.160,-6.63882,-20.50343,0.62445
116.170,-6.45791,-19.94094,0.74341
116.180,-7.91974,-19.58992,0.35102
116.190,-9.50323,-19.79566,0.00000
116.200,-8.93529,-18.18441,2.17918
116.210,-7.77119,-17.65333,1.69519
116.220,-7.98586,-19.27997,0.00000
116.230,-9.43619,-19.53738,0.00000
116.240,-7.61515,-19.34561,2.01281
116.250,-7.16430,-19.59178,0.45085
116.260,-7.77933,-20.19225,0.00000
116.270,-7.41178,-20.45479,0.36755
116.280,-8.62277,-20.16143,0.29336
116.290,-7.78859,-20.46309,0.83419
116.300,-7.13239,-19.89843,1.22086
116.310,-7.88604,-19.98735,0.00000
116.320,-7.98843,-20.78167,0.00000
116.330,-8.90361,-20.55455,0.22712
116.340,-8.19968,-20.00202,1.25646
116.350,-7.81340,-19.77376,0.61453
116.360,-8.38249,-19.69156,0.08221
116.370,-7.75130,-20.04403,0.63119
116.380,-8.21967,-20.32411,0.00000
116.390,-7.86331,-20.74896,0.35636
116.400,-7.09168,-15.85315,5.66744
116.410,-7.99078,-13.94928,1.90386
116.420,-7.81562,-14.47414,0.17516
116.430,-7.49557,-15.15537,0.32005
116.440,-6.48900,-16.92360,1.00657
116.450,-5.98345,-18.60106,0.50555
116.460,-6.04014,-19.26564,0.00000
116.470,-5.64015,-19.73183,0.39999
116.480,-6.13948,-20.38019,0.00000
116.490,-5.12537,-20.96718,1.01411
116.500,-4.47542,-20.70051,0.91663
116.510,-5.96469,-20.44947,0.25104
116.520,-6.28444,-21.04652,0.00000
116.530,-5.75679,-21.26754,0.52766
116.540,-7.45885,-20.89845,0.36909
116.550,-9.69768,-20.15920,0.73925
116.560,-8.18818,-20.31464,1.50949
116.570,-6.19661,-21.01664,1.99157
116.580,-6.81184,-21.03393,0.00000
116.590,-8.21393,-21.20616,0.00000
116.600,-7.13928,-19.93114,2.34967
116.610,-7.50007,-19.25308,0.67806
116.620,-7.77359,-20.30269,0.00000
116.630,-8.03106,-20.97848,0.00000
116.640,-9.51569,-21.39344,0.00000
116.650,-7.65777,-21.49187,1.85792
116.660,-7.21492,-20.98485,0.94986
116.670,-7.59236,-21.25210,0.00000
116.680,-7.45329,-21.91212,0.13907
116.690,-8.70104,-21.41403,0.49809
116.700,-7.58529,-20.70584,1.82394
116.710,-7.18016,-21.13504,0.40514
116.720,-7.86193,-21.57631,0.00000
116.730,-7.62657,-21.43310,0.37857
116.740,-7.93395,-21.69520,0.00000
116.750,-7.17277,-22.20446,0.76118
116.760,-7.40994,-22.04705,0.15742
116.770,-8.98621,-21.30884,0.73821
116.780,-7.89425,-21.44777,1.09196
116.790,-7.93042,-21.64993,0.00000
116.800,-8.06757,-19.41141,2.23853
116.810,-8.13307,-18.43637,0.97504
116.820,-8.04958,-19.54105,0.08350
116.830,-7.43882,-21.06908,0.61075
116.840,-6.20881,-22.46902,1.23002
116.850,-4.12875,-23.72185,2.08006
116.860,-4.68610,-24.17284,0.00000
116.870,-5.56039,-24.36724,0.00000
116.880,-4.22053,-24.93060,1.33986
116.890,-4.20609,-24.23501,0.71003
116.900,-6.78675,-22.93127,1.30374
116.910,-10.24411,-22.11690,0.81437
116.920,-7.25511,-22.60131,2.98899
116.930,-4.90738,-23.43552,2.34774
116.940,-5.37880,-23.46053,0.00000
116.950,-5.95700,-23.64983,0.00000
116.960,-4.83756,-23.39789,1.37138
116.970,-5.62487,-22.64166,0.75622
116.980,-7.47111,-22.60919,0.03248
116.990,-8.21008,-22.05832,0.55087
117.000,-8.54337,-18.68382,3.37450
117.010,-7.71687,-18.04868,1.46164
117.020,-8.13783,-20.36029,0.00000
117.030,-7.89017,-21.78672,0.24766
117.040,-7.77939,-20.85912,1.03838
117.050,-9.00392,-20.53312,0.32599
117.060,-7.77166,-21.12186,1.23226
117.070,-7.92466,-21.04125,0.08062
117.080,-8.11257,-20.86000,0.18125
117.090,-7.82114,-21.03750,0.29143
117.100,-8.73734,-18.76155,2.27596
117.110,-8.14982,-18.53772,0.81134
117.120,-7.53980,-21.38602,0.61002
117.130,-6.31109,-22.53672,1.22872
117.140,-6.49765,-23.00016,0.00000
117.150,-6.70237,-22.76934,0.23082
117.160,-4.92738,-22.24471,2.29962
117.170,-4.74610,-22.47760,0.18129
117.180,-6.35179,-22.27691,0.20069
117.190,-8.56540,-22.04420,0.23271
117.200,-7.77064,-17.22179,5.61717
117.210,-5.05733,-15.85404,4.08106
117.220,-4.65292,-16.35856,0.40441
117.230,-6.49146,-15.71651,0.64205
117.240,-6.21479,-16.59970,0.27667
117.250,-5.22037,-17.66826,0.99441
117.260,-6.79896,-17.55995,0.10831
117.270,-9.25646,-17.95600,0.00000
117.280,-8.60293,-18.42398,0.65353
117.290,-7.10391,-18.86300,1.49902
117.300,-7.70387,-18.81721,0.04579
117.310,-7.89150,-19.16178,0.00000
117.320,-7.23088,-20.42887,0.66062
117.330,-8.22583,-20.88097,0.00000
117.340,-7.72669,-20.76918,0.61092
117.350,-7.57372,-20.72220,0.19995
117.360,-9.04640,-21.16734,0.00000
117.370,-7.93161,-21.81914,1.11480
117.380,-7.96472,-21.57523,0.24391
117.390,-7.94748,-20.94186,0.65060
117.400,-8.01647,-17.85311,3.08875
117.410,-9.93966,-17.41157,0.44154
117.420,-7.87652,-20.22134,2.06313
117.430,-6.36320,-22.32828,1.51333
117.440,-5.28686,-24.19965,1.07633
117.450,-5.50181,-25.63532,0.00000
117.460,-6.35823,-25.48503,0.15029
117.470,-6.78475,-24.44431,1.04073
117.480,-7.62153,-24.52318,0.00000
117.490,-5.41275,-25.35639,2.20878
117.500,-4.14100,-24.52417,2.10397
117.510,-5.16815,-24.20297,0.32121
117.520,-6.98243,-24.55453,0.00000
117.530,-7.25783,-24.81517,0.00000
117.540,-6.66437,-25.09296,0.59346
117.550,-7.73032,-24.23191,0.86105
117.560,-8.48135,-23.27157,0.96034
117.570,-6.07357,-23.28172,2.40779
117.580,-5.58594,-24.12501,0.48762
117.590,-7.98595,-23.86088,0.26412
117.600,-8.19697,-20.32870,3.53219
117.610,-7.42328,-19.86712,1.23527
117.620,-7.61299,-21.90060,0.00000
117.630,-7.21688,-22.82238,0.39611
117.640,-6.41213,-24.14720,0.80476
117.650,-5.29412,-25.56844,1.11801
117.660,-5.10739,-25.97533,0.18673
117.670,-5.39724,-26.35450,0.00000
117.680,-5.19424,-26.90649,0.20300
117.690,-5.15737,-25.92287,1.02049
117.700,-6.47014,-23.96994,1.95293
117.710,-7.49123,-23.87151,0.09843
117.720,-6.29573,-25.44982,1.19550
117.730,-6.38537,-25.35992,0.08990
117.740,-7.33017,-25.36290,0.00000
117.750,-5.68955,-26.10695,1.64062
117.760,-5.29439,-26.24144,0.39517
117.770,-6.94517,-25.62612,0.61532
117.780,-7.68846,-25.26389,0.36223
117.790,-7.56309,-24.55072,0.83854
117.800,-8.07505,-20.08067,4.47005
117.810,-8.98356,-18.94570,1.13497
117.820,-9.07825,-21.50322,0.00000
117.830,-8.81060,-23.63277,0.26765
117.840,-9.14064,-23.11976,0.51301
117.850,-8.98605,-23.14297,0.15459
117.860,-8.42817,-22.93972,0.76113
117.870,-7.85816,-22.82941,0.68032
117.880,-7.85577,-23.20063,0.00239
117.890,-8.65758,-23.55558,0.00000
117.900,-9.56471,-22.44777,1.10781
117.910,-9.29569,-22.62151,0.26903
117.920,-8.83876,-24.88670,0.45693
117.930,-8.65775,-25.08106,0.18101
117.940,-8.53709,-24.87507,0.32665
117.950,-9.22968,-23.38307,1.49200
117.960,-8.87883,-21.89194,1.84198
117.970,-8.45349,-22.20683,0.42534
117.980,-8.91295,-23.23930,0.00000
117.990,-9.46278,-24.49901,0.00000
118.000,-8.35937,-16.08510,9.51733
118.010,-7.26878,-13.96611,3.20958
118.020,-7.51447,-14.83052,0.00000
118.030,-6.73815,-15.81793,0.77632
118.040,-6.51015,-17.55545,0.22800
118.050,-6.07008,-19.12509,0.44007
118.060,-5.25553,-20.66698,0.81455
118.070,-5.07210,-21.35297,0.18344
118.080,-5.94377,-21.47510,0.00000
118.090,-6.87775,-21.58132,0.00000
118.100,-6.49144,-21.81428,0.38631
118.110,-5.49580,-22.62027,0.99564
118.120,-4.72494,-23.91817,0.77085
118.130,-5.91378,-23.85805,0.06012
118.140,-6.56452,-23.83993,0.01813
118.150,-5.74164,-24.24420,0.82288
118.160,-7.24410,-24.09002,0.15418
118.170,-10.23201,-23.70445,0.38557
118.180,-9.82760,-23.70911,0.40441
118.190,-8.88319,-24.74164,0.94442
118.200,-8.39904,-20.58450,4.64128
118.210,-8.49189,-19.69204,0.89246
118.220,-8.84371,-22.76053,0.00000
118.230,-8.95270,-24.40695,0.00000
118.240,-8.85912,-24.97303,0.09358
118.250,-8.66091,-25.39620,0.19821
118.260,-9.31310,-25.37908,0.01713
118.270,-9.42181,-25.31577,0.06331
118.280,-8.66637,-24.93322,1.13799
118.290,-8.32439,-24.77097,0.50423
118.300,-8.51937,-23.74619,1.02478
118.310,-9.44396,-23.73161,0.01459
118.320,-9.67220,-25.22204,0.00000
118.330,-9.83220,-26.10271,0.00000
118.340,-10.06518,-26.72471,0.00000
118.350,-9.58605,-26.31520,0.88863
118.360,-9.36157,-25.84676,0.69293
118.370,-9.51033,-26.27843,0.00000
118.380,-9.99546,-26.32495,0.00000
118.390,-10.84699,-26.12224,0.20271
118.400,-9.68981,-20.58520,6.69422
118.410,-7.81192,-19.74355,2.71953
118.420,-6.93368,-22.26785,0.87824
118.430,-6.94905,-23.31258,0.00000
118.440,-6.56083,-25.23336,0.38822
118.450,-5.58780,-26.26083,0.97303
118.460,-4.76728,-26.69998,0.82052
118.470,-4.97599,-27.24395,0.00000
118.480,-5.82360,-27.01257,0.23137
118.490,-6.22778,-25.76968,1.24289
118.500,-6.17945,-24.20207,1.61595
118.510,-6.06987,-24.08751,0.22413
118.520,-5.60058,-25.25835,0.46929
118.530,-5.63063,-25.92749,0.00000
118.540,-5.90341,-26.13475,0.00000
118.550,-5.95160,-25.15201,0.98275
118.560,-6.43553,-24.63839,0.51362
118.570,-7.27091,-24.98015,0.00000
118.580,-8.36523,-25.52109,0.00000
118.590,-8.40955,-25.43268,0.08842
118.600,-8.81257,-19.27717,6.15550
118.610,-8.84077,-18.40027,0.87690
118.620,-8.81311,-20.49818,0.02766
118.630,-7.97048,-20.68265,0.84263
118.640,-7.88760,-21.06616,0.08289
118.650,-8.69675,-20.92130,0.14485
118.660,-9.48109,-21.14120,0.00000
118.670,-9.20274,-20.89777,0.52178
118.680,-9.12423,-21.07903,0.07851
118.690,-9.14131,-21.18313,0.00000
118.700,-8.63053,-19.40336,2.29056
118.710,-9.08162,-19.61609,0.00000
118.720,-8.48354,-21.85014,0.59808
118.730,-6.47559,-23.00764,2.00795
118.740,-5.58336,-23.76354,0.89223
118.750,-4.86049,-24.78551,0.72287
118.760,-4.81076,-25.12873,0.04972
118.770,-6.45071,-24.97207,0.15666
118.780,-6.76929,-26.02772,0.00000
118.790,-5.04191,-27.69940,1.72738
118.800,-4.87235,-18.57187,9.29708
118.810,-5.35209,-16.06332,2.50855
118.820,-5.48351,-15.94883,0.11450
118.830,-5.45494,-16.28388,0.02857
118.840,-5.69304,-17.54258,0.00000
118.850,-6.20452,-18.53241,0.00000
118.860,-6.50194,-19.01699,0.00000
118.870,-6.80096,-19.61940,0.00000
118.880,-7.01913,-20.44960,0.00000
118.890,-7.79510,-20.88460,0.00000
118.900,-8.38630,-20.77169,0.11291
118.910,-9.03351,-20.96823,0.00000
118.920,-8.85693,-22.33365,0.17658
118.930,-9.14256,-23.43712,0.00000
118.940,-9.42419,-23.85885,0.00000
118.950,-9.37152,-23.98172,0.05267
118.960,-9.22943,-24.39587,0.14209
118.970,-9.28370,-24.59557,0.00000
118.980,-9.46236,-25.22844,0.00000
118.990,-9.79760,-25.41937,0.00000
119.000,-9.14537,-20.00043,6.07117
119.010,-9.12121,-19.59750,0.42708
119.020,-8.21424,-24.59901,0.90698
119.030,-6.89839,-27.99872,1.31585
119.040,-6.44844,-29.26114,0.44995
119.050,-6.22790,-29.71047,0.22053
119.060,-6.34793,-30.21158,0.00000
119.070,-5.77887,-30.23011,0.56906
119.080,-5.06234,-29.99914,0.94750
119.090,-5.62248,-28.96189,1.03726
119.100,-5.66542,-25.99816,2.96372
119.110,-5.88196,-25.38209,0.61607
119.120,-6.62699,-26.91957,0.00000
119.130,-6.38696,-27.30399,0.24002
119.140,-6.32269,-27.05603,0.31224
119.150,-7.07898,-27.23027,0.00000
119.160,-7.74813,-27.46579,0.00000
119.170,-7.51070,-26.55781,1.14540
119.180,-8.02356,-26.06728,0.49053
119.190,-8.77859,-25.96268,0.10461
119.200,-9.03782,-20.27946,5.68322
119.210,-8.84520,-19.17008,1.30199
119.220,-8.51518,-21.16792,0.33002
119.230,-6.83984,-22.22934,1.67534
119.240,-5.94915,-23.77252,0.89069
119.250,-4.76763,-24.86674,1.18152
119.260,-4.68683,-24.78272,0.16481
119.270,-6.14249,-24.38049,0.40223
119.280,-5.80367,-25.04366,0.33882
119.290,-4.82799,-26.50811,0.97568
119.300,-4.48893,-24.61168,2.23548
119.310,-4.96716,-22.90917,1.70251
119.320,-6.07751,-23.83048,0.00000
119.330,-5.88635,-24.81951,0.19115
119.340,-6.22393,-24.15990,0.65961
119.350,-7.52827,-23.46138,0.69852
119.360,-7.53702,-23.07740,0.38398
119.370,-8.59051,-22.91063,0.16677
119.380,-9.31291,-22.79535,0.11528
119.390,-9.05187,-23.62067,0.26104
119.400,-8.47720,-19.96307,4.23228
119.410,-7.78139,-18.78451,1.87436
119.420,-7.92884,-21.75334,0.00000
119.430,-7.67657,-24.12203,0.25226
119.440,-7.05443,-23.70849,1.03568
119.450,-7.42559,-23.70135,0.00714
119.460,-7.55517,-23.70576,0.00000
119.470,-7.28801,-23.54324,0.42968
119.480,-7.78217,-23.58630,0.00000
119.490,-7.75434,-23.67123,0.02783
119.500,-7.70675,-22.79106,0.92776
119.510,-7.97692,-23.42835,0.00000
119.520,-8.00589,-25.44757,0.00000
119.530,-7.88131,-25.29566,0.27649
119.540,-8.30066,-24.84069,0.45498
119.550,-8.48926,-24.25882,0.58186
119.560,-7.95584,-22.81849,1.97376
119.570,-7.77804,-22.59198,0.40431
119.580,-8.23719,-23.40016,0.00000
119.590,-7.82855,-24.20909,0.40865
119.600,-6.84892,-16.31246,8.87625
119.610,-7.13343,-14.04577,2.26670
119.620,-7.56238,-14.97852,0.00000
119.630,-7.10093,-15.96867,0.46145
119.640,-6.74494,-17.43182,0.35599
119.650,-6.07084,-19.24627,0.67410
119.660,-5.40108,-20.59310,0.66977
119.670,-5.04991,-21.57648,0.35117
119.680,-5.74500,-21.85386,0.00000
119.690,-8.03350,-21.69078,0.16308
119.700,-7.71894,-21.66822,0.33712
119.710,-6.48498,-22.05598,1.23396
119.720,-6.59791,-22.95371,0.00000
119.730,-5.18974,-24.08069,1.40817
119.740,-5.12980,-24.55538,0.05994
119.750,-5.91579,-24.40058,0.15480
119.760,-5.20905,-24.66677,0.70674
119.770,-5.95749,-24.98427,0.00000
119.780,-6.43924,-25.19763,0.00000
119.790,-6.82240,-24.49776,0.69987
119.800,-7.41463,-21.70223,2.79553
119.810,-7.59656,-21.29574,0.40649
119.820,-7.65522,-23.24070,0.00000
119.830,-7.60201,-23.95065,0.05322
119.840,-8.32816,-24.43244,0.00000
119.850,-7.71613,-25.12335,0.61203
119.860,-7.99511,-24.88358,0.23977
119.870,-8.20140,-24.57890,0.30468
119.880,-8.12292,-24.47652,0.18087
119.890,-7.57088,-24.24516,0.78340
119.900,-7.78249,-23.17772,1.06744
119.910,-8.29167,-23.24628,0.00000
119.920,-7.48012,-24.97676,0.81155
119.930,-8.10078,-25.10430,0.00000
119.940,-7.99261,-24.77743,0.43503
119.950,-7.90774,-24.98599,0.08487
119.960,-7.98058,-25.57608,0.00000
119.970,-7.86274,-26.14018,0.11783
119.980,-7.38834,-25.83067,0.78392
119.990,-7.35088,-25.85156,0.03746
120.000,-8.45499,-20.92694,4.92462
120.010,-8.55821,-20.06531,0.86163
120.020,-7.51954,-22.33799,1.03867
120.030,-7.03581,-23.46213,0.48373
120.040,-6.17716,-25.41876,0.85865
120.050,-4.84723,-26.94898,1.32993
120.060,-4.74433,-27.75146,0.10289
120.070,-6.06571,-27.47643,0.27502
120.080,-5.97367,-27.73491,0.09204
120.090,-5.04091,-27.93698,0.93276
120.100,-4.73145,-26.90425,1.34219
120.110,-4.92543,-25.96320,0.94105
120.120,-6.07922,-26.04173,0.00000
120.130,-5.97364,-26.46450,0.10557
120.140,-6.63168,-26.06044,0.40407
120.150,-8.41124,-25.28487,0.77557
120.160,-7.91832,-25.43901,0.49292
120.170,-8.44275,-25.45669,0.00000
120.180,-8.91554,-25.42277,0.03392
120.190,-7.93334,-24.92335,1.48162
120.200,-8.49402,-20.04383,4.87952
120.210,-8.03812,-19.12000,1.37972
120.220,-8.30448,-22.06800,0.00000
120.230,-9.11495,-23.84860,0.00000
120.240,-7.75743,-22.75739,2.44872
120.250,-8.37597,-22.59125,0.16614
120.260,-8.84928,-23.51024,0.00000
120.270,-8.44370,-23.44367,0.47216
120.280,-8.26813,-23.02993,0.58930
120.290,-8.11689,-23.23917,0.15124
120.300,-8.80186,-20.04274,3.19644
120.310,-9.24589,-20.23006,0.00000
120.320,-8.15085,-25.61708,1.09505
120.330,-7.37503,-27.42543,0.77581
120.340,-6.13033,-27.27324,1.39688
120.350,-5.42746,-26.44058,1.53553
120.360,-5.17664,-24.86506,1.82634
120.370,-5.86545,-23.97797,0.88709
120.380,-7.31639,-24.57521,0.00000
120.390,-5.47682,-26.44485,1.83958
120.400,-4.58745,-18.71912,8.61510
120.410,-5.39392,-15.70740,3.01171
120.420,-5.53540,-15.78049,0.00000
120.430,-5.57427,-16.18273,0.00000
120.440,-6.71854,-16.85229,0.00000
120.450,-7.52041,-18.02051,0.00000
120.460,-8.57081,-18.57322,0.00000
120.470,-9.43803,-18.56363,0.00959
120.480,-9.20201,-18.98296,0.23602
120.490,-9.17486,-19.59258,0.02714
120.500,-8.99866,-19.71323,0.17621
120.510,-8.08434,-20.81894,0.91432
120.520,-8.09953,-22.17937,0.00000
120.530,-7.93085,-21.88907,0.45897
120.540,-7.74768,-21.97130,0.18317
120.550,-9.07482,-23.00300,0.00000
120.560,-9.04999,-23.79380,0.02483
120.570,-8.98493,-23.82582,0.06505
120.580,-8.87820,-23.56546,0.36708
120.590,-8.90543,-23.80126,0.00000
120.600,-8.99782,-18.58441,5.21685
120.610,-8.98391,-17.67003,0.92829
120.620,-8.01161,-21.50712,0.97230
120.630,-6.77535,-24.91759,1.23626
120.640,-6.10379,-27.16636,0.67156
120.650,-6.09630,-28.29299,0.00749
120.660,-5.66793,-27.45670,1.26466
120.670,-5.70412,-26.77612,0.68058
120.680,-7.08249,-27.12698,0.00000
120.690,-5.29713,-27.71686,1.78536
120.700,-4.28192,-26.25571,2.47636
120.710,-5.05648,-25.69199,0.56372
120.720,-5.35748,-26.73898,0.00000
120.730,-5.77066,-26.97226,0.00000
120.740,-5.91476,-26.64417,0.32809
120.750,-5.89152,-26.33205,0.33537
120.760,-7.36142,-25.79241,0.53964
120.770,-8.64828,-25.70648,0.08593
120.780,-9.91067,-25.41728,0.28920
120.790,-12.03875,-25.23091,0.18637
120.800,-10.20351,-20.62466,6.44150
120.810,-9.20662,-19.74125,1.88029
120.820,-8.72805,-22.08123,0.47857
120.830,-7.80005,-23.39273,0.92800
120.840,-7.03506,-25.00877,0.76499
120.850,-5.54151,-26.30816,1.49355
120.860,-5.46512,-27.28540,0.07639
120.870,-6.15644,-27.49960,0.00000
120.880,-5.67491,-27.92386,0.48153
120.890,-5.27246,-27.33134,0.99497
120.900,-5.10899,-25.28457,2.21024
120.910,-5.92863,-24.84509,0.43949
120.920,-7.20493,-25.69646,0.00000
120.930,-7.04763,-25.30954,0.54422
120.940,-7.05577,-24.78735,0.52219
120.950,-7.87579,-24.83423,0.00000
120.960,-7.93408,-24.80033,0.03390
120.970,-8.32753,-24.59890,0.20143
120.980,-8.83940,-24.33901,0.25989
120.990,-8.39989,-23.13292,1.64560
121.000,-8.69366,-19.92246,3.21046
121.010,-8.68771,-18.61843,1.30998
121.020,-9.20225,-20.49239,0.00000
121.030,-9.74125,-22.75559,0.00000
121.040,-9.42449,-22.63494,0.43741
121.050,-8.72185,-22.86578,0.70264
121.060,-8.27647,-22.63758,0.67358
121.070,-8.72007,-22.23704,0.40054
121.080,-8.73269,-22.31904,0.00000
121.090,-8.56972,-22.36831,0.16297
121.100,-8.92994,-21.72282,0.64549
121.110,-9.23496,-22.21692,0.00000
121.120,-9.37428,-23.57000,0.00000
121.130,-9.47789,-23.91315,0.00000
121.140,-9.48750,-23.75506,0.15809
121.150,-9.65246,-23.00855,0.74650
121.160,-9.60600,-21.82051,1.23450
121.170,-9.43593,-21.68370,0.30688
121.180,-9.23828,-22.49374,0.19765
121.190,-9.83424,-23.64746,0.00000
121.200,-8.61071,-16.26838,8.60261
121.210,-7.30125,-13.94733,3.63052
121.220,-7.75102,-14.61209,0.00000
121.230,-6.95238,-15.81683,0.79864
121.240,-6.01978,-17.36574,0.93260
121.250,-6.26790,-18.72461,0.00000
121.260,-5.60039,-20.04383,0.66751
121.270,-5.26107,-20.55734,0.33932
121.280,-6.17706,-21.27146,0.00000
121.290,-6.42224,-21.56491,0.00000
121.300,-5.90202,-21.59282,0.52022
121.310,-5.28785,-22.01800,0.61417
121.320,-5.08634,-22.78091,0.20151
121.330,-4.99149,-23.42356,0.09485
121.340,-5.16293,-23.93472,0.00000
121.350,-6.10936,-23.90943,0.02529
121.360,-6.73138,-23.86313,0.04630
121.370,-7.36699,-23.99704,0.00000
121.380,-8.30916,-23.23178,0.76526
121.390,-9.55605,-23.14459,0.08719
121.400,-10.05040,-20.63115,2.51344
121.410,-9.93695,-19.80612,0.93847
121.420,-10.95209,-22.00538,0.00000
121.430,-11.20139,-23.40819,0.00000
121.440,-10.33163,-23.69100,0.86976
121.450,-9.78962,-23.72526,0.54201
121.460,-9.63289,-23.60022,0.28176
121.470,-9.74062,-23.71701,0.00000
121.480,-9.65162,-23.85391,0.08900
121.490,-10.24328,-23.75732,0.09659
121.500,-10.75503,-22.60265,1.15467
121.510,-10.22233,-22.42825,0.70711
121.520,-10.02987,-23.21954,0.19245
121.530,-9.68075,-23.34855,0.34913
121.540,-10.16588,-24.10077,0.00000
121.550,-10.52956,-24.54172,0.00000
121.560,-9.84804,-23.95793,1.26531
121.570,-9.40258,-23.76023,0.64317
121.580,-9.55302,-24.16875,0.00000
121.590,-9.98807,-24.73473,0.00000
121.600,-9.48783,-20.42497,4.81000
121.610,-8.22941,-19.46487,2.21853
121.620,-7.54035,-21.35952,0.68906
121.630,-6.72807,-22.39453,0.81228
121.640,-5.84005,-24.16410,0.88802
121.650,-4.78018,-25.42027,1.05987
121.660,-4.78384,-25.91893,0.00000
121.670,-6.38908,-25.88157,0.03737
121.680,-6.24068,-26.43206,0.14840
121.690,-4.39876,-26.69765,1.84192
121.700,-4.38608,-24.83947,1.87086
121.710,-4.63090,-24.38204,0.45743
121.720,-4.90893,-25.19446,0.00000
121.730,-5.22064,-25.28619,0.00000
121.740,-5.51045,-25.16251,0.12368
121.750,-5.47349,-24.94719,0.25227
121.760,-5.78813,-25.31585,0.00000
121.770,-6.67713,-25.20904,0.10681
121.780,-7.23982,-24.35169,0.85735
121.790,-8.32153,-23.65980,0.69189
121.800,-8.45188,-19.24520,4.41460
121.810,-9.25435,-18.40315,0.84205
121.820,-9.68337,-20.24589,0.00000
121.830,-9.50158,-20.47023,0.18179
121.840,-9.33695,-20.33161,0.30325
121.850,-9.42284,-20.43192,0.00000
121.860,-9.00217,-21.16414,0.42067
121.870,-9.08022,-20.97138,0.19276
121.880,-9.15258,-20.92128,0.05010
121.890,-9.07822,-20.98815,0.07435
121.900,-8.96036,-19.31228,1.79374
121.910,-8.84328,-19.35979,0.11707
121.920,-7.94512,-21.27783,0.89816
121.930,-6.88812,-22.28160,1.05701
121.940,-6.31231,-22.99917,0.57581
121.950,-6.20303,-23.76469,0.10928
121.960,-6.00308,-23.82991,0.19995
121.970,-5.28377,-24.34759,0.71932
121.980,-5.27059,-26.26272,0.01318
121.990,-5.61800,-26.94686,0.00000
122.000,-5.68261,-17.92028,9.02658
122.010,-5.98983,-15.20863,2.71165
122.020,-6.29243,-15.30691,0.00000
122.030,-7.37708,-15.72897,0.00000
122.040,-7.55961,-16.45535,0.00000
122.050,-7.62497,-17.45399,0.00000
122.060,-8.24703,-18.23640,0.00000
122.070,-8.50163,-18.78702,0.00000
122.080,-9.44390,-19.47598,0.00000
122.090,-9.82481,-19.98123,0.00000
122.100,-10.40900,-19.89815,0.08308
122.110,-9.72004,-20.47926,0.68895
122.120,-10.19874,-21.84455,0.00000
122.130,-10.01961,-22.57184,0.17913
122.140,-9.64881,-23.18982,0.37080
122.150,-9.44277,-23.33822,0.20604
122.160,-9.13296,-23.81884,0.30981
122.170,-9.22618,-24.26668,0.00000
122.180,-9.50688,-24.36542,0.00000
122.190,-9.04118,-23.88197,0.94915
122.200,-8.29787,-19.80139,4.82389
122.210,-8.31429,-19.52730,0.27409
122.220,-7.17425,-23.86708,1.14004
122.230,-6.86532,-26.84498,0.30893
122.240,-5.91569,-27.21229,0.94963
122.250,-5.46738,-27.84732,0.44830
122.260,-5.09106,-28.43524,0.37633
122.270,-4.64971,-27.84644,1.03015
122.280,-5.87418,-27.37676,0.46968
122.290,-6.78879,-26.66695,0.70981
122.300,-6.69899,-24.77630,1.98045
122.310,-6.66067,-24.59191,0.22272
122.320,-6.69153,-25.69873,0.00000
122.330,-6.50935,-25.77988,0.18217
122.340,-6.36164,-25.73737,0.19023
122.350,-7.02811,-25.68577,0.05160
122.360,-7.57161,-25.78346,0.00000
122.370,-8.35757,-24.65249,1.13097
122.380,-9.17442,-24.05226,0.60023
122.390,-9.27015,-23.96870,0.08356
122.400,-9.33924,-19.49499,4.47370
122.410,-9.03461,-18.48655,1.31306
122.420,-7.82839,-20.82685,1.20622
122.430,-6.51804,-22.78895,1.31035
122.440,-6.55799,-23.95796,0.00000
122.450,-5.42420,-24.59610,1.13379
122.460,-5.70144,-24.32350,0.27261
122.470,-6.73401,-24.00989,0.31360
122.480,-5.48036,-25.14590,1.25365
122.490,-5.13035,-25.47521,0.35001
122.500,-5.78868,-22.65228,2.82293
122.510,-6.78420,-21.40096,1.25132
122.520,-6.32769,-23.17144,0.45651
122.530,-5.11978,-25.66059,1.20792
122.540,-4.71685,-25.10597,0.95754
122.550,-5.64099,-24.03763,1.06834
122.560,-5.75114,-23.37980,0.65783
122.570,-5.87538,-23.06004,0.31976
122.580,-7.90446,-23.09485,0.00000
122.590,-9.58562,-23.56103,0.00000
122.600,-9.53675,-20.31620,3.29370
122.610,-8.67858,-19.48613,1.68824
122.620,-8.17545,-22.06809,0.50313
122.630,-8.76384,-23.46204,0.00000
122.640,-8.66507,-23.46149,0.09933
122.650,-7.79311,-23.38373,0.94971
122.660,-7.69984,-23.41900,0.09327
122.670,-7.49319,-23.53289,0.20665
122.680,-8.23303,-23.45774,0.07515
122.690,-8.44024,-23.22473,0.23301
122.700,-7.59156,-22.46811,1.60530
122.710,-7.88712,-22.99225,0.00000
122.720,-7.86801,-24.78568,0.01911
122.730,-8.25236,-24.65014,0.13554
122.740,-8.11311,-24.09510,0.69428
122.750,-8.07304,-23.54438,0.59080
122.760,-8.03027,-22.50938,1.07777
122.770,-8.04906,-22.79617,0.00000
122.780,-8.70922,-23.39065,0.00000
122.790,-8.18372,-24.02797,0.52549
122.800,-7.47215,-16.12671,8.61284
122.810,-7.60958,-13.97795,2.14876
122.820,-7.96561,-14.71814,0.00000
122.830,-7.46186,-15.53089,0.50374
122.840,-6.25797,-17.32399,1.20390
122.850,-6.17545,-19.24680,0.08251
122.860,-5.77924,-20.53789,0.39622
122.870,-5.32069,-20.86885,0.45855
122.880,-6.20798,-21.43877,0.00000
122.890,-5.41322,-22.41794,0.79476
122.900,-4.37365,-22.45407,1.03957
122.910,-5.36369,-22.29594,0.15813
122.920,-5.96098,-23.22779,0.00000
122.930,-5.07716,-23.98077,0.88382
122.940,-6.83767,-23.27862,0.70214
122.950,-10.12817,-22.92061,0.35801
122.960,-8.06502,-23.35597,2.06315
122.970,-6.83951,-24.14919,1.22551
122.980,-7.55725,-24.24008,0.00000
122.990,-7.07988,-24.55280,0.47737
123.000,-6.82189,-21.45186,3.35892
123.010,-7.88488,-20.41310,1.03876
123.020,-7.76980,-22.61843,0.11507
123.030,-7.96869,-24.39651,0.00000
123.040,-8.55270,-24.97537,0.00000
123.050,-8.16454,-25.00158,0.38816
123.060,-8.32533,-25.21556,0.00000
123.070,-8.28235,-25.11355,0.14500
123.080,-8.07397,-24.76049,0.56144
123.090,-8.56597,-24.78495,0.00000
123.100,-8.07133,-23.73099,1.54861
123.110,-7.94406,-23.63487,0.22338
123.120,-7.63865,-25.47296,0.30542
123.130,-7.37353,-26.05603,0.26511
123.140,-8.32541,-25.52907,0.52696
123.150,-7.94906,-25.32395,0.58147
123.160,-7.66559,-25.56141,0.28347
123.170,-7.75145,-25.39332,0.16809
123.180,-7.50573,-24.86726,0.77179
123.190,-8.22158,-25.47238,0.00000
123.200,-7.94767,-21.02086,4.72543
123.210,-7.96608,-20.36849,0.65237
123.220,-7.90486,-22.78128,0.06122
123.230,-7.10434,-23.40391,0.80052
123.240,-6.20692,-25.79672,0.89742
123.250,-4.38120,-27.54330,1.82572
123.260,-4.74014,-27.87774,0.00000
123.270,-5.77952,-28.01208,0.00000
123.280,-4.54626,-28.08803,1.23326
123.290,-4.17338,-27.79989,0.66101
123.300,-6.31281,-25.42697,2.37293
123.310,-9.98718,-24.58818,0.83879
123.320,-7.09319,-25.74149,2.89399
123.330,-4.91845,-26.36870,2.17475
123.340,-5.71559,-25.88104,0.48765
123.350,-5.87653,-25.60011,0.28094
123.360,-4.54703,-25.38785,1.54176
123.370,-5.59110,-25.22211,0.16574
123.380,-7.66893,-25.60669,0.00000
123.390,-7.44864,-24.58692,1.24006
123.400,-7.74841,-20.28406,4.30286
123.410,-7.95659,-18.95785,1.32621
123.420,-7.65788,-21.10482,0.29871
123.430,-8.02228,-23.53405,0.00000
123.440,-7.80138,-23.47798,0.27696
123.450,-8.23260,-23.26684,0.21114
123.460,-7.85471,-23.08593,0.55881
123.470,-7.18590,-23.06073,0.69401
123.480,-7.59032,-23.02146,0.03926
123.490,-7.49894,-22.93507,0.17777
123.500,-8.41025,-19.92517,3.00990
123.510,-9.11861,-20.16472,0.00000
123.520,-8.42358,-25.37642,0.69502
123.530,-6.72115,-27.55835,1.70244
123.540,-6.36776,-27.07775,0.83399
123.550,-6.16367,-26.24197,1.03986
123.560,-4.96239,-24.79143,2.65183
123.570,-4.86482,-24.58244,0.30655
123.580,-6.04767,-25.11411,0.00000
123.590,-8.72904,-26.22829,0.00000
123.600,-8.18512,-17.85339,8.91881
123.610,-5.47377,-15.62838,4.93636
123.620,-5.15968,-15.97587,0.31409
123.630,-6.54470,-16.02236,0.00000
123.640,-6.52001,-16.74185,0.02470
123.650,-6.03484,-17.59171,0.48516
123.660,-7.49332,-18.09880,0.00000
123.670,-9.66911,-18.62646,0.00000
123.680,-9.03063,-19.20310,0.63849
123.690,-7.76786,-19.68657,1.26277
123.700,-8.00924,-20.03514,0.00000
123.710,-8.90205,-20.50684,0.00000
123.720,-7.76173,-21.79561,1.14032
123.730,-8.06482,-22.08611,0.00000
123.740,-8.95546,-22.44670,0.00000
123.750,-8.08458,-23.22846,0.87089
123.760,-8.38676,-23.22522,0.00324
123.770,-7.66204,-23.45410,0.72472
123.780,-7.35271,-23.78713,0.30933
123.790,-7.92803,-24.42921,0.00000
123.800,-8.10391,-19.15730,5.27191
123.810,-9.51390,-18.25867,0.89864
123.820,-8.47739,-22.35971,1.03652
123.830,-6.50439,-25.98199,1.97300
123.840,-5.43081,-27.69991,1.07357
123.850,-5.85505,-28.22017,0.00000
123.860,-6.44608,-27.82824,0.39194
123.870,-6.61519,-27.64946,0.17878
123.880,-7.64596,-27.91899,0.00000
123.890,-5.70693,-28.25693,1.93902
123.900,-4.37095,-26.77551,2.81741
123.910,-5.51631,-25.99495,0.78056
123.920,-7.22531,-26.96212,0.00000
123.930,-6.36673,-27.26368,0.85858
123.940,-6.43912,-26.85969,0.40399
123.950,-8.28928,-26.27830,0.58139
123.960,-8.38791,-26.24211,0.03619
123.970,-6.60723,-26.73605,1.78068
123.980,-6.66332,-26.90418,0.00000
123.990,-8.58933,-27.23105,0.00000
124.000,-8.46591,-21.33068,6.02378
124.010,-8.15538,-20.29474,1.34647
124.020,-7.86098,-22.56306,0.29440
124.030,-7.28612,-23.53624,0.57486
124.040,-6.68045,-25.36360,0.60567
124.050,-5.45082,-27.11395,1.22964
124.060,-4.60263,-28.23199,0.84818
124.070,-5.23504,-28.11000,0.12199
124.080,-5.53610,-28.19063,0.00000
124.090,-5.12624,-27.63953,0.96097
124.100,-6.00920,-24.89733,2.74220
124.110,-6.61592,-24.34311,0.55422
124.120,-6.53469,-25.35171,0.08124
124.130,-7.39521,-25.28525,0.06646
124.140,-7.41035,-25.78117,0.00000
124.150,-5.67627,-26.55229,1.73408
124.160,-5.55718,-25.72665,0.94474
124.170,-6.87527,-25.54259,0.18406
124.180,-7.08169,-25.86837,0.00000
124.190,-7.19799,-25.14602,0.72235
124.200,-8.48649,-20.28715,4.85886
124.210,-8.88349,-19.23991,1.04724
124.220,-9.61701,-22.05751,0.00000
124.230,-9.68811,-23.88132,0.00000
124.240,-8.86520,-23.71804,0.98620
124.250,-9.04063,-23.66850,0.04954
124.260,-8.86104,-23.49741,0.35068
124.270,-8.68458,-23.15072,0.52315
124.280,-8.15912,-23.13439,0.54179
124.290,-7.47321,-23.48345,0.68591
124.300,-7.73005,-22.43415,1.04930
124.310,-8.26887,-22.72747,0.00000
124.320,-8.41792,-24.55275,0.00000
124.330,-8.34514,-24.50830,0.11722
124.340,-8.43565,-24.57986,0.00000
124.350,-9.45366,-23.95786,0.62200
124.360,-9.43517,-22.32043,1.65592
124.370,-8.56482,-22.29762,0.89316
124.380,-8.43191,-23.30713,0.13291
124.390,-8.76493,-24.49840,0.00000
124.400,-8.42041,-16.19131,8.65161
124.410,-7.46585,-13.98428,3.16159
124.420,-7.63916,-14.68452,0.00000
124.430,-6.99540,-15.62046,0.64376
124.440,-6.34769,-17.19766,0.64771
124.450,-5.97826,-18.72666,0.36943
124.460,-5.51499,-20.38093,0.46327
124.470,-5.61343,-20.99615,0.00000
124.480,-6.24448,-21.33845,0.00000
124.490,-6.96209,-21.62981,0.00000
124.500,-6.43423,-21.68877,0.52785
124.510,-5.30341,-22.25768,1.13082
124.520,-4.77573,-23.44350,0.52768
124.530,-5.61469,-23.64791,0.00000
124.540,-5.58160,-23.89787,0.03309
124.550,-5.10515,-24.24738,0.47645
124.560,-7.08412,-24.44485,0.00000
124.570,-10.31129,-24.49227,0.00000
124.580,-9.82533,-24.28271,0.69552
124.590,-9.06247,-24.10776,0.93780
124.600,-9.24106,-20.67399,3.43377
124.610,-9.09748,-19.95699,0.86058
124.620,-9.24207,-22.68640,0.00000
124.630,-9.55485,-24.41670,0.00000
124.640,-9.28910,-24.81748,0.26575
124.650,-8.72043,-24.88996,0.56868
124.660,-9.15644,-25.10606,0.00000
124.670,-9.59323,-25.49046,0.00000
124.680,-9.20533,-25.56699,0.38791
124.690,-8.99739,-25.39287,0.38205
124.700,-8.57756,-23.52907,2.28363
124.710,-9.66924,-23.38822,0.14085
124.720,-9.41839,-25.19845,0.25085
124.730,-8.03827,-25.29122,1.38012
124.740,-8.36938,-25.12395,0.16727
124.750,-8.77454,-25.44205,0.00000
124.760,-9.58362,-25.62304,0.00000
124.770,-10.02446,-25.62780,0.00000
124.780,-9.40112,-25.36417,0.88697
124.790,-10.69250,-25.73392,0.00000
124.800,-10.24152,-20.35374,5.83115
124.810,-8.37196,-19.45880,2.76450
124.820,-7.28831,-22.11031,1.08365
124.830,-6.27738,-23.42858,1.01093
124.840,-5.83330,-25.48542,0.44408
124.850,-5.42909,-26.86651,0.40421
124.860,-4.46416,-27.69196,0.96492
124.870,-4.45246,-27.96034,0.01170
124.880,-6.20885,-26.83926,1.12108
124.890,-6.74954,-25.69485,1.14441
124.900,-6.12008,-24.66683,1.65748
124.910,-6.59786,-24.50137,0.16545
124.920,-5.90682,-25.79249,0.69104
124.930,-5.94151,-26.21874,0.00000
124.940,-6.19839,-25.59647,0.62227
124.950,-6.35086,-25.21510,0.38137
124.960,-6.51259,-25.49982,0.00000
124.970,-7.34512,-25.31629,0.18353
124.980,-8.40931,-25.13583,0.18046
124.990,-8.43359,-25.26296,0.00000
125.000,-8.88462,-19.42127,5.84168
125.010,-8.80976,-18.37099,1.12515
125.020,-9.30522,-20.66076,0.00000
125.030,-9.36885,-21.33310,0.00000
125.040,-9.27762,-21.37210,0.09123
125.050,-9.58009,-21.21392,0.15817
125.060,-9.03975,-21.53311,0.54034
125.070,-8.71774,-21.07381,0.78131
125.080,-9.27202,-21.11558,0.00000
125.090,-9.21936,-21.06762,0.10062
125.100,-9.65444,-19.62002,1.44760
125.110,-9.06403,-19.67303,0.59041
125.120,-8.06816,-21.23213,0.99588
125.130,-6.87801,-22.68116,1.19014
125.140,-6.32305,-23.51507,0.55496
125.150,-5.39698,-24.45668,0.92607
125.160,-5.50874,-24.55405,0.00000
125.170,-7.00600,-24.57717,0.00000
125.180,-6.32924,-26.52779,0.67676
125.190,-5.19604,-28.01670,1.13320
125.200,-5.13109,-18.72557,9.35608
125.210,-5.20029,-16.11141,2.61416
125.220,-5.66511,-16.12702,0.00000
125.230,-5.78282,-16.50807,0.00000
125.240,-5.70501,-17.64363,0.07781
125.250,-6.19829,-18.71060,0.00000
125.260,-6.86828,-19.03237,0.00000
125.270,-6.93266,-19.51670,0.00000
125.280,-7.23545,-20.49961,0.00000
125.290,-7.63208,-20.92180,0.00000
125.300,-8.22945,-20.61184,0.30996
125.310,-8.77618,-21.01172,0.00000
125.320,-8.98004,-22.15354,0.00000
125.330,-9.35481,-22.92141,0.00000
125.340,-9.24719,-23.34234,0.10762
125.350,-8.99670,-23.72582,0.25049
125.360,-9.11451,-24.20309,0.00000
125.370,-9.42913,-24.28953,0.00000
125.380,-9.38998,-24.97869,0.03915
125.390,-9.42644,-25.53627,0.00000
125.400,-9.22774,-20.36606,5.36890
125.410,-9.96283,-19.78717,0.57889
125.420,-9.01008,-24.50053,0.95275
125.430,-6.55274,-28.44991,2.45734
125.440,-5.36755,-30.18378,1.18518
125.450,-5.40108,-30.61277,0.00000
125.460,-5.42343,-30.31895,0.29381
125.470,-5.06410,-30.33180,0.35933
125.480,-4.99770,-30.28624,0.11197
125.490,-5.32659,-29.53144,0.75480
125.500,-5.64437,-26.92854,2.60290
125.510,-6.38034,-25.98326,0.94529
125.520,-6.73301,-26.74038,0.00000
125.530,-6.30859,-27.23336,0.42442
125.540,-6.44138,-27.08516,0.14820
125.550,-7.46503,-26.35377,0.73139
125.560,-8.14554,-26.57671,0.00000
125.570,-8.24443,-26.51412,0.06259
125.580,-8.57268,-25.40277,1.11135
125.590,-9.31922,-25.25508,0.14769
125.600,-8.69608,-20.49975,5.37847
125.610,-8.11359,-18.96871,2.11352
125.620,-7.82547,-20.86041,0.28812
125.630,-7.25040,-22.80948,0.57508
125.640,-5.82448,-24.08262,1.42591
125.650,-4.11662,-25.11257,1.70786
125.660,-3.97769,-25.07153,0.17998
125.670,-5.17963,-24.58061,0.49092
125.680,-6.21526,-24.90819,0.00000
125.690,-5.87517,-25.39552,0.34010
125.700,-4.22915,-24.37770,2.66383
125.710,-4.86635,-22.97427,1.40343
125.720,-6.26740,-23.81313,0.00000
125.730,-4.99271,-25.17837,1.27469
125.740,-6.59272,-24.27284,0.90553
125.750,-7.07134,-23.69315,0.57969
125.760,-6.76503,-23.38329,0.61618
125.770,-9.29377,-23.09323,0.29005
125.780,-8.24174,-23.51097,1.05203
125.790,-7.59905,-24.37284,0.64269
125.800,-7.83797,-20.57526,3.79758
125.810,-7.60991,-19.37506,1.42826
125.820,-7.90872,-21.83416,0.00000
125.830,-7.56852,-23.84687,0.34020
125.840,-7.72374,-23.56411,0.28276
125.850,-8.92043,-23.20301,0.36110
125.860,-7.79147,-23.21542,1.12896
125.870,-7.48435,-23.24476,0.30712
125.880,-8.14939,-23.38907,0.00000
125.890,-8.61643,-23.45948,0.00000
125.900,-8.67835,-22.45343,1.00604
125.910,-8.75740,-22.97111,0.00000
125.920,-9.09221,-24.96197,0.00000
125.930,-8.49170,-24.97446,0.60051
125.940,-8.85525,-24.26857,0.70590
125.950,-8.70995,-24.00311,0.41077
125.960,-8.60257,-22.71250,1.39798
125.970,-8.57366,-22.16923,0.57217
125.980,-8.84421,-23.15907,0.00000
125.990,-9.16674,-24.72148,0.00000
126.000,-7.74157,-16.65164,9.49502
126.010,-8.08068,-14.18684,2.46481
126.020,-8.61954,-14.58358,0.00000
126.030,-7.19859,-15.69524,1.42095
126.040,-6.33424,-17.77274,0.86435
126.050,-5.63162,-19.66630,0.70262
126.060,-4.81121,-21.03865,0.82041
126.070,-4.94103,-21.17799,0.00000
126.080,-6.28571,-21.20460,0.00000
126.090,-7.53448,-21.22041,0.00000
126.100,-5.98845,-21.65067,1.54603
126.110,-5.59866,-22.23191,0.38979
126.120,-6.31856,-23.11771,0.00000
126.130,-5.41529,-24.00024,0.90327
126.140,-5.64689,-24.12811,0.00000
126.150,-5.48886,-24.26800,0.15803
126.160,-5.64818,-24.31364,0.00000
126.170,-7.18538,-24.16390,0.14974
126.180,-7.06100,-24.58697,0.12438
126.190,-7.84110,-24.33873,0.24824
126.200,-8.88213,-21.35140,2.98733
126.210,-8.87962,-20.84695,0.50696
126.220,-9.01481,-23.11707,0.00000
126.230,-9.30668,-24.46346,0.00000
126.240,-9.34130,-24.42915,0.03431
126.250,-9.20836,-24.94825,0.13294
126.260,-9.68821,-25.82801,0.00000
126.270,-9.30677,-25.80544,0.40401
126.280,-9.25728,-25.07780,0.77713
126.290,-9.25797,-24.53267,0.54513
126.300,-9.64631,-22.90612,1.62655
126.310,-9.16525,-23.22771,0.48106
126.320,-9.40503,-25.34979,0.00000
126.330,-10.09776,-25.32712,0.02267
126.340,-9.54053,-25.09264,0.79171
126.350,-9.56508,-25.28297,0.00000
126.360,-9.42812,-25.93532,0.13696
126.370,-9.52592,-25.35868,0.57665
126.380,-8.98816,-25.11026,0.78617
126.390,-9.37781,-25.48982,0.00000
126.400,-9.17390,-20.90681,4.78692
126.410,-8.55573,-19.93702,1.58796
126.420,-7.28694,-21.89466,1.26879
126.430,-6.56404,-23.09787,0.72290
126.440,-6.60816,-24.97189,0.00000
126.450,-5.25238,-26.51985,1.35578
126.460,-4.90967,-27.20723,0.34271
126.470,-6.15473,-26.76853,0.43870
126.480,-6.31615,-27.06087,0.00000
126.490,-5.02526,-27.43207,1.29090
126.500,-4.84860,-25.60661,2.00211
126.510,-5.96892,-24.85175,0.75487
126.520,-6.07832,-25.42603,0.00000
126.530,-6.41637,-25.66921,0.00000
126.540,-8.15093,-25.45638,0.21283
126.550,-7.65395,-25.15444,0.79892
126.560,-7.90793,-24.78316,0.37128
126.570,-9.33194,-24.79148,0.00000
126.580,-8.90777,-25.46870,0.42417
126.590,-9.74033,-24.59520,0.87350
126.600,-10.15502,-20.51251,4.08269
126.610,-9.29797,-19.35399,2.01557
126.620,-10.11409,-21.73898,0.00000
126.630,-9.32001,-24.04715,0.79408
126.640,-9.41823,-23.43507,0.61209
126.650,-9.70422,-23.03596,0.39911
126.660,-9.21648,-23.24913,0.48774
126.670,-9.29394,-23.22880,0.02033
126.680,-8.79848,-22.77561,0.94865
126.690,-8.90368,-22.74377,0.03184
126.700,-8.80985,-19.60948,3.22811
126.710,-9.24763,-19.82366,0.00000
126.720,-8.76969,-25.09014,0.47793
126.730,-6.85857,-26.47742,1.91112
126.740,-6.19326,-25.90730,1.23544
126.750,-5.91165,-25.56992,0.61898
126.760,-5.58005,-24.21040,1.69112
126.770,-6.47504,-23.77698,0.43342
126.780,-6.45224,-24.71014,0.02281
126.790,-4.55545,-25.91865,1.89679
126.800,-4.29208,-18.47138,7.71064
126.810,-5.13583,-15.87496,2.59642
126.820,-5.59548,-15.59745,0.27750
126.830,-6.37391,-15.58422,0.01323
126.840,-6.93701,-16.43604,0.00000
126.850,-7.64604,-17.23865,0.00000
126.860,-9.13520,-17.66801,0.00000
126.870,-9.65391,-18.10179,0.00000
126.880,-9.64470,-18.95456,0.00921
126.890,-9.83079,-19.79392,0.00000
126.900,-9.61713,-19.61085,0.39672
126.910,-9.54031,-19.91070,0.07682
126.920,-9.08653,-20.99087,0.45378
126.930,-9.15144,-21.78029,0.00000
126.940,-9.97410,-22.50978,0.00000
126.950,-9.99640,-23.03571,0.00000
126.960,-9.49762,-23.48328,0.49878
126.970,-9.58191,-23.44449,0.03879
126.980,-10.02271,-23.54931,0.00000
126.990,-10.02942,-24.22062,0.00000
127.000,-10.08869,-18.17086,6.04976
127.010,-9.86848,-17.16424,1.22683
127.020,-8.57391,-21.01486,1.29457
127.030,-6.97388,-24.75758,1.60003
127.040,-5.79043,-26.80247,1.18345
127.050,-5.37466,-26.84349,0.41577
127.060,-5.00714,-26.60137,0.60964
127.070,-5.43729,-26.95839,0.00000
127.080,-6.33847,-27.50102,0.00000
127.090,-5.53874,-27.13854,1.16221
127.100,-4.80184,-25.49100,2.38444
127.110,-5.26339,-25.36732,0.12368
127.120,-5.63673,-26.73176,0.00000
127.130,-5.57876,-26.17243,0.61730
127.140,-5.74635,-25.24485,0.92758
127.150,-6.32805,-25.54112,0.00000
127.160,-8.12400,-26.36758,0.00000
127.170,-9.53938,-26.06858,0.29900
127.180,-10.22021,-24.98587,1.08271
127.190,-11.47123,-24.67516,0.31071
127.200,-11.39199,-20.65977,4.09463
127.210,-10.73157,-20.04359,1.27660
127.220,-8.85098,-22.29927,1.88059
127.230,-7.16808,-22.92058,1.68290
127.240,-6.42541,-24.25514,0.74267
127.250,-5.25258,-25.90378,1.17283
127.260,-5.25327,-27.07472,0.00000
127.270,-5.99574,-26.57972,0.49500
127.280,-5.51578,-26.31012,0.74957
127.290,-5.14175,-26.63309,0.37403
127.300,-5.40370,-25.03739,1.59570
127.310,-6.15134,-24.23430,0.80309
127.320,-7.30619,-24.89168,0.00000
127.330,-7.42083,-24.74613,0.14555
127.340,-7.39329,-24.66538,0.10829
127.350,-8.32766,-24.82700,0.00000
127.360,-8.15256,-24.37771,0.62439
127.370,-8.12788,-24.05649,0.34590
127.380,-8.83179,-24.28413,0.00000
127.390,-8.66692,-24.32467,0.16487
127.400,-8.44303,-15.20820,9.34036
127.410,-8.39492,-13.13658,2.11973
127.420,-8.87852,-13.92129,0.00000
127.430,-9.73788,-14.90016,0.00000
127.440,-9.33496,-17.01038,0.40292
127.450,-9.42829,-18.89039,0.00000
127.460,-9.26377,-20.23853,0.16451
127.470,-8.90875,-20.93630,0.35502
127.480,-8.88542,-21.56633,0.02333
127.490,-9.06250,-22.40931,0.00000
127.500,-9.98361,-21.94148,0.46783
127.510,-9.96172,-22.15873,0.02189
127.520,-9.43964,-23.50813,0.52208
127.530,-9.25399,-23.73793,0.18566
127.540,-9.77099,-23.41938,0.31855
127.550,-9.94470,-22.78116,0.63821
127.560,-9.57989,-21.91196,1.23401
127.570,-9.47985,-21.64803,0.36397
127.580,-9.08592,-22.14068,0.39394
127.590,-9.61774,-23.09843,0.00000
127.600,-8.61463,-15.53563,8.56591
127.610,-7.50610,-13.48722,3.15693
127.620,-8.04400,-14.39310,0.00000
127.630,-7.23643,-15.46780,0.80757
127.640,-6.23545,-17.21693,1.00098
127.650,-6.03082,-18.62574,0.20463
127.660,-5.51683,-19.73912,0.51399
127.670,-5.45072,-20.31369,0.06611
127.680,-6.15747,-20.83887,0.00000
127.690,-5.95961,-21.14841,0.19787
127.700,-5.53787,-21.09358,0.47656
127.710,-5.17984,-21.44417,0.35803
127.720,-4.95357,-22.58024,0.22627
127.730,-5.18038,-22.94867,0.00000
127.740,-5.07106,-23.19359,0.10932
127.750,-5.78587,-23.35537,0.00000
127.760,-6.64741,-23.01495,0.34042
127.770,-6.99356,-22.96235,0.05260
127.780,-8.43216,-23.33083,0.00000
127.790,-9.58125,-23.11311,0.21771
127.800,-9.97741,-20.06200,3.05112
127.810,-10.12211,-19.59709,0.46491
127.820,-10.53474,-21.83341,0.00000
127.830,-10.61791,-22.97269,0.00000
127.840,-10.18194,-23.42637,0.43597
127.850,-10.58105,-23.70379,0.00000
127.860,-10.66777,-23.31330,0.39049
127.870,-10.03108,-22.93596,1.01403
127.880,-9.83908,-23.06142,0.19200
127.890,-10.23144,-23.57656,0.00000
127.900,-10.26554,-22.87492,0.70164
127.910,-10.14272,-22.38615,0.61159
127.920,-10.22303,-23.02063,0.00000
127.930,-10.24161,-23.28353,0.00000
127.940,-9.96516,-23.72867,0.27645
127.950,-10.06776,-23.86878,0.00000
127.960,-10.48343,-23.49800,0.37078
127.970,-9.83883,-23.33842,0.80417
127.980,-10.15859,-23.55904,0.00000
127.990,-10.54735,-23.76982,0.00000
128.000,-8.48243,-15.56338,10.27135
128.010,-7.49037,-13.44929,3.10615
128.020,-7.43930,-14.65023,0.05107
128.030,-7.11672,-16.41759,0.32258
128.040,-7.21463,-19.11335,0.00000
128.050,-5.70856,-21.71082,1.50607
128.060,-5.18218,-23.22696,0.52638
128.070,-6.61948,-23.58090,0.00000
128.080,-6.30226,-24.37888,0.31722
128.090,-4.77488,-24.83848,1.52738
128.100,-4.43094,-18.92954,6.25287
128.110,-5.14309,-16.58227,2.34727
128.120,-5.31162,-16.68841,0.00000
128.130,-5.30869,-17.58008,0.00293
128.140,-5.67398,-19.41504,0.00000
128.150,-5.95104,-20.94898,0.00000
128.160,-6.40252,-21.75700,0.00000
128.170,-7.01178,-22.29861,0.00000
128.180,-6.94755,-22.72352,0.06423
128.190,-7.59240,-22.78328,0.00000
128.200,-8.06480,-15.58508,7.19821
128.210,-7.99717,-13.42733,2.22538
128.220,-8.66169,-13.86036,0.00000
128.230,-8.97237,-14.60368,0.00000
128.240,-9.22703,-16.23325,0.00000
128.250,-8.96499,-17.53405,0.26204
128.260,-8.79008,-18.90527,0.17491
128.270,-8.59736,-19.55975,0.19272
128.280,-8.24938,-19.83043,0.34798
128.290,-8.61516,-19.76832,0.06212
128.300,-8.42949,-15.90929,4.04469
128.310,-7.73371,-14.54131,2.06377
128.320,-7.89997,-15.09479,0.00000
128.330,-7.12344,-16.83236,0.77653
128.340,-5.58837,-20.64372,1.53507
128.350,-5.16763,-22.23936,0.42074
128.360,-6.28619,-22.20145,0.03791
128.370,-6.63772,-22.18455,0.01690
128.380,-5.81009,-23.19293,0.82763
128.390,-6.24657,-24.25260,0.00000
128.400,-7.07723,-20.82694,3.42565
128.410,-6.51473,-19.30162,2.08782
128.420,-6.69768,-19.41852,0.00000
128.430,-6.39681,-19.00502,0.71438
128.440,-6.60751,-18.82905,0.17597
128.450,-6.44409,-19.39294,0.16342
128.460,-7.18342,-19.65344,0.00000
128.470,-10.18717,-19.52593,0.12751
128.480,-8.34649,-20.08171,1.84068
128.490,-7.85248,-20.39640,0.49401
128.500,-7.03775,-20.48505,0.81473
128.510,-6.94236,-20.87440,0.09539
128.520,-6.90111,-21.68679,0.04125
128.530,-7.05330,-22.43308,0.00000
128.540,-6.62320,-22.75825,0.43010
128.550,-5.93276,-22.73820,0.71049
128.560,-7.10012,-23.04228,0.00000
128.570,-7.73240,-23.45761,0.00000
128.580,-6.69179,-23.66623,1.04061
128.590,-6.21149,-23.69738,0.48030
128.600,-6.94757,-20.00701,3.69037
128.610,-7.69310,-19.82365,0.18335
128.620,-8.39681,-23.20672,0.00000
128.630,-7.17489,-24.49339,1.22192
128.640,-5.55128,-25.83717,1.62362
128.650,-5.19850,-25.97051,0.35277
128.660,-5.34426,-25.59165,0.37886
128.670,-5.33538,-25.36711,0.23342
128.680,-6.99864,-25.20285,0.16427
128.690,-9.17731,-24.86143,0.34141
128.700,-7.84345,-23.53197,2.66332
128.710,-6.93632,-23.05131,1.38779
128.720,-6.54135,-23.47660,0.39497
128.730,-6.71178,-23.61637,0.00000
128.740,-7.63792,-23.81743,0.00000
128.750,-7.81436,-23.41002,0.40740
128.760,-5.96350,-23.18987,2.07100
128.770,-6.11682,-23.50081,0.00000
128.780,-8.91036,-23.36933,0.13148
128.790,-9.06397,-23.44421,0.00000
128.800,-8.74565,-18.95859,4.80393
128.810,-8.97134,-17.58302,1.37557
128.820,-8.20126,-19.34877,0.77007
128.830,-7.05256,-20.74429,1.14870
128.840,-6.63890,-21.61908,0.41366
128.850,-5.61153,-21.95566,1.02737
128.860,-5.87687,-22.00066,0.00000
128.870,-6.40459,-22.19277,0.00000
128.880,-5.53132,-22.38243,0.87326
128.890,-5.94909,-22.56032,0.00000
128.900,-5.99954,-21.39795,1.16237
128.910,-5.74040,-20.78574,0.87135
128.920,-6.00028,-22.43483,0.00000
128.930,-5.15561,-23.75485,0.84467
128.940,-4.70621,-22.85656,1.34769
128.950,-6.08415,-21.71981,1.13675
128.960,-6.63403,-21.23078,0.48903
128.970,-6.57436,-21.13846,0.15200
128.980,-8.40264,-20.65414,0.48432
128.990,-9.69458,-20.18489,0.46925
129.000,-8.69636,-18.95387,2.22924
129.010,-7.66698,-18.64498,1.33827
129.020,-7.97147,-20.01352,0.00000
129.030,-9.12404,-21.12613,0.00000
129.040,-8.17345,-21.39922,0.95060
129.050,-7.36049,-21.30190,0.91027
129.060,-6.80541,-21.27971,0.57728
129.070,-6.72465,-21.10966,0.25081
129.080,-7.92465,-20.98381,0.12585
129.090,-7.72610,-20.76010,0.42226
129.100,-6.94336,-20.20055,1.34229
129.110,-6.98780,-20.42138,0.00000
129.120,-7.07596,-20.90918,0.00000
129.130,-7.93645,-20.72121,0.18797
129.140,-7.53905,-20.83074,0.39740
129.150,-6.95641,-20.92039,0.58264
129.160,-6.98883,-20.44584,0.47455
129.170,-6.96507,-20.55824,0.02376
129.180,-7.18865,-21.32432,0.00000
129.190,-6.83849,-22.51211,0.35017
129.200,-7.01790,-16.51938,5.99272
129.210,-7.57281,-14.40541,2.11398
129.220,-7.67557,-15.02826,0.00000
129.230,-7.51050,-15.79284,0.16507
129.240,-6.20534,-17.39719,1.30516
129.250,-6.27125,-18.91545,0.00000
129.260,-6.19994,-19.64110,0.07131
129.270,-5.67528,-20.16365,0.52466
129.280,-6.49194,-20.90176,0.00000
129.290,-5.28810,-21.88797,1.20384
129.300,-4.41935,-22.14299,0.86875
129.310,-6.02971,-21.87647,0.26652
129.320,-6.27663,-22.32549,0.00000
129.330,-4.67106,-22.41170,1.60557
129.340,-6.72110,-21.59220,0.81950
129.350,-10.91418,-20.86335,0.72886
129.360,-7.43491,-21.09434,3.47927
129.370,-6.07723,-21.16879,1.35768
129.380,-6.97417,-20.73008,0.43871
129.390,-6.79700,-21.02016,0.17717
129.400,-6.79639,-19.99389,1.02689
129.410,-7.23462,-19.78924,0.20465
129.420,-6.96825,-21.40115,0.26636
129.430,-7.53292,-21.91116,0.00000
129.440,-7.62648,-22.02474,0.00000
129.450,-7.58121,-22.40314,0.04527
129.460,-7.51982,-22.31108,0.15345
129.470,-7.24090,-22.19194,0.39806
129.480,-7.23054,-21.76361,0.43870
129.490,-7.71621,-21.22367,0.53994
129.500,-7.44258,-20.49638,1.00093
129.510,-7.13770,-20.57604,0.30487
129.520,-6.86425,-21.70370,0.27345
129.530,-6.57312,-22.59941,0.29113
129.540,-7.39032,-22.73342,0.00000
129.550,-7.38648,-22.62916,0.10810
129.560,-7.29751,-22.64219,0.08897
129.570,-7.15320,-22.54385,0.24265
129.580,-7.01134,-22.69792,0.14186
129.590,-7.44441,-22.88611,0.00000
129.600,-7.19590,-20.79132,2.34331
129.610,-7.81172,-20.54302,0.24829
129.620,-7.83251,-22.17741,0.00000
129.630,-7.18362,-23.20029,0.64889
129.640,-6.07557,-25.26236,1.10805
129.650,-4.40761,-26.46649,1.66795
129.660,-5.05670,-26.59043,0.00000
129.670,-5.93915,-26.71168,0.00000
129.680,-4.61735,-27.43152,1.32181
129.690,-4.24334,-26.56919,1.23633
129.700,-6.48350,-23.99994,2.56925
129.710,-10.80534,-22.97912,1.02082
129.720,-7.12516,-23.75935,3.68019
129.730,-5.08261,-24.12047,2.04255
129.740,-5.82920,-24.17813,0.00000
129.750,-5.56924,-24.47997,0.25996
129.760,-4.59366,-24.16498,1.29057
129.770,-5.73531,-23.77566,0.38933
129.780,-7.37513,-23.21107,0.56458
129.790,-7.62812,-22.49789,0.71318
129.800,-7.90459,-19.45552,3.04237
129.810,-7.58526,-18.68670,1.08816
129.820,-7.41400,-20.39425,0.17126
129.830,-6.99499,-21.46080,0.41901
129.840,-6.86282,-21.62300,0.13217
129.850,-7.74007,-21.64064,0.00000
129.860,-7.30872,-21.64679,0.43134
129.870,-7.00811,-21.55190,0.39551
129.880,-7.33628,-21.91334,0.00000
129.890,-7.53168,-22.48570,0.00000
129.900,-8.74576,-19.84936,2.63634
129.910,-8.70769,-20.12897,0.03806
129.920,-7.99117,-25.26784,0.71652
129.930,-6.76299,-26.90415,1.22818
129.940,-6.82744,-26.83830,0.06585
129.950,-6.63710,-25.95747,1.07117
129.960,-5.09360,-24.45921,3.04175
129.970,-4.94262,-24.15464,0.45556
129.980,-6.26062,-24.29293,0.00000
129.990,-8.38408,-24.30555,0.00000
130.000,-7.70172,-17.74477,7.24314
130.010,-5.38835,-15.96699,4.09115
130.020,-5.12768,-16.26122,0.26067
130.030,-6.90328,-15.75304,0.50818
130.040,-6.42544,-16.38827,0.47785
130.050,-5.48223,-17.48103,0.94321
130.060,-7.11601,-17.58076,0.00000
130.070,-9.13871,-17.56179,0.01897
130.080,-8.53129,-18.24021,0.60742
130.090,-7.35230,-19.17000,1.17899
130.100,-7.90808,-19.28916,0.00000
130.110,-8.51623,-19.46085,0.00000
130.120,-8.22738,-20.53413,0.28884
130.130,-8.74398,-21.06114,0.00000
130.140,-7.91732,-20.71649,1.17130
130.150,-7.90745,-19.81188,0.91448
130.160,-9.14479,-19.94870,0.00000
130.170,-8.01918,-20.75538,1.12562
130.180,-7.91125,-20.46792,0.39539
130.190,-8.45037,-20.53757,0.00000
130.200,-8.03247,-18.13398,2.82149
130.210,-8.83716,-17.99461,0.13937
130.220,-8.25215,-21.91768,0.58501
130.230,-6.77709,-24.78355,1.47506
130.240,-5.51538,-26.88051,1.26171
130.250,-5.75238,-27.24701,0.00000
130.260,-6.38299,-26.18316,1.06385
130.270,-6.70801,-25.51515,0.66801
130.280,-7.53517,-25.49040,0.02474
130.290,-5.58970,-25.60320,1.94547
130.300,-4.45211,-24.28355,2.45724
130.310,-5.57001,-23.93724,0.34630
130.320,-7.22534,-24.60397,0.00000
130.330,-6.85513,-24.08439,0.88980
130.340,-6.26451,-23.76062,0.91439
130.350,-7.46707,-23.13231,0.62831
130.360,-8.43474,-22.89620,0.23611
130.370,-6.35505,-23.29406,2.07969
130.380,-6.23233,-22.98317,0.43360
130.390,-8.28594,-22.64601,0.33716
130.400,-8.10137,-20.59585,2.23473
130.410,-8.17801,-20.39495,0.20091
130.420,-8.44035,-22.29507,0.00000
130.430,-7.47385,-23.40463,0.96650
130.440,-6.87636,-25.03517,0.59749
130.450,-5.74165,-26.34729,1.13471
130.460,-5.04453,-26.98789,0.69713
130.470,-5.40047,-27.18272,0.00000
130.480,-5.39760,-27.16353,0.02206
130.490,-5.61921,-26.27230,0.89123
130.500,-6.45620,-24.53295,1.73936
130.510,-6.74585,-23.76529,0.76766
130.520,-6.48499,-24.01520,0.26086
130.530,-6.70577,-24.24979,0.00000
130.540,-6.67902,-24.11122,0.16532
130.550,-5.20498,-24.39723,1.47404
130.560,-5.43982,-24.03198,0.36525
130.570,-7.42871,-23.46338,0.56860
130.580,-6.97630,-23.59358,0.45241
130.590,-6.91477,-22.66860,0.98652
130.600,-8.12162,-19.66861,2.99999
130.610,-8.36958,-18.89918,0.76943
130.620,-9.14995,-20.84700,0.00000
130.630,-8.63969,-22.09966,0.51027
130.640,-7.86069,-21.68251,1.19614
130.650,-7.67964,-21.49499,0.36857
130.660,-7.78953,-21.24938,0.24561
130.670,-8.53918,-21.33171,0.00000
130.680,-7.98108,-21.72847,0.55810
130.690,-8.08349,-21.52922,0.19925
130.700,-9.43612,-20.47496,1.05426
130.710,-8.52823,-20.99273,0.90788
130.720,-8.27729,-22.06768,0.25095
130.730,-7.78125,-21.59250,0.97121
130.740,-7.67887,-21.60559,0.10238
130.750,-9.15785,-21.09125,0.51434
130.760,-8.25613,-20.69130,1.30167
130.770,-7.96583,-20.64328,0.33832
130.780,-8.07269,-20.75316,0.00000
130.790,-8.27571,-21.52352,0.00000
130.800,-8.32493,-16.03106,5.49245
130.810,-7.38534,-14.14136,2.82930
130.820,-7.48158,-14.92822,0.00000
130.830,-6.62250,-15.86935,0.85908
130.840,-6.87482,-17.35340,0.00000
130.850,-6.72883,-18.92615,0.14599
130.860,-5.46201,-20.50623,1.26683
130.870,-5.21996,-20.67915,0.24205
130.880,-6.12906,-20.51777,0.16138
130.890,-7.60829,-20.84817,0.00000
130.900,-6.84325,-21.09592,0.76504
130.910,-5.06549,-21.69924,1.77776
130.920,-4.93746,-22.06267,0.12803
130.930,-6.05517,-21.83379,0.22888
130.940,-5.66536,-22.32857,0.38981
130.950,-5.91136,-22.00171,0.32686
130.960,-8.33878,-21.44282,0.55889
130.970,-9.81247,-21.70293,0.00000
130.980,-8.46984,-21.90843,1.34264
130.990,-8.14122,-21.37155,0.86550
131.000,-8.82313,-19.27152,2.10002
131.010,-9.21140,-18.75931,0.51222
131.020,-8.41625,-20.13751,0.79516
131.030,-8.41117,-20.63415,0.00508
131.040,-8.43056,-20.78919,0.00000
131.050,-8.37574,-21.17015,0.05481
131.060,-9.90255,-21.34666,0.00000
131.070,-8.73023,-21.74292,1.17232
131.080,-7.79882,-22.42549,0.93141
131.090,-7.92085,-22.55180,0.00000
131.100,-7.66609,-21.92141,0.88515
131.110,-9.03224,-22.07729,0.00000
131.120,-8.97197,-23.26273,0.06027
131.130,-8.40542,-23.68802,0.56654
131.140,-8.92851,-23.31324,0.37478
131.150,-8.78955,-23.31499,0.13896
131.160,-9.14254,-23.16002,0.15497
131.170,-8.87200,-22.55769,0.87288
131.180,-8.80976,-22.30163,0.31830
131.190,-9.54876,-22.19322,0.10841
131.200,-8.86195,-19.49642,3.38361
131.210,-8.30154,-19.29349,0.76334
131.220,-7.92113,-21.89008,0.38041
131.230,-7.05565,-23.19233,0.86548
131.240,-6.07006,-24.69352,0.98559
131.250,-5.46884,-26.10565,0.60122
131.260,-4.93800,-26.87620,0.53084
131.270,-5.23897,-26.27552,0.60068
131.280,-6.89340,-25.64205,0.63347
131.290,-6.91594,-24.72563,0.91642
131.300,-6.23218,-23.32071,2.08868
131.310,-5.85040,-23.00987,0.69262
131.320,-5.53204,-23.79353,0.31835
131.330,-6.23853,-23.49768,0.29585
131.340,-6.42383,-22.53600,0.96169
131.350,-6.26046,-22.50461,0.19475
131.360,-6.80086,-22.62552,0.00000
131.370,-7.55440,-22.35883,0.26668
131.380,-7.98786,-22.28015,0.07868
131.390,-8.27343,-21.67699,0.60316
131.400,-9.30785,-18.75616,2.92083
131.410,-9.50390,-17.95627,0.79989
131.420,-8.63498,-19.06444,0.86893
131.430,-8.42597,-19.52500,0.20901
131.440,-8.74092,-19.67991,0.00000
131.450,-8.58686,-19.59486,0.23911
131.460,-8.81091,-20.09397,0.00000
131.470,-9.25615,-20.18152,0.00000
131.480,-9.91633,-19.94577,0.23575
131.490,-9.44575,-19.82090,0.59546
131.500,-8.77210,-19.11238,1.38216
131.510,-9.39590,-19.46017,0.00000
131.520,-8.56507,-21.15747,0.83083
131.530,-6.65714,-22.45322,1.90793
131.540,-5.99138,-22.85822,0.66576
131.550,-5.33824,-23.55415,0.65314
131.560,-5.21719,-23.45381,0.22139
131.570,-5.88898,-23.00527,0.44855
131.580,-5.78542,-23.63404,0.10356
131.590,-5.15570,-23.99125,0.62972
131.600,-4.86349,-18.18955,6.09390
131.610,-5.02932,-15.76966,2.41990
131.620,-5.46539,-15.74290,0.02675
131.630,-5.54538,-16.01887,0.00000
131.640,-5.78021,-16.71412,0.00000
131.650,-6.59872,-17.82252,0.00000
131.660,-6.62631,-18.42197,0.00000
131.670,-6.73516,-18.48079,0.00000
131.680,-7.29514,-18.83389,0.00000
131.690,-7.77667,-19.12215,0.00000
131.700,-8.59846,-19.10178,0.02038
131.710,-9.43242,-19.35202,0.00000
131.720,-9.27200,-19.99057,0.16042
131.730,-9.16063,-20.02942,0.11137
131.740,-8.50379,-20.34004,0.65685
131.750,-8.39060,-21.16917,0.11319
131.760,-8.80882,-21.54697,0.00000
131.770,-9.17891,-21.21643,0.33054
131.780,-8.38255,-21.30525,0.79635
131.790,-8.73124,-21.85762,0.00000
131.800,-9.75721,-19.66740,2.19021
131.810,-9.00500,-19.89264,0.75221
131.820,-8.06800,-24.06286,0.93700
131.830,-6.95930,-26.85395,1.10870
131.840,-5.96653,-28.40337,0.99277
131.850,-5.41296,-28.76455,0.55356
131.860,-5.53714,-28.31738,0.44717
131.870,-5.65189,-27.25913,1.05824
131.880,-5.41056,-25.84678,1.65368
131.890,-5.48541,-24.59740,1.24939
131.900,-6.10521,-23.28101,1.31639
131.910,-6.35316,-22.92214,0.35887
131.920,-6.50439,-22.87193,0.05021
131.930,-6.60941,-22.61251,0.25942
131.940,-7.19204,-22.72776,0.00000
131.950,-7.42691,-22.70023,0.02752
131.960,-7.37277,-22.19492,0.55945
131.970,-7.92627,-22.17557,0.01935
131.980,-8.66405,-22.13698,0.03859
131.990,-9.04086,-22.17156,0.00000
132.000,-9.08186,-19.54817,2.62339
132.010,-9.44965,-18.78848,0.75969
132.020,-7.76652,-21.23754,1.68313
132.030,-6.59850,-23.43775,1.16802
132.040,-6.35461,-24.17816,0.24389
132.050,-5.33519,-24.68417,1.01942
132.060,-5.64173,-24.86862,0.00000
132.070,-6.95654,-24.21377,0.65485
132.080,-6.29330,-24.43127,0.66324
132.090,-4.71621,-25.17621,1.57709
132.100,-4.48972,-23.33128,2.07142
132.110,-5.40578,-21.42544,1.90585
132.120,-5.80130,-22.07238,0.00000
132.130,-6.05065,-22.49597,0.00000
132.140,-6.76212,-21.33959,1.15638
132.150,-7.43187,-21.21514,0.12445
132.160,-8.17037,-21.28341,0.00000
132.170,-8.41980,-20.97482,0.30859
132.180,-8.62206,-21.09096,0.00000
132.190,-9.93970,-21.83500,0.00000
132.200,-9.35219,-19.66290,2.75961
132.210,-8.59453,-18.64178,1.77877
132.220,-8.45999,-20.41099,0.13454
132.230,-8.29372,-21.54617,0.16627
132.240,-8.26064,-21.06776,0.51149
132.250,-7.84613,-21.10993,0.41451
132.260,-7.58903,-21.65382,0.25710
132.270,-7.19940,-21.67025,0.38963
132.280,-7.15119,-21.51113,0.20733
132.290,-7.57694,-21.90710,0.00000
132.300,-7.55074,-21.59133,0.34197
132.310,-7.66053,-21.59996,0.00000
132.320,-7.95065,-22.48161,0.00000
132.330,-7.93766,-22.32755,0.16704
132.340,-8.62099,-21.90015,0.42741
132.350,-8.56100,-22.09449,0.05999
132.360,-7.79806,-21.78589,1.07154
132.370,-7.40154,-21.47220,0.71022
132.380,-7.45915,-21.91240,0.00000
132.390,-7.87980,-22.89766,0.00000
132.400,-7.69168,-15.98224,7.10354
132.410,-8.01947,-13.98188,2.00037
132.420,-8.12218,-15.02959,0.00000
132.430,-6.70862,-16.04814,1.41356
132.440,-6.25354,-17.59958,0.45508
132.450,-6.37255,-19.16769,0.00000
132.460,-5.79286,-20.25317,0.57970
132.470,-5.18074,-20.72904,0.61212
132.480,-5.89358,-21.12549,0.00000
132.490,-7.68275,-21.13756,0.00000
132.500,-7.06939,-20.38656,1.36435
132.510,-6.18761,-20.52576,0.88179
132.520,-6.66194,-21.60754,0.00000
132.530,-5.79471,-22.28633,0.86723
132.540,-5.14358,-22.14763,0.78983
132.550,-5.66517,-21.65148,0.49615
132.560,-5.52303,-22.03325,0.14213
132.570,-6.55980,-22.04431,0.00000
132.580,-6.86423,-21.06580,0.97851
132.590,-6.48908,-20.41833,1.02263
132.600,-7.47999,-19.21389,1.20444
132.610,-7.96152,-19.06061,0.15328
132.620,-8.32992,-20.96348,0.00000
132.630,-8.27069,-22.53786,0.05923
132.640,-8.70504,-22.80632,0.00000
132.650,-8.40039,-22.83838,0.30465
132.660,-8.32634,-22.73665,0.17579
132.670,-8.19495,-22.52591,0.34213
132.680,-7.73270,-22.13509,0.85306
132.690,-7.69755,-21.99585,0.17439
132.700,-7.61809,-21.57074,0.50457
132.710,-8.13611,-21.48234,0.08840
132.720,-7.61447,-22.35025,0.52164
132.730,-8.28381,-22.53307,0.00000
132.740,-8.72951,-22.11272,0.42036
132.750,-7.61987,-22.12752,1.10964
132.760,-7.57050,-22.39492,0.04937
132.770,-7.60520,-22.38005,0.01486
132.780,-7.99278,-22.26469,0.11537
132.790,-7.92442,-22.69152,0.06837
132.800,-8.35797,-20.25477,2.43676
132.810,-8.31858,-19.93771,0.35645
132.820,-7.40893,-22.01356,0.90965
132.830,-7.12778,-23.15417,0.28115
132.840,-5.69115,-25.26064,1.43663
132.850,-4.42517,-26.26266,1.26599
132.860,-4.83262,-26.62959,0.00000
132.870,-6.26498,-26.70390,0.00000
132.880,-5.40914,-27.09189,0.85585
132.890,-4.83159,-26.30110,1.36834
132.900,-5.16205,-24.28903,2.01207
132.910,-4.95681,-23.93295,0.56131
132.920,-6.61848,-24.17411,0.00000
132.930,-7.48957,-23.47577,0.69834
132.940,-7.05331,-23.09566,0.81638
132.950,-9.08905,-22.97305,0.12260
132.960,-9.18892,-22.41396,0.55909
132.970,-8.29930,-21.71300,1.59058
132.980,-8.90354,-21.89430,0.00000
132.990,-8.48176,-22.46151,0.42178
133.000,-8.17362,-19.79803,2.97162
133.010,-8.92423,-18.87873,0.91930
133.020,-8.32236,-21.15089,0.60187
133.030,-8.21626,-22.81680,0.10610
133.040,-8.14242,-22.05257,0.83806
133.050,-8.42180,-21.71032,0.34225
133.060,-8.76992,-21.64115,0.06917
133.070,-7.62708,-21.42161,1.36238
133.080,-7.53209,-21.29469,0.22191
133.090,-7.60355,-21.94040,0.00000
133.100,-8.22019,-20.28325,1.65715
133.110,-8.69718,-20.55994,0.00000
133.120,-7.82012,-24.88214,0.87706
133.130,-7.30873,-26.59901,0.51140
133.140,-5.86404,-26.81822,1.44469
133.150,-4.68067,-26.22229,1.77929
133.160,-4.62695,-24.64808,1.62793
133.170,-5.99523,-23.77581,0.87227
133.180,-6.75646,-23.89818,0.00000
133.190,-5.30853,-24.29832,1.44793
133.200,-4.62146,-18.85779,6.12760
133.210,-5.13534,-15.96433,2.89346
133.220,-6.17084,-15.65629,0.30803
133.230,-6.21600,-16.12450,0.00000
133.240,-7.11845,-16.59670,0.00000
133.250,-7.70068,-17.33311,0.00000
133.260,-7.88918,-17.92772,0.00000
133.270,-8.82411,-17.64493,0.28279
133.280,-9.02539,-17.97627,0.00000
133.290,-8.93420,-18.64030,0.09119
133.300,-8.47739,-18.49650,0.60060
133.310,-8.34558,-18.93698,0.13181
133.320,-8.45868,-20.12275,0.00000
133.330,-9.24527,-20.74646,0.00000
133.340,-8.71393,-21.36001,0.53134
133.350,-8.79898,-21.74049,0.00000
133.360,-9.11767,-21.97366,0.00000
133.370,-9.19001,-22.59904,0.00000
133.380,-9.35185,-22.68827,0.00000
133.390,-9.07399,-22.62431,0.34183
133.400,-8.89622,-18.27108,4.53100
133.410,-8.78183,-17.50643,0.87904
133.420,-7.98265,-21.36371,0.79917
133.430,-7.57880,-25.14377,0.40385
133.440,-6.56883,-26.41676,1.00997
133.450,-5.14664,-26.69613,1.42219
133.460,-5.02480,-26.25273,0.56525
133.470,-6.02401,-25.48883,0.76390
133.480,-7.11160,-25.02456,0.46427
133.490,-5.64997,-25.40135,1.46164
133.500,-4.37953,-25.29835,1.37344
133.510,-4.71056,-25.00959,0.28876
133.520,-5.14504,-25.35977,0.00000
133.530,-5.43049,-24.68819,0.67158
133.540,-6.56747,-24.21885,0.46934
133.550,-6.70842,-23.93593,0.28293
133.560,-7.56984,-23.60285,0.33308
133.570,-9.08699,-22.82897,0.77388
133.580,-9.33527,-21.55066,1.27831
133.590,-10.26005,-21.64187,0.00000
133.600,-10.24311,-19.91119,1.74762
133.610,-9.52381,-19.84805,0.78243
133.620,-8.24731,-22.03854,1.27650
133.630,-6.96494,-23.04052,1.28237
133.640,-6.72788,-25.30898,0.23706
133.650,-5.64824,-26.70840,1.07963
133.660,-5.70323,-26.66771,0.04069
133.670,-6.40517,-26.49852,0.16919
133.680,-5.43339,-26.84068,0.97177
133.690,-5.11631,-26.21684,0.94093
133.700,-5.48063,-24.24584,1.97100
133.710,-6.18441,-23.43995,0.80590
133.720,-7.45011,-23.65159,0.00000
133.730,-8.35456,-23.38275,0.26884
133.740,-8.20201,-23.26738,0.26792
133.750,-8.81866,-22.71487,0.55252
133.760,-7.80003,-22.17464,1.55885
133.770,-7.36388,-22.47116,0.43615
133.780,-7.83690,-22.32221,0.14895
133.790,-7.76674,-21.84667,0.54570
133.800,-8.51364,-19.06023,2.78644
133.810,-8.51188,-17.86099,1.20100
133.820,-8.70503,-19.81565,0.00000
133.830,-9.28033,-21.67352,0.00000
133.840,-8.60473,-20.80248,1.54664
133.850,-7.81600,-20.43750,1.15371
133.860,-8.26765,-20.86201,0.00000
133.870,-9.76676,-21.42171,0.00000
133.880,-9.12194,-21.36595,0.70059
133.890,-9.25543,-21.33394,0.03201
133.900,-9.16144,-21.10496,0.32297
133.910,-8.71249,-21.33094,0.44896
133.920,-9.36615,-22.28501,0.00000
133.930,-9.35276,-22.09926,0.19913
133.940,-9.61312,-21.51748,0.58178
133.950,-9.28366,-20.77905,1.06790
133.960,-9.46917,-20.42341,0.35564
133.970,-9.19506,-20.33382,0.36370
133.980,-8.80258,-19.98562,0.74068
133.990,-9.36739,-19.78433,0.20129
134.000,-8.42094,-15.28510,5.44569
134.010,-7.86561,-13.77546,2.06496
134.020,-7.95985,-14.46400,0.00000
134.030,-7.05698,-15.25448,0.90286
134.040,-6.08177,-17.14183,0.97522
134.050,-5.69252,-19.01115,0.38925
134.060,-5.13359,-20.15088,0.55892
134.070,-5.33507,-19.99709,0.15380
134.080,-6.19185,-20.27443,0.00000
134.090,-6.21716,-21.19284,0.00000
134.100,-5.77631,-21.35860,0.44084
134.110,-5.32848,-21.42486,0.44784
134.120,-5.49037,-21.88395,0.00000
134.130,-5.39457,-21.97864,0.09580
134.140,-5.57037,-22.20668,0.00000
134.150,-6.69592,-22.04545,0.16123
134.160,-6.77876,-22.07743,0.00000
134.170,-7.39402,-22.20300,0.00000
134.180,-8.84522,-21.47063,0.73236
134.190,-9.47935,-21.00384,0.46680
134.200,-10.00336,-18.75999,2.24385
134.210,-9.77199,-18.20378,0.78758
134.220,-9.51794,-20.06894,0.25405
134.230,-9.50430,-21.29623,0.01363
134.240,-9.29115,-21.88481,0.21315
134.250,-8.87189,-21.39358,0.91049
134.260,-8.72179,-20.60546,0.93822
134.270,-8.90477,-20.57072,0.03474
134.280,-9.72992,-19.94540,0.62532
134.290,-9.01019,-19.54538,1.11975
134.300,-8.72242,-19.43436,0.39879
134.310,-9.03973,-19.83865,0.00000
134.320,-8.67413,-20.98426,0.36560
134.330,-8.56040,-21.35517,0.11373
134.340,-8.06379,-21.21860,0.63319
134.350,-8.78064,-21.26414,0.00000
134.360,-8.85711,-22.02096,0.00000
134.370,-8.79819,-21.94937,0.13050
134.380,-9.66695,-21.02012,0.92926
134.390,-9.17158,-20.79835,0.71713
134.400,-8.25004,-18.97063,2.74927
134.410,-8.06146,-19.08634,0.18858
134.420,-8.03692,-21.46236,0.02453
134.430,-6.50637,-22.55034,1.53055
134.440,-5.56900,-24.42479,0.93737
134.450,-4.65451,-25.89150,0.91449
134.460,-4.45063,-25.95532,0.20388
134.470,-5.82614,-25.06738,0.88794
134.480,-6.34576,-24.75128,0.31610
134.490,-4.75045,-25.22430,1.59531
134.500,-4.72868,-24.18947,1.05659
134.510,-4.67907,-23.74364,0.49545
134.520,-4.48620,-24.16260,0.19287
134.530,-4.61006,-24.25816,0.00000
134.540,-4.72900,-24.32492,0.00000
134.550,-5.21939,-23.51149,0.81343
134.560,-5.33991,-23.15789,0.35360
134.570,-5.97611,-23.10934,0.04856
134.580,-6.56940,-22.74912,0.36022
134.590,-7.17031,-22.60408,0.14504
134.600,-7.42658,-19.20745,3.39663
134.610,-7.87019,-18.29849,0.90896
134.620,-8.65436,-19.81063,0.00000
134.630,-9.10067,-20.06219,0.00000
134.640,-8.42724,-19.93881,0.79681
134.650,-8.15653,-19.83425,0.37527
134.660,-8.23254,-20.21914,0.00000
134.670,-8.47232,-20.14495,0.07419
134.680,-8.21487,-19.71725,0.68516
134.690,-7.97985,-19.24548,0.70679
134.700,-8.34522,-18.59039,0.65509
134.710,-9.00024,-19.27585,0.00000
134.720,-7.98644,-21.06187,1.01381
134.730,-7.15895,-22.01299,0.82749
134.740,-6.78078,-22.88682,0.37816
134.750,-6.07809,-23.43477,0.70270
134.760,-6.08908,-22.85991,0.57486
134.770,-5.56585,-23.19647,0.52323
134.780,-4.91847,-24.24527,0.64738
134.790,-5.87709,-23.99095,0.25432
134.800,-6.25564,-17.48408,6.50687
134.810,-6.17843,-14.97841,2.58288
134.820,-6.71260,-14.97110,0.00731
134.830,-7.08869,-15.32479,0.00000
134.840,-7.14325,-16.19199,0.00000
134.850,-7.30839,-17.21692,0.00000
134.860,-7.93143,-17.98149,0.00000
134.870,-7.98755,-18.67844,0.00000
134.880,-8.38594,-19.36320,0.00000
134.890,-8.51169,-19.95458,0.00000
134.900,-8.92500,-20.23889,0.00000
134.910,-8.90360,-20.38703,0.02141
134.920,-8.47261,-20.92745,0.43098
134.930,-8.61048,-21.01344,0.00000
134.940,-8.47808,-20.60774,0.53810
134.950,-9.05980,-20.63627,0.00000
134.960,-9.05734,-20.64361,0.00246
134.970,-9.08206,-20.31845,0.32515
134.980,-8.77861,-20.40828,0.30345
134.990,-8.50993,-21.00201,0.26868
135.000,-8.90116,-19.20300,1.79902
135.010,-8.95893,-19.45878,0.00000
135.020,-8.81858,-23.02519,0.14035
135.030,-7.10868,-24.88800,1.70990
135.040,-5.60038,-26.04608,1.50830
135.050,-5.04871,-25.80580,0.79195
135.060,-4.64328,-25.56792,0.64332
135.070,-4.90934,-24.68552,0.88239
135.080,-7.06192,-23.88113,0.80440
135.090,-7.01205,-23.74160,0.18940
135.100,-6.35953,-22.88031,1.51381
135.110,-6.48895,-22.41299,0.46732
135.120,-6.23062,-22.13455,0.53677
135.130,-6.29268,-22.44566,0.00000
135.140,-6.08976,-22.66155,0.20291
135.150,-6.89247,-22.72462,0.00000
135.160,-7.09148,-23.25240,0.00000
135.170,-7.10398,-23.06364,0.18876
135.180,-7.43787,-22.82782,0.23582
135.190,-7.78155,-21.41876,1.40906
135.200,-9.01421,-19.36018,2.05858
135.210,-9.23751,-19.16926,0.19091
135.220,-7.89014,-20.97246,1.34738
135.230,-6.47517,-22.78312,1.41497
135.240,-6.62216,-23.50386,0.00000
135.250,-5.50965,-23.83698,1.11251
135.260,-5.59865,-23.77493,0.06205
135.270,-6.12146,-23.45247,0.32246
135.280,-5.22563,-23.63796,0.89583
135.290,-5.59584,-24.00982,0.00000
135.300,-6.16679,-21.88114,2.12868
135.310,-7.04718,-20.70095,1.18018
135.320,-6.20252,-22.46513,0.84466
135.330,-4.85988,-24.31710,1.34263
135.340,-4.89833,-23.13126,1.18584
135.350,-5.78425,-22.23567,0.89559
135.360,-6.29991,-22.17056,0.06511
135.370,-6.65004,-21.91547,0.25509
135.380,-8.12872,-21.39617,0.51930
135.390,-9.42244,-21.67721,0.00000
135.400,-8.64524,-19.65332,2.80110
135.410,-7.67577,-18.64013,1.98265
135.420,-8.01832,-20.56657,0.00000
135.430,-8.53894,-21.84283,0.00000
135.440,-8.21271,-21.38602,0.78304
135.450,-8.00319,-21.60950,0.20952
135.460,-7.44299,-22.01597,0.56019
135.470,-7.55444,-21.83680,0.17916
135.480,-8.67391,-21.09553,0.74128
135.490,-8.25013,-20.77463,0.74468
135.500,-7.74406,-20.32151,0.95919
135.510,-7.53557,-20.51143,0.20849
135.520,-7.28725,-21.24095,0.24832
135.530,-8.38728,-21.15009,0.09086
135.540,-8.07539,-21.28259,0.31189
135.550,-7.18353,-21.26271,0.91174
135.560,-7.18102,-20.72826,0.53697
135.570,-7.64832,-20.74008,0.00000
135.580,-8.21842,-21.00264,0.00000
135.590,-7.48277,-21.57741,0.73566
135.600,-7.26280,-16.47201,5.32537
135.610,-7.71646,-14.49057,1.98144
135.620,-7.54185,-15.12645,0.17461
135.630,-7.34299,-15.84859,0.19885
135.640,-6.04753,-17.43487,1.29546
135.650,-5.85286,-18.96656,0.19467
135.660,-6.19535,-19.53723,0.00000
135.670,-5.87448,-20.15554,0.32087
135.680,-6.72649,-20.59790,0.00000
135.690,-5.44467,-21.00330,1.28182
135.700,-4.29210,-21.20022,1.15257
135.710,-5.82334,-21.20338,0.00000
135.720,-6.94358,-21.88818,0.00000
135.730,-5.75239,-22.23352,1.19118
135.740,-7.01979,-21.79259,0.44094
135.750,-9.74928,-21.41336,0.37923
135.760,-7.75059,-21.62267,1.99870
135.770,-6.35402,-22.01380,1.39656
135.780,-6.57969,-21.98689,0.02691
135.790,-6.70670,-21.70635,0.28054
135.800,-6.69533,-19.85237,1.86535
135.810,-7.18142,-19.35677,0.49560
135.820,-7.16946,-20.57847,0.01196
135.830,-7.29851,-21.17782,0.00000
135.840,-8.64581,-21.11877,0.05905
135.850,-8.18911,-21.02172,0.55375
135.860,-7.30130,-21.12457,0.88781
135.870,-7.28424,-21.65632,0.01706
135.880,-7.56451,-22.52003,0.00000
135.890,-8.73929,-22.78971,0.00000
135.900,-8.11969,-21.96192,1.44740
135.910,-7.45014,-21.76207,0.86941
135.920,-7.83603,-22.80805,0.00000
135.930,-7.71568,-22.65363,0.27477
135.940,-8.70287,-22.35316,0.30047
135.950,-8.31736,-22.64021,0.38550
135.960,-7.43894,-21.81589,1.70275
135.970,-8.17861,-21.34372,0.47217
135.980,-8.03184,-21.73274,0.14677
135.990,-8.00954,-22.08164,0.02230
136.000,-7.58603,-20.04735,2.45781
136.010,-7.90363,-20.02976,0.01759
136.020,-7.90165,-22.11256,0.00198
136.030,-6.89898,-22.85691,1.00267
136.040,-5.79271,-24.74132,1.10627
136.050,-4.31392,-26.42668,1.47879
136.060,-5.05610,-26.35158,0.07510
136.070,-5.94589,-25.96931,0.38228
136.080,-4.78983,-26.19129,1.15606
136.090,-4.42615,-25.52493,1.03005
136.100,-6.37816,-23.42726,2.09767
136.110,-10.13503,-22.72029,0.70698
136.120,-7.43975,-23.39067,2.69528
136.130,-5.14888,-23.54918,2.29087
136.140,-5.63496,-23.13159,0.41759
136.150,-5.79226,-23.28656,0.00000
136.160,-4.91425,-23.83634,0.87801
136.170,-6.01139,-22.89827,0.93807
136.180,-7.28553,-22.37486,0.52341
136.190,-6.96119,-22.06117,0.63803
136.200,-7.65764,-19.06470,2.99647
136.210,-8.14838,-18.18757,0.87713
136.220,-7.98063,-19.81768,0.16775
136.230,-7.65746,-20.98115,0.32317
136.240,-7.32193,-20.95102,0.36566
136.250,-8.39179,-20.97201,0.00000
136.260,-8.30998,-21.04580,0.08181
136.270,-7.85326,-20.78756,0.71497
136.280,-7.86185,-20.68029,0.10727
136.290,-7.95192,-20.79207,0.00000
136.300,-8.75484,-19.54819,1.24387
136.310,-8.55912,-20.35942,0.19572
136.320,-7.99195,-24.48339,0.56717
136.330,-6.78099,-25.19256,1.21096
136.340,-6.99725,-25.08727,0.10528
136.350,-6.47275,-24.49489,1.11688
136.360,-4.72621,-23.66040,2.58103
136.370,-4.57744,-23.63779,0.17138
136.380,-5.96817,-22.83483,0.80296
136.390,-8.60058,-22.48171,0.35312
136.400,-8.07622,-17.61979,5.38628
136.410,-5.33092,-15.78548,4.57961
136.420,-4.72038,-15.98238,0.61054
136.430,-6.04034,-15.84240,0.13998
136.440,-6.10375,-16.69291,0.00000
136.450,-5.67646,-17.76139,0.42729
136.460,-7.18475,-17.54558,0.21581
136.470,-8.90004,-17.48158,0.06399
136.480,-8.56075,-18.16690,0.33928
136.490,-7.79345,-18.50085,0.76730
136.500,-8.06837,-18.85665,0.00000
136.510,-8.51349,-19.38706,0.00000
136.520,-8.09583,-19.84237,0.41765
136.530,-8.35782,-20.30081,0.00000
136.540,-8.58644,-20.83456,0.00000
136.550,-8.63284,-21.33211,0.00000
136.560,-9.41359,-21.48416,0.00000
136.570,-8.74212,-21.59592,0.67148
136.580,-8.41372,-21.36595,0.55836
136.590,-8.72443,-21.37237,0.00000
136.600,-8.81111,-17.95046,3.42191
136.610,-9.32100,-17.53913,0.41133
136.620,-8.15645,-21.55805,1.16455
136.630,-6.51453,-24.20466,1.64192
136.640,-5.37002,-25.16156,1.14451
136.650,-6.02779,-25.81881,0.00000
136.660,-6.62837,-25.58373,0.23508
136.670,-6.49562,-24.61168,1.10480
136.680,-7.33858,-24.03596,0.57571
136.690,-5.38573,-23.83178,2.15703
136.700,-4.29297,-23.52288,1.40167
136.710,-5.35790,-23.37297,0.14991
136.720,-6.95018,-23.17517,0.19780
136.730,-6.86571,-22.47593,0.78370
136.740,-6.48921,-21.99208,0.86035
136.750,-7.73060,-21.84751,0.14457
136.760,-9.12596,-21.40418,0.44333
136.770,-7.35868,-20.94436,2.22710
136.780,-6.92068,-20.73883,0.64354
136.790,-9.03001,-21.25687,0.00000
136.800,-8.71593,-20.14400,1.42696
136.810,-8.27420,-20.14515,0.44172
136.820,-8.26233,-22.15583,0.01187
136.830,-7.42812,-23.22048,0.83421
136.840,-6.48034,-24.64886,0.94777
136.850,-5.36917,-25.44974,1.11117
136.860,-4.88952,-25.71989,0.47966
136.870,-5.48380,-25.63485,0.08504
136.880,-5.36465,-25.89428,0.11915
136.890,-5.06596,-25.55848,0.63449
136.900,-6.02648,-23.85465,1.70383
136.910,-6.30663,-23.31046,0.54419
136.920,-6.64714,-23.73582,0.00000
136.930,-7.59278,-23.20665,0.52916
136.940,-7.16415,-22.96729,0.66800
136.950,-5.80879,-23.01282,1.35536
136.960,-5.67141,-22.84272,0.30748
136.970,-6.77978,-22.47144,0.37128
136.980,-7.33864,-22.42090,0.05055
136.990,-7.61627,-21.64868,0.77222
137.000,-8.15987,-19.30541,2.34327
137.010,-8.78952,-18.62373,0.68168
137.020,-9.74555,-20.31096,0.00000
137.030,-9.32576,-21.54372,0.41979
137.040,-8.82594,-21.28911,0.75442
137.050,-8.78341,-21.07170,0.25994
137.060,-8.38966,-20.98162,0.48383
137.070,-8.15336,-20.93630,0.28162
137.080,-7.85415,-20.66380,0.57171
137.090,-8.19862,-20.55049,0.11331
137.100,-8.78511,-20.15136,0.39914
137.110,-8.52996,-20.67899,0.25514
137.120,-8.63450,-21.65402,0.00000
137.130,-8.32001,-21.73601,0.31449
137.140,-8.05342,-21.49138,0.51122
137.150,-8.40053,-21.25911,0.23227
137.160,-8.21345,-20.75721,0.68897
137.170,-8.43872,-20.44767,0.30954
137.180,-8.18804,-21.08754,0.25069
137.190,-8.22461,-22.16037,0.00000
137.200,-8.21773,-15.91784,6.24940
137.210,-7.78009,-13.94849,2.40700
137.220,-8.03789,-14.63246,0.00000
137.230,-7.20716,-15.65812,0.83073
137.240,-6.69755,-17.34247,0.50961
137.250,-6.45841,-18.76949,0.23913
137.260,-5.86049,-20.05299,0.59792
137.270,-5.42646,-20.35439,0.43403
137.280,-6.17200,-20.84880,0.00000
137.290,-6.76491,-20.87782,0.00000
137.300,-5.97105,-20.95516,0.79387
137.310,-5.56311,-21.60307,0.40794
137.320,-5.38542,-21.84776,0.17769
137.330,-5.29210,-22.00685,0.09332
137.340,-5.33555,-21.97762,0.02924
137.350,-6.08285,-21.43616,0.54146
137.360,-7.70534,-20.74942,0.68674
137.370,-9.13906,-20.42234,0.32708
137.380,-8.95297,-21.21023,0.18609
137.390,-8.94546,-21.68169,0.00750
137.400,-9.11223,-19.73758,1.94411
137.410,-8.83029,-19.23563,0.78390
137.420,-8.81304,-20.64634,0.01725
137.430,-8.90376,-21.54302,0.00000
137.440,-8.97152,-21.81391,0.00000
137.450,-9.21789,-21.80359,0.01031
137.460,-9.20519,-22.05427,0.01270
137.470,-9.25693,-22.14773,0.00000
137.480,-9.21568,-21.55820,0.63078
137.490,-8.67915,-21.02713,1.06761
137.500,-8.56471,-20.15423,0.98733
137.510,-9.14349,-20.03314,0.12110
137.520,-9.41055,-21.05076,0.00000
137.530,-9.29419,-22.12052,0.11636
137.540,-9.60121,-22.97939,0.00000
137.550,-9.92510,-22.72269,0.25670
137.560,-9.66796,-22.68921,0.29062
137.570,-9.09562,-22.70456,0.57234
137.580,-9.72279,-22.31486,0.38970
137.590,-9.98973,-21.85549,0.45937
137.600,-9.42880,-19.05830,3.35812
137.610,-9.77676,-19.08669,0.00000
137.620,-7.44913,-21.83304,2.32762
137.630,-5.78393,-23.01368,1.66520
137.640,-5.52082,-24.87286,0.26311
137.650,-5.30407,-25.94390,0.21675
137.660,-4.69472,-26.26976,0.60935
137.670,-4.61056,-25.92995,0.42397
137.680,-6.23143,-25.03244,0.89751
137.690,-6.88388,-24.63800,0.39444
137.700,-5.66354,-23.73816,2.12018
137.710,-6.28416,-23.11607,0.62209
137.720,-6.08499,-23.34750,0.19917
137.730,-6.06359,-23.29612,0.07278
137.740,-5.87502,-23.53291,0.18857
137.750,-6.05936,-23.05714,0.47577
137.760,-6.81718,-22.47451,0.58264
137.770,-6.91130,-22.12909,0.34542
137.780,-7.61688,-22.63707,0.00000
137.790,-8.20684,-22.83510,0.00000
137.800,-8.51129,-18.49161,4.34349
137.810,-7.91862,-17.75611,1.32817
137.820,-8.34759,-19.53185,0.00000
137.830,-8.74665,-19.59371,0.00000
137.840,-8.09318,-19.21851,1.02866
137.850,-7.49738,-19.06968,0.74463
137.860,-7.75033,-19.73534,0.00000
137.870,-7.98760,-20.27126,0.00000
137.880,-8.27042,-20.09106,0.18020
137.890,-8.51924,-19.77767,0.31339
137.900,-9.12325,-18.95286,0.82482
137.910,-9.33337,-19.23590,0.00000
137.920,-8.57006,-21.14427,0.76331
137.930,-7.01570,-22.57362,1.55437
137.940,-5.70700,-23.20062,1.30869
137.950,-4.80903,-23.97960,0.89797
137.960,-5.25815,-23.82661,0.15300
137.970,-6.99040,-23.34048,0.48613
137.980,-6.48301,-24.46608,0.50738
137.990,-4.99724,-25.30076,1.48577
138.000,-5.18984,-18.58200,6.71876
138.010,-5.24499,-16.04207,2.53993
138.020,-5.64196,-16.02097,0.02110
138.030,-6.31404,-16.38606,0.00000
138.040,-6.35594,-16.91361,0.00000
138.050,-6.55536,-17.95789,0.00000
138.060,-6.99322,-18.51597,0.00000
138.070,-7.08117,-17.93983,0.57615
138.080,-7.53952,-17.80864,0.13119
138.090,-7.82506,-18.60902,0.00000
138.100,-8.07246,-19.43587,0.00000
138.110,-9.04859,-19.64682,0.00000
138.120,-9.17925,-20.25381,0.00000
138.130,-9.47235,-20.48961,0.00000
138.140,-9.55311,-20.01971,0.46989
138.150,-9.43966,-19.25970,0.87347
138.160,-9.13149,-19.85057,0.30816
138.170,-9.47792,-21.25788,0.00000
138.180,-9.43899,-21.95323,0.03893
138.190,-9.39085,-23.23464,0.04814
138.200,-9.39671,-20.11982,3.11483
138.210,-9.53732,-19.62067,0.49915
138.220,-8.50285,-23.51557,1.03447
138.230,-6.78751,-26.71580,1.71533
138.240,-5.67337,-28.51390,1.11415
138.250,-5.33077,-28.27294,0.58356
138.260,-5.19100,-27.64316,0.76954
138.270,-5.23314,-27.39642,0.24675
138.280,-5.76884,-26.73329,0.66313
138.290,-6.00793,-24.75706,1.97623
138.300,-5.96879,-22.41961,2.37659
138.310,-6.32226,-21.95182,0.46779
138.320,-6.59794,-22.82159,0.00000
138.330,-6.59621,-22.33405,0.48927
138.340,-6.67344,-21.91166,0.42239
138.350,-7.27736,-21.98892,0.00000
138.360,-7.76405,-21.00892,0.98000
138.370,-7.94415,-19.54908,1.45984
138.380,-8.02285,-19.85192,0.00000
138.390,-8.45525,-21.11655,0.00000
138.400,-9.44551,-19.65103,1.46552
138.410,-9.23450,-18.90720,0.95484
138.420,-7.53454,-20.53186,1.69996
138.430,-7.04651,-22.54030,0.48804
138.440,-5.77950,-23.24734,1.26701
138.450,-4.22480,-24.55955,1.55470
138.460,-4.27464,-25.26338,0.00000
138.470,-5.15261,-24.33463,0.92875
138.480,-6.16062,-23.72852,0.60611
138.490,-5.97740,-24.50134,0.18322
138.500,-4.74961,-23.07771,2.65141
138.510,-5.39631,-20.93047,2.14724
138.520,-6.89257,-21.46676,0.00000
138.530,-6.10588,-22.56536,0.78669
138.540,-6.67164,-21.67702,0.88834
138.550,-7.33708,-21.32011,0.35691
138.560,-7.15321,-21.17605,0.32794
138.570,-8.38620,-21.00640,0.16965
138.580,-8.35630,-21.57698,0.02990
138.590,-8.43594,-21.63821,0.00000
138.600,-9.48096,-19.03193,2.60627
138.610,-8.12552,-17.89946,2.48791
138.620,-7.71778,-19.10200,0.40775
138.630,-8.37898,-20.23737,0.00000
138.640,-7.96158,-20.45121,0.41740
138.650,-8.02180,-20.59470,0.00000
138.660,-7.43513,-20.59977,0.58668
138.670,-7.80918,-20.85035,0.00000
138.680,-8.24208,-21.17687,0.00000
138.690,-7.87569,-21.03156,0.51170
138.700,-8.40549,-20.68056,0.35100
138.710,-8.51677,-21.05896,0.00000
138.720,-8.54357,-21.82057,0.00000
138.730,-8.00391,-21.94108,0.53966
138.740,-8.44650,-21.18922,0.75186
138.750,-8.37148,-20.48983,0.77441
138.760,-8.22016,-19.89784,0.74331
138.770,-8.31368,-19.83162,0.06622
138.780,-8.38179,-20.13645,0.00000
138.790,-8.79732,-20.00393,0.13252
138.800,-7.46176,-16.03198,5.30751
138.810,-7.71445,-14.26319,1.76879
138.820,-8.52378,-14.79919,0.00000
138.830,-7.63786,-15.75278,0.88592
138.840,-5.93613,-17.40447,1.70173
138.850,-4.80123,-19.33696,1.13490
138.860,-4.51237,-20.65909,0.28887
138.870,-4.53785,-21.10645,0.00000
138.880,-6.03486,-21.15387,0.00000
138.890,-8.33916,-20.84838,0.30549
138.900,-6.58344,-20.97856,1.75572
138.910,-5.26891,-21.35025,1.31453
138.920,-6.13496,-21.63283,0.00000
138.930,-5.31072,-22.12341,0.82424
138.940,-5.02236,-22.37186,0.28837
138.950,-5.46422,-22.31880,0.05306
138.960,-4.99285,-22.32827,0.47137
138.970,-6.20421,-21.85539,0.47288
138.980,-6.72163,-21.51673,0.33866
138.990,-6.64729,-20.45172,1.13935
139.000,-7.76135,-18.43990,2.01181
139.010,-8.01303,-18.37163,0.06827
139.020,-7.87759,-19.87644,0.13544
139.030,-8.21774,-20.58336,0.00000
139.040,-8.97005,-20.23950,0.34386
139.050,-8.90471,-19.00122,1.30362
139.060,-8.65607,-18.95199,0.29787
139.070,-8.72340,-20.51082,0.00000
139.080,-8.63873,-22.01830,0.08467
139.090,-8.55054,-22.32396,0.08820
139.100,-8.65528,-21.44627,0.87769
139.110,-8.96092,-20.95574,0.49053
139.120,-8.52882,-21.47758,0.43210
139.130,-8.91169,-21.49788,0.00000
139.140,-9.54754,-21.27030,0.22757
139.150,-9.09599,-21.46489,0.45155
139.160,-9.08896,-21.42721,0.04471
139.170,-8.87305,-21.00222,0.64091
139.180,-8.53574,-20.76444,0.57508
139.190,-8.12642,-20.79708,0.40933
139.200,-8.51942,-19.30680,1.49028
139.210,-8.59288,-19.41165,0.00000
139.220,-7.77376,-21.62661,0.81912
139.230,-6.68621,-23.14830,1.08755
139.240,-5.79825,-24.58373,0.88797
139.250,-5.01222,-25.31931,0.78602
139.260,-5.17980,-25.80262,0.00000
139.270,-5.87314,-25.58952,0.21310
139.280,-5.04268,-24.88434,1.53564
139.290,-4.73327,-24.20394,0.98982
139.300,-5.64996,-22.86188,1.34206
139.310,-6.53775,-22.52760,0.33428
139.320,-6.66186,-22.48306,0.04454
139.330,-6.65611,-21.65311,0.83570
139.340,-7.20631,-21.21124,0.44187
139.350,-8.09999,-21.10636,0.10488
139.360,-8.71097,-21.27699,0.00000
139.370,-8.45169,-20.94259,0.59368
139.380,-8.22335,-20.61221,0.55872
139.390,-8.00358,-20.52235,0.30963
139.400,-7.69648,-18.47197,2.35748
139.410,-7.89950,-17.82208,0.64989
139.420,-8.21434,-19.43813,0.00000
139.430,-8.85326,-20.69172,0.00000
139.440,-8.32476,-20.58929,0.63093
139.450,-7.92465,-20.19347,0.79592
139.460,-7.96480,-20.06127,0.13221
139.470,-7.74941,-19.67901,0.59764
139.480,-8.59664,-19.66738,0.01163
139.490,-8.89673,-20.24662,0.00000
139.500,-8.76830,-18.91502,1.46003
139.510,-9.15819,-19.56104,0.00000
139.520,-8.95344,-23.57785,0.20474
139.530,-7.51490,-25.14546,1.43854
139.540,-5.90508,-25.65725,1.60982
139.550,-4.84205,-25.00382,1.71647
139.560,-4.96016,-23.38076,1.62306
139.570,-6.08374,-23.04212,0.33864
139.580,-5.95357,-23.89691,0.13017
139.590,-4.87261,-23.71611,1.26175
139.600,-4.85285,-17.60437,6.13151
139.610,-5.44732,-15.20509,2.39929
139.620,-6.00436,-15.02433,0.18076
139.630,-6.58088,-15.26514,0.00000
139.640,-7.12567,-15.95695,0.00000
139.650,-7.74577,-16.55999,0.00000
139.660,-8.42619,-16.92369,0.00000
139.670,-9.29836,-17.31535,0.00000
139.680,-9.06877,-18.03535,0.22959
139.690,-8.54878,-18.52095,0.51999
139.700,-8.73539,-18.32201,0.19895
139.710,-9.19254,-18.20385,0.11816
139.720,-9.41348,-18.84568,0.00000
139.730,-9.33706,-19.02676,0.07643
139.740,-8.83328,-18.92235,0.60818
139.750,-8.99516,-19.23640,0.00000
139.760,-9.16334,-19.72791,0.00000
139.770,-8.71592,-20.25041,0.44742
139.780,-8.81955,-20.56215,0.00000
139.790,-8.60188,-20.25030,0.52951
139.800,-8.37705,-17.73219,2.74295
139.810,-9.18145,-17.58313,0.14906
139.820,-8.58339,-20.81876,0.59806
139.830,-6.64906,-23.69329,1.93434
139.840,-5.74956,-25.14454,0.89949
139.850,-5.20178,-25.79344,0.54778
139.860,-5.25443,-25.55281,0.24063
139.870,-5.78516,-24.85258,0.70023
139.880,-5.81054,-24.30281,0.54977
139.890,-5.45929,-23.61656,1.03750
139.900,-5.15484,-22.58042,1.34060
139.910,-5.49843,-22.60389,0.00000
139.920,-6.18547,-23.18154,0.00000
139.930,-6.43786,-22.21058,0.97097
139.940,-6.75196,-21.55971,0.65087
139.950,-7.14239,-21.15923,0.40048
139.960,-7.87705,-20.75890,0.40033
139.970,-8.64407,-20.75183,0.00706
139.980,-8.77488,-20.53012,0.22171
139.990,-9.54818,-20.60149,0.00000
140.000,-10.14093,-19.99661,0.60488
140.010,-9.44682,-20.31452,0.69410
140.020,-8.09490,-21.27945,1.35192
140.030,-7.27106,-22.08274,0.82384
140.040,-6.41666,-24.01520,0.85441
140.050,-4.96512,-24.81355,1.45154
140.060,-4.88856,-25.04954,0.07655
140.070,-5.61854,-25.07180,0.00000
140.080,-5.51879,-25.15413,0.09976
140.090,-5.49496,-24.42462,0.75334
140.100,-5.64252,-22.87970,1.54491
140.110,-6.12512,-21.82794,1.05176
140.120,-7.05064,-21.41154,0.41640
140.130,-7.14321,-21.36223,0.04931
140.140,-7.03044,-20.72172,0.75328
140.150,-8.06752,-20.35711,0.36462
140.160,-7.44817,-20.94275,0.61934
140.170,-7.48584,-21.12359,0.00000
140.180,-8.54696,-21.13919,0.00000
140.190,-7.18668,-20.53815,1.96132
140.200,-7.40240,-18.08573,2.45241
140.210,-7.84872,-17.24910,0.83663
140.220,-8.12566,-18.61583,0.00000
140.230,-8.77613,-19.43863,0.00000
140.240,-8.07734,-19.44013,0.69879
140.250,-8.23834,-19.76647,0.00000
140.260,-8.06288,-19.77761,0.17546
140.270,-8.18710,-19.42617,0.35144
140.280,-7.81213,-19.21576,0.58539
140.290,-8.37325,-19.26329,0.00000
140.300,-9.06818,-19.20674,0.05656
140.310,-8.43460,-19.39689,0.63358
140.320,-9.19453,-19.76385,0.00000
140.330,-8.76770,-19.83533,0.42683
140.340,-8.76265,-19.80372,0.03665
140.350,-8.43865,-19.67368,0.45404
140.360,-8.78742,-19.42196,0.25172
140.370,-8.74192,-19.17569,0.29176
140.380,-7.95451,-19.32249,0.78741
140.390,-9.09173,-20.12626,0.00000
140.400,-8.09912,-16.19676,4.92210
140.410,-7.45399,-14.30834,2.53356
140.420,-7.94339,-14.64198,0.00000
140.430,-6.99020,-15.54781,0.95320
140.440,-6.24234,-17.24884,0.74785
140.450,-5.99845,-18.71289,0.24390
140.460,-5.64831,-19.92383,0.35014
140.470,-5.68855,-20.00865,0.00000
140.480,-5.78657,-19.74739,0.26125
140.490,-5.74215,-19.91940,0.04443
140.500,-5.74472,-20.32409,0.00000
140.510,-5.09862,-20.96425,0.64610
140.520,-5.36402,-20.78253,0.18172
140.530,-5.76323,-20.38904,0.39349
140.540,-5.32687,-20.66325,0.43636
140.550,-6.51671,-20.87204,0.00000
140.560,-7.26949,-21.01585,0.00000
140.570,-7.53286,-20.16460,0.85125
140.580,-8.63919,-19.15852,1.00608
140.590,-8.49612,-18.66447,0.63712
140.600,-8.37957,-17.68683,1.09419
140.610,-8.94099,-17.50930,0.17752
140.620,-9.46849,-17.95551,0.00000
140.630,-8.65745,-18.25699,0.81103
140.640,-8.23783,-19.05960,0.41962
140.650,-7.83585,-19.70381,0.40198
140.660,-8.08249,-20.04789,0.00000
140.670,-7.99241,-19.92526,0.21271
140.680,-8.12574,-19.93186,0.00000
140.690,-9.08263,-19.79797,0.13389
140.700,-9.13673,-19.46904,0.32893
140.710,-9.72572,-19.88744,0.00000
140.720,-9.89303,-20.54012,0.00000
140.730,-9.76599,-20.75403,0.12704
140.740,-8.95360,-20.71685,0.84957
140.750,-9.14147,-19.98169,0.73517
140.760,-9.86828,-19.49030,0.49139
140.770,-9.43674,-18.87692,1.04492
140.780,-9.58921,-18.25550,0.62142
140.790,-8.78804,-18.55930,0.80117
140.800,-8.53064,-18.63322,0.25740
140.810,-9.13176,-19.26880,0.00000
140.820,-7.68075,-20.68644,1.45101
140.830,-6.60337,-21.78971,1.07738
140.840,-6.11101,-22.91871,0.49236
140.850,-5.04956,-23.72163,1.06145
140.860,-5.08109,-23.53683,0.18480
140.870,-6.18654,-23.32442,0.21241
140.880,-6.14023,-23.46633,0.04631
140.890,-4.86514,-23.29359,1.44783
140.900,-4.56321,-22.59433,1.00118
140.910,-4.75485,-22.22893,0.36540
140.920,-4.82223,-22.32072,0.00000
140.930,-5.00571,-22.16328,0.15744
140.940,-4.88186,-22.29658,0.12385
140.950,-5.01176,-21.92971,0.36687
140.960,-5.39126,-21.41883,0.51087
140.970,-5.89941,-20.64619,0.77264
140.980,-6.43221,-20.09084,0.55535
140.990,-6.84307,-20.22045,0.00000
141.000,-7.54403,-18.07368,2.14676
141.010,-8.59140,-17.25803,0.81565
141.020,-8.82961,-18.15622,0.00000
141.030,-8.53011,-18.20758,0.29951
141.040,-8.67595,-18.58222,0.00000
141.050,-8.15196,-18.82870,0.52398
141.060,-8.13630,-18.45075,0.39360
141.070,-8.41621,-17.87777,0.57298
141.080,-8.42807,-17.72450,0.15328
141.090,-8.66551,-18.27695,0.00000
141.100,-8.50837,-18.48702,0.15714
141.110,-8.21265,-19.36578,0.29572
141.120,-9.25064,-21.10341,0.00000
141.130,-7.76036,-21.87304,1.49028
141.140,-5.17133,-22.82753,2.58903
141.150,-5.04891,-23.16090,0.12242
141.160,-5.77094,-22.23910,0.92180
141.170,-5.52685,-22.10124,0.38194
141.180,-5.79832,-22.81171,0.00000
141.190,-7.13727,-21.82281,0.98890
141.200,-6.76064,-17.28606,4.91338
141.210,-5.98089,-15.61083,2.45497
141.220,-6.47827,-15.79509,0.00000
141.230,-6.83096,-15.77872,0.01637
141.240,-6.99772,-16.28539,0.00000
141.250,-6.98611,-17.19623,0.01161
141.260,-7.53593,-17.48313,0.00000
141.270,-8.72903,-17.84317,0.00000
141.280,-8.16646,-18.59067,0.56257
141.290,-7.83660,-18.82334,0.32986
141.300,-6.82163,-18.72672,1.11159
141.310,-6.81609,-18.86487,0.00554
141.320,-7.20840,-19.68641,0.00000
141.330,-7.13120,-20.25852,0.07720
141.340,-6.76026,-19.90590,0.72356
141.350,-6.67886,-19.53849,0.44881
141.360,-7.70151,-19.23997,0.29852
141.370,-6.81796,-19.28972,0.88354
141.380,-6.06631,-19.71601,0.75166
141.390,-6.95268,-19.96355,0.00000
141.400,-7.75495,-18.91193,1.05162
141.410,-7.99647,-19.53443,0.00000
141.420,-8.95589,-22.86763,0.00000
141.430,-7.33778,-24.55115,1.61811
141.440,-5.21093,-25.19486,2.12685
141.450,-5.11246,-25.36445,0.09847
141.460,-5.73067,-25.47313,0.00000
141.470,-5.63491,-24.54226,1.02664
141.480,-6.74629,-22.78426,1.75799
141.490,-8.45769,-21.47202,1.31225
141.500,-8.13372,-20.93649,0.85949
141.510,-6.83936,-21.39931,1.29436
141.520,-6.72805,-21.50260,0.11131
141.530,-6.23055,-20.60144,1.39866
141.540,-6.71104,-19.88563,0.71581
141.550,-7.01147,-20.16398,0.00000
141.560,-5.69155,-21.38714,1.31993
141.570,-7.04104,-21.36474,0.02240
141.580,-9.09596,-20.58364,0.78110
141.590,-9.39357,-20.06414,0.51950
141.600,-10.66534,-21.02358,0.00000
141.610,-11.36901,-24.40596,0.00000
141.620,-11.27137,-27.63231,0.09764
141.630,-12.19806,-27.41080,0.22151
141.640,-12.78042,-26.47035,0.94045
141.650,-13.05492,-26.13654,0.33381
141.660,-13.49484,-26.44059,0.00000
141.670,-13.59749,-26.89350,0.00000
141.680,-13.08469,-26.27091,1.13540
141.690,-13.58935,-26.01651,0.25439
141.700,-14.44025,-25.97540,0.04111
141.710,-13.57790,-25.37927,1.45848
141.720,-13.35204,-25.18959,0.41554
141.730,-13.84581,-26.14974,0.00000
141.740,-14.14311,-27.08159,0.00000
141.750,-13.69997,-25.88136,1.64337
141.760,-13.13144,-25.13483,1.31506
141.770,-13.93114,-25.83814,0.00000
141.780,-14.30188,-26.54598,0.00000
141.790,-14.22731,-26.76990,0.07457
141.800,-14.06091,-26.69702,0.23929
141.810,-13.40526,-25.54487,1.80780
141.820,-13.50220,-24.59771,0.94716
141.830,-13.62126,-24.59904,0.00000
141.840,-14.23862,-25.56007,0.00000
141.850,-15.24353,-27.35190,0.00000
141.860,-14.52094,-28.40578,0.72259
141.870,-14.18513,-27.98834,0.75326
141.880,-13.92969,-27.52246,0.72132
141.890,-14.25062,-26.87667,0.64579
141.900,-15.15040,-27.12029,0.00000
141.910,-15.01274,-28.16480,0.13766
141.920,-15.42139,-28.52976,0.00000
141.930,-15.38795,-27.80745,0.75575
141.940,-14.82567,-26.89235,1.47739
141.950,-15.70534,-27.44964,0.00000
141.960,-15.83333,-27.81717,0.00000
141.970,-15.28766,-27.33805,1.02478
141.980,-15.54702,-27.58803,0.00000
141.990,-16.14517,-28.13188,0.00000
142.000,-16.72550,-29.21116,0.00000
142.010,-15.23936,-29.83292,1.48614
142.020,-14.58780,-28.84375,1.64072
142.030,-14.87550,-27.95865,0.88510
142.040,-14.98862,-27.81297,0.14567
142.050,-15.29944,-28.71302,0.00000
142.060,-14.55784,-29.78327,0.74160
142.070,-14.52778,-29.51719,0.29613
142.080,-15.02751,-28.92780,0.58939
142.090,-14.53087,-29.37706,0.49664
142.100,-14.81575,-29.68069,0.00000
142.110,-15.02534,-29.33208,0.34860
142.120,-15.40700,-29.74400,0.00000
142.130,-16.03213,-29.69723,0.04677
142.140,-15.21737,-29.45185,1.06015
142.150,-15.28189,-30.00657,0.00000
142.160,-15.77120,-29.65369,0.35288
142.170,-15.25814,-29.21716,0.94960
142.180,-15.21764,-29.18856,0.06910
142.190,-14.91828,-29.19896,0.29936
142.200,-15.13154,-29.58899,0.00000
142.210,-14.86913,-29.58860,0.26281
142.220,-14.54653,-29.72394,0.32259
142.230,-15.76459,-30.35332,0.00000
142.240,-15.69849,-30.51294,0.06610
142.250,-15.73978,-30.02492,0.48802
142.260,-15.84291,-29.74602,0.27890
142.270,-15.15056,-29.90825,0.69235
142.280,-15.10497,-29.64113,0.31271
142.290,-15.07392,-29.83222,0.03106
142.300,-16.22555,-30.92558,0.00000
142.310,-17.11532,-30.67337,0.25221
142.320,-15.77023,-30.20039,1.81807
142.330,-15.03947,-31.08326,0.73076
142.340,-15.68554,-31.81658,0.00000
142.350,-15.97606,-31.78229,0.03429
142.360,-15.82277,-31.09076,0.84481
142.370,-15.83646,-30.90834,0.18242
142.380,-15.81572,-31.56586,0.02074
142.390,-16.43264,-32.17003,0.00000
142.400,-16.50333,-31.96152,0.20851
142.410,-16.47971,-31.75743,0.22771
142.420,-16.21211,-31.77560,0.26760
142.430,-16.21274,-31.22875,0.54685
142.440,-16.49222,-31.21862,0.01012
142.450,-16.14552,-31.99507,0.34670
142.460,-15.69647,-32.53655,0.44905
142.470,-15.87548,-32.46275,0.07380
142.480,-16.42151,-32.61297,0.00000
142.490,-16.37117,-32.09068,0.57262
142.500,-16.03965,-31.68877,0.73343
142.510,-16.00491,-31.67987,0.04364
142.520,-15.47637,-31.78824,0.52854
142.530,-15.67549,-32.16202,0.00000
142.540,-17.03250,-31.78723,0.37479
142.550,-16.27963,-31.74330,0.79680
142.560,-16.08032,-32.52739,0.19931
142.570,-16.52649,-32.60012,0.00000
142.580,-16.31729,-32.53596,0.27336
142.590,-17.12241,-33.01568,0.00000
142.600,-16.23635,-33.07791,0.88606
142.610,-15.92967,-32.61632,0.76828
142.620,-16.79318,-32.93534,0.00000
142.630,-16.22163,-32.97601,0.57154
142.640,-16.42123,-32.10663,0.86937
142.650,-16.13684,-31.70148,0.68955
142.660,-15.98078,-31.81057,0.15605
142.670,-16.61807,-32.47025,0.00000
142.680,-16.30194,-33.33187,0.31614
142.690,-16.77472,-33.36281,0.00000
142.700,-16.75868,-33.63123,0.01604
142.710,-16.61563,-33.83932,0.14305
142.720,-17.36472,-32.98671,0.85261
142.730,-16.59943,-32.82646,0.92553
142.740,-16.86153,-33.37790,0.00000
142.750,-17.24185,-33.35877,0.01914
142.760,-16.43041,-32.83713,1.33309
142.770,-17.04674,-33.19307,0.00000
142.780,-16.74066,-33.72444,0.30608
142.790,-16.92262,-33.93717,0.00000
142.800,-18.09966,-33.85277,0.08440
142.810,-16.34655,-33.02548,2.58040
142.820,-16.33464,-32.98333,0.05407
142.830,-16.87159,-33.57942,0.00000
142.840,-17.49613,-34.29050,0.00000
142.850,-18.71906,-34.30891,0.00000
142.860,-16.74448,-33.57288,2.71062
142.870,-17.06030,-33.57730,0.00000
142.880,-17.40850,-33.38886,0.18844
142.890,-17.62098,-33.59385,0.00000
142.900,-19.33293,-33.81811,0.00000
142.910,-17.85122,-34.03064,1.48171
142.920,-17.80179,-34.68004,0.04943
142.930,-17.84770,-34.36172,0.31833
142.940,-17.37586,-34.44279,0.47184
142.950,-18.41764,-35.01155,0.00000
142.960,-17.81936,-35.83963,0.59828
142.970,-17.68544,-35.94901,0.13392
142.980,-18.40709,-34.76312,1.18590
142.990,-17.45979,-34.57681,1.13361
143.000,-18.24461,-35.33074,0.00000
143.010,-17.76091,-35.62944,0.48371
143.020,-17.70810,-35.80425,0.05281
143.030,-19.64157,-35.83616,0.00000
143.040,-18.08632,-35.60546,1.78594
143.050,-18.60800,-35.91961,0.00000
143.060,-18.68854,-36.32078,0.00000
143.070,-18.65165,-36.12619,0.23148
143.080,-20.33518,-35.60393,0.52225
143.090,-18.45792,-35.53897,1.94222
143.100,-18.90300,-36.19636,0.00000
143.110,-19.38976,-36.52761,0.00000
143.120,-18.18746,-36.17180,1.55811
143.130,-19.18032,-35.95581,0.21599
143.140,-18.87901,-35.98440,0.30132
143.150,-18.85692,-36.16694,0.02209
143.160,-20.19160,-36.13566,0.03128
143.170,-19.04590,-36.41992,1.14570
143.180,-19.50577,-37.23155,0.00000
143.190,-18.94915,-37.37434,0.55662
143.200,-18.65383,-37.68916,0.29532
143.210,-20.38959,-37.70771,0.00000
143.220,-18.83062,-36.98945,2.27724
143.230,-18.99939,-37.12694,0.00000
143.240,-18.90488,-37.94167,0.09451
143.250,-18.45841,-38.25797,0.44647
143.260,-19.96780,-38.42007,0.00000
143.270,-19.24572,-38.05245,1.08971
143.280,-19.14860,-37.38681,0.76276
143.290,-19.10476,-37.50882,0.04384
143.300,-18.44958,-38.17783,0.65518
143.310,-19.15699,-38.00581,0.17203
143.320,-18.95539,-37.81792,0.38949
143.330,-18.78684,-38.11077,0.16854
143.340,-19.60921,-37.86153,0.24925
143.350,-19.14127,-37.91528,0.46794
143.360,-19.35806,-38.80725,0.00000
143.370,-19.65242,-38.77408,0.03318
143.380,-19.60993,-38.66108,0.15548
143.390,-20.78938,-39.27733,0.00000
143.400,-20.03643,-39.92630,0.75295
143.410,-20.19156,-39.88681,0.03950
143.420,-19.81987,-39.93351,0.37169
143.430,-19.49769,-40.21174,0.32218
143.440,-21.37055,-40.44167,0.00000
143.450,-20.44586,-40.62020,0.92470
143.460,-19.50324,-39.47888,2.08394
143.470,-19.28729,-38.70331,0.99152
143.480,-18.80803,-38.53732,0.64525
143.490,-19.76657,-38.78380,0.00000
143.500,-19.79085,-39.07064,0.00000
143.510,-20.06621,-39.55295,0.00000
143.520,-22.05446,-40.63012,0.00000
143.530,-20.61419,-41.28157,1.44027
143.540,-20.93329,-40.84217,0.43941
143.550,-20.00076,-40.42884,1.34585
143.560,-19.47657,-40.57764,0.52419
143.570,-21.68297,-40.96621,0.00000
143.580,-20.13792,-41.56771,1.54505
143.590,-20.56307,-42.23116,0.00000
143.600,-20.93921,-42.14990,0.08126
143.610,-20.14232,-41.15632,1.79046
143.620,-21.16819,-40.37050,0.78582
143.630,-19.89880,-40.21878,1.42110
143.640,-20.21471,-40.71442,0.00000
143.650,-20.70476,-41.18159,0.00000
143.660,-20.04398,-41.26030,0.66079
143.670,-21.52660,-41.66603,0.00000
143.680,-21.27697,-42.81227,0.24963
143.690,-21.54423,-43.36548,0.00000
143.700,-22.42472,-42.41771,0.94777
143.710,-20.33525,-42.45641,2.08947
143.720,-21.27649,-43.03037,0.00000
143.730,-20.61930,-43.34792,0.65719
143.740,-20.30227,-43.29392,0.37102
143.750,-23.00597,-42.79111,0.50281
143.760,-20.78430,-43.07862,2.22167
143.770,-21.31542,-43.57466,0.00000
143.780,-20.65338,-43.84794,0.66203
143.790,-20.37244,-44.31152,0.28095
143.800,-23.24511,-44.68392,0.00000
143.810,-20.81602,-44.93448,2.42909
143.820,-21.58377,-45.12064,0.00000
143.830,-22.01759,-44.90553,0.21512
143.840,-21.07979,-44.30369,1.53964
143.850,-22.69834,-43.94316,0.36053
143.860,-20.81089,-43.43488,2.39573
143.870,-21.25949,-43.47734,0.00000
143.880,-22.37161,-44.29954,0.00000
143.890,-20.63633,-44.90397,1.73528
143.900,-22.02280,-44.99164,0.00000
143.910,-21.14373,-45.07594,0.87907
143.920,-20.86600,-45.26513,0.27773
143.930,-22.98806,-45.19813,0.06700
143.940,-20.51367,-45.76667,2.47439
143.950,-20.92233,-45.80692,0.00000
143.960,-20.31442,-45.00021,1.41461
143.970,-20.31455,-45.08694,0.00000
143.980,-23.47803,-45.36450,0.00000
143.990,-20.92041,-45.16287,2.75926
144.000,-19.61198,-43.28587,3.18542
144.010,-16.61103,-37.42111,8.86570
144.020,-14.18657,-34.32764,5.51794
144.030,-14.40129,-34.10679,0.22085
144.040,-15.34576,-35.45678,0.00000
144.050,-15.60123,-36.79192,0.00000
144.060,-15.66269,-37.25947,0.00000
144.070,-15.77045,-37.27657,0.00000
144.080,-15.48430,-36.80191,0.76081
144.090,-14.90993,-36.46991,0.90637
144.100,-15.07110,-36.96010,0.00000
144.110,-15.60271,-37.32973,0.00000
144.120,-15.70423,-37.01511,0.31463
144.130,-16.01389,-37.15220,0.00000
144.140,-15.74179,-36.94631,0.47797
144.150,-15.42075,-36.87024,0.39712
144.160,-16.10363,-37.32300,0.00000
144.170,-15.79274,-36.80657,0.82732
144.180,-15.40444,-36.72423,0.47064
144.190,-16.02263,-37.31227,0.00000
144.200,-15.46115,-37.24803,0.62573
144.210,-15.16731,-37.06768,0.47419
144.220,-15.77286,-37.23009,0.00000
144.230,-15.34841,-36.68616,0.96838
144.240,-15.51195,-36.31080,0.37535
144.250,-16.19694,-36.74021,0.00000
144.260,-16.61288,-37.57449,0.00000
144.270,-17.01493,-38.31641,0.00000
144.280,-16.94630,-38.40759,0.06862
144.290,-17.30475,-39.03497,0.00000
144.300,-17.36120,-39.52224,0.00000
144.310,-16.74509,-37.65369,2.48465
144.320,-16.29898,-36.03301,2.06679
144.330,-16.37758,-36.23412,0.00000
144.340,-16.55362,-37.03041,0.00000
144.350,-15.98647,-36.73152,0.86603
144.360,-15.97761,-36.05258,0.68781
144.370,-16.17176,-36.07981,0.00000
144.380,-15.94955,-36.63079,0.22221
144.390,-16.02790,-35.60367,1.02712
144.400,-15.90898,-34.69102,1.03158
144.410,-15.65484,-34.74823,0.25414
144.420,-15.72785,-34.97902,0.00000
144.430,-15.72563,-35.67520,0.00222
144.440,-15.47905,-36.31026,0.24658
144.450,-15.78001,-37.18014,0.00000
144.460,-16.42711,-38.22946,0.00000
144.470,-16.45798,-37.59525,0.63421
144.480,-15.75892,-36.48727,1.80704
144.490,-15.97850,-36.31673,0.17055
144.500,-16.26189,-37.04402,0.00000
144.510,-16.36084,-38.12440,0.00000
144.520,-17.23519,-39.36200,0.00000
144.530,-17.15367,-39.47256,0.08152
144.540,-17.20324,-39.49572,0.00000
144.550,-17.03123,-38.43112,1.23660
144.560,-16.90805,-37.34016,1.21414
144.570,-17.34968,-38.45990,0.00000
144.580,-17.90658,-40.68374,0.00000
144.590,-18.32820,-41.43814,0.00000
144.600,-18.05773,-41.28577,0.42284
144.610,-17.14672,-39.61378,2.58301
144.620,-16.67363,-38.30631,1.78055
144.630,-16.11649,-37.36721,1.49624
144.640,-15.90808,-37.07332,0.50229
144.650,-16.34827,-37.90912,0.00000
144.660,-16.77747,-38.60105,0.00000
144.670,-17.24699,-39.38210,0.00000
144.680,-16.85292,-38.85729,0.91888
144.690,-16.60773,-37.88195,1.22052
144.700,-17.36295,-38.25931,0.00000
144.710,-17.39686,-39.10223,0.00000
144.720,-17.64618,-39.87411,0.00000
144.730,-18.44195,-40.71989,0.00000
144.740,-18.90450,-41.57408,0.00000
144.750,-19.28201,-41.31711,0.25698
144.760,-18.97825,-40.51871,1.10216
144.770,-19.08235,-39.99373,0.52498
144.780,-18.87774,-40.11371,0.20462
144.790,-19.45254,-41.33281,0.00000
144.800,-19.51882,-41.22527,0.10753
144.810,-18.25510,-40.67937,1.80962
144.820,-17.46814,-40.28204,1.18430
144.830,-16.53673,-40.26608,0.94736
144.840,-16.66367,-41.18692,0.00000
144.850,-16.14080,-41.41424,0.52287
144.860,-15.91443,-40.83668,0.80393
144.870,-16.26133,-40.87278,0.00000
144.880,-16.44414,-41.54463,0.00000
144.890,-16.42080,-41.43018,0.13779
144.900,-16.20533,-41.13180,0.51385
144.910,-16.59817,-41.98388,0.00000
144.920,-15.62694,-42.43058,0.97123
144.930,-15.75649,-42.18967,0.24092
144.940,-15.74844,-42.33243,0.00805
144.950,-15.93624,-42.22584,0.10659
144.960,-16.26249,-42.46293,0.00000
144.970,-16.61541,-42.35457,0.10836
144.980,-16.31074,-41.78600,0.87324
144.990,-15.50400,-41.80727,0.80674
145.000,-16.45121,-42.75274,0.00000
145.010,-15.95883,-42.94758,0.49238
145.020,-16.05797,-43.04243,0.00000
145.030,-15.94109,-43.18482,0.11688
145.040,-15.99243,-42.91355,0.27127
145.050,-16.61796,-43.06705,0.00000
145.060,-16.32010,-43.03449,0.33041
145.070,-17.11298,-44.00908,0.00000
145.080,-17.21514,-44.41230,0.00000
145.090,-17.02416,-43.63679,0.96650
145.100,-16.52639,-43.08645,1.04810
145.110,-16.54275,-43.42082,0.00000
145.120,-16.72609,-44.07075,0.00000
145.130,-17.14828,-44.23373,0.00000
145.140,-17.82043,-44.81480,0.00000
145.150,-17.78233,-45.75720,0.03810
145.160,-18.71945,-46.24071,0.00000
145.170,-18.42725,-45.09351,1.43939
145.180,-17.90993,-44.69568,0.91515
145.190,-17.25435,-45.79339,0.65558
145.200,-17.19909,-46.80069,0.05526
145.210,-17.44695,-46.76619,0.03451
145.220,-17.63993,-46.50791,0.25828
145.230,-18.26792,-46.10307,0.40484
145.240,-18.18958,-45.73722,0.44419
145.250,-18.42755,-46.02266,0.00000
145.260,-17.96649,-46.37137,0.46106
145.270,-17.97141,-46.47010,0.00000
145.280,-18.12980,-46.73599,0.00000
145.290,-18.29553,-47.75574,0.00000
145.300,-19.29686,-48.05774,0.00000
145.310,-18.53779,-47.32084,1.49597
145.320,-18.51533,-47.27638,0.06692
145.330,-17.71573,-47.32538,0.79961
145.340,-17.63979,-46.96537,0.43594
145.350,-18.19423,-47.07109,0.00000
145.360,-17.90408,-48.30290,0.29014
145.370,-18.65401,-48.52516,0.00000
145.380,-17.65468,-46.90579,2.61870
145.390,-17.72805,-46.84294,0.06285
145.400,-18.11535,-47.56205,0.00000
145.410,-17.85215,-47.68208,0.26320
145.420,-17.24601,-47.43968,0.84855
145.430,-17.39965,-46.92211,0.51757
145.440,-18.17965,-46.62125,0.30087
145.450,-17.61345,-46.93788,0.56620
145.460,-17.78414,-47.34548,0.00000
145.470,-18.14956,-47.71113,0.00000
145.480,-18.96498,-48.33127,0.00000
145.490,-18.10871,-48.00435,1.18319
145.500,-17.97343,-47.89045,0.24919
145.510,-18.18262,-48.11910,0.00000
145.520,-17.74546,-48.37691,0.43716
145.530,-18.38747,-48.75013,0.00000
145.540,-18.20717,-48.81470,0.18030
145.550,-18.71905,-48.42155,0.39315
145.560,-18.69861,-48.78200,0.02045
145.570,-18.79624,-49.15219,0.00000
145.580,-18.68754,-48.65222,0.60866
145.590,-18.37002,-49.17654,0.31752
145.600,-18.74791,-49.81700,0.00000
145.610,-18.43517,-49.91843,0.31274
145.620,-18.58517,-50.43316,0.00000
145.630,-19.09310,-50.41630,0.01686
145.640,-19.85603,-49.95468,0.46163
145.650,-19.02514,-50.71133,0.83089
145.660,-19.16418,-51.65759,0.00000
145.670,-20.17299,-51.47250,0.18508
145.680,-19.12203,-51.43508,1.08837
145.690,-18.78216,-50.96117,0.81378
145.700,-18.89691,-51.34939,0.00000
145.710,-19.88426,-51.70213,0.00000
145.720,-19.43599,-52.11169,0.44827
145.730,-19.74292,-52.59538,0.00000
145.740,-20.16634,-51.40181,1.19357
145.750,-19.04406,-51.00061,1.52348
145.760,-19.11111,-51.08874,0.00000
145.770,-18.87963,-51.50268,0.23147
145.780,-19.60743,-51.28607,0.21661
145.790,-19.37854,-50.66231,0.85266
145.800,-19.57094,-50.53812,0.12419
145.810,-19.64692,-51.03217,0.00000
145.820,-19.06706,-51.36857,0.57986
145.830,-19.25814,-51.08419,0.28439
145.840,-18.89185,-52.11505,0.36629
145.850,-19.08836,-53.20253,0.00000
145.860,-19.41099,-53.12323,0.07930
145.870,-20.31438,-52.78738,0.33584
145.880,-19.36299,-52.65917,1.07961
145.890,-19.19576,-52.70552,0.16722
145.900,-20.05878,-52.83714,0.00000
145.910,-19.00591,-53.23313,1.05287
145.920,-19.06077,-52.90709,0.32603
145.930,-18.92156,-52.35570,0.69062
145.940,-19.70105,-51.72096,0.63474
145.950,-19.23800,-51.42823,0.75578
145.960,-19.09614,-51.95583,0.14186
145.970,-20.55223,-52.28231,0.00000
145.980,-19.28996,-52.43908,1.26228
145.990,-19.12665,-52.48428,0.16331
146.000,-19.12245,-52.51209,0.00420
146.010,-19.44860,-52.72822,0.00000
146.020,-19.24989,-52.29881,0.62812
146.030,-19.58607,-52.53626,0.00000
146.040,-20.34031,-52.74618,0.00000
146.050,-19.48254,-52.62690,0.97704
146.060,-19.95567,-52.70943,0.00000
146.070,-19.70215,-53.11994,0.25352
146.080,-19.59881,-54.39035,0.10334
146.090,-19.57487,-54.79581,0.02394
146.100,-20.28530,-54.79444,0.00138
146.110,-20.07763,-55.40730,0.20767
146.120,-19.89483,-55.33424,0.25586
146.130,-21.75335,-55.39731,0.00000
146.140,-20.75508,-55.40235,0.99828
146.150,-20.02708,-54.48351,1.64684
146.160,-20.41417,-54.73653,0.00000
146.170,-20.67200,-55.29635,0.00000
146.180,-20.07342,-55.23540,0.65953
146.190,-20.40852,-55.21803,0.01737
146.200,-21.87502,-55.18296,0.03507
146.210,-20.28818,-55.35485,1.58684
146.220,-20.01285,-54.83124,0.79894
146.230,-20.31689,-54.55241,0.27883
146.240,-20.35489,-54.80516,0.00000
146.250,-20.28964,-54.42260,0.44780
146.260,-20.45848,-54.70733,0.00000
146.270,-20.95381,-54.80498,0.00000
146.280,-20.17620,-54.46389,1.11870
146.290,-20.78915,-54.85251,0.00000
146.300,-20.08763,-54.82294,0.73109
146.310,-19.70439,-54.93435,0.38324
146.320,-19.62306,-55.06189,0.08133
146.330,-20.40528,-55.50950,0.00000
146.340,-20.32015,-55.92294,0.08513
146.350,-20.36000,-55.92011,0.00283
146.360,-21.98975,-55.53508,0.38504
146.370,-19.97122,-55.20998,2.34362
146.380,-19.87067,-55.60563,0.10055
146.390,-20.02132,-55.26191,0.34372
146.400,-20.45316,-55.48433,0.00000
146.410,-19.82885,-55.72481,0.62431
146.420,-20.12726,-56.49141,0.00000
146.430,-22.47458,-57.06438,0.00000
146.440,-20.32886,-56.64017,2.56993
146.450,-20.32533,-57.20978,0.00353
146.460,-20.51481,-56.19503,1.01475
146.470,-21.03081,-56.39581,0.00000
146.480,-20.19013,-56.36135,0.87514
146.490,-20.02284,-56.52106,0.16730
146.500,-21.09319,-57.24433,0.00000
146.510,-20.65011,-57.16365,0.52375
146.520,-22.16494,-58.50961,0.00000
146.530,-21.16327,-57.93395,1.57732
146.540,-21.35901,-57.94868,0.00000
146.550,-20.46532,-57.34816,1.49422
146.560,-20.69847,-57.26424,0.08392
146.570,-21.24550,-57.66971,0.00000
146.580,-21.08037,-57.19873,0.63612
146.590,-22.97174,-57.32439,0.00000
146.600,-20.40518,-57.46425,2.56656
146.610,-21.08270,-59.02099,0.00000
146.620,-21.37637,-58.34297,0.67802
146.630,-21.47896,-58.27775,0.06522
146.640,-21.35994,-58.69476,0.11902
146.650,-20.85605,-58.64354,0.55510
146.660,-22.60505,-58.74389,0.00000
146.670,-21.24367,-58.84732,1.36138
146.680,-21.20437,-59.10257,0.03931
146.690,-21.03547,-57.96316,1.30830
146.700,-21.95949,-58.64236,0.00000
146.710,-20.97133,-58.98266,0.98816
146.720,-20.90614,-58.80904,0.23881
146.730,-22.55026,-58.34640,0.46264
146.740,-20.79831,-58.27799,1.82036
146.750,-20.67898,-58.45899,0.11933
146.760,-20.54884,-57.89837,0.69076
146.770,-21.95819,-58.76137,0.00000
146.780,-21.10263,-58.61923,0.99770
146.790,-21.22290,-58.43833,0.18089
146.800,-22.85210,-57.98583,0.45251
146.810,-21.14495,-57.93976,1.75322
146.820,-21.66462,-58.52719,0.00000
146.830,-21.68787,-58.85375,0.00000
146.840,-21.94943,-59.45640,0.00000
146.850,-21.69664,-58.51293,1.19626
146.860,-22.34352,-59.06524,0.00000
146.870,-22.18786,-59.07622,0.15566
146.880,-22.01346,-58.87926,0.37136
146.890,-23.35222,-59.61797,0.00000
146.900,-21.58901,-59.37367,2.00752
146.910,-21.41728,-59.14798,0.39742
146.920,-21.72287,-58.69673,0.45125
146.930,-23.07496,-59.01788,0.00000
146.940,-21.83095,-59.45782,1.24401
146.950,-21.58063,-59.16189,0.54625
146.960,-22.99755,-58.64863,0.51326
146.970,-21.69799,-59.27578,1.29956
146.980,-22.62848,-60.04835,0.00000
146.990,-22.31417,-59.48245,0.88020
147.000,-22.52896,-59.21547,0.26698
147.010,-22.21788,-59.27372,0.31108
147.020,-22.19026,-59.98757,0.02762
147.030,-22.99890,-59.62798,0.35959
147.040,-22.02873,-59.14626,1.45190
147.050,-22.92584,-59.46438,0.00000
147.060,-22.16397,-58.95857,1.26768
147.070,-22.21579,-59.44438,0.00000
147.080,-22.44910,-59.36795,0.07642
147.090,-22.53863,-59.34742,0.02053
147.100,-22.84112,-60.16041,0.00000
147.110,-22.00198,-59.48937,1.51018
147.120,-22.74426,-58.95969,0.52968
147.130,-22.12585,-59.40166,0.61841
147.140,-22.07527,-59.90505,0.05058
147.150,-22.47704,-59.58658,0.31846
147.160,-23.20229,-59.74510,0.00000
147.170,-22.49229,-60.59133,0.71000
147.180,-22.35602,-60.33722,0.39037
147.190,-24.27586,-59.99072,0.34650
147.200,-21.29772,-47.21465,15.75420
147.210,-16.57431,-37.12602,14.81204
147.220,-14.29819,-34.02447,5.37767
147.230,-14.25823,-33.75700,0.30743
147.240,-14.41681,-34.01931,0.00000
147.250,-14.61951,-34.64827,0.00000
147.260,-14.70637,-35.07515,0.00000
147.270,-14.43062,-35.26182,0.27576
147.280,-14.61385,-35.51023,0.00000
147.290,-14.82121,-35.55269,0.00000
147.300,-15.24238,-35.80211,0.00000
147.310,-15.14653,-36.03370,0.09585
147.320,-15.18115,-36.40969,0.00000
147.330,-15.73447,-36.74677,0.00000
147.340,-16.11485,-37.18457,0.00000
147.350,-16.04801,-37.26903,0.06683
147.360,-15.76988,-37.02606,0.52111
147.370,-15.85258,-36.95934,0.06672
147.380,-15.76087,-36.56306,0.48799
147.390,-16.01162,-36.70383,0.00000
147.400,-16.32511,-37.56307,0.00000
147.410,-16.47594,-37.97722,0.00000
147.420,-16.81887,-38.22972,0.00000
147.430,-16.64053,-38.11968,0.28838
147.440,-16.53507,-38.01502,0.21013
147.450,-16.61186,-38.21619,0.00000
147.460,-16.84661,-38.93152,0.00000
147.470,-16.79944,-39.28342,0.04717
147.480,-16.53604,-38.91088,0.63595
147.490,-16.78952,-39.05884,0.00000
147.500,-17.26644,-39.10343,0.00000
147.510,-16.51714,-38.53312,1.31961
147.520,-16.18320,-37.96186,0.90521
147.530,-16.66106,-37.32747,0.63438
147.540,-16.44867,-37.21950,0.32036
147.550,-16.63415,-38.14305,0.00000
147.560,-16.64080,-37.75876,0.38429
147.570,-16.42102,-37.19556,0.78297
147.580,-17.10895,-37.78557,0.00000
147.590,-17.50763,-37.95597,0.00000
147.600,-16.62149,-37.49501,1.34710
147.610,-16.53417,-37.29399,0.28834
147.620,-17.17801,-38.06891,0.00000
147.630,-17.50744,-39.24666,0.00000
147.640,-18.02001,-39.60565,0.00000
147.650,-17.29306,-38.91897,1.41363
147.660,-16.82034,-38.71061,0.68108
147.670,-17.89357,-39.30274,0.00000
147.680,-17.65280,-39.67928,0.24077
147.690,-17.52254,-39.84288,0.13026
147.700,-17.75280,-39.83980,0.00308
147.710,-17.51333,-40.01628,0.23948
147.720,-18.24155,-41.06456,0.00000
147.730,-18.16811,-41.48107,0.07345
147.740,-18.01177,-41.23382,0.40358
147.750,-18.29133,-41.50196,0.00000
147.760,-17.82982,-41.43558,0.52789
147.770,-17.45485,-41.56433,0.37497
147.780,-17.72307,-41.47071,0.09362
147.790,-17.84804,-42.36607,0.00000
147.800,-18.06370,-43.22708,0.00000
147.810,-18.10417,-42.02704,1.20004
147.820,-17.56974,-41.91186,0.64961
147.830,-17.98865,-42.24713,0.00000
147.840,-18.31104,-42.44980,0.00000
147.850,-17.76627,-42.26324,0.73133
147.860,-17.90793,-42.29773,0.00000
147.870,-18.25106,-42.71334,0.00000
147.880,-18.45448,-42.92247,0.00000
147.890,-18.61680,-42.93192,0.00000
147.900,-18.41216,-42.91890,0.21766
147.910,-18.58295,-43.15951,0.00000
147.920,-19.15699,-43.70340,0.00000
147.930,-19.26514,-44.37999,0.00000
147.940,-19.77955,-44.85345,0.00000
147.950,-20.12560,-45.13970,0.00000
147.960,-19.88942,-45.00127,0.37460
147.970,-20.56411,-45.49796,0.00000
147.980,-21.09231,-46.16653,0.00000
147.990,-21.73830,-47.03630,0.00000
148.000,-22.23414,-47.67465,0.00000
148.010,-22.03408,-47.63295,0.24176
148.020,-22.21388,-47.75051,0.00000
148.030,-22.19036,-48.19467,0.02353
148.040,-21.97420,-47.79253,0.61829
148.050,-22.43241,-47.68726,0.10527
148.060,-22.95778,-48.07270,0.00000
148.070,-23.07840,-48.36164,0.00000
148.080,-22.68140,-47.96786,0.79077
148.090,-22.15741,-47.30547,1.18638
148.100,-22.15718,-47.76498,0.00023
148.110,-21.77375,-47.52738,0.62104
148.120,-21.45825,-46.92684,0.91604
148.130,-21.43145,-46.91516,0.03848
148.140,-20.68708,-46.19853,1.46099
148.150,-20.04725,-46.07044,0.76792
148.160,-19.73276,-46.15930,0.31449
148.170,-19.82111,-46.05512,0.10418
148.180,-19.94292,-45.92533,0.12979
148.190,-19.91133,-45.58865,0.36827
148.200,-19.84539,-45.97528,0.06593
148.210,-19.13288,-45.43655,1.25124
148.220,-19.09533,-45.07982,0.39427
148.230,-19.69311,-45.99856,0.00000
148.240,-19.89604,-46.26526,0.00000
148.250,-20.00714,-46.02251,0.24275
148.260,-19.92480,-46.16094,0.08234
148.270,-19.37445,-45.77823,0.93306
148.280,-19.92828,-46.13704,0.00000
148.290,-20.41518,-46.57419,0.00000
148.300,-19.68296,-45.89782,1.40859
148.310,-19.65433,-46.09381,0.02863
148.320,-19.46011,-45.88477,0.40326
148.330,-19.72222,-45.79750,0.08727
148.340,-20.36006,-46.22717,0.00000
148.350,-20.25772,-46.06596,0.26356
148.360,-19.72461,-45.76729,0.83177
148.370,-19.56705,-46.20795,0.15756
148.380,-19.85589,-46.32267,0.00000
148.390,-20.29558,-46.21391,0.10876
148.400,-20.65968,-46.85390,0.00000
148.410,-20.63028,-47.23728,0.02940
148.420,-20.54872,-47.58913,0.08156
148.430,-20.36563,-47.45827,0.31395
148.440,-20.59140,-47.39369,0.06458
148.450,-21.30830,-48.04646,0.00000
148.460,-21.46592,-48.70473,0.00000
148.470,-21.37253,-48.96388,0.09340
148.480,-21.60054,-49.11941,0.00000
148.490,-21.27147,-48.92272,0.52576
148.500,-21.22942,-48.92609,0.04205
148.510,-21.63939,-48.87909,0.04700
148.520,-22.02862,-49.13515,0.00000
148.530,-22.04868,-49.29481,0.00000
148.540,-22.03036,-49.36197,0.01832
148.550,-21.94946,-49.44878,0.08090
148.560,-21.94217,-49.25474,0.20133
148.570,-22.74308,-49.45048,0.00000
148.580,-22.82900,-49.28373,0.16675
148.590,-22.84189,-49.41476,0.00000
148.600,-23.01303,-49.97763,0.00000
148.610,-23.29116,-50.12145,0.00000
148.620,-23.79946,-50.08227,0.03918
148.630,-24.07860,-50.26700,0.00000
148.640,-23.99501,-50.24013,0.11046
148.650,-23.91824,-50.33970,0.07677
148.660,-24.59552,-50.50974,0.00000
148.670,-24.71412,-50.10217,0.40756
148.680,-25.13845,-50.38266,0.00000
148.690,-25.33077,-50.65954,0.00000
148.700,-25.71159,-51.18774,0.00000
148.710,-26.82341,-52.02823,0.00000
148.720,-27.36756,-52.25891,0.00000
148.730,-27.58894,-52.49007,0.00000
148.740,-27.36633,-52.19330,0.51938
148.750,-27.27236,-52.11260,0.17466
148.760,-26.92085,-52.56443,0.35151
148.770,-27.76930,-53.22331,0.00000
148.780,-28.36586,-53.50094,0.00000
148.790,-27.92204,-53.84094,0.44382
148.800,-28.04713,-53.74921,0.09173
148.810,-27.51790,-53.22863,1.04981
148.820,-27.33243,-52.90373,0.51038
148.830,-27.25765,-52.97943,0.07477
148.840,-27.04450,-53.49561,0.21315
148.850,-26.08975,-52.74939,1.70098
148.860,-25.82175,-52.22830,0.78909
148.870,-26.26824,-52.22478,0.00352
148.880,-26.25863,-52.03615,0.19824
148.890,-26.54759,-52.61659,0.00000
148.900,-26.90797,-52.66790,0.00000
148.910,-26.39229,-52.14967,1.03392
148.920,-25.40446,-52.14853,0.98897
148.930,-24.87319,-52.01496,0.66485
148.940,-24.92580,-51.97706,0.03789
148.950,-24.82471,-51.90766,0.17050
148.960,-24.76861,-51.91150,0.05609
148.970,-24.70710,-51.71593,0.25708
148.980,-24.31477,-51.22279,0.88548
148.990,-24.62898,-51.37932,0.00000
149.000,-25.23019,-52.12922,0.00000
149.010,-25.23196,-52.48066,0.00000
149.020,-24.61821,-52.00680,1.08762
149.030,-24.13153,-51.65465,0.83882
149.040,-24.07831,-51.64780,0.06007
149.050,-24.51907,-51.70771,0.00000
149.060,-24.83148,-52.04271,0.00000
149.070,-24.86687,-52.63323,0.00000
149.080,-25.14416,-53.22962,0.00000
149.090,-24.73031,-53.39056,0.41386
149.100,-24.29679,-52.92629,0.89779
149.110,-24.36848,-52.78344,0.14285
149.120,-24.64832,-53.32780,0.00000
149.130,-24.98233,-53.44263,0.00000
149.140,-24.70154,-53.08059,0.64282
149.150,-24.09137,-52.53159,1.15918
149.160,-24.04097,-51.93254,0.64946
149.170,-24.14440,-51.94502,0.00000
149.180,-24.09415,-52.42932,0.05025
149.190,-24.47765,-52.53361,0.00000
149.200,-24.87118,-52.56456,0.00000
149.210,-24.90716,-52.59868,0.00000
149.220,-24.98910,-52.53641,0.06227
149.230,-25.25776,-53.10851,0.00000
149.240,-25.31946,-52.89145,0.21707
149.250,-25.73532,-52.72048,0.17097
149.260,-25.95213,-53.03129,0.00000
149.270,-25.69287,-52.36550,0.92505
149.280,-25.58529,-52.07548,0.39761
149.290,-25.62158,-52.59351,0.00000
149.300,-25.82268,-52.53161,0.06190
149.310,-25.73737,-52.56040,0.08531
149.320,-26.08980,-53.32576,0.00000
149.330,-25.66142,-52.80303,0.95111
149.340,-25.03624,-52.72222,0.70599
149.350,-25.23759,-53.13840,0.00000
149.360,-25.32217,-52.64385,0.49455
149.370,-25.13497,-52.58456,0.24649
149.380,-25.19144,-52.67152,0.00000
149.390,-25.71258,-52.80085,0.00000
149.400,-26.68520,-53.94642,0.00000
149.410,-27.12414,-54.74761,0.00000
149.420,-26.60332,-54.16138,1.10705
149.430,-26.62374,-54.27585,0.00000
149.440,-26.82328,-54.40354,0.00000
149.450,-26.68984,-54.60959,0.13344
149.460,-26.40669,-54.70641,0.28315
149.470,-26.26828,-54.29363,0.55119
149.480,-26.42105,-54.59909,0.00000
149.490,-26.66190,-55.02031,0.00000
149.500,-26.58058,-54.79446,0.30717
149.510,-26.43181,-54.90586,0.14877
149.520,-26.57115,-54.94503,0.00000
149.530,-26.82826,-54.70112,0.24391
149.540,-27.53230,-55.52400,0.00000
149.550,-28.05270,-56.33099,0.00000
149.560,-28.15987,-56.61341,0.00000
149.570,-27.92836,-56.35948,0.48544
149.580,-27.88024,-55.76566,0.64195
149.590,-27.58178,-55.40424,0.65987
149.600,-27.16663,-54.57155,1.24785
149.610,-27.78720,-54.87652,0.00000
149.620,-27.92094,-54.97715,0.00000
149.630,-27.53137,-54.08311,1.28361
149.640,-27.37721,-54.21568,0.15417
149.650,-27.40707,-54.43333,0.00000
149.660,-27.45491,-54.35950,0.07383
149.670,-27.61782,-54.62474,0.00000
149.680,-28.13277,-55.03419,0.00000
149.690,-28.30981,-55.56223,0.00000
149.700,-28.39992,-55.51628,0.04595
149.710,-28.18354,-54.94419,0.78846
149.720,-27.76350,-54.54242,0.82182
149.730,-28.00157,-54.59495,0.00000
149.740,-28.38946,-54.63212,0.00000
149.750,-28.09783,-54.66160,0.29163
149.760,-27.69471,-54.52242,0.54230
149.770,-27.96655,-54.43817,0.08425
149.780,-27.79201,-54.36338,0.24933
149.790,-28.23746,-54.57803,0.00000
149.800,-29.12984,-55.42020,0.00000
149.810,-29.00074,-55.64748,0.12910
149.820,-29.23767,-56.05254,0.00000
149.830,-29.22289,-56.32781,0.01479
149.840,-29.12169,-56.31842,0.11060
149.850,-29.74456,-56.96080,0.00000
149.860,-30.22000,-57.42924,0.00000
149.870,-29.91734,-57.88442,0.30266
149.880,-30.01780,-58.57736,0.00000
149.890,-30.32090,-59.19306,0.00000
149.900,-30.49708,-59.79051,0.00000
149.910,-30.74984,-59.78089,0.00962
149.920,-31.01421,-59.82707,0.00000
149.930,-31.32859,-59.44504,0.38204
149.940,-31.74622,-59.51941,0.00000
149.950,-32.03926,-60.43559,0.00000
149.960,-31.73655,-60.74680,0.30271
149.970,-31.48363,-60.58030,0.41943
149.980,-31.25960,-60.25585,0.54848
149.990,-31.92760,-60.51790,0.00000
150.000,-33.56957,-61.22634,0.00000
150.010,-34.03318,-61.91797,0.00000
150.020,-34.07126,-62.62534,0.00000
150.030,-33.83291,-62.73136,0.23835
150.040,-33.47357,-61.92954,1.16116
150.050,-33.96583,-62.38087,0.00000
150.060,-34.31581,-63.31585,0.00000
150.070,-34.18896,-62.94562,0.49710
150.080,-34.46041,-63.23953,0.00000
150.090,-35.08384,-63.46672,0.00000
150.100,-37.07472,-64.64978,0.00000
150.110,-37.20999,-66.05522,0.00000
150.120,-37.29877,-66.58456,0.00000
150.130,-38.36304,-67.30720,0.00000
150.140,-36.79675,-66.54086,2.33263
150.150,-35.37464,-65.31640,2.64657
150.160,-34.80071,-64.37731,1.51302
150.170,-34.70205,-64.18132,0.29465
150.180,-35.56411,-64.24059,0.00000
150.190,-36.27215,-64.57987,0.00000
150.200,-36.26498,-65.56550,0.00718
150.210,-37.03247,-65.84212,0.00000
150.220,-35.92613,-64.78110,2.16737
150.230,-34.58241,-64.28404,1.84077
150.240,-35.03535,-64.21374,0.07030
150.250,-35.00793,-63.30527,0.93588
150.260,-35.36955,-63.17595,0.12932
150.270,-36.08293,-64.08222,0.00000
150.280,-35.55304,-63.79676,0.81534
150.290,-33.99209,-62.13032,3.22739
150.300,-33.69924,-62.09805,0.32512
150.310,-33.55083,-62.19963,0.14841
150.320,-33.23336,-61.72241,0.79470
150.330,-33.86181,-62.40502,0.00000
150.340,-35.12272,-63.69211,0.00000
150.350,-36.06911,-64.46773,0.00000
150.360,-34.94139,-63.54339,2.05206
150.370,-34.65353,-62.75980,1.07146
150.380,-33.90347,-62.09287,1.41698
150.390,-32.45503,-61.86914,1.67216
150.400,-32.92466,-62.63854,0.00000
150.410,-33.00456,-62.83838,0.00000
150.420,-32.72662,-62.48120,0.63512
150.430,-32.62872,-61.84002,0.73907
150.440,-32.44415,-61.76039,0.26420
150.450,-33.12286,-62.35932,0.00000
150.460,-33.51524,-62.59333,0.00000
150.470,-33.78197,-62.87869,0.00000
150.480,-33.30564,-62.20298,1.15205
150.490,-32.66448,-61.11826,1.72587
150.500,-32.38485,-60.48835,0.90955
150.510,-32.76647,-60.47601,0.01234
150.520,-32.99087,-60.92298,0.00000
150.530,-33.13397,-61.34449,0.00000
150.540,-33.48594,-61.28656,0.05793
150.550,-34.04519,-61.78538,0.00000
150.560,-34.02917,-62.20756,0.01602
150.570,-33.38197,-61.25547,1.59928
150.580,-32.67583,-60.98531,0.97630
150.590,-33.15846,-61.68240,0.00000
150.600,-33.42644,-61.36683,0.31558
150.610,-33.04187,-61.08724,0.66416
150.620,-33.30665,-61.30786,0.00000
150.630,-33.67991,-61.28287,0.02499
150.640,-33.02988,-61.09790,0.83499
150.650,-32.15762,-60.57945,1.39071
150.660,-32.29950,-60.59548,0.00000
150.670,-32.85631,-60.68014,0.00000
150.680,-33.27448,-60.80290,0.00000
150.690,-33.82748,-61.52091,0.00000
150.700,-35.50491,-63.36327,0.00000
150.710,-35.62151,-63.36294,0.00033
150.720,-34.09984,-62.27165,2.61296
150.730,-33.36379,-61.57740,1.43029
150.740,-33.27468,-61.04405,0.62247
150.750,-34.28826,-61.97886,0.00000
150.760,-34.82018,-62.36073,0.00000
150.770,-34.22420,-62.10324,0.85348
150.780,-35.23244,-62.93808,0.00000
150.790,-35.57906,-62.81977,0.11831
150.800,-34.89039,-62.35449,1.15395
150.810,-34.31785,-62.33842,0.58861
150.820,-34.32187,-62.37315,0.00000
150.830,-33.81599,-61.80669,1.07234
150.840,-33.48752,-61.30285,0.83230
150.850,-33.51331,-60.69327,0.60958
150.860,-33.46749,-60.27617,0.46291
150.870,-34.67813,-61.41893,0.00000
150.880,-35.36489,-62.69545,0.00000
150.890,-36.00577,-63.39938,0.00000
150.900,-35.20984,-63.25547,0.93984
150.910,-34.14263,-62.98124,1.34144
150.920,-34.85628,-62.80816,0.17308
150.930,-36.16142,-62.44346,0.36470
150.940,-35.75566,-61.50980,1.33942
150.950,-35.58692,-60.96245,0.71610
150.960,-35.71339,-60.94718,0.01527
150.970,-35.20946,-61.07493,0.50393
150.980,-34.82132,-61.51443,0.38814
150.990,-34.73212,-61.62331,0.08920
151.000,-35.53224,-61.68114,0.00000
151.010,-35.19780,-61.77223,0.33445
151.020,-33.77383,-61.34882,1.84739
151.030,-34.69965,-61.40022,0.00000
151.040,-36.48986,-61.93908,0.00000
151.050,-35.10806,-61.59446,1.72642
151.060,-35.09355,-61.53640,0.07257
151.070,-35.53761,-62.00080,0.00000
151.080,-35.10692,-61.92436,0.50713
151.090,-35.82595,-62.29103,0.00000
151.100,-35.48077,-62.28971,0.34650
151.110,-33.51592,-60.78891,3.46565
151.120,-33.63415,-60.78776,0.00114
151.130,-35.39413,-61.76381,0.00000
151.140,-35.99240,-61.94839,0.00000
151.150,-36.61166,-62.16385,0.00000
151.160,-37.36955,-62.42840,0.00000
151.170,-37.61043,-62.36576,0.06264
151.180,-36.33816,-61.94650,1.69153
151.190,-35.66486,-61.80950,0.81030
151.200,-36.65054,-62.35517,0.00000
151.210,-36.23716,-62.48003,0.41337
151.220,-35.47077,-61.69285,1.55356
151.230,-36.29067,-61.34401,0.34884
151.240,-36.60712,-61.49549,0.00000
151.250,-35.71072,-61.18796,1.20393
151.260,-35.65928,-61.14789,0.09150
151.270,-36.57812,-62.16563,0.00000
151.280,-36.71171,-62.56932,0.00000
151.290,-36.90633,-62.35761,0.21171
151.300,-38.30029,-62.80803,0.00000
151.310,-38.13884,-62.66382,0.30566
151.320,-37.37339,-61.99949,1.42977
151.330,-37.96824,-62.26068,0.00000
151.340,-37.92948,-62.63201,0.03876
151.350,-36.75564,-62.60219,1.20366
151.360,-37.51304,-63.30495,0.00000
151.370,-38.83973,-63.52309,0.00000
151.380,-38.83443,-63.53060,0.00530
151.390,-38.34816,-63.51007,0.50680
151.400,-38.70098,-62.63148,0.87859
151.410,-39.25312,-62.43122,0.20027
151.420,-38.07036,-62.68281,1.18276
151.430,-37.11680,-62.52662,1.10975
151.440,-37.55253,-62.80051,0.00000
151.450,-36.99691,-62.71990,0.63623
151.460,-37.71076,-63.27167,0.00000
151.470,-40.56188,-64.60181,0.00000
151.480,-40.26410,-65.38286,0.29778
151.490,-41.27236,-66.77180,0.00000
151.500,-42.70845,-66.87375,0.00000
151.510,-42.30614,-66.05008,1.22598
151.520,-41.21916,-65.36385,1.77321
151.530,-39.91588,-64.67537,1.99177
151.540,-39.89693,-65.09742,0.01895
151.550,-40.63896,-66.39913,0.00000
151.560,-40.25268,-66.64400,0.38627
151.570,-40.30695,-65.78055,0.86345
151.580,-40.30872,-65.45610,0.32445
151.590,-39.82103,-65.35356,0.59022
151.600,-39.21004,-64.64460,1.31995
151.610,-38.83159,-64.90569,0.37846
151.620,-39.41970,-64.96632,0.00000
151.630,-39.31076,-64.60884,0.46643
151.640,-38.75289,-64.53544,0.63126
151.650,-38.51655,-64.35143,0.42035
151.660,-38.11580,-64.45467,0.40075
151.670,-39.17961,-65.34858,0.00000
151.680,-38.99335,-65.46842,0.18625
151.690,-38.61627,-64.94702,0.89848
151.700,-38.59351,-64.03648,0.93330
151.710,-38.56845,-63.93220,0.12933
151.720,-39.01676,-64.55363,0.00000
151.730,-38.50532,-64.25597,0.80910
151.740,-39.71460,-64.54882,0.00000
151.750,-39.21257,-64.80500,0.50203
151.760,-38.78513,-65.32361,0.42744
151.770,-38.09049,-65.37466,0.69464
151.780,-37.87596,-64.91931,0.66988
151.790,-38.29925,-64.86533,0.05398
151.800,-38.72029,-65.12116,0.00000
151.810,-38.64347,-65.56664,0.07681
151.820,-37.69376,-65.21633,1.30003
151.830,-38.32099,-64.82984,0.38649
151.840,-39.06273,-64.85397,0.00000
151.850,-38.52454,-65.00203,0.53819
151.860,-37.37842,-64.52031,1.62783
151.870,-37.75529,-64.52203,0.00000
151.880,-39.23901,-65.67328,0.00000
151.890,-38.56172,-65.50446,0.84611
151.900,-39.27409,-65.76677,0.00000
151.910,-41.87349,-67.02619,0.00000
151.920,-41.37784,-66.77208,0.74976
151.930,-40.99390,-66.68862,0.46740
151.940,-40.91298,-66.77844,0.08093
151.950,-40.84394,-66.74983,0.09764
151.960,-41.58988,-66.92397,0.00000
151.970,-42.49594,-67.19852,0.00000
151.980,-41.68377,-66.75090,1.25979
151.990,-41.35694,-66.63123,0.44651
152.000,-41.91309,-67.46915,0.00000
152.010,-41.62484,-67.00708,0.75031
152.020,-40.43279,-65.94214,2.25700
152.030,-41.80546,-66.91903,0.00000
152.040,-42.90605,-66.85154,0.06749
152.050,-42.72554,-66.35181,0.68024
152.060,-41.05437,-65.16993,2.85305
152.070,-40.30459,-64.71099,1.20871
152.080,-41.15118,-64.97934,0.00000
152.090,-41.25879,-65.02283,0.00000
152.100,-41.70064,-65.82847,0.00000
152.110,-40.95115,-65.58592,0.99203
152.120,-40.79402,-65.36389,0.37916
152.130,-40.46681,-64.87286,0.81824
152.140,-40.74099,-64.94321,0.00000
152.150,-41.15294,-65.37204,0.00000
152.160,-41.64168,-66.07044,0.00000
152.170,-41.37880,-65.94257,0.39074
152.180,-40.85277,-65.12309,1.34552
152.190,-40.63769,-64.58871,0.74946
152.200,-40.43307,-64.48135,0.31198
152.210,-41.37945,-65.24225,0.00000
152.220,-42.29387,-65.97549,0.00000
152.230,-42.81964,-66.43907,0.00000
152.240,-41.90647,-65.60397,1.74827
152.250,-42.49772,-65.61032,0.00000
152.260,-44.70628,-66.72706,0.00000
152.270,-45.19344,-67.51588,0.00000
152.280,-43.47430,-67.85536,1.71913
152.290,-43.29981,-68.27083,0.17449
152.300,-44.00880,-69.48984,0.00000
152.310,-42.49808,-69.53060,1.51072
152.320,-42.65598,-69.78605,0.00000
152.330,-44.50182,-71.61240,0.00000
152.340,-46.41743,-74.21644,0.00000
152.350,-49.27064,-76.09301,0.00000
152.360,-51.70387,-77.56243,0.00000
152.370,-53.33657,-78.51125,0.00000
152.380,-55.99038,-79.25663,0.00000
152.390,-56.69509,-79.17562,0.08101
152.400,-56.45539,-78.40218,1.01314
152.410,-56.95087,-78.55054,0.00000
152.420,-58.89899,-79.52963,0.00000
152.430,-59.55674,-79.79744,0.00000
152.440,-60.58897,-80.06143,0.00000
152.450,-60.72961,-80.69064,0.00000
152.460,-61.93779,-82.13952,0.00000
152.470,-63.28112,-83.18247,0.00000
152.480,-62.83252,-83.05317,0.57790
152.490,-63.62866,-82.98918,0.06400
152.500,-64.10882,-83.14805,0.00000
152.510,-64.69356,-83.46279,0.00000
152.520,-66.48142,-83.74727,0.00000
152.530,-67.49251,-83.94161,0.00000
152.540,-64.48488,-83.50972,3.43952
152.550,-63.74149,-83.59840,0.74339
152.560,-65.51369,-84.61272,0.00000
152.570,-64.83989,-85.08766,0.67380
152.580,-65.43380,-85.15495,0.00000
152.590,-65.87459,-85.63042,0.00000
152.600,-65.30826,-85.83424,0.56632
152.610,-66.40922,-86.00996,0.00000
152.620,-67.10034,-86.41005,0.00000
152.630,-66.76275,-86.29329,0.45436
152.640,-67.44805,-86.25010,0.04319
152.650,-69.05599,-86.80507,0.00000
152.660,-71.27086,-87.82427,0.00000
152.670,-73.30974,-88.48500,0.00000
152.680,-72.54064,-88.49537,0.76910
152.690,-73.27943,-88.87892,0.00000
152.700,-73.28115,-89.19790,0.00000
152.710,-72.86116,-89.22647,0.41999
152.720,-74.19405,-89.71584,0.00000
152.730,-74.04318,-90.04960,0.15087
152.740,-74.89025,-90.39700,0.00000
152.750,-76.41388,-91.03943,0.00000
152.760,-75.25254,-91.03043,1.17034
152.770,-75.52253,-91.18768,0.00000
152.780,-74.81908,-91.30922,0.70345
152.790,-75.41251,-91.75928,0.00000
152.800,-77.17387,-92.73636,0.00000
152.810,-78.00148,-93.31467,0.00000
152.820,-78.34442,-93.37869,0.00000
152.830,-78.63786,-93.37225,0.00644
152.840,-79.76792,-93.80931,0.00000
152.850,-80.00228,-94.03789,0.00000
152.860,-80.30397,-94.07353,0.00000
152.870,-80.65725,-94.63057,0.00000
152.880,-82.49247,-95.50715,0.00000
152.890,-84.29434,-95.71556,0.00000
152.900,-84.88613,-96.32374,0.00000
152.910,-85.47900,-97.24086,0.00000
152.920,-85.21372,-97.49600,0.26528
152.930,-85.42228,-97.73090,0.00000
152.940,-86.44257,-97.91360,0.00000
152.950,-87.52504,-98.34284,0.00000
152.960,-87.83681,-98.99437,0.00000
152.970,-89.48573,-99.28832,0.00000
152.980,-90.80254,-99.72272,0.00000
152.990,-91.42036,-100.07575,0.00000
153.000,-94.99954,-101.20837,0.00000
153.010,-98.84853,-102.18025,0.00000
153.020,-99.82268,-102.36011,0.00000
153.030,-102.23414,-105.50013,0.00000
153.040,-105.41513,-109.50266,0.00000
153.050,-108.51803,-109.77054,0.00000
153.060,-111.83867,-113.42230,0.00000
153.070,-120.00000,-120.00000,0.00000
153.080,-120.00000,-120.00000,0.00000
153.090,-120.00000,-120.00000,0.00000
153.100,-120.00000,-120.00000,0.00000
153.110,-120.00000,-120.00000,0.00000
153.120,-120.00000,-120.00000,0.00000
153.130,-120.00000,-120.00000,0.00000
153.140,-120.00000,-120.00000,0.00000
153.150,-120.00000,-120.00000,0.00000
153.160,-120.00000,-120.00000,0.00000
153.170,-120.00000,-120.00000,0.00000
153.180,-120.00000,-120.00000,0.00000
153.190,-120.00000,-120.00000,0.00000
153.200,-120.00000,-120.00000,0.00000
153.210,-120.00000,-120.00000,0.00000
153.220,-120.00000,-120.00000,0.00000
153.230,-120.00000,-120.00000,0.00000
153.240,-120.00000,-120.00000,0.00000
