frame,pts_seconds,gray_mean,mean_absolute_difference
0,0.000,83.8980,0.0000
1,0.040,83.8691,0.7740
2,0.080,83.9067,0.5051
3,0.120,83.7127,0.5759
4,0.160,83.7628,0.4874
5,0.200,83.7856,0.4580
6,0.240,83.7268,0.4712
7,0.280,83.6931,0.4726
8,0.320,83.7660,0.5012
9,0.360,83.7649,0.4459
10,0.400,83.7719,0.4434
11,0.440,83.6157,0.5523
12,0.480,83.6058,0.4358
13,0.520,83.7151,0.5092
14,0.560,83.5326,0.5785
15,0.600,83.6305,0.4971
16,0.640,83.6406,0.4797
17,0.680,83.4793,0.5719
18,0.720,83.4978,0.4933
19,0.760,83.5724,0.5406
20,0.800,83.5966,0.9085
21,0.840,107.2222,59.4901
22,0.880,103.1703,7.5414
23,0.920,95.7214,9.7423
24,0.960,84.3735,13.9576
25,1.000,76.0763,13.6885
26,1.040,65.7522,14.2793
27,1.080,60.0782,11.6006
28,1.120,62.1222,11.2435
29,1.160,60.5522,12.5729
30,1.200,58.2502,6.2175
31,1.240,63.8199,10.0575
32,1.280,65.8572,6.9946
33,1.320,68.1105,6.6618
34,1.360,71.1181,6.0122
35,1.400,72.3581,5.1897
36,1.440,73.9213,4.8513
37,1.480,77.7487,8.0503
38,1.520,81.2946,8.3238
39,1.560,83.9533,8.0762
40,1.600,83.3866,59.3940
41,1.640,83.4846,0.9956
42,1.680,83.4297,0.9447
43,1.720,83.4365,0.3909
44,1.760,83.4437,0.4585
45,1.800,83.4440,0.3963
46,1.840,83.5072,0.3676
47,1.880,83.3568,0.4613
48,1.920,83.3905,0.9781
49,1.960,83.3917,0.9762
50,2.000,83.4757,0.8759
51,2.040,83.4641,0.4298
52,2.080,83.3437,0.5749
53,2.120,83.3278,0.4781
54,2.160,83.4003,0.5399
55,2.200,83.4795,0.9537
56,2.240,83.5187,1.0234
57,2.280,83.3449,1.0326
58,2.320,83.4734,0.5069
59,2.360,87.4358,61.6924
60,2.400,91.4832,7.5079
61,2.440,94.4780,8.0270
62,2.480,96.4608,6.4763
63,2.520,99.1040,7.1872
64,2.560,103.1775,8.3983
65,2.600,108.6419,9.2807
66,2.640,110.8902,6.6822
67,2.680,113.6194,4.6907
68,2.720,112.6275,5.3812
69,2.760,112.6346,5.0493
70,2.800,112.5241,4.9180
71,2.840,111.6203,3.9815
72,2.880,109.8733,5.6799
73,2.920,108.5762,5.5266
74,2.960,107.9548,4.8778
75,3.000,106.6793,5.3127
76,3.040,104.8883,5.3307
77,3.080,106.7974,5.2526
78,3.120,105.6309,4.2344
79,3.160,106.1487,3.8553
80,3.200,107.0610,3.0072
81,3.240,106.4953,4.7708
82,3.280,107.4446,5.5522
83,3.320,107.2411,8.2107
84,3.360,104.1887,9.7533
85,3.400,98.4168,11.1715
86,3.440,97.6477,10.4420
87,3.480,93.9176,11.5868
88,3.520,98.0282,8.8623
89,3.560,96.8719,8.2080
90,3.600,96.9664,3.4022
91,3.640,99.5517,4.8408
92,3.680,97.5642,6.4033
93,3.720,98.9637,6.3978
94,3.760,99.2729,6.7142
95,3.800,99.7306,6.5972
96,3.840,101.7665,8.2789
97,3.880,102.3266,7.5491
98,3.920,100.6723,7.6079
99,3.960,100.3706,5.2303
100,4.000,68.7219,61.5908
101,4.040,68.0981,7.1672
102,4.080,67.5680,8.1879
103,4.120,65.2469,13.2878
104,4.160,62.1423,14.7403
105,4.200,59.7069,10.0265
106,4.240,57.1356,9.1791
107,4.280,55.4363,10.9177
108,4.320,53.8406,10.2262
109,4.360,54.3827,9.6950
110,4.400,55.5622,7.8215
111,4.440,57.2469,10.7793
112,4.480,58.5715,8.4010
113,4.520,58.3828,6.3845
114,4.560,58.9431,9.4203
115,4.600,60.5162,10.0238
116,4.640,62.2355,9.8344
117,4.680,63.6792,9.7310
118,4.720,66.0160,11.3415
119,4.760,67.3201,7.9242
120,4.800,68.3981,5.6484
121,4.840,69.4719,8.6581
122,4.880,70.9363,9.3691
123,4.920,71.5365,6.1992
124,4.960,71.4597,4.6594
125,5.000,70.4708,8.5640
126,5.040,69.9865,8.2211
127,5.080,69.4715,6.3749
128,5.120,68.8447,9.9800
129,5.160,68.5172,10.2299
130,5.200,67.9688,10.6472
131,5.240,68.5209,8.5983
132,5.280,68.4872,56.8619
133,5.320,65.7862,12.3832
134,5.360,64.1606,8.6269
135,5.400,63.0463,11.3737
136,5.440,60.0215,11.4247
137,5.480,57.1599,11.9509
138,5.520,53.8348,9.5868
139,5.560,51.4931,10.6865
140,5.600,50.0513,9.8987
141,5.640,49.0760,6.4422
142,5.680,47.9428,9.2263
143,5.720,47.0740,8.7045
144,5.760,46.3789,8.4578
145,5.800,46.1203,4.7756
146,5.840,44.7265,7.0688
147,5.880,43.9710,7.0425
148,5.920,44.1161,5.2612
149,5.960,42.9622,7.1121
150,6.000,42.4876,7.2960
151,6.040,42.0743,7.3574
152,6.080,43.2879,6.2639
153,6.120,45.4844,8.1884
154,6.160,45.9709,7.7875
155,6.200,47.8657,4.6424
156,6.240,48.1799,6.4617
157,6.280,47.8989,5.6565
158,6.320,47.6228,5.1168
159,6.360,47.0006,3.3495
160,6.400,45.8809,6.7517
161,6.440,44.5124,6.5589
162,6.480,44.8497,3.2714
163,6.520,44.4556,5.4617
164,6.560,44.6934,4.8039
165,6.600,44.9369,4.0051
166,6.640,44.9414,1.4015
167,6.680,44.1322,4.4882
168,6.720,43.9547,4.5217
169,6.760,74.8673,55.0100
170,6.800,74.1617,9.8217
171,6.840,73.2197,14.8851
172,6.880,64.7822,26.4782
173,6.920,50.7133,24.8031
174,6.960,46.3413,21.8104
175,7.000,44.6426,22.8860
176,7.040,44.4867,14.9931
177,7.080,45.2325,15.5497
178,7.120,46.2526,18.9531
179,7.160,46.8008,16.6550
180,7.200,47.7792,12.8426
181,7.240,49.3658,14.8382
182,7.280,52.9621,17.1992
183,7.320,55.6699,15.1066
184,7.360,57.3948,11.4337
185,7.400,59.3369,9.7518
186,7.440,62.3513,11.2728
187,7.480,64.8964,14.3495
188,7.520,65.8024,13.0898
189,7.560,66.9434,7.8364
190,7.600,67.6963,6.2185
191,7.640,68.3631,6.0462
192,7.680,70.0109,7.9102
193,7.720,71.1588,10.6576
194,7.760,71.6319,9.3227
195,7.800,71.7324,6.6133
196,7.840,73.6294,9.5840
197,7.880,74.4095,9.6826
198,7.920,75.1312,9.5446
199,7.960,75.4697,7.3843
200,8.000,75.8906,8.6266
201,8.040,76.1249,10.2854
202,8.080,76.2767,10.6179
203,8.120,76.6508,11.6124
204,8.160,78.2244,12.6351
205,8.200,77.7106,11.0008
206,8.240,78.5719,12.1003
207,8.280,77.2257,12.3448
208,8.320,76.3458,8.5610
209,8.360,76.2204,9.4049
210,8.400,77.5432,10.0628
211,8.440,75.4856,10.6637
212,8.480,76.2509,10.0721
213,8.520,74.1876,10.7241
214,8.560,72.2395,10.1784
215,8.600,71.1892,8.7297
216,8.640,71.8930,10.2165
217,8.680,69.5367,9.7815
218,8.720,68.4972,10.1928
219,8.760,72.5422,47.6812
220,8.800,73.0199,6.0842
221,8.840,73.9806,7.6262
222,8.880,73.6097,7.2241
223,8.920,74.0072,9.0742
224,8.960,80.8591,14.0453
225,9.000,90.4520,18.9612
226,9.040,106.3024,25.6283
227,9.080,112.9094,19.8341
228,9.120,114.2103,16.2798
229,9.160,114.6243,16.1876
230,9.200,109.5840,15.6154
231,9.240,107.0069,15.4435
232,9.280,104.5565,14.8112
233,9.320,102.6948,13.0818
234,9.360,104.1494,13.5441
235,9.400,99.7785,10.4076
236,9.440,99.2510,8.8983
237,9.480,97.6158,6.9794
238,9.520,97.2335,6.1311
239,9.560,97.3190,9.0326
240,9.600,96.5823,9.8973
241,9.640,95.9649,9.4740
242,9.680,95.4224,6.9219
243,9.720,96.7409,9.6219
244,9.760,98.2290,12.9799
245,9.800,100.8644,13.6787
246,9.840,102.8045,10.1721
247,9.880,102.5690,4.6234
248,9.920,101.2097,5.4384
249,9.960,100.0137,5.0912
250,10.000,98.7395,5.7283
251,10.040,98.7058,6.4897
252,10.080,96.9137,6.6093
253,10.120,96.0264,5.6104
254,10.160,99.4467,8.8779
255,10.200,94.8083,11.2344
256,10.240,93.0449,9.2741
257,10.280,92.2101,9.6827
258,10.320,91.0600,9.7656
259,10.360,90.2044,9.2375
260,10.400,73.9471,55.1206
261,10.440,80.5569,28.3867
262,10.480,75.2547,23.9705
263,10.520,70.2178,22.6925
264,10.560,63.4504,21.3467
265,10.600,59.2982,20.1304
266,10.640,56.7299,15.5058
267,10.680,55.2581,11.3047
268,10.720,55.9708,10.7779
269,10.760,56.0450,9.8537
270,10.800,55.9377,5.2177
271,10.840,56.2188,2.0373
272,10.880,56.5290,7.7064
273,10.920,57.6446,12.0924
274,10.960,59.1353,11.5472
275,11.000,62.1647,11.8295
276,11.040,62.8408,12.1485
277,11.080,64.0811,11.9117
278,11.120,64.9653,7.6535
279,11.160,65.0756,5.5985
280,11.200,65.3575,5.4740
281,11.240,64.8139,5.2385
282,11.280,65.2772,4.2842
283,11.320,64.6203,3.7519
284,11.360,65.7315,3.5887
285,11.400,64.6224,4.8794
286,11.440,64.4960,6.1381
287,11.480,63.9254,7.7568
288,11.520,63.4591,5.2916
289,11.560,64.0773,6.6967
290,11.600,65.1246,5.7783
291,11.640,64.1590,4.0983
292,11.680,63.6420,5.5503
293,11.720,63.1900,4.7502
294,11.760,62.9087,2.6412
295,11.800,63.2680,3.2130
296,11.840,63.2638,4.4117
297,11.880,62.5120,6.1930
298,11.920,62.5138,6.2810
299,11.960,62.6628,4.7387
300,12.000,62.3371,5.2764
301,12.040,62.4013,4.2960
302,12.080,63.2656,3.9322
303,12.120,63.2537,4.2467
304,12.160,63.5318,1.8179
305,12.200,63.6815,2.6465
306,12.240,63.8382,3.4782
307,12.280,63.4477,3.5322
308,12.320,64.1256,2.9231
309,12.360,63.8539,2.6678
310,12.400,64.2531,4.6837
311,12.440,65.1297,5.6733
312,12.480,64.9690,5.5568
313,12.520,65.1083,7.3819
314,12.560,65.5288,6.9984
315,12.600,64.8524,5.8760
316,12.640,64.9242,2.1129
317,12.680,65.9490,4.0246
318,12.720,65.8842,7.5888
319,12.760,66.9630,8.8074
320,12.800,66.4503,8.4542
321,12.840,66.2454,8.1350
322,12.880,66.5264,7.8842
323,12.920,67.6969,7.6207
324,12.960,68.7617,5.3253
325,13.000,69.8296,5.1917
326,13.040,87.9633,41.6082
327,13.080,88.4814,2.8396
328,13.120,88.2603,1.8019
329,13.160,88.3309,1.7512
330,13.200,88.2283,1.7231
331,13.240,88.0943,1.7499
332,13.280,87.7839,1.7832
333,13.320,87.8444,2.2275
334,13.360,87.6578,2.8481
335,13.400,87.4952,3.3675
336,13.440,87.0329,4.0609
337,13.480,86.9764,4.6556
338,13.520,87.1198,4.5569
339,13.560,87.1539,4.8047
340,13.600,86.8156,5.2935
341,13.640,86.1331,5.5925
342,13.680,86.8181,4.5504
343,13.720,86.5656,4.5472
344,13.760,86.6281,3.9174
345,13.800,87.2119,3.9481
346,13.840,86.6465,4.1185
347,13.880,86.4247,2.9135
348,13.920,86.5888,2.9599
349,13.960,86.5906,2.5148
350,14.000,86.6239,2.9483
351,14.040,85.8884,3.3812
352,14.080,86.5607,2.8583
353,14.120,87.2075,2.8767
354,14.160,87.5006,2.6501
355,14.200,88.1809,2.9085
356,14.240,87.5434,3.2022
357,14.280,88.4128,2.8094
358,14.320,87.7284,2.5444
359,14.360,87.8098,1.8282
360,14.400,87.7619,2.3011
361,14.440,87.1338,2.9214
362,14.480,86.9358,2.0900
363,14.520,87.2387,2.1596
364,14.560,87.6464,3.0073
365,14.600,88.1297,2.4049
366,14.640,87.8071,2.0147
367,14.680,87.2406,1.7966
368,14.720,86.4547,2.9941
369,14.760,86.4931,2.2718
370,14.800,86.3122,2.3341
371,14.840,87.0192,3.1181
372,14.880,86.2001,2.4573
373,14.920,86.1261,2.0515
374,14.960,86.5197,2.1620
375,15.000,86.0680,2.4014
376,15.040,85.5035,3.3421
377,15.080,84.9610,2.8624
378,15.120,85.0816,2.7322
379,15.160,85.9899,3.4208
380,15.200,85.8145,2.2198
381,15.240,85.5716,3.0119
382,15.280,85.0790,2.9049
383,15.320,85.5499,2.7690
384,15.360,86.1095,2.5418
385,15.400,86.1929,1.0762
386,15.440,85.7515,1.2535
387,15.480,86.1813,1.1871
388,15.520,86.3233,1.2438
389,15.560,86.1190,1.4368
390,15.600,86.3824,1.7975
391,15.640,85.7640,2.7388
392,15.680,85.9352,1.9175
393,15.720,86.5460,2.1290
394,15.760,86.8595,2.8135
395,15.800,87.0097,1.4231
396,15.840,87.1752,1.4968
397,15.880,87.3190,1.6644
398,15.920,88.1996,2.1167
399,15.960,88.4257,2.0049
400,16.000,87.7149,2.9137
401,16.040,87.5117,3.2715
402,16.080,86.7199,4.0626
403,16.120,87.8021,3.4158
404,16.160,87.4121,2.8228
405,16.200,87.9605,1.9683
406,16.240,87.6570,2.1304
407,16.280,87.7851,2.0167
408,16.320,87.2311,3.0806
409,16.360,87.4157,2.3336
410,16.400,87.6019,2.7192
411,16.440,88.4417,3.2965
412,16.480,88.3527,3.0171
413,16.520,88.3944,3.0088
414,16.560,89.2128,3.4206
415,16.600,88.7460,3.4381
416,16.640,47.9651,45.7477
417,16.680,47.9506,13.8093
418,16.720,47.8301,12.6799
419,16.760,48.2860,11.3015
420,16.800,48.5364,9.1900
421,16.840,48.7692,7.3507
422,16.880,48.5075,7.6794
423,16.920,47.1269,8.3065
424,16.960,45.8617,8.8683
425,17.000,45.0155,9.8985
426,17.040,43.7584,11.0342
427,17.080,43.0183,12.2143
428,17.120,41.9123,14.4731
429,17.160,40.5006,15.9051
430,17.200,40.0076,15.4963
431,17.240,41.1108,14.2144
432,17.280,42.8156,13.7001
433,17.320,45.0069,14.6500
434,17.360,48.7536,16.8934
435,17.400,50.0324,16.7388
436,17.440,50.0363,16.0466
437,17.480,49.8625,15.2150
438,17.520,49.2611,12.2883
439,17.560,48.7866,8.9622
440,17.600,48.8792,8.4256
441,17.640,48.8234,8.7354
442,17.680,49.1876,8.8414
443,17.720,49.3289,9.0835
444,17.760,49.1478,8.4916
445,17.800,49.1417,8.5490
446,17.840,49.6064,8.9676
447,17.880,50.2505,8.2877
448,17.920,51.0158,8.0968
449,17.960,51.8021,8.0926
450,18.000,52.3047,9.3543
451,18.040,53.5006,11.3706
452,18.080,55.0533,11.7165
453,18.120,56.0569,12.3067
454,18.160,55.9756,12.8940
455,18.200,56.8674,13.1195
456,18.240,56.3499,13.4642
457,18.280,56.6903,14.3543
458,18.320,57.9457,14.7467
459,18.360,59.0935,13.2307
460,18.400,59.2465,12.0071
461,18.440,58.9906,11.3989
462,18.480,59.1733,11.5990
463,18.520,60.4040,11.1098
464,18.560,61.1476,12.0865
465,18.600,61.3744,11.4513
466,18.640,61.2906,10.7317
467,18.680,60.2674,9.7949
468,18.720,58.9417,10.1669
469,18.760,58.1404,9.6587
470,18.800,57.0697,9.1297
471,18.840,56.4624,7.3079
472,18.880,57.0681,7.1101
473,18.920,58.0897,13.3974
474,18.960,59.4294,15.4972
475,19.000,60.6314,14.8048
476,19.040,61.4594,9.3640
477,19.080,61.7847,7.9774
478,19.120,60.8263,11.7855
479,19.160,59.4126,9.3693
480,19.200,59.4108,4.5903
481,19.240,59.7313,7.0708
482,19.280,61.2260,10.9785
483,19.320,61.8493,10.6983
484,19.360,62.8813,10.1957
485,19.400,63.3374,10.2629
486,19.440,63.6325,9.9879
487,19.480,64.0985,6.2945
488,19.520,64.0595,7.8986
489,19.560,64.4164,7.4322
490,19.600,63.9529,7.2635
491,19.640,63.8788,7.7301
492,19.680,64.9843,5.2134
493,19.720,65.4887,5.2066
494,19.760,65.3873,9.7579
495,19.800,66.6425,11.1902
496,19.840,90.0271,48.9835
497,19.880,87.0901,8.6135
498,19.920,87.3124,5.7781
499,19.960,86.9225,5.2916
500,20.000,86.9024,4.9651
501,20.040,87.1606,4.5443
502,20.080,86.3804,4.6014
503,20.120,86.9980,4.3805
504,20.160,88.1960,4.3299
505,20.200,87.3312,3.8099
506,20.240,87.4776,3.5356
507,20.280,87.6747,3.7508
508,20.320,88.0567,4.1740
509,20.360,88.1035,3.6011
510,20.400,87.7516,3.7875
511,20.440,87.2214,4.5213
512,20.480,87.2670,3.9563
513,20.520,88.0349,4.4127
514,20.560,88.9962,3.7131
515,20.600,88.6660,3.2033
516,20.640,87.9321,3.7035
517,20.680,88.0372,3.5861
518,20.720,87.7673,3.9392
519,20.760,87.8933,4.1935
520,20.800,87.3331,4.7254
521,20.840,86.5617,5.1774
522,20.880,86.8528,4.4752
523,20.920,87.7242,4.9308
524,20.960,88.4478,4.5960
525,21.000,88.6357,4.5944
526,21.040,88.6265,4.6860
527,21.080,90.2358,4.9476
528,21.120,88.9176,5.3648
529,21.160,89.1878,4.3760
530,21.200,89.9170,4.6641
531,21.240,91.6431,5.2496
532,21.280,91.3543,4.9901
533,21.320,91.2465,4.8288
534,21.360,91.4285,4.8931
535,21.400,91.6859,4.6144
536,21.440,90.7259,4.7461
537,21.480,91.4222,4.7624
538,21.520,59.2780,42.6492
539,21.560,61.6897,10.9060
540,21.600,62.5723,10.5503
541,21.640,61.5582,10.1217
542,21.680,59.9493,6.3412
543,21.720,59.3874,9.9047
544,21.760,57.6822,10.8494
545,21.800,56.8223,8.2178
546,21.840,56.6081,9.3618
547,21.880,56.5885,7.3349
548,21.920,56.7507,7.9896
549,21.960,56.5297,7.1618
550,22.000,56.3649,5.4102
551,22.040,56.5624,5.2831
552,22.080,57.1449,6.6172
553,22.120,57.3801,5.7294
554,22.160,58.2507,4.3603
555,22.200,59.4806,6.4928
556,22.240,60.4311,5.0267
557,22.280,61.0947,5.3944
558,22.320,61.2928,5.1042
559,22.360,61.7237,4.0255
560,22.400,61.8948,7.4815
561,22.440,61.5668,6.9262
562,22.480,61.5629,5.7874
563,22.520,61.6585,5.3144
564,22.560,61.2617,7.2056
565,22.600,60.5450,6.5015
566,22.640,60.2221,4.5815
567,22.680,59.9956,4.1235
568,22.720,60.2347,3.2677
569,22.760,60.3775,2.5543
570,22.800,60.5040,3.7197
571,22.840,61.1163,5.3337
572,22.880,61.2127,4.8146
573,22.920,61.7944,4.0681
574,22.960,85.0101,59.8915
575,23.000,82.6237,9.5749
576,23.040,81.7967,6.5339
577,23.080,82.3353,4.9203
578,23.120,83.4573,5.3243
579,23.160,84.6965,5.1876
580,23.200,86.3385,5.1285
581,23.240,87.0931,4.5468
582,23.280,88.1191,3.6338
583,23.320,88.4691,5.4186
584,23.360,88.9616,5.3525
585,23.400,89.0640,4.2313
586,23.440,89.4900,2.8681
587,23.480,90.2883,4.4648
588,23.520,91.3205,7.4097
589,23.560,91.0696,8.7008
590,23.600,90.6965,8.4288
591,23.640,90.7874,8.4164
592,23.680,91.2138,7.3041
593,23.720,92.2788,6.5239
594,23.760,92.6767,5.6419
595,23.800,93.1968,4.8015
596,23.840,92.9940,3.6904
597,23.880,93.4227,3.9677
598,23.920,92.8217,3.8869
599,23.960,95.1903,6.6505
600,24.000,101.1026,11.3655
601,24.040,100.5202,9.3358
602,24.080,104.5984,10.9450
603,24.120,105.2463,9.5557
604,24.160,105.8510,8.1333
605,24.200,109.1853,9.0760
606,24.240,109.2338,6.2490
607,24.280,115.9480,9.3935
608,24.320,115.4491,6.3596
609,24.360,115.6476,4.7676
610,24.400,111.9375,7.0769
611,24.440,111.4303,6.9053
612,24.480,107.0460,8.1253
613,24.520,104.2422,11.4042
614,24.560,101.2199,12.0906
615,24.600,98.5828,11.1348
616,24.640,93.6894,11.1819
617,24.680,90.2444,9.8356
618,24.720,90.3051,11.2484
619,24.760,85.5783,11.0546
620,24.800,80.9666,9.2336
621,24.840,76.5975,8.3115
622,24.880,72.6797,11.6490
623,24.920,66.3644,16.1518
624,24.960,60.3146,19.8708
625,25.000,56.9958,22.2658
626,25.040,56.4328,18.4233
627,25.080,57.7651,17.0328
628,25.120,79.4678,29.8053
629,25.160,69.1783,25.9549
630,25.200,94.5472,64.7519
631,25.240,81.7492,15.2292
632,25.280,90.4762,14.3952
633,25.320,70.9396,23.9398
634,25.360,80.4446,34.1479
635,25.400,81.9232,38.8937
636,25.440,90.1536,8.8757
637,25.480,81.8819,8.9169
638,25.520,88.5558,7.0992
639,25.560,81.9633,7.1672
640,25.600,87.0005,5.6583
641,25.640,81.9853,5.7524
642,25.680,85.9786,4.6358
643,25.720,82.0208,4.6785
644,25.760,84.4805,3.0102
645,25.800,82.2254,3.3001
646,25.840,82.1357,0.8858
647,25.880,82.3076,0.8572
648,25.920,82.1033,1.9815
649,25.960,82.2706,1.6542
650,26.000,82.5562,1.8598
651,26.040,82.7770,1.8090
652,26.080,82.9038,1.7641
653,26.120,83.3941,2.3501
654,26.160,83.3760,2.0562
655,26.200,83.6149,2.2056
656,26.240,83.5658,2.0762
657,26.280,83.7708,2.2391
658,26.320,83.8781,1.7235
659,26.360,83.8494,2.2378
660,26.400,84.0111,2.2078
661,26.440,83.8556,2.4176
662,26.480,83.9833,2.0916
663,26.520,83.9540,1.9359
664,26.560,84.0972,1.8109
665,26.600,84.1572,2.0258
666,26.640,84.2710,0.9142
667,26.680,84.3907,1.3407
668,26.720,84.5029,1.1171
669,26.760,84.5730,0.8867
670,26.800,84.4953,1.2483
671,26.840,84.3767,1.8335
672,26.880,84.3733,1.4631
673,26.920,84.5102,1.6555
674,26.960,84.4812,1.9688
675,27.000,84.4964,1.2259
676,27.040,84.6009,1.1772
677,27.080,84.5711,1.0447
678,27.120,84.4322,0.6899
679,27.160,84.3994,0.5631
680,27.200,84.5074,1.0705
681,27.240,84.3599,1.7302
682,27.280,84.4109,1.4192
683,27.320,84.4117,1.7558
684,27.360,84.3521,1.5397
685,27.400,84.5387,1.7067
686,27.440,84.5565,0.6790
687,27.480,84.4851,0.7371
688,27.520,84.3749,1.7803
689,27.560,84.3985,1.4988
690,27.600,85.3963,2.6391
691,27.640,85.7368,1.8499
692,27.680,86.1575,2.1204
693,27.720,86.1547,1.3686
694,27.760,86.1484,0.8388
695,27.800,86.2707,1.2997
696,27.840,85.9972,2.2088
697,27.880,86.1223,1.5444
698,27.920,86.2165,1.9338
699,27.960,86.1709,1.8506
700,28.000,86.4302,2.0351
701,28.040,86.1999,1.9511
702,28.080,86.2803,1.7745
703,28.120,86.5170,2.0247
704,28.160,86.6831,1.9793
705,28.200,86.7306,1.9581
706,28.240,86.7843,1.1622
707,28.280,86.7514,1.2315
708,28.320,86.7504,0.8540
709,28.360,86.8281,1.1642
710,28.400,86.9560,1.2721
711,28.440,86.7926,1.9013
712,28.480,86.9961,2.0849
713,28.520,86.6579,2.1543
714,28.560,86.7903,2.1743
715,28.600,86.8492,1.4586
716,28.640,86.9637,1.5103
717,28.680,87.0035,1.2644
718,28.720,87.1667,0.5847
719,28.760,86.8553,1.3292
720,28.800,100.2115,36.9334
721,28.840,99.0432,5.5251
722,28.880,98.2352,5.6199
723,28.920,96.5358,6.7219
724,28.960,94.0903,8.8400
725,29.000,91.3206,10.1201
726,29.040,85.8103,11.1977
727,29.080,78.6387,11.5994
728,29.120,69.9978,13.5968
729,29.160,61.3729,15.4994
730,29.200,57.2545,16.5477
731,29.240,57.3061,15.4648
732,29.280,62.0278,18.2410
733,29.320,68.2933,19.9776
734,29.360,77.1083,23.8322
735,29.400,79.0551,19.8501
736,29.440,115.6003,70.1603
737,29.480,122.1457,29.6597
738,29.520,106.7214,34.4761
739,29.560,99.9998,18.6347
740,29.600,106.4217,21.1028
741,29.640,106.3779,25.5322
742,29.680,106.1003,23.9090
743,29.720,103.7044,21.6024
744,29.760,100.5176,15.9749
745,29.800,101.0931,11.9140
746,29.840,100.8830,11.1936
747,29.880,80.0789,52.5056
748,29.920,74.6396,32.7351
749,29.960,60.3621,26.9946
750,30.000,54.5278,17.7407
751,30.040,53.1508,12.2223
752,30.080,53.1401,8.1249
753,30.120,52.4740,5.1749
754,30.160,52.3119,10.7299
755,30.200,52.8241,16.6269
756,30.240,52.2569,16.5419
757,30.280,51.9816,13.2801
758,30.320,51.3201,13.2999
759,30.360,52.4072,11.7112
760,30.400,54.0591,15.0656
761,30.440,54.8586,14.8742
762,30.480,55.2751,10.8815
763,30.520,55.8630,8.2846
764,30.560,55.3592,8.5139
765,30.600,55.1953,6.4639
766,30.640,55.2221,4.7360
767,30.680,55.5408,7.8129
768,30.720,54.7152,7.3544
769,30.760,54.4354,7.9619
770,30.800,53.5067,8.6535
771,30.840,53.2590,6.6580
772,30.880,91.9382,53.5217
773,30.920,91.9683,10.7083
774,30.960,94.2615,10.2136
775,31.000,92.5426,10.9841
776,31.040,94.4969,11.3108
777,31.080,95.4055,13.5367
778,31.120,93.8273,13.4007
779,31.160,93.5657,7.0160
780,31.200,94.2099,11.9528
781,31.240,96.8903,22.0815
782,31.280,94.9240,29.1481
783,31.320,91.3947,22.6931
784,31.360,90.9215,13.8219
785,31.400,89.8652,10.6195
786,31.440,90.4412,10.2112
787,31.480,91.6211,16.1014
788,31.520,90.7781,17.3625
789,31.560,90.0873,16.0049
790,31.600,88.7252,13.5512
791,31.640,88.0817,11.1974
792,31.680,88.5669,10.6733
793,31.720,86.6549,9.0518
794,31.760,87.3492,8.2895
795,31.800,88.1452,8.7497
796,31.840,89.1927,11.4024
797,31.880,89.9476,14.7814
798,31.920,92.0576,16.7089
799,31.960,92.1636,17.5383
800,32.000,96.0929,15.8306
801,32.040,98.3369,12.0040
802,32.080,99.7499,12.6803
803,32.120,97.5103,11.5009
804,32.160,98.5208,6.8276
805,32.200,100.8156,8.8501
806,32.240,101.9247,11.9982
807,32.280,102.0825,12.8574
808,32.320,101.2322,14.0174
809,32.360,100.6656,13.8826
810,32.400,100.1778,14.8562
811,32.440,99.9034,17.5090
812,32.480,101.1035,17.7264
813,32.520,99.5425,16.5372
814,32.560,99.8902,12.8553
815,32.600,99.8516,12.5124
816,32.640,100.1147,13.8462
817,32.680,100.6133,14.4072
818,32.720,84.9891,31.8451
819,32.760,84.8008,1.7926
820,32.800,84.9748,1.6828
821,32.840,84.6968,2.2855
822,32.880,84.9864,2.1125
823,32.920,84.8938,1.7430
824,32.960,85.1189,1.5283
825,33.000,85.1270,1.9377
826,33.040,85.2000,0.9302
827,33.080,85.0233,1.1864
828,33.120,85.1856,1.3561
829,33.160,85.2289,1.1035
830,33.200,84.9578,1.4750
831,33.240,84.9096,1.9310
832,33.280,84.6826,2.0356
833,33.320,84.8731,1.9810
834,33.360,84.9426,2.0192
835,33.400,84.9992,1.4717
836,33.440,84.9334,0.9649
837,33.480,84.9695,1.2728
838,33.520,84.8017,1.2925
839,33.560,84.6878,1.3003
840,33.600,84.7538,1.4037
841,33.640,84.7845,2.0768
842,33.680,84.8348,1.8790
843,33.720,84.6462,1.9429
844,33.760,84.7553,1.7313
845,33.800,84.9658,1.6665
846,33.840,85.1729,0.9422
847,33.880,85.0872,0.8859
848,33.920,85.0572,1.5906
849,33.960,85.1926,1.6210
850,34.000,85.3255,1.7594
851,34.040,85.2771,1.7727
852,34.080,85.4097,1.5737
853,34.120,85.5753,1.2256
854,34.160,92.2736,28.5231
855,34.200,92.6108,4.6426
856,34.240,91.0849,5.9706
857,34.280,90.8577,5.2176
858,34.320,90.5019,5.5743
859,34.360,90.5169,5.2351
860,34.400,90.4495,5.6080
861,34.440,89.9903,6.3201
862,34.480,89.6544,5.4673
863,34.520,89.6448,4.7787
864,34.560,90.4247,5.4363
865,34.600,89.9131,5.6792
866,34.640,90.0106,5.7208
867,34.680,90.2369,6.3426
868,34.720,91.2854,6.5370
869,34.760,90.9945,6.3588
870,34.800,90.9774,5.3183
871,34.840,90.9171,6.4072
872,34.880,90.4620,4.7809
873,34.920,89.9283,3.4844
874,34.960,89.9060,3.8260
875,35.000,90.8903,4.1485
876,35.040,90.1403,3.3387
877,35.080,89.8178,2.6719
878,35.120,89.4841,3.5606
879,35.160,89.2999,3.4825
880,35.200,89.0844,2.7018
881,35.240,88.3768,4.8773
882,35.280,88.0761,4.4693
883,35.320,86.6807,5.8581
884,35.360,87.4690,4.8196
885,35.400,87.0422,5.9181
886,35.440,87.7860,6.1393
887,35.480,88.4442,5.8655
888,35.520,88.7469,7.5362
889,35.560,89.4324,6.9721
890,35.600,90.3017,7.0133
891,35.640,90.8731,6.4419
892,35.680,54.3867,53.9128
893,35.720,61.7850,29.8064
894,35.760,71.9606,30.9189
895,35.800,77.9076,29.3196
896,35.840,76.9809,22.2520
897,35.880,77.1409,16.4662
898,35.920,76.4106,12.5162
899,35.960,76.6558,16.6952
900,36.000,76.7558,8.1660
901,36.040,75.0422,11.0928
902,36.080,73.2760,9.3026
903,36.120,71.7237,19.1865
904,36.160,73.6785,26.1674
905,36.200,71.0292,13.8306
906,36.240,69.7435,14.6542
907,36.280,72.0289,20.3847
908,36.320,73.5308,18.1960
909,36.360,74.1040,17.0409
910,36.400,74.9828,13.4232
911,36.440,74.5417,11.0237
912,36.480,73.1658,10.2542
913,36.520,70.9772,16.0970
914,36.560,68.3769,16.4598
915,36.600,65.5736,17.0517
916,36.640,63.6055,19.5608
917,36.680,61.9259,24.0594
918,36.720,59.5311,18.5022
919,36.760,58.2876,18.4829
920,36.800,54.7679,13.8812
921,36.840,55.8386,13.8267
922,36.880,57.0876,18.9301
923,36.920,73.6924,30.0228
924,36.960,105.3762,47.2161
925,37.000,98.1931,40.4101
926,37.040,95.8124,35.9087
927,37.080,87.3378,31.0877
928,37.120,98.7320,25.6326
929,37.160,90.3104,24.0363
930,37.200,103.4246,20.1365
931,37.240,95.1159,21.0101
932,37.280,108.9615,26.5081
933,37.320,96.2092,30.8281
934,37.360,104.1735,28.9665
935,37.400,93.5646,18.5901
936,37.440,103.5876,15.6610
937,37.480,93.2039,17.2190
938,37.520,102.8287,19.0056
939,37.560,90.9960,19.5556
940,37.600,102.1140,19.0853
941,37.640,89.9354,22.2066
942,37.680,99.4206,23.2733
943,37.720,90.0588,21.3356
944,37.760,100.0839,17.0813
945,37.800,88.6923,14.0970
946,37.840,100.6760,13.3854
947,37.880,91.2388,21.4843
948,37.920,101.0654,24.8301
949,37.960,88.8213,21.8740
950,38.000,100.4763,18.3308
951,38.040,90.1700,21.9444
952,38.080,103.5119,18.3760
953,38.120,93.7415,17.6830
954,38.160,105.5649,16.5035
955,38.200,96.7662,16.2851
956,38.240,109.2032,20.0256
957,38.280,100.9266,25.0451
958,38.320,111.4285,28.1222
959,38.360,108.2676,28.4681
960,38.400,99.5914,43.0848
961,38.440,89.6047,13.3210
962,38.480,99.8011,12.9947
963,38.520,90.1678,12.5451
964,38.560,100.5139,12.5408
965,38.600,91.5583,12.7897
966,38.640,101.3428,11.8483
967,38.680,92.1511,11.8669
968,38.720,101.7945,12.4917
969,38.760,92.5110,11.9535
970,38.800,101.4699,11.8672
971,38.840,92.8960,11.9627
972,38.880,101.8036,11.9300
973,38.920,60.5417,47.0585
974,38.960,74.2094,23.3519
975,39.000,64.7399,23.5786
976,39.040,77.4552,22.2696
977,39.080,66.8115,19.8379
978,39.120,79.1434,17.8687
979,39.160,68.9181,18.6221
980,39.200,81.6503,21.2207
981,39.240,71.9664,20.4119
982,39.280,73.2532,9.8753
983,39.320,73.4131,6.1396
984,39.360,74.1948,5.6019
985,39.400,75.2701,7.0485
986,39.440,76.6893,8.5054
987,39.480,78.3899,9.1633
988,39.520,78.5113,6.7747
989,39.560,79.1435,3.7856
990,39.600,79.6805,2.6706
991,39.640,80.4316,4.5611
992,39.680,82.1446,5.6555
993,39.720,81.7363,5.6638
994,39.760,81.8834,5.0849
995,39.800,83.7296,6.5133
996,39.840,93.6497,44.7484
997,39.880,92.9731,7.2315
998,39.920,91.7635,7.4854
999,39.960,91.1687,6.8478
1000,40.000,91.1997,6.0941
1001,40.040,90.5771,6.2753
1002,40.080,91.1808,5.1350
1003,40.120,91.4727,5.0570
1004,40.160,91.3124,5.2934
1005,40.200,91.2935,4.2231
1006,40.240,91.6542,3.2713
1007,40.280,92.1634,3.4711
1008,40.320,91.4623,4.0869
1009,40.360,90.4108,5.2195
1010,40.400,89.2741,5.7208
1011,40.440,87.8144,5.1286
1012,40.480,87.3576,5.2906
1013,40.520,86.2835,5.3703
1014,40.560,85.8363,4.7032
1015,40.600,85.5974,5.3951
1016,40.640,85.5693,4.7316
1017,40.680,84.8404,3.7093
1018,40.720,84.3857,3.5514
1019,40.760,84.9290,3.6460
1020,40.800,84.6052,2.8628
1021,40.840,84.0379,3.2969
1022,40.880,84.5469,3.7490
1023,40.920,86.3498,5.3504
1024,40.960,85.9802,3.6033
1025,41.000,85.6222,5.0283
1026,41.040,91.1726,28.7402
1027,41.080,91.0301,5.5347
1028,41.120,90.9760,7.0909
1029,41.160,90.2144,5.7483
1030,41.200,89.3759,5.3426
1031,41.240,89.5617,4.6223
1032,41.280,88.9406,4.4417
1033,41.320,89.3523,3.9775
1034,41.360,92.8936,9.6630
1035,41.400,93.9907,4.2775
1036,41.440,92.8261,4.1735
1037,41.480,94.6322,4.2362
1038,41.520,92.9256,4.4429
1039,41.560,95.3481,5.6018
1040,41.600,94.6620,5.8519
1041,41.640,97.3854,6.3727
1042,41.680,95.6982,5.7103
1043,41.720,94.0303,10.2581
1044,41.760,93.2744,5.3606
1045,41.800,94.4858,6.0229
1046,41.840,93.6115,6.1978
1047,41.880,94.6526,6.9461
1048,41.920,93.9410,6.6780
1049,41.960,94.5343,6.5813
1050,42.000,93.2267,6.8494
1051,42.040,94.5085,6.9651
1052,42.080,93.0517,6.9524
1053,42.120,94.3617,6.7981
1054,42.160,96.7923,11.1902
1055,42.200,100.1822,8.5119
1056,42.240,95.9219,8.6720
1057,42.280,99.3134,9.1983
1058,42.320,95.6201,9.7113
1059,42.360,100.1547,10.2967
1060,42.400,95.1211,10.4678
1061,42.440,99.5323,9.8985
1062,42.480,94.9782,9.2226
1063,42.520,100.1449,8.6674
1064,42.560,94.5313,8.9038
1065,42.600,99.5864,9.0714
1066,42.640,93.6526,9.2538
1067,42.680,99.5006,9.0366
1068,42.720,92.9138,9.2338
1069,42.760,99.1830,9.3031
1070,42.800,92.3278,9.0722
1071,42.840,99.1779,9.4282
1072,42.880,91.9779,9.0536
1073,42.920,99.0324,9.0630
1074,42.960,91.4015,8.7906
1075,43.000,99.2046,9.3522
1076,43.040,91.5258,9.2674
1077,43.080,99.5617,9.3663
1078,43.120,91.3956,9.5312
1079,43.160,99.6496,10.0790
1080,43.200,90.7581,10.1403
1081,43.240,100.4006,10.5387
1082,43.280,90.5310,10.7271
1083,43.320,100.4114,10.9324
1084,43.360,90.6585,10.7465
1085,43.400,100.7278,11.0483
1086,43.440,91.1301,11.6778
1087,43.480,101.4026,12.1457
1088,43.520,90.7588,11.8076
1089,43.560,102.5315,12.9762
1090,43.600,90.8319,12.9064
1091,43.640,102.2525,12.3606
1092,43.680,91.7655,13.0549
1093,43.720,102.7747,13.5728
1094,43.760,91.0327,13.4955
1095,43.800,103.0551,13.1611
1096,43.840,90.9816,13.5028
1097,43.880,103.5243,13.9209
1098,43.920,90.9797,13.5889
1099,43.960,103.6095,14.0242
1100,44.000,90.8695,14.0158
1101,44.040,103.6851,14.1251
1102,44.080,87.9366,31.5831
1103,44.120,100.6742,13.1167
1104,44.160,87.9410,13.1556
1105,44.200,100.7855,13.2003
1106,44.240,88.0595,13.2889
1107,44.280,101.0987,13.5903
1108,44.320,88.1603,13.6234
1109,44.360,101.3302,13.5994
1110,44.400,88.1290,13.6792
1111,44.440,101.3085,13.6833
1112,44.480,88.0822,13.7475
1113,44.520,101.1562,13.6895
1114,44.560,87.9878,13.7020
1115,44.600,101.1804,13.7868
1116,44.640,96.4956,25.7911
1117,44.680,82.6992,14.4319
1118,44.720,94.8574,12.7858
1119,44.760,82.7101,12.9218
1120,44.800,93.3633,11.2722
1121,44.840,82.6681,11.4378
1122,44.880,92.5347,10.5158
1123,44.920,82.7059,10.5690
1124,44.960,91.0481,8.8522
1125,45.000,83.0347,8.9766
1126,45.040,89.5686,7.2624
1127,45.080,83.0743,7.4139
1128,45.120,88.0514,5.6608
1129,45.160,82.8717,5.8729
1130,45.200,86.9281,4.5707
1131,45.240,82.9511,4.7472
1132,45.280,85.3380,3.1698
1133,45.320,83.0285,3.1097
1134,45.360,85.2001,2.7851
1135,45.400,82.9379,2.9369
1136,45.440,84.9974,2.8907
1137,45.480,83.0063,3.0801
1138,45.520,75.2211,46.1210
1139,45.560,73.6310,14.6750
1140,45.600,92.5925,27.2849
1141,45.640,80.0458,25.2268
1142,45.680,95.5159,21.2531
1143,45.720,80.3834,17.6331
1144,45.760,92.3491,16.6983
1145,45.800,78.9599,18.1499
1146,45.840,88.8167,21.2611
1147,45.880,77.3196,23.3189
1148,45.920,85.9660,22.3214
1149,45.960,74.0649,22.8928
1150,46.000,82.4455,21.5722
1151,46.040,73.2701,17.7669
1152,46.080,81.2703,15.3421
1153,46.120,73.9529,17.1828
1154,46.160,78.8908,13.6764
1155,46.200,70.9121,14.3518
1156,46.240,75.5090,12.2255
1157,46.280,68.2662,12.3726
1158,46.320,73.2691,10.1127
1159,46.360,66.3912,10.7116
1160,46.400,72.4758,10.7662
1161,46.440,64.6892,12.0585
1162,46.480,70.9779,10.6372
1163,46.520,63.5340,11.3308
1164,46.560,70.3820,12.1808
1165,46.600,63.2479,12.1147
1166,46.640,69.8989,13.8210
1167,46.680,61.5749,15.3158
1168,46.720,68.2960,13.5902
1169,46.760,60.7305,13.5523
1170,46.800,68.8345,14.9394
1171,46.840,61.4783,15.3685
1172,46.880,69.5042,16.3515
1173,46.920,62.0673,11.5343
1174,46.960,61.8710,6.9018
1175,47.000,61.7946,7.2620
1176,47.040,62.7104,8.3865
1177,47.080,64.0700,11.1713
1178,47.120,65.6143,11.6410
1179,47.160,66.8335,11.5142
1180,47.200,67.4244,11.4260
1181,47.240,67.8944,9.7126
1182,47.280,67.7622,7.5478
1183,47.320,82.1058,50.6291
1184,47.360,82.0890,0.9294
1185,47.400,82.0690,1.0141
1186,47.440,82.0694,0.8313
1187,47.480,82.0501,0.8449
1188,47.520,82.1569,0.7983
1189,47.560,83.0458,1.6126
1190,47.600,82.9805,0.7937
1191,47.640,83.0565,0.7814
1192,47.680,83.0232,0.8553
1193,47.720,83.1140,0.7382
1194,47.760,83.2261,0.7667
1195,47.800,83.2574,0.7546
1196,47.840,83.4525,0.9481
1197,47.880,83.3221,0.9601
1198,47.920,83.3408,0.7611
1199,47.960,83.9307,1.2515
1200,48.000,83.8037,0.8081
1201,48.040,83.8771,0.8374
1202,48.080,84.1281,0.7712
1203,48.120,84.0617,0.7454
1204,48.160,84.1742,0.6291
1205,48.200,84.5538,1.0331
1206,48.240,84.7331,0.7658
1207,48.280,84.7868,0.8070
1208,48.320,84.7744,0.8566
1209,48.360,84.8352,0.6954
1210,48.400,84.9019,0.7317
1211,48.440,84.9208,0.6469
1212,48.480,84.7948,0.7813
1213,48.520,84.9774,0.7390
1214,48.560,84.8710,0.7110
1215,48.600,84.9513,0.7406
1216,48.640,69.2335,47.3912
1217,48.680,69.4992,6.4265
1218,48.720,69.9701,6.7495
1219,48.760,70.5358,6.3469
1220,48.800,70.6199,4.9633
1221,48.840,70.9949,4.8055
1222,48.880,71.5157,4.4976
1223,48.920,71.8161,4.4083
1224,48.960,71.6498,4.2251
1225,49.000,71.7188,3.4592
1226,49.040,71.8008,2.5839
1227,49.080,71.6945,3.0495
1228,49.120,71.3068,4.3042
1229,49.160,71.0071,6.2932
1230,49.200,70.3653,7.0213
1231,49.240,69.8277,6.4171
1232,49.280,69.3187,4.3126
1233,49.320,69.0830,2.4951
1234,49.360,69.2178,3.5240
1235,49.400,69.0165,3.5881
1236,49.440,68.9479,3.4204
1237,49.480,68.9765,3.8672
1238,49.520,68.9036,4.2381
1239,49.560,68.7430,4.1581
1240,49.600,69.0414,3.8322
1241,49.640,68.9750,5.5665
1242,49.680,69.2786,5.0963
1243,49.720,69.5924,4.8572
1244,49.760,70.0079,7.1704
1245,49.800,70.4917,7.5283
1246,49.840,71.4666,8.4703
1247,49.880,72.5588,7.9510
1248,49.920,72.5067,8.2070
1249,49.960,72.1653,4.0601
1250,50.000,70.7599,5.2106
1251,50.040,69.5288,6.2291
1252,50.080,68.6456,6.4941
1253,50.120,68.1999,7.0590
1254,50.160,67.8491,7.8397
1255,50.200,67.5465,8.7315
1256,50.240,67.2931,9.2040
1257,50.280,67.8369,11.2675
1258,50.320,68.5202,11.0136
1259,50.360,69.8810,8.5316
1260,50.400,77.8005,47.9438
1261,50.440,78.5239,20.4940
1262,50.480,79.5376,18.5035
1263,50.520,81.8612,16.4367
1264,50.560,83.4552,14.8933
1265,50.600,83.8117,13.0657
1266,50.640,84.2428,10.5578
1267,50.680,84.5609,8.4647
1268,50.720,85.0566,7.4160
1269,50.760,86.2831,6.7181
1270,50.800,84.7824,6.3659
1271,50.840,84.6614,5.7062
1272,50.880,82.8559,5.3028
1273,50.920,81.6791,5.3465
1274,50.960,80.0947,6.1790
1275,51.000,79.5928,5.6310
1276,51.040,77.7102,7.4394
1277,51.080,76.2255,7.5150
1278,51.120,75.0952,7.7336
1279,51.160,73.9475,8.8034
1280,51.200,72.2092,8.9588
1281,51.240,71.1149,8.9418
1282,51.280,70.1497,7.9226
1283,51.320,70.0576,11.7099
1284,51.360,69.7551,14.8688
1285,51.400,88.1150,36.5967
1286,51.440,87.7197,4.8760
1287,51.480,87.8283,5.1102
1288,51.520,88.2094,5.0935
1289,51.560,88.1240,5.1791
1290,51.600,87.9081,3.8531
1291,51.640,87.9272,4.3023
1292,51.680,88.0590,3.9789
1293,51.720,88.3397,4.1510
1294,51.760,87.7330,4.2924
1295,51.800,87.7297,4.4338
1296,51.840,87.8045,4.6110
1297,51.880,87.8234,4.7571
1298,51.920,87.6034,4.8385
1299,51.960,87.8111,4.9948
1300,52.000,88.4388,5.6208
1301,52.040,87.8501,5.4059
1302,52.080,88.0820,5.3453
1303,52.120,132.9903,69.0962
1304,52.160,121.1877,12.5074
1305,52.200,129.9452,9.8867
1306,52.240,120.8620,10.0375
1307,52.280,129.2102,9.2599
1308,52.320,121.0470,9.0208
1309,52.360,129.3018,9.1242
1310,52.400,120.9530,9.4194
1311,52.440,129.7031,9.6028
1312,52.480,120.9792,9.5483
1313,52.520,131.7308,11.4923
1314,52.560,121.0294,11.2576
1315,52.600,127.1872,7.0128
1316,52.640,120.9026,6.9653
1317,52.680,127.2178,7.2436
1318,52.720,121.0789,7.0542
1319,52.760,75.1853,88.7021
1320,52.800,77.9087,43.0859
1321,52.840,88.3631,24.9102
1322,52.880,83.7479,11.8815
1323,52.920,90.3515,10.8389
1324,52.960,83.7904,13.0624
1325,53.000,88.0361,9.6792
1326,53.040,81.9584,9.2985
1327,53.080,85.2510,9.5425
1328,53.120,78.6153,11.7954
1329,53.160,80.1285,10.6140
1330,53.200,73.1108,11.7067
1331,53.240,74.5779,9.4811
1332,53.280,70.2342,6.9196
1333,53.320,78.1057,11.2000
1334,53.360,81.8107,14.6137
1335,53.400,94.2642,21.9328
1336,53.440,98.2849,19.8611
1337,53.480,104.9132,11.7358
1338,53.520,103.8391,7.5791
1339,53.560,108.9180,8.0663
1340,53.600,108.0908,9.1416
1341,53.640,122.9643,75.6297
1342,53.680,126.0870,3.8242
1343,53.720,123.6924,4.2385
1344,53.760,123.6613,1.9097
1345,53.800,124.6599,2.1831
1346,53.840,129.7021,6.7344
1347,53.880,127.5101,3.2992
1348,53.920,127.6958,1.3136
1349,53.960,127.8706,1.5346
1350,54.000,129.1409,3.4965
1351,54.040,130.1683,2.7055
1352,54.080,130.5208,1.7174
1353,54.120,130.7328,2.0728
1354,54.160,130.8440,2.3397
1355,54.200,128.6937,3.5762
1356,54.240,128.1881,6.4514
1357,54.280,130.8158,4.3429
1358,54.320,131.7013,3.9914
1359,54.360,133.0126,2.6903
1360,54.400,129.2764,5.9936
1361,54.440,130.3244,3.3847
1362,54.480,130.4037,1.6837
1363,54.520,129.8730,3.7406
1364,54.560,133.9949,6.0824
1365,54.600,129.7135,6.5983
1366,54.640,130.7223,2.5722
1367,54.680,130.1955,3.4253
1368,54.720,130.3651,2.1988
1369,54.760,130.3976,4.0275
1370,54.800,133.5413,4.6028
1371,54.840,130.9565,4.3682
1372,54.880,133.4095,4.4765
1373,54.920,75.2840,69.1251
1374,54.960,75.2112,17.8194
1375,55.000,74.8997,17.7082
1376,55.040,74.1053,18.3565
1377,55.080,72.8882,18.5462
1378,55.120,71.5726,24.1672
1379,55.160,69.7307,16.6972
1380,55.200,71.2152,13.1277
1381,55.240,72.8897,10.8293
1382,55.280,74.0146,10.3480
1383,55.320,74.8532,14.7450
1384,55.360,76.7103,16.7937
1385,55.400,77.1391,12.7508
1386,55.440,76.7021,9.1619
1387,55.480,77.7842,4.9915
1388,55.520,76.9605,7.4705
1389,55.560,76.5031,8.6216
1390,55.600,77.5678,9.9406
1391,55.640,76.9224,14.2032
1392,55.680,76.0442,11.2227
1393,55.720,77.0158,8.1511
1394,55.760,75.9951,7.2335
1395,55.800,75.2309,6.5922
1396,55.840,75.4869,5.0766
1397,55.880,74.6895,6.4402
1398,55.920,75.2109,6.2314
1399,55.960,75.9021,6.9272
1400,56.000,74.6549,6.2328
1401,56.040,74.5847,7.9485
1402,56.080,74.0488,6.0728
1403,56.120,74.6601,7.1638
1404,56.160,74.7876,8.9840
1405,56.200,74.9503,7.2789
1406,56.240,75.9247,10.1889
1407,56.280,77.9523,9.2806
1408,56.320,77.4914,7.4817
1409,56.360,99.6240,40.3545
1410,56.400,99.8260,4.6087
1411,56.440,98.5400,4.0441
1412,56.480,97.6735,4.7296
1413,56.520,96.8317,4.6020
1414,56.560,96.8760,4.0686
1415,56.600,97.7144,4.6681
1416,56.640,97.7598,4.8726
1417,56.680,98.9467,4.9665
1418,56.720,100.8078,5.2140
1419,56.760,101.7811,5.2802
1420,56.800,103.4012,4.5473
1421,56.840,106.3353,6.4268
1422,56.880,107.0665,5.6746
1423,56.920,107.0219,6.0228
1424,56.960,108.1081,5.8931
1425,57.000,108.6170,5.6780
1426,57.040,108.7830,4.8362
1427,57.080,109.0718,5.8413
1428,57.120,109.4940,5.3649
1429,57.160,109.5509,4.4241
1430,57.200,110.2431,4.9825
1431,57.240,111.7997,6.3124
1432,57.280,110.4155,6.3264
1433,57.320,129.3394,57.3515
1434,57.360,129.9753,15.3058
1435,57.400,123.8153,12.3267
1436,57.440,129.3944,10.7692
1437,57.480,120.7381,10.7077
1438,57.520,130.9900,11.8435
1439,57.560,124.4392,9.2565
1440,57.600,132.3640,9.7167
1441,57.640,124.3430,11.3401
1442,57.680,127.1706,9.4768
1443,57.720,121.5956,7.3488
1444,57.760,130.4134,10.5117
1445,57.800,121.2634,10.7144
1446,57.840,128.2593,8.8152
1447,57.880,126.3621,7.0136
1448,57.920,124.6540,8.9195
1449,57.960,121.9112,6.4777
1450,58.000,124.7181,4.7726
1451,58.040,121.6932,5.6964
1452,58.080,127.1528,7.3015
1453,58.120,121.9791,7.1103
1454,58.160,122.9414,3.0159
1455,58.200,99.1367,70.4612
1456,58.240,99.6842,10.8235
1457,58.280,95.9652,13.2023
1458,58.320,94.4331,18.1238
1459,58.360,85.7188,22.3517
1460,58.400,97.5393,31.7477
1461,58.440,80.7017,27.6542
1462,58.480,94.7710,24.4002
1463,58.520,79.0379,24.3322
1464,58.560,91.0677,19.7052
1465,58.600,77.1348,20.0801
1466,58.640,88.1990,20.1406
1467,58.680,76.2600,19.2942
1468,58.720,85.5722,18.6112
1469,58.760,74.1272,20.4215
1470,58.800,83.1485,20.5251
1471,58.840,72.0862,19.0552
1472,58.880,79.1130,17.3399
1473,58.920,70.6358,16.1470
1474,58.960,78.2142,18.4163
1475,59.000,71.0858,16.2689
1476,59.040,76.7818,16.2841
1477,59.080,70.8996,14.6478
1478,59.120,76.9169,11.9113
1479,59.160,69.9562,15.0290
1480,59.200,76.2410,15.1793
1481,59.240,70.8130,15.7941
1482,59.280,77.3428,14.5328
1483,59.320,71.1401,15.4715
1484,59.360,77.6155,15.8195
1485,59.400,70.4851,12.0374
1486,59.440,76.4320,12.3479
1487,59.480,68.5347,14.4076
1488,59.520,75.4114,13.6808
1489,59.560,67.9153,13.7827
1490,59.600,75.0742,15.1170
1491,59.640,67.7444,16.2553
1492,59.680,67.8751,9.0490
1493,59.720,67.5576,10.1797
1494,59.760,67.4874,9.6556
1495,59.800,66.7109,9.5730
1496,59.840,66.9776,9.1330
1497,59.880,65.6883,8.3218
1498,59.920,65.6606,10.4849
1499,59.960,66.7138,11.4288
1500,60.000,67.3976,11.4352
1501,60.040,68.5316,9.1755
1502,60.080,68.4695,7.4269
1503,60.120,68.7358,8.8594
1504,60.160,67.2204,10.3003
1505,60.200,66.6887,10.9915
1506,60.240,67.6539,10.9726
1507,60.280,68.3660,11.3720
1508,60.320,68.4244,11.1915
1509,60.360,69.5267,12.0761
1510,60.400,68.5725,10.4066
1511,60.440,67.1004,11.4951
1512,60.480,66.2430,9.9503
1513,60.520,65.8915,6.3162
1514,60.560,66.4394,6.2778
1515,60.600,65.6786,4.5950
1516,60.640,66.0101,5.6471
1517,60.680,66.5717,7.6738
1518,60.720,67.4289,9.2968
1519,60.760,67.9124,10.4287
1520,60.800,65.8899,13.4809
1521,60.840,66.1408,8.7472
1522,60.880,65.7890,7.5108
1523,60.920,65.3536,5.7371
1524,60.960,64.7016,4.6424
1525,61.000,64.3372,5.3730
1526,61.040,63.7206,8.4560
1527,61.080,63.3147,8.2490
1528,61.120,63.2876,8.5390
1529,61.160,62.3135,8.5048
1530,61.200,62.0549,8.5032
1531,61.240,61.3257,7.2618
1532,61.280,61.1648,6.9248
1533,61.320,61.5793,6.2044
1534,61.360,61.7924,5.7910
1535,61.400,61.7166,5.1270
1536,61.440,60.6097,9.4710
1537,61.480,60.3525,9.6094
1538,61.520,96.4267,59.3108
1539,61.560,96.8878,13.4321
1540,61.600,77.6447,44.4281
1541,61.640,122.3729,61.1407
1542,61.680,77.6182,60.5218
1543,61.720,122.9823,60.9334
1544,61.760,77.0820,60.9932
1545,61.800,127.0622,64.1254
1546,61.840,76.5835,64.4881
1547,61.880,122.6433,61.0897
1548,61.920,76.7801,60.9325
1549,61.960,124.3283,61.7147
1550,62.000,76.7560,61.9823
1551,62.040,123.8521,61.6373
1552,62.080,76.9411,61.1506
1553,62.120,123.1028,61.0051
1554,62.160,76.3292,61.2808
1555,62.200,127.4774,65.3695
1556,62.240,76.4374,65.1133
1557,62.280,125.3821,62.8015
1558,62.320,75.9239,62.8399
1559,62.360,122.7674,61.0646
1560,62.400,75.9399,61.3068
1561,62.440,122.8287,61.3194
1562,62.480,75.6459,61.1549
1563,62.520,124.2201,61.9745
1564,62.560,76.0586,61.7915
1565,62.600,124.9185,62.3090
1566,62.640,75.5799,62.1119
1567,62.680,126.4109,63.2801
1568,62.720,75.4705,63.4250
1569,62.760,123.1178,60.8678
1570,62.800,75.5222,60.5643
1571,62.840,123.4406,60.6910
1572,62.880,75.7682,60.7232
1573,62.920,123.9045,60.7349
1574,62.960,76.1262,60.6816
1575,63.000,127.1185,62.9978
1576,63.040,77.1006,62.7249
1577,63.080,128.5120,63.9999
1578,63.120,77.2087,64.1345
1579,63.160,126.2872,61.7992
1580,63.200,77.2833,61.6688
1581,63.240,124.0844,60.6380
1582,63.280,77.6522,60.5450
1583,63.320,123.2773,60.0319
1584,63.360,77.3114,59.8022
1585,63.400,123.1649,60.0711
1586,63.440,77.4853,59.9485
1587,63.480,123.7892,60.1651
1588,63.520,76.8665,60.2665
1589,63.560,123.8922,60.3006
1590,63.600,76.4433,60.2261
1591,63.640,123.7608,59.9860
1592,63.680,76.2410,60.2565
1593,63.720,123.0485,59.9803
1594,63.760,76.0635,60.1428
1595,63.800,122.8749,59.9224
1596,63.840,76.2956,59.9435
1597,63.880,123.0861,59.8059
1598,63.920,76.9949,59.7047
1599,63.960,58.0299,47.7823
1600,64.000,57.8477,4.8742
1601,64.040,60.3609,9.9496
1602,64.080,62.5306,17.0432
1603,64.120,58.8923,17.3833
1604,64.160,52.4268,14.9174
1605,64.200,50.2185,10.0904
1606,64.240,51.3292,7.5940
1607,64.280,52.0649,8.2185
1608,64.320,51.7403,7.6158
1609,64.360,50.6383,5.7601
1610,64.400,49.7928,4.8110
1611,64.440,49.2953,3.3799
1612,64.480,48.8540,4.5951
1613,64.520,48.4838,3.2200
1614,64.560,47.8028,4.0097
1615,64.600,47.2675,5.3192
1616,64.640,46.3927,5.5088
1617,64.680,46.7248,7.0213
1618,64.720,48.1944,9.3710
1619,64.760,49.8939,9.8059
1620,64.800,52.8268,11.2228
1621,64.840,56.4359,11.3253
1622,64.880,59.4785,9.9482
1623,64.920,62.6536,9.8287
1624,64.960,65.8559,9.5328
1625,65.000,67.9744,8.7294
1626,65.040,70.3528,8.8018
1627,65.080,72.2650,7.8777
1628,65.120,73.3983,6.2547
1629,65.160,89.5038,43.3769
1630,65.200,88.5010,3.4093
1631,65.240,88.5974,4.0451
1632,65.280,88.5036,3.1187
1633,65.320,87.7469,3.2064
1634,65.360,87.8624,3.1521
1635,65.400,87.9583,2.4695
1636,65.440,88.6430,3.3942
1637,65.480,89.3204,3.0802
1638,65.520,89.1454,3.2603
1639,65.560,88.8444,4.0808
1640,65.600,89.6571,4.1787
1641,65.640,89.2201,4.4362
1642,65.680,88.3195,4.8340
1643,65.720,88.5851,5.3695
1644,65.760,88.7310,25.2481
1645,65.800,91.1612,13.4885
1646,65.840,90.0813,17.7419
1647,65.880,83.6912,16.7638
1648,65.920,80.5244,13.6838
1649,65.960,78.4185,13.6404
1650,66.000,75.7697,12.9082
1651,66.040,74.2078,10.8872
1652,66.080,73.6349,10.8350
1653,66.120,72.0926,12.1351
1654,66.160,70.5731,12.2422
1655,66.200,68.9457,11.2830
1656,66.240,67.3310,8.7797
1657,66.280,65.8629,5.6386
1658,66.320,63.8005,8.5031
1659,66.360,61.3102,8.5501
1660,66.400,60.1178,9.3562
1661,66.440,58.5168,11.9652
1662,66.480,57.5006,14.6719
1663,66.520,56.9159,16.3314
1664,66.560,59.3086,17.6113
1665,66.600,62.9603,15.4098
1666,66.640,65.6665,16.0039
1667,66.680,67.0158,17.3980
1668,66.720,66.1147,17.8711
1669,66.760,64.0370,18.9259
1670,66.800,61.9771,18.8527
1671,66.840,57.9522,17.0736
1672,66.880,55.1947,13.6448
1673,66.920,52.9103,11.5394
1674,66.960,52.7906,4.6614
1675,67.000,51.5733,18.1601
1676,67.040,63.4459,27.4124
1677,67.080,72.5550,15.4512
1678,67.120,87.4095,27.4023
1679,67.160,87.6967,5.9415
1680,67.200,88.6133,6.3060
1681,67.240,87.2210,8.7762
1682,67.280,87.8873,6.2861
1683,67.320,88.6433,6.0575
1684,67.360,88.9801,5.5698
1685,67.400,89.3953,5.1208
1686,67.440,90.6338,5.9553
1687,67.480,90.1822,5.5704
1688,67.520,89.4386,5.9875
1689,67.560,89.4547,4.7213
1690,67.600,88.8724,4.5418
1691,67.640,88.8746,4.6669
1692,67.680,88.9597,4.3427
1693,67.720,89.0149,4.7773
1694,67.760,88.6391,5.7715
1695,67.800,88.3326,7.0263
1696,67.840,87.2981,7.6859
1697,67.880,86.8769,5.7742
1698,67.920,109.5882,66.3253
1699,67.960,102.3508,14.8814
1700,68.000,97.4869,18.9520
1701,68.040,90.9817,20.1985
1702,68.080,84.8316,20.9283
1703,68.120,88.3390,22.6787
1704,68.160,89.3397,23.0199
1705,68.200,91.8194,19.0287
1706,68.240,94.2999,14.3567
1707,68.280,95.8558,11.4278
1708,68.320,97.8290,9.7583
1709,68.360,99.4881,7.7914
1710,68.400,100.6474,5.9945
1711,68.440,102.4024,7.0169
1712,68.480,108.0170,10.8799
1713,68.520,104.6658,11.4608
1714,68.560,106.0591,6.4610
1715,68.600,110.8160,8.9257
1716,68.640,109.2071,7.4902
1717,68.680,110.0497,5.2763
1718,68.720,111.4089,4.1788
1719,68.760,115.0620,7.3692
1720,68.800,110.8735,7.7616
1721,68.840,110.0964,4.7139
1722,68.880,108.8133,5.2437
1723,68.920,107.0658,5.0362
1724,68.960,106.5263,5.6211
1725,69.000,104.3117,7.3523
1726,69.040,103.6842,6.0410
1727,69.080,103.1769,5.7887
1728,69.120,101.9002,5.4979
1729,69.160,103.7656,5.8107
1730,69.200,108.3410,8.5036
1731,69.240,105.7666,8.4419
1732,69.280,107.2771,6.9030
1733,69.320,107.5606,6.2465
1734,69.360,109.7687,6.6180
1735,69.400,108.1376,5.7131
1736,69.440,109.4322,4.0998
1737,69.480,107.9490,4.4160
1738,69.520,113.1119,6.4007
1739,69.560,110.5016,6.9735
1740,69.600,110.1906,4.2480
1741,69.640,112.7301,8.8284
1742,69.680,108.2291,8.9417
1743,69.720,104.7849,8.5074
1744,69.760,62.4919,65.7916
1745,69.800,64.3002,13.2724
1746,69.840,65.6083,12.6222
1747,69.880,67.2267,16.1910
1748,69.920,68.7828,17.0522
1749,69.960,70.4816,15.8635
1750,70.000,71.9852,15.2467
1751,70.040,71.5810,13.5397
1752,70.080,70.5644,11.6766
1753,70.120,70.4462,12.3069
1754,70.160,69.7072,12.3987
1755,70.200,70.8159,12.9611
1756,70.240,69.6449,14.8252
1757,70.280,93.0766,37.4103
1758,70.320,92.6197,2.8392
1759,70.360,66.8131,39.7192
1760,70.400,65.0741,25.8769
1761,70.440,63.8675,25.9383
1762,70.480,62.9281,15.7312
1763,70.520,64.0583,18.4640
1764,70.560,65.5086,19.7583
1765,70.600,69.2336,19.6935
1766,70.640,70.4369,12.8427
1767,70.680,71.4384,10.8718
1768,70.720,68.9614,20.8902
1769,70.760,64.3679,19.2417
1770,70.800,62.4684,13.3826
1771,70.840,63.2472,9.1971
1772,70.880,64.3094,11.1024
1773,70.920,66.6553,14.8870
1774,70.960,69.5797,15.9169
1775,71.000,71.1793,14.4126
1776,71.040,71.7808,14.0793
1777,71.080,71.5959,15.7108
1778,71.120,70.4992,19.3989
1779,71.160,71.1476,25.4640
1780,71.200,77.6244,31.6990
1781,71.240,79.7401,28.9910
1782,71.280,82.0656,23.9610
1783,71.320,82.3287,18.5840
1784,71.360,80.4031,13.8667
1785,71.400,77.2852,10.0395
1786,71.440,76.6915,12.4999
1787,71.480,77.9248,17.0503
1788,71.520,77.7801,17.7206
1789,71.560,76.6622,13.3506
1790,71.600,76.4940,10.6831
1791,71.640,75.1391,13.8153
1792,71.680,73.2784,8.3035
1793,71.720,73.5757,3.7012
1794,71.760,74.6180,9.9547
1795,71.800,75.9069,10.6104
1796,71.840,77.0026,12.0527
1797,71.880,75.7806,16.1208
1798,71.920,76.2189,17.2381
1799,71.960,78.5026,18.2712
1800,72.000,81.1472,19.6876
1801,72.040,81.7397,12.8727
1802,72.080,82.0861,13.5122
1803,72.120,78.4249,18.6297
1804,72.160,70.7497,18.9478
1805,72.200,65.8801,14.4411
1806,72.240,62.7088,15.9522
1807,72.280,61.2101,11.1881
1808,72.320,61.1423,5.5699
1809,72.360,60.3280,6.9321
1810,72.400,59.8600,8.1170
1811,72.440,59.7031,7.7101
1812,72.480,63.3514,15.3466
1813,72.520,65.7979,16.8744
1814,72.560,67.9540,10.7740
1815,72.600,69.1600,7.7033
1816,72.640,70.8069,6.3787
1817,72.680,74.1449,10.5678
1818,72.720,74.9375,11.4339
1819,72.760,75.7623,11.0935
1820,72.800,78.0268,10.6633
1821,72.840,78.1562,8.5590
1822,72.880,77.5874,7.0072
1823,72.920,79.1695,12.6292
1824,72.960,80.2398,16.5847
1825,73.000,67.2856,44.6543
1826,73.040,70.9562,21.4520
1827,73.080,75.1406,22.0121
1828,73.120,78.6525,24.8433
1829,73.160,82.7194,26.2481
1830,73.200,82.7428,21.0038
1831,73.240,82.5278,13.5421
1832,73.280,83.6597,14.1193
1833,73.320,83.6637,10.6959
1834,73.360,85.9826,11.3704
1835,73.400,88.5336,19.3820
1836,73.440,91.1364,25.8118
1837,73.480,86.5051,21.1048
1838,73.520,83.9790,20.5181
1839,73.560,79.0685,23.8133
1840,73.600,73.6921,23.6638
1841,73.640,68.4566,24.7124
1842,73.680,59.0548,23.5529
1843,73.720,48.5680,22.2010
1844,73.760,42.5013,18.3439
1845,73.800,40.0090,19.8881
1846,73.840,55.4888,25.8165
1847,73.880,80.6885,26.8022
1848,73.920,78.9003,5.3545
1849,73.960,82.9217,37.8233
1850,74.000,82.3738,9.7571
1851,74.040,87.4943,9.6340
1852,74.080,85.0466,10.7555
1853,74.120,65.6311,46.2002
1854,74.160,63.7040,18.2581
1855,74.200,56.4981,19.9015
1856,74.240,51.0940,46.7885
1857,74.280,86.9553,58.9799
1858,74.320,107.7438,39.3996
1859,74.360,117.0351,29.2124
1860,74.400,111.8256,17.2567
1861,74.440,104.9417,17.7734
1862,74.480,89.9472,21.3840
1863,74.520,81.7740,22.5112
1864,74.560,69.7835,19.0538
1865,74.600,68.0694,16.6245
1866,74.640,59.2932,22.4526
1867,74.680,59.7995,17.3112
1868,74.720,58.0351,17.1897
1869,74.760,62.7499,15.2088
1870,74.800,65.6221,16.5153
1871,74.840,71.8524,18.8642
1872,74.880,68.3130,27.4773
1873,74.920,65.9155,23.9413
1874,74.960,63.7211,15.8077
1875,75.000,63.2727,5.7076
1876,75.040,61.8497,14.9798
1877,75.080,57.8381,17.4926
1878,75.120,54.2558,17.2337
1879,75.160,54.3433,17.4910
1880,75.200,51.1988,16.2286
1881,75.240,48.3135,17.5741
1882,75.280,42.9675,15.3721
1883,75.320,39.6182,7.6638
1884,75.360,38.2738,6.9860
1885,75.400,36.5263,8.2006
1886,75.440,33.7437,9.1740
1887,75.480,30.3694,10.6331
1888,75.520,27.9006,11.8565
1889,75.560,26.0985,9.9663
1890,75.600,24.3465,6.3810
1891,75.640,25.5549,5.2045
1892,75.680,27.6342,11.6579
1893,75.720,31.2649,15.1930
1894,75.760,36.3146,15.5576
1895,75.800,40.8737,13.6977
1896,75.840,42.9728,6.6806
1897,75.880,44.0172,10.5462
1898,75.920,45.5385,13.6774
1899,75.960,46.1260,14.3717
1900,76.000,45.3179,14.0264
1901,76.040,90.1896,66.1624
1902,76.080,90.5578,6.0272
1903,76.120,90.7707,6.0438
1904,76.160,91.1285,5.7323
1905,76.200,91.6456,6.2396
1906,76.240,91.5374,5.6491
1907,76.280,91.6956,5.5026
1908,76.320,92.1356,5.3442
1909,76.360,92.1729,5.3797
1910,76.400,92.4683,5.2415
1911,76.440,91.8651,5.4641
1912,76.480,102.1869,16.2985
1913,76.520,91.0217,17.9948
1914,76.560,99.7720,18.3581
1915,76.600,87.7081,21.2497
1916,76.640,99.8137,21.4480
1917,76.680,88.0172,21.7997
1918,76.720,95.6320,19.4509
1919,76.760,81.5619,19.0453
1920,76.800,92.4999,16.4317
1921,76.840,79.8606,15.2152
1922,76.880,91.7824,14.8185
1923,76.920,80.9883,17.0092
1924,76.960,94.1058,18.1812
1925,77.000,84.3131,19.1092
1926,77.040,84.4877,41.5319
1927,77.080,72.9425,13.3194
1928,77.120,83.9033,13.2914
1929,77.160,73.0106,12.8153
1930,77.200,84.2144,13.5624
1931,77.240,73.0689,13.6094
1932,77.280,84.4626,13.2247
1933,77.320,73.2692,13.2954
1934,77.360,84.3317,13.0951
1935,77.400,73.4896,12.6441
1936,77.440,84.4521,12.6129
1937,77.480,74.0085,12.7050
1938,77.520,84.9571,12.6254
1939,77.560,74.2588,12.3918
1940,77.600,85.3275,12.9576
1941,77.640,74.5833,12.1599
1942,77.680,85.0651,11.5417
1943,77.720,74.7741,11.5347
1944,77.760,85.2924,11.6683
1945,77.800,74.5940,11.9794
1946,77.840,85.2997,11.6910
1947,77.880,74.7279,11.8614
1948,77.920,85.2251,11.6814
1949,77.960,74.8324,11.4672
1950,78.000,85.1902,11.4566
1951,78.040,74.7760,11.4708
1952,78.080,85.1436,11.4437
1953,78.120,74.9561,11.2744
1954,78.160,85.4958,11.5731
1955,78.200,74.9615,11.6631
1956,78.240,84.9320,11.1761
1957,78.280,74.8983,11.0535
1958,78.320,85.0785,11.2950
1959,78.360,74.9284,11.4579
1960,78.400,85.2298,11.2222
1961,78.440,74.6553,11.8083
1962,78.480,84.7068,11.2424
1963,78.520,74.5960,11.3046
1964,78.560,84.7245,10.9663
1965,78.600,74.6328,11.3556
1966,78.640,85.2930,11.6542
1967,78.680,74.8255,11.6011
1968,78.720,86.1485,12.3739
1969,78.760,74.9844,12.3819
1970,78.800,87.7084,13.6625
1971,78.840,75.2434,13.6403
1972,78.880,89.8819,15.7279
1973,78.920,75.3930,15.5488
1974,78.960,91.9326,17.4456
1975,79.000,75.6647,17.5330
1976,79.040,93.9087,19.4268
1977,79.080,75.7140,19.4322
1978,79.120,105.3613,43.2006
1979,79.160,87.5043,18.2576
1980,79.200,74.8272,39.6169
1981,79.240,82.3622,36.3771
1982,79.280,39.4628,43.4479
1983,79.320,44.8740,19.0910
1984,79.360,44.8391,13.9794
1985,79.400,40.2469,16.2174
1986,79.440,36.1749,12.1682
1987,79.480,34.3235,9.8655
1988,79.520,33.0723,8.6169
1989,79.560,32.8778,11.3218
1990,79.600,36.5626,13.2126
1991,79.640,41.6851,15.5228
1992,79.680,44.0842,15.2672
1993,79.720,45.6249,12.4897
1994,79.760,47.2857,7.6512
1995,79.800,47.6559,4.5841
1996,79.840,48.6075,6.3113
1997,79.880,48.8632,3.5847
1998,79.920,48.7437,3.8890
1999,79.960,48.3064,4.1628
2000,80.000,48.8646,2.3878
2001,80.040,49.2776,4.8788
2002,80.080,49.6751,5.0417
2003,80.120,70.8548,43.7879
2004,80.160,71.9158,5.8135
2005,80.200,72.4350,6.0647
2006,80.240,74.3098,7.8709
2007,80.280,74.1726,7.9517
2008,80.320,76.2095,8.9890
2009,80.360,79.5527,11.3456
2010,80.400,81.6756,12.8497
2011,80.440,83.8101,12.9831
2012,80.480,84.7267,7.3240
2013,80.520,83.6981,26.7949
2014,80.560,89.6037,57.8321
2015,80.600,55.6661,53.7745
2016,80.640,55.8949,17.6508
2017,80.680,56.4714,18.3197
2018,80.720,55.1653,16.8679
2019,80.760,55.8326,12.1358
2020,80.800,56.9692,9.3924
2021,80.840,57.1160,11.3138
2022,80.880,62.4407,21.8256
2023,80.920,80.6215,31.4253
2024,80.960,87.1688,31.0664
2025,81.000,86.1308,10.1153
2026,81.040,85.2174,9.1538
2027,81.080,84.0551,8.2910
2028,81.120,83.3647,7.3607
2029,81.160,82.6086,6.0406
2030,81.200,82.1462,5.1679
2031,81.240,81.5333,7.3501
2032,81.280,93.0248,19.6215
2033,81.320,81.1111,21.3460
2034,81.360,91.4311,22.9276
2035,81.400,78.3363,22.3158
2036,81.440,86.0951,20.8652
2037,81.480,70.3752,25.1199
2038,81.520,76.8415,23.2542
2039,81.560,64.1606,21.5949
2040,81.600,75.0203,22.8306
2041,81.640,66.0885,24.3772
2042,81.680,76.5481,19.2765
2043,81.720,69.3940,14.5387
2044,81.760,60.9993,36.8314
2045,81.800,78.0158,52.1097
2046,81.840,87.8506,47.2565
2047,81.880,75.7338,18.3931
2048,81.920,80.8738,21.3733
2049,81.960,70.5860,24.4297
2050,82.000,70.8344,20.7422
2051,82.040,63.8919,21.4241
2052,82.080,68.2032,20.1438
2053,82.120,64.9519,18.3697
2054,82.160,69.5225,16.2170
2055,82.200,67.9993,19.3410
2056,82.240,67.2794,22.3547
2057,82.280,61.4635,21.8530
2058,82.320,64.3467,20.7072
2059,82.360,60.6412,21.3020
2060,82.400,65.5384,20.5235
2061,82.440,62.9326,18.4560
2062,82.480,64.5255,13.7157
2063,82.520,67.4300,13.0958
2064,82.560,70.5970,15.5855
2065,82.600,73.4286,16.0098
2066,82.640,75.8158,15.0446
2067,82.680,77.7963,12.3664
2068,82.720,78.5044,11.2331
2069,82.760,76.4739,11.3372
2070,82.800,74.5787,10.7746
2071,82.840,71.5555,13.7090
2072,82.880,70.0703,14.3360
2073,82.920,65.9188,14.8395
2074,82.960,63.1124,15.9456
2075,83.000,60.0406,13.2119
2076,83.040,58.3962,7.5742
2077,83.080,61.9279,13.1180
2078,83.120,66.5222,22.5740
2079,83.160,71.3094,20.5390
2080,83.200,75.1317,13.6543
2081,83.240,74.4408,6.5152
2082,83.280,73.4951,9.0837
2083,83.320,72.4835,8.6332
2084,83.360,71.4381,6.4884
2085,83.400,70.2408,5.3344
2086,83.440,70.4524,5.2883
2087,83.480,70.9916,11.1399
2088,83.520,70.8665,14.7490
2089,83.560,70.8240,16.5479
2090,83.600,70.7011,17.5907
2091,83.640,70.3560,18.3637
2092,83.680,70.9835,17.5323
2093,83.720,71.9522,18.6170
2094,83.760,70.0596,16.9344
2095,83.800,69.5815,12.1913
2096,83.840,69.2276,13.9103
2097,83.880,69.2613,6.4083
2098,83.920,68.0660,7.4763
2099,83.960,68.2265,5.7299
2100,84.000,70.9042,17.3290
2101,84.040,70.3276,17.7541
2102,84.080,71.1023,19.1894
2103,84.120,71.7804,11.1549
2104,84.160,74.3453,17.9533
2105,84.200,77.3367,17.8808
2106,84.240,76.2451,18.4989
2107,84.280,75.8431,11.3697
2108,84.320,72.9689,21.5622
2109,84.360,67.0063,22.8697
2110,84.400,57.0608,24.1690
2111,84.440,49.0340,25.6386
2112,84.480,47.9805,24.9274
2113,84.520,98.4104,56.0462
2114,84.560,97.1600,5.2631
2115,84.600,96.9377,3.7866
2116,84.640,97.1203,4.0020
2117,84.680,96.6511,4.2428
2118,84.720,96.5946,4.3708
2119,84.760,96.6227,3.6595
2120,84.800,65.2785,39.7002
2121,84.840,63.7200,12.1901
2122,84.880,61.0196,9.6581
2123,84.920,56.1730,10.3995
2124,84.960,62.8066,19.1489
2125,85.000,55.8002,16.1146
2126,85.040,47.8011,14.5762
2127,85.080,42.2932,12.1340
2128,85.120,38.2767,8.2510
2129,85.160,38.2872,2.3533
2130,85.200,40.0639,3.8956
2131,85.240,40.8614,2.3633
2132,85.280,43.8647,6.7872
2133,85.320,47.2897,9.1849
2134,85.360,53.1885,13.8195
2135,85.400,62.7665,18.8319
2136,85.440,69.7531,16.2678
2137,85.480,73.5397,13.2026
2138,85.520,73.5934,15.3038
2139,85.560,73.0599,15.3244
2140,85.600,71.6481,11.5608
2141,85.640,69.5811,9.2592
2142,85.680,52.8418,22.0679
2143,85.720,49.3022,9.1030
2144,85.760,46.9130,11.4414
2145,85.800,46.1019,5.9343
2146,85.840,46.0871,9.0106
2147,85.880,47.4931,10.7572
2148,85.920,47.5499,8.4677
2149,85.960,47.6642,8.6938
2150,86.000,48.8732,8.8559
2151,86.040,49.9083,7.5117
2152,86.080,51.9674,11.4967
2153,86.120,54.1536,15.0227
2154,86.160,53.4763,16.0988
2155,86.200,51.7219,15.9279
2156,86.240,51.0665,17.8095
2157,86.280,51.6108,18.6571
2158,86.320,50.2808,19.7474
2159,86.360,46.3594,19.6953
2160,86.400,40.9933,17.8777
2161,86.440,35.5153,17.6917
2162,86.480,32.5381,13.4033
2163,86.520,31.2365,8.0490
2164,86.560,30.8056,6.9057
2165,86.600,29.9909,11.2314
2166,86.640,30.4103,15.3024
2167,86.680,30.7069,11.0483
2168,86.720,34.5484,15.5687
2169,86.760,39.1556,14.5747
2170,86.800,39.5345,9.5822
2171,86.840,40.4717,7.8429
2172,86.880,42.3153,9.8108
2173,86.920,40.6869,8.1915
2174,86.960,42.2617,6.6432
2175,87.000,45.6206,7.6051
2176,87.040,49.0910,9.2043
2177,87.080,53.2139,10.9922
2178,87.120,63.2224,18.3014
2179,87.160,77.0725,23.1197
2180,87.200,97.7447,31.8144
2181,87.240,95.8328,28.3844
2182,87.280,102.6380,28.5215
2183,87.320,92.6417,52.4963
2184,87.360,92.5449,37.1745
2185,87.400,92.3985,3.4102
2186,87.440,92.3028,3.6611
2187,87.480,93.0939,4.8274
2188,87.520,92.1256,5.3626
2189,87.560,95.8467,9.1535
2190,87.600,95.2991,5.0687
2191,87.640,95.0896,4.7284
2192,87.680,94.5535,4.3433
2193,87.720,94.4731,3.7197
2194,87.760,93.9496,4.1597
2195,87.800,93.8665,3.0780
2196,87.840,93.9691,2.8972
2197,87.880,93.8872,4.1858
2198,87.920,93.9858,4.4012
2199,87.960,94.2832,3.6840
2200,88.000,95.1199,2.7023
2201,88.040,95.3053,3.2514
2202,88.080,95.2535,3.1542
2203,88.120,94.9674,3.2215
2204,88.160,95.0486,4.4487
2205,88.200,94.2763,5.0155
2206,88.240,94.2038,5.2119
2207,88.280,94.5494,4.8710
2208,88.320,94.0036,5.7512
2209,88.360,94.4619,6.2749
2210,88.400,94.5142,5.7390
2211,88.440,94.7302,6.4488
2212,88.480,95.0581,5.9875
2213,88.520,95.0724,6.3156
2214,88.560,107.4815,24.4899
2215,88.600,90.8465,22.4397
2216,88.640,107.7802,21.7831
2217,88.680,90.8237,21.9168
2218,88.720,106.9068,22.0617
2219,88.760,91.5200,22.5182
2220,88.800,106.6605,22.5837
2221,88.840,90.5136,21.8947
2222,88.880,105.9655,20.9006
2223,88.920,90.2481,21.0359
2224,88.960,105.5711,19.8446
2225,89.000,89.8304,20.1271
2226,89.040,105.1710,19.8157
2227,89.080,90.2508,19.6922
2228,89.120,104.6692,19.1628
2229,89.160,89.6840,19.2622
2230,89.200,104.6545,18.6476
2231,89.240,89.4391,18.1331
2232,89.280,104.3538,18.9530
2233,89.320,89.1807,19.0300
2234,89.360,104.2477,18.9190
2235,89.400,89.3106,17.8029
2236,89.440,103.5328,18.6373
2237,89.480,88.6285,18.7884
2238,89.520,103.2619,17.4953
2239,89.560,89.0588,18.4151
2240,89.600,103.3967,18.3944
2241,89.640,88.7952,18.5984
2242,89.680,103.1306,18.3135
2243,89.720,88.5610,19.1211
2244,89.760,102.1650,19.6173
2245,89.800,87.2340,20.0637
2246,89.840,102.0091,20.5683
2247,89.880,86.2263,22.2972
2248,89.920,101.2717,21.5453
2249,89.960,86.6406,21.2572
2250,90.000,101.9387,21.9583
2251,90.040,87.5871,20.9768
2252,90.080,101.4776,20.0408
2253,90.120,87.6553,19.7831
2254,90.160,101.8171,19.8119
2255,90.200,87.4969,20.0707
2256,90.240,101.9137,19.5244
2257,90.280,88.6713,19.6983
2258,90.320,101.9824,21.5476
2259,90.360,87.9780,22.1897
2260,90.400,102.4426,21.8856
2261,90.440,142.2636,72.7444
2262,90.480,87.1797,76.9504
2263,90.520,137.2360,72.9966
2264,90.560,86.0572,74.0010
2265,90.600,138.0962,75.8519
2266,90.640,85.5928,76.9468
2267,90.680,137.2498,76.1122
2268,90.720,86.6319,75.9771
2269,90.760,139.0375,77.7356
2270,90.800,86.5379,78.0119
2271,90.840,136.6206,76.3236
2272,90.880,86.3924,75.6681
2273,90.920,138.9871,77.5958
2274,90.960,86.8250,77.9243
2275,91.000,142.2428,80.9641
2276,91.040,86.1247,81.3813
2277,91.080,140.4050,79.3258
2278,91.120,85.1357,80.2207
2279,91.160,136.1960,77.0951
2280,91.200,84.6669,77.6362
2281,91.240,135.8106,77.0347
2282,91.280,83.5103,76.9160
2283,91.320,141.5617,81.6318
2284,91.360,83.3272,81.4736
2285,91.400,139.1281,79.1790
2286,91.440,83.3622,78.9198
2287,91.480,135.4788,76.3418
2288,91.520,83.5638,75.1049
2289,91.560,135.0184,74.9069
2290,91.600,83.5464,74.6405
2291,91.640,138.5548,76.6099
2292,91.680,84.3072,75.8672
2293,91.720,137.2006,74.9369
2294,91.760,86.5325,72.6924
2295,91.800,135.9663,71.9415
2296,91.840,84.8978,72.1119
2297,91.880,133.3747,71.1690
2298,91.920,86.4036,69.3426
2299,91.960,136.7192,71.6347
2300,92.000,88.2357,69.8383
2301,92.040,133.0465,67.3289
2302,92.080,87.6369,66.2431
2303,92.120,137.7129,70.3653
2304,92.160,87.1566,69.9842
2305,92.200,133.4269,66.2833
2306,92.240,87.3103,65.9966
2307,92.280,85.8443,6.4045
2308,92.320,89.6942,8.5955
2309,92.360,88.3128,4.9776
2310,92.400,88.7113,5.6206
2311,92.440,89.4227,6.1190
2312,92.480,88.2237,5.3474
2313,92.520,89.3842,7.0430
2314,92.560,90.0008,5.2657
2315,92.600,88.4593,4.9719
2316,92.640,88.8638,3.4983
2317,92.680,88.4035,3.9712
2318,92.720,88.9788,3.6293
2319,92.760,93.4722,11.7106
2320,92.800,95.3013,4.9141
2321,92.840,92.7265,5.4049
2322,92.880,93.8544,4.9081
2323,92.920,92.0469,4.8050
2324,92.960,94.7987,5.4398
2325,93.000,92.0513,6.3210
2326,93.040,94.4666,6.0421
2327,93.080,91.2399,6.3544
2328,93.120,89.0704,11.4238
2329,93.160,87.2344,5.4739
2330,93.200,88.6510,4.9658
2331,93.240,87.6205,5.4633
2332,93.280,89.3582,5.9195
2333,93.320,88.4280,5.5869
2334,93.360,90.8346,5.3762
2335,93.400,88.7991,5.7897
2336,93.440,91.3462,6.3826
2337,93.480,89.3990,6.1528
2338,93.520,91.1475,5.5254
2339,93.560,128.2063,60.0836
2340,93.600,97.4005,52.7388
2341,93.640,131.9008,55.7330
2342,93.680,97.2018,55.3961
2343,93.720,127.4810,52.4111
2344,93.760,98.4199,51.9714
2345,93.800,127.8367,52.5034
2346,93.840,99.4850,52.3909
2347,93.880,127.8731,52.2739
2348,93.920,100.0796,52.5550
2349,93.960,129.0176,52.9676
2350,94.000,101.1724,53.0640
2351,94.040,128.0224,52.3949
2352,94.080,101.6998,52.6234
2353,94.120,130.2047,53.7736
2354,94.160,102.4174,53.9412
2355,94.200,127.8734,52.8356
2356,94.240,103.2908,53.1664
2357,94.280,130.4617,54.0478
2358,94.320,104.0083,54.2640
2359,94.360,128.6872,53.5557
2360,94.400,104.9408,53.8663
2361,94.440,129.7351,54.2746
2362,94.480,105.0715,54.4384
2363,94.520,128.9104,53.9594
2364,94.560,106.0551,54.1870
2365,94.600,129.4074,54.1892
2366,94.640,106.1604,54.5373
2367,94.680,129.3390,54.2347
2368,94.720,106.3915,54.4033
2369,94.760,131.1898,55.8877
2370,94.800,106.5181,56.3622
2371,94.840,128.9339,55.2208
2372,94.880,106.9279,55.6322
2373,94.920,129.0153,55.4763
2374,94.960,107.1501,55.2744
2375,95.000,128.9158,55.3051
2376,95.040,105.4886,54.7153
2377,95.080,128.3397,54.7485
2378,95.120,106.3110,54.4237
2379,95.160,131.6849,56.5831
2380,95.200,106.7491,57.3828
2381,95.240,127.5210,55.0472
2382,95.280,106.3083,54.3506
2383,95.320,126.7110,53.7907
2384,95.360,136.2106,10.8578
2385,95.400,130.3181,8.9494
2386,95.440,137.0422,7.5490
2387,95.480,131.2735,7.5699
2388,95.520,137.9396,8.3845
2389,95.560,126.9622,11.8629
2390,95.600,133.8273,8.3683
2391,95.640,128.6382,10.2622
2392,95.680,134.4986,10.5117
2393,95.720,126.9776,8.9502
2394,95.760,135.5546,10.3803
2395,95.800,129.0992,8.9340
2396,95.840,136.2966,9.1957
2397,95.880,130.8851,18.4462
2398,95.920,127.1413,12.9837
2399,95.960,130.2656,12.1026
2400,96.000,122.5107,9.4648
2401,96.040,128.8796,9.4771
2402,96.080,124.5257,10.6965
2403,96.120,128.9120,9.3427
2404,96.160,122.3222,8.6560
2405,96.200,127.3656,8.0021
2406,96.240,122.0576,7.4235
2407,96.280,126.1642,5.8358
2408,96.320,122.0732,6.4262
2409,96.360,128.4353,8.8270
2410,96.400,121.4563,8.9967
2411,96.440,127.2387,7.4845
2412,96.480,121.6447,8.0894
2413,96.520,126.7290,7.0732
2414,96.560,125.7901,2.9864
2415,96.600,126.7301,4.0774
2416,96.640,124.2398,4.5088
2417,96.680,122.5087,6.2129
2418,96.720,121.1114,3.6888
2419,96.760,122.6702,4.3616
2420,96.800,74.4854,68.3660
2421,96.840,92.2510,27.1036
2422,96.880,79.8612,26.5201
2423,96.920,93.4310,21.3337
2424,96.960,83.2471,18.5431
2425,97.000,94.4096,18.7761
2426,97.040,82.7882,19.8017
2427,97.080,93.2047,19.1864
2428,97.120,82.7644,19.6338
2429,97.160,93.1453,19.2275
2430,97.200,85.1946,21.0562
2431,97.240,89.2942,20.5850
2432,97.280,77.7871,22.5946
2433,97.320,81.7344,21.3140
2434,97.360,73.1015,26.5683
2435,97.400,80.1047,24.6729
2436,97.440,74.4895,24.7853
2437,97.480,79.9304,22.4195
2438,97.520,72.8497,19.1292
2439,97.560,77.1549,17.4382
2440,97.600,73.4155,15.7489
2441,97.640,82.8036,14.7688
2442,97.680,80.3594,13.1201
2443,97.720,89.4025,13.0523
2444,97.760,85.8117,11.1472
2445,97.800,94.9164,11.6433
2446,97.840,91.3706,9.4248
2447,97.880,99.2022,9.5358
2448,97.920,92.7613,8.5297
2449,97.960,98.3333,8.8211
2450,98.000,91.8609,9.6431
2451,98.040,97.1096,12.6363
2452,98.080,87.1162,15.3858
2453,98.120,86.8549,17.5984
2454,98.160,69.1103,23.8973
2455,98.200,69.9490,22.7621
2456,98.240,58.4689,22.4050
2457,98.280,66.3951,25.4745
2458,98.320,62.7872,32.0522
2459,98.360,81.7825,33.8219
2460,98.400,82.7262,30.0975
2461,98.440,90.6276,20.9731
2462,98.480,94.6120,15.7246
2463,98.520,99.8447,13.6105
2464,98.560,68.3308,65.7685
2465,98.600,68.0846,15.4500
2466,98.640,68.9982,16.0692
2467,98.680,70.2888,14.1447
2468,98.720,69.5858,13.3831
2469,98.760,68.9638,9.6355
2470,98.800,68.4717,6.4894
2471,98.840,67.5721,12.0331
2472,98.880,66.3760,11.3940
2473,98.920,66.3781,7.5494
2474,98.960,66.0362,6.3636
2475,99.000,65.5417,8.8203
2476,99.040,65.0811,10.0119
2477,99.080,64.5212,8.0999
2478,99.120,64.3295,4.7478
2479,99.160,64.6467,6.0414
2480,99.200,65.9572,7.7123
2481,99.240,67.4853,8.3462
2482,99.280,69.0105,12.7583
2483,99.320,69.2844,15.7345
2484,99.360,68.4942,14.5781
2485,99.400,68.7626,14.1579
2486,99.440,68.6667,14.0365
2487,99.480,67.6800,13.7944
2488,99.520,66.4079,13.1567
2489,99.560,65.8051,9.2503
2490,99.600,65.1697,7.6465
2491,99.640,65.7654,9.7019
2492,99.680,66.9561,10.8260
2493,99.720,68.5753,12.9001
2494,99.760,70.0894,12.7685
2495,99.800,69.8866,11.9631
2496,99.840,70.6063,13.4153
2497,99.880,69.8414,13.1183
2498,99.920,69.0383,13.8824
2499,99.960,68.4162,13.7006
2500,100.000,67.0142,15.0973
2501,100.040,63.9797,14.9602
2502,100.080,61.6779,11.6170
2503,100.120,60.8043,10.7301
2504,100.160,91.5738,35.5796
2505,100.200,91.5795,6.0534
2506,100.240,91.9944,5.0244
2507,100.280,93.2046,5.9727
2508,100.320,92.9708,5.5465
2509,100.360,92.8747,4.6635
2510,100.400,92.9342,4.9463
2511,100.440,92.5715,4.8615
2512,100.480,92.4485,5.1330
2513,100.520,92.3531,4.8276
2514,100.560,92.8017,5.3936
2515,100.600,93.4660,6.2488
2516,100.640,92.8799,5.5754
2517,100.680,92.6295,5.5182
2518,100.720,92.3212,5.4133
2519,100.760,92.0608,5.2792
2520,100.800,91.9908,4.6365
2521,100.840,91.6858,4.7367
2522,100.880,91.6410,4.2674
2523,100.920,91.8174,4.1774
2524,100.960,92.6060,4.6422
2525,101.000,91.8099,3.9441
2526,101.040,91.7989,4.4811
2527,101.080,91.6134,4.4203
2528,101.120,91.0857,5.1444
2529,101.160,90.7899,5.5838
2530,101.200,90.6426,5.3889
2531,101.240,90.7476,6.1836
2532,101.280,91.2006,6.7321
2533,101.320,91.4728,6.9094
2534,101.360,91.4511,6.7126
2535,101.400,91.8152,7.0041
2536,101.440,91.8895,7.0565
2537,101.480,92.4792,6.3779
2538,101.520,93.0787,6.9552
2539,101.560,93.4375,6.9946
2540,101.600,92.9285,6.9935
2541,101.640,91.9840,6.6760
2542,101.680,91.4673,6.1873
2543,101.720,90.9833,5.7736
2544,101.760,90.9285,4.8846
2545,101.800,51.4444,45.2515
2546,101.840,50.8839,3.8937
2547,101.880,50.1101,7.1087
2548,101.920,49.1678,7.7140
2549,101.960,48.9418,7.3276
2550,102.000,47.9525,6.8678
2551,102.040,47.0867,4.1828
2552,102.080,46.9565,5.3843
2553,102.120,45.9011,5.7944
2554,102.160,45.8728,6.3792
2555,102.200,45.1179,7.2333
2556,102.240,44.7951,4.3500
2557,102.280,44.4821,5.8143
2558,102.320,43.3746,8.5472
2559,102.360,41.8285,5.8423
2560,102.400,40.3525,6.8069
2561,102.440,38.8713,7.0410
2562,102.480,37.6325,5.1667
2563,102.520,36.5396,5.3078
2564,102.560,36.9931,4.0378
2565,102.600,36.4777,4.4867
2566,102.640,36.1835,4.8130
2567,102.680,35.5572,6.4035
2568,102.720,35.3141,3.8893
2569,102.760,34.7995,6.3243
2570,102.800,34.5210,6.6025
2571,102.840,34.6147,7.2659
2572,102.880,34.6816,5.6044
2573,102.920,34.5165,5.8974
2574,102.960,34.4460,6.8072
2575,103.000,34.1393,2.9119
2576,103.040,34.8994,6.9352
2577,103.080,36.3372,4.6163
2578,103.120,37.5076,4.6778
2579,103.160,39.0323,5.4278
2580,103.200,28.4869,34.6596
2581,103.240,49.9546,37.4953
2582,103.280,93.3416,53.9362
2583,103.320,110.6046,24.9105
2584,103.360,99.4772,21.8079
2585,103.400,83.6210,26.8149
2586,103.440,70.4422,22.4396
2587,103.480,64.3615,12.3019
2588,103.520,60.1211,9.8256
2589,103.560,56.9971,12.5347
2590,103.600,55.4831,9.7961
2591,103.640,53.7851,9.6330
2592,103.680,52.8940,8.1330
2593,103.720,50.7478,9.6048
2594,103.760,47.5165,11.2091
2595,103.800,44.6299,12.6546
2596,103.840,44.0547,9.1947
2597,103.880,47.4438,12.3953
2598,103.920,52.3247,17.4812
2599,103.960,56.0846,18.5895
2600,104.000,59.0918,21.7340
2601,104.040,62.6961,23.6779
2602,104.080,66.6552,16.7492
2603,104.120,68.6644,11.5268
2604,104.160,65.0303,20.5692
2605,104.200,64.9266,21.6985
2606,104.240,66.2565,21.8158
2607,104.280,68.8893,18.6721
2608,104.320,67.4014,11.7253
2609,104.360,67.6918,7.1639
2610,104.400,66.8849,9.0790
2611,104.440,65.2390,8.5604
2612,104.480,65.0053,8.2808
2613,104.520,63.6074,9.9176
2614,104.560,61.8041,11.9462
2615,104.600,60.1037,14.6182
2616,104.640,53.4861,23.1810
2617,104.680,45.2066,24.3724
2618,104.720,39.6417,21.5061
2619,104.760,36.3987,15.9058
2620,104.800,37.0296,9.7778
2621,104.840,39.3706,12.6339
2622,104.880,43.0217,12.8458
2623,104.920,47.5431,13.3737
2624,104.960,56.4789,20.3624
2625,105.000,59.6674,14.9118
2626,105.040,61.1362,15.6370
2627,105.080,61.9784,16.0538
2628,105.120,63.5835,14.3474
2629,105.160,65.0273,10.2016
2630,105.200,67.0130,9.1560
2631,105.240,71.2837,23.6267
2632,105.280,72.2022,11.3886
2633,105.320,74.8908,16.1185
2634,105.360,80.7767,40.7838
2635,105.400,79.5787,7.3238
2636,105.440,78.0765,7.4588
2637,105.480,76.5106,10.2783
2638,105.520,73.9840,10.1106
2639,105.560,69.0101,20.1194
2640,105.600,67.0013,14.4494
2641,105.640,66.6998,15.4796
2642,105.680,67.9885,12.3675
2643,105.720,69.3106,11.9010
2644,105.760,71.6204,17.8131
2645,105.800,74.2544,18.2270
2646,105.840,75.6256,19.8458
2647,105.880,77.3876,16.0258
2648,105.920,78.0211,20.8093
2649,105.960,78.0106,25.1331
2650,106.000,75.2354,20.4695
2651,106.040,70.4910,20.2602
2652,106.080,64.3013,23.3364
2653,106.120,54.6994,21.8958
2654,106.160,47.1565,18.9919
2655,106.200,40.9850,15.0704
2656,106.240,39.8628,11.1656
2657,106.280,49.4796,39.3647
2658,106.320,49.6558,13.7226
2659,106.360,49.0625,12.3591
2660,106.400,47.8966,13.8838
2661,106.440,47.3295,8.6996
2662,106.480,46.6845,10.6911
2663,106.520,46.4364,7.5383
2664,106.560,45.9504,7.9161
2665,106.600,46.6161,4.7460
2666,106.640,47.2409,5.3985
2667,106.680,47.6031,7.2578
2668,106.720,47.2835,9.5585
2669,106.760,46.3258,12.8949
2670,106.800,45.9092,13.8438
2671,106.840,45.8209,12.7578
2672,106.880,46.2151,12.2027
2673,106.920,47.0862,12.8977
2674,106.960,47.0598,11.4257
2675,107.000,48.1337,10.9251
2676,107.040,50.2287,10.3937
2677,107.080,52.3587,12.1342
2678,107.120,54.5257,9.8508
2679,107.160,55.3667,17.4279
2680,107.200,55.3524,18.1246
2681,107.240,55.0665,11.0997
2682,107.280,55.5241,11.1672
2683,107.320,57.2124,14.8028
2684,107.360,57.5624,16.1386
2685,107.400,56.8577,16.1256
2686,107.440,56.4964,18.0133
2687,107.480,57.0733,10.7990
2688,107.520,56.8890,8.4288
2689,107.560,56.0778,9.6934
2690,107.600,54.8855,12.3886
2691,107.640,53.3403,9.1152
2692,107.680,53.2485,7.5832
2693,107.720,53.2759,6.4340
2694,107.760,53.1249,9.1731
2695,107.800,52.0972,9.7766
2696,107.840,51.9758,10.2942
2697,107.880,52.7713,8.9948
2698,107.920,52.4999,13.5249
2699,107.960,52.9953,8.3150
2700,108.000,53.9384,8.6103
2701,108.040,54.2512,8.1620
2702,108.080,55.0653,7.8674
2703,108.120,55.4080,6.4626
2704,108.160,56.3269,7.0592
2705,108.200,55.3015,10.3387
2706,108.240,55.1376,11.5886
2707,108.280,55.6568,9.2672
2708,108.320,55.3504,10.8143
2709,108.360,55.2544,11.4128
2710,108.400,55.0035,11.5515
2711,108.440,54.2050,15.0762
2712,108.480,54.3006,15.2874
2713,108.520,53.8409,11.6055
2714,108.560,87.8815,65.2557
2715,108.600,73.5238,18.0789
2716,108.640,86.1743,15.6303
2717,108.680,73.3462,15.7027
2718,108.720,84.5933,14.3791
2719,108.760,73.0247,14.4593
2720,108.800,64.2303,45.6902
2721,108.840,50.7485,29.2871
2722,108.880,67.7198,29.2207
2723,108.920,62.8733,27.3285
2724,108.960,80.2208,30.3850
2725,109.000,75.3340,23.3712
2726,109.040,81.8214,12.9722
2727,109.080,76.3538,10.2502
2728,109.120,80.5567,10.7318
2729,109.160,76.0008,12.0517
2730,109.200,78.5292,6.3403
2731,109.240,77.4867,9.2541
2732,109.280,81.4124,9.7857
2733,109.320,79.1592,7.2485
2734,109.360,82.4099,7.4697
2735,109.400,80.8338,11.5132
2736,109.440,83.9404,18.0822
2737,109.480,93.4788,69.6990
2738,109.520,71.9328,52.1429
2739,109.560,57.1760,39.6980
2740,109.600,75.8528,28.4565
2741,109.640,64.8215,18.3285
2742,109.680,73.8304,22.1587
2743,109.720,60.3038,22.0694
2744,109.760,67.8571,19.0819
2745,109.800,56.3976,16.1187
2746,109.840,68.0027,16.9796
2747,109.880,58.7894,16.1346
2748,109.920,67.5880,12.6738
2749,109.960,60.6400,13.4855
2750,110.000,71.5045,14.0662
2751,110.040,67.4182,14.2808
2752,110.080,75.4340,12.4428
2753,110.120,71.6392,12.5650
2754,110.160,79.1085,12.9615
2755,110.200,75.5646,11.1316
2756,110.240,80.9097,8.9660
2757,110.280,77.6380,12.0337
2758,110.320,82.6805,12.0490
2759,110.360,76.7294,9.7169
2760,110.400,83.3610,11.3661
2761,110.440,77.5845,12.2893
2762,110.480,84.9999,13.4110
2763,110.520,81.9001,12.9803
2764,110.560,87.9903,13.7056
2765,110.600,82.5942,14.4690
2766,110.640,90.4889,11.8376
2767,110.680,85.3198,12.6537
2768,110.720,94.1342,13.2751
2769,110.760,89.7642,13.6107
2770,110.800,99.4959,14.7083
2771,110.840,96.8885,16.3715
2772,110.880,105.4812,15.7558
2773,110.920,99.0601,9.8644
2774,110.960,108.4033,14.6293
2775,111.000,98.3875,15.5501
2776,111.040,104.1561,14.6061
2777,111.080,94.7287,13.9258
2778,111.120,103.2158,16.0441
2779,111.160,96.2085,15.0758
2780,111.200,100.2424,15.0478
2781,111.240,83.3799,78.2732
2782,111.280,82.2542,29.1064
2783,111.320,79.8062,27.1102
2784,111.360,75.6324,23.0890
2785,111.400,72.2865,21.9629
2786,111.440,69.8358,17.0315
2787,111.480,67.2477,16.3024
2788,111.520,65.6053,17.1458
2789,111.560,65.8260,14.4926
2790,111.600,67.1071,13.7698
2791,111.640,69.2009,17.5180
2792,111.680,72.3410,21.2475
2793,111.720,75.4637,21.8789
2794,111.760,77.0245,21.9510
2795,111.800,78.1435,22.8058
2796,111.840,77.4591,18.7577
2797,111.880,75.8651,20.4275
2798,111.920,65.4188,47.9287
2799,111.960,72.1239,37.7521
2800,112.000,82.4309,33.3585
2801,112.040,84.9612,24.4453
2802,112.080,84.0277,13.8029
2803,112.120,81.7568,22.3762
2804,112.160,78.8483,19.1944
2805,112.200,79.2957,11.5013
2806,112.240,78.9126,13.0239
2807,112.280,77.3172,13.7191
2808,112.320,73.9659,15.6086
2809,112.360,72.5610,17.1951
2810,112.400,70.0781,15.8383
2811,112.440,67.3201,14.7561
2812,112.480,66.7398,14.6148
2813,112.520,46.5739,51.3199
2814,112.560,45.2067,15.2394
2815,112.600,46.7770,17.0594
2816,112.640,48.0776,24.8982
2817,112.680,44.6570,19.3525
2818,112.720,42.4296,14.1085
2819,112.760,45.3895,13.7791
2820,112.800,50.0940,18.2364
2821,112.840,51.5594,16.5357
2822,112.880,53.3500,15.4883
2823,112.920,53.2753,11.5449
2824,112.960,54.1314,13.7339
2825,113.000,54.6283,12.9481
2826,113.040,54.7714,14.5621
2827,113.080,54.1958,14.0519
2828,113.120,53.7635,18.2173
2829,113.160,52.3981,17.0897
2830,113.200,49.7088,19.1212
2831,113.240,47.8026,17.4852
2832,113.280,46.6887,17.4711
2833,113.320,45.4368,16.0824
2834,113.360,43.7960,15.8472
2835,113.400,44.7322,16.6217
2836,113.440,46.3283,18.1792
2837,113.480,47.2194,19.4917
2838,113.520,117.8449,84.5032
2839,113.560,116.3508,7.1062
2840,113.600,115.5978,5.0593
2841,113.640,113.6532,7.0418
2842,113.680,113.3419,9.1424
2843,113.720,113.5917,11.2133
2844,113.760,110.0424,13.4102
2845,113.800,106.1092,10.5902
2846,113.840,104.1753,10.5135
2847,113.880,101.3792,8.5365
2848,113.920,97.9132,9.6546
2849,113.960,98.0749,9.8044
2850,114.000,93.6244,14.7115
2851,114.040,89.4804,14.0307
2852,114.080,83.6344,16.1115
2853,114.120,78.8936,15.6719
2854,114.160,73.6242,13.1460
2855,114.200,69.2353,19.2328
2856,114.240,66.0938,18.4344
2857,114.280,62.6225,12.2203
2858,114.320,75.2964,46.1304
2859,114.360,76.9734,22.5301
2860,114.400,78.9351,22.5943
2861,114.440,79.0525,20.8447
2862,114.480,79.6317,18.6062
2863,114.520,81.7562,13.7017
2864,114.560,82.8676,15.1439
2865,114.600,82.4903,17.0758
2866,114.640,81.7681,17.7188
2867,114.680,82.4626,16.1294
2868,114.720,83.0483,10.1377
2869,114.760,83.7340,6.2485
2870,114.800,84.7172,8.4178
2871,114.840,84.1757,12.0340
2872,114.880,61.5164,43.3840
2873,114.920,61.6013,9.2504
2874,114.960,61.1143,13.0194
2875,115.000,66.2023,15.9437
2876,115.040,73.6603,21.7976
2877,115.080,69.7882,21.5451
2878,115.120,50.7111,39.0254
2879,115.160,54.1536,18.3511
2880,115.200,53.3099,13.0360
2881,115.240,53.0365,12.8957
2882,115.280,55.4381,10.3821
2883,115.320,68.8609,25.7930
2884,115.360,67.7707,22.5137
2885,115.400,84.0701,37.9630
2886,115.440,84.3772,2.1945
2887,115.480,83.9029,2.1286
2888,115.520,84.9851,2.8556
2889,115.560,84.4465,1.9593
2890,115.600,85.0297,1.6861
2891,115.640,85.4719,2.6440
2892,115.680,85.7258,4.8685
2893,115.720,84.9063,5.9444
2894,115.760,83.6586,6.4156
2895,115.800,81.6410,9.4053
2896,115.840,80.9483,12.1974
2897,115.880,79.3839,14.0006
2898,115.920,80.9513,15.8137
2899,115.960,129.0163,63.5058
2900,116.000,125.0850,11.7637
2901,116.040,125.0697,11.4606
2902,116.080,125.2851,11.1938
2903,116.120,126.9444,11.3326
2904,116.160,124.0294,12.0872
2905,116.200,124.0428,11.7506
2906,116.240,124.3119,11.3109
2907,116.280,123.7333,11.5193
2908,116.320,123.8713,11.5788
2909,116.360,126.9934,14.0028
2910,116.400,126.7401,13.1319
2911,116.440,126.4267,16.3747
2912,116.480,126.4555,16.3280
2913,116.520,122.6899,15.0169
2914,116.560,126.0155,13.4415
2915,116.600,120.6183,15.6982
2916,116.640,124.0121,13.4880
2917,116.680,120.3815,13.6376
2918,116.720,127.9251,16.9743
2919,116.760,120.3233,17.0690
2920,116.800,122.3196,13.5552
2921,116.840,123.5660,15.8150
2922,116.880,122.9990,15.9619
2923,116.920,122.8972,25.9803
2924,116.960,94.4269,61.0444
2925,117.000,123.9896,61.6010
2926,117.040,76.4106,65.6859
2927,117.080,82.1244,13.8130
2928,117.120,82.4408,10.8791
2929,117.160,87.1620,10.4368
2930,117.200,85.1678,13.4819
2931,117.240,83.2820,19.9255
2932,117.280,79.7573,27.7906
2933,117.320,90.4529,37.4851
2934,117.360,80.8243,37.0179
2935,117.400,80.8292,25.9742
2936,117.440,75.2679,23.1708
2937,117.480,85.8392,26.7781
2938,117.520,91.5210,32.5003
2939,117.560,93.7715,27.6978
2940,117.600,85.5472,19.5231
2941,117.640,91.5531,19.8607
2942,117.680,85.2496,24.9601
2943,117.720,89.9152,26.8419
2944,117.760,83.9695,31.3335
2945,117.800,124.6005,64.4596
2946,117.840,92.9657,57.2969
2947,117.880,125.9236,58.7403
2948,117.920,92.9517,58.0072
2949,117.960,127.8558,59.9270
2950,118.000,91.3344,60.0646
2951,118.040,126.6348,59.9769
2952,118.080,90.0187,59.6328
2953,118.120,122.8674,56.0416
2954,118.160,91.5533,54.8640
2955,118.200,125.6116,57.1810
2956,118.240,97.6501,58.6804
2957,118.280,123.2831,56.6675
2958,118.320,105.1392,57.6660
2959,118.360,123.7508,57.6585
2960,118.400,102.9799,60.3092
2961,118.440,124.0748,60.2568
2962,118.480,99.9555,59.5489
2963,118.520,125.3281,60.2613
2964,118.560,97.8823,60.5252
2965,118.600,123.7476,59.0503
2966,118.640,93.7373,58.3631
2967,118.680,88.9040,27.6215
2968,118.720,94.0378,22.7885
2969,118.760,95.6871,22.5056
2970,118.800,94.3781,20.4553
2971,118.840,87.5795,13.4777
2972,118.880,81.5760,18.8384
2973,118.920,76.0124,26.5883
2974,118.960,75.2707,33.9895
2975,119.000,74.8816,33.7767
2976,119.040,71.8702,32.1076
2977,119.080,72.2582,23.9017
2978,119.120,68.8073,14.1816
2979,119.160,124.1647,72.9938
2980,119.200,82.2182,64.9478
2981,119.240,123.9935,64.8833
2982,119.280,83.8367,61.9428
2983,119.320,123.7485,61.8172
2984,119.360,85.8479,59.5535
2985,119.400,124.0229,60.1961
2986,119.440,87.8214,58.1986
2987,119.480,120.9658,56.5685
2988,119.520,89.1574,55.0412
2989,119.560,121.1992,55.3520
2990,119.600,89.9646,54.8087
2991,119.640,121.1592,54.3301
2992,119.680,91.8137,53.4587
2993,119.720,120.9602,53.3306
2994,119.760,92.8647,52.7658
2995,119.800,125.2663,56.3971
2996,119.840,95.7460,57.3381
2997,119.880,121.7656,53.5424
2998,119.920,97.8855,53.6957
2999,119.960,127.5618,57.6774
3000,120.000,99.3194,57.4521
3001,120.040,123.6090,53.4308
3002,120.080,101.6054,52.4705
3003,120.120,126.1612,54.9048
3004,120.160,81.0641,62.0283
3005,120.200,83.2809,11.3635
3006,120.240,80.8571,11.1760
3007,120.280,81.4092,12.4566
3008,120.320,76.9772,11.5814
3009,120.360,76.9846,11.0845
3010,120.400,66.7298,18.4001
3011,120.440,66.3476,23.3544
3012,120.480,51.2022,27.4774
3013,120.520,58.9072,28.7515
3014,120.560,50.7474,25.8007
3015,120.600,60.6235,23.3673
3016,120.640,53.8497,22.0186
3017,120.680,59.6787,19.1145
3018,120.720,58.8511,15.8891
3019,120.760,63.3800,14.7879
3020,120.800,61.3858,18.5558
3021,120.840,71.5468,22.6948
3022,120.880,55.7856,26.2201
3023,120.920,61.7045,31.9789
3024,120.960,34.1187,36.2618
3025,121.000,43.4121,36.8788
3026,121.040,19.1881,31.7390
3027,121.080,43.9247,32.4882
3028,121.120,49.5756,52.7574
3029,121.160,64.7015,26.4273
3030,121.200,46.9612,34.5983
3031,121.240,66.9876,39.1173
3032,121.280,65.5972,36.5455
3033,121.320,78.1510,31.6311
3034,121.360,76.3183,27.8039
3035,121.400,78.7706,21.5933
3036,121.440,72.8412,17.8326
3037,121.480,78.9732,15.7190
3038,121.520,72.5612,18.0888
3039,121.560,77.6703,16.0897
3040,121.600,72.4197,16.5076
3041,121.640,76.9819,12.2820
3042,121.680,72.3766,17.0558
3043,121.720,71.4321,15.0416
3044,121.760,69.3517,16.4583
3045,121.800,67.8881,12.3568
3046,121.840,67.0506,5.8058
3047,121.880,66.7006,11.9867
3048,121.920,64.7144,12.0192
3049,121.960,63.0251,11.4034
3050,122.000,62.3755,11.9368
3051,122.040,63.1249,10.4299
3052,122.080,65.9881,12.1835
3053,122.120,68.8519,14.9958
3054,122.160,69.7176,14.7178
3055,122.200,69.5169,14.3915
3056,122.240,67.4943,13.7231
3057,122.280,123.9481,75.3240
3058,122.320,129.5522,9.3935
3059,122.360,124.2187,9.7587
3060,122.400,128.8255,9.3026
3061,122.440,127.3874,10.8795
3062,122.480,128.0929,10.8607
3063,122.520,124.0308,9.0072
3064,122.560,131.6972,12.5023
3065,122.600,124.3146,12.1406
3066,122.640,127.6985,8.7234
3067,122.680,127.9511,11.6159
3068,122.720,127.7394,11.4522
3069,122.760,121.9122,11.8347
3070,122.800,128.8548,11.9357
3071,122.840,120.6801,13.2925
3072,122.880,128.1896,12.6187
3073,122.920,124.5899,14.7840
3074,122.960,130.9197,13.5007
3075,123.000,120.5764,15.2251
3076,123.040,89.8069,60.6659
3077,123.080,120.4488,60.4978
3078,123.120,87.2327,60.4856
3079,123.160,120.5412,60.3446
3080,123.200,86.1491,60.2610
3081,123.240,122.7575,60.5227
3082,123.280,84.1526,61.3008
3083,123.320,123.3935,61.5051
3084,123.360,84.5692,61.3006
3085,123.400,122.1402,60.5212
3086,123.440,83.8031,60.9976
3087,123.480,121.9303,61.1563
3088,123.520,84.4494,61.1567
3089,123.560,121.3178,60.8607
3090,123.600,84.7503,60.7345
3091,123.640,120.6901,60.4112
3092,123.680,85.8547,60.2477
3093,123.720,120.9822,60.0762
3094,123.760,85.8588,60.0576
3095,123.800,121.1815,60.1070
3096,123.840,82.7208,60.3106
3097,123.880,121.3208,60.1512
3098,123.920,81.0425,60.7324
3099,123.960,121.5205,60.9933
3100,124.000,79.3692,62.1375
3101,124.040,121.3065,62.2263
3102,124.080,76.8047,65.5901
3103,124.120,125.8581,66.2395
3104,124.160,23.0086,107.0849
3105,124.200,50.4745,31.3109
3106,124.240,45.1856,30.9857
3107,124.280,62.3588,38.3314
3108,124.320,75.6133,51.1642
3109,124.360,90.6612,41.6662
3110,124.400,76.5129,29.9143
3111,124.440,79.5799,22.8585
3112,124.480,72.3670,26.1825
3113,124.520,77.8699,28.5978
3114,124.560,65.7827,31.6139
3115,124.600,70.6515,32.2414
3116,124.640,57.7552,29.7067
3117,124.680,68.0241,24.5601
3118,124.720,59.2147,26.0981
3119,124.760,61.5161,52.1902
3120,124.800,40.6336,28.6917
3121,124.840,58.4558,23.7100
3122,124.880,43.9482,22.2899
3123,124.920,58.3278,22.1216
3124,124.960,43.7776,26.1424
3125,125.000,45.0122,18.4176
3126,125.040,50.5067,20.7131
3127,125.080,55.1891,15.9904
3128,125.120,57.3405,8.2564
3129,125.160,57.6528,7.4256
3130,125.200,55.8903,9.6422
3131,125.240,54.3358,10.4047
3132,125.280,53.8214,10.1451
3133,125.320,54.3461,18.4182
3134,125.360,54.7319,18.2905
3135,125.400,54.7686,19.5310
3136,125.440,55.6133,17.4506
3137,125.480,122.4426,82.3762
3138,125.520,86.7017,57.8408
3139,125.560,126.4150,61.0403
3140,125.600,85.0794,61.8352
3141,125.640,124.3803,59.8435
3142,125.680,71.2049,70.4598
3143,125.720,121.0489,67.2492
3144,125.760,71.0583,67.9565
3145,125.800,120.7942,67.8032
3146,125.840,70.9731,67.7571
3147,125.880,121.6012,68.4653
3148,125.920,70.9315,68.7642
3149,125.960,118.9012,67.3646
3150,126.000,70.9856,67.3303
3151,126.040,123.5772,71.3676
3152,126.080,71.6923,70.9813
3153,126.120,122.5094,69.4577
3154,126.160,71.7122,69.8440
3155,126.200,121.0878,67.7565
3156,126.240,71.3413,68.2439
3157,126.280,88.6444,49.8385
3158,126.320,86.1499,15.2240
3159,126.360,92.0247,16.6438
3160,126.400,91.9619,17.6706
3161,126.440,103.5725,23.3696
3162,126.480,101.4792,22.4850
3163,126.520,108.0905,20.3228
3164,126.560,104.6358,19.7613
3165,126.600,111.0431,18.5542
3166,126.640,105.9463,17.2533
3167,126.680,110.4598,15.9260
3168,126.720,108.5819,18.6621
3169,126.760,109.6947,19.7581
3170,126.800,104.0945,18.2812
3171,126.840,108.0699,18.9908
3172,126.880,102.9727,20.1942
3173,126.920,106.2690,20.2710
3174,126.960,100.7163,18.1809
3175,127.000,106.6804,18.4701
3176,127.040,102.0990,15.8768
3177,127.080,104.1419,18.3092
3178,127.120,100.9348,14.0792
3179,127.160,106.0219,15.4058
3180,127.200,102.3372,15.5608
3181,127.240,68.1114,56.2855
3182,127.280,67.2258,13.1403
3183,127.320,72.1358,14.8997
3184,127.360,69.6652,15.6122
3185,127.400,73.6783,17.3267
3186,127.440,69.9482,18.0668
3187,127.480,74.4985,18.4907
3188,127.520,67.4516,20.1480
3189,127.560,74.3828,23.8235
3190,127.600,60.4055,24.1721
3191,127.640,70.6097,23.3509
3192,127.680,56.7095,20.3635
3193,127.720,70.1379,21.0512
3194,127.760,57.4271,21.1872
3195,127.800,69.8037,20.5426
3196,127.840,56.7828,19.9569
3197,127.880,69.5765,21.1364
3198,127.920,58.6007,22.3255
3199,127.960,70.7526,20.6751
3200,128.000,60.6159,20.4817
3201,128.040,71.6008,18.8172
3202,128.080,61.7762,19.0769
3203,128.120,71.7387,18.1936
3204,128.160,61.3672,18.7661
3205,128.200,61.7310,7.9094
3206,128.240,61.6877,5.5073
3207,128.280,60.7522,5.4733
3208,128.320,59.6943,6.3344
3209,128.360,58.7283,6.6690
3210,128.400,57.9403,7.0497
3211,128.440,57.4888,7.5560
3212,128.480,56.7532,7.3546
3213,128.520,55.5936,6.3974
3214,128.560,55.0431,5.3374
3215,128.600,55.7800,7.5038
3216,128.640,76.7360,56.0637
3217,128.680,55.3776,55.7208
3218,128.720,68.2981,54.0366
3219,128.760,55.2797,54.1889
3220,128.800,58.5026,49.7151
3221,128.840,53.9745,49.8626
3222,128.880,44.2756,38.7885
3223,128.920,53.2344,38.5339
3224,128.960,42.1519,35.5053
3225,129.000,53.5642,37.4574
3226,129.040,48.7195,36.9419
3227,129.080,59.3251,42.2026
3228,129.120,63.9342,44.7193
3229,129.160,61.1224,47.8356
3230,129.200,66.9529,48.8419
3231,129.240,61.6452,48.4323
3232,129.280,70.2995,50.1369
3233,129.320,70.0062,49.5608
3234,129.360,71.4147,14.2323
3235,129.400,38.6147,46.3923
3236,129.440,34.1140,31.7097
3237,129.480,54.0258,33.1340
3238,129.520,55.3192,32.8532
3239,129.560,65.7424,31.0466
3240,129.600,56.4786,30.5340
3241,129.640,59.0160,29.8556
3242,129.680,46.4294,26.1981
3243,129.720,52.2074,22.2734
3244,129.760,40.4787,20.0841
3245,129.800,77.1187,48.6730
3246,129.840,127.5272,69.2753
3247,129.880,74.7736,71.3006
3248,129.920,127.4319,71.1019
3249,129.960,74.1144,71.3054
3250,130.000,126.9935,71.1353
3251,130.040,76.3947,69.3343
3252,130.080,131.2708,72.9374
3253,130.120,78.5599,71.9672
3254,130.160,126.8001,68.2201
3255,130.200,78.7749,68.8150
3256,130.240,129.0203,70.4842
3257,130.280,78.4501,70.2540
3258,130.320,128.2275,69.6825
3259,130.360,71.6735,72.5247
3260,130.400,70.2515,11.1827
3261,130.440,78.9601,11.4714
3262,130.480,74.5187,14.5165
3263,130.520,79.7748,17.6131
3264,130.560,62.2253,25.4647
3265,130.600,65.3543,27.3224
3266,130.640,49.6733,32.3187
3267,130.680,65.5451,34.4828
3268,130.720,52.5201,28.0003
3269,130.760,65.0301,28.2182
3270,130.800,51.5291,28.5669
3271,130.840,65.4887,27.4838
3272,130.880,54.9698,26.1990
3273,130.920,67.8687,26.3176
3274,130.960,59.5747,26.5153
3275,131.000,69.2161,25.0175
3276,131.040,58.7528,22.8528
3277,131.080,74.4562,41.2606
3278,131.120,67.4190,32.1497
3279,131.160,79.3580,31.7237
3280,131.200,73.2003,31.3637
3281,131.240,75.2858,30.0711
3282,131.280,72.4276,28.7269
3283,131.320,75.4684,24.0797
3284,131.360,74.0478,21.9456
3285,131.400,76.4772,23.5290
3286,131.440,78.6368,24.8690
3287,131.480,81.3563,23.7890
3288,131.520,81.9131,21.8137
3289,131.560,81.5722,23.8665
3290,131.600,78.2499,24.2594
3291,131.640,74.7247,28.6023
3292,131.680,67.2465,34.7619
3293,131.720,69.9284,38.3873
3294,131.760,66.2200,39.0180
3295,131.800,92.9467,53.4622
3296,131.840,131.2142,63.1719
3297,131.880,93.6001,62.3406
3298,131.920,130.7285,62.3903
3299,131.960,96.1874,59.3936
3300,132.000,130.4013,59.9407
3301,132.040,95.4223,58.5229
3302,132.080,135.9917,62.1601
3303,132.120,95.3633,60.4528
3304,132.160,135.5178,60.3492
3305,132.200,93.3625,61.7294
3306,132.240,128.9678,56.7092
3307,132.280,92.1504,56.7060
3308,132.320,72.0340,50.2164
3309,132.360,74.3990,22.9738
3310,132.400,70.3465,26.8139
3311,132.440,73.1492,23.8569
3312,132.480,74.9178,20.9521
3313,132.520,77.5660,19.0966
3314,132.560,76.4344,15.0598
3315,132.600,78.0394,22.8006
3316,132.640,75.0347,21.3586
3317,132.680,79.5285,17.4910
3318,132.720,77.7887,26.6212
3319,132.760,81.7958,29.3047
3320,132.800,79.1944,29.7942
3321,132.840,82.2086,30.8026
3322,132.880,81.4723,27.1252
3323,132.920,86.7558,24.6052
3324,132.960,60.0009,56.9322
3325,133.000,65.4250,27.2326
3326,133.040,62.0548,24.4047
3327,133.080,75.4059,30.4419
3328,133.120,80.6774,30.5169
3329,133.160,82.7169,23.4305
3330,133.200,79.9618,12.9102
3331,133.240,83.4597,19.6308
3332,133.280,76.8306,20.9242
3333,133.320,81.3591,17.8535
3334,133.360,76.2443,13.4640
3335,133.400,84.0984,17.6840
3336,133.440,78.7517,17.5229
3337,133.480,86.0632,16.7477
3338,133.520,70.9985,29.3863
3339,133.560,81.7169,18.1424
3340,133.600,79.4476,15.8263
3341,133.640,88.5491,18.3384
3342,133.680,85.5506,15.9804
3343,133.720,90.9034,12.5821
3344,133.760,84.2655,12.8403
3345,133.800,87.8544,12.1568
3346,133.840,79.4812,13.2053
3347,133.880,82.4494,13.5490
3348,133.920,73.3007,14.2788
3349,133.960,78.6881,15.3030
3350,134.000,68.6727,16.5626
3351,134.040,76.5508,17.7519
3352,134.080,74.0933,21.1322
3353,134.120,81.0822,21.8238
3354,134.160,76.6240,22.4199
3355,134.200,82.7120,23.5124
3356,134.240,75.1077,24.2797
3357,134.280,81.1908,25.3551
3358,134.320,67.6831,26.5131
3359,134.360,66.1578,14.9951
3360,134.400,67.6969,14.9474
3361,134.440,70.8494,17.1125
3362,134.480,73.9015,16.3344
3363,134.520,74.6344,14.1862
3364,134.560,72.9792,8.1763
3365,134.600,45.4641,49.8731
3366,134.640,45.1421,6.4901
3367,134.680,45.6522,8.2010
3368,134.720,45.2586,5.9248
3369,134.760,44.5633,9.0159
3370,134.800,44.0770,8.9061
3371,134.840,43.5003,8.4410
3372,134.880,43.9615,7.4906
3373,134.920,46.2256,10.2919
3374,134.960,45.0460,7.5278
3375,135.000,45.9924,7.8353
3376,135.040,42.8853,10.9053
3377,135.080,42.3641,11.8556
3378,135.120,39.1068,11.5172
3379,135.160,40.8201,12.0653
3380,135.200,38.0414,11.8638
3381,135.240,41.0252,11.4916
3382,135.280,122.9853,91.8999
3383,135.320,80.6829,62.4090
3384,135.360,122.5974,62.3442
3385,135.400,81.1694,61.6187
3386,135.440,123.8156,62.8403
3387,135.480,81.7342,62.8121
3388,135.520,122.4122,61.8917
3389,135.560,81.7387,61.2003
3390,135.600,122.7354,61.8726
3391,135.640,82.0990,61.2631
3392,135.680,127.0070,65.3369
3393,135.720,82.1730,65.1308
3394,135.760,122.8384,61.3293
3395,135.800,82.6002,61.2668
3396,135.840,123.0883,61.4776
3397,135.880,83.7820,62.1980
3398,135.920,124.3003,63.2537
3399,135.960,83.6366,63.2837
3400,136.000,123.6054,62.4520
3401,136.040,83.6861,61.9756
3402,136.080,123.4280,62.2972
3403,136.120,83.8320,62.0796
3404,136.160,125.2238,63.6768
3405,136.200,83.7615,63.6286
3406,136.240,126.4138,64.7975
3407,136.280,83.5138,65.1772
3408,136.320,120.9387,60.6542
3409,136.360,82.2426,62.9680
3410,136.400,125.8960,64.8198
3411,136.440,83.1669,65.3583
3412,136.480,128.2276,66.9922
3413,136.520,83.5187,65.4879
3414,136.560,123.3632,62.8256
3415,136.600,83.6538,62.6275
3416,136.640,123.3493,62.5097
3417,136.680,83.7926,62.1040
3418,136.720,123.3096,62.2342
3419,136.760,85.6258,64.7562
3420,136.800,124.8214,66.3620
3421,136.840,85.8046,65.6232
3422,136.880,125.2111,66.0046
3423,136.920,85.8113,66.1582
3424,136.960,123.3071,64.3924
3425,137.000,85.9787,64.7444
3426,137.040,123.1311,64.6598
3427,137.080,85.8637,64.5839
3428,137.120,123.3049,64.8287
3429,137.160,85.8608,64.8161
3430,137.200,123.1267,64.5515
3431,137.240,86.2024,64.3633
3432,137.280,125.7274,66.6833
3433,137.320,86.0050,66.6640
3434,137.360,123.2781,64.6167
3435,137.400,85.7850,64.8820
3436,137.440,36.6019,52.3915
3437,137.480,53.5761,22.1446
3438,137.520,38.8235,21.6227
3439,137.560,54.5688,22.5731
3440,137.600,37.7612,23.6901
3441,137.640,38.3233,11.6694
3442,137.680,39.8717,12.7587
3443,137.720,44.0337,14.2703
3444,137.760,44.6821,12.8249
3445,137.800,44.4687,11.8845
3446,137.840,44.1651,10.6391
3447,137.880,44.8542,11.3413
3448,137.920,45.6815,12.3186
3449,137.960,46.7165,12.1515
3450,138.000,46.9796,11.6649
3451,138.040,45.2250,10.2775
3452,138.080,41.9097,9.0667
3453,138.120,42.5048,10.7516
3454,138.160,41.1306,10.9873
3455,138.200,45.0956,11.1358
3456,138.240,45.5873,11.0937
3457,138.280,48.7202,10.7235
3458,138.320,47.6091,9.4768
3459,138.360,50.5447,9.8627
3460,138.400,49.8151,10.6704
3461,138.440,82.5933,39.7265
3462,138.480,126.6085,63.6918
3463,138.520,82.5067,63.8835
3464,138.560,125.7656,62.7589
3465,138.600,83.0908,62.8749
3466,138.640,125.4421,62.7803
3467,138.680,83.1328,63.1946
3468,138.720,127.3673,64.5985
3469,138.760,83.0271,65.0384
3470,138.800,126.6547,64.4282
3471,138.840,82.7010,64.4267
3472,138.880,123.8167,62.3085
3473,138.920,82.4722,62.4624
3474,138.960,125.3919,63.5086
3475,139.000,82.1053,64.1356
3476,139.040,123.3107,62.4312
3477,139.080,82.2397,62.6679
3478,139.120,123.4524,62.9394
3479,139.160,55.0861,88.6926
3480,139.200,44.0621,14.0589
3481,139.240,54.3026,18.0426
3482,139.280,45.0883,17.5222
3483,139.320,56.3987,18.6972
3484,139.360,46.4460,18.9319
3485,139.400,52.3488,17.8156
3486,139.440,40.3138,17.7697
3487,139.480,52.0806,16.5153
3488,139.520,43.5881,13.9171
3489,139.560,83.5662,48.1377
3490,139.600,81.5553,5.0611
3491,139.640,83.4573,5.0815
3492,139.680,81.6507,5.3708
3493,139.720,82.7990,4.4822
3494,139.760,70.4057,49.6654
3495,139.800,65.1702,29.8315
3496,139.840,58.4481,26.1819
3497,139.880,67.1678,27.9063
3498,139.920,69.3501,26.6641
3499,139.960,77.6459,28.1010
3500,140.000,78.1587,27.3705
3501,140.040,86.4320,27.6863
3502,140.080,84.4356,27.0281
3503,140.120,94.5156,25.7305
3504,140.160,87.4577,22.6361
3505,140.200,95.6887,21.5894
3506,140.240,86.7803,21.4933
3507,140.280,91.3451,21.5657
3508,140.320,85.1990,21.2695
3509,140.360,87.5650,21.4538
3510,140.400,81.1385,21.5531
3511,140.440,81.5056,20.2350
3512,140.480,76.5093,16.0360
3513,140.520,75.5092,17.0925
3514,140.560,69.1050,17.1097
3515,140.600,72.7994,18.7885
3516,140.640,63.0722,21.1567
3517,140.680,71.1060,21.7784
3518,140.720,62.4801,22.3448
3519,140.760,68.7469,21.9990
3520,140.800,62.9988,20.3865
3521,140.840,62.5758,7.3955
3522,140.880,63.4719,10.5985
3523,140.920,66.0097,15.9159
3524,140.960,71.2704,20.4081
3525,141.000,83.5194,27.0291
3526,141.040,87.5841,31.9426
3527,141.080,59.1906,37.8597
3528,141.120,27.4806,35.1839
3529,141.160,18.1050,11.1536
3530,141.200,52.1769,43.2360
3531,141.240,50.8497,12.8466
3532,141.280,49.0067,12.6371
3533,141.320,46.5847,13.6500
3534,141.360,44.4800,13.9302
3535,141.400,42.8722,12.6587
3536,141.440,42.4028,11.1376
3537,141.480,43.1522,11.3287
3538,141.520,43.9307,10.1899
3539,141.560,45.0807,8.7324
3540,141.600,46.1364,9.6324
3541,141.640,46.9215,7.1688
3542,141.680,76.2661,34.4624
3543,141.720,87.5162,27.6148
3544,141.760,57.7584,42.0064
3545,141.800,41.0429,24.3291
3546,141.840,38.0240,13.6313
3547,141.880,37.4517,4.3879
3548,141.920,39.2624,13.0169
3549,141.960,41.8874,12.0127
3550,142.000,42.7752,6.0446
3551,142.040,42.4685,9.8370
3552,142.080,42.5555,10.0762
3553,142.120,43.0385,9.3858
3554,142.160,44.4391,10.0260
3555,142.200,47.8946,12.9191
3556,142.240,56.4616,18.0972
3557,142.280,60.9916,17.1104
3558,142.320,62.3382,10.9517
3559,142.360,62.6255,10.6092
3560,142.400,63.1465,14.6765
3561,142.440,63.2444,15.7068
3562,142.480,62.6663,17.1899
3563,142.520,60.8741,18.4060
3564,142.560,60.6244,15.4873
3565,142.600,60.3397,10.8551
3566,142.640,60.5429,8.2285
3567,142.680,60.9482,9.8789
3568,142.720,61.5644,11.2515
3569,142.760,62.4902,10.9004
3570,142.800,62.7015,9.4889
3571,142.840,62.9444,8.4303
3572,142.880,62.9487,6.2091
3573,142.920,63.2703,7.3852
3574,142.960,63.0731,8.9371
3575,143.000,62.7192,7.6640
3576,143.040,62.4438,7.5067
3577,143.080,62.2866,7.3653
3578,143.120,60.9395,4.9839
3579,143.160,60.4295,3.8150
3580,143.200,60.1619,5.4210
3581,143.240,60.1678,6.4437
3582,143.280,60.4991,8.2193
3583,143.320,60.6133,12.2230
3584,143.360,60.3624,14.4924
3585,143.400,61.1116,17.6133
3586,143.440,61.5738,16.4840
3587,143.480,62.9099,12.2721
3588,143.520,63.9824,8.2143
3589,143.560,63.7658,7.4053
3590,143.600,62.9424,5.3083
3591,143.640,63.7634,8.1527
3592,143.680,62.6295,7.9926
3593,143.720,61.2074,8.8254
3594,143.760,59.7397,8.4159
3595,143.800,60.0883,8.6469
3596,143.840,59.6368,9.6590
3597,143.880,60.6120,11.8433
3598,143.920,62.1519,10.0198
3599,143.960,64.1897,7.4390
3600,144.000,66.4067,11.2038
3601,144.040,69.1241,12.5946
3602,144.080,72.6958,11.7368
3603,144.120,74.8041,9.3164
3604,144.160,75.9661,7.5353
3605,144.200,77.9074,7.9203
3606,144.240,80.2110,9.2798
3607,144.280,82.6538,7.7840
3608,144.320,82.5742,4.4037
3609,144.360,83.6767,5.2863
3610,144.400,83.8828,5.1849
3611,144.440,83.3439,4.2093
3612,144.480,83.4751,4.2385
3613,144.520,83.3040,3.6780
3614,144.560,83.3342,3.1656
3615,144.600,82.2756,6.1787
3616,144.640,82.2381,6.9662
3617,144.680,81.6099,9.1062
3618,144.720,79.7374,10.6091
3619,144.760,79.2188,10.5342
3620,144.800,77.6524,10.3710
3621,144.840,76.1026,10.8325
3622,144.880,74.6137,12.1467
3623,144.920,72.0303,12.9634
3624,144.960,69.2507,14.5443
3625,145.000,67.3967,15.2143
3626,145.040,66.3006,14.7933
3627,145.080,65.3738,15.1192
3628,145.120,65.7324,13.7354
3629,145.160,67.1615,13.8869
3630,145.200,67.7548,13.4877
3631,145.240,68.3594,12.1479
3632,145.280,69.2067,8.7392
3633,145.320,68.8290,7.3240
3634,145.360,68.5726,9.0032
3635,145.400,67.4308,8.2585
3636,145.440,67.0185,8.1731
3637,145.480,66.5764,5.9913
3638,145.520,66.7364,7.5346
3639,145.560,66.5085,8.2815
3640,145.600,66.7666,7.3795
3641,145.640,66.2390,4.8733
3642,145.680,65.6501,7.3391
3643,145.720,65.0310,10.7233
3644,145.760,63.5990,11.1694
3645,145.800,61.9690,11.4637
3646,145.840,60.7133,9.8135
3647,145.880,59.8269,9.2660
3648,145.920,59.1835,7.1141
3649,145.960,59.4017,5.6482
3650,146.000,59.6622,5.3206
3651,146.040,60.2226,8.2224
3652,146.080,60.2854,5.2143
3653,146.120,61.2296,6.7950
3654,146.160,62.8514,10.2538
3655,146.200,64.5876,10.2455
3656,146.240,65.3098,13.3596
3657,146.280,64.9987,12.8240
3658,146.320,65.7185,11.6731
3659,146.360,66.3076,13.6630
3660,146.400,67.1671,13.8997
3661,146.440,67.5402,13.7505
3662,146.480,69.0178,13.5876
3663,146.520,70.8310,14.0140
3664,146.560,71.6005,12.9753
3665,146.600,72.0129,10.9119
3666,146.640,74.0014,9.7033
3667,146.680,73.9414,7.8218
3668,146.720,73.9126,7.1359
3669,146.760,73.1043,6.7784
3670,146.800,71.1900,8.0044
3671,146.840,70.0533,7.1828
3672,146.880,69.5643,8.0422
3673,146.920,67.7697,10.2808
3674,146.960,67.5664,11.2974
3675,147.000,68.4723,13.1208
3676,147.040,67.3957,13.9124
3677,147.080,66.6878,11.3610
3678,147.120,66.3368,9.6826
3679,147.160,66.6386,11.3175
3680,147.200,59.0185,42.0468
3681,147.240,60.1039,11.2586
3682,147.280,61.0662,8.0521
3683,147.320,61.2560,4.7620
3684,147.360,61.5902,3.4926
3685,147.400,61.6852,5.3661
3686,147.440,62.0338,9.2468
3687,147.480,61.3494,10.3169
3688,147.520,61.2025,9.4912
3689,147.560,61.9140,8.6519
3690,147.600,60.9160,8.0563
3691,147.640,61.0513,5.4322
3692,147.680,62.4310,7.5860
3693,147.720,62.3901,6.2802
3694,147.760,63.4509,6.0641
3695,147.800,63.7765,4.8637
3696,147.840,64.5137,4.3992
3697,147.880,65.5831,5.6882
3698,147.920,65.9518,8.8277
3699,147.960,65.4317,8.7568
3700,148.000,66.1489,7.4097
3701,148.040,66.8627,7.1683
3702,148.080,67.5816,5.5710
3703,148.120,68.3868,9.7466
3704,148.160,68.3397,9.2064
3705,148.200,69.5665,8.8513
3706,148.240,69.6160,8.1328
3707,148.280,69.6246,7.6937
3708,148.320,69.0960,7.9149
3709,148.360,69.0322,6.1224
3710,148.400,69.5519,5.9481
3711,148.440,69.1810,7.3703
3712,148.480,69.1216,8.5624
3713,148.520,69.5539,7.3149
3714,148.560,70.0303,8.0688
3715,148.600,69.9001,8.0473
3716,148.640,69.8356,7.8221
3717,148.680,69.8355,8.9299
3718,148.720,70.0713,8.1806
3719,148.760,70.7142,10.6958
3720,148.800,70.7819,10.1282
3721,148.840,71.9892,10.1503
3722,148.880,73.1004,9.2940
3723,148.920,73.8366,9.5998
3724,148.960,74.2889,11.8778
3725,149.000,74.5724,6.4183
3726,149.040,77.1441,7.3833
3727,149.080,77.3910,6.6494
3728,149.120,79.3535,7.9746
3729,149.160,80.0353,6.5822
3730,149.200,80.6617,5.7474
3731,149.240,81.5333,5.3883
3732,149.280,82.5728,4.6326
3733,149.320,84.5847,6.1579
3734,149.360,84.4411,6.3914
3735,149.400,85.2499,7.7368
3736,149.440,87.0978,7.4124
3737,149.480,88.2816,6.1855
3738,149.520,90.0876,5.6800
3739,149.560,88.0001,5.4750
3740,149.600,88.1600,4.2777
3741,149.640,87.9019,5.5398
3742,149.680,87.8969,6.9451
3743,149.720,86.7542,6.2922
3744,149.760,86.8026,6.5097
3745,149.800,85.6707,7.1420
3746,149.840,87.0242,8.5583
3747,149.880,84.3561,7.5155
3748,149.920,84.3366,5.5209
3749,149.960,84.5313,6.1765
3750,150.000,86.2007,4.8018
3751,150.040,41.6118,62.8392
3752,150.080,41.2597,2.2628
3753,150.120,41.2413,2.1865
3754,150.160,41.1958,2.4897
3755,150.200,41.5399,0.6906
3756,150.240,41.4515,2.1426
3757,150.280,41.6422,2.3715
3758,150.320,41.2638,0.8833
3759,150.360,41.5640,2.4852
3760,150.400,41.2893,2.0412
3761,150.440,41.8441,2.1277
3762,150.480,41.4728,1.2953
3763,150.520,42.2221,2.2469
3764,150.560,41.3845,2.3992
3765,150.600,42.2386,1.9131
3766,150.640,41.5006,2.2692
3767,150.680,42.3676,2.6597
3768,150.720,41.4574,2.7158
3769,150.760,42.3320,2.4615
3770,150.800,41.2645,2.9013
3771,150.840,42.6090,3.1745
3772,150.880,41.3649,2.9266
3773,150.920,42.4207,3.4656
3774,150.960,41.2683,3.4726
3775,151.000,42.8172,3.7896
3776,151.040,41.4190,3.1956
3777,151.080,43.2090,3.3919
3778,151.120,41.6217,3.2961
3779,151.160,43.2968,3.3638
3780,151.200,41.9493,3.5267
3781,151.240,43.3257,3.8060
3782,151.280,41.6925,3.7701
3783,151.320,43.5653,3.6451
3784,151.360,41.8653,3.7365
3785,151.400,43.4698,4.1017
3786,151.440,41.6125,3.8063
3787,151.480,43.6120,4.0349
3788,151.520,41.8280,3.6740
3789,151.560,44.0449,3.6398
3790,151.600,41.9823,3.3205
3791,151.640,43.8068,3.9781
3792,151.680,41.4346,3.9533
3793,151.720,43.7697,3.2708
3794,151.760,41.3629,3.6046
3795,151.800,43.7319,3.9069
3796,151.840,41.5260,3.7069
3797,151.880,44.0615,3.1379
3798,151.920,41.5243,3.8747
3799,151.960,44.1693,4.2346
3800,152.000,40.9906,5.8070
3801,152.040,43.7053,2.9269
3802,152.080,40.9753,4.0577
3803,152.120,43.8844,3.1256
3804,152.160,41.0510,3.1059
3805,152.200,44.0097,3.3014
3806,152.240,41.1864,4.2059
3807,152.280,44.2158,3.4748
3808,152.320,41.1713,3.4438
3809,152.360,44.1487,4.2732
3810,152.400,41.0537,4.4200
3811,152.440,44.3415,3.6735
3812,152.480,41.0333,4.3810
3813,152.520,44.3933,4.5602
3814,152.560,41.1071,4.5203
3815,152.600,44.5990,3.9605
3816,152.640,41.0672,4.6296
3817,152.680,44.6296,4.6863
3818,152.720,41.0706,3.9199
3819,152.760,44.7983,4.7374
3820,152.800,41.0240,4.8355
3821,152.840,45.0515,4.9483
3822,152.880,41.1967,4.2011
3823,152.920,44.9595,4.9913
3824,152.960,41.1014,4.7812
3825,153.000,45.1974,4.4582
3826,153.040,41.0444,5.2330
3827,153.080,45.2895,5.4276
3828,153.120,41.0234,5.2306
3829,153.160,45.4123,4.6308
3830,153.200,0.0000,45.4123
