frame,pts_seconds,gray_mean,mean_absolute_difference
0,0.000,23.3211,0.0000
1,0.042,23.3498,0.2941
2,0.083,23.0399,0.4211
3,0.125,23.3319,0.4056
4,0.167,14.4251,11.8060
5,0.208,14.4259,0.0270
6,0.250,14.4158,0.0180
7,0.292,12.0691,6.8697
8,0.333,11.9208,0.1601
9,0.375,22.8833,12.8463
10,0.417,22.8931,0.0753
11,0.458,22.8960,0.0735
12,0.500,35.6437,17.2921
13,0.542,35.5324,0.3988
14,0.583,15.6998,22.9862
15,0.625,15.9010,0.3290
16,0.667,15.9073,0.0443
17,0.708,14.7131,6.4452
18,0.750,14.7603,0.0897
19,0.792,37.3881,25.8689
20,0.833,37.3488,0.2871
21,0.875,37.4268,0.2323
22,0.917,21.2175,22.7849
23,0.958,21.2097,0.0313
24,1.000,14.2425,10.6871
25,1.042,14.2485,0.0200
26,1.083,14.2454,0.0259
27,1.125,17.0853,7.9497
28,1.167,17.3106,0.3196
29,1.208,13.4045,9.3210
30,1.250,13.4237,0.0338
31,1.292,13.4232,0.0119
32,1.333,71.6695,61.1220
33,1.375,71.5010,0.6231
34,1.417,108.2426,37.1757
35,1.458,108.2540,0.6037
36,1.500,108.3694,0.4151
37,1.542,71.2022,37.4150
38,1.583,71.2336,0.4373
39,1.625,65.7886,9.7866
40,1.667,65.7862,0.0066
41,1.708,65.7861,0.0040
42,1.750,43.6483,23.0108
43,1.792,43.7310,0.4388
44,1.833,60.2039,20.2254
45,1.875,60.2987,0.7778
46,1.917,60.3352,0.5530
47,1.958,43.1165,18.3870
48,2.000,43.0390,0.4217
49,2.042,24.2338,18.8167
50,2.083,24.2389,0.1607
51,2.125,24.1684,0.2051
52,2.167,23.4835,3.0701
53,2.208,23.4561,0.1123
54,2.250,25.1954,3.2887
55,2.292,25.3131,0.1767
56,2.333,25.3189,0.0293
57,2.375,56.5980,31.3882
58,2.417,56.7174,0.6544
59,2.458,56.7043,0.4254
60,2.500,33.4547,23.9085
61,2.542,33.4064,0.2436
62,2.583,26.2477,8.1195
63,2.625,26.2598,0.1764
64,2.667,26.2600,0.1147
65,2.708,54.0802,28.1546
66,2.750,54.0148,0.4190
67,2.792,42.7320,13.1168
68,2.833,42.6617,0.3433
69,2.875,42.7131,0.1605
70,2.917,27.5087,15.7999
71,2.958,27.5117,0.1829
72,3.000,27.5701,2.7260
73,3.042,27.5876,0.1427
74,3.083,27.5770,0.2171
75,3.125,11.9465,17.3309
76,3.167,11.9391,0.0711
77,3.208,15.6777,4.0902
78,3.250,15.6741,0.0584
79,3.292,15.6571,0.0369
80,3.333,56.6026,41.6834
81,3.375,56.6226,0.5615
82,3.417,50.6836,27.0305
83,3.458,50.7048,0.0655
84,3.500,50.7105,0.0124
85,3.542,44.1361,21.6094
86,3.583,44.1335,0.3087
87,3.625,44.1605,14.2868
88,3.667,44.1742,0.1179
89,3.708,44.1830,0.0780
90,3.750,57.9356,25.6087
91,3.792,57.9380,0.0853
92,3.833,77.3711,33.8805
93,3.875,77.2790,0.7215
94,3.917,77.4400,0.4349
95,3.958,53.7888,43.8130
96,4.000,53.7897,0.2013
97,4.042,13.6692,41.7922
98,4.083,13.6664,0.0424
99,4.125,13.7121,0.1040
100,4.167,23.4190,13.9357
101,4.208,23.3810,0.2503
102,4.250,121.5600,99.9944
103,4.292,121.3857,1.8411
104,4.333,121.7403,1.0607
105,4.375,27.8764,94.1206
106,4.417,27.8139,0.1273
107,4.458,79.2246,59.6191
108,4.500,79.3031,0.4555
109,4.542,79.3177,0.3946
110,4.583,76.8824,46.1838
111,4.625,76.8122,0.4760
112,4.667,76.9300,0.2869
113,4.708,70.3005,23.2703
114,4.750,70.1695,0.7220
115,4.792,29.3579,41.4194
116,4.833,29.1825,0.3809
117,4.875,29.2894,0.1256
118,4.917,27.4969,29.6008
119,4.958,27.4911,0.1275
120,5.000,27.9699,2.9372
121,5.042,28.0287,1.7948
122,5.083,28.3755,0.3968
123,5.125,29.8693,3.1263
124,5.167,29.8622,0.1180
125,5.208,31.5015,3.2827
126,5.250,31.4544,0.1594
127,5.292,31.4635,0.0377
128,5.333,31.7546,4.2490
129,5.375,31.8142,0.1990
130,5.417,32.8913,2.3550
131,5.458,32.9540,0.1851
132,5.500,32.8909,0.1340
133,5.542,34.8904,4.3264
134,5.583,34.8483,0.2885
135,5.625,36.3900,3.8643
136,5.667,36.4556,0.1619
137,5.708,36.4142,0.1570
138,5.750,39.2132,5.2241
139,5.792,39.1621,0.1629
140,5.833,43.7153,6.4419
141,5.875,43.7476,0.1785
142,5.917,43.6885,0.1987
143,5.958,44.0253,5.2586
144,6.000,44.0875,0.2031
145,6.042,48.9371,6.7084
146,6.083,48.9482,0.0447
147,6.125,48.9659,0.0223
148,6.167,36.9624,23.9337
149,6.208,37.0658,0.4407
150,6.250,39.3189,16.1536
151,6.292,39.4015,0.3344
152,6.333,39.4289,0.2568
153,6.375,52.1450,18.8880
154,6.417,52.2487,0.4737
155,6.458,54.3996,7.0212
156,6.500,54.4873,0.3411
157,6.542,54.4128,0.2980
158,6.583,56.7950,10.6428
159,6.625,56.7046,0.2904
160,6.667,60.6579,10.2288
161,6.708,60.6095,0.2834
162,6.750,60.6190,0.1616
163,6.792,65.6112,11.3574
164,6.833,65.7088,0.2039
165,6.875,65.7256,0.2035
166,6.917,66.8020,9.0389
167,6.958,66.6233,0.6624
168,7.000,67.4013,8.1231
169,7.042,67.4206,0.1360
170,7.083,67.3512,0.1308
171,7.125,66.8939,8.7225
172,7.167,66.9183,0.1623
173,7.208,66.8340,9.5399
174,7.250,66.8522,0.1065
175,7.292,66.8822,0.0321
176,7.333,64.7092,9.5782
177,7.375,64.7670,0.2245
178,7.417,65.7223,8.1389
179,7.458,65.7378,0.1227
180,7.500,65.7361,0.1403
181,7.542,64.2425,9.8518
182,7.583,64.2086,0.2608
183,7.625,64.9158,8.7451
184,7.667,64.9117,0.1444
185,7.708,64.8431,0.1227
186,7.750,64.1403,9.2839
187,7.792,64.1205,0.0985
188,7.833,67.5718,8.5113
189,7.875,67.6273,0.0890
190,7.917,67.6272,0.0087
191,7.958,62.6966,10.2437
192,8.000,62.7389,1.1617
193,8.042,60.5063,7.7850
194,8.083,60.4872,1.2648
195,8.125,60.6587,0.7315
196,8.167,37.7552,24.4074
197,8.208,37.8813,0.6643
198,8.250,18.5952,19.6657
199,8.292,18.5999,0.0955
200,8.333,18.5293,0.1270
201,8.375,9.0233,9.8952
202,8.417,9.0862,0.1028
203,8.458,9.3666,0.4073
204,8.500,9.4088,0.1119
205,8.542,9.4453,0.1041
206,8.583,9.5879,0.5947
207,8.625,9.6105,0.0400
208,8.667,9.9451,0.7206
209,8.708,9.9790,0.0631
210,8.750,9.9705,0.0276
211,8.792,11.7857,2.3811
212,8.833,11.9188,0.1875
213,8.875,13.9689,3.5197
214,8.917,13.9928,0.0722
215,8.958,13.9490,0.0871
216,9.000,21.8054,16.2236
217,9.042,21.8200,0.0481
218,9.083,21.8281,0.0148
219,9.125,88.1918,71.8846
220,9.167,88.3553,1.6725
221,9.208,18.7290,72.1676
222,9.250,18.7795,0.1127
223,9.292,18.7791,0.1547
224,9.333,88.3068,75.4373
225,9.375,88.4872,1.5033
226,9.417,66.7868,53.6492
227,9.458,66.8647,0.1585
228,9.500,66.8824,0.0206
229,9.542,44.0819,33.3471
230,9.583,44.1778,0.6135
231,9.625,18.0841,35.3144
232,9.667,18.1088,0.0945
233,9.708,18.0747,0.1273
234,9.750,33.2652,24.4821
235,9.792,33.3308,0.3077
236,9.833,25.7118,11.2405
237,9.875,25.7235,0.1106
238,9.917,25.6225,0.3470
239,9.958,22.3327,5.5287
240,10.000,22.3235,0.0655
241,10.042,26.0780,23.6787
242,10.083,26.0895,1.6381
243,10.125,26.2794,0.2427
244,10.167,38.5205,12.2815
245,10.208,38.4562,0.2087
246,10.250,28.0835,10.4761
247,10.292,28.0991,0.1212
248,10.333,28.0130,0.1822
249,10.375,29.0814,2.8135
250,10.417,29.0740,0.2032
251,10.458,29.4933,1.4727
252,10.500,29.5146,0.0698
253,10.542,29.4525,0.1369
254,10.583,28.8945,1.7070
255,10.625,28.8969,0.2361
256,10.667,29.4136,1.4813
257,10.708,29.4262,0.0831
258,10.750,29.3974,0.1107
259,10.792,44.7355,44.6687
260,10.833,44.7614,0.6973
261,10.875,44.4693,3.6138
262,10.917,44.5126,0.0947
263,10.958,44.5262,0.0398
264,11.000,45.2670,3.1528
265,11.042,45.2789,0.4051
266,11.083,43.1346,4.1519
267,11.125,43.0995,0.1488
268,11.167,43.1497,0.1091
269,11.208,45.1849,3.7829
270,11.250,45.2101,0.0707
271,11.292,45.2311,0.0284
272,11.333,44.7078,3.0652
273,11.375,44.6828,0.1213
274,11.417,43.5671,4.2956
275,11.458,43.5420,0.1063
276,11.500,43.5207,0.1630
277,11.542,41.3783,4.2337
278,11.583,41.3664,0.0517
279,11.625,42.8708,2.8411
280,11.667,42.8998,0.1332
281,11.708,42.8546,0.1035
282,11.750,42.1592,3.9488
283,11.792,42.1320,0.0758
284,11.833,41.1671,2.4304
285,11.875,41.1384,0.0876
286,11.917,41.1731,0.0469
287,11.958,39.1994,3.9898
288,12.000,39.2534,0.2631
289,12.042,39.9627,3.3102
290,12.083,39.9835,0.3028
291,12.125,40.0746,0.2846
292,12.167,40.7228,2.4962
293,12.208,40.7041,0.1347
294,12.250,39.3279,3.4819
295,12.292,39.3900,0.1840
296,12.333,39.3519,0.1572
297,12.375,119.5579,87.1363
298,12.417,119.5693,1.2002
299,12.458,85.8556,45.5847
300,12.500,85.9688,0.2636
301,12.542,85.9068,0.2519
302,12.583,87.8344,47.1445
303,12.625,87.9901,0.8008
304,12.667,78.8740,27.1065
305,12.708,79.0765,0.5927
306,12.750,78.9575,0.4946
307,12.792,78.9243,14.4957
308,12.833,78.8355,0.3559
309,12.875,87.0620,15.1444
310,12.917,87.0883,0.3515
311,12.958,86.9439,0.3153
312,13.000,64.6752,24.0597
313,13.042,64.7100,0.3083
314,13.083,66.0065,8.2461
315,13.125,66.0905,0.1808
316,13.167,66.1082,0.0379
317,13.208,60.0287,11.0819
318,13.250,60.0610,0.7538
319,13.292,53.9946,12.4727
320,13.333,53.9697,0.7779
321,13.375,54.0225,0.4834
322,13.417,45.4029,15.4077
323,13.458,45.5395,0.6687
324,13.500,45.5711,0.4607
325,13.542,43.3288,14.0479
326,13.583,43.2162,0.4249
327,13.625,50.5008,12.9803
328,13.667,50.4005,0.6678
329,13.708,50.5261,0.3241
330,13.750,49.6172,11.1378
331,13.792,49.5078,0.6539
332,13.833,49.4273,5.7761
333,13.875,49.5135,0.2968
334,13.917,49.4564,0.3509
335,13.958,45.9199,7.3904
336,14.000,45.9491,0.4039
337,14.042,47.9536,36.8235
338,14.083,48.0557,0.3457
339,14.125,47.9957,0.3408
340,14.167,47.7589,7.0989
341,14.208,47.6182,0.5615
342,14.250,47.2485,5.0201
343,14.292,47.3213,0.1836
344,14.333,47.3208,0.0153
345,14.375,48.1443,6.0279
346,14.417,48.1275,0.5002
347,14.458,46.6484,5.7924
348,14.500,46.7588,0.5457
349,14.542,46.7774,0.2765
350,14.583,50.0299,6.9815
351,14.625,50.0048,0.4419
352,14.667,51.4871,5.7898
353,14.708,51.5343,0.3424
354,14.750,51.5603,0.1772
355,14.792,52.7470,7.8062
356,14.833,52.7703,0.0492
357,14.875,53.5082,6.5947
358,14.917,53.5264,0.0545
359,14.958,53.5144,0.0428
360,15.000,52.3431,8.0338
361,15.042,52.3499,0.0414
362,15.083,47.4923,8.6451
363,15.125,47.7948,2.6373
364,15.167,47.7781,0.0779
365,15.208,81.8296,48.1123
366,15.250,81.7935,0.1587
367,15.292,136.6814,58.8474
368,15.333,136.6022,0.2665
369,15.375,136.4222,0.3204
370,15.417,14.3047,122.1175
371,15.458,14.3043,0.0480
372,15.500,16.5018,8.6196
373,15.542,16.5111,0.2228
374,15.583,16.5677,0.0954
375,15.625,60.2299,45.9718
376,15.667,60.5878,0.9439
377,15.708,60.4329,0.9027
378,15.750,18.9596,42.5163
379,15.792,18.9622,0.0579
380,15.833,17.2861,13.0090
381,15.875,17.2935,0.1304
382,15.917,17.3082,0.1025
383,15.958,16.2500,9.7764
384,16.000,16.2877,0.1499
385,16.042,24.4842,15.9068
386,16.083,24.4808,0.2666
387,16.125,24.4988,0.1643
388,16.167,34.1591,16.7967
389,16.208,34.1153,0.4051
390,16.250,30.2753,15.9281
391,16.292,30.2048,0.1296
392,16.333,30.2551,0.0552
393,16.375,11.6829,23.6305
394,16.417,11.6774,0.0811
395,16.458,11.6295,5.0553
396,16.500,11.6336,0.0825
397,16.542,11.6232,0.0848
398,16.583,11.4596,5.2990
399,16.625,11.4542,0.0387
400,16.667,11.6328,5.2246
401,16.708,11.6583,0.0680
402,16.750,11.6500,0.0331
403,16.792,11.4638,4.7068
404,16.833,11.4565,0.0415
405,16.875,11.3978,4.0973
406,16.917,11.4063,0.0227
407,16.958,11.3695,0.0619
408,17.000,12.4868,6.1489
409,17.042,12.4884,0.0684
410,17.083,12.7887,5.0542
411,17.125,12.7827,0.0682
412,17.167,12.8008,0.0750
413,17.208,13.0357,6.8279
414,17.250,13.0348,0.0534
415,17.292,14.0621,6.0947
416,17.333,14.1308,0.0992
417,17.375,14.1253,0.0506
418,17.417,12.4798,7.8098
419,17.458,12.4703,0.0603
420,17.500,56.4678,48.2537
421,17.542,56.4902,0.0517
422,17.583,56.5150,0.0286
423,17.625,54.3045,5.9242
424,17.667,54.3658,1.0095
425,17.708,55.7766,4.8740
426,17.750,55.8630,1.0457
427,17.792,55.9970,0.6339
428,17.833,56.8423,8.0620
429,17.875,56.9224,0.6532
430,17.917,56.9825,0.4938
431,17.958,32.7893,24.8118
432,18.000,32.7188,0.4969
433,18.042,20.0173,13.0169
434,18.083,19.9968,0.1121
435,18.125,20.0150,0.0684
436,18.167,17.1140,4.4182
437,18.208,17.1299,0.1401
438,18.250,16.9303,1.2600
439,18.292,16.9434,0.0524
440,18.333,16.9472,0.1096
441,18.375,17.3460,1.9482
442,18.417,17.3313,0.1900
443,18.458,17.9961,2.0360
444,18.500,18.0000,0.1174
445,18.542,17.9362,0.1297
446,18.583,17.1091,2.2961
447,18.625,17.0642,0.1447
448,18.667,17.0958,2.4990
449,18.708,17.1061,0.0895
450,18.750,17.1328,0.0363
451,18.792,16.5167,2.3051
452,18.833,16.4840,0.1982
453,18.875,16.1835,1.7350
454,18.917,16.2121,0.0614
455,18.958,16.2014,0.1138
456,19.000,18.2539,3.5426
457,19.042,18.2583,0.2400
458,19.083,15.6695,3.0018
459,19.125,15.6775,0.0330
460,19.167,15.6898,0.0152
461,19.208,15.4153,2.2380
462,19.250,15.4403,0.1446
463,19.292,7.8511,8.7633
464,19.333,7.8475,0.0220
465,19.375,7.8328,0.0541
466,19.417,10.7180,3.2990
467,19.458,10.7226,0.0410
468,19.500,16.2674,7.4728
469,19.542,16.2497,0.0970
470,19.583,16.2351,0.0554
471,19.625,32.2290,20.3983
472,19.667,32.2876,0.1806
473,19.708,35.6462,14.4781
474,19.750,35.6994,0.2399
475,19.792,35.7091,0.1797
476,19.833,33.9978,14.8935
477,19.875,33.9400,0.3709
478,19.917,36.9417,13.9371
479,19.958,37.0143,0.3032
480,20.000,36.9694,0.3175
481,20.042,38.0859,20.5614
482,20.083,38.0861,0.4616
483,20.125,38.2122,0.3572
484,20.167,40.7722,23.1719
485,20.208,40.7885,0.1143
486,20.250,9.6335,32.3737
487,20.292,9.6343,0.0185
488,20.333,9.6368,0.0088
489,20.375,15.8022,9.6217
490,20.417,15.7930,0.0564
491,20.458,67.6476,56.2801
492,20.500,67.7180,1.2806
493,20.542,67.8951,0.8003
494,20.583,11.4611,56.8928
495,20.625,11.4635,0.0788
496,20.667,66.6676,57.2322
497,20.708,66.8218,0.7471
498,20.750,66.8943,0.4927
499,20.792,46.1006,50.1724
500,20.833,45.9548,0.8382
501,20.875,27.5645,24.6916
502,20.917,27.4673,0.4061
503,20.958,27.5987,0.2371
504,21.000,17.9476,11.6735
505,21.042,17.9299,0.1836
506,21.083,24.1712,22.5048
507,21.125,24.2067,0.1337
508,21.167,24.1921,0.1660
509,21.208,24.6760,3.6923
510,21.250,24.6637,0.2781
511,21.292,23.0640,2.2079
512,21.333,23.0769,0.1102
513,21.375,23.0262,0.1074
514,21.417,22.5898,2.7521
515,21.458,22.5453,0.1231
516,21.500,23.8026,2.4204
517,21.542,23.8428,0.0734
518,21.583,23.8502,0.0159
519,21.625,26.9805,4.2706
520,21.667,27.0145,0.2369
521,21.708,28.1503,3.2261
522,21.750,28.1599,0.2017
523,21.792,28.1823,0.1884
524,21.833,28.6676,2.8101
525,21.875,28.6597,0.1557
526,21.917,30.7667,3.3347
527,21.958,30.8046,0.1716
528,22.000,30.7856,0.1609
529,22.042,34.8808,6.0318
530,22.083,34.8288,0.1654
531,22.125,37.5359,3.8743
532,22.167,37.5718,0.1469
533,22.208,37.5735,0.1240
534,22.250,39.4222,5.5236
535,22.292,39.4438,0.1535
536,22.333,39.4373,0.1677
537,22.375,22.6865,22.8724
538,22.417,22.6570,0.2137
539,22.458,26.6505,12.5869
540,22.500,26.6784,0.1804
541,22.542,26.6141,0.1722
542,22.583,40.5861,17.7996
543,22.625,40.6609,0.3597
544,22.667,43.6185,6.3088
545,22.708,43.6388,0.0432
546,22.750,43.6613,0.0264
547,22.792,48.4131,10.1561
548,22.833,48.4684,0.2751
549,22.875,51.7029,10.1345
550,22.917,51.7302,0.1764
551,22.958,51.6683,0.2270
552,23.000,57.6515,11.7990
553,23.042,57.5906,0.3295
554,23.083,60.2452,8.5261
555,23.125,60.2318,0.1877
556,23.167,60.1743,0.1560
557,23.208,64.0392,9.9675
558,23.250,64.0750,0.1067
559,23.292,58.8578,9.5381
560,23.333,58.8702,0.0403
561,23.375,58.9613,0.0962
562,23.417,60.6651,10.7302
563,23.458,60.7044,0.2571
564,23.500,60.9562,7.9153
565,23.542,60.9891,0.2151
566,23.583,60.9675,0.1642
567,23.625,60.4002,9.6522
568,23.667,60.3406,0.2834
569,23.708,61.0688,8.5850
570,23.750,61.1272,0.1429
571,23.792,61.1064,0.1380
572,23.833,59.6941,10.4156
573,23.875,59.6297,0.4720
574,23.917,58.3011,8.3949
575,23.958,58.2999,0.3110
576,24.000,58.3773,0.1682
577,24.042,61.9105,9.5651
578,24.083,61.8719,0.1425
579,24.125,55.8837,9.5870
580,24.167,55.8461,0.1751
581,24.208,55.8595,0.1488
582,24.250,59.3047,10.2671
583,24.292,59.3683,0.1517
584,24.333,54.4485,9.7712
585,24.375,54.4892,0.1329
586,24.417,54.5208,0.0575
587,24.458,13.0720,41.9617
588,24.500,13.1330,0.1105
589,24.542,13.1010,0.1023
590,24.583,7.7058,5.6445
591,24.625,7.6959,0.0541
592,24.667,7.7372,0.2447
593,24.708,7.7525,0.0769
594,24.750,7.7660,0.0462
595,24.792,7.7934,0.4159
596,24.833,7.7878,0.0501
597,24.875,7.9580,0.4215
598,24.917,7.9668,0.0178
599,24.958,8.0315,0.1101
600,25.000,9.0847,1.4210
601,25.042,9.1182,0.1051
602,25.083,10.6037,2.5426
603,25.125,10.5769,0.0891
604,25.167,10.6135,0.0475
605,25.208,18.5361,13.6918
606,25.250,18.5309,0.0299
607,25.292,79.8824,67.1867
608,25.333,79.9279,0.3257
609,25.375,79.9272,0.3593
610,25.417,13.9599,68.1111
611,25.458,13.9559,0.0434
612,25.500,95.4413,83.6276
613,25.542,95.7870,0.4099
614,25.583,95.7347,0.1701
615,25.625,53.3594,55.9394
616,25.667,53.4503,1.1266
617,25.708,12.5527,46.3825
618,25.750,12.5709,0.1118
619,25.792,12.5976,0.0946
620,25.833,13.0920,2.3932
621,25.875,13.1320,0.1581
622,25.917,20.8483,16.2661
623,25.958,20.8945,0.2238
624,26.000,20.9362,0.1657
625,26.042,16.3587,7.8202
626,26.083,16.3657,0.0706
627,26.125,10.9950,9.4092
628,26.167,10.9875,0.0517
629,26.208,11.0024,0.0741
630,26.250,20.7024,15.3654
631,26.292,20.6928,0.2611
632,26.333,39.6550,19.0156
633,26.375,39.6612,0.4059
634,26.417,39.7143,0.2423
635,26.458,22.2576,17.4998
636,26.500,22.3096,0.3187
637,26.542,22.7638,1.3654
638,26.583,22.8245,0.1383
639,26.625,22.7815,0.1531
640,26.667,23.6707,1.9490
641,26.708,23.6892,0.0636
642,26.750,23.7319,0.0518
643,26.792,23.8912,1.3831
644,26.833,23.8954,0.2738
645,26.875,23.2384,1.1440
646,26.917,23.2670,0.0681
647,26.958,23.2407,0.0939
648,27.000,34.9195,36.6722
649,27.042,34.9873,0.4930
650,27.083,33.8963,3.2459
651,27.125,33.9375,0.0673
652,27.167,33.9162,0.0783
653,27.208,32.9019,2.6230
654,27.250,32.8903,0.3497
655,27.292,33.8445,2.7210
656,27.333,33.8730,0.0968
657,27.375,33.8534,0.1151
658,27.417,35.9539,3.4446
659,27.458,35.9826,0.4695
660,27.500,33.5796,2.9903
661,27.542,33.5910,0.0698
662,27.583,33.6011,0.0240
663,27.625,35.7038,4.5059
664,27.667,35.7381,0.1543
665,27.708,37.2132,2.4164
666,27.750,37.2597,0.2124
667,27.792,37.2592,0.2471
668,27.833,35.6531,3.6294
669,27.875,35.6266,0.1255
670,27.917,34.3828,3.0450
671,27.958,34.5386,0.2387
672,28.000,34.5448,0.1363
673,28.042,35.1879,2.3653
674,28.083,35.1922,0.1301
675,28.125,33.1255,3.6505
676,28.167,33.1227,0.0579
677,28.208,33.0335,0.1352
678,28.250,35.6035,4.0347
679,28.292,35.6716,0.1543
680,28.333,35.7637,1.8603
681,28.375,35.7942,0.2130
682,28.417,35.8654,0.2885
683,28.458,37.3718,3.3245
684,28.500,37.3054,0.1456
685,28.542,123.3221,93.7955
686,28.583,123.4463,0.5682
687,28.625,123.3380,0.4675
688,28.667,81.1120,42.9892
689,28.708,81.2860,0.6274
690,28.750,95.4964,46.5498
691,28.792,95.4908,0.0475
692,28.833,95.5035,0.0203
693,28.875,67.6504,41.5932
694,28.917,67.8304,0.6080
695,28.958,67.8015,0.4091
696,29.000,70.6459,15.9419
697,29.042,70.3931,0.6838
698,29.083,75.4246,16.5432
699,29.125,75.4805,0.4530
700,29.167,75.4835,0.4218
701,29.208,62.5053,21.2899
702,29.250,62.3431,0.4182
703,29.292,60.8610,8.0166
704,29.333,60.6664,0.4332
705,29.375,60.7519,0.1584
706,29.417,54.3362,11.4002
707,29.458,54.2378,0.4890
708,29.500,48.7089,12.5578
709,29.542,48.7951,0.2120
710,29.583,48.7722,0.2684
711,29.625,39.1444,15.7972
712,29.667,39.0350,0.5240
713,29.708,37.8049,10.5309
714,29.750,37.8389,0.3047
715,29.792,37.6793,0.3085
716,29.833,40.1234,12.9668
717,29.875,40.1485,0.4222
718,29.917,44.1843,8.1764
719,29.958,44.2562,0.2480
720,30.000,44.2816,0.0525
721,30.042,41.2376,8.5207
722,30.083,41.2429,0.0516
723,30.125,39.6231,4.1818
724,30.167,39.7864,0.2851
725,30.208,39.7930,0.1070
726,30.250,43.5271,37.3279
727,30.292,43.5966,0.1468
728,30.333,43.4669,7.0922
729,30.375,43.5201,0.1542
730,30.417,43.6336,0.2754
731,30.458,43.3927,5.9020
732,30.500,43.3574,0.4276
733,30.542,41.4452,5.3787
734,30.583,41.4978,0.1816
735,30.625,41.4928,0.1524
736,30.667,44.1035,6.3836
737,30.708,44.1960,0.1948
738,30.750,44.8982,5.1740
739,30.792,44.9452,0.0984
740,30.833,44.9330,0.1272
741,30.875,49.5626,8.7159
742,30.917,49.7261,0.2700
743,30.958,47.1192,7.1493
744,31.000,47.1575,0.2406
745,31.042,47.0997,0.1826
746,31.083,47.5719,8.0186
747,31.125,47.5628,0.0870
748,31.167,47.5881,0.1003
749,31.208,51.1456,9.3425
750,31.250,51.2949,0.2269
751,31.292,44.6384,9.8505
752,31.333,44.6636,0.1086
753,31.375,44.6718,0.0215
754,31.417,79.8529,49.1646
755,31.458,79.8156,1.2815
756,31.500,14.3006,66.7631
757,31.542,14.3087,0.0399
758,31.583,14.3666,0.1335
759,31.625,14.3360,0.7811
760,31.667,14.3235,0.0888
761,31.708,13.2192,6.4863
762,31.750,13.2446,0.1233
763,31.792,13.1803,0.1522
764,31.833,22.5464,12.3397
765,31.875,22.6573,0.2224
766,31.917,20.6212,13.8547
767,31.958,20.6655,0.1915
768,32.000,20.6612,0.1251
769,32.042,15.6983,12.7302
770,32.083,15.6990,0.1243
771,32.125,14.9220,8.6323
772,32.167,14.8741,0.1361
773,32.208,14.8855,0.0514
774,32.250,22.8216,14.5888
775,32.292,22.8063,0.1922
776,32.333,23.3660,11.0069
777,32.375,23.3525,0.0620
778,32.417,23.3621,0.0502
779,32.458,27.2457,12.5584
780,32.500,27.2951,0.2894
781,32.542,13.0591,20.0886
782,32.583,13.0536,0.1220
783,32.625,13.0670,0.0821
784,32.667,13.1505,6.0295
785,32.708,13.1474,0.0658
786,32.750,13.5872,5.2962
787,32.792,13.5478,0.0823
788,32.833,13.5470,0.0614
789,32.875,12.6172,6.0257
790,32.917,12.6220,0.0349
791,32.958,12.5690,3.9488
792,33.000,12.5687,0.1201
793,33.042,12.5848,0.0618
794,33.083,12.6969,4.7795
795,33.125,12.7023,0.0724
796,33.167,14.0512,6.0193
797,33.208,14.0471,0.0307
798,33.250,14.0171,0.0440
799,33.292,13.6627,5.9014
800,33.333,13.6897,0.0592
801,33.375,13.7084,0.0453
802,33.417,14.2254,6.6856
803,33.458,14.2190,0.0823
804,33.500,15.0486,6.0046
805,33.542,15.0486,0.0273
806,33.583,15.0488,0.0289
807,33.625,13.1577,7.6606
808,33.667,13.1412,0.0822
809,33.708,57.4608,48.0156
810,33.750,57.5118,0.2383
811,33.792,57.4722,0.2253
812,33.833,56.9557,5.9616
813,33.875,56.5766,0.5531
814,33.917,57.7311,5.0959
815,33.958,57.7102,0.1480
816,34.000,57.7398,0.1240
817,34.042,54.1807,8.8249
818,34.083,54.4993,0.4593
819,34.125,43.4757,11.5768
820,34.167,43.4679,0.0364
821,34.208,43.4683,0.0122
822,34.250,21.5021,22.8677
823,34.292,21.4945,0.2756
824,34.333,18.3518,3.9085
825,34.375,18.4309,0.1694
826,34.417,18.6807,0.7777
827,34.458,18.6532,1.7078
828,34.500,18.6298,0.2129
829,34.542,19.2917,2.0123
830,34.583,19.2724,0.2853
831,34.625,19.3363,0.2637
832,34.667,19.1730,1.7710
833,34.708,19.1677,0.0862
834,34.750,19.6671,1.7347
835,34.792,19.6765,0.1380
836,34.833,19.6231,0.1410
837,34.875,18.8572,2.8047
838,34.917,18.8622,0.1274
839,34.958,18.6081,1.5849
840,35.000,18.6460,0.1778
841,35.042,18.6622,0.1676
842,35.083,20.2683,3.0126
843,35.125,20.3445,0.3027
844,35.167,18.8529,2.7742
845,35.208,18.8731,0.1798
846,35.250,18.8867,0.1474
847,35.292,19.1781,2.6127
848,35.333,19.2076,0.2071
849,35.375,21.7111,3.7430
850,35.417,21.7409,0.2006
851,35.458,21.7448,0.2045
852,35.500,10.4746,12.0466
853,35.542,10.4379,0.0684
854,35.583,10.4485,0.0737
855,35.625,13.6631,3.5130
856,35.667,13.6622,0.1090
857,35.708,20.4081,8.3452
858,35.750,20.3748,0.1882
859,35.792,20.3714,0.1413
860,35.833,35.1231,20.1904
861,35.875,35.1532,0.1268
862,35.917,37.5805,14.2283
863,35.958,37.6025,0.0740
864,36.000,37.6103,0.1158
865,36.042,38.0808,14.8129
866,36.083,38.0071,0.3493
867,36.125,41.0501,14.3097
868,36.167,41.0933,0.1020
869,36.208,41.1228,0.0387
870,36.250,42.9018,21.3400
871,36.292,42.9730,0.5103
872,36.333,43.5628,20.4461
873,36.375,43.5805,0.0814
874,36.417,43.5511,0.1214
875,36.458,11.5900,33.1169
876,36.500,11.6058,0.0731
877,36.542,18.3090,10.0876
878,36.583,18.3163,0.0650
879,36.625,18.2977,0.0596
880,36.667,65.5074,52.6307
881,36.708,65.5156,0.5821
882,36.750,12.8044,53.7117
883,36.792,12.7780,0.1007
884,36.833,12.7881,0.1029
885,36.875,63.9203,53.4291
886,36.917,64.0196,0.4789
887,36.958,48.5294,48.7736
888,37.000,48.6023,0.6377
889,37.042,48.6833,0.4483
890,37.083,30.5392,25.3454
891,37.125,30.4855,0.4397
892,37.167,13.8099,19.9034
893,37.208,13.8135,0.0776
894,37.250,13.8144,0.0850
895,37.292,26.8372,18.6238
896,37.333,26.8278,0.1745
897,37.375,27.0742,2.2586
898,37.417,27.0842,0.1842
899,37.458,27.1199,0.1257
900,37.500,26.9005,3.1851
901,37.542,26.8888,0.1001
902,37.583,25.9121,3.0246
903,37.625,25.9166,0.0773
904,37.667,25.8766,0.1441
905,37.708,25.5103,2.3653
906,37.750,25.4923,0.0859
907,37.792,25.4934,0.0473
908,37.833,26.5536,3.0318
909,37.875,26.5976,0.1971
910,37.917,29.8277,4.2902
911,37.958,29.8873,0.1915
912,38.000,29.9273,0.2439
913,38.042,34.3212,4.9721
914,38.083,34.2830,0.1783
915,38.125,33.8904,3.3121
916,38.167,33.9321,0.1529
917,38.208,33.8907,0.1097
918,38.250,37.5652,5.9240
919,38.292,37.3050,0.8253
920,38.333,38.2264,3.1813
921,38.375,38.2523,0.0918
922,38.417,38.1959,0.1487
923,38.458,42.1068,6.1997
924,38.500,42.1539,0.2867
925,38.542,28.6913,17.6511
926,38.583,28.7779,0.2908
927,38.625,28.7436,0.3297
928,38.667,28.6109,17.7309
929,38.708,28.5426,0.3025
930,38.750,40.9610,15.8339
931,38.792,40.9696,0.2044
932,38.833,40.8913,0.1929
933,38.875,45.0866,8.4634
934,38.917,45.1183,0.3577
935,38.958,47.3232,8.4975
936,39.000,47.3465,0.0834
937,39.042,47.3930,0.0552
938,39.083,50.8998,11.2114
939,39.125,50.8410,0.3872
940,39.167,58.2478,9.7841
941,39.208,58.3523,0.2579
942,39.250,58.3548,0.2637
943,39.292,61.1749,11.0771
944,39.333,61.0528,0.3805
945,39.375,62.2436,7.8174
946,39.417,62.2873,0.1377
947,39.458,62.2376,0.1721
948,39.500,62.7200,8.8926
949,39.542,62.6603,0.3059
950,39.583,62.7422,9.2469
951,39.625,62.8444,0.2326
952,39.667,62.8655,0.2436
953,39.708,60.7296,9.3755
954,39.750,60.6297,0.3437
955,39.792,61.5306,8.1256
956,39.833,61.5507,0.0535
957,39.875,61.5611,0.0124
958,39.917,59.9981,9.4847
959,39.958,60.0154,0.0523
960,40.000,59.9888,0.0726
961,40.042,60.2025,9.8289
962,40.083,60.1920,0.1579
963,40.125,59.0264,7.8741
964,40.167,59.0232,0.1359
965,40.208,59.0184,0.0673
966,40.250,58.3131,8.1793
967,40.292,58.3050,0.0757
968,40.333,58.8374,8.1534
969,40.375,58.8649,0.0826
970,40.417,58.8530,0.0562
971,40.458,57.9772,9.5215
972,40.500,58.0921,0.1806
973,40.542,57.7256,8.3457
974,40.583,57.8093,0.1748
975,40.625,57.8617,0.1097
976,40.667,13.1563,44.9872
977,40.708,13.1660,0.0803
978,40.750,9.4327,4.0311
979,40.792,9.4522,0.0776
980,40.833,9.4314,0.0847
981,40.875,9.4191,0.4672
982,40.917,9.2570,0.2172
983,40.958,9.0980,0.4633
984,41.000,8.9091,0.2467
985,41.042,9.0099,0.1364
986,41.083,9.2980,0.5342
987,41.125,9.3031,0.0614
988,41.167,9.9582,0.9748
989,41.208,9.9640,0.0768
990,41.250,9.9941,0.1101
991,41.292,11.4404,2.4925
992,41.333,11.4329,0.1112
993,41.375,10.0779,2.5981
994,41.417,10.0753,0.1350
995,41.458,10.1035,0.0753
996,41.500,83.3401,73.3894
997,41.542,83.2803,1.6313
998,41.583,14.9645,70.2288
999,41.625,14.9626,0.1645
1000,41.667,14.9900,0.0887
1001,41.708,94.7786,81.8704
1002,41.750,94.5471,1.6400
1003,41.792,13.2483,81.8828
1004,41.833,13.3745,0.1840
1005,41.875,13.3503,0.1565
1006,41.917,13.3992,0.1647
1007,41.958,13.8713,2.6086
1008,42.000,13.8610,0.0240
1009,42.042,30.6466,22.0048
1010,42.083,30.7145,0.2000
1011,42.125,30.7325,0.0238
1012,42.167,22.7243,11.3262
1013,42.208,22.7276,0.2573
1014,42.250,22.7626,0.1850
1015,42.292,16.5736,8.4891
1016,42.333,18.0613,2.1965
1017,42.375,14.5757,8.5445
1018,42.417,14.5578,0.1184
1019,42.458,14.5714,0.0998
1020,42.500,22.9497,14.8846
1021,42.542,22.9078,0.3438
1022,42.583,41.8718,19.1117
1023,42.625,41.8775,0.4900
1024,42.667,41.9517,0.4044
1025,42.708,25.0128,17.0800
1026,42.750,25.0897,0.2358
1027,42.792,26.6157,2.1475
1028,42.833,26.6754,0.2221
1029,42.875,26.6701,0.2360
1030,42.917,28.7952,2.6502
1031,42.958,28.8102,0.1984
1032,43.000,29.2137,1.3191
1033,43.042,29.2553,0.1695
1034,43.083,29.2632,0.1850
1035,43.125,28.9402,1.1395
1036,43.167,28.8806,0.1593
1037,43.208,29.1119,2.0848
1038,43.250,29.1468,0.1653
1039,43.292,29.1505,0.0631
1040,43.333,37.5059,37.4347
1041,43.375,37.4306,0.4638
1042,43.417,41.9043,4.6909
1043,43.458,41.9915,0.3546
1044,43.500,41.8206,0.5022
1045,43.542,38.1494,5.6421
1046,43.583,38.0805,0.3512
1047,43.625,38.4831,2.1213
1048,43.667,38.5122,0.1466
1049,43.708,38.4610,0.2335
1050,43.750,42.2227,4.5328
1051,43.792,42.2062,0.4255
1052,43.833,41.5830,3.3639
1053,43.875,41.6343,0.1901
1054,43.917,41.5688,0.1934
1055,43.958,41.9242,3.1306
1056,44.000,41.9221,0.4024
1057,44.042,40.8306,3.6424
1058,44.083,40.8159,0.0840
1059,44.125,40.8306,0.0210
1060,44.167,39.4143,3.4265
1061,44.208,39.3679,0.3185
1062,44.250,37.2688,2.7666
1063,44.292,37.3531,0.2308
1064,44.333,37.3012,0.2992
1065,44.375,37.6788,3.5392
1066,44.417,37.7347,0.1481
1067,44.458,37.7100,0.1662
1068,44.500,34.0052,4.7541
1069,44.542,33.9066,0.2402
1070,44.583,36.9486,3.4092
1071,44.625,37.0002,0.1056
1072,44.667,37.0267,0.1239
1073,44.708,38.1078,3.3508
1074,44.750,38.2137,0.2111
1075,44.792,124.5362,93.0627
1076,44.833,124.7139,0.8117
1077,44.875,124.6343,0.8177
1078,44.917,84.6673,41.1394
1079,44.958,84.6656,0.0165
1080,45.000,96.1414,45.9844
1081,45.042,96.1893,0.1048
1082,45.083,96.1694,0.1033
1083,45.125,74.5351,38.4795
1084,45.167,74.5483,0.2502
1085,45.208,74.1483,15.3186
1086,45.250,74.1544,0.0817
1087,45.292,74.1055,0.0986
1088,45.333,82.0498,17.0935
1089,45.375,81.8549,2.8105
1090,45.417,71.9002,16.7343
1091,45.458,72.0348,0.7494
1092,45.500,72.0512,0.5615
1093,45.542,83.2549,25.1926
1094,45.583,83.1261,0.7532
1095,45.625,80.8779,8.3525
1096,45.667,80.9758,1.1829
1097,45.708,81.1434,0.7252
1098,45.750,70.5367,19.1695
1099,45.792,70.3937,0.5693
1100,45.833,56.5163,24.1499
1101,45.875,56.4047,0.6527
1102,45.917,56.5454,0.3768
1103,45.958,49.2424,17.4076
1104,46.000,49.1134,0.7428
1105,46.042,55.9758,12.9473
1106,46.083,56.1118,0.3908
1107,46.125,56.0702,0.4019
1108,46.167,56.6525,13.6068
1109,46.208,56.5464,0.6752
1110,46.250,60.5823,8.7303
1111,46.292,60.6428,0.4321
1112,46.333,60.4541,0.5140
1113,46.375,49.8859,11.7151
1114,46.417,49.8900,0.3338
1115,46.458,40.3770,9.5186
1116,46.500,39.9158,0.7115
1117,46.542,34.9551,5.4825
1118,46.583,45.5727,33.6250
1119,46.625,45.3337,0.6230
1120,46.667,41.0141,4.3374
1121,46.708,41.0254,0.3973
1122,46.750,45.5308,7.8418
1123,46.792,45.5870,0.2825
1124,46.833,44.9842,4.9577
1125,46.875,46.7922,1.8545
1126,46.917,47.2984,0.7963
1127,46.958,41.2897,9.2257
1128,47.000,41.2626,0.3070
1129,47.042,46.7373,7.3789
1130,47.083,46.7892,0.6033
1131,47.125,47.8709,7.2783
1132,47.167,47.7589,0.3570
1133,47.208,51.5819,3.8487
1134,47.250,40.7633,12.9701
1135,47.292,40.7338,0.1525
1136,47.333,43.3535,7.7142
1137,47.375,43.1787,0.4412
1138,47.417,47.2475,4.0819
1139,47.458,47.2709,0.1321
1140,47.500,48.1603,7.4698
1141,47.542,47.1415,8.9992
1142,47.583,47.0763,0.4657
1143,47.625,41.1661,5.9173
1144,47.667,41.2056,0.4346
1145,47.708,75.5633,46.8257
1146,47.750,75.4730,0.7342
1147,47.792,12.7567,63.6053
1148,47.833,129.1163,116.3599
1149,47.875,129.1873,1.5696
1150,47.917,99.0008,30.1986
1151,47.958,99.1025,1.5616
1152,48.000,11.6511,87.9499
1153,48.042,11.4897,0.3037
1154,48.083,18.8807,9.6195
1155,48.125,16.6936,2.1983
1156,48.167,16.6989,0.1923
1157,48.208,20.3694,11.2019
1158,48.250,19.1277,2.1330
1159,48.292,16.0322,12.2735
1160,48.333,16.0916,0.1132
1161,48.375,18.1146,2.0563
1162,48.417,17.8864,0.2764
1163,48.458,15.7536,9.5273
1164,48.500,21.4962,14.9564
1165,48.542,21.4693,0.1755
1166,48.583,25.5116,12.8224
1167,48.625,25.6007,0.1578
1168,48.667,24.6461,1.0356
1169,48.708,24.6391,0.1224
1170,48.750,28.9711,14.8184
1171,48.792,15.3441,20.8127
1172,48.833,15.3029,0.2362
1173,48.875,12.6952,2.6346
1174,48.917,12.7346,0.1584
1175,48.958,16.1502,8.5589
1176,49.000,16.1555,0.1444
1177,49.042,13.1876,7.1042
1178,49.083,12.7667,0.4597
1179,49.125,12.8461,0.1165
1180,49.167,13.0609,5.4886
1181,49.208,13.0870,0.0857
1182,49.250,14.4386,5.2442
1183,49.292,14.5660,0.1747
1184,49.333,13.4758,5.9442
1185,49.375,13.3544,0.1628
1186,49.417,13.3814,0.0740
1187,49.458,18.2154,9.1445
1188,49.500,18.2328,0.1336
1189,49.542,16.5111,7.6919
1190,49.583,16.3973,0.1951
1191,49.625,12.8847,3.5159
1192,49.667,16.7405,8.7449
1193,49.708,16.7286,0.1124
1194,49.750,16.1420,8.0621
1195,49.792,16.1223,0.0332
1196,49.833,15.7400,0.4212
1197,49.875,15.7172,0.0743
1198,49.917,16.2074,6.0700
1199,49.958,16.2172,0.1246
1200,50.000,63.0462,52.6728
1201,50.042,57.8272,5.2298
1202,50.083,57.7189,0.2467
1203,50.125,72.0363,14.5379
1204,50.167,71.9376,0.2313
1205,50.208,62.4543,12.1005
1206,50.250,62.4949,0.1048
1207,50.292,66.1995,7.4157
1208,50.333,60.9545,5.2745
1209,50.375,61.7146,1.4223
1210,50.417,54.0414,10.8455
1211,50.458,54.0357,0.1253
1212,50.500,31.9382,22.9143
1213,50.542,31.9467,0.0941
1214,50.583,39.9739,8.0341
1215,50.625,22.3782,17.8325
1216,50.667,22.3450,0.0819
1217,50.708,22.5456,2.1309
1218,50.750,22.4415,0.2415
1219,50.792,22.9202,0.5750
1220,50.833,22.9622,0.1000
1221,50.875,20.2811,4.2497
1222,50.917,19.9319,1.4007
1223,50.958,19.9485,0.1723
1224,51.000,25.2863,6.0109
1225,51.042,25.1597,0.2085
1226,51.083,23.6271,1.5572
1227,51.125,23.0880,0.6389
1228,51.167,26.9283,5.4719
1229,51.208,26.9707,0.3751
1230,51.250,19.4334,7.6815
1231,51.292,21.9215,2.5049
1232,51.333,21.7515,0.3411
1233,51.375,20.6179,3.0985
1234,51.417,20.6721,0.3871
1235,51.458,23.2747,3.5487
1236,51.500,23.2758,0.2723
1237,51.542,16.2759,7.0311
1238,51.583,23.1728,7.2739
1239,51.625,23.0972,0.3366
1240,51.667,19.9504,4.0537
1241,51.708,19.9299,0.1747
1242,51.750,9.9319,10.9297
1243,51.792,9.9253,0.0920
1244,51.833,11.7509,1.8355
1245,51.875,9.1768,4.0080
1246,51.917,9.1674,0.0396
1247,51.958,16.8967,8.2254
1248,52.000,16.9669,0.1454
1249,52.042,17.0650,0.1929
1250,52.083,17.0153,0.1474
1251,52.125,36.9794,22.3385
1252,52.167,39.6790,18.4994
1253,52.208,39.1948,0.7281
1254,52.250,37.7587,1.4481
1255,52.292,37.6762,0.5429
1256,52.333,37.0463,13.9836
1257,52.375,37.0629,0.2894
1258,52.417,41.2220,17.6818
1259,52.458,48.1610,21.4003
1260,52.500,48.2124,0.5838
1261,52.542,37.8117,10.4019
1262,52.583,37.9382,0.5491
1263,52.625,42.1957,22.8384
1264,52.667,42.1883,0.2160
1265,52.708,42.6807,16.8168
1266,52.750,42.7829,0.2335
1267,52.792,42.7985,0.2077
1268,52.833,14.1926,32.6546
1269,52.875,14.1871,0.0307
1270,52.917,60.3191,50.0699
1271,52.958,60.3873,0.2359
1272,53.000,60.3385,0.2652
1273,53.042,60.4318,0.3078
1274,53.083,11.3781,50.0394
1275,53.125,78.0467,67.5007
1276,53.167,77.7294,1.6328
1277,53.208,49.8064,46.6585
1278,53.250,50.1005,0.6412
1279,53.292,56.0185,5.9210
1280,53.333,56.6792,1.1945
1281,53.375,34.6508,29.3849
1282,53.417,11.9973,24.7890
1283,53.458,11.9961,0.0935
1284,53.500,11.8367,0.2121
1285,53.542,11.7956,0.0959
1286,53.583,24.4757,17.7343
1287,53.625,24.4863,0.1576
1288,53.667,30.7259,6.8357
1289,53.708,29.1772,1.5719
1290,53.750,29.3247,0.4804
1291,53.792,28.4068,3.4222
1292,53.833,28.3032,0.2113
1293,53.875,28.0884,3.1684
1294,53.917,27.9580,0.4040
1295,53.958,24.9209,3.8450
1296,54.000,22.5171,2.4057
1297,54.042,22.2628,0.4309
1298,54.083,27.6180,5.9413
1299,54.125,27.5682,0.2034
1300,54.167,24.1733,5.5641
1301,54.208,24.4754,0.3632
1302,54.250,26.2382,1.7707
1303,54.292,26.1829,0.2536
1304,54.333,29.6869,3.8073
1305,54.375,27.6784,4.6214
1306,54.417,27.6944,0.0672
1307,54.458,31.9372,4.2448
1308,54.500,32.1194,0.3945
1309,54.542,28.1256,5.3493
1310,54.583,28.1562,0.0957
1311,54.625,32.5737,5.7600
1312,54.667,30.8063,5.5539
1313,54.708,30.8370,0.0577
1314,54.750,31.6269,0.8064
1315,54.792,31.6244,0.0714
1316,54.833,25.1498,14.5775
1317,54.875,25.0744,0.4619
1318,54.917,20.6472,12.9507
1319,54.958,21.0978,0.4862
1320,55.000,21.3184,0.3619
1321,55.042,40.3459,22.3595
1322,55.083,40.3122,0.4072
1323,55.125,36.8239,9.0501
1324,55.167,36.5571,0.3159
1325,55.208,34.4187,2.1486
1326,55.250,38.7922,8.9337
1327,55.292,38.7378,0.5317
1328,55.333,44.9931,8.9676
1329,55.375,44.9014,0.5116
1330,55.417,40.3768,4.5355
1331,55.458,40.4680,1.5505
1332,55.500,45.9288,10.5789
1333,55.542,45.9882,0.2277
1334,55.583,54.4474,12.1697
1335,55.625,51.8380,7.7673
1336,55.667,51.4817,0.6028
1337,55.708,47.2061,4.2789
1338,55.750,47.2442,0.1034
1339,55.792,50.0731,8.2870
1340,55.833,50.1819,0.4007
1341,55.875,55.7884,10.4585
1342,55.917,58.9644,3.2629
1343,55.958,57.9502,1.1360
1344,56.000,50.7895,11.2704
1345,56.042,50.8344,0.6321
1346,56.083,49.6690,7.4325
1347,56.125,49.7171,0.2386
1348,56.167,51.6386,1.9680
1349,56.208,45.9029,10.2567
1350,56.250,45.8689,0.1876
1351,56.292,51.6327,9.8002
1352,56.333,51.7692,0.4383
1353,56.375,51.6264,9.1257
1354,56.417,51.6610,0.2705
1355,56.458,50.8377,1.0260
1356,56.500,47.4220,7.4548
1357,56.542,47.4043,0.1869
1358,56.583,49.5982,8.5939
1359,56.625,49.6421,0.1665
1360,56.667,54.7507,5.1101
1361,56.708,54.8690,0.2100
1362,56.750,47.1400,10.3599
1363,56.792,49.7228,9.1103
1364,56.833,49.6575,0.2720
1365,56.875,42.4077,7.2507
1366,56.917,42.6043,0.2246
1367,56.958,15.2503,28.5256
1368,57.000,15.2945,0.1188
1369,57.042,8.3519,8.5484
1370,57.083,8.3664,0.0575
1371,57.125,6.8595,1.8745
1372,57.167,7.3474,0.4933
1373,57.208,7.4842,0.1599
1374,57.250,8.2110,0.9536
1375,57.292,8.2085,0.1035
1376,57.333,7.4761,1.1473
1377,57.375,7.5352,0.0919
1378,57.417,7.1157,0.4277
1379,57.458,7.2282,1.3098
1380,57.500,7.2665,0.0752
1381,57.542,7.7945,1.3889
1382,57.583,7.8103,0.0661
1383,57.625,9.7043,1.8953
1384,57.667,9.7330,0.1540
1385,57.708,8.0682,2.4033
1386,57.750,76.9885,69.1230
1387,57.792,76.9118,1.4652
1388,57.833,11.6129,67.0185
1389,57.875,11.7231,0.2924
1390,57.917,14.7452,3.0255
1391,57.958,14.7140,0.0937
1392,58.000,92.9489,80.7946
1393,58.042,14.8243,79.5715
1394,58.083,14.8247,0.0137
1395,58.125,14.8065,0.0597
1396,58.167,14.7415,0.0967
1397,58.208,16.2395,3.3915
1398,58.250,16.3416,0.1565
1399,58.292,35.6925,26.6257
1400,58.333,35.6931,0.0539
1401,58.375,33.6090,2.1995
1402,58.417,34.7694,10.7159
1403,58.458,34.6477,0.4889
1404,58.500,14.4379,23.8947
1405,58.542,14.4299,0.0547
1406,58.583,15.3756,2.8291
1407,58.625,15.4006,0.0761
1408,58.667,10.9449,4.4560
1409,58.708,17.4726,10.0409
1410,58.750,17.4673,0.1254
1411,58.792,39.4636,36.9214
1412,58.833,39.1260,0.4000
1413,58.875,45.8709,6.7449
1414,58.917,45.9289,0.2259
1415,58.958,31.6469,14.5146
1416,59.000,31.3541,6.5300
1417,59.042,31.3531,0.0147
1418,59.083,26.4630,4.8904
1419,59.125,26.4692,0.3546
1420,59.167,30.4587,4.3032
1421,59.208,30.5889,0.1820
1422,59.250,31.0148,2.1162
1423,59.292,27.0016,4.1391
1424,59.333,26.9767,0.1120
1425,59.375,26.9679,0.0524
1426,59.417,27.0315,0.0698
1427,59.458,29.0293,3.1700
1428,59.500,29.0052,0.2703
1429,59.542,36.4596,40.4804
1430,59.583,39.3690,2.9192
1431,59.625,39.3123,0.5430
1432,59.667,41.9584,3.8889
1433,59.708,41.8818,0.2638
1434,59.750,37.8436,5.3893
1435,59.792,37.8874,0.1574
1436,59.833,34.7015,3.1931
1437,59.875,34.5978,0.3902
1438,59.917,34.3025,2.5510
1439,59.958,34.8834,2.9658
1440,60.000,34.8186,0.3595
1441,60.042,33.1025,1.7316
1442,60.083,33.0938,0.3473
1443,60.125,39.6861,6.8667
1444,60.167,39.7601,0.1253
1445,60.208,53.9202,14.2813
1446,60.250,41.3279,13.2205
1447,60.292,41.2237,0.1469
1448,60.333,42.3090,1.1184
1449,60.375,42.3884,0.1929
1450,60.417,43.1442,3.4015
1451,60.458,43.1227,0.3744
1452,60.500,38.8603,4.6361
1453,60.542,38.8397,0.1968
1454,60.583,38.8694,0.0848
1455,60.625,37.4151,4.0449
1456,60.667,37.3728,0.1419
1457,60.708,36.7387,1.9376
1458,60.750,36.7237,0.1343
1459,60.792,34.6627,2.1082
1460,60.833,36.3685,3.1854
1461,60.875,36.4650,0.1626
1462,60.917,38.7593,3.1708
1463,60.958,38.8297,0.1246
1464,61.000,120.1773,90.6898
1465,61.042,120.0950,0.8309
1466,61.083,135.2678,15.1728
1467,61.125,135.1775,1.0915
1468,61.167,112.3115,27.8002
1469,61.208,111.5859,43.4722
1470,61.250,111.6190,0.8675
1471,61.292,96.0620,15.6759
1472,61.333,96.0712,0.0459
1473,61.375,86.3376,34.0366
1474,61.417,86.5571,0.8342
1475,61.458,81.7147,22.9165
1476,61.500,94.4023,12.6915
1477,61.542,94.3293,0.8674
1478,61.583,76.6544,21.1693
1479,61.625,76.7045,0.2921
1480,61.667,84.3106,20.4946
1481,61.708,73.7178,16.1441
1482,61.750,73.7808,0.2493
1483,61.792,73.8285,0.2075
1484,61.833,76.2198,10.2400
1485,61.875,76.2303,0.2433
1486,61.917,68.5756,13.8125
1487,61.958,68.7434,0.3688
1488,62.000,68.7759,0.0648
1489,62.042,61.6714,21.7385
1490,62.083,61.7135,0.6306
1491,62.125,61.8133,0.4329
1492,62.167,51.9386,18.9495
1493,62.208,51.9013,0.5757
1494,62.250,51.8481,12.2118
1495,62.292,51.8749,0.7141
1496,62.333,51.9520,0.5008
1497,62.375,52.8121,12.8303
1498,62.417,52.7798,0.4229
1499,62.458,57.4443,8.7255
1500,62.500,57.4059,0.4589
1501,62.542,57.4928,0.2234
1502,62.583,51.0764,8.9144
1503,62.625,51.0857,0.2481
1504,62.667,47.0711,5.7649
1505,62.708,47.1337,0.1602
1506,62.750,47.1007,0.2205
1507,62.792,51.9596,38.6752
1508,62.833,52.0079,0.7046
1509,62.875,46.2950,8.0012
1510,62.917,46.3517,0.2618
1511,62.958,46.2432,0.2757
1512,63.000,47.5928,6.2273
1513,63.042,47.5742,0.3177
1514,63.083,47.4535,4.9736
1515,63.125,47.4734,0.1304
1516,63.167,47.4790,0.0183
1517,63.208,49.9917,7.1072
1518,63.250,49.9760,0.3481
1519,63.292,51.9248,6.6732
1520,63.333,52.0418,0.2858
1521,63.375,52.0644,0.3126
1522,63.417,53.1543,7.8528
1523,63.458,53.1576,0.1787
1524,63.500,57.2927,8.3441
1525,63.542,57.3374,0.2092
1526,63.583,57.3334,0.1490
1527,63.625,56.1984,9.1872
1528,63.667,56.1876,0.0880
1529,63.708,52.0257,7.8469
1530,63.750,52.0223,0.1839
1531,63.792,51.9463,0.1676
1532,63.833,87.5754,51.8369
1533,63.875,87.5376,0.0711
1534,63.917,15.2282,73.4394
1535,63.958,15.2445,0.0591
1536,64.000,15.2460,0.0161
1537,64.042,120.7066,105.4648
1538,64.083,120.5203,0.4931
1539,64.125,16.6421,103.8856
1540,64.167,16.8147,0.1977
1541,64.208,16.8164,0.0909
1542,64.250,19.2104,2.5048
1543,64.292,19.2308,0.1262
1544,64.333,19.2482,0.0612
1545,64.375,33.5014,18.6068
1546,64.417,33.5057,0.4266
1547,64.458,18.2315,19.6177
1548,64.500,18.2184,0.0407
1549,64.542,18.1914,0.0630
1550,64.583,19.7602,10.0449
1551,64.625,19.8284,0.3041
1552,64.667,30.1393,17.8184
1553,64.708,30.2471,0.3533
1554,64.750,30.3047,0.2409
1555,64.792,34.8331,15.3576
1556,64.833,34.8797,0.2559
1557,64.875,37.9984,18.4913
1558,64.917,37.8710,0.4272
1559,64.958,37.9764,0.3161
1560,65.000,21.1938,25.4259
1561,65.042,21.0986,0.1850
1562,65.083,18.6348,9.7767
1563,65.125,18.5454,0.1879
1564,65.167,18.6287,0.0931
1565,65.208,17.4042,7.6111
1566,65.250,17.4445,0.1390
1567,65.292,17.2237,6.2800
1568,65.333,17.2323,0.1054
1569,65.375,17.2358,0.1009
1570,65.417,18.8841,6.8769
1571,65.458,19.1294,0.5215
1572,65.500,17.6991,6.5342
1573,65.542,17.3493,0.8936
1574,65.583,17.3819,0.1295
1575,65.625,18.2393,7.2749
1576,65.667,18.2388,0.0832
1577,65.708,17.9595,4.8869
1578,65.750,17.9835,0.1080
1579,65.792,17.9552,0.0882
1580,65.833,18.7166,8.0592
1581,65.875,18.7291,0.1278
1582,65.917,19.7151,7.0315
1583,65.958,19.7077,0.1261
1584,66.000,19.7178,0.0765
1585,66.042,18.9338,7.4745
1586,66.083,18.9490,0.1008
1587,66.125,18.2790,8.7735
1588,66.167,18.2591,0.1108
1589,66.208,18.2653,0.0843
1590,66.250,70.4071,56.9353
1591,66.292,70.3223,0.9640
1592,66.333,69.3780,7.3934
1593,66.375,69.4730,0.5998
1594,66.417,69.2697,0.5409
1595,66.458,67.4984,6.7846
1596,66.500,67.5393,0.6180
1597,66.542,67.6177,0.4531
1598,66.583,55.1262,14.3023
1599,66.625,55.0592,0.7114
1600,66.667,36.4896,20.0466
1601,66.708,36.4874,0.3961
1602,66.750,36.5776,0.2453
1603,66.792,24.7703,12.3979
1604,66.833,24.8187,0.2732
1605,66.875,27.0515,2.9638
1606,66.917,27.0762,0.2047
1607,66.958,27.0947,0.1473
1608,67.000,26.4547,3.6448
1609,67.042,26.4851,0.2164
1610,67.083,26.0401,1.8770
1611,67.125,26.0265,0.1159
1612,67.167,26.0425,0.0255
1613,67.208,25.7469,3.3611
1614,67.250,25.7547,0.1832
1615,67.292,27.1461,3.1200
1616,67.333,27.1727,0.2114
1617,67.375,27.2233,0.2877
1618,67.417,26.5548,2.9327
1619,67.458,26.5044,0.1572
1620,67.500,26.5951,3.2397
1621,67.542,26.6751,0.2637
1622,67.583,26.6812,0.1981
1623,67.625,27.1246,2.7971
1624,67.667,27.1465,0.1544
1625,67.708,28.0980,2.5946
1626,67.750,28.1785,0.1811
1627,67.792,28.1033,0.2210
1628,67.833,25.9235,4.3343
1629,67.875,25.8964,0.2906
1630,67.917,12.3527,14.1185
1631,67.958,12.3612,0.0589
1632,68.000,12.3774,0.0565
1633,68.042,14.8303,2.5839
1634,68.083,14.8327,0.0654
1635,68.125,18.6220,5.5623
1636,68.167,18.6572,0.0925
1637,68.208,18.6924,0.1234
1638,68.250,37.3751,21.6155
1639,68.292,37.3864,0.2301
1640,68.333,40.8361,15.5154
1641,68.375,40.8356,0.0797
1642,68.417,40.8552,0.0733
1643,68.458,40.2213,16.0530
1644,68.500,40.2330,0.1889
1645,68.542,42.7389,13.9536
1646,68.583,42.8148,0.2368
1647,68.625,42.7960,0.1936
1648,68.667,44.3813,19.7877
1649,68.708,44.3971,0.1091
1650,68.750,44.4509,0.1811
1651,68.792,48.8248,24.8899
1652,68.833,48.7764,0.2107
1653,68.875,46.3035,18.4094
1654,68.917,45.7110,1.5202
1655,68.958,45.7267,0.1466
1656,69.000,22.4126,32.1377
1657,69.042,22.4189,0.0257
1658,69.083,75.7834,59.6946
1659,69.125,75.7911,0.5719
1660,69.167,75.8805,0.5365
1661,69.208,17.0001,60.3087
1662,69.250,17.0013,0.1069
1663,69.292,86.6273,71.2289
1664,69.333,86.6441,0.4180
1665,69.375,86.7260,0.3320
1666,69.417,53.3406,51.0056
1667,69.458,53.2989,0.6726
1668,69.500,20.0478,39.9234
1669,69.542,20.0490,0.0885
1670,69.583,20.0636,0.0531
1671,69.625,19.7959,2.3892
1672,69.667,19.8062,0.2123
1673,69.708,27.5889,14.2985
1674,69.750,27.7163,0.2251
1675,69.792,27.6454,0.2178
1676,69.833,32.2459,28.0878
1677,69.875,32.2569,0.4137
1678,69.917,32.1774,2.7556
1679,69.958,32.2405,0.1555
1680,70.000,32.2143,0.1420
1681,70.042,32.6753,4.1662
1682,70.083,32.6567,0.1248
1683,70.125,33.8228,2.2273
1684,70.167,33.8431,0.0997
1685,70.208,33.8547,0.0172
1686,70.250,35.5166,4.0352
1687,70.292,35.5846,0.4542
1688,70.333,36.1282,2.6898
1689,70.375,36.1161,0.2856
1690,70.417,36.1487,0.1623
1691,70.458,33.5077,4.8543
1692,70.500,33.5488,0.1410
1693,70.542,36.5848,4.4829
1694,70.583,36.6098,1.4463
1695,70.625,36.6578,0.1702
1696,70.667,40.7603,5.1837
1697,70.708,40.7845,0.1984
1698,70.750,40.4118,4.3005
1699,70.792,40.4350,0.2120
1700,70.833,40.4456,0.1999
1701,70.875,46.4861,8.0759
1702,70.917,46.5142,0.1917
1703,70.958,46.5026,0.1686
1704,71.000,33.3126,18.4671
1705,71.042,33.2779,0.2434
1706,71.083,30.5267,15.2307
1707,71.125,30.5980,0.2485
1708,71.167,30.5852,0.2024
1709,71.208,46.1950,21.5286
1710,71.250,46.1392,0.3658
1711,71.292,51.9938,8.6893
1712,71.333,52.0270,0.1406
1713,71.375,52.0454,0.0409
1714,71.417,58.0400,11.7238
1715,71.458,58.1100,0.2651
1716,71.500,62.8377,9.5691
1717,71.542,62.8497,0.3116
1718,71.583,62.8305,0.2532
1719,71.625,69.0690,13.0969
1720,71.667,69.0130,0.2010
1721,71.708,71.8546,11.1114
1722,71.750,71.8823,0.2745
1723,71.792,71.7954,0.2053
1724,71.833,69.9556,9.8213
1725,71.875,69.9503,0.1278
1726,71.917,71.7980,8.7023
1727,71.958,71.8655,0.1410
1728,72.000,71.8249,0.1809
1729,72.042,72.4472,10.9482
1730,72.083,72.6075,0.4791
1731,72.125,72.2455,8.7306
1732,72.167,72.4344,0.3537
1733,72.208,72.2723,0.3531
1734,72.250,74.0942,10.8123
1735,72.292,73.9352,0.3256
1736,72.333,70.4615,9.7289
1737,72.375,70.4314,0.1988
1738,72.417,70.4817,0.1821
1739,72.458,71.2703,11.6747
1740,72.500,71.3495,0.2024
1741,72.542,67.6902,10.0516
1742,72.583,67.6943,0.0998
1743,72.625,67.7088,0.0603
1744,72.667,68.9204,10.7244
1745,72.708,68.8760,0.5068
1746,72.750,70.5118,8.6106
1747,72.792,70.5487,0.1423
1748,72.833,70.5371,0.1547
1749,72.875,65.4292,10.8569
1750,72.917,65.4032,0.4120
1751,72.958,69.8575,9.3696
1752,73.000,69.8937,0.1495
1753,73.042,69.9188,0.0470
1754,73.083,30.7283,41.2273
1755,73.125,30.7681,0.1569
1756,73.167,30.8702,0.2020
1757,73.208,15.6185,15.6034
1758,73.250,15.6032,0.0795
1759,73.292,14.2159,1.5461
1760,73.333,13.9156,0.3463
1761,73.375,13.9818,0.1438
1762,73.417,13.9913,0.5238
1763,73.458,14.0379,0.1098
1764,73.500,14.2620,0.5896
1765,73.542,14.2611,0.0642
1766,73.583,14.2760,0.0779
1767,73.625,15.0826,1.5217
1768,73.667,15.1678,0.1824
1769,73.708,16.6502,2.4893
1770,73.750,16.7015,0.0905
1771,73.792,16.6631,0.1204
1772,73.833,15.6501,2.4003
1773,73.875,15.6400,0.0912
1774,73.917,29.3496,16.5694
1775,73.958,29.4647,0.2351
1776,74.000,29.4607,0.1878
1777,74.042,24.5847,21.0244
1778,74.083,24.5878,0.2564
1779,74.125,21.7246,14.2798
1780,74.167,21.7218,0.1478
1781,74.208,21.7459,0.0485
1782,74.250,20.7868,7.8087
1783,74.292,20.7730,0.2149
1784,74.333,71.6206,57.8713
1785,74.375,71.6925,0.8347
1786,74.417,71.8109,0.5511
1787,74.458,38.7847,36.6823
1788,74.500,38.8532,0.3964
1789,74.542,18.1471,24.0135
1790,74.583,18.1257,0.1149
1791,74.625,18.1125,0.1620
1792,74.667,18.2601,1.7103
1793,74.708,18.2768,0.1390
1794,74.750,28.7407,14.6837
1795,74.792,28.8289,0.3491
1796,74.833,28.8458,0.2651
1797,74.875,24.8016,5.6916
1798,74.917,24.7501,0.2257
1799,74.958,96.1459,71.9825
1800,75.000,95.9432,1.6899
1801,75.042,96.3782,0.9944
1802,75.083,40.6075,57.0362
1803,75.125,40.5898,0.0531
1804,75.167,32.8531,8.3885
1805,75.208,32.8713,0.0488
1806,75.250,32.8897,0.1570
1807,75.292,33.0042,2.3430
1808,75.333,32.9845,0.0829
1809,75.375,32.9927,0.0420
1810,75.417,31.9225,2.4146
1811,75.458,31.9619,0.1962
1812,75.500,31.5148,1.6347
1813,75.542,31.5460,0.1186
1814,75.583,31.5153,0.1618
1815,75.625,30.9056,2.8288
1816,75.667,30.9219,0.0907
1817,75.708,44.5203,42.4300
1818,75.750,44.6177,0.2670
1819,75.792,44.5880,0.2637
1820,75.833,43.4667,3.5482
1821,75.875,43.3845,0.3836
1822,75.917,41.3865,3.8968
1823,75.958,41.5235,0.2555
1824,76.000,41.5126,0.1839
1825,76.042,42.7137,2.6516
1826,76.083,42.7340,0.1982
1827,76.125,41.0113,3.8444
1828,76.167,40.9323,0.1675
1829,76.208,40.9599,0.0477
1830,76.250,42.8422,3.7566
1831,76.292,42.8798,0.2110
1832,76.333,43.7284,2.4011
1833,76.375,43.7263,0.2613
1834,76.417,43.8120,0.3394
1835,76.458,43.4502,4.2737
1836,76.500,43.4042,0.1865
1837,76.542,42.8435,2.0719
1838,76.583,42.9944,0.3981
1839,76.625,42.9564,0.2766
1840,76.667,40.7821,4.9509
1841,76.708,40.7697,0.1473
1842,76.750,40.5527,2.9259
1843,76.792,40.5877,0.1220
1844,76.833,40.5203,0.1961
1845,76.875,41.0577,2.7940
1846,76.917,41.1248,0.2242
1847,76.958,40.3024,3.1615
1848,77.000,40.3192,0.1987
1849,77.042,40.2966,0.1972
1850,77.083,39.6536,2.6918
1851,77.125,39.6031,0.1725
1852,77.167,114.0196,88.4203
1853,77.208,114.0980,0.7589
1854,77.250,113.9742,0.7133
1855,77.292,105.4284,38.3726
1856,77.333,105.6063,1.0048
1857,77.375,106.2769,1.1695
1858,77.417,106.3246,0.5474
1859,77.458,95.1701,44.3705
1860,77.500,95.1974,0.2307
1861,77.542,57.1409,48.1964
1862,77.583,58.6385,1.5523
1863,77.625,59.6230,1.1194
1864,77.667,65.4025,19.9898
1865,77.708,65.4611,0.6928
1866,77.750,71.4978,11.7987
1867,77.792,71.6321,0.8121
1868,77.833,73.1090,18.1824
1869,77.875,64.6884,8.4299
1870,77.917,64.6897,0.8343
1871,77.958,45.5546,19.3881
1872,78.000,45.4503,0.3540
1873,78.042,40.5852,8.6317
1874,78.083,40.6096,0.4360
1875,78.125,45.6245,5.0876
1876,78.167,45.7694,0.5248
1877,78.208,49.3587,11.3095
1878,78.250,43.6560,17.5553
1879,78.292,43.4143,0.7015
1880,78.333,37.6845,5.7333
1881,78.375,37.6161,0.3927
1882,78.417,34.3701,11.7419
1883,78.458,34.3085,0.3120
1884,78.500,40.4082,12.6583
1885,78.542,34.1835,10.5029
1886,78.583,34.2158,0.3791
1887,78.625,33.9931,0.4662
1888,78.667,34.0770,0.2074
1889,78.708,42.6141,10.8011
1890,78.750,42.1480,1.5810
1891,78.792,42.2606,4.7429
1892,78.833,41.3705,1.0500
1893,78.875,41.7930,0.5574
1894,78.917,28.1233,13.6970
1895,78.958,27.9859,0.2303
1896,79.000,31.7685,27.8154
1897,79.042,31.7393,0.3168
1898,79.083,46.0862,14.3472
1899,79.125,33.6046,14.2746
1900,79.167,33.7047,0.1888
1901,79.208,47.6474,15.1368
1902,79.250,47.6562,0.5469
1903,79.292,38.8529,11.0247
1904,79.333,38.8015,0.2626
1905,79.375,29.4514,9.3525
1906,79.417,35.8612,7.6448
1907,79.458,35.8546,0.1482
1908,79.500,40.9598,8.0496
1909,79.542,40.9349,0.0550
1910,79.583,40.9842,0.0861
1911,79.625,40.9982,0.0223
1912,79.667,42.0004,5.6225
1913,79.708,41.9355,0.3644
1914,79.750,42.8493,7.5976
1915,79.792,36.8429,6.0083
1916,79.833,37.0150,0.4568
1917,79.875,35.5367,7.0118
1918,79.917,35.4529,0.2712
1919,79.958,33.2128,5.5739
1920,80.000,32.9228,0.3468
1921,80.042,31.9947,0.9414
1922,80.083,75.4685,51.1289
1923,80.125,75.2214,1.3191
1924,80.167,16.6456,64.6484
1925,80.208,16.6482,0.0068
1926,80.250,91.1795,74.8277
1927,80.292,91.2456,0.3496
1928,80.333,120.2956,29.0548
1929,80.375,14.4585,105.8385
1930,80.417,14.4854,0.0762
1931,80.458,12.6555,3.1621
1932,80.500,12.6835,0.0860
1933,80.542,16.3154,3.6330
1934,80.583,17.1155,1.4731
1935,80.625,51.2122,34.8752
1936,80.667,16.7448,35.6589
1937,80.708,18.5795,1.8689
1938,80.750,13.3003,5.2817
1939,80.792,13.0693,0.2968
1940,80.833,16.0897,10.3155
1941,80.875,16.0784,0.0411
1942,80.917,21.6270,15.1216
1943,80.958,17.5832,13.1483
1944,81.000,17.6967,0.2100
1945,81.042,22.2861,4.5914
1946,81.083,22.2829,0.2825
1947,81.125,29.5048,16.3890
1948,81.167,29.5528,0.3356
1949,81.208,10.9281,22.5856
1950,81.250,10.9944,0.1360
1951,81.292,17.8562,6.8771
1952,81.333,14.5246,8.3926
1953,81.375,14.5316,0.0689
1954,81.417,10.4948,7.7447
1955,81.458,10.0931,0.4618
1956,81.500,14.9693,4.8811
1957,81.542,14.9656,0.0269
1958,81.583,15.2670,5.7398
1959,81.625,14.0487,6.1140
1960,81.667,14.0214,0.1033
1961,81.708,11.7260,6.8005
1962,81.750,11.7649,0.0874
1963,81.792,11.6899,0.1311
1964,81.833,11.7097,0.0832
1965,81.875,14.8251,6.4058
1966,81.917,12.4608,7.8669
1967,81.958,12.4502,0.1685
1968,82.000,14.4078,1.9623
1969,82.042,14.3762,0.1761
1970,82.083,27.4907,18.1557
1971,82.125,27.4964,0.2306
1972,82.167,21.1483,13.3330
1973,82.208,20.3462,0.8191
1974,82.250,20.3801,0.2114
1975,82.292,22.5240,9.7022
1976,82.333,22.4402,0.2004
1977,82.375,17.1865,12.2668
1978,82.417,16.9998,0.2276
1979,82.458,69.1263,57.0998
1980,82.500,69.1613,0.6706
1981,82.542,61.1496,8.0171
1982,82.583,81.5575,21.9888
1983,82.625,81.4689,0.6175
1984,82.667,70.1132,13.5816
1985,82.708,70.1133,0.1468
1986,82.750,58.6664,11.4531
1987,82.792,58.5847,0.7884
1988,82.833,72.8157,14.9987
1989,82.875,34.5629,39.0340
1990,82.917,34.4960,0.0969
1991,82.958,32.1643,2.5402
1992,83.000,32.0902,0.3477
1993,83.042,21.7077,10.7452
1994,83.083,21.7075,0.1866
1995,83.125,23.7017,3.1651
1996,83.167,21.0667,3.5339
1997,83.208,21.0930,0.1993
1998,83.250,25.0412,3.9635
1999,83.292,25.0996,0.1740
2000,83.333,23.8043,2.7829
2001,83.375,23.7153,0.2944
2002,83.417,24.3158,3.0937
2003,83.458,25.7313,1.4539
2004,83.500,26.0818,0.4982
2005,83.542,25.8207,0.3792
2006,83.583,20.0085,6.4838
2007,83.625,20.0007,0.0581
2008,83.667,28.2144,8.4837
2009,83.708,28.1411,0.2805
2010,83.750,23.4747,4.6914
2011,83.792,19.0279,5.7138
2012,83.833,19.0206,0.1725
2013,83.875,28.9869,10.0809
2014,83.917,28.9423,0.2620
2015,83.958,22.3371,7.6470
2016,84.000,22.2957,0.2714
2017,84.042,22.2293,0.1585
2018,84.083,22.1257,0.2731
2019,84.125,20.6866,2.5459
2020,84.167,8.3507,12.6297
2021,84.208,7.8307,0.6108
2022,84.250,10.5111,2.7051
2023,84.292,10.5019,0.0293
2024,84.333,8.3776,3.4834
2025,84.375,8.3170,0.1259
2026,84.417,12.9086,5.0925
2027,84.458,14.2033,1.3214
2028,84.500,13.7582,1.1177
2029,84.542,32.1391,20.6451
2030,84.583,32.0834,0.4467
2031,84.625,36.9905,15.0504
2032,84.667,36.7891,0.4731
2033,84.708,41.3544,16.7779
2034,84.750,45.7927,4.4781
2035,84.792,45.5396,0.6903
2036,84.833,35.8807,19.4846
2037,84.875,35.9772,0.3123
2038,84.917,40.4595,19.3989
2039,84.958,40.4036,0.1794
2040,85.000,54.6602,14.2621
2041,85.042,39.4380,30.9730
2042,85.083,39.4902,0.1599
2043,85.125,44.8743,22.8066
2044,85.167,45.2770,0.8054
2045,85.208,49.5339,4.2905
2046,85.250,49.3246,0.6875
2047,85.292,11.7141,38.4702
2048,85.333,11.7191,0.1206
2049,85.375,70.0723,58.3850
2050,85.417,75.9074,5.8390
2051,85.458,76.9824,1.4538
2052,85.500,11.1368,66.2698
2053,85.542,11.1160,0.0877
2054,85.583,76.2453,65.9626
2055,85.625,76.2637,0.1080
2056,85.667,13.4764,63.2450
2057,85.708,10.7303,2.7823
2058,85.750,10.7186,0.1035
2059,85.792,10.3782,0.9647
2060,85.833,10.3428,0.0768
2061,85.875,33.6946,24.1974
2062,85.917,33.6793,0.0643
2063,85.958,33.7464,0.2975
2064,86.000,32.5173,10.0824
2065,86.042,32.5646,0.3244
2066,86.083,24.7212,30.8143
2067,86.125,25.4614,0.7718
2068,86.167,22.6010,2.8785
2069,86.208,22.5981,0.1559
2070,86.250,25.0678,4.0026
2071,86.292,26.3743,2.8537
2072,86.333,26.5264,0.1775
2073,86.375,35.2164,9.5866
2074,86.417,35.1651,0.1290
2075,86.458,32.8619,2.3307
2076,86.500,32.5825,0.4457
2077,86.542,37.9413,6.8127
2078,86.583,32.9405,5.7349
2079,86.625,33.0827,0.2956
2080,86.667,33.4180,0.7356
2081,86.708,33.3619,0.2073
2082,86.750,35.5549,4.3991
2083,86.792,35.5993,0.1986
2084,86.833,39.6997,5.8164
2085,86.875,39.8134,0.2633
2086,86.917,27.1125,12.7488
2087,86.958,38.4268,11.4551
2088,87.000,38.3509,0.2614
2089,87.042,42.6656,5.5838
2090,87.083,42.6261,0.2174
2091,87.125,37.5847,9.7357
2092,87.167,37.6539,0.4300
2093,87.208,44.5516,6.9095
2094,87.250,30.6353,14.6241
2095,87.292,30.5635,0.3798
2096,87.333,26.5011,18.9136
2097,87.375,26.4825,0.4992
2098,87.417,20.3399,6.1571
2099,87.458,20.3223,0.2286
2100,87.500,33.5304,15.1864
2101,87.542,44.9641,13.8399
2102,87.583,44.9476,0.1685
2103,87.625,41.0533,3.9115
2104,87.667,40.9451,0.6489
2105,87.708,49.0650,10.8699
2106,87.750,49.1263,0.4186
2107,87.792,69.0892,22.0653
2108,87.833,58.8398,16.6225
2109,87.875,58.8035,0.1133
2110,87.917,58.3093,0.5497
2111,87.958,58.3361,0.0641
2112,88.000,53.3523,13.2247
2113,88.042,53.3318,0.4849
2114,88.083,70.2145,17.9113
2115,88.125,70.0560,0.8453
2116,88.167,64.6025,5.4683
2117,88.208,64.8526,10.4028
2118,88.250,64.9075,0.3491
2119,88.292,54.5529,12.6216
2120,88.333,54.5406,0.1156
2121,88.375,74.1053,19.5873
2122,88.417,74.1015,0.7194
2123,88.458,75.4962,11.6737
2124,88.500,45.8653,30.1681
2125,88.542,45.8177,0.2821
2126,88.583,54.8650,12.3515
2127,88.625,54.7790,0.4416
2128,88.667,61.7871,7.0149
2129,88.708,61.8996,0.2452
2130,88.750,53.7313,12.4335
2131,88.792,75.2993,22.9362
2132,88.833,75.3360,0.9072
2133,88.875,54.0293,21.3653
2134,88.917,54.0760,0.3994
2135,88.958,52.0996,8.2584
2136,89.000,52.1139,0.7663
2137,89.042,61.3022,11.8311
2138,89.083,55.6170,5.7118
2139,89.125,55.7162,0.7876
2140,89.167,52.1137,8.9102
2141,89.208,52.2569,1.1069
2142,89.250,64.5546,14.2736
2143,89.292,64.5130,1.0206
2144,89.333,27.0800,39.1258
2145,89.375,27.2401,0.2555
2146,89.417,27.2527,0.1622
2147,89.458,11.3691,15.8948
2148,89.500,11.3880,0.1009
2149,89.542,11.2489,2.1954
2150,89.583,11.1915,0.3364
2151,89.625,11.0841,0.2007
2152,89.667,11.0695,0.0261
2153,89.708,7.2110,3.8897
2154,89.750,11.2631,4.0831
2155,89.792,11.2660,0.0202
2156,89.833,11.9755,0.7366
2157,89.875,12.0844,0.1641
2158,89.917,11.1561,1.8727
2159,89.958,11.2364,0.1358
2160,90.000,10.1680,2.9860
2161,90.042,15.2011,5.0650
2162,90.083,15.2596,0.1094
2163,90.125,13.3240,6.2993
2164,90.167,13.3148,0.1519
2165,90.208,23.9777,16.5611
2166,90.250,23.9307,0.1009
2167,90.292,76.6924,61.7348
2168,90.333,77.0377,1.3403
2169,90.375,76.8347,0.6210
2170,90.417,11.1552,66.2079
2171,90.458,11.1544,0.0169
2172,90.500,88.5257,79.8501
2173,90.542,88.4691,0.1962
2174,90.583,88.3254,0.4048
2175,90.625,69.1769,58.0692
2176,90.667,69.2657,0.6823
2177,90.708,29.9745,45.7814
2178,90.750,30.6171,2.5046
2179,90.792,45.8017,15.1847
2180,90.833,45.8825,0.4427
2181,90.875,14.1463,33.9552
2182,90.917,13.9274,1.6870
2183,90.958,13.8503,0.1650
2184,91.000,16.4662,8.3224
2185,91.042,16.2731,0.4117
2186,91.083,16.7394,0.5649
2187,91.125,16.6973,0.0660
2188,91.167,27.4293,10.8499
2189,91.208,27.4448,0.2727
2190,91.250,65.2222,45.1346
2191,91.292,65.7983,0.6047
2192,91.333,65.9782,0.4025
2193,91.375,26.2632,40.4747
2194,91.417,25.7943,0.5762
2195,91.458,26.9548,5.2807
2196,91.500,26.9933,0.1919
2197,91.542,26.8845,0.2371
2198,91.583,21.5567,5.6621
2199,91.625,21.3749,0.4218
2200,91.667,24.4883,3.1844
2201,91.708,24.5180,0.2547
2202,91.750,26.3756,2.2596
2203,91.792,26.5844,0.4564
2204,91.833,28.7069,2.1586
2205,91.875,29.2677,2.1055
2206,91.917,29.2773,0.3862
2207,91.958,38.6119,39.4748
2208,92.000,38.4886,0.4706
2209,92.042,35.7275,2.7821
2210,92.083,35.5190,0.6097
2211,92.125,40.8633,5.6658
2212,92.167,32.6531,8.8798
2213,92.208,32.6360,0.0701
2214,92.250,32.6522,0.0902
2215,92.292,32.6551,0.0084
2216,92.333,33.2420,2.2972
2217,92.375,33.2338,0.3347
2218,92.417,33.5569,3.2644
2219,92.458,33.5537,0.1853
2220,92.500,44.4554,10.9336
2221,92.542,37.6109,6.8565
2222,92.583,37.4578,0.4498
2223,92.625,47.0166,9.8404
2224,92.667,46.9264,0.4187
2225,92.708,39.9142,8.1422
2226,92.750,39.9768,0.2905
2227,92.792,42.4526,2.4881
2228,92.833,29.5623,13.0380
2229,92.875,29.6792,0.1892
2230,92.917,30.8426,2.8894
2231,92.958,30.9234,0.1601
2232,93.000,34.0540,3.1505
2233,93.042,34.0983,0.2780
2234,93.083,45.5277,11.5223
2235,93.125,31.9959,13.6858
2236,93.167,31.9552,0.2110
2237,93.208,35.3036,4.2245
2238,93.250,35.2343,0.1059
2239,93.292,35.0556,0.2159
2240,93.333,35.0929,0.0881
2241,93.375,30.3922,5.4785
2242,93.417,100.1737,80.0483
2243,93.458,100.1612,0.8847
2244,93.500,120.6907,20.5458
2245,93.542,120.7763,1.2303
2246,93.583,102.2363,40.8232
2247,93.625,102.2321,0.4915
2248,93.667,71.4053,48.0619
2249,93.708,87.7721,16.3824
2250,93.750,87.5073,1.1432
2251,93.792,73.7168,34.9996
2252,93.833,73.7217,0.2567
2253,93.875,80.2272,20.6246
2254,93.917,80.1690,0.8734
2255,93.958,71.8001,16.5651
2256,94.000,71.7557,0.4379
2257,94.042,79.4516,8.1437
2258,94.083,77.1684,14.1954
2259,94.125,77.1126,0.3486
2260,94.167,58.6251,23.4186
2261,94.208,58.3638,0.3309
2262,94.250,59.4439,1.2773
2263,94.292,59.4309,0.1314
2264,94.333,57.7273,6.5475
2265,94.375,50.7710,13.2163
2266,94.417,50.6615,0.4705
2267,94.458,44.1778,6.4960
2268,94.500,43.9262,0.6104
2269,94.542,58.3609,17.3160
2270,94.583,58.5384,0.8990
2271,94.625,31.3364,28.2483
2272,94.667,34.1565,8.5904
2273,94.708,34.2093,0.7118
2274,94.750,34.2798,0.2481
2275,94.792,34.3077,0.0505
2276,94.833,46.4007,16.7176
2277,94.875,46.5584,0.4456
2278,94.917,42.9610,8.4855
2279,94.958,42.9744,0.4730
2280,95.000,43.1559,0.4880
2281,95.042,44.3092,6.8936
2282,95.083,44.3563,0.1822
2283,95.125,38.8039,6.4625
2284,95.167,38.1845,0.7439
2285,95.208,36.7671,1.4943
2286,95.250,37.2456,0.5881
2287,95.292,29.3164,29.9558
2288,95.333,56.0092,27.3730
2289,95.375,55.9318,0.3047
2290,95.417,36.3925,19.5441
2291,95.458,36.4061,0.0235
2292,95.500,37.8337,4.7281
2293,95.542,37.8674,0.2650
2294,95.583,38.6374,4.6591
2295,95.625,40.7512,4.7669
2296,95.667,41.2840,0.6315
2297,95.708,41.6858,0.4965
2298,95.750,41.5392,0.3338
2299,95.792,41.4963,6.8269
2300,95.833,41.4599,0.8687
2301,95.875,35.7452,8.2141
2302,95.917,44.8363,9.1001
2303,95.958,44.8065,0.6262
2304,96.000,43.1938,8.4227
2305,96.042,43.1423,0.2197
2306,96.083,34.0257,11.2579
2307,96.125,34.1376,0.5926
2308,96.167,44.7535,10.6174
2309,96.208,44.8781,8.1507
2310,96.250,44.8114,0.3136
2311,96.292,47.7555,38.1439
2312,96.333,47.6557,0.7124
2313,96.375,7.9867,39.7012
2314,96.417,7.7453,0.2925
2315,96.458,10.4488,2.7092
2316,96.500,94.4606,84.0655
2317,96.542,94.2754,1.9931
2318,96.583,8.9280,85.3971
2319,96.625,8.2675,0.6714
2320,96.667,12.0737,3.8092
2321,96.708,12.2126,0.1520
2322,96.750,17.7271,8.8147
2323,96.792,17.7511,0.1795
2324,96.833,107.8484,90.7009
2325,96.875,119.9557,12.1370
2326,96.917,119.4562,2.2045
2327,96.958,11.6891,107.7682
2328,97.000,12.3039,0.6398
2329,97.042,12.5719,8.2027
2330,97.083,12.6187,0.1234
2331,97.125,18.1055,11.5909
2332,97.167,13.3680,4.7421
2333,97.208,13.3454,0.1222
2334,97.250,16.3040,13.5054
2335,97.292,16.3007,0.1291
2336,97.333,25.7020,15.2829
2337,97.375,26.0249,0.5402
2338,97.417,18.7751,7.2505
2339,97.458,12.7993,16.0956
2340,97.500,12.7980,0.0730
2341,97.542,8.5759,7.1593
2342,97.583,8.5931,0.0452
2343,97.625,8.5923,0.0280
2344,97.667,8.5772,0.0303
2345,97.708,10.4474,5.3040
2346,97.750,8.9574,4.9929
2347,97.792,8.9733,0.0608
2348,97.833,11.6677,5.2813
2349,97.875,11.5033,0.2549
2350,97.917,11.8752,0.4519
2351,97.958,12.0647,1.0071
2352,98.000,11.2326,5.3891
2353,98.042,11.7771,4.0165
2354,98.083,11.7438,0.1495
2355,98.125,15.1488,3.5444
2356,98.167,15.1701,0.0876
2357,98.208,9.6863,9.3575
2358,98.250,9.5670,0.1933
2359,98.292,10.2461,5.4014
2360,98.333,10.3125,0.0915
2361,98.375,10.8681,0.7872
2362,98.417,8.7301,6.3286
2363,98.458,8.9223,0.2723
2364,98.500,13.6369,6.9789
2365,98.542,13.8446,0.2663
2366,98.583,12.1180,7.5581
2367,98.625,12.3077,0.2309
2368,98.667,12.4306,0.1605
2369,98.708,41.9191,34.6642
2370,98.750,41.7502,1.1166
2371,98.792,61.3518,21.0876
2372,98.833,61.0331,0.8656
2373,98.875,48.7669,12.2685
2374,98.917,48.9429,0.9076
2375,98.958,43.2335,6.3106
2376,99.000,45.7927,6.3006
2377,99.042,45.8182,0.0702
2378,99.083,40.0876,5.7439
2379,99.125,39.8198,0.4472
2380,99.167,32.7770,11.7045
2381,99.208,32.8406,0.4671
2382,99.250,9.9283,22.9408
2383,99.292,13.6442,3.9217
2384,99.333,13.3036,0.4220
2385,99.375,12.4653,0.8755
2386,99.417,12.6059,0.3563
2387,99.458,13.3854,1.5973
2388,99.500,13.3451,0.1678
2389,99.542,13.9507,1.2537
2390,99.583,13.9530,0.1182
2391,99.625,11.9279,2.0385
2392,99.667,15.0223,3.6507
2393,99.708,15.0324,0.1435
2394,99.750,14.8971,1.8931
2395,99.792,14.5333,0.5023
2396,99.833,13.2889,1.2553
2397,99.875,13.4323,0.3068
2398,99.917,17.2569,4.1088
2399,99.958,17.4421,3.4171
2400,100.000,17.4295,0.0551
2401,100.042,12.4607,4.9712
2402,100.083,12.3838,0.3571
2403,100.125,20.2679,8.0897
2404,100.167,20.3222,0.1427
2405,100.208,18.8799,3.0850
2406,100.250,14.6088,4.7152
2407,100.292,14.3809,0.3702
2408,100.333,14.3749,0.0364
2409,100.375,14.1523,0.2632
2410,100.417,9.3115,7.4436
2411,100.458,9.4511,0.3049
2412,100.500,7.3074,2.3789
2413,100.542,7.4830,0.1949
2414,100.583,7.6084,0.1602
2415,100.625,14.8712,7.3109
2416,100.667,14.8730,0.0051
2417,100.708,22.1889,10.5782
2418,100.750,22.2143,0.0817
2419,100.792,21.3845,0.9598
2420,100.833,36.7862,21.1242
2421,100.875,36.8698,0.1568
2422,100.917,39.7738,14.3105
2423,100.958,39.8118,0.1648
2424,101.000,36.4398,16.3906
2425,101.042,35.9966,0.6639
2426,101.083,34.4210,1.6302
2427,101.125,34.3247,0.4399
2428,101.167,39.8525,15.7001
2429,101.208,38.9103,21.9584
2430,101.250,38.6423,0.3600
2431,101.292,37.8313,0.8599
2432,101.333,37.7936,0.1705
2433,101.375,32.2145,18.1156
2434,101.417,32.2435,0.5369
2435,101.458,8.7503,25.0480
2436,101.500,8.9002,0.1691
2437,101.542,8.8396,0.1169
2438,101.583,12.9622,6.5147
2439,101.625,12.9642,0.0833
2440,101.667,12.7837,9.0693
2441,101.708,12.8491,0.2369
2442,101.750,36.4775,25.9471
2443,101.792,52.2555,16.9454
2444,101.833,52.1394,0.6939
2445,101.875,8.6796,43.5216
2446,101.917,8.6110,0.0972
2447,101.958,15.7030,7.2736
2448,102.000,15.7072,0.0232
2449,102.042,25.7945,10.2236
2450,102.083,45.2751,26.1603
2451,102.125,44.9857,1.1570
2452,102.167,51.8162,15.4465
2453,102.208,52.1353,0.4486
2454,102.250,47.1134,5.2687
2455,102.292,47.2211,0.1871
2456,102.333,29.4873,40.8990
2457,102.375,29.5590,0.2013
2458,102.417,34.5844,7.2142
2459,102.458,28.5639,7.0841
2460,102.500,28.6693,0.3279
2461,102.542,32.8445,4.1902
2462,102.583,32.8248,0.1201
2463,102.625,52.4032,19.9930
2464,102.667,52.3905,0.0760
2465,102.708,51.7553,4.5427
2466,102.750,51.0719,0.8302
2467,102.792,51.3065,0.3797
2468,102.833,36.0427,15.3644
2469,102.875,36.0388,0.1255
2470,102.917,44.6587,8.9393
2471,102.958,44.6428,0.1531
2472,103.000,38.6255,6.0188
2473,103.042,44.9397,7.7719
2474,103.083,44.8848,0.1555
2475,103.125,54.7501,10.2551
2476,103.167,54.7518,0.2485
2477,103.208,45.7944,11.4567
2478,103.250,45.8245,0.1239
2479,103.292,38.9178,6.9387
2480,103.333,45.9535,7.7763
2481,103.375,45.9155,0.2385
2482,103.417,41.2627,9.8396
2483,103.458,41.2992,0.2015
2484,103.500,36.3748,4.9348
2485,103.542,36.3600,0.2887
2486,103.583,32.0889,15.6057
2487,103.625,53.7900,29.4183
2488,103.667,54.0446,0.3707
2489,103.708,54.7402,1.2162
2490,103.750,54.6543,0.1619
2491,103.792,65.7062,15.8592
2492,103.833,65.7361,0.3634
2493,103.875,60.2303,13.8211
2494,103.917,60.1866,0.2845
2495,103.958,89.0678,29.4509
2496,104.000,89.0914,0.3569
2497,104.042,88.8672,0.4398
2498,104.083,93.2655,16.3819
2499,104.125,93.0320,1.0009
2500,104.167,73.8357,24.8472
2501,104.208,73.8760,0.3329
2502,104.250,64.9166,9.1089
2503,104.292,79.9381,16.9096
2504,104.333,79.9351,0.0998
2505,104.375,78.0591,11.4438
2506,104.417,78.1503,0.2313
2507,104.458,77.7228,0.6452
2508,104.500,77.7461,0.2693
2509,104.542,121.2315,43.7220
2510,104.583,122.4099,14.3880
2511,104.625,122.3371,0.6569
2512,104.667,103.2948,22.1823
2513,104.708,103.3195,0.0473
2514,104.750,103.3501,0.0610
2515,104.792,103.4453,0.1150
2516,104.833,105.5962,13.4967
2517,104.875,92.9731,16.8981
2518,104.917,93.0533,0.1281
2519,104.958,94.4961,1.4970
2520,105.000,95.3884,0.9651
2521,105.042,83.8153,16.9244
2522,105.083,83.7740,0.2068
2523,105.125,83.5686,9.1454
2524,105.167,83.4856,0.4985
2525,105.208,100.1254,16.6416
2526,105.250,52.4768,47.9045
2527,105.292,52.4609,0.3720
2528,105.333,48.6117,7.8595
2529,105.375,48.6293,1.0127
2530,105.417,68.8033,20.1800
2531,105.458,68.9661,0.7006
2532,105.500,50.6020,19.9869
2533,105.542,51.7094,15.7014
2534,105.583,51.5741,1.0502
2535,105.625,29.3315,28.0040
2536,105.667,29.3072,0.1419
2537,105.708,29.6220,0.5196
2538,105.750,29.4729,0.2601
2539,105.792,11.9406,17.5447
2540,105.833,7.2911,4.7327
2541,105.875,7.9904,1.1370
2542,105.917,10.1126,2.4222
2543,105.958,10.1607,0.1442
2544,106.000,6.7068,3.5665
2545,106.042,6.9063,0.2657
2546,106.083,34.1014,27.2003
2547,106.125,20.5359,13.7439
2548,106.167,20.5554,0.1725
2549,106.208,17.2358,5.8990
2550,106.250,17.3983,0.2566
2551,106.292,14.0316,8.9176
2552,106.333,14.0368,0.0676
2553,106.375,31.7644,23.8473
2554,106.417,41.9822,10.2218
2555,106.458,42.0047,0.5709
2556,106.500,121.4193,89.7105
2557,106.542,121.6240,1.1804
2558,106.583,47.8131,81.6679
2559,106.625,47.9429,0.4408
2560,106.667,37.0761,10.8714
2561,106.708,37.0582,0.4369
2562,106.750,94.7269,73.7512
2563,106.792,65.6265,61.1578
2564,106.833,65.7128,0.7717
2565,106.875,72.1173,6.4262
2566,106.917,72.6262,1.0872
2567,106.958,27.6611,50.6305
2568,107.000,27.7759,0.2640
2569,107.042,26.7588,24.7858
2570,107.083,40.3539,22.3470
2571,107.125,40.4824,0.3222
2572,107.167,40.6552,0.1946
2573,107.208,40.6933,0.1522
2574,107.250,16.1640,24.7652
2575,107.292,16.1777,0.0964
2576,107.333,16.3268,2.6967
2577,107.375,15.4006,0.9842
2578,107.417,15.4865,0.1828
2579,107.458,103.0604,87.5853
2580,107.500,102.9179,1.2763
2581,107.542,53.8503,52.4759
2582,107.583,53.8318,0.2457
2583,107.625,53.6396,0.3386
2584,107.667,27.1557,26.4987
2585,107.708,27.1705,0.2636
2586,107.750,25.9269,2.3668
2587,107.792,25.8693,0.2598
2588,107.833,27.7996,2.5630
2589,107.875,27.7244,0.2816
2590,107.917,27.6169,0.2765
2591,107.958,44.4231,17.0910
2592,108.000,44.4292,0.1780
2593,108.042,45.4409,3.1700
2594,108.083,45.1843,0.4549
2595,108.125,42.1726,47.1540
2596,108.167,42.1697,0.2708
2597,108.208,41.8867,0.5114
2598,108.250,56.1485,14.7406
2599,108.292,55.8950,0.5348
2600,108.333,69.0764,13.1869
2601,108.375,69.1069,0.4773
2602,108.417,69.1817,0.2835
2603,108.458,69.9404,4.2692
2604,108.500,69.9928,0.1321
2605,108.542,69.9672,0.0698
2606,108.583,47.8360,23.0288
2607,108.625,47.8465,0.0550
2608,108.667,43.1443,5.1279
2609,108.708,43.1675,0.0597
2610,108.750,43.1508,0.0813
2611,108.792,37.6773,7.2271
2612,108.833,37.7080,0.1255
2613,108.875,64.6357,26.9689
2614,108.917,64.6781,0.1467
2615,108.958,64.6885,0.1538
2616,109.000,67.5574,4.3900
2617,109.042,67.6913,0.2775
2618,109.083,40.2246,27.5438
2619,109.125,40.2260,0.1098
2620,109.167,40.2388,0.1111
2621,109.208,41.3002,3.2158
2622,109.250,41.2622,0.1226
2623,109.292,42.8543,2.6416
2624,109.333,42.9422,0.1703
2625,109.375,42.9422,0.0824
2626,109.417,74.6342,31.8047
2627,109.458,74.7003,0.3201
2628,109.500,71.7178,4.1118
2629,109.542,71.8652,0.2196
2630,109.583,71.8759,0.0150
2631,109.625,166.6671,112.7504
2632,109.667,166.7234,0.5953
2633,109.708,187.4446,30.3260
2634,109.750,187.4707,0.4010
2635,109.792,187.5180,0.3258
2636,109.833,148.9603,53.4651
2637,109.875,148.9517,0.6048
2638,109.917,156.8540,40.6013
2639,109.958,156.8807,0.3934
2640,110.000,156.9106,0.3908
2641,110.042,123.8330,45.2574
2642,110.083,123.7631,0.8855
2643,110.125,152.2095,30.5885
2644,110.167,152.1973,0.7333
2645,110.208,152.2970,0.6035
2646,110.250,153.2813,21.6646
2647,110.292,153.2420,0.5814
2648,110.333,106.5496,46.7006
2649,110.375,106.4698,0.7640
2650,110.417,106.6170,0.4123
2651,110.458,101.7799,12.5175
2652,110.500,101.8049,0.6910
2653,110.542,93.1258,13.1389
2654,110.583,93.2501,0.3221
2655,110.625,93.1945,0.3120
2656,110.667,101.5985,23.4801
2657,110.708,101.7287,0.3077
2658,110.750,101.7344,0.0111
2659,110.792,90.1322,26.5496
2660,110.833,90.1263,0.0276
2661,110.875,99.1352,17.1038
2662,110.917,99.0263,3.0471
2663,110.958,99.0221,0.2282
2664,111.000,76.1848,31.3454
2665,111.042,76.2702,0.3306
2666,111.083,113.6218,37.3910
2667,111.125,113.7168,0.2201
2668,111.167,113.6689,0.2256
2669,111.208,93.0998,21.6155
2670,111.250,92.9555,0.7385
2671,111.292,81.3164,12.6796
2672,111.333,81.7893,0.7349
2673,111.375,81.6773,0.4663
2674,111.417,59.4257,54.7758
2675,111.458,59.7344,0.7702
2676,111.500,75.6027,17.8502
2677,111.542,75.6692,0.2164
2678,111.583,75.7948,0.3330
2679,111.625,84.7542,13.0218
2680,111.667,84.7492,0.6463
2681,111.708,89.0494,8.0707
2682,111.750,89.3818,0.4132
2683,111.792,89.4473,0.0858
2684,111.833,101.2318,15.6922
2685,111.875,101.2181,0.3193
2686,111.917,63.9022,38.3266
2687,111.958,64.0364,0.1998
2688,112.000,64.0929,0.1863
2689,112.042,101.6884,39.1194
2690,112.083,101.6846,0.1689
2691,112.125,106.1177,11.0697
2692,112.167,106.1482,0.2804
2693,112.208,106.2500,0.1440
2694,112.250,81.1117,28.2844
2695,112.292,81.0941,0.3749
2696,112.333,53.8206,28.5969
2697,112.375,53.8289,0.3183
2698,112.417,53.8366,0.2311
2699,112.458,101.2989,60.9528
2700,112.500,101.2867,0.7693
2701,112.542,126.3354,80.6946
2702,112.583,126.3256,0.5080
2703,112.625,126.4216,0.2959
2704,112.667,177.8663,71.1589
2705,112.708,177.8600,1.1840
2706,112.750,33.0585,144.8033
2707,112.792,33.2316,0.3470
2708,112.833,33.2118,0.1199
2709,112.875,22.9886,17.0778
2710,112.917,22.9996,0.0920
2711,112.958,22.9794,0.0857
2712,113.000,148.5744,125.8927
2713,113.042,149.3580,1.9963
2714,113.083,19.1686,130.1900
2715,113.125,19.1857,0.0753
2716,113.167,19.2026,0.0733
2717,113.208,38.2481,24.7980
2718,113.250,38.1949,0.2645
2719,113.292,35.1625,14.9528
2720,113.333,35.1765,0.1501
2721,113.375,35.0630,0.2094
2722,113.417,29.9794,27.6373
2723,113.458,29.9671,0.3082
2724,113.500,36.6355,16.7618
2725,113.542,36.9263,0.6998
2726,113.583,36.7348,0.4867
2727,113.625,16.1246,25.1116
2728,113.667,16.1791,0.1852
2729,113.708,34.0317,19.7540
2730,113.750,34.0329,0.1014
2731,113.792,34.0385,0.0713
2732,113.833,21.6411,16.7147
2733,113.875,21.6505,0.0508
2734,113.917,18.2776,6.6217
2735,113.958,18.1326,0.2230
2736,114.000,18.1715,0.1297
2737,114.042,30.1347,15.7679
2738,114.083,30.1585,0.0890
2739,114.125,30.0426,7.7975
2740,114.167,30.0881,0.3347
2741,114.208,30.1196,0.0557
2742,114.250,33.8597,10.6360
2743,114.292,33.8874,0.2474
2744,114.333,20.7889,18.9844
2745,114.375,20.8036,0.0328
2746,114.417,20.7750,0.1192
2747,114.458,19.4178,8.8097
2748,114.500,19.4030,0.1769
2749,114.542,17.1736,6.1235
2750,114.583,17.1873,0.0816
2751,114.625,17.1551,0.0856
2752,114.667,36.4686,22.5293
2753,114.708,36.5154,0.2208
2754,114.750,26.1818,16.4654
2755,114.792,26.1809,0.0959
2756,114.833,26.1647,0.1589
2757,114.875,68.9243,51.6284
2758,114.917,68.8274,1.0224
2759,114.958,65.6595,6.8180
2760,115.000,65.6525,0.0741
2761,115.042,65.6755,0.0284
2762,115.083,89.2097,24.6342
2763,115.125,89.2482,1.1223
2764,115.167,89.3775,0.7156
2765,115.208,121.4354,33.9096
2766,115.250,121.6062,1.3825
2767,115.292,53.9211,67.7359
2768,115.333,54.0480,0.7801
2769,115.375,54.0967,0.5158
2770,115.417,29.6464,24.8225
2771,115.458,29.5990,0.1743
2772,115.500,25.2157,5.2789
2773,115.542,25.2363,0.0668
2774,115.583,25.2372,0.1081
2775,115.625,46.1874,21.0308
2776,115.667,45.9164,0.6098
2777,115.708,42.9230,4.2581
2778,115.750,42.9320,0.0315
2779,115.792,42.8777,0.0876
2780,115.833,29.1885,14.6518
2781,115.875,29.1705,0.0242
2782,115.917,38.8051,9.8461
2783,115.958,39.0476,2.4176
2784,116.000,39.0710,0.0991
2785,116.042,49.7415,12.0007
2786,116.083,49.8039,0.1543
2787,116.125,55.1434,7.5492
2788,116.167,55.1685,0.0974
2789,116.208,55.1800,0.0182
2790,116.250,32.4430,23.1859
2791,116.292,32.3870,0.2944
2792,116.333,29.6362,4.8507
2793,116.375,29.6693,0.0819
2794,116.417,29.6246,0.1731
2795,116.458,24.7284,5.6943
2796,116.500,24.6840,0.2103
2797,116.542,42.0788,17.5881
2798,116.583,42.1296,0.2269
2799,116.625,42.1568,0.1624
2800,116.667,26.8212,20.3053
2801,116.708,26.8179,0.0719
2802,116.750,18.7138,12.3137
2803,116.792,18.7627,0.1217
2804,116.833,18.7895,0.1764
2805,116.875,31.5298,14.6887
2806,116.917,31.4586,0.2636
2807,116.958,42.5597,18.0592
2808,117.000,42.6599,0.4331
2809,117.042,42.6588,0.2405
2810,117.083,67.1705,33.6611
2811,117.125,67.1466,0.3377
2812,117.167,42.6349,31.7871
2813,117.208,42.6380,0.0798
2814,117.250,42.6372,0.1082
2815,117.292,59.6501,27.7099
2816,117.333,59.6944,0.1385
2817,117.375,59.6777,0.1384
2818,117.417,71.4660,31.8549
2819,117.458,71.5118,0.6696
2820,117.500,80.2763,29.3305
2821,117.542,80.3015,0.2012
2822,117.583,80.3309,0.0725
2823,117.625,23.0899,58.5156
2824,117.667,23.0728,0.1356
2825,117.708,32.1044,14.6256
2826,117.750,32.0438,0.3475
2827,117.792,32.0409,0.3130
2828,117.833,30.6840,18.9947
2829,117.875,30.6696,0.1969
2830,117.917,28.8849,13.1851
2831,117.958,28.8460,0.2392
2832,118.000,28.7959,0.1995
2833,118.042,36.2948,11.5211
2834,118.083,36.3273,0.2212
2835,118.125,74.7947,49.7936
2836,118.167,74.9443,0.2588
2837,118.208,74.9116,0.2315
2838,118.250,47.9121,31.0528
2839,118.292,47.9850,0.5371
2840,118.333,45.0743,12.6765
2841,118.375,45.1383,0.4343
2842,118.417,45.2252,0.3942
2843,118.458,58.2119,41.6056
2844,118.500,58.1507,0.3386
2845,118.542,53.8141,6.6311
2846,118.583,53.8936,0.2450
2847,118.625,53.6891,0.3627
2848,118.667,45.6818,8.6783
2849,118.708,45.6501,0.0843
2850,118.750,46.7730,6.8815
2851,118.792,46.8835,0.2079
2852,118.833,46.8913,0.0524
2853,118.875,49.5713,5.8813
2854,118.917,49.5389,0.2798
2855,118.958,58.9452,9.5398
2856,119.000,59.0008,0.1393
2857,119.042,58.9635,0.1506
2858,119.083,60.8385,5.8071
2859,119.125,60.8242,0.2134
2860,119.167,50.1682,11.6446
2861,119.208,50.1562,0.0781
2862,119.250,50.1668,0.0998
2863,119.292,62.8726,13.4546
2864,119.333,62.8918,0.2003
2865,119.375,75.8454,13.9694
2866,119.417,75.9082,0.2447
2867,119.458,75.9025,0.1776
2868,119.500,72.8850,8.7965
2869,119.542,72.8805,0.0704
2870,119.583,72.9161,0.0690
2871,119.625,64.7573,14.0732
2872,119.667,64.7957,0.2783
2873,119.708,57.4501,22.2605
2874,119.750,57.5347,0.4499
2875,119.792,57.5633,0.3601
2876,119.833,75.1647,33.6407
2877,119.875,75.0752,0.3913
2878,119.917,90.1579,19.4699
2879,119.958,90.1908,0.2253
2880,120.000,90.0847,0.2189
2881,120.042,106.3995,20.2448
2882,120.083,106.5189,0.3134
2883,120.125,80.4912,28.6697
2884,120.167,80.5186,0.0575
2885,120.208,80.4939,0.0596
2886,120.250,108.2549,30.9313
2887,120.292,108.3870,0.3906
2888,120.333,102.5763,15.1217
2889,120.375,102.7254,0.3363
2890,120.417,102.5997,0.4761
2891,120.458,103.1702,12.2809
2892,120.500,103.0638,0.4316
2893,120.542,74.9337,29.7711
2894,120.583,74.8473,0.2657
2895,120.625,74.6572,0.2929
2896,120.667,66.0493,13.2830
2897,120.708,66.0678,0.2185
2898,120.750,62.1280,10.7048
2899,120.792,62.1259,0.0711
2900,120.833,62.1741,0.0695
2901,120.875,107.4703,45.9229
2902,120.917,107.4642,0.0217
2903,120.958,102.4967,12.1908
2904,121.000,101.7454,3.0295
2905,121.042,101.7658,0.1328
2906,121.083,69.4645,34.2673
2907,121.125,69.2991,0.3415
2908,121.167,68.2202,9.2345
2909,121.208,68.1562,0.2837
2910,121.250,68.0669,0.1852
2911,121.292,68.3977,10.0028
2912,121.333,68.3738,0.1899
2913,121.375,110.6538,42.8806
2914,121.417,110.7263,0.3522
2915,121.458,110.6490,0.4073
2916,121.500,78.4374,34.0239
2917,121.542,78.4101,0.1175
2918,121.583,64.9677,15.9554
2919,121.625,65.0099,0.1243
2920,121.667,65.0588,0.0889
2921,121.708,66.3754,19.0337
2922,121.750,66.5856,0.5765
2923,121.792,66.4499,0.5666
2924,121.833,31.7536,35.8248
2925,121.875,31.8114,0.1360
2926,121.917,22.8294,9.2479
2927,121.958,22.8491,0.0840
2928,122.000,22.8433,0.0350
2929,122.042,13.0119,9.9966
2930,122.083,13.0560,0.0903
2931,122.125,13.4514,0.6222
2932,122.167,13.4760,0.1203
2933,122.208,13.3496,0.1838
2934,122.250,11.3867,3.0085
2935,122.292,11.3485,0.0888
2936,122.333,27.2714,16.0552
2937,122.375,27.2793,0.0387
2938,122.417,27.2666,0.0452
2939,122.458,24.8217,11.5804
2940,122.500,25.6637,2.1924
2941,122.542,25.9141,21.2093
2942,122.583,25.9223,0.0547
2943,122.625,25.9365,0.0308
2944,122.667,96.9823,77.5128
2945,122.708,96.8320,1.5218
2946,122.750,35.0606,71.5986
2947,122.792,35.0421,0.2866
2948,122.833,35.0857,0.2173
2949,122.875,152.8326,122.9057
2950,122.917,152.8523,1.1541
2951,122.958,75.9688,90.5805
2952,123.000,76.2843,0.6846
2953,123.042,76.1366,0.6341
2954,123.083,51.3147,37.3788
2955,123.125,51.3027,0.5705
2956,123.167,19.7570,38.4655
2957,123.208,19.7844,0.0853
2958,123.250,19.7337,0.1151
2959,123.292,58.5273,43.0914
2960,123.333,58.5460,0.6608
2961,123.375,39.3039,21.9057
2962,123.417,39.2969,0.2124
2963,123.458,39.2560,0.2373
2964,123.500,24.9173,14.6765
2965,123.542,24.9080,0.0824
2966,123.583,42.7070,29.7124
2967,123.625,42.8268,0.2937
2968,123.667,42.7770,0.2775
2969,123.708,60.6022,17.8467
2970,123.750,60.8414,0.4302
2971,123.792,53.5344,12.1011
2972,123.833,53.7839,0.4753
2973,123.875,53.7983,0.0797
2974,123.917,36.3018,18.1485
2975,123.958,36.3254,0.0717
2976,124.000,36.3023,0.1107
2977,124.042,33.7797,2.9477
2978,124.083,33.7753,0.1211
2979,124.125,30.6615,3.5224
2980,124.167,30.5873,0.1817
2981,124.208,30.6677,0.1019
2982,124.250,48.5287,17.9381
2983,124.292,48.5349,0.2562
2984,124.333,64.4091,56.9955
2985,124.375,64.4183,0.4775
2986,124.417,64.4562,0.3820
2987,124.458,48.5317,17.0556
2988,124.500,48.5212,0.3572
2989,124.542,44.2201,4.6418
2990,124.583,44.2401,0.0877
2991,124.625,44.2145,0.1342
2992,124.667,44.5824,2.9956
2993,124.708,44.5720,0.4558
2994,124.750,92.6842,48.1140
2995,124.792,92.7609,0.3757
2996,124.833,92.5114,0.4467
2997,124.875,78.0292,14.9525
2998,124.917,78.0487,0.3182
2999,124.958,80.7725,5.9198
3000,125.000,80.8996,0.2627
3001,125.042,80.8500,0.2615
3002,125.083,73.8317,8.7215
3003,125.125,73.7951,0.2921
3004,125.167,73.5237,3.0754
3005,125.208,73.4358,0.2477
3006,125.250,73.4360,0.0563
3007,125.292,73.4400,0.0093
3008,125.333,82.8092,10.5297
3009,125.375,82.7634,0.3465
3010,125.417,59.7616,23.0367
3011,125.458,59.7955,0.0693
3012,125.500,59.7883,0.0788
3013,125.542,82.4855,22.7677
3014,125.583,82.4281,0.3905
3015,125.625,93.1495,12.0511
3016,125.667,93.1856,0.1523
3017,125.708,93.2041,0.0570
3018,125.750,68.4818,24.7923
3019,125.792,68.4713,0.1998
3020,125.833,65.9493,5.0232
3021,125.875,66.0627,0.2650
3022,125.917,66.0517,0.0878
3023,125.958,179.2775,119.9037
3024,126.000,179.2849,0.0444
3025,126.042,137.5716,55.2159
3026,126.083,137.6016,0.0888
3027,126.125,137.5886,0.0496
3028,126.167,145.7137,59.0889
3029,126.208,145.7432,0.1921
3030,126.250,145.6409,0.5349
3031,126.292,144.3118,34.7370
3032,126.333,144.2135,0.7034
3033,126.375,106.5381,37.8161
3034,126.417,106.5220,0.3771
3035,126.458,106.4117,0.3105
3036,126.500,142.0308,36.6089
3037,126.542,142.0964,0.3590
3038,126.583,111.3633,31.1953
3039,126.625,111.4114,0.2715
3040,126.667,111.4124,0.2731
3041,126.708,109.2629,12.2363
3042,126.750,109.4364,0.4379
3043,126.792,83.2761,26.7616
3044,126.833,83.4144,0.3657
3045,126.875,83.3691,0.2972
3046,126.917,96.6655,23.0341
3047,126.958,96.4434,0.5199
3048,127.000,86.4454,22.4841
3049,127.042,86.3235,0.4408
3050,127.083,86.1878,0.4263
3051,127.125,92.4096,21.7541
3052,127.167,92.6753,0.5587
3053,127.208,99.3440,18.7218
3054,127.250,99.4383,0.1330
3055,127.292,99.4685,0.0477
3056,127.333,65.8128,34.6140
3057,127.375,65.8144,0.4100
3058,127.417,90.0274,24.4669
3059,127.458,90.1190,0.5628
3060,127.500,89.3919,1.5522
3061,127.542,88.7011,11.8782
3062,127.583,88.7451,0.5451
3063,127.625,69.5902,56.5787
3064,127.667,69.5599,0.4352
3065,127.708,69.6130,0.2801
3066,127.750,47.4231,24.3763
3067,127.792,47.4573,0.2343
3068,127.833,71.5102,24.9777
3069,127.875,71.5744,0.3189
3070,127.917,71.6322,0.3413
3071,127.958,75.7038,8.9598
3072,128.000,75.6452,0.1238
3073,128.042,86.4835,13.6390
3074,128.083,86.4782,0.0615
3075,128.125,86.4835,0.0273
3076,128.167,84.6219,9.9664
3077,128.208,84.6545,0.1716
3078,128.250,58.1955,28.2751
3079,128.292,58.2578,0.2424
3080,128.333,58.2467,0.3008
3081,128.375,51.2789,12.2763
3082,128.417,51.3034,0.1163
3083,128.458,51.3036,0.0057
3084,128.500,49.6853,8.4779
3085,128.542,49.6876,0.1608
3086,128.583,86.8761,38.0343
3087,128.625,86.9121,0.1243
3088,128.667,86.8727,0.1457
3089,128.708,105.9957,61.6774
3090,128.750,106.0103,0.0524
3091,128.792,93.2835,68.5909
3092,128.833,93.2993,0.0705
3093,128.875,93.2990,0.0053
3094,128.917,155.9657,67.4526
3095,128.958,155.8621,1.0892
3096,129.000,19.7885,136.0743
3097,129.042,19.8097,0.0368
3098,129.083,19.8071,0.0241
3099,129.125,35.4838,19.6382
3100,129.167,35.4858,0.1441
3101,129.208,133.7982,102.0277
3102,129.250,133.7482,0.3189
3103,129.292,133.7515,0.0153
3104,129.333,20.2465,113.5285
3105,129.375,20.2749,0.1309
3106,129.417,33.5647,22.1481
3107,129.458,33.5534,0.0819
3108,129.500,33.5722,0.0881
3109,129.542,32.9044,14.0549
3110,129.583,32.9183,0.2062
3111,129.625,44.3770,22.9596
3112,129.667,44.3943,0.3291
3113,129.708,44.4449,0.1147
3114,129.750,35.7920,26.0940
3115,129.792,35.8216,0.4099
3116,129.833,35.2821,15.9217
3117,129.875,35.3143,0.4499
3118,129.917,35.3177,0.3196
3119,129.958,13.6588,26.5963
3120,130.000,13.6428,0.0547
3121,130.042,13.0420,5.4121
3122,130.083,13.0224,0.0649
3123,130.125,13.0106,0.0446
3124,130.167,12.7129,5.3179
3125,130.208,12.7240,0.0661
3126,130.250,13.2769,5.2178
3127,130.292,13.2840,0.0952
3128,130.333,13.2887,0.0730
3129,130.375,13.8321,5.3494
3130,130.417,13.8189,0.0907
3131,130.458,14.5936,4.8951
3132,130.500,14.5979,0.0579
3133,130.542,14.6022,0.0446
3134,130.583,14.0680,7.2941
3135,130.625,14.0751,0.0389
3136,130.667,14.0861,0.0621
3137,130.708,15.7655,7.7659
3138,130.750,15.7860,0.1402
3139,130.792,16.1637,4.6326
3140,130.833,16.1584,0.0536
3141,130.875,16.1703,0.0268
3142,130.917,16.8941,7.1496
3143,130.958,16.9111,0.1148
3144,131.000,14.9005,8.2620
3145,131.042,14.9047,0.1099
3146,131.083,15.7774,1.1832
3147,131.125,63.0135,51.3647
3148,131.167,62.9589,0.8517
3149,131.208,64.3384,6.4115
3150,131.250,64.5768,0.5500
3151,131.292,64.4946,0.5398
3152,131.333,64.3521,6.4492
3153,131.375,64.2572,0.9545
3154,131.417,65.0596,7.5001
3155,131.458,65.1384,0.1936
3156,131.500,65.0919,0.2025
3157,131.542,38.2019,27.4782
3158,131.583,38.1180,0.6886
3159,131.625,25.3683,13.3136
3160,131.667,25.4136,0.1403
3161,131.708,25.4179,0.1726
3162,131.750,23.6835,4.3294
3163,131.792,23.6300,0.3891
3164,131.833,21.8148,2.4064
3165,131.875,21.9048,0.1894
3166,131.917,21.8977,0.0839
3167,131.958,49.9354,28.1151
3168,132.000,49.9264,0.4464
3169,132.042,47.1214,5.1616
3170,132.083,46.9783,0.2852
3171,132.125,47.0415,0.2542
3172,132.167,40.3415,10.6634
3173,132.208,40.2983,0.1170
3174,132.250,38.5854,5.0510
3175,132.292,38.7349,0.2395
3176,132.333,38.7705,0.2180
3177,132.375,40.4832,4.2826
3178,132.417,40.4808,0.1307
3179,132.458,46.3129,6.8495
3180,132.500,46.4517,0.2834
3181,132.542,46.4626,0.0959
3182,132.583,34.8791,13.4607
3183,132.625,34.8493,0.3999
3184,132.667,34.5941,2.3371
3185,132.708,34.6519,0.2534
3186,132.750,34.5948,0.2845
3187,132.792,31.8867,4.3961
3188,132.833,31.8327,0.2178
3189,132.875,31.8358,0.3926
3190,132.917,21.2252,15.9028
3191,132.958,21.2418,0.0624
3192,133.000,29.8561,8.8224
3193,133.042,29.8778,0.1257
3194,133.083,29.9005,0.0734
3195,133.125,33.8774,19.8291
3196,133.167,33.8728,0.0815
3197,133.208,58.0322,29.6323
3198,133.250,58.0550,0.1500
3199,133.292,58.0741,0.0408
3200,133.333,71.3756,27.8121
3201,133.375,71.4399,0.6781
3202,133.417,63.6983,22.2266
3203,133.458,63.7543,0.2890
3204,133.500,63.5828,0.3532
3205,133.542,56.0686,26.9440
3206,133.583,56.0701,0.2133
3207,133.625,59.8161,24.0545
3208,133.667,59.7949,0.3356
3209,133.708,59.8254,0.2607
3210,133.750,65.1306,30.3681
3211,133.792,65.1637,0.4308
3212,133.833,23.0972,46.8432
3213,133.875,23.1224,0.0951
3214,133.917,23.1274,0.1019
3215,133.958,44.0102,23.2940
3216,134.000,44.0289,0.1449
3217,134.042,101.6371,70.9261
3218,134.083,101.6437,0.5842
3219,134.125,101.7120,0.5427
3220,134.167,26.2688,76.6931
3221,134.208,26.2591,0.1225
3222,134.250,99.5651,77.0535
3223,134.292,99.5674,0.0863
3224,134.333,99.5999,0.0682
3225,134.375,86.4952,60.0991
3226,134.417,86.4109,1.1319
3227,134.458,68.4996,32.8534
3228,134.500,68.4493,1.0243
3229,134.542,68.6720,0.8161
3230,134.583,41.4679,29.9474
3231,134.625,41.3953,0.4203
3232,134.667,42.8539,36.9067
3233,134.708,43.0376,0.3114
3234,134.750,43.0400,0.2159
3235,134.792,45.0173,5.6519
3236,134.833,45.0728,0.2274
3237,134.875,56.2460,11.2501
3238,134.917,56.3199,0.2337
3239,134.958,56.3429,0.0508
3240,135.000,41.0005,15.9343
3241,135.042,41.0302,0.1173
3242,135.083,41.0259,0.1144
3243,135.125,42.3352,4.6557
3244,135.167,41.5187,1.5947
3245,135.208,54.5493,13.0653
3246,135.250,54.5598,0.0864
3247,135.292,54.5180,0.1422
3248,135.333,53.6577,6.0122
3249,135.375,53.6128,0.3034
3250,135.417,54.1994,4.1701
3251,135.458,54.0031,0.2894
3252,135.500,54.0355,0.1198
3253,135.542,43.5126,12.0943
3254,135.583,43.5080,0.0632
3255,135.625,48.2807,6.4519
3256,135.667,48.3764,0.1771
3257,135.708,48.3902,0.0554
3258,135.750,60.5741,12.9493
3259,135.792,60.4220,0.5414
3260,135.833,79.0457,19.2380
3261,135.875,79.1152,0.2905
3262,135.917,79.0676,0.3105
3263,135.958,39.3889,43.9344
3264,136.000,39.3287,0.4608
3265,136.042,38.8894,16.9235
3266,136.083,38.8303,0.4873
3267,136.125,38.7424,1.5809
3268,136.167,59.0588,24.0291
3269,136.208,58.9865,0.5097
3270,136.250,76.5046,18.6747
3271,136.292,76.6534,0.3327
3272,136.333,76.6067,0.3053
3273,136.375,81.2129,13.9777
3274,136.417,81.1250,0.7905
3275,136.458,69.5401,18.8147
3276,136.500,69.5591,0.0813
3277,136.542,69.5721,0.0286
3278,136.583,82.0074,16.5344
3279,136.625,82.0589,0.2355
3280,136.667,90.9206,12.9073
3281,136.708,91.0387,0.3353
3282,136.750,90.9621,0.3668
3283,136.792,109.5339,21.6206
3284,136.833,109.5617,0.2841
3285,136.875,97.1582,16.2465
3286,136.917,97.2624,0.3415
3287,136.958,97.1237,0.3603
3288,137.000,89.4709,15.6822
3289,137.042,89.3756,0.2886
3290,137.083,113.6075,26.4908
3291,137.125,113.6414,0.2630
3292,137.167,113.6368,0.2319
3293,137.208,100.3137,20.0099
3294,137.250,100.4138,0.2839
3295,137.292,100.4176,0.2521
3296,137.333,109.5955,17.2994
3297,137.375,109.5160,0.4183
3298,137.417,81.7196,29.4509
3299,137.458,81.7344,0.2447
3300,137.500,81.5529,0.3157
3301,137.542,89.2606,14.0429
3302,137.583,89.2194,0.1796
3303,137.625,84.0515,11.0998
3304,137.667,84.0593,0.1469
3305,137.708,84.1133,0.0605
3306,137.750,99.8319,21.1061
3307,137.792,99.9076,1.1311
3308,137.833,85.7756,17.1021
3309,137.875,85.7320,1.0791
3310,137.917,85.8906,0.8459
3311,137.958,45.5151,41.0868
3312,138.000,45.3863,0.7627
3313,138.042,24.5862,22.0036
3314,138.083,24.5935,0.0967
3315,138.125,24.5443,0.0966
3316,138.167,21.4131,10.5348
3317,138.208,21.4114,0.0194
3318,138.250,23.5032,2.2575
3319,138.292,23.6287,0.1432
3320,138.333,23.6191,0.0955
3321,138.375,14.8850,9.1869
3322,138.417,14.8911,0.0137
3323,138.458,16.2782,1.7157
3324,138.500,16.4080,0.1663
3325,138.542,16.4112,0.1400
3326,138.583,17.9852,2.4735
3327,138.625,18.0099,0.0697
3328,138.667,29.7345,12.7003
3329,138.708,29.7467,0.1285
3330,138.750,29.6641,0.1441
3331,138.792,34.9280,25.0468
3332,138.833,34.8315,0.2690
3333,138.875,121.8964,95.0942
3334,138.917,121.9433,0.0953
3335,138.958,121.9430,0.0060
3336,139.000,42.7309,87.6925
3337,139.042,42.8627,0.3946
3338,139.083,159.4528,120.8246
3339,139.125,159.8067,0.9014
3340,139.167,159.5398,0.8808
3341,139.208,106.4178,69.9816
3342,139.250,106.3523,0.7092
3343,139.292,26.4712,86.4348
3344,139.333,26.4764,0.1006
3345,139.375,26.5328,0.1651
3346,139.417,27.1077,4.1458
3347,139.458,27.0989,0.1439
3348,139.500,27.1217,0.1166
3349,139.542,46.8663,31.1310
3350,139.583,46.7619,0.6304
3351,139.625,44.2302,12.9138
3352,139.667,44.4101,0.3998
3353,139.708,44.4490,0.0531
3354,139.750,34.3390,11.7928
3355,139.792,34.3406,0.3034
3356,139.833,35.2087,30.5323
3357,139.875,35.2730,0.1734
3358,139.917,35.2464,0.2172
3359,139.958,49.5808,14.4403
3360,140.000,49.6368,0.4076
3361,140.042,40.0491,11.6764
3362,140.083,40.0979,0.1319
3363,140.125,40.0966,0.1793
3364,140.167,50.8392,11.2543
3365,140.208,50.7558,0.2042
3366,140.250,37.3199,13.4400
3367,140.292,37.3561,0.1117
3368,140.333,37.2662,0.1679
3369,140.375,37.7901,1.7967
3370,140.417,37.7732,0.2836
3371,140.458,33.1284,4.8058
3372,140.500,33.1179,0.0850
3373,140.542,33.1894,0.0777
3374,140.583,65.1421,59.4908
3375,140.625,65.1230,0.5834
3376,140.667,62.8078,5.0964
3377,140.708,62.9257,0.2108
3378,140.750,62.8338,0.2076
3379,140.792,54.6681,8.7373
3380,140.833,54.6630,0.4261
3381,140.875,59.8186,5.9343
3382,140.917,59.7888,0.0782
3383,140.958,59.8250,0.0416
3384,141.000,69.0386,9.4690
3385,141.042,68.9752,0.5582
3386,141.083,70.3905,2.7946
3387,141.125,70.2912,0.6761
3388,141.167,69.7112,1.7517
3389,141.208,56.0230,15.5661
3390,141.250,56.0965,0.2317
3391,141.292,56.6893,2.6723
3392,141.333,56.7556,0.2923
3393,141.375,56.5538,0.3756
3394,141.417,49.5631,8.2138
3395,141.458,49.5579,0.0908
3396,141.500,62.7080,13.3508
3397,141.542,62.7311,0.2029
3398,141.583,62.8089,0.2732
3399,141.625,65.6943,4.3909
3400,141.667,65.6178,0.1788
3401,141.708,65.6378,0.0633
3402,141.750,51.6575,14.6380
3403,141.792,51.6486,0.2121
3404,141.833,50.2185,4.0937
3405,141.875,50.2595,0.1118
3406,141.917,50.3336,0.2106
3407,141.958,49.9892,2.7871
3408,142.000,49.9699,0.2422
3409,142.042,62.6594,12.7453
3410,142.083,62.7376,0.2211
3411,142.125,62.7444,0.1588
3412,142.167,159.8865,108.4473
3413,142.208,159.9591,0.8167
3414,142.250,110.9183,60.5427
3415,142.292,110.9419,0.0352
3416,142.333,110.9446,0.0098
3417,142.375,106.0935,58.3870
3418,142.417,106.1727,0.5706
3419,142.458,108.2651,34.1442
3420,142.500,108.3125,0.5427
3421,142.542,108.3855,0.6092
3422,142.583,134.0489,28.9209
3423,142.625,133.9948,0.6372
3424,142.667,107.2539,33.7761
3425,142.708,107.3546,0.5716
3426,142.750,107.1692,0.5158
3427,142.792,96.6642,24.0872
3428,142.833,96.7165,0.3952
3429,142.875,122.4840,27.7314
3430,142.917,122.6458,0.3522
3431,142.958,122.5694,0.3377
3432,143.000,91.7556,31.5265
3433,143.042,91.8633,0.4709
3434,143.083,84.8178,15.7230
3435,143.125,84.8306,0.4626
3436,143.167,84.8447,0.4380
3437,143.208,60.8717,27.2136
3438,143.250,60.7903,0.3792
3439,143.292,58.7205,14.1014
3440,143.333,58.7784,0.3340
3441,143.375,58.6082,0.3706
3442,143.417,72.2199,21.8649
3443,143.458,72.3301,0.4610
3444,143.500,104.2848,32.8481
3445,143.542,104.4976,0.2928
3446,143.583,104.5111,0.0212
3447,143.625,70.9155,33.9422
3448,143.667,70.9315,0.2329
3449,143.708,66.8852,7.8356
3450,143.750,66.9321,0.2423
3451,143.792,66.9414,0.1540
3452,143.833,59.8463,48.2736
3453,143.875,59.8509,0.1062
3454,143.917,59.8678,0.0281
3455,143.958,69.8880,15.2367
3456,144.000,69.8989,0.5967
3457,144.042,75.5671,9.0847
3458,144.083,75.6136,0.2467
3459,144.125,75.5689,0.2497
3460,144.167,61.3252,17.1492
3461,144.208,61.3692,0.5808
3462,144.250,61.9388,7.0126
3463,144.292,61.9905,0.1207
3464,144.333,62.0008,0.0344
3465,144.375,66.3926,9.2361
3466,144.417,66.4690,0.4594
3467,144.458,88.5020,23.8099
3468,144.500,88.5112,0.4539
3469,144.542,88.5688,0.2597
3470,144.583,73.0901,20.6057
3471,144.625,73.1239,0.6800
3472,144.667,71.7646,8.5387
3473,144.708,71.8111,0.1995
3474,144.750,71.7384,0.2199
3475,144.792,85.0567,18.7773
3476,144.833,85.0396,0.4221
3477,144.875,70.8820,17.8664
3478,144.917,70.9127,0.3753
3479,144.958,70.9505,0.2207
3480,145.000,130.6881,73.0130
3481,145.042,130.6919,0.1156
3482,145.083,25.8306,105.9321
3483,145.125,25.8232,0.0125
3484,145.167,25.8499,0.0544
3485,145.208,23.9945,2.9935
3486,145.250,24.0356,0.1148
3487,145.292,24.1197,8.8851
3488,145.333,24.1304,0.1084
3489,145.375,24.1358,0.0444
3490,145.417,68.9094,46.8590
3491,145.458,69.0040,1.0759
3492,145.500,34.4336,43.0660
3493,145.542,34.4237,0.1950
3494,145.583,34.4334,0.1704
3495,145.625,22.9248,20.0585
3496,145.667,22.9314,0.0844
3497,145.708,22.6835,11.2182
3498,145.750,22.6868,0.0847
3499,145.792,22.6424,0.0758
3500,145.833,41.8667,26.1890
3501,145.875,41.8965,0.2186
3502,145.917,54.0090,23.7235
3503,145.958,54.1913,0.3343
3504,146.000,54.2108,0.0711
3505,146.042,42.6629,28.3126
3506,146.083,42.6866,0.0513
3507,146.125,42.7064,0.0513
3508,146.167,22.9076,28.5229
3509,146.208,22.6861,0.9613
3510,146.250,21.5314,7.7988
3511,146.292,21.5289,0.0648
3512,146.333,21.5359,0.0339
3513,146.375,33.6871,17.2594
3514,146.417,33.6741,0.1340
3515,146.458,26.2042,14.4302
3516,146.500,26.2075,0.0888
3517,146.542,26.1954,0.1175
3518,146.583,20.7190,10.5389
3519,146.625,20.7274,0.0332
3520,146.667,29.6297,13.0730
3521,146.708,29.6313,0.0371
3522,146.750,29.6524,0.0429
3523,146.792,32.6866,11.5294
3524,146.833,32.6554,0.3633
3525,146.875,35.9370,10.6137
3526,146.917,36.0020,0.1471
3527,146.958,35.9880,0.1752
3528,147.000,22.9279,20.1379
3529,147.042,22.8081,0.2136
3530,147.083,27.4476,10.3629
3531,147.125,27.4490,0.0702
3532,147.167,27.4161,0.0546
3533,147.208,20.1719,13.5105
3534,147.250,20.1674,0.0523
3535,147.292,110.5050,92.5768
3536,147.333,110.5036,0.0151
3537,147.375,110.4820,0.0358
3538,147.417,91.0735,20.6121
3539,147.458,90.9990,0.7288
3540,147.500,73.9505,17.7493
3541,147.542,73.9039,0.3511
3542,147.583,73.9466,0.4005
3543,147.625,70.8759,9.9960
3544,147.667,70.8525,0.2236
3545,147.708,79.5041,11.6568
3546,147.750,79.5948,0.3719
3547,147.792,79.5905,0.3166
3548,147.833,56.5475,28.6260
3549,147.875,56.5648,0.0974
3550,147.917,31.5449,25.1724
3551,147.958,31.5221,0.1115
3552,148.000,31.5550,0.1185
3553,148.042,23.0164,8.9591
3554,148.083,22.9667,0.2112
3555,148.125,24.0355,3.0241
3556,148.167,23.9891,0.1497
3557,148.208,24.0119,0.1867
3558,148.250,44.8915,21.0219
3559,148.292,44.8861,0.0527
3560,148.333,44.8992,0.0170
3561,148.375,42.7383,5.6482
3562,148.417,42.7297,0.2891
3563,148.458,27.3109,16.1949
3564,148.500,27.3047,0.1902
3565,148.542,27.3385,0.1717
3566,148.583,37.8231,11.2152
3567,148.625,37.8140,0.1941
3568,148.667,46.7257,9.5733
3569,148.708,46.8634,0.4605
3570,148.750,46.6864,0.4495
3571,148.792,46.8910,5.6505
3572,148.833,46.8092,0.3941
3573,148.875,29.5160,17.4298
3574,148.917,30.4154,1.8687
3575,148.958,30.3738,0.1932
3576,149.000,25.0070,6.1953
3577,149.042,24.9277,0.2576
3578,149.083,12.6734,12.9946
3579,149.125,12.6517,0.0648
3580,149.167,12.6534,0.0399
3581,149.208,30.1085,17.4877
3582,149.250,30.1325,0.0839
3583,149.292,38.8182,12.8495
3584,149.333,38.8608,0.1704
3585,149.375,38.8074,0.1367
3586,149.417,45.9678,26.9700
3587,149.458,45.9777,0.3715
3588,149.500,47.9032,16.4199
3589,149.542,47.9233,0.1158
3590,149.583,47.9626,0.0710
3591,149.625,54.0298,20.7769
3592,149.667,54.0023,0.7007
3593,149.708,70.7432,26.6814
3594,149.750,70.8161,0.5602
3595,149.792,70.8517,0.3342
3596,149.833,58.3027,34.3555
3597,149.875,58.3161,0.1977
3598,149.917,53.6697,26.8765
3599,149.958,53.6613,0.1987
3600,150.000,53.6715,0.1866
3601,150.042,17.4530,39.0208
3602,150.083,17.4380,0.0593
3603,150.125,38.7079,22.8733
3604,150.167,38.7638,0.1983
3605,150.208,38.7270,0.2041
3606,150.250,118.2187,86.0821
3607,150.292,118.5400,1.6308
3608,150.333,26.0828,93.6013
3609,150.375,26.1159,0.0811
3610,150.417,26.0833,0.0826
3611,150.458,95.6061,73.7775
3612,150.500,95.6098,0.3207
3613,150.542,95.6987,0.4229
3614,150.583,95.5726,58.8300
3615,150.625,95.6418,0.5217
3616,150.667,59.0651,45.2713
3617,150.708,59.1252,0.3974
3618,150.750,59.1689,0.2876
3619,150.792,45.7326,19.5414
3620,150.833,45.6388,0.4476
3621,150.875,36.0382,39.4294
3622,150.917,36.0155,0.0772
3623,150.958,36.3176,0.4433
3624,151.000,38.7963,5.9465
3625,151.042,38.8545,0.1228
3626,151.083,45.1284,6.5271
3627,151.125,45.1053,0.1429
3628,151.167,44.7279,0.4351
3629,151.208,51.4020,8.4947
3630,151.250,51.9809,2.1765
3631,151.292,45.4410,7.2872
3632,151.333,45.4312,0.1303
3633,151.375,45.2982,0.2740
3634,151.417,40.3941,6.4247
3635,151.458,40.3821,0.1847
3636,151.500,47.0982,7.7449
3637,151.542,47.2726,0.3023
3638,151.583,47.2369,0.1953
3639,151.625,53.5596,7.2138
3640,151.667,53.5288,0.2116
3641,151.708,60.6124,8.0674
3642,151.750,60.6451,0.2945
3643,151.792,60.6659,0.1894
3644,151.833,55.7927,10.8655
3645,151.875,55.7645,0.1934
3646,151.917,59.5381,5.3083
3647,151.958,59.5980,0.1098
3648,152.000,59.6011,0.0103
3649,152.042,60.3521,7.5745
3650,152.083,60.1887,0.4559
3651,152.125,64.7684,21.7312
3652,152.167,64.9011,0.3095
3653,152.208,64.8548,0.2965
3654,152.250,53.4179,32.3163
3655,152.292,53.3216,0.4441
3656,152.333,63.7258,19.8571
3657,152.375,63.7443,0.0948
3658,152.417,63.7433,0.0473
3659,152.458,77.8597,17.0100
3660,152.500,77.8406,0.4956
3661,152.542,70.1177,15.2770
3662,152.583,70.1080,0.2689
3663,152.625,70.1474,0.1570
3664,152.667,102.2904,34.1426
3665,152.708,102.2149,0.4015
3666,152.750,102.3130,0.2543
3667,152.792,83.2283,25.3890
3668,152.833,83.1744,0.2651
3669,152.875,94.4349,14.5067
3670,152.917,94.5516,0.2925
3671,152.958,94.5140,0.2034
3672,153.000,79.7772,18.9886
3673,153.042,79.8174,0.1549
3674,153.083,112.4340,33.1215
3675,153.125,112.5096,0.1847
3676,153.167,112.4890,0.1666
3677,153.208,97.3928,20.7635
3678,153.250,97.3122,0.4341
3679,153.292,91.2323,11.7384
3680,153.333,91.2358,0.0995
3681,153.375,91.2345,0.0259
3682,153.417,87.2555,13.1881
3683,153.458,87.1976,0.5397
3684,153.500,88.3867,10.5904
3685,153.542,88.4267,0.1760
3686,153.583,88.4306,0.2119
3687,153.625,117.4248,32.1924
3688,153.667,117.3861,0.3574
3689,153.708,84.7627,34.0594
3690,153.750,84.8072,0.1198
3691,153.792,84.8224,0.0242
3692,153.833,91.7543,13.0793
3693,153.875,91.7244,0.2658
3694,153.917,84.5574,11.9475
3695,153.958,84.6293,0.1537
3696,154.000,84.6032,0.1635
3697,154.042,104.2039,23.8773
3698,154.083,104.1778,0.3571
3699,154.125,90.6933,17.7494
3700,154.167,90.7380,0.1281
3701,154.208,90.7552,0.0285
3702,154.250,27.4040,63.5419
3703,154.292,27.3929,0.0743
3704,154.333,27.1964,9.7271
3705,154.375,27.1672,0.0892
3706,154.417,27.1815,0.0844
3707,154.458,22.7771,4.7956
3708,154.500,22.3943,0.4924
3709,154.542,31.4073,9.1339
3710,154.583,31.4521,0.0959
3711,154.625,31.4008,0.1007
3712,154.667,17.1210,14.8871
3713,154.708,17.1218,0.0225
3714,154.750,21.8462,5.0362
3715,154.792,22.0539,0.2952
3716,154.833,21.9987,0.1625
3717,154.875,22.5884,5.4392
3718,154.917,22.5959,0.0913
3719,154.958,22.4972,0.2560
3720,155.000,43.1993,26.7527
3721,155.042,43.4049,0.3953
3722,155.083,129.2461,95.8289
3723,155.125,129.4307,0.5742
3724,155.167,129.2653,0.5672
3725,155.208,24.4168,106.5513
3726,155.250,24.4287,0.1607
3727,155.292,127.6544,105.5402
3728,155.333,127.6956,0.1332
3729,155.375,127.7664,0.0826
3730,155.417,98.5004,58.3086
3731,155.458,98.4474,1.0787
3732,155.500,44.0658,72.8759
3733,155.542,44.0665,0.1689
3734,155.583,44.1316,0.1732
3735,155.625,29.0945,16.6585
3736,155.667,29.0922,0.0251
3737,155.708,40.9681,27.8213
3738,155.750,41.0253,0.3463
3739,155.792,41.0748,0.2384
3740,155.833,26.1337,17.0425
3741,155.875,26.1406,0.0554
3742,155.917,35.0325,18.7880
3743,155.958,35.0489,0.2814
3744,156.000,35.0727,0.3152
3745,156.042,44.7098,27.6936
3746,156.083,44.7145,0.4222
3747,156.125,51.5952,19.7798
3748,156.167,51.6817,0.3440
3749,156.208,51.6374,0.2921
3750,156.250,42.7575,17.8667
3751,156.292,43.1249,1.3516
3752,156.333,48.8644,6.2111
3753,156.375,49.0525,0.2683
3754,156.417,49.0022,0.1855
3755,156.458,52.4673,4.4686
3756,156.500,52.6086,0.4821
3757,156.542,36.8956,15.7330
3758,156.583,36.9270,0.1622
3759,156.625,36.8902,0.1502
3760,156.667,35.1822,2.4080
3761,156.708,35.1189,0.2681
3762,156.750,31.8745,4.5657
3763,156.792,31.7962,0.1748
3764,156.833,31.7867,1.4956
3765,156.875,70.6451,62.8888
3766,156.917,70.6554,0.6325
3767,156.958,65.1578,5.8304
3768,157.000,65.1162,0.1633
3769,157.042,65.1666,0.0573
3770,157.083,50.2125,16.0877
3771,157.125,50.2565,0.3220
3772,157.167,50.2746,0.2522
3773,157.208,49.1609,3.7342
3774,157.250,49.1492,0.1659
3775,157.292,52.6366,3.8286
3776,157.333,52.7393,0.2103
3777,157.375,52.7440,0.1665
3778,157.417,72.1232,19.5311
3779,157.458,72.0644,0.4188
3780,157.500,54.1142,17.9633
3781,157.542,54.1144,0.1347
3782,157.583,54.1112,0.0881
3783,157.625,45.0980,9.9007
3784,157.667,45.0122,0.2227
3785,157.708,41.2356,4.8939
3786,157.750,41.2597,0.0965
3787,157.792,41.2655,0.1391
3788,157.833,65.3324,24.0807
3789,157.875,65.3450,0.3703
3790,157.917,68.9123,5.3900
3791,157.958,68.9579,0.2331
3792,158.000,68.8238,0.2371
3793,158.042,46.3914,22.6588
3794,158.083,46.4052,0.1503
3795,158.125,50.0969,4.1003
3796,158.167,50.2721,0.2382
3797,158.208,50.2886,0.0441
3798,158.250,69.6881,19.4257
3799,158.292,69.6748,0.4544
3800,158.333,168.7377,112.2400
3801,158.375,168.9248,0.6234
3802,158.417,168.7381,0.6476
3803,158.458,115.2061,53.6997
3804,158.500,115.0535,1.1506
3805,158.542,110.1769,51.9743
3806,158.583,110.2076,0.2152
3807,158.625,110.1328,0.2300
3808,158.667,86.5008,40.9288
3809,158.708,86.3684,0.7794
3810,158.750,116.4322,33.1994
3811,158.792,116.6339,0.6011
3812,158.833,116.4902,0.5953
3813,158.875,131.3327,21.1468
3814,158.917,131.2448,0.7739
3815,158.958,90.3124,42.6685
3816,159.000,90.3157,0.1584
3817,159.042,90.3498,0.0467
3818,159.083,75.5760,19.0168
3819,159.125,75.5940,0.6047
3820,159.167,71.2849,8.6661
3821,159.208,71.2274,0.5642
3822,159.250,71.3388,0.3321
3823,159.292,91.6063,25.0929
3824,159.333,91.6427,0.7377
3825,159.375,91.7516,0.6682
3826,159.417,67.3887,27.8114
3827,159.458,67.2915,0.5623
3828,159.500,51.7994,18.6450
3829,159.542,51.7762,0.3784
3830,159.583,51.8566,0.2277
3831,159.625,53.0789,15.8046
3832,159.667,53.0257,0.7024
3833,159.708,72.2383,20.5449
3834,159.750,72.4317,0.4629
3835,159.792,72.3409,0.4818
3836,159.833,90.8931,21.1217
3837,159.875,90.8821,0.7090
3838,159.917,60.2963,31.0449
3839,159.958,60.3851,0.3079
3840,160.000,60.3050,0.3054
3841,160.042,58.2343,45.2285
3842,160.083,58.2448,0.4949
3843,160.125,85.4472,29.3958
3844,160.167,85.5102,0.2554
3845,160.208,85.5202,0.0233
3846,160.250,71.8719,16.4408
3847,160.292,71.8590,0.1924
3848,160.333,72.9200,6.2262
3849,160.375,72.9818,0.2378
3850,160.417,72.9448,0.2381
3851,160.458,60.1858,16.0821
3852,160.500,60.1907,0.0356
3853,160.542,62.6310,6.4360
3854,160.583,62.6724,0.1523
3855,160.625,62.5751,0.2154
3856,160.667,51.4470,15.1213
3857,160.708,51.4777,0.0649
3858,160.750,51.7974,6.5069
3859,160.792,51.7861,0.0894
3860,160.833,51.8450,0.1036
3861,160.875,53.6386,8.5261
3862,160.917,53.6318,0.0511
3863,160.958,52.3061,7.6730
3864,161.000,52.2644,0.1215
3865,161.042,52.3053,0.0872
3866,161.083,52.8469,10.4321
3867,161.125,52.8662,0.1654
3868,161.167,90.9211,54.3470
3869,161.208,91.0496,0.4190
3870,161.250,91.0425,0.4389
3871,161.292,16.8651,75.2181
3872,161.333,16.8910,1.0703
3873,161.375,130.2141,113.3232
3874,161.417,130.3825,1.1415
3875,161.458,129.9305,1.1306
3876,161.500,16.0759,114.4130
3877,161.542,16.0962,0.0577
3878,161.583,16.0899,0.1449
3879,161.625,22.6957,10.1699
3880,161.667,22.6743,0.1636
3881,161.708,27.4995,13.1157
3882,161.750,27.4887,0.1626
3883,161.792,27.5456,0.2458
3884,161.833,19.7773,15.7773
3885,161.875,19.7653,0.1885
3886,161.917,18.4210,9.6815
3887,161.958,18.4410,0.0780
3888,162.000,18.3693,0.1463
3889,162.042,30.2503,18.4580
3890,162.083,30.3478,0.3632
3891,162.125,28.3742,14.0010
3892,162.167,28.4449,0.1920
3893,162.208,28.4478,0.0183
3894,162.250,32.1915,13.7545
3895,162.292,32.2210,0.3906
3896,162.333,18.0065,22.3248
3897,162.375,18.0230,0.0746
3898,162.417,18.0290,0.1499
3899,162.458,17.6908,7.3091
3900,162.500,17.7064,0.1494
3901,162.542,15.9930,6.2352
3902,162.583,15.9495,0.1334
3903,162.625,16.0527,0.2586
3904,162.667,31.2787,18.4072
3905,162.708,31.2788,0.1326
3906,162.750,29.9701,7.4476
3907,162.792,30.0746,0.2872
3908,162.833,30.0584,0.2532
3909,162.875,20.7228,14.1700
3910,162.917,20.7922,0.2040
3911,162.958,24.0779,9.2855
3912,163.000,24.0599,0.1176
3913,163.042,24.0810,0.0319
3914,163.083,25.7012,9.3164
3915,163.125,25.7155,0.2150
3916,163.167,36.1949,17.3032
3917,163.208,36.2580,0.1708
3918,163.250,36.2072,0.1983
3919,163.292,25.7357,18.0114
3920,163.333,25.7381,0.0902
3921,163.375,23.0749,7.8825
3922,163.417,22.8685,0.2782
3923,163.458,23.0031,0.1766
3924,163.500,75.4276,59.7389
3925,163.542,75.4956,0.3441
3926,163.583,100.2885,24.9049
3927,163.625,100.3190,0.2316
3928,163.667,100.3476,0.3329
3929,163.708,96.5072,10.0019
3930,163.750,96.4768,0.2046
3931,163.792,96.5093,0.1235
3932,163.833,85.8831,15.9947
3933,163.875,85.7838,1.1459
3934,163.917,78.6578,10.4383
3935,163.958,78.6769,0.2014
3936,164.000,78.8038,1.3289
3937,164.042,54.5470,28.4759
3938,164.083,54.5572,0.2824
3939,164.125,47.2075,9.3392
3940,164.167,47.2012,0.1962
3941,164.208,47.2312,0.0703
3942,164.250,37.4308,10.6092
3943,164.292,37.4467,0.2530
3944,164.333,35.2175,4.6112
3945,164.375,35.2559,0.1527
3946,164.417,35.2442,0.1992
3947,164.458,36.2481,3.4942
3948,164.500,36.2536,0.2885
3949,164.542,41.2182,5.8938
3950,164.583,41.2145,0.2538
3951,164.625,41.2737,0.2943
3952,164.667,49.4485,10.2249
3953,164.708,49.4586,0.4055
3954,164.750,35.2866,14.3807
3955,164.792,35.3134,0.1075
3956,164.833,35.3008,0.1426
3957,164.875,39.0630,5.8570
3958,164.917,39.0765,0.2423
3959,164.958,40.3659,4.0919
3960,165.000,40.5229,0.3363
3961,165.042,40.5487,0.0618
3962,165.083,50.2362,10.8082
3963,165.125,50.2667,0.6244
3964,165.167,40.7630,10.7409
3965,165.208,40.7069,0.3074
3966,165.250,40.7467,0.4875
3967,165.292,20.2774,21.4161
3968,165.333,20.2575,0.0828
3969,165.375,19.4772,3.9239
3970,165.417,19.4409,0.0797
3971,165.458,19.4541,0.0419
3972,165.500,39.1158,20.1617
3973,165.542,39.0941,0.1875
3974,165.583,64.3272,29.5856
3975,165.625,64.3114,0.3719
3976,165.667,64.3821,0.2289
3977,165.708,54.2756,30.5866
3978,165.750,54.2372,0.2525
3979,165.792,55.4439,17.2749
3980,165.833,55.3953,0.2761
3981,165.875,55.4106,0.1517
3982,165.917,65.9424,26.0828
3983,165.958,65.9701,0.2532
3984,166.000,65.8943,0.1985
3985,166.042,66.4959,27.9779
3986,166.083,66.3699,0.3428
3987,166.125,59.9377,29.8224
3988,166.167,59.9330,0.0801
3989,166.208,59.9738,0.0693
3990,166.250,17.0077,44.3553
3991,166.292,17.0347,0.0961
3992,166.333,30.8676,16.4275
3993,166.375,31.2634,1.5299
3994,166.417,31.2371,0.0788
3995,166.458,114.1179,87.7866
3996,166.500,114.2123,1.2642
3997,166.542,36.9757,80.7479
3998,166.583,36.9504,0.2612
3999,166.625,36.9927,0.2404
4000,166.667,95.3452,68.0954
4001,166.708,95.2819,0.4646
4002,166.750,74.9098,60.4520
4003,166.792,75.0628,0.3892
4004,166.833,74.9754,0.4007
4005,166.875,52.6400,32.9341
4006,166.917,52.7121,0.1787
4007,166.958,52.7244,0.0191
4008,167.000,33.5578,31.1906
4009,167.042,33.5703,0.1394
4010,167.083,33.5764,0.1262
4011,167.125,46.0836,30.5351
4012,167.167,46.1175,0.4388
4013,167.208,43.4953,4.0724
4014,167.250,43.3755,0.5656
4015,167.292,43.4287,0.3527
4016,167.333,41.9105,4.4272
4017,167.375,41.9162,0.0803
4018,167.417,45.5715,5.8661
4019,167.458,45.5434,0.1114
4020,167.500,45.5568,0.0758
4021,167.542,54.2488,9.4825
4022,167.583,54.1919,0.2423
4023,167.625,45.6222,9.0754
4024,167.667,45.6654,0.0843
4025,167.708,45.6519,0.0973
4026,167.750,43.2727,5.8382
4027,167.792,43.1531,0.2734
4028,167.833,52.9024,9.8271
4029,167.875,52.9309,0.1688
4030,167.917,52.8497,0.1484
4031,167.958,54.8905,5.2489
4032,168.000,54.7213,0.2669
4033,168.042,58.6545,5.5584
4034,168.083,58.7993,0.3254
4035,168.125,58.8428,0.0808
4036,168.167,49.8015,11.9941
4037,168.208,49.8309,0.2001
4038,168.250,49.8581,0.1588
4039,168.292,57.4584,9.3255
4040,168.333,57.3984,0.2287
4041,168.375,45.4711,19.9442
4042,168.417,45.5087,0.1819
4043,168.458,45.5112,0.0883
4044,168.500,65.5296,34.1192
4045,168.542,65.6086,0.6005
4046,168.583,54.4399,21.7954
4047,168.625,54.4552,0.0761
4048,168.667,54.4399,0.0632
4049,168.708,60.4036,10.6232
4050,168.750,60.4352,0.3379
4051,168.792,61.2248,10.0186
4052,168.833,61.2457,0.4727
4053,168.875,61.2785,0.3117
4054,168.917,87.0657,28.1889
4055,168.958,87.0205,0.5288
4056,169.000,94.9990,11.9095
4057,169.042,95.0238,0.3277
4058,169.083,94.8775,0.3237
4059,169.125,84.3376,19.3408
4060,169.167,84.3373,0.0700
4061,169.208,85.5442,9.1112
4062,169.250,85.5984,0.1197
4063,169.292,85.6172,0.0286
4064,169.333,85.1051,10.6133
4065,169.375,85.0786,0.5379
4066,169.417,107.6763,25.4052
4067,169.458,107.7504,0.2274
4068,169.500,107.7389,0.2526
4069,169.542,85.5394,25.2051
4070,169.583,85.4481,0.4578
4071,169.625,84.5670,10.0384
4072,169.667,84.6338,0.1451
4073,169.708,84.5947,0.1401
4074,169.750,97.9973,18.6493
4075,169.792,98.0029,0.6544
4076,169.833,91.7571,12.5017
4077,169.875,91.8106,0.1695
4078,169.917,91.7811,0.1756
4079,169.958,104.0885,18.3453
4080,170.000,104.0691,0.3929
4081,170.042,90.0586,17.2788
4082,170.083,90.0972,0.1604
4083,170.125,90.1395,0.0527
4084,170.167,89.6698,11.9651
4085,170.208,89.7403,1.2145
4086,170.250,92.3784,9.9439
4087,170.292,92.5414,0.7177
4088,170.333,92.3454,0.7440
4089,170.375,96.7914,14.1704
4090,170.417,96.9205,0.5731
4091,170.458,96.8029,0.5784
4092,170.500,32.6605,64.4682
4093,170.542,32.6530,0.1832
4094,170.583,20.3266,12.4359
4095,170.625,20.3045,0.0976
4096,170.667,20.2788,0.1303
4097,170.708,17.0683,3.4750
4098,170.750,16.8829,0.2357
4099,170.792,20.7108,3.9770
4100,170.833,20.8952,0.2018
4101,170.875,21.0252,0.2169
4102,170.917,29.6867,8.8783
4103,170.958,29.7263,0.1318
4104,171.000,22.0112,9.5809
4105,171.042,22.0195,0.1276
4106,171.083,21.9835,0.1528
4107,171.125,23.2738,5.1766
4108,171.167,23.2790,0.3204
4109,171.208,17.9760,6.5642
4110,171.250,17.9976,0.1224
4111,171.292,18.0000,0.0360
4112,171.333,128.7367,110.7611
4113,171.375,128.8146,1.6140
4114,171.417,37.8818,95.6500
4115,171.458,37.8913,0.0236
4116,171.500,37.8860,0.0729
4117,171.542,142.8929,109.2905
4118,171.583,142.8818,0.1099
4119,171.625,36.9983,108.3179
4120,171.667,37.0199,0.0715
4121,171.708,37.0227,0.0370
4122,171.750,37.2038,5.4826
4123,171.792,37.2091,0.2823
4124,171.833,81.9594,53.4207
4125,171.875,82.1196,1.2170
4126,171.917,82.2828,0.7064
4127,171.958,54.1848,31.5483
4128,172.000,54.3004,0.6582
4129,172.042,27.4471,32.7468
4130,172.083,27.4839,0.1441
4131,172.125,27.4663,0.1272
4132,172.167,24.6025,4.6531
4133,172.208,24.6190,0.1012
4134,172.250,36.0272,17.0878
4135,172.292,36.0797,0.4261
4136,172.333,36.0894,0.3389
4137,172.375,70.8684,54.8484
4138,172.417,70.8129,0.3119
4139,172.458,49.6907,21.1417
4140,172.500,49.6440,0.3831
4141,172.542,49.5896,0.2652
4142,172.583,40.5897,9.1835
4143,172.625,40.7968,0.3855
4144,172.667,40.6989,0.4291
4145,172.708,42.5685,3.0711
4146,172.750,42.4041,0.5517
4147,172.792,53.3993,11.0441
4148,172.833,53.3011,0.4740
4149,172.875,53.1110,0.2387
4150,172.917,44.6477,8.5574
4151,172.958,44.6318,0.3888
4152,173.000,42.2820,4.3141
4153,173.042,41.7803,0.7893
4154,173.083,41.7351,0.4025
4155,173.125,53.9544,52.8095
4156,173.167,53.9629,0.5904
4157,173.208,58.8473,5.0556
4158,173.250,58.8637,0.2274
4159,173.292,58.7710,0.2192
4160,173.333,75.0626,16.3917
4161,173.375,75.0987,0.3814
4162,173.417,54.5957,20.5052
4163,173.458,54.6278,0.1065
4164,173.500,54.5738,0.1334
4165,173.542,58.9160,5.3165
4166,173.583,58.9858,0.2609
4167,173.625,80.1255,21.1568
4168,173.667,80.1900,0.2089
4169,173.708,80.1786,0.1754
4170,173.750,66.2733,14.5916
4171,173.792,66.2029,0.1652
4172,173.833,61.9597,6.3057
4173,173.875,62.0184,0.1816
4174,173.917,61.9642,0.1534
4175,173.958,54.0634,8.7991
4176,174.000,54.0899,0.1322
4177,174.042,53.0356,2.6156
4178,174.083,53.0075,0.1284
4179,174.125,53.0776,0.0763
4180,174.167,55.5365,5.3166
4181,174.208,55.5330,0.2434
4182,174.250,77.8992,22.3675
4183,174.292,78.0151,0.2790
4184,174.333,77.9087,0.2878
4185,174.375,48.6691,29.3212
4186,174.417,48.6458,0.2014
4187,174.458,53.2931,5.2793
4188,174.500,53.3268,0.0962
4189,174.542,53.3533,0.0371
4190,174.583,152.5746,109.1358
4191,174.625,152.4224,0.8931
4192,174.667,162.3141,32.5575
4193,174.708,162.2386,0.5566
4194,174.750,162.4027,0.3783
4195,174.792,131.5972,53.9230
4196,174.833,131.5353,0.2686
4197,174.875,131.6173,0.2426
4198,174.917,99.6914,46.4537
4199,174.958,99.7055,0.2915
4200,175.000,98.3237,17.8044
4201,175.042,98.3282,0.0653
4202,175.083,98.3817,0.0593
4203,175.125,115.6332,22.6677
4204,175.167,115.6058,0.4702
4205,175.208,128.0466,24.8767
4206,175.250,127.9119,0.5992
4207,175.292,128.0859,0.4117
4208,175.333,76.8150,51.2771
4209,175.375,76.8491,0.7561
4210,175.417,88.9611,13.6486
4211,175.458,89.1343,0.5791
4212,175.500,88.8986,0.6006
4213,175.542,100.6320,21.8451
4214,175.583,100.5714,0.5360
4215,175.625,77.5047,34.0646
4216,175.667,77.6831,0.5355
4217,175.708,77.5339,0.5294
4218,175.750,66.2339,22.7749
4219,175.792,66.2664,0.4793
4220,175.833,58.3726,16.4512
4221,175.875,58.3500,0.2872
4222,175.917,58.3821,0.2978
4223,175.958,61.1882,14.7457
4224,176.000,61.1541,0.2947
4225,176.042,69.1360,11.5734
4226,176.083,69.2503,0.3461
4227,176.125,69.1309,0.3236
4228,176.167,89.3057,21.3554
4229,176.208,89.3763,0.5714
4230,176.250,50.7650,38.6121
4231,176.292,50.8585,0.2612
4232,176.333,50.8625,0.0147
4233,176.375,56.0710,41.4631
4234,176.417,56.0956,0.6108
4235,176.458,50.5917,8.2944
4236,176.500,50.5864,0.0265
4237,176.542,50.5943,0.0172
4238,176.583,74.4628,25.4287
4239,176.625,74.3640,0.2361
4240,176.667,74.3017,6.8745
4241,176.708,74.2604,0.2623
4242,176.750,74.2784,0.0889
4243,176.792,60.9197,17.1111
4244,176.833,60.8753,0.1349
4245,176.875,64.8207,8.6799
4246,176.917,64.7790,0.1659
4247,176.958,64.8194,0.0968
4248,177.000,63.7058,9.2794
4249,177.042,63.7556,0.1113
4250,177.083,63.7464,0.1403
4251,177.125,91.9217,30.8529
4252,177.167,91.7441,0.6289
4253,177.208,69.7212,24.5925
4254,177.250,69.7619,0.0952
4255,177.292,69.7923,0.0515
4256,177.333,58.1708,16.0949
4257,177.375,58.2035,0.8340
4258,177.417,127.1291,78.6765
4259,177.458,127.1559,0.3755
4260,177.500,127.2222,0.2047
4261,177.542,25.8291,102.3948
4262,177.583,25.8419,0.0225
4263,177.625,164.0933,138.2514
4264,177.667,164.1681,0.8652
4265,177.708,164.2821,0.7665
4266,177.750,20.2798,144.3074
4267,177.792,20.1001,0.3849
4268,177.833,28.1385,11.7152
4269,177.875,28.1501,0.0322
4270,177.917,28.1466,0.0204
4271,177.958,32.1566,18.4520
4272,178.000,32.1530,0.2153
4273,178.042,35.8188,23.6564
4274,178.083,35.8517,0.0606
4275,178.125,35.8247,0.0627
4276,178.167,23.8736,20.0993
4277,178.208,23.8840,0.1758
4278,178.250,33.8567,19.7297
4279,178.292,33.8929,0.2876
4280,178.333,33.9526,0.1713
4281,178.375,34.8828,15.0802
4282,178.417,34.8849,0.1319
4283,178.458,49.4494,25.7231
4284,178.500,49.4388,0.3029
4285,178.542,49.5304,0.2713
4286,178.583,30.3922,32.2951
4287,178.625,30.3788,0.0978
4288,178.667,17.2391,17.4733
4289,178.708,17.2190,0.0899
4290,178.750,17.2293,0.0212
4291,178.792,19.3676,8.8728
4292,178.833,19.3569,0.0733
4293,178.875,16.0737,8.9030
4294,178.917,16.0637,0.0309
4295,178.958,16.0692,0.0235
4296,179.000,28.5663,16.7647
4297,179.042,28.5459,0.1196
4298,179.083,22.4202,11.3030
4299,179.125,22.4190,0.0613
4300,179.167,22.3777,0.1008
4301,179.208,20.4798,10.4785
4302,179.250,20.5207,0.0726
4303,179.292,20.5259,0.0203
4304,179.333,30.4926,16.0451
4305,179.375,30.3595,0.2935
4306,179.417,28.1833,11.5567
4307,179.458,28.2041,0.0858
4308,179.500,28.0848,0.2026
4309,179.542,36.7051,15.7112
4310,179.583,36.7217,0.2903
4311,179.625,21.7873,18.8814
4312,179.667,21.8100,0.0630
4313,179.708,21.8049,0.0418
4314,179.750,81.6449,66.4678
4315,179.792,81.7154,0.3820
4316,179.833,79.4293,4.9930
4317,179.875,79.4472,0.0423
4318,179.917,79.4610,0.0219
4319,179.958,102.7835,25.4287
4320,180.000,102.8457,0.6159
4321,180.042,92.5994,13.3541
4322,180.083,92.7035,0.4006
4323,180.125,92.6219,0.4120
4324,180.167,70.1393,23.7262
4325,180.208,70.0747,0.3654
4326,180.250,48.0862,23.9577
4327,180.292,48.1624,0.3025
4328,180.333,48.0334,0.2816
4329,180.375,35.1172,14.5199
4330,180.417,35.1345,0.1121
4331,180.458,45.9244,11.0321
4332,180.500,46.0328,0.1699
4333,180.542,46.0226,0.1768
4334,180.583,38.4513,9.7428
4335,180.625,38.4763,0.1456
4336,180.667,30.7133,7.8522
4337,180.708,30.7319,0.0891
4338,180.750,30.7313,0.1118
4339,180.792,31.9369,4.1176
4340,180.833,31.8916,0.1147
4341,180.875,38.2405,7.4711
4342,180.917,38.2705,0.2127
4343,180.958,38.1752,0.2050
4344,181.000,47.1964,10.3351
4345,181.042,47.2827,0.2317
4346,181.083,34.9018,13.7422
4347,181.125,34.8827,0.1134
4348,181.167,34.9194,0.0445
4349,181.208,40.0537,6.7437
4350,181.250,40.0921,0.2612
4351,181.292,48.3703,8.9924
4352,181.333,48.2046,0.7389
4353,181.375,48.3991,0.3924
4354,181.417,44.0246,7.3828
4355,181.458,44.0122,0.0622
4356,181.500,43.1059,2.8179
4357,181.542,19.1315,24.7162
4358,181.583,19.1259,0.0437
4359,181.625,18.0963,4.5482
4360,181.667,18.0424,0.1162
4361,181.708,18.0611,0.0685
4362,181.750,30.2953,13.1989
4363,181.792,30.3364,0.1424
4364,181.833,50.3444,24.4873
4365,181.875,50.3421,0.3026
4366,181.917,50.3832,0.2141
4367,181.958,78.3995,39.3941
4368,182.000,78.4060,0.4068
4369,182.042,57.1880,33.4261
4370,182.083,57.1869,0.2830
4371,182.125,57.2527,0.2366
4372,182.167,62.7847,23.9798
4373,182.208,62.7791,0.2753
4374,182.250,55.3571,25.2082
4375,182.292,55.3446,0.1504
4376,182.333,55.3800,0.0978
4377,182.375,72.4676,36.7540
4378,182.417,72.4958,0.2073
4379,182.458,77.9360,26.8023
4380,182.500,77.9298,0.3202
4381,182.542,77.9959,0.2277
4382,182.583,29.2374,55.1305
4383,182.625,29.2511,0.0578
4384,182.667,99.5046,76.6909
4385,182.708,99.5313,0.7382
4386,182.750,99.6133,0.6268
4387,182.792,25.0410,76.5913
4388,182.833,25.0264,0.1330
4389,182.875,158.4252,133.9755
4390,182.917,158.3615,0.5616
4391,182.958,158.4740,0.4270
4392,183.000,82.7439,85.2106
4393,183.042,82.7627,0.5202
4394,183.083,30.4148,59.8857
4395,183.125,30.4847,0.1203
4396,183.167,30.4481,0.1297
4397,183.208,33.3952,4.9302
4398,183.250,33.4152,0.1597
4399,183.292,38.2967,20.7930
4400,183.333,38.3873,0.5112
4401,183.375,38.4575,0.3586
4402,183.417,48.1475,38.2550
4403,183.458,48.1265,0.1961
4404,183.500,35.9178,12.4913
4405,183.542,35.9339,0.0537
4406,183.583,35.9197,0.0714
4407,183.625,43.2810,9.6379
4408,183.667,43.3405,0.1415
4409,183.708,43.3677,0.0429
4410,183.750,41.7983,3.8644
4411,183.792,41.7989,0.1819
4412,183.833,58.3206,16.6414
4413,183.875,58.3337,0.1688
4414,183.917,58.3543,0.1556
4415,183.958,47.3462,12.6937
4416,184.000,47.3523,0.1110
4417,184.042,52.2253,5.3248
4418,184.083,52.2552,0.0637
4419,184.125,52.2373,0.0873
4420,184.167,46.3515,8.3026
4421,184.208,46.2406,0.2721
4422,184.250,56.8885,11.0967
4423,184.292,56.9174,0.2666
4424,184.333,56.9900,0.1793
4425,184.375,63.4082,9.0530
4426,184.417,63.4122,0.1353
4427,184.458,60.0814,9.3839
4428,184.500,60.0690,0.0990
4429,184.542,60.0857,0.1005
4430,184.583,48.1831,21.0596
4431,184.625,48.2199,0.1584
4432,184.667,45.0874,20.5956
4433,184.708,45.0947,0.0489
4434,184.750,45.1041,0.0156
4435,184.792,72.4526,33.0609
4436,184.833,72.4483,0.2872
4437,184.875,67.3752,13.3139
4438,184.917,67.3826,0.2147
4439,184.958,67.3709,0.2075
4440,185.000,76.7733,15.1174
4441,185.042,76.8799,0.3759
4442,185.083,85.8024,13.1916
4443,185.125,86.0285,0.3818
4444,185.167,85.8640,0.3263
4445,185.208,92.1037,15.3570
4446,185.250,92.0943,0.1701
4447,185.292,99.0356,13.2407
4448,185.333,99.0200,0.2463
4449,185.375,99.0670,0.1593
4450,185.417,88.8218,15.9615
4451,185.458,88.7388,0.3000
4452,185.500,91.8889,10.2715
4453,185.542,91.7855,0.2999
4454,185.583,91.8825,0.1746
4455,185.625,89.8266,12.6477
4456,185.667,89.8150,0.1121
4457,185.708,101.9502,16.3838
4458,185.750,102.0636,0.2112
4459,185.792,102.0584,0.2079
4460,185.833,90.6143,18.2131
4461,185.875,90.6264,0.0511
4462,185.917,90.6323,0.0101
4463,185.958,79.5406,16.5524
4464,186.000,79.5479,0.0544
4465,186.042,80.2023,10.0325
4466,186.083,80.1923,0.1176
4467,186.125,80.1683,0.1743
4468,186.167,100.4155,23.9506
4469,186.208,100.5510,0.1745
4470,186.250,107.1724,12.0180
4471,186.292,107.0435,1.4457
4472,186.333,107.3362,0.5443
4473,186.375,76.3040,32.7424
4474,186.417,76.3046,0.0448
4475,186.458,76.8446,8.7594
4476,186.500,76.8299,0.0486
4477,186.542,76.4152,2.6363
4478,186.583,72.1759,12.2423
4479,186.625,72.2347,0.7882
4480,186.667,49.2864,35.6641
4481,186.708,49.4089,0.7696
4482,186.750,49.4993,0.5385
4483,186.792,21.2455,28.4299
4484,186.833,21.2041,0.0558
4485,186.875,14.2771,7.0241
4486,186.917,14.2871,0.0143
4487,186.958,14.2786,0.0134
4488,187.000,21.4794,7.3094
4489,187.042,21.6429,0.2297
4490,187.083,22.2343,1.8857
4491,187.125,22.3680,0.4017
4492,187.167,22.4525,0.1973
4493,187.208,25.6145,3.9893
4494,187.250,25.6031,0.0717
4495,187.292,19.2786,9.1807
4496,187.333,19.2784,0.0270
4497,187.375,19.2632,0.0782
4498,187.417,17.5041,3.2825
4499,187.458,17.4462,0.0910
4500,187.500,25.8464,17.7717
4501,187.542,25.8368,0.0987
4502,187.583,25.8510,0.0233
4503,187.625,36.3216,29.8746
4504,187.667,36.3378,0.3738
4505,187.708,32.5045,22.2684
4506,187.750,32.5544,0.1521
4507,187.792,32.5106,0.1691
4508,187.833,23.2813,14.8252
4509,187.875,23.2616,0.1149
4510,187.917,88.9628,72.8594
4511,187.958,89.0204,0.0685
4512,188.000,89.0464,0.0468
4513,188.042,55.0564,40.1154
4514,188.083,55.1250,0.5923
4515,188.125,55.2068,0.3555
4516,188.167,69.1079,21.4185
4517,188.208,69.1172,0.4020
4518,188.250,21.8743,49.9421
4519,188.292,21.8594,0.1126
4520,188.333,21.9103,0.0577
4521,188.375,24.1630,3.8906
4522,188.417,24.2500,0.2221
4523,188.458,24.3689,13.5701
4524,188.500,24.3801,0.1395
4525,188.542,24.4011,0.0901
4526,188.583,64.0896,52.4977
4527,188.625,64.1045,0.3970
4528,188.667,52.4054,15.4482
4529,188.708,52.4713,0.1695
4530,188.750,52.4060,0.1534
4531,188.792,36.1340,16.2926
4532,188.833,36.1371,0.3006
4533,188.875,42.7410,6.8114
4534,188.917,42.8256,0.1572
4535,188.958,42.7944,0.1534
4536,189.000,49.7370,7.1939
4537,189.042,49.7411,0.2375
4538,189.083,48.2124,2.2518
4539,189.125,47.9155,0.4745
4540,189.167,47.9846,0.3453
4541,189.208,41.4957,7.6955
4542,189.250,41.4707,0.2547
4543,189.292,51.3005,51.3275
4544,189.333,51.3778,0.3059
4545,189.375,51.2272,0.3283
4546,189.417,49.1818,4.1690
4547,189.458,49.1653,0.4149
4548,189.500,61.5272,12.4221
4549,189.542,61.6218,0.1615
4550,189.583,61.6213,0.0172
4551,189.625,71.0573,9.5378
4552,189.667,71.0481,0.4236
4553,189.708,56.7870,15.2372
4554,189.750,56.7824,0.1891
4555,189.792,56.7838,0.1779
4556,189.833,52.2794,6.4543
4557,189.875,52.2669,0.0859
4558,189.917,47.1537,5.7883
4559,189.958,47.1928,0.1184
4560,190.000,47.1659,0.1043
4561,190.042,68.7496,21.9501
4562,190.083,68.7394,0.1400
4563,190.125,59.2359,9.5869
4564,190.167,59.2224,0.1850
4565,190.208,59.2353,0.1595
4566,190.250,49.7694,10.2409
4567,190.292,49.8157,0.0980
4568,190.333,49.8108,0.1163
4569,190.375,48.5313,4.6645
4570,190.417,48.4964,0.2257
4571,190.458,53.8464,5.7266
4572,190.500,53.8346,0.1680
4573,190.542,53.7668,0.1094
4574,190.583,69.8252,16.2573
4575,190.625,69.8405,0.1341
4576,190.667,49.5666,20.5811
4577,190.708,49.5879,0.0733
4578,190.750,49.5974,0.0171
4579,190.792,150.2102,109.1432
4580,190.833,150.2176,0.6071
4581,190.875,158.4342,31.8949
4582,190.917,158.4341,0.4978
4583,190.958,158.5462,0.3313
4584,191.000,137.8774,49.8205
4585,191.042,137.7016,0.5822
4586,191.083,115.8026,40.7034
4587,191.125,115.9339,0.3135
4588,191.167,115.9277,0.2988
4589,191.208,93.4857,32.7380
4590,191.250,93.3581,0.8034
4591,191.292,93.4977,13.2876
4592,191.333,93.4792,0.1966
4593,191.375,93.4080,0.1014
4594,191.417,75.3995,25.4065
4595,191.458,75.3844,0.0529
4596,191.500,63.2137,15.2421
4597,191.542,63.1840,0.0590
4598,191.583,62.7552,2.6653
4599,191.625,66.2730,9.8422
4600,191.667,66.1213,0.7049
4601,191.708,54.1195,14.8308
4602,191.750,54.1679,0.2038
4603,191.792,54.1525,0.2376
4604,191.833,49.7691,19.2476
4605,191.875,49.6077,0.5679
4606,191.917,35.5104,16.9378
4607,191.958,35.6008,0.2077
4608,192.000,35.5793,0.2204
4609,192.042,44.8028,14.6932
4610,192.083,44.7130,0.4439
4611,192.125,55.6824,15.1789
4612,192.167,55.8300,0.3639
4613,192.208,55.8459,0.3602
4614,192.250,52.7113,12.0668
4615,192.292,52.5835,0.4381
4616,192.333,51.5651,5.8586
4617,192.375,51.6827,0.2518
4618,192.417,51.6914,0.0683
4619,192.458,41.8425,10.3322
4620,192.500,41.9166,0.2816
4621,192.542,41.8926,0.2186
4622,192.583,51.5534,38.9802
4623,192.625,51.5450,0.5039
4624,192.667,48.3556,6.2981
4625,192.708,48.2794,0.2544
4626,192.750,48.3839,0.1994
4627,192.792,50.9096,7.0767
4628,192.833,50.9319,0.1030
4629,192.875,48.9673,5.7489
4630,192.917,48.9485,0.0986
4631,192.958,48.9743,0.0323
4632,193.000,51.2720,7.2130
4633,193.042,51.2237,0.4540
4634,193.083,53.8717,7.2152
4635,193.125,54.0058,0.2904
4636,193.167,54.0127,0.2966
4637,193.208,56.0224,8.3910
4638,193.250,56.0587,0.2210
4639,193.292,50.7370,9.6618
4640,193.333,50.7086,0.1384
4641,193.375,50.7227,0.1025
4642,193.417,57.0598,11.5775
4643,193.458,57.0147,0.1826
4644,193.500,52.0866,8.4837
4645,193.542,52.0748,0.1730
4646,193.583,52.0061,0.1677
4647,193.625,92.0368,54.6599
4648,193.667,92.0462,0.0388
4649,193.708,14.1476,78.8120
4650,193.750,14.1320,0.0279
4651,193.792,14.1428,0.0162
4652,193.833,121.3518,107.2114
4653,193.875,121.1364,0.4817
4654,193.917,16.8370,104.3172
4655,193.958,16.9415,0.2512
4656,194.000,16.9641,0.0913
4657,194.042,18.7275,2.4064
4658,194.083,18.7328,0.0373
4659,194.125,41.7525,26.1021
4660,194.167,41.8777,0.3738
4661,194.208,41.7389,0.3761
4662,194.250,18.2870,26.7744
4663,194.292,18.2370,0.0932
4664,194.333,17.8131,11.1092
4665,194.375,17.8108,0.0840
4666,194.417,17.8412,0.1070
4667,194.458,27.3971,17.3505
4668,194.500,27.3736,0.1081
4669,194.542,26.2226,13.6291
4670,194.583,26.1866,0.1052
4671,194.625,26.2158,0.0393
4672,194.667,31.6869,16.4284
4673,194.708,31.6501,0.3125
4674,194.750,31.6957,0.2378
4675,194.792,14.6097,23.4130
4676,194.833,14.6252,0.0647
4677,194.875,14.5504,6.5504
4678,194.917,14.5750,0.1185
4679,194.958,14.5468,0.1119
4680,195.000,14.2430,6.6337
4681,195.042,14.2490,0.0448
4682,195.083,13.9268,6.0024
4683,195.125,13.9347,0.0409
4684,195.167,13.9342,0.0170
4685,195.208,14.0723,5.7235
4686,195.250,14.0203,0.1210
4687,195.292,13.7117,5.0504
4688,195.333,13.7159,0.0178
4689,195.375,13.7064,0.0528
4690,195.417,14.3706,6.6650
4691,195.458,14.3534,0.1149
4692,195.500,14.7705,4.7893
4693,195.542,14.7621,0.0765
4694,195.583,14.7517,0.0505
4695,195.625,15.3827,7.6936
4696,195.667,15.3612,0.0825
4697,195.708,16.6117,6.8538
4698,195.750,16.6336,0.0445
4699,195.792,16.6371,0.0149
4700,195.833,15.0798,7.5287
4701,195.875,15.0700,0.0492
4702,195.917,14.7814,8.3567
4703,195.958,14.8497,0.1128
4704,196.000,14.8170,0.0702
4705,196.042,62.4519,52.6140
4706,196.083,62.5058,0.1160
4707,196.125,59.3840,7.5911
4708,196.167,59.5727,0.2537
4709,196.208,59.7565,0.3069
4710,196.250,57.7767,6.6299
4711,196.292,57.3913,0.6629
4712,196.333,60.5925,6.1179
4713,196.375,60.8492,0.2805
4714,196.417,60.8362,0.0152
4715,196.458,28.9431,33.0124
4716,196.500,28.9610,0.1495
4717,196.542,19.5860,9.6020
4718,196.583,19.5580,0.1161
4719,196.625,19.3141,1.2384
4720,196.667,19.9221,2.3639
4721,196.708,19.9078,0.1754
4722,196.750,20.1594,1.9566
4723,196.792,20.1112,0.1895
4724,196.833,20.1339,0.0683
4725,196.875,19.0677,2.2966
4726,196.917,19.0424,0.1497
4727,196.958,19.0536,0.0522
4728,197.000,19.7784,2.6751
4729,197.042,19.7427,0.1014
4730,197.083,20.1287,2.3486
4731,197.125,20.1033,0.1981
4732,197.167,20.1458,0.1990
4733,197.208,19.2202,2.5293
4734,197.250,19.2384,0.1177
4735,197.292,19.5516,2.5699
4736,197.333,19.5762,0.0698
4737,197.375,19.5741,0.1198
4738,197.417,20.5367,2.5994
4739,197.458,20.5348,0.2310
4740,197.500,20.2919,2.1129
4741,197.542,20.3292,0.1155
4742,197.583,20.3450,0.0283
4743,197.625,19.4105,3.2902
4744,197.667,19.4209,0.2339
4745,197.708,8.2861,11.6641
4746,197.750,8.2886,0.0130
4747,197.792,8.3198,0.0688
4748,197.833,10.0007,1.8658
4749,197.875,9.9796,0.1010
4750,197.917,14.7848,5.5307
4751,197.958,14.7960,0.0582
4752,198.000,14.8897,0.1948
4753,198.042,32.8016,20.7885
4754,198.083,32.8059,0.2616
4755,198.125,36.1495,15.0503
4756,198.167,36.2092,0.1121
4757,198.208,36.1896,0.1556
4758,198.250,37.3300,15.3067
4759,198.292,37.2796,0.2600
4760,198.333,38.8143,13.8845
4761,198.375,38.8149,0.0218
4762,198.417,38.8238,0.0124
4763,198.458,40.3016,19.4786
4764,198.500,40.2930,0.1845
4765,198.542,41.3409,21.1194
4766,198.583,41.2944,0.2089
4767,198.625,41.3558,0.2039
4768,198.667,41.4623,22.6390
4769,198.708,41.4501,0.1295
4770,198.750,9.6454,33.5157
4771,198.792,9.6443,0.0276
4772,198.833,9.6478,0.0192
4773,198.875,67.9576,58.3919
4774,198.917,67.9389,0.3517
4775,198.958,13.6541,55.7921
4776,199.000,13.6784,0.1734
4777,199.042,13.7087,0.1176
4778,199.083,80.5638,68.3230
4779,199.125,80.5932,0.5257
4780,199.167,80.5240,0.5477
4781,199.208,47.6320,49.4247
4782,199.250,47.5498,0.7601
4783,199.292,12.2911,38.0965
4784,199.333,12.3056,0.0873
4785,199.375,12.2545,0.0780
4786,199.417,11.8558,1.3943
4787,199.458,11.7885,0.1262
4788,199.500,18.5459,10.7464
4789,199.542,18.5905,0.1869
4790,199.583,18.5819,0.0371
4791,199.625,26.4697,23.1628
4792,199.667,26.4787,0.1738
4793,199.708,27.0388,2.5261
4794,199.750,27.0724,0.1581
4795,199.792,27.0659,0.1289
4796,199.833,26.7231,3.6807
4797,199.875,26.6874,0.1471
4798,199.917,26.9186,1.7072
4799,199.958,26.9441,0.0635
4800,200.000,26.9307,0.0754
4801,200.042,27.7484,3.1591
4802,200.083,27.6974,0.2235
4803,200.125,28.4888,2.5731
4804,200.167,28.4823,0.0851
4805,200.208,28.5747,0.1113
4806,200.250,35.0016,7.1047
4807,200.292,34.9822,0.0763
4808,200.333,33.7948,4.5024
4809,200.375,33.6805,0.2401
4810,200.417,33.6887,0.1153
4811,200.458,35.1941,3.7089
4812,200.500,35.1907,0.0979
4813,200.542,38.3198,4.7141
4814,200.583,38.3610,0.1037
4815,200.625,38.3777,0.0263
4816,200.667,44.9924,8.5280
4817,200.708,45.0216,0.3335
4818,200.750,34.4789,12.1326
4819,200.792,34.4956,0.2197
4820,200.833,34.4995,0.2278
4821,200.875,25.5734,20.2565
4822,200.917,25.5450,0.1322
4823,200.958,33.2257,12.7691
4824,201.000,33.2749,0.2071
4825,201.042,33.1746,0.2092
4826,201.083,43.7145,13.4313
4827,201.125,43.7362,0.1999
4828,201.167,45.4968,7.6272
4829,201.208,45.5496,0.2579
4830,201.250,45.5177,0.2503
4831,201.292,51.6935,11.0257
4832,201.333,51.7097,0.0799
4833,201.375,51.7215,0.0293
4834,201.417,59.3065,12.4962
4835,201.458,59.3188,0.0487
4836,201.500,64.1243,10.2804
4837,201.542,64.1835,0.1076
4838,201.583,64.1723,0.0380
4839,201.625,64.9581,9.0819
4840,201.667,65.1178,2.5597
4841,201.708,65.4385,8.3452
4842,201.750,65.5863,0.2798
4843,201.792,65.4906,0.2610
4844,201.833,67.7380,10.9867
4845,201.875,67.5408,0.3146
4846,201.917,65.2034,8.9413
4847,201.958,65.2415,0.1717
4848,202.000,65.2273,0.1764
4849,202.042,68.1095,10.7592
4850,202.083,68.2888,0.2603
4851,202.125,67.2091,8.6597
4852,202.167,67.2214,0.0470
4853,202.208,67.2848,0.0682
4854,202.250,65.7853,11.2697
4855,202.292,65.7771,0.4275
4856,202.333,66.8878,9.0271
4857,202.375,66.9593,0.1554
4858,202.417,66.9519,0.1568
4859,202.458,66.5251,9.4503
4860,202.500,66.4951,0.4498
4861,202.542,64.9144,8.4983
4862,202.583,64.9408,0.0966
4863,202.625,64.9634,0.0320
4864,202.667,65.2354,10.1837
4865,202.708,65.3032,0.9820
4866,202.750,64.9749,8.0272
4867,202.792,64.9715,1.0435
4868,202.833,65.0990,0.8258
4869,202.875,23.8583,41.8411
4870,202.917,23.8491,0.1822
4871,202.958,12.9113,11.2710
4872,203.000,12.9672,0.0959
4873,203.042,12.8401,0.1856
4874,203.083,9.9190,3.3067
4875,203.125,9.9345,0.0996
4876,203.167,9.8738,0.3081
4877,203.208,9.7575,0.1372
4878,203.250,9.8277,0.0952
4879,203.292,10.1308,0.5534
4880,203.333,10.1343,0.0305
4881,203.375,10.2876,0.9520
4882,203.417,10.2940,0.0421
4883,203.458,10.3013,0.0253
4884,203.500,11.5239,2.0633
4885,203.542,11.5698,0.0853
4886,203.583,11.5426,0.0418
4887,203.625,10.7667,1.8828
4888,203.667,10.7165,0.0961
4889,203.708,21.6477,13.9180
4890,203.750,21.6467,0.0392
4891,203.792,21.6828,0.0389
4892,203.833,16.6666,17.7834
4893,203.875,16.6646,0.2562
4894,203.917,15.4668,11.4789
4895,203.958,15.5252,0.1302
4896,204.000,15.4986,0.1457
4897,204.042,15.1038,6.7951
4898,204.083,15.0835,0.1267
4899,204.125,61.2730,52.2969
4900,204.167,61.3444,1.0034
4901,204.208,61.4794,0.5818
4902,204.250,33.7384,32.1779
4903,204.292,33.6782,0.4832
4904,204.333,12.1523,23.3755
4905,204.375,12.1669,0.0459
4906,204.417,12.1458,0.0856
4907,204.458,11.5870,1.3894
4908,204.500,11.5776,0.0325
4909,204.542,18.3066,10.1673
4910,204.583,18.3265,0.0418
4911,204.625,18.3082,0.0474
4912,204.667,15.4814,4.0639
4913,204.708,15.4548,0.1095
4914,204.750,71.7871,57.1966
4915,204.792,71.6576,1.4040
4916,204.833,71.9775,0.8926
4917,204.875,28.6612,44.7838
4918,204.917,28.7898,0.1506
4919,204.958,23.6434,5.7257
4920,205.000,23.6796,0.0729
4921,205.042,23.6520,0.0869
4922,205.083,24.1611,1.6676
4923,205.125,24.1732,0.1711
4924,205.167,24.2475,1.3813
4925,205.208,24.4283,0.2147
4926,205.250,24.4122,0.0665
4927,205.292,24.9066,1.4311
4928,205.333,24.8630,0.1036
4929,205.375,25.2358,2.0362
4930,205.417,25.2596,0.0651
4931,205.458,25.2837,0.0267
4932,205.500,34.7037,37.6434
4933,205.542,34.6805,0.3260
4934,205.583,35.1173,2.9032
4935,205.625,35.1723,0.1781
4936,205.667,35.1183,0.2439
4937,205.708,35.5798,3.0541
4938,205.750,35.5968,0.1423
4939,205.792,35.6265,0.1708
4940,205.833,35.8139,2.5384
4941,205.875,35.7606,0.2445
4942,205.917,34.3970,3.6279
4943,205.958,34.4286,0.1111
4944,206.000,34.4404,0.1298
4945,206.042,35.1492,3.0890
4946,206.083,35.1572,0.1584
4947,206.125,35.6543,2.2718
4948,206.167,35.6948,0.1237
4949,206.208,35.6971,0.1510
4950,206.250,35.5914,4.1994
4951,206.292,35.5970,0.0403
4952,206.333,33.6485,2.7508
4953,206.375,33.7328,0.2195
4954,206.417,33.7048,0.1999
4955,206.458,33.5890,2.5803
4956,206.500,33.5963,0.4337
4957,206.542,33.6050,2.6472
4958,206.583,33.6369,0.1037
4959,206.625,33.6049,0.1117
4960,206.667,32.8898,2.4598
4961,206.708,32.8272,1.4453
4962,206.750,33.2360,2.7890
4963,206.792,33.2591,0.0888
4964,206.833,33.2457,0.0788
4965,206.875,31.9694,2.8851
4966,206.917,31.9602,0.0487
4967,206.958,96.8784,78.7568
4968,207.000,97.0918,0.2371
4969,207.042,97.0802,0.0683
4970,207.083,99.1889,36.6834
4971,207.125,99.2487,1.1007
4972,207.167,81.4945,44.6673
4973,207.208,81.6303,0.9565
4974,207.250,81.7241,0.6605
4975,207.292,73.8915,33.9328
4976,207.333,73.8080,0.5905
4977,207.375,71.6519,20.1004
4978,207.417,71.7485,0.4032
4979,207.458,71.5579,0.4232
4980,207.500,72.9297,13.4006
4981,207.542,72.9476,0.1676
4982,207.583,76.1410,13.1664
4983,207.625,76.1717,0.1560
4984,207.667,76.1941,0.0341
4985,207.708,54.1891,24.8797
4986,207.750,54.0603,0.7516
4987,207.792,55.5468,5.5755
4988,207.833,55.4817,0.5175
4989,207.875,55.5945,0.2721
4990,207.917,51.8252,12.9648
4991,207.958,51.7732,0.4966
4992,208.000,51.8830,0.2731
4993,208.042,43.2211,20.4565
4994,208.083,43.1614,0.3330
4995,208.125,37.9931,13.1655
4996,208.167,38.1342,0.5061
4997,208.208,38.1436,0.4088
4998,208.250,44.1991,13.4563
4999,208.292,44.2649,0.2793
5000,208.333,43.4310,9.8991
5001,208.375,43.5023,0.1545
5002,208.417,43.4471,0.2203
5003,208.458,49.3005,10.8769
5004,208.500,49.2360,0.6273
5005,208.542,45.5031,5.8182
5006,208.583,45.6339,0.3203
5007,208.625,45.6259,0.0607
5008,208.667,45.6548,0.0345
5009,208.708,36.8420,9.2261
5010,208.750,36.8705,0.3235
5011,208.792,45.4126,35.7264
5012,208.833,45.4712,0.6106
5013,208.875,45.5750,0.4363
5014,208.917,44.8567,6.4982
5015,208.958,44.8426,0.2214
5016,209.000,45.3346,5.5079
5017,209.042,45.4551,0.2503
5018,209.083,45.4172,0.1882
5019,209.125,48.1324,6.3177
5020,209.167,48.1674,0.1807
5021,209.208,46.7077,5.9254
5022,209.250,46.7413,0.1580
5023,209.292,46.6363,0.2163
5024,209.333,51.6796,9.0127
5025,209.375,51.7061,0.1953
5026,209.417,49.2262,7.0872
5027,209.458,49.2148,0.1193
5028,209.500,49.2538,0.1365
5029,209.542,53.8083,9.9089
5030,209.583,53.8163,0.0785
5031,209.625,53.2006,7.2160
5032,209.667,53.3088,0.2289
5033,209.708,53.2673,0.1559
5034,209.750,51.7105,8.6041
5035,209.792,51.7163,0.0861
5036,209.833,76.7620,49.3821
5037,209.875,76.8930,0.2441
5038,209.917,76.9005,0.0146
5039,209.958,14.4585,62.8430
5040,210.000,14.4582,0.0135
5041,210.042,120.9098,106.4715
5042,210.083,120.9155,0.0368
5043,210.125,120.8645,0.0906
5044,210.167,14.5596,106.3052
5045,210.208,14.8529,0.2976
5046,210.250,14.8653,0.3268
5047,210.292,18.2299,3.3844
5048,210.333,18.2245,0.0124
5049,210.375,90.5805,72.3595
5050,210.417,90.6432,0.4806
5051,210.458,90.6505,0.0192
5052,210.500,17.9069,72.8949
5053,210.542,18.0048,0.2002
5054,210.583,17.2499,11.1048
5055,210.625,17.2026,0.1270
5056,210.667,17.2621,0.0988
5057,210.708,25.5456,16.1835
5058,210.750,25.5713,0.3626
5059,210.792,27.4255,13.0419
5060,210.833,27.4025,0.3279
5061,210.875,27.4677,0.2127
5062,210.917,31.5778,16.5548
5063,210.958,31.6033,0.4521
5064,211.000,15.0086,22.5842
5065,211.042,14.9639,0.1108
5066,211.083,14.9710,0.0806
5067,211.125,14.7668,6.5838
5068,211.167,14.7433,0.0440
5069,211.208,13.9170,6.3378
5070,211.250,13.9031,0.0264
5071,211.292,13.9075,0.0093
5072,211.333,14.0489,5.6769
5073,211.375,14.0604,0.1206
5074,211.417,14.4769,5.2034
5075,211.458,14.4870,0.0830
5076,211.500,14.4912,0.0378
5077,211.542,14.1098,6.1196
5078,211.583,14.1344,0.0944
5079,211.625,14.0348,4.3779
5080,211.667,14.0336,0.0472
5081,211.708,14.0388,0.0334
5082,211.750,14.3848,6.9665
5083,211.792,14.4999,0.1444
5084,211.833,15.0061,7.3338
5085,211.875,15.0157,0.0234
5086,211.917,15.0006,0.0310
5087,211.958,16.2767,7.0983
5088,212.000,16.2948,0.1002
5089,212.042,16.8362,6.3267
5090,212.083,16.9089,0.1023
5091,212.125,16.8856,0.0450
5092,212.167,14.9417,9.1995
5093,212.208,14.9024,0.0612
5094,212.250,65.5817,55.5039
5095,212.292,65.5773,0.0218
5096,212.333,65.5810,0.0070
5097,212.375,61.0468,9.3109
5098,212.417,61.1413,0.5754
5099,212.458,61.1297,0.5654
5100,212.500,60.5073,6.4177
5101,212.542,60.5680,0.4022
5102,212.583,59.6695,5.3166
5103,212.625,59.7042,0.2889
5104,212.667,59.7109,0.2486
5105,212.708,28.0838,32.5733
5106,212.750,28.0541,0.2507
5107,212.792,20.8462,7.9522
5108,212.833,20.8772,0.0814
5109,212.875,20.8551,0.0901
5110,212.917,20.1351,2.6463
5111,212.958,20.1239,0.1164
5112,213.000,19.1259,2.4146
5113,213.042,19.1171,0.0902
5114,213.083,19.1297,0.0158
5115,213.125,19.9993,2.4147
5116,213.167,20.0154,0.1450
5117,213.208,19.9709,2.5792
5118,213.250,19.9542,0.2211
5119,213.292,20.0277,0.2179
5120,213.333,20.1783,2.2527
5121,213.375,20.1563,0.1199
5122,213.417,20.4362,1.9628
5123,213.458,20.5039,0.2072
5124,213.500,20.4190,0.1974
5125,213.542,19.0240,3.3959
5126,213.583,19.0077,0.1214
5127,213.625,19.0616,1.4825
5128,213.667,19.0815,0.0759
5129,213.708,18.9966,0.1613
5130,213.750,18.6553,2.7463
5131,213.792,18.6868,0.1593
5132,213.833,19.2599,2.1261
5133,213.875,19.2619,0.2151
5134,213.917,19.2525,0.1630
5135,213.958,8.2806,11.5395
5136,214.000,8.2662,0.0307
5137,214.042,8.4934,0.6674
5138,214.083,8.5048,0.0501
5139,214.125,8.5121,0.0334
5140,214.167,14.7121,6.3081
5141,214.208,14.7311,0.0778
5142,214.250,23.5602,11.9183
5143,214.292,23.5677,0.0615
5144,214.333,23.5809,0.0235
5145,214.375,35.3076,19.9163
5146,214.417,35.3170,0.0614
5147,214.458,37.3857,14.2859
5148,214.500,37.3925,0.0735
5149,214.542,37.3657,0.0670
5150,214.583,36.5768,16.0419
5151,214.625,36.5826,0.0257
5152,214.667,36.5953,0.0204
5153,214.708,37.7120,18.7160
5154,214.750,37.7188,0.1588
5155,214.792,40.1406,20.2237
5156,214.833,40.1452,0.2565
5157,214.875,40.1950,0.2218
5158,214.917,41.4762,22.3126
5159,214.958,41.4856,0.2570
5160,215.000,10.0949,33.8127
5161,215.042,10.1814,0.1151
5162,215.083,10.1709,0.0509
5163,215.125,68.8221,58.8468
5164,215.167,68.8527,0.5656
5165,215.208,12.4757,57.4784
5166,215.250,12.4882,0.0395
5167,215.292,12.4415,0.0829
5168,215.333,79.8405,68.6471
5169,215.375,79.8623,1.0106
5170,215.417,11.8015,68.3057
5171,215.458,11.8011,0.0535
5172,215.500,11.8519,0.1060
5173,215.542,12.1743,1.3246
5174,215.583,12.1700,0.0551
5175,215.625,26.2215,16.7154
5176,215.667,26.2816,0.2543
5177,215.708,26.1546,0.2220
5178,215.750,18.9184,9.3917
5179,215.792,18.9248,0.1939
5180,215.833,26.0238,23.6652
5181,215.875,26.0130,0.0589
5182,215.917,26.0366,0.0267
5183,215.958,25.5379,3.4400
5184,216.000,25.5476,0.1079
5185,216.042,24.3602,2.5723
5186,216.083,24.3381,0.0856
5187,216.125,24.3519,0.0681
5188,216.167,25.7324,3.3324
5189,216.208,25.7663,0.0941
5190,216.250,26.0632,2.9045
5191,216.292,26.0847,0.0680
5192,216.333,26.0757,0.0966
5193,216.375,27.8323,2.9487
5194,216.417,27.8272,0.0588
5195,216.458,28.5155,2.6327
5196,216.500,28.5283,0.0399
5197,216.542,28.5205,0.1233
5198,216.583,31.1335,4.7703
5199,216.625,31.1012,0.1853
5200,216.667,31.8791,2.6471
5201,216.708,31.8794,0.1995
5202,216.750,31.9164,0.0946
5203,216.792,35.4288,5.6543
5204,216.833,35.5469,0.2399
5205,216.875,35.5293,0.1127
5206,216.917,41.3594,7.8324
5207,216.958,41.3408,0.2245
5208,217.000,32.8404,10.5823
5209,217.042,32.8257,0.2132
5210,217.083,32.7608,0.1390
5211,217.125,24.1996,19.5347
5212,217.167,24.2340,0.2016
5213,217.208,31.2725,12.1549
5214,217.250,31.2928,0.2218
5215,217.292,31.3159,0.1623
5216,217.333,41.8386,13.2425
5217,217.375,41.7872,0.2112
5218,217.417,44.1235,7.6939
5219,217.458,44.1520,0.0801
5220,217.500,44.2018,0.0553
5221,217.542,48.6497,10.3082
5222,217.583,48.5739,0.6058
5223,217.625,51.9898,9.8716
5224,217.667,52.1023,0.2789
5225,217.708,52.0713,0.2576
5226,217.750,60.0848,12.2694
5227,217.792,60.0191,0.5804
5228,217.833,60.1645,7.6072
5229,217.875,60.2008,0.0691
5230,217.917,60.2045,0.0101
5231,217.958,61.3427,9.8412
5232,218.000,61.3860,0.2543
5233,218.042,61.1243,7.5323
5234,218.083,61.1578,0.2427
5235,218.125,61.1594,0.2580
5236,218.167,59.0836,10.3402
5237,218.208,59.0478,0.1625
5238,218.250,61.6751,8.4422
5239,218.292,61.6711,0.1570
5240,218.333,61.5810,0.1572
5241,218.375,60.6930,9.5291
5242,218.417,60.6637,0.0696
5243,218.458,57.2883,8.9878
5244,218.500,57.2911,0.0886
5245,218.542,57.3031,0.0336
5246,218.583,59.7128,10.7773
5247,218.625,59.7282,0.0918
5248,218.667,60.7850,7.8124
5249,218.708,60.7978,0.0967
5250,218.750,60.7915,0.1284
5251,218.792,59.1083,9.0824
5252,218.833,59.1010,0.0980
5253,218.875,59.6860,8.0018
5254,218.917,59.7128,0.0613
5255,218.958,59.7062,0.0603
5256,219.000,59.1433,9.3840
5257,219.042,59.1973,0.1095
5258,219.083,59.2165,0.0273
5259,219.125,20.3534,39.4188
5260,219.167,20.3523,0.1453
5261,219.208,10.0284,10.3853
5262,219.250,10.0003,0.1179
5263,219.292,10.0013,0.0164
5264,219.333,8.1576,2.1442
5265,219.375,8.2197,0.1215
5266,219.417,8.2568,0.1871
5267,219.458,8.2165,0.0764
5268,219.500,8.2303,0.0495
5269,219.542,8.4312,0.5505
5270,219.583,8.5066,0.1088
5271,219.625,8.9185,0.6685
5272,219.667,8.9056,0.0450
5273,219.708,8.9301,0.0692
5274,219.750,10.1199,1.8038
5275,219.792,10.0787,0.1264
5276,219.833,12.2191,3.7783
5277,219.875,12.2551,0.0870
5278,219.917,12.1755,0.1298
5279,219.958,19.6325,14.6209
5280,220.000,19.6425,0.0394
5281,220.042,79.9412,66.9029
5282,220.083,80.0653,1.3241
5283,220.125,80.1923,0.7871
5284,220.167,13.1663,67.8611
5285,220.208,13.1482,0.0841
5286,220.250,80.8633,72.3119
5287,220.292,80.7865,0.1740
5288,220.333,80.7411,0.0966
5289,220.375,51.8759,58.0074
5290,220.417,52.1569,0.9433
5291,220.458,32.8900,29.4944
5292,220.500,33.0102,0.5228
5293,220.542,33.0241,0.3626
5294,220.583,10.0753,25.2134
5295,220.625,10.0780,0.0817
5296,220.667,19.4647,11.7611
5297,220.708,19.5533,0.1546
5298,220.750,19.5441,0.1623
5299,220.792,14.3892,6.8142
5300,220.833,14.3522,0.1410
5301,220.875,13.5573,2.7136
5302,220.917,13.6130,0.1428
5303,220.958,13.5356,0.1236
5304,221.000,67.9678,55.1549
5305,221.042,68.1469,0.9010
5306,221.083,31.8801,38.0861
5307,221.125,31.8846,0.2263
5308,221.167,31.9159,0.2072
5309,221.208,21.4408,10.5227
5310,221.250,21.4747,0.1437
5311,221.292,21.4440,0.1451
5312,221.333,21.9284,1.4326
5313,221.375,21.9570,0.2007
5314,221.417,22.7772,1.3754
5315,221.458,22.8127,0.1003
5316,221.500,22.8686,0.0660
5317,221.542,21.8284,1.6921
5318,221.583,21.8519,0.2518
5319,221.625,22.2492,1.6922
5320,221.667,22.2928,0.0817
5321,221.708,22.2993,0.0108
5322,221.750,32.2146,34.3547
5323,221.792,32.2613,0.3704
5324,221.833,32.3259,3.1165
5325,221.875,32.3913,0.1791
5326,221.917,32.4009,0.0723
5327,221.958,32.6203,2.9445
5328,222.000,32.6023,0.0687
5329,222.042,32.3657,1.9494
5330,222.083,32.3578,0.1511
5331,222.125,32.3449,0.1521
5332,222.167,32.2659,3.5058
5333,222.208,32.2461,0.1014
5334,222.250,32.7774,2.0533
5335,222.292,32.7650,0.0837
5336,222.333,32.7988,0.0356
5337,222.375,32.3033,3.7391
5338,222.417,32.3027,0.2335
5339,222.458,32.6955,3.1164
5340,222.500,32.7249,0.1249
5341,222.542,32.7369,0.1274
5342,222.583,31.0326,2.9892
5343,222.625,31.0192,0.1629
5344,222.667,31.3995,2.7582
5345,222.708,31.4402,0.1121
5346,222.750,31.4441,0.1452
5347,222.792,29.9972,3.0368
5348,222.833,29.9957,0.1428
5349,222.875,29.9235,1.7849
5350,222.917,29.9649,0.0956
5351,222.958,29.9662,0.1155
5352,223.000,29.2370,3.2815
5353,223.042,29.2099,0.1346
5354,223.083,29.3547,1.6654
5355,223.125,29.3571,0.0695
5356,223.167,29.3728,0.0258
5357,223.208,89.3480,73.6820
5358,223.250,89.3280,1.5534
5359,223.292,101.4361,25.1974
5360,223.333,101.3213,1.3143
5361,223.375,101.6244,0.9238
5362,223.417,73.3186,43.7927
5363,223.458,73.4975,0.6164
5364,223.500,73.3225,0.6240
5365,223.542,62.1867,32.8448
5366,223.583,62.2093,0.9727
5367,223.625,64.3663,18.3819
5368,223.667,73.6480,9.2891
5369,223.708,66.1950,7.4584
5370,223.750,65.8882,0.6379
5371,223.792,65.3257,13.4259
5372,223.833,65.2157,0.7903
5373,223.875,66.2555,12.5631
5374,223.917,66.0117,0.8169
5375,223.958,46.1143,22.6417
5376,224.000,43.4602,2.6955
5377,224.042,42.6323,1.1347
5378,224.083,39.3868,5.8133
5379,224.125,39.5069,0.4492
5380,224.167,34.5870,10.7606
5381,224.208,34.6369,0.3457
5382,224.250,30.5828,4.0642
5383,224.292,29.3843,11.4281
5384,224.333,29.3053,0.3763
5385,224.375,19.8557,13.7056
5386,224.417,19.8347,0.1755
5387,224.458,19.0516,0.8645
5388,224.500,18.6387,0.5205
5389,224.542,33.4040,15.3222
5390,224.583,33.4416,0.2040
5391,224.625,28.0276,12.1176
5392,224.667,29.4564,5.6443
5393,224.708,29.7712,0.5771
5394,224.750,33.2156,3.4547
5395,224.792,32.7759,0.6366
5396,224.833,25.7846,7.8382
5397,224.875,25.7108,0.3121
5398,224.917,33.8257,8.7566
5399,224.958,30.1828,3.6522
5400,225.000,30.5016,0.5269
5401,225.042,28.5616,28.4197
5402,225.083,28.5291,0.1611
5403,225.125,28.9287,4.1978
5404,225.167,28.7807,0.4316
5405,225.208,26.8251,1.9697
5406,225.250,27.4759,4.3975
5407,225.292,27.5223,0.1269
5408,225.333,33.4270,6.8924
5409,225.375,33.5154,0.1462
5410,225.417,38.4678,4.9544
5411,225.458,38.4560,0.2288
5412,225.500,37.4327,6.2706
5413,225.542,30.9052,8.3340
5414,225.583,30.8870,0.0905
5415,225.625,34.2456,6.5209
5416,225.667,34.2532,0.0145
5417,225.708,34.6613,0.4243
5418,225.750,34.6518,0.0318
5419,225.792,30.0338,8.5291
5420,225.833,30.3911,4.8938
5421,225.875,30.4231,0.5389
5422,225.917,35.8633,5.4407
5423,225.958,36.0483,0.6584
5424,226.000,28.0789,9.9226
5425,226.042,28.1319,0.2430
5426,226.083,56.5218,38.4591
5427,226.125,56.5288,1.2057
5428,226.167,56.7949,0.7752
5429,226.208,5.8554,50.9397
5430,226.250,5.8528,0.0033
5431,226.292,109.0785,103.2257
5432,226.333,109.1469,1.0094
5433,226.375,8.9958,100.1511
5434,226.417,8.9975,0.0091
5435,226.458,6.2595,2.7380
5436,226.500,9.8807,5.9932
5437,226.542,9.8879,0.0494
5438,226.583,104.4663,94.7796
5439,226.625,103.7733,0.7478
5440,226.667,123.7344,19.9622
5441,226.708,123.7369,0.1852
5442,226.750,11.4128,112.3241
5443,226.792,9.7158,9.0032
5444,226.833,9.7047,0.0828
5445,226.875,9.2275,0.7203
5446,226.917,9.2572,0.0883
5447,226.958,8.5054,6.1768
5448,227.000,8.5069,0.0356
5449,227.042,20.9842,16.0418
5450,227.083,28.7020,16.1587
5451,227.125,28.5084,0.4865
5452,227.167,19.9043,8.6040
5453,227.208,19.7502,0.3647
5454,227.250,7.3591,15.9764
5455,227.292,7.3504,0.0198
5456,227.333,9.9502,4.7488
5457,227.375,9.9597,0.0638
5458,227.417,6.1285,3.8311
5459,227.458,7.7050,4.6775
5460,227.500,7.7049,0.0285
5461,227.542,7.3290,2.6160
5462,227.583,7.3244,0.0247
5463,227.625,7.3196,0.0274
5464,227.667,7.3279,0.0148
5465,227.708,8.3141,4.2162
5466,227.750,11.0911,6.2844
5467,227.792,11.1121,0.0509
5468,227.833,7.4790,6.5653
5469,227.875,7.4482,0.0820
5470,227.917,7.0502,0.4018
5471,227.958,7.0620,0.0383
5472,228.000,10.3513,5.9764
5473,228.042,9.1566,6.5012
5474,228.083,9.2014,0.0528
5475,228.125,9.6762,0.4781
5476,228.167,9.5953,0.1185
5477,228.208,9.2552,5.4329
5478,228.250,9.2667,0.0475
5479,228.292,10.2552,4.5410
5480,228.333,11.8566,1.6052
5481,228.375,11.7829,0.2512
5482,228.417,8.5050,7.8540
5483,228.458,8.5105,0.0354
5484,228.500,48.0470,42.7410
5485,228.542,47.4719,0.6240
5486,228.583,41.1880,8.8482
5487,228.625,43.9957,2.8238
5488,228.667,45.3114,1.4643
5489,228.708,36.3884,9.0976
5490,228.750,36.3681,0.1969
5491,228.792,49.4612,14.3914
5492,228.833,49.0385,0.5764
5493,228.875,48.3424,0.7695
5494,228.917,47.9696,1.1317
5495,228.958,26.6913,21.8403
5496,229.000,12.9529,14.0603
5497,229.042,12.9455,0.0595
5498,229.083,12.8596,0.1461
5499,229.125,12.8172,0.1863
5500,229.167,9.9211,3.3873
5501,229.208,10.0207,0.1322
5502,229.250,7.7397,2.5702
5503,229.292,10.8874,3.2214
5504,229.333,10.8664,0.0370
5505,229.375,10.8791,0.0232
5506,229.417,10.8904,0.0163
5507,229.458,10.1078,2.1510
5508,229.500,10.1606,0.1139
5509,229.542,12.5039,2.5218
5510,229.583,10.9919,1.5234
5511,229.625,10.8704,0.2411
5512,229.667,12.3793,2.4228
5513,229.708,12.3165,0.1292
5514,229.750,12.1275,1.8840
5515,229.792,11.9181,0.5117
5516,229.833,9.7434,2.1756
5517,229.875,13.3363,3.9500
5518,229.917,13.4035,0.1299
5519,229.958,12.8947,2.3268
5520,230.000,12.8834,0.0242
5521,230.042,10.2993,2.5841
5522,230.083,10.3162,0.0389
5523,230.125,10.2033,1.6421
5524,230.167,10.2126,0.1512
5525,230.208,5.4088,5.8031
5526,230.250,6.3428,0.9594
5527,230.292,6.1796,0.1837
5528,230.333,5.5601,0.6216
5529,230.375,5.5763,0.0470
5530,230.417,9.6515,4.2744
5531,230.458,9.6248,0.0683
5532,230.500,14.9802,8.6933
5533,230.542,17.0512,2.0727
5534,230.583,17.2128,0.3580
5535,230.625,22.0978,14.2848
5536,230.667,21.9528,0.2245
5537,230.708,27.3448,12.8414
5538,230.750,26.8943,0.5107
5539,230.792,25.5894,1.3115
5540,230.833,24.8507,12.3743
5541,230.875,24.9052,0.1913
5542,230.917,30.1695,13.8509
5543,230.958,30.1491,0.2360
5544,231.000,26.9604,19.3258
5545,231.042,26.9643,0.1023
5546,231.083,31.1258,4.1621
5547,231.125,37.9360,19.0202
5548,231.167,37.9579,0.2307
5549,231.208,4.9727,33.1942
5550,231.250,5.0377,0.0711
5551,231.292,5.2394,0.2038
5552,231.333,5.2669,0.0565
5553,231.375,10.2827,5.8729
5554,231.417,7.9528,7.5968
5555,231.458,7.9593,0.0674
5556,231.500,7.1284,0.8359
5557,231.542,6.9810,0.1993
5558,231.583,9.4358,5.3859
5559,231.625,9.4640,0.0585
5560,231.667,6.6042,4.0592
5561,231.708,6.5913,0.0501
5562,231.750,35.3966,30.0020
5563,231.792,26.6829,8.7136
5564,231.833,26.5332,0.8357
5565,231.875,18.0629,13.9305
5566,231.917,16.9868,1.7811
5567,231.958,8.9148,8.4292
5568,232.000,8.9099,0.0864
5569,232.042,11.1856,2.2781
5570,232.083,17.9230,16.7721
5571,232.125,17.9242,0.0332
5572,232.167,16.6587,2.6868
5573,232.208,16.6301,0.0382
5574,232.250,17.6346,1.0138
5575,232.292,17.6510,0.0428
5576,232.333,16.0384,2.4093
5577,232.375,17.2923,2.6389
5578,232.417,17.2758,0.0502
5579,232.458,14.8955,3.1999
5580,232.500,14.8935,0.0690
5581,232.542,16.3205,1.4320
5582,232.583,16.3294,0.0421
5583,232.625,18.5516,2.7947
5584,232.667,16.6019,2.7503
5585,232.708,16.6421,0.1291
5586,232.750,18.6602,2.0222
5587,232.792,18.6674,0.1155
5588,232.833,24.8100,6.7223
5589,232.875,24.7702,0.1681
5590,232.917,26.9451,3.0898
5591,232.958,25.2059,1.7484
5592,233.000,25.2675,0.3002
5593,233.042,27.6866,4.4095
5594,233.083,27.6283,0.1391
5595,233.125,31.5604,4.9803
5596,233.167,31.5528,0.2945
5597,233.208,21.1156,11.5215
5598,233.250,21.0856,0.0919
5599,233.292,24.1001,3.0161
5600,233.333,14.1810,12.8440
5601,233.375,14.1269,0.1095
5602,233.417,28.3166,18.3215
5603,233.458,28.3193,0.0112
5604,233.500,23.4086,4.9109
5605,233.542,23.3814,0.0765
5606,233.583,29.1295,9.2325
5607,233.625,31.5579,6.8501
5608,233.667,31.5923,0.1465
5609,233.708,26.0816,5.5114
5610,233.750,26.1148,0.4652
5611,233.792,33.2906,8.5124
5612,233.833,33.2299,0.1371
5613,233.875,44.5535,14.4475
5614,233.917,40.5683,9.4078
5615,233.958,40.5511,0.0632
5616,234.000,40.5430,0.1172
5617,234.042,40.5846,0.0483
5618,234.083,43.2768,7.8435
5619,234.125,43.1743,0.3999
5620,234.167,45.3894,7.1160
5621,234.208,40.0982,5.2988
5622,234.250,40.0871,0.5892
5623,234.292,56.1739,17.1908
5624,234.333,56.0861,0.2490
5625,234.375,52.2830,9.7828
5626,234.417,52.2954,0.2386
5627,234.458,40.6639,11.6319
5628,234.500,40.5657,0.6196
5629,234.542,56.1878,17.3701
5630,234.583,42.8216,15.8070
5631,234.625,42.7197,0.4318
5632,234.667,46.4744,8.3573
5633,234.708,46.3060,0.3283
5634,234.750,46.2692,0.1870
5635,234.792,45.9795,0.3982
5636,234.833,37.3980,11.4004
5637,234.875,45.5125,9.9504
5638,234.917,45.5772,0.1487
5639,234.958,46.0548,0.5387
5640,235.000,46.0580,0.0189
5641,235.042,38.1754,10.4295
5642,235.083,38.1466,0.7439
5643,235.125,47.5791,11.2944
5644,235.167,39.7947,7.7882
5645,235.208,39.5811,0.6316
5646,235.250,50.1114,13.2697
5647,235.292,50.0564,1.1189
5648,235.333,22.6286,27.7537
5649,235.375,22.7029,0.4232
5650,235.417,20.9354,1.8131
5651,235.458,4.9503,15.9877
5652,235.500,4.9262,0.0372
5653,235.542,4.6941,0.2943
5654,235.583,4.6941,0.0048
5655,235.625,5.3728,0.7118
5656,235.667,5.3682,0.0276
5657,235.708,5.1132,0.2587
5658,235.750,4.7379,0.5060
5659,235.792,4.7359,0.0116
5660,235.833,5.4168,0.7716
5661,235.875,5.4272,0.0341
5662,235.917,5.3756,0.0717
5663,235.958,5.3783,0.0360
5664,236.000,7.6630,2.5043
5665,236.042,7.6836,0.0492
5666,236.083,7.4092,3.8618
5667,236.125,7.7119,0.3406
5668,236.167,7.6493,0.1055
5669,236.208,12.6150,10.0004
5670,236.250,12.6148,0.0036
5671,236.292,70.2151,61.4098
5672,236.333,70.2847,1.6811
5673,236.375,9.4540,62.1240
5674,236.417,9.4920,0.0969
5675,236.458,9.4928,0.0437
5676,236.500,64.9798,58.9978
5677,236.542,64.9205,0.7505
5678,236.583,47.3470,51.2538
5679,236.625,47.4662,0.8569
5680,236.667,41.1555,6.3132
5681,236.708,25.4565,24.5324
5682,236.750,25.4326,0.2410
5683,236.792,6.0545,20.5278
5684,236.833,6.0576,0.0325
5685,236.875,8.3925,2.3352
5686,236.917,8.3926,0.0585
5687,236.958,14.2261,8.4445
5688,237.000,9.3999,5.3619
5689,237.042,9.3840,0.0582
5690,237.083,9.0189,1.8610
5691,237.125,9.0506,0.1175
5692,237.167,9.1235,0.1204
5693,237.208,9.1192,0.0314
5694,237.250,48.0238,40.2147
5695,237.292,48.0576,0.2759
5696,237.333,26.2069,26.6033
5697,237.375,24.8766,1.3359
5698,237.417,24.9827,0.2698
5699,237.458,16.3899,8.6750
5700,237.500,16.4260,0.0895
5701,237.542,15.9582,1.4966
5702,237.583,15.9635,0.1447
5703,237.625,16.8484,0.8941
5704,237.667,18.5263,1.7825
5705,237.708,18.4878,0.1804
5706,237.750,16.2089,2.4122
5707,237.792,16.2004,0.0284
5708,237.833,20.6186,4.5906
5709,237.875,20.6050,0.1409
5710,237.917,20.0651,0.5753
5711,237.958,25.9260,29.7565
5712,238.000,25.9050,0.2172
5713,238.042,20.4940,6.3960
5714,238.083,20.5007,0.0753
5715,238.125,33.7142,13.2135
5716,238.167,33.6342,0.4297
5717,238.208,26.1531,7.5513
5718,238.250,25.0679,2.8372
5719,238.292,25.0734,0.0198
5720,238.333,24.5853,0.5005
5721,238.375,24.5835,0.0281
5722,238.417,26.7551,3.1774
5723,238.458,26.8338,0.1911
5724,238.500,25.2235,2.6861
5725,238.542,27.9365,3.8113
5726,238.583,27.7638,0.2931
5727,238.625,27.3706,0.4449
5728,238.667,27.3788,0.2541
5729,238.708,25.4878,3.4067
5730,238.750,25.4707,0.1331
5731,238.792,25.6441,1.7425
5732,238.833,25.6489,0.1275
5733,238.875,25.5883,0.1763
5734,238.917,21.4444,5.0820
5735,238.958,21.3383,0.1727
5736,239.000,26.8069,5.6709
5737,239.042,26.6061,0.4489
5738,239.083,19.7286,6.8775
5739,239.125,19.6837,0.2832
5740,239.167,27.6343,7.9552
5741,239.208,18.8961,9.2655
5742,239.250,18.9984,0.1428
5743,239.292,26.5522,7.5545
5744,239.333,26.5977,0.1428
5745,239.375,24.1273,2.4791
5746,239.417,23.9996,0.2904
5747,239.458,88.2444,73.8536
5748,239.500,81.6659,27.9085
5749,239.542,81.3828,0.5581
5750,239.583,80.5486,0.8987
5751,239.625,80.4755,0.1266
5752,239.667,64.7398,37.8955
5753,239.708,64.5565,0.9939
5754,239.750,67.1393,34.1530
5755,239.792,52.6236,14.5161
5756,239.833,52.6609,0.7157
5757,239.875,46.4614,25.1805
5758,239.917,46.3130,0.3357
5759,239.958,54.1922,11.7467
5760,240.000,54.1689,0.0627
5761,240.042,54.2796,0.1720
5762,240.083,54.2861,0.0112
5763,240.125,53.8284,19.8454
5764,240.167,43.8953,16.7218
5765,240.208,43.8601,0.2187
5766,240.250,29.2139,15.0047
5767,240.292,29.3512,0.2480
5768,240.333,29.4299,0.1359
5769,240.375,29.4274,0.0263
5770,240.417,36.1357,9.4012
5771,240.458,35.6672,14.0146
5772,240.500,35.6057,0.4933
5773,240.542,45.4169,9.8128
5774,240.583,45.4986,0.5894
5775,240.625,23.1442,24.0225
5776,240.667,23.1437,0.1866
5777,240.708,20.4736,8.5296
5778,240.750,21.1990,0.7827
5779,240.792,21.1153,0.2228
5780,240.833,30.0091,10.5312
5781,240.875,29.9174,0.4696
5782,240.917,26.3102,7.7987
5783,240.958,26.3786,0.4769
5784,241.000,23.9682,3.8633
5785,241.042,36.8025,12.8346
5786,241.083,36.6520,0.4443
5787,241.125,27.9685,9.0006
5788,241.167,27.9639,0.2638
5789,241.208,29.5840,27.5078
5790,241.250,29.6580,0.4614
5791,241.292,39.1380,9.4803
5792,241.333,33.0112,8.0984
5793,241.375,32.9435,0.5885
5794,241.417,30.9672,5.2171
5795,241.458,31.0651,0.6596
5796,241.500,36.2701,5.2135
5797,241.542,36.2569,0.0680
5798,241.583,34.7028,4.4416
5799,241.625,34.6890,0.2430
5800,241.667,41.4361,9.0053
5801,241.708,28.9915,13.6021
5802,241.750,29.4002,0.4825
5803,241.792,31.1775,1.7858
5804,241.833,31.2048,0.2597
5805,241.875,30.2405,5.8131
5806,241.917,30.3351,0.5583
5807,241.958,34.9876,7.2106
5808,242.000,35.0929,1.5828
5809,242.042,35.1523,0.1601
5810,242.083,27.6698,10.2210
5811,242.125,27.7094,0.0551
5812,242.167,34.5743,8.9164
5813,242.208,34.7530,0.3740
5814,242.250,36.5770,1.8279
5815,242.292,45.1177,35.5524
5816,242.333,45.1040,0.2461
5817,242.375,63.1958,48.4311
5818,242.417,62.8359,1.2194
5819,242.458,117.6869,59.9548
5820,242.500,117.5439,0.3566
5821,242.542,96.5461,20.9980
5822,242.583,7.0329,89.5132
5823,242.625,7.3548,0.3319
5824,242.667,7.7163,4.4002
5825,242.708,7.6584,0.0713
5826,242.750,8.3518,0.6969
5827,242.792,8.3899,0.0850
5828,242.833,118.1382,109.9163
5829,242.875,12.4157,105.7235
5830,242.917,12.4063,0.0280
5831,242.958,14.4433,2.0395
5832,243.000,14.4518,0.0569
5833,243.042,8.9257,11.4834
5834,243.083,8.9198,0.0174
5835,243.125,6.2548,6.4160
5836,243.167,6.2510,0.0065
5837,243.208,14.9548,11.7418
5838,243.250,17.5945,2.6405
5839,243.292,17.7471,0.2931
5840,243.333,22.6308,12.2432
5841,243.375,22.6626,0.2673
5842,243.417,9.2419,17.9029
5843,243.458,9.2802,0.0654
5844,243.500,6.7989,2.4817
5845,243.542,7.5131,2.9515
5846,243.583,7.5085,0.0172
5847,243.625,7.2618,3.8007
5848,243.667,7.2493,0.0302
5849,243.708,7.3291,0.0889
5850,243.750,7.3546,0.0366
5851,243.792,7.2311,2.4149
5852,243.833,8.9620,4.7855
5853,243.875,8.9878,0.0431
5854,243.917,6.7106,4.9559
5855,243.958,6.7056,0.0959
5856,244.000,8.8994,2.1938
5857,244.042,8.9368,0.1714
5858,244.083,9.6004,4.7970
5859,244.125,7.3226,5.8549
5860,244.167,6.7405,0.5869
5861,244.208,10.6135,3.8730
5862,244.250,10.6131,0.0123
5863,244.292,8.7766,6.7595
5864,244.333,8.7697,0.0548
5865,244.375,9.5343,3.7582
5866,244.417,9.5269,0.0705
5867,244.458,10.0816,0.5608
5868,244.500,9.5815,5.6872
5869,244.542,9.5769,0.0311
5870,244.583,9.7551,6.8398
5871,244.625,9.7491,0.0184
5872,244.667,43.1066,37.4905
5873,244.708,43.3163,0.8720
5874,244.750,43.5281,0.8320
5875,244.792,41.2338,5.2046
5876,244.833,41.1067,0.6640
5877,244.875,40.5004,4.8719
5878,244.917,40.4891,0.0306
5879,244.958,39.6376,0.8666
5880,245.000,39.4626,0.1957
5881,245.042,46.7124,9.5473
5882,245.083,21.9185,25.0355
5883,245.125,21.9277,0.4036
5884,245.167,27.7999,5.8734
5885,245.208,27.3553,0.8433
5886,245.250,11.6885,15.7022
5887,245.292,11.7019,0.0715
5888,245.333,14.9372,3.9583
5889,245.375,10.1852,4.7520
5890,245.417,10.1597,0.1159
5891,245.458,10.5061,0.9198
5892,245.500,10.4774,0.0944
5893,245.542,13.3597,3.2548
5894,245.583,13.4415,0.1203
5895,245.625,13.1800,2.3478
5896,245.667,12.9213,0.2900
5897,245.708,12.9398,0.1503
5898,245.750,10.5268,2.6373
5899,245.792,10.5013,0.0593
5900,245.833,9.8209,1.7441
5901,245.875,9.8030,0.0659
5902,245.917,15.5365,5.7336
5903,245.958,15.5158,0.1401
5904,246.000,10.6336,5.2519
5905,246.042,12.6352,2.6488
5906,246.083,12.6497,0.0380
5907,246.125,9.5453,3.1047
5908,246.167,9.5381,0.0116
5909,246.208,10.6382,2.0007
5910,246.250,10.6589,0.0566
5911,246.292,9.2743,1.9873
5912,246.333,8.7351,1.2378
5913,246.375,8.8476,0.2412
5914,246.417,10.0916,1.2452
5915,246.458,10.5119,0.4668
5916,246.500,5.7212,6.0060
5917,246.542,5.7259,0.0215
5918,246.583,8.2455,2.6433
5919,246.625,8.1626,0.1204
5920,246.667,8.1936,0.0850
5921,246.708,17.1581,10.6357
5922,246.750,17.1586,0.0069
5923,246.792,31.1154,18.1395
5924,246.833,31.1768,0.4242
5925,246.875,26.7681,4.4088
5926,246.917,33.7467,16.6242
5927,246.958,33.6653,0.4234
5928,247.000,28.9517,13.9569
5929,247.042,28.8961,0.8970
5930,247.083,27.0005,14.9183
5931,247.125,26.9944,0.1238
5932,247.167,33.2674,6.2732
5933,247.208,33.6271,0.7314
5934,247.250,33.2846,17.5998
5935,247.292,33.5104,20.6639
5936,247.333,33.3821,0.1713
5937,247.375,30.5530,2.8461
5938,247.417,30.0465,0.7514
5939,247.458,4.7438,25.4985
5940,247.500,4.7337,0.0148
5941,247.542,9.5777,6.5970
5942,247.583,11.0745,1.4986
5943,247.625,11.0764,0.0748
5944,247.667,43.6884,37.3700
5945,247.708,43.7886,0.3902
5946,247.750,8.0449,36.6487
5947,247.792,8.0409,0.0086
5948,247.833,7.9483,2.5150
5949,247.875,5.4218,2.5279
5950,247.917,5.3771,0.0869
5951,247.958,32.4301,27.8990
5952,248.000,32.5615,0.4335
5953,248.042,9.4096,23.4329
5954,248.083,9.4274,0.0820
5955,248.125,14.1407,4.7134
5956,248.167,9.5407,5.7581
5957,248.208,9.5278,0.0953
5958,248.250,20.5178,17.1438
5959,248.292,20.5267,0.0388
5960,248.333,15.4824,5.0447
5961,248.375,15.5081,0.3107
5962,248.417,17.6428,3.3207
5963,248.458,14.0067,3.9702
5964,248.500,14.0316,0.0768
5965,248.542,15.3111,2.2238
5966,248.583,15.2766,0.0740
5967,248.625,16.6566,1.3846
5968,248.667,16.6823,0.0614
5969,248.708,21.4514,5.8171
5970,248.750,21.4523,0.1631
5971,248.792,17.8739,3.7069
5972,248.833,16.4974,1.3821
5973,248.875,16.4223,0.2046
5974,248.917,18.8034,3.1962
5975,248.958,18.8507,0.0658
5976,249.000,19.5093,2.1664
5977,249.042,19.5650,0.1159
5978,249.083,23.0694,3.5054
5979,249.125,26.0526,4.2330
5980,249.167,25.9269,0.3435
5981,249.208,32.6170,7.2952
5982,249.250,32.6711,0.2504
5983,249.292,28.1181,6.3824
5984,249.333,28.2270,0.1852
5985,249.375,29.4621,1.2638
5986,249.417,26.1693,5.2123
5987,249.458,26.1152,0.1314
5988,249.500,23.6772,19.6338
5989,249.542,23.6980,0.1619
5990,249.583,13.2232,10.4748
5991,249.625,13.2650,0.2372
5992,249.667,20.1118,10.9236
5993,249.708,26.5741,12.6715
5994,249.750,26.5765,0.0272
5995,249.792,21.9991,4.5776
5996,249.833,22.0037,0.0129
5997,249.875,25.4340,4.8853
5998,249.917,25.3658,0.1886
5999,249.958,26.3739,7.0050
6000,250.000,35.5868,9.2129
6001,250.042,35.7047,0.5924
6002,250.083,42.9222,11.6314
6003,250.125,42.7416,0.3452
6004,250.167,43.8269,8.1393
6005,250.208,43.9212,0.3513
6006,250.250,43.9839,7.7948
6007,250.292,43.6440,0.5787
6008,250.333,39.3485,4.2962
6009,250.375,38.9837,0.6836
6010,250.417,44.2352,8.3307
6011,250.458,44.3747,0.2366
6012,250.500,51.8793,10.7555
6013,250.542,51.9656,0.8030
6014,250.583,36.6848,15.2808
6015,250.625,36.2970,0.7945
6016,250.667,34.9010,7.0999
6017,250.708,48.4940,15.2903
6018,250.750,48.4997,0.0468
6019,250.792,50.0962,1.6092
6020,250.833,50.1897,0.2227
6021,250.875,40.4397,11.8577
6022,250.917,40.4704,0.0735
6023,250.958,51.1800,13.7285
6024,251.000,47.8673,8.0514
6025,251.042,47.8866,0.3709
6026,251.083,43.3417,4.5846
6027,251.125,42.2910,1.3180
6028,251.167,48.9684,9.8184
6029,251.208,49.1980,0.6943
6030,251.250,44.5206,8.0416
6031,251.292,33.2833,11.2377
6032,251.333,33.2999,0.1991
6033,251.375,43.4745,12.5202
6034,251.417,43.6190,0.3775
6035,251.458,45.7427,6.9099
6036,251.500,45.7449,0.1985
6037,251.542,45.7297,0.2221
6038,251.583,45.7662,0.0549
6039,251.625,20.0851,26.1336
6040,251.667,4.9272,15.1582
6041,251.708,4.9117,0.0259
6042,251.750,5.8380,1.4378
6043,251.792,5.8238,0.0266
6044,251.833,5.8226,0.0026
6045,251.875,5.8230,0.0004
6046,251.917,5.8244,0.1810
6047,251.958,6.3939,0.6341
6048,252.000,6.3909,0.0059
6049,252.042,5.7493,0.6472
6050,252.083,5.0271,0.8691
6051,252.125,6.3028,1.3391
6052,252.167,6.3043,0.0175
6053,252.208,5.7918,1.7559
6054,252.250,5.7933,0.0181
6055,252.292,5.7807,0.0274
6056,252.333,9.4410,4.1448
6057,252.375,9.4464,0.0486
6058,252.417,13.9628,11.6865
6059,252.458,13.9533,0.0147
6060,252.500,74.2426,64.6036
6061,252.542,75.3454,1.2633
6062,252.583,75.7329,0.8992
6063,252.625,8.9140,67.7816
6064,252.667,8.9065,0.1213
6065,252.708,59.8714,54.3566
6066,252.750,59.5874,0.5007
6067,252.792,59.7851,0.4691
6068,252.833,37.2835,48.4021
6069,252.875,37.1830,0.3803
6070,252.917,19.6957,24.4932
6071,252.958,19.5759,0.2599
6072,253.000,27.1848,7.6090
6073,253.042,27.1854,0.1894
6074,253.083,7.9247,23.4237
6075,253.125,7.9350,0.0270
6076,253.167,13.0314,10.0127
6077,253.208,11.6099,4.5586
6078,253.250,11.5846,0.1229
6079,253.292,11.6361,0.1225
6080,253.333,11.6594,0.0392
6081,253.375,10.7313,2.8930
6082,253.417,10.7433,0.0518
6083,253.458,15.9450,13.8807
6084,253.500,20.4026,4.4575
6085,253.542,20.6390,0.3814
6086,253.583,33.5888,12.9808
6087,253.625,33.6911,0.2916
6088,253.667,20.9541,12.8994
6089,253.708,20.8807,0.3622
6090,253.750,16.7794,4.1064
6091,253.792,17.5174,1.7381
6092,253.833,17.4919,0.1162
6093,253.875,19.7316,2.3002
6094,253.917,19.7204,0.2236
6095,253.958,17.7137,2.1718
6096,254.000,17.7176,0.1006
6097,254.042,21.6340,3.9311
6098,254.083,19.3293,2.4585
6099,254.125,19.4750,0.3061
6100,254.167,28.9127,30.1490
6101,254.208,28.9487,0.1220
6102,254.250,29.0835,0.1516
6103,254.292,29.1158,0.0973
6104,254.333,32.0197,3.8412
6105,254.375,32.0323,0.3047
6106,254.417,27.9983,4.5876
6107,254.458,27.2989,0.7685
6108,254.500,27.2449,0.3216
6109,254.542,30.9152,4.1759
6110,254.583,30.8704,0.2400
6111,254.625,33.4358,3.6220
6112,254.667,33.5113,0.2210
6113,254.708,24.6634,9.0772
6114,254.750,24.5591,0.1252
6115,254.792,24.4423,0.1397
6116,254.833,28.2715,4.4928
6117,254.875,28.2605,0.2132
6118,254.917,30.1957,3.4676
6119,254.958,30.1220,0.1433
6120,255.000,24.2207,5.9105
6121,255.042,27.1942,3.2447
6122,255.083,27.1249,0.0975
6123,255.125,31.1342,5.0026
6124,255.167,30.9519,0.2218
6125,255.208,34.1218,3.1758
6126,255.250,34.1895,0.1501
6127,255.292,27.1895,7.0494
6128,255.333,28.5093,2.8648
6129,255.375,28.6006,0.1565
6130,255.417,23.9051,4.6983
6131,255.458,23.8543,0.2247
6132,255.500,24.8512,2.5797
6133,255.542,24.7978,0.0760
6134,255.583,21.6692,3.5659
6135,255.625,21.4160,2.0758
6136,255.667,20.8636,0.8883
6137,255.708,20.5766,0.3108
6138,255.750,20.5539,0.0516
6139,255.792,101.4758,84.6321
6140,255.833,101.5541,1.3072
6141,255.875,53.4017,55.7569
6142,255.917,54.7066,1.6044
6143,255.958,58.7459,4.2294
6144,256.000,55.3532,42.9742
6145,256.042,55.6890,0.7538
6146,256.083,56.4481,27.5502
6147,256.125,56.5873,0.2493
6148,256.167,49.0738,7.6498
6149,256.208,49.1561,0.7944
6150,256.250,61.7465,18.1412
6151,256.292,59.2980,17.1984
6152,256.333,59.4575,0.3535
6153,256.375,42.8511,19.6211
6154,256.417,42.8373,0.1153
6155,256.458,42.8686,0.2240
6156,256.500,42.9551,0.1121
6157,256.542,37.7462,7.2424
6158,256.583,30.7436,8.7829
6159,256.625,30.7100,0.2132
6160,256.667,45.9718,15.2675
6161,256.708,46.1216,0.5169
6162,256.750,31.1707,17.5150
6163,256.792,31.1019,0.1380
6164,256.833,25.0055,11.0418
6165,256.875,25.0287,0.2636
6166,256.917,25.0507,0.0492
6167,256.958,29.1267,10.3432
6168,257.000,29.1470,0.2756
6169,257.042,29.8302,7.5999
6170,257.083,29.8950,0.1549
6171,257.125,26.7811,7.6669
6172,257.167,26.1959,0.6509
6173,257.208,35.7258,9.5306
6174,257.250,30.8226,6.1520
6175,257.292,30.9446,0.2355
6176,257.333,27.0539,5.1842
6177,257.375,27.0427,0.4321
6178,257.417,30.0818,3.0592
6179,257.458,29.6595,0.5474
6180,257.500,25.5418,26.7456
6181,257.542,34.9470,11.6724
6182,257.583,34.7512,0.3308
6183,257.625,32.7804,1.9898
6184,257.667,32.6839,0.1586
6185,257.708,34.9049,5.1298
6186,257.750,35.0380,0.4314
6187,257.792,27.4168,9.2762
6188,257.833,40.5801,13.9878
6189,257.875,40.6954,0.4355
6190,257.917,29.4854,11.2103
6191,257.958,29.7274,0.5421
6192,258.000,33.0972,5.8531
6193,258.042,33.2180,0.3893
6194,258.083,30.2967,5.7700
6195,258.125,32.8876,2.6514
6196,258.167,32.4477,0.6854
6197,258.208,33.4772,6.0963
6198,258.250,33.4864,0.0506
6199,258.292,35.9659,5.9106
6200,258.333,36.0926,0.2865
6201,258.375,40.5434,4.4558
6202,258.417,36.0696,8.4496
6203,258.458,36.0432,0.2790
6204,258.500,44.0960,11.3301
6205,258.542,44.0583,0.3317
6206,258.583,54.9481,40.0742
6207,258.625,54.7838,0.4480
6208,258.667,74.8823,20.0987
6209,258.708,74.9142,0.4027
6210,258.750,110.0615,55.6922
6211,258.792,11.7672,98.2952
6212,258.833,11.7358,0.0655
6213,258.875,8.5388,3.2145
6214,258.917,8.5358,0.0071
6215,258.958,9.0679,4.2226
6216,259.000,9.0913,0.1144
6217,259.042,30.3491,23.0112
6218,259.083,42.3998,12.0549
6219,259.125,42.4425,0.8013
6220,259.167,14.7402,28.6827
6221,259.208,14.7873,0.1393
6222,259.250,11.8216,10.1378
6223,259.292,11.6909,0.2310
6224,259.333,9.6000,6.7215
6225,259.375,10.0984,1.1313
6226,259.417,10.1093,0.0794
6227,259.458,16.0245,10.1378
6228,259.500,15.9739,0.2569
6229,259.542,29.1259,17.0909
6230,259.583,29.1128,0.3669
6231,259.625,20.1255,8.9924
6232,259.667,19.2084,10.5926
6233,259.708,19.2184,0.3863
6234,259.750,8.0998,14.6164
6235,259.792,8.2426,0.2565
6236,259.833,9.2302,1.0145
6237,259.875,9.4104,0.2309
6238,259.917,9.7317,3.8634
6239,259.958,10.0597,4.2431
6240,260.000,10.1732,0.1260
6241,260.042,10.2618,0.1184
6242,260.083,10.2652,0.0078
6243,260.125,10.4833,4.2774
6244,260.167,10.4723,0.1622
6245,260.208,9.1464,4.1352
6246,260.250,9.1393,0.0329
6247,260.292,9.9386,3.4165
6248,260.333,11.4192,1.5181
6249,260.375,11.3774,0.1129
6250,260.417,10.4487,5.7365
6251,260.458,10.4663,0.0430
6252,260.500,11.4813,4.3468
6253,260.542,11.4751,0.1532
6254,260.583,14.2078,2.7433
6255,260.625,11.6015,7.6262
6256,260.667,11.4559,0.2241
6257,260.708,10.4746,5.3330
6258,260.750,10.5151,0.0661
6259,260.792,11.7155,1.2564
6260,260.833,11.6856,0.1148
6261,260.875,9.7592,5.9036
6262,260.917,44.8554,37.8010
6263,260.958,45.0428,1.0949
6264,261.000,52.9057,9.4882
6265,261.042,53.0111,0.4868
6266,261.083,46.1528,6.8652
6267,261.125,46.6917,1.0404
6268,261.167,37.6244,9.5483
6269,261.208,39.6336,6.4402
6270,261.250,39.6340,0.0206
6271,261.292,39.5853,0.0860
6272,261.333,39.5689,0.1024
6273,261.375,25.8221,15.6507
6274,261.417,25.8254,0.3765
6275,261.458,19.8100,8.0285
6276,261.500,19.6970,0.2225
6277,261.542,16.5309,3.1900
6278,261.583,13.7960,3.8037
6279,261.625,13.6746,0.2836
6280,261.667,13.2322,1.5868
6281,261.708,13.3499,0.3250
6282,261.750,10.8499,2.9596
6283,261.792,10.9539,0.2175
6284,261.833,14.7512,3.8361
6285,261.875,13.4003,2.2576
6286,261.917,13.4311,0.3181
6287,261.958,18.1567,5.0482
6288,262.000,18.9908,0.9788
6289,262.042,20.0397,1.1283
6290,262.083,19.4118,0.7350
6291,262.125,12.1382,7.7232
6292,262.167,12.5466,1.8876
6293,262.208,11.7169,0.8862
6294,262.250,14.5744,2.8612
6295,262.292,14.7350,0.1840
6296,262.333,17.8421,3.5079
6297,262.375,17.8780,0.1817
6298,262.417,11.9293,6.5577
6299,262.458,17.7383,5.9074
6300,262.500,17.7359,0.1786
6301,262.542,15.1759,2.5835
6302,262.583,15.1193,0.2036
6303,262.625,10.6115,4.7480
6304,262.667,10.6032,0.1730
6305,262.708,7.8287,4.8253
6306,262.750,7.7579,0.0965
6307,262.792,7.6218,0.1498
6308,262.833,9.0353,2.3231
6309,262.875,9.0071,0.0773
6310,262.917,19.1652,10.9131
6311,262.958,19.1547,0.0761
6312,263.000,15.1884,3.9774
6313,263.042,15.1227,0.2515
6314,263.083,27.8960,16.9082
6315,263.125,26.1023,12.0595
6316,263.167,26.0076,0.1762
6317,263.208,26.6382,11.1988
6318,263.250,26.6887,0.0947
6319,263.292,26.7736,0.2731
6320,263.333,26.8363,0.2429
6321,263.375,28.4658,10.8555
6322,263.417,28.9298,16.0723
6323,263.458,28.7943,0.1573
6324,263.500,27.7505,1.0647
6325,263.542,27.4586,0.3324
6326,263.583,34.3336,19.9014
6327,263.625,34.3438,0.3242
6328,263.667,8.9918,26.6538
6329,263.708,7.0308,2.0989
6330,263.750,7.0414,0.0295
6331,263.792,11.2393,6.2362
6332,263.833,11.3091,0.1728
6333,263.875,61.7450,52.8742
6334,263.917,61.5116,0.7518
6335,263.958,11.8193,50.0618
6336,264.000,6.6315,5.2473
6337,264.042,6.6663,0.0921
6338,264.083,62.1630,55.8671
6339,264.125,62.2450,0.5404
6340,264.167,33.0639,48.0765
6341,264.208,33.1031,0.2637
6342,264.250,26.0527,7.0658
6343,264.292,25.7914,0.5857
6344,264.333,17.4651,14.4287
6345,264.375,9.9444,8.2309
6346,264.417,9.9101,0.1044
6347,264.458,15.9413,6.0382
6348,264.500,15.9607,0.1410
6349,264.542,16.6850,17.1846
6350,264.583,16.6587,0.0910
6351,264.625,19.2063,4.0762
6352,264.667,18.0309,1.8069
6353,264.708,18.0694,0.0524
6354,264.750,18.0938,0.0474
6355,264.792,18.0996,0.0112
6356,264.833,19.0454,2.7768
6357,264.875,18.9306,0.2864
6358,264.917,22.8941,4.4373
6359,264.958,22.9533,0.1812
6360,265.000,22.9516,0.1314
6361,265.042,17.8548,5.5251
6362,265.083,18.1547,1.0872
6363,265.125,21.2980,3.7408
6364,265.167,21.3778,0.2292
6365,265.208,21.2492,0.2351
6366,265.250,21.8177,2.2810
6367,265.292,21.7892,0.1381
6368,265.333,19.8538,2.9480
6369,265.375,19.6723,0.4732
6370,265.417,24.3039,4.8152
6371,265.458,24.1325,0.3816
6372,265.500,33.3941,9.8793
6373,265.542,29.6169,5.0691
6374,265.583,29.7368,0.2374
6375,265.625,40.4937,11.2747
6376,265.667,40.5734,0.1443
6377,265.708,35.2408,5.4602
6378,265.750,35.2452,0.2418
6379,265.792,19.8381,20.4757
6380,265.833,19.8910,0.3370
6381,265.875,19.4777,9.5964
6382,265.917,24.7060,5.2347
6383,265.958,24.7578,0.2713
6384,266.000,32.4539,13.8742
6385,266.042,32.3491,0.3430
6386,266.083,41.1262,9.7930
6387,266.125,41.2031,0.3856
6388,266.167,33.8326,7.3900
6389,266.208,40.9508,10.0712
6390,266.250,41.0350,0.1903
6391,266.292,45.4982,9.5044
6392,266.333,45.3483,0.5471
6393,266.375,46.2817,10.4171
6394,266.417,46.2496,0.2868
6395,266.458,46.8702,0.7379
6396,266.500,44.3234,7.8270
6397,266.542,44.1384,0.2936
6398,266.583,54.9045,13.0040
6399,266.625,54.9091,0.0355
6400,266.667,54.9483,0.0767
6401,266.708,54.9453,0.0490
6402,266.750,46.0843,10.8949
6403,266.792,52.0872,10.6695
6404,266.833,52.1322,0.4628
6405,266.875,43.2727,8.8891
6406,266.917,43.2437,0.4382
6407,266.958,39.7124,6.4561
6408,267.000,39.7112,0.0639
6409,267.042,53.4567,15.1134
6410,267.083,49.1235,8.2556
6411,267.125,49.0633,0.1145
6412,267.167,41.9036,7.7463
6413,267.208,41.5577,2.6954
6414,267.250,53.0863,14.7232
6415,267.292,53.1737,0.2631
6416,267.333,39.4499,15.0383
6417,267.375,39.6336,0.5230
6418,267.417,47.9441,8.4209
6419,267.458,55.7379,10.9226
6420,267.500,55.7810,0.4500
6421,267.542,46.6134,11.2152
6422,267.583,46.3934,0.3186
6423,267.625,43.8311,2.6025
6424,267.667,43.5480,0.9240
6425,267.708,53.2946,13.0639
6426,267.750,46.1868,10.3908
6427,267.792,46.2098,0.0622
6428,267.833,11.5628,35.6827
6429,267.875,11.6382,0.1348
6430,267.917,8.1095,3.6892
6431,267.958,8.1189,0.0533
6432,268.000,5.6881,2.5624
6433,268.042,7.2064,1.5359
6434,268.083,7.2378,0.0849
6435,268.125,7.2003,0.0537
6436,268.167,7.1717,0.1382
6437,268.208,7.1755,0.2507
6438,268.250,7.0381,0.2012
6439,268.292,8.1599,1.1951
6440,268.333,7.4727,0.7494
6441,268.375,7.3173,0.2261
6442,268.417,7.5536,0.8035
6443,268.458,7.5080,0.0764
6444,268.500,9.6314,2.5548
6445,268.542,9.7340,0.1686
6446,268.583,15.7175,10.2147
6447,268.625,15.8216,0.3409
6448,268.667,20.3163,4.5110
6449,268.708,79.0046,64.2062
6450,268.750,78.8608,1.2594
6451,268.792,9.4511,69.9927
6452,268.833,9.4644,0.1848
6453,268.875,13.5864,4.1514
6454,268.917,13.5145,0.1609
6455,268.958,86.2318,74.6433
6456,269.000,42.9362,53.3224
6457,269.042,43.0111,0.5428
6458,269.083,36.7487,6.2930
6459,269.125,36.6755,0.4780
6460,269.167,12.4657,31.3666
6461,269.208,12.3786,0.1468
6462,269.250,12.6783,2.0767
6463,269.292,13.6221,10.2753
6464,269.333,13.6463,0.4320
6465,269.375,18.9000,5.4080
6466,269.417,18.4357,0.5272
6467,269.458,9.2781,9.5830
6468,269.500,9.1281,0.2318
6469,269.542,7.4436,4.0765
6470,269.583,10.5620,3.1507
6471,269.625,10.7813,0.4674
6472,269.667,15.8634,12.0325
6473,269.708,15.6928,0.5723
6474,269.750,39.5080,23.8268
6475,269.792,39.5122,0.0530
6476,269.833,38.9307,0.8787
6477,269.875,16.6713,22.3765
6478,269.917,16.6942,0.1663
6479,269.958,16.7448,1.3048
6480,270.000,16.8290,0.2814
6481,270.042,21.1333,4.4005
6482,270.083,21.0206,0.2958
6483,270.125,17.0472,4.5827
6484,270.167,17.0219,0.1808
6485,270.208,19.5482,2.7244
6486,270.250,18.7955,1.1573
6487,270.292,18.7898,0.0507
6488,270.333,17.6092,1.2240
6489,270.375,17.5156,0.1725
6490,270.417,30.9411,29.8201
6491,270.458,30.8811,0.3222
6492,270.500,25.0483,6.5052
6493,270.542,31.0829,6.0460
6494,270.583,31.1614,0.3837
6495,270.625,34.0555,3.5327
6496,270.667,33.9852,0.2793
6497,270.708,25.1997,9.2664
6498,270.750,25.3319,0.2535
6499,270.792,25.4069,0.2503
6500,270.833,24.4988,2.7116
6501,270.875,24.4789,0.1279
6502,270.917,23.2717,2.7054
6503,270.958,23.1791,0.3209
6504,271.000,30.4780,7.5551
6505,271.042,30.3699,0.2583
6506,271.083,30.4261,0.2776
6507,271.125,27.0649,3.7482
6508,271.167,26.9533,0.1638
6509,271.208,30.5723,4.5460
6510,271.250,30.5336,0.1260
6511,271.292,26.9702,3.5675
6512,271.333,26.8140,0.2249
6513,271.375,26.2778,2.5413
6514,271.417,26.3682,0.2327
6515,271.458,24.4959,2.6957
6516,271.500,26.6019,2.1356
6517,271.542,26.4516,0.5545
6518,271.583,22.5713,4.6743
6519,271.625,22.5877,0.0472
6520,271.667,25.8472,4.0087
6521,271.708,25.9887,0.2082
6522,271.750,27.3420,1.9589
6523,271.792,24.5242,2.8235
6524,271.833,24.5481,0.2902
6525,271.875,26.7487,3.0381
6526,271.917,26.7855,0.0927
6527,271.958,104.2306,82.0522
6528,272.000,104.4134,1.1681
6529,272.042,78.6358,25.7846
6530,272.083,59.2088,28.1103
6531,272.125,59.2270,0.0666
6532,272.167,70.5935,38.4753
6533,272.208,70.6182,0.2119
6534,272.250,68.9049,3.0475
6535,272.292,68.9242,0.1918
6536,272.333,44.8761,34.1339
6537,272.375,51.1110,13.9066
6538,272.417,51.2830,0.3391
6539,272.458,53.1153,14.8521
6540,272.500,53.1274,0.9990
6541,272.542,63.9031,10.7823
6542,272.583,63.3252,1.0415
6543,272.625,44.2566,21.0700
6544,272.667,50.6243,10.4145
6545,272.708,50.6896,0.3118
6546,272.750,50.7179,0.1950
6547,272.792,50.7819,0.0741
6548,272.833,46.7107,9.3538
6549,272.875,46.4382,1.7665
6550,272.917,32.1836,16.7966
6551,272.958,32.2012,0.4226
6552,273.000,39.3299,7.1390
6553,273.042,21.3745,18.9837
6554,273.083,21.3188,0.2376
6555,273.125,27.5899,10.5482
6556,273.167,27.3968,0.5039
6557,273.208,38.9779,14.3477
6558,273.250,38.4034,0.7577
6559,273.292,33.6435,4.7695
6560,273.333,26.4915,8.8703
6561,273.375,26.0043,0.7737
6562,273.417,30.6563,6.9080
6563,273.458,30.4431,0.5576
6564,273.500,35.3189,4.8880
6565,273.542,35.4744,0.5237
6566,273.583,28.7267,7.2440
6567,273.625,33.5511,28.6569
6568,273.667,33.5494,0.2319
6569,273.708,32.8329,0.8673
6570,273.750,32.4370,0.6474
6571,273.792,29.8446,6.0908
6572,273.833,29.9206,0.3803
6573,273.875,25.9316,5.8856
6574,273.917,37.6186,12.2866
6575,273.958,37.7611,0.1977
6576,274.000,37.8218,0.0872
6577,274.042,37.8263,0.0113
6578,274.083,27.3028,11.8707
6579,274.125,27.2860,0.1548
6580,274.167,32.2939,6.2107
6581,274.208,32.4986,0.4370
6582,274.250,32.5902,0.3893
6583,274.292,33.1984,5.5671
6584,274.333,33.2332,0.0999
6585,274.375,34.4448,4.9964
6586,274.417,34.4685,0.0945
6587,274.458,26.5430,7.9290
6588,274.500,26.4756,0.3752
6589,274.542,33.5989,9.4667
6590,274.583,33.7537,6.0394
6591,274.625,33.7537,0.0614
6592,274.667,31.0922,5.9966
6593,274.708,31.0767,0.0303
6594,274.750,31.1024,0.0519
6595,274.792,31.0989,0.0200
6596,274.833,66.2476,43.3673
6597,274.875,9.2684,57.5241
6598,274.917,9.1940,0.1321
6599,274.958,9.2088,0.0349
6600,275.000,9.1570,0.0987
6601,275.042,11.6263,2.8844
6602,275.083,11.5258,0.1995
6603,275.125,9.7600,5.4216
6604,275.167,12.2810,2.8013
6605,275.208,12.1003,0.3301
6606,275.250,18.7405,9.7564
6607,275.292,18.7291,0.1071
6608,275.333,15.3097,12.0825
6609,275.375,15.4666,0.5202
6610,275.417,16.8986,1.4522
6611,275.458,10.8231,10.9257
6612,275.500,10.9407,0.2205
6613,275.542,14.6336,8.9173
6614,275.583,14.6983,0.1126
6615,275.625,20.2192,13.2400
6616,275.667,20.2280,0.1560
6617,275.708,20.4766,0.2974
6618,275.750,20.5005,0.1147
6619,275.792,20.5427,9.8337
6620,275.833,19.7971,10.9550
6621,275.875,19.7832,0.1040
6622,275.917,20.6028,0.8629
6623,275.958,20.9370,0.3954
6624,276.000,9.1143,15.5402
6625,276.042,9.1526,0.1762
6626,276.083,12.3780,6.5836
6627,276.125,12.2191,0.1829
6628,276.167,12.1838,0.1347
6629,276.208,12.8860,4.6109
6630,276.250,13.0112,0.2849
6631,276.292,12.8058,5.1519
6632,276.333,12.8702,0.1635
6633,276.375,10.3647,4.9469
6634,276.417,11.2638,0.9271
6635,276.458,11.3131,0.0691
6636,276.500,9.4424,4.7888
6637,276.542,9.4659,0.0764
6638,276.583,12.6511,6.1238
6639,276.625,12.6509,0.0261
6640,276.667,11.3554,1.3431
6641,276.708,10.6525,4.6190
6642,276.750,10.4199,0.3070
6643,276.792,9.6914,5.1205
6644,276.833,9.9691,1.0452
6645,276.875,11.6324,1.7420
6646,276.917,11.4770,0.2630
6647,276.958,11.2802,4.8013
6648,277.000,11.0197,6.3004
6649,277.042,10.9215,0.1674
6650,277.083,51.4729,43.3778
6651,277.125,51.5487,0.1059
6652,277.167,43.5473,8.0171
6653,277.208,43.2253,0.3838
6654,277.250,44.6281,5.2218
6655,277.292,44.6737,1.4719
6656,277.333,44.5771,4.3449
6657,277.375,42.8315,2.0326
6658,277.417,43.2731,0.9726
6659,277.458,58.6108,17.2410
6660,277.500,58.3435,0.8506
6661,277.542,31.8845,26.4707
6662,277.583,32.0501,0.5199
6663,277.625,38.2571,6.2098
6664,277.667,12.9036,25.4416
6665,277.708,12.9320,0.1036
6666,277.750,10.5239,2.7099
6667,277.792,10.4901,0.1336
6668,277.833,15.5027,5.0922
6669,277.875,15.5228,0.1598
6670,277.917,15.4972,0.1248
6671,277.958,12.6350,3.2824
6672,278.000,12.6406,0.0795
6673,278.042,18.6661,6.1502
6674,278.083,18.7303,0.2849
6675,278.125,12.3372,6.4070
6676,278.167,12.3070,0.2336
6677,278.208,13.0342,1.4766
6678,278.250,11.7593,2.5140
6679,278.292,11.7885,0.0755
6680,278.333,11.7923,0.0246
6681,278.375,11.7685,0.0574
6682,278.417,15.6237,4.0239
6683,278.458,15.7176,0.1897
6684,278.500,15.5941,1.9740
6685,278.542,15.6213,0.2403
6686,278.583,16.4935,2.1498
6687,278.625,16.5598,0.1468
6688,278.667,16.5704,0.1541
6689,278.708,16.5253,3.3459
6690,278.750,16.4761,0.3561
6691,278.792,16.3110,2.0505
6692,278.833,16.3099,0.1388
6693,278.875,11.4376,4.8802
6694,278.917,6.6155,5.4727
6695,278.958,6.4520,0.2532
6696,279.000,9.1521,2.7129
6697,279.042,9.0501,0.2065
6698,279.083,8.0717,1.2890
6699,279.125,8.1641,0.3470
6700,279.167,20.0691,12.6084
6701,279.208,25.8685,17.4335
6702,279.250,25.8257,0.4079
6703,279.292,28.2912,11.5179
6704,279.333,28.2869,0.0112
6705,279.375,26.8346,1.5425
6706,279.417,26.8759,0.1465
6707,279.458,28.3453,11.8441
6708,279.500,24.9564,12.2803
6709,279.542,25.0425,0.2258
6710,279.583,27.2580,2.2416
6711,279.625,27.2492,0.3630
6712,279.667,29.5091,16.0712
6713,279.708,29.4752,0.1513
6714,279.750,34.8663,17.0987
6715,279.792,30.6056,4.2752
6716,279.833,30.6992,0.5121
6717,279.875,6.7221,24.1967
6718,279.917,6.7032,0.0758
6719,279.958,10.5942,5.8076
6720,280.000,10.6119,0.1564
6721,280.042,17.4188,6.8236
6722,280.083,17.3805,0.3278
6723,280.125,43.5182,34.3172
6724,280.167,9.4212,35.3989
6725,280.208,9.3795,0.1084
6726,280.250,52.2016,44.5011
6727,280.292,52.2279,0.0760
6728,280.333,46.8023,5.4354
6729,280.375,46.8485,0.0915
6730,280.417,38.3205,39.7672
6731,280.458,16.5640,25.2337
6732,280.500,16.6304,0.3416
6733,280.542,25.4262,8.7997
6734,280.583,26.0703,1.6689
6735,280.625,8.2472,18.6214
6736,280.667,8.2472,0.0307
6737,280.708,20.2683,13.4540
6738,280.750,20.1697,0.2102
6739,280.792,20.1546,0.2053
6740,280.833,22.0943,2.8086
6741,280.875,22.1148,0.2578
6742,280.917,21.6798,2.8081
6743,280.958,21.5198,0.3272
6744,281.000,21.2645,2.4762
6745,281.042,22.6638,1.6419
6746,281.083,23.4276,0.8751
6747,281.125,19.5928,4.4615
6748,281.167,19.5935,0.1547
6749,281.208,20.3129,2.3816
6750,281.250,20.2410,0.4184
6751,281.292,18.5518,1.8154
6752,281.333,18.5949,0.2655
6753,281.375,19.9315,2.4811
6754,281.417,23.0245,3.5320
6755,281.458,23.0576,0.0857
6756,281.500,22.8160,0.2756
6757,281.542,22.8180,0.1171
6758,281.583,20.8498,3.0831
6759,281.625,20.8297,0.2623
6760,281.667,27.2805,7.0012
6761,281.708,35.4696,8.3718
6762,281.750,35.5576,0.3688
6763,281.792,27.1885,8.3872
6764,281.833,27.0794,0.2995
6765,281.875,36.4814,9.8889
6766,281.917,36.5361,0.2367
6767,281.958,19.8026,18.1063
6768,282.000,19.8331,0.0480
6769,282.042,19.8482,0.0720
6770,282.083,19.6455,12.7623
6771,282.125,19.6663,0.1961
6772,282.167,30.5327,12.7018
6773,282.208,30.5366,0.5291
6774,282.250,30.7812,0.4490
6775,282.292,40.2086,10.9451
6776,282.333,40.1302,1.8514
6777,282.375,40.3710,8.1111
6778,282.417,40.2477,0.3679
6779,282.458,39.8077,10.4279
6780,282.500,39.7061,0.2305
6781,282.542,39.8102,0.4332
6782,282.583,43.2619,7.1110
6783,282.625,43.0524,0.3122
6784,282.667,39.9622,10.1102
6785,282.708,39.7645,0.4923
6786,282.750,45.1984,5.6075
6787,282.792,45.1651,0.3353
6788,282.833,45.5411,6.5206
6789,282.875,45.7470,0.4466
6790,282.917,54.6214,11.4925
6791,282.958,43.1920,11.5296
6792,283.000,43.0464,0.5371
6793,283.042,40.4570,7.6099
6794,283.083,40.5046,0.4001
6795,283.125,45.1033,8.7236
6796,283.167,45.0225,0.3788
6797,283.208,46.5543,6.7320
6798,283.250,52.8081,6.2690
6799,283.292,53.4861,1.1606
6800,283.333,52.3575,8.7139
6801,283.375,52.3719,0.5478
6802,283.417,55.8049,10.3020
6803,283.458,55.4834,1.0284
6804,283.500,43.3111,12.1776
6805,283.542,55.4465,13.5703
6806,283.583,55.3958,0.7201
6807,283.625,53.9888,8.1832
6808,283.667,53.9276,0.1724
6809,283.708,52.8009,1.2387
6810,283.750,52.0388,1.0170
6811,283.792,38.8201,14.1879
6812,283.833,53.9113,16.7858
6813,283.875,53.9688,0.4766
6814,283.917,40.6087,14.7568
6815,283.958,40.6058,0.1331
6816,284.000,40.6453,0.0760
6817,284.042,40.6789,0.0446
6818,284.083,15.0720,29.0431
6819,284.125,15.0985,0.0661
6820,284.167,6.6968,8.4051
6821,284.208,11.5291,4.8407
6822,284.250,11.4577,0.3800
6823,284.292,7.1975,4.3372
6824,284.333,7.4233,0.2357
6825,284.375,7.6518,0.3360
6826,284.417,7.6421,0.0613
6827,284.458,7.1247,0.5465
6828,284.500,7.8397,0.8251
6829,284.542,7.7345,0.1570
6830,284.583,7.5081,0.9285
6831,284.625,7.5588,0.0807
6832,284.667,9.6633,2.5197
6833,284.708,9.6829,0.1645
6834,284.750,12.0761,2.6195
6835,284.792,8.6132,4.0777
6836,284.833,8.6253,0.0333
6837,284.875,63.5798,55.1326
6838,284.917,62.3349,1.4438
6839,284.958,60.1392,2.2356
6840,285.000,60.7582,0.9951
6841,285.042,10.1173,52.2205
6842,285.083,72.7244,64.3469
6843,285.125,72.2983,1.3528
6844,285.167,71.9273,1.0063
6845,285.208,71.9434,1.0080
6846,285.250,8.0224,64.4402
6847,285.292,7.9936,0.0732
6848,285.333,7.7839,1.6407
6849,285.375,7.0363,0.7543
6850,285.417,6.9573,0.1534
6851,285.458,22.2467,17.8114
6852,285.500,22.1724,0.4737
6853,285.542,18.1571,8.2347
6854,285.583,18.1376,0.3586
6855,285.625,6.7253,11.5611
6856,285.667,6.6265,0.1403
6857,285.708,6.0540,0.5935
6858,285.750,6.5380,3.5662
6859,285.792,6.5545,0.0512
6860,285.833,12.0021,10.1518
6861,285.875,11.9815,0.0723
6862,285.917,14.7204,2.7389
6863,285.958,14.6736,0.0842
6864,286.000,38.2838,23.6101
6865,286.042,15.2941,22.9897
6866,286.083,15.3338,0.2109
6867,286.125,20.0354,4.7016
6868,286.167,20.0217,0.2633
6869,286.208,14.5075,5.7490
6870,286.250,14.4662,0.0948
6871,286.292,23.1570,8.7140
6872,286.333,13.3814,9.7804
6873,286.375,13.3851,0.0235
6874,286.417,21.8660,8.4808
6875,286.458,21.9434,0.2659
6876,286.500,19.9094,2.2638
6877,286.542,19.8638,0.2537
6878,286.583,18.2581,2.8321
6879,286.625,15.3301,2.9281
6880,286.667,15.2427,0.2789
6881,286.708,28.4254,30.3065
6882,286.750,28.4902,0.2729
6883,286.792,28.4185,1.8681
6884,286.833,28.4395,0.2490
6885,286.875,22.9449,5.4947
6886,286.917,27.2622,4.8616
6887,286.958,27.2677,0.1416
6888,287.000,29.4290,2.7102
6889,287.042,29.2876,0.2954
6890,287.083,29.6572,2.9040
6891,287.125,29.6855,0.0418
6892,287.167,29.6940,0.0246
6893,287.208,29.7033,0.0137
6894,287.250,23.2572,7.0477
6895,287.292,31.8060,8.6245
6896,287.333,31.8894,0.4374
6897,287.375,23.2062,8.6834
6898,287.417,23.4315,0.3753
6899,287.458,22.6016,2.5986
6900,287.500,22.4810,0.2026
6901,287.542,23.3684,2.3894
6902,287.583,30.4439,7.0755
6903,287.625,30.4329,0.2008
6904,287.667,24.4330,6.0764
6905,287.708,24.4848,0.1178
6906,287.750,28.4254,4.9206
6907,287.792,28.4639,0.1417
6908,287.833,24.4824,4.7255
6909,287.875,29.8175,5.3368
6910,287.917,29.6624,0.3906
6911,287.958,26.0110,3.9280
6912,288.000,26.0427,0.1131
6913,288.042,23.3645,4.0909
6914,288.083,23.4182,0.1632
6915,288.125,27.2573,3.8435
6916,288.167,85.9246,68.2572
6917,288.208,85.6443,0.6578
6918,288.250,56.6881,32.0856
6919,288.292,56.6100,0.4808
6920,288.333,56.0981,0.7119
6921,288.375,56.5326,0.6797
6922,288.417,59.1251,37.5646
6923,288.458,58.8859,0.6914
6924,288.500,51.4494,30.6326
6925,288.542,51.0453,13.4902
6926,288.583,51.0533,0.0443
6927,288.625,51.0659,0.0173
6928,288.667,51.0531,0.1088
6929,288.708,52.4449,14.3067
6930,288.750,52.5286,0.6802
6931,288.792,49.2145,13.8555
6932,288.833,49.8309,0.7783
6933,288.875,50.1774,0.5906
6934,288.917,32.4787,18.3486
6935,288.958,32.4237,0.3400
6936,289.000,34.2435,5.0465
6937,289.042,34.1264,0.3453
6938,289.083,46.2136,12.0872
6939,289.125,32.6808,16.7473
6940,289.167,32.5226,0.4672
6941,289.208,26.2039,15.0143
6942,289.250,26.2589,0.2930
6943,289.292,19.3555,11.2407
6944,289.333,19.3078,0.2534
6945,289.375,28.6406,9.3328
6946,289.417,25.9564,8.6987
6947,289.458,25.8642,0.3962
6948,289.500,25.7362,7.8216
6949,289.542,25.9263,0.2745
6950,289.583,26.0712,0.1578
6951,289.625,26.0596,0.0314
6952,289.667,29.5891,5.5086
6953,289.708,26.4056,4.9132
6954,289.750,26.2398,0.4085
6955,289.792,21.5374,4.7048
6956,289.833,21.4295,0.2653
6957,289.875,26.0299,5.6393
6958,289.917,26.1349,0.1892
6959,289.958,27.8671,25.7756
6960,290.000,27.9680,0.5122
6961,290.042,26.4483,1.5606
6962,290.083,31.4941,7.1038
6963,290.125,31.3806,0.4399
6964,290.167,32.3776,4.0011
6965,290.208,32.4067,0.1181
6966,290.250,27.3725,7.2418
6967,290.292,27.5101,0.4262
6968,290.333,28.6840,1.2071
6969,290.375,31.4552,4.7140
6970,290.417,31.3643,0.1691
6971,290.458,30.8622,5.7168
6972,290.500,30.8921,0.1549
6973,290.542,33.4888,2.6066
6974,290.583,33.5899,0.1670
6975,290.625,35.9892,5.7531
6976,290.667,34.7290,7.3216
6977,290.708,34.8141,0.1072
6978,290.750,34.8279,0.0270
6979,290.792,34.8461,0.0209
6980,290.833,46.5522,14.2499
6981,290.875,46.5069,0.5713
6982,290.917,33.9591,14.3217
6983,290.958,56.1123,38.2386
6984,291.000,55.9548,0.3881
6985,291.042,63.5144,7.5597
6986,291.083,63.5816,0.4816
6987,291.125,7.3957,56.8849
6988,291.167,7.3962,0.0165
6989,291.208,79.0080,71.6170
6990,291.250,79.1161,1.4460
6991,291.292,79.3424,0.9003
6992,291.333,7.0148,72.7769
6993,291.375,6.8282,0.1932
6994,291.417,13.7222,8.7205
6995,291.458,13.7225,0.0112
6996,291.500,8.0633,5.6592
6997,291.542,8.0472,0.0233
6998,291.583,14.6300,9.4828
6999,291.625,11.5263,10.4804
7000,291.667,11.5204,0.0489
7001,291.708,10.1140,7.0883
7002,291.750,10.0920,0.1268
7003,291.792,7.1139,2.9781
7004,291.833,7.0970,0.0827
7005,291.875,18.0878,13.9885
7006,291.917,14.1141,11.7733
7007,291.958,14.1587,0.0696
7008,292.000,15.4909,1.3348
7009,292.042,15.5251,0.0470
7010,292.083,15.5302,0.0110
7011,292.125,19.0431,11.6219
7012,292.167,19.0180,0.2076
7013,292.208,8.1653,15.8799
7014,292.250,8.1928,0.0301
7015,292.292,8.2264,0.0381
7016,292.333,9.0044,5.4397
7017,292.375,8.9020,0.2929
7018,292.417,7.9082,4.5120
7019,292.458,7.8924,0.0369
7020,292.500,8.4173,4.3503
7021,292.542,7.5922,0.8270
7022,292.583,7.5823,0.0434
7023,292.625,6.4537,3.5438
7024,292.667,6.4588,0.0096
7025,292.708,8.0012,4.5084
7026,292.750,7.9943,0.0335
7027,292.792,7.9993,0.0571
7028,292.833,8.0108,0.0183
7029,292.875,8.6331,4.8212
7030,292.917,8.1475,4.6058
7031,292.958,8.1138,0.0475
7032,293.000,8.6253,0.5150
7033,293.042,8.6500,0.0846
7034,293.083,8.9278,5.0057
7035,293.125,8.8977,0.0552
7036,293.167,9.4312,5.1658
7037,293.208,8.6136,4.0654
7038,293.250,8.7017,0.1052
7039,293.292,9.4602,0.7626
7040,293.333,9.4556,0.0784
7041,293.375,57.3362,51.4819
7042,293.417,57.3344,0.2485
7043,293.458,40.1645,17.1804
7044,293.500,40.1207,0.5825
7045,293.542,40.2564,0.3959
7046,293.583,46.6373,8.6138
7047,293.625,46.5478,0.2570
7048,293.667,43.6138,5.9883
7049,293.708,43.9932,0.6005
7050,293.750,41.1108,2.9355
7051,293.792,45.0915,8.2462
7052,293.833,45.1437,0.0948
7053,293.875,18.9207,26.4695
7054,293.917,18.8018,0.3329
7055,293.958,11.1266,7.9508
7056,294.000,11.0888,0.1016
7057,294.042,13.4912,2.4033
7058,294.083,13.1476,1.7486
7059,294.125,13.1545,0.1827
7060,294.167,14.5280,2.7053
7061,294.208,14.5428,0.0381
7062,294.250,10.7790,3.7638
7063,294.292,10.7544,0.0455
7064,294.333,11.5683,1.3700
7065,294.375,11.5314,0.1675
7066,294.417,14.4526,3.5431
7067,294.458,12.1514,2.3148
7068,294.500,12.2425,0.3675
7069,294.542,10.4964,2.8194
7070,294.583,10.4944,0.0757
7071,294.625,15.6342,5.2447
7072,294.667,15.6822,0.0984
7073,294.708,12.2180,4.1570
7074,294.750,10.4065,1.8143
7075,294.792,10.3192,0.1969
7076,294.833,16.0117,5.9741
7077,294.875,16.1052,0.3003
7078,294.917,15.1313,2.3908
7079,294.958,15.1220,0.1649
7080,295.000,13.2230,1.9147
7081,295.042,9.3230,4.1847
7082,295.083,9.2791,0.0982
7083,295.125,4.2754,5.4408
7084,295.167,4.2782,0.0197
7085,295.208,6.5786,2.3004
7086,295.250,6.5831,0.0358
7087,295.292,5.7203,2.1340
7088,295.333,12.8579,7.5185
7089,295.375,12.8699,0.0869
7090,295.417,12.9296,0.1187
7091,295.458,12.9266,0.1034
7092,295.500,23.6603,13.7485
7093,295.542,23.7008,0.1736
7094,295.583,24.9259,14.1619
7095,295.625,24.8548,0.2285
7096,295.667,37.7651,20.2359
7097,295.708,27.1442,10.6209
7098,295.750,27.1965,0.4107
7099,295.792,25.9065,14.4047
7100,295.833,25.8982,0.0933
7101,295.875,32.5879,17.3121
7102,295.917,32.6333,0.2192
7103,295.958,32.3418,0.4560
7104,296.000,30.0184,21.1897
7105,296.042,30.1346,0.1988
7106,296.083,28.3390,13.6192
7107,296.125,28.2726,0.5819
7108,296.167,35.8792,7.6068
7109,296.208,35.7938,0.6270
7110,296.250,13.1734,27.5180
7111,296.292,53.0807,44.5390
7112,296.333,52.8143,1.0023
7113,296.375,5.7652,47.3994
7114,296.417,5.7773,0.0409
7115,296.458,9.5075,3.7302
7116,296.500,9.5586,0.1613
7117,296.542,56.9821,49.0056
7118,296.583,31.4544,39.1529
7119,296.625,31.3585,0.1319
7120,296.667,33.0568,1.7239
7121,296.708,33.1941,0.2232
7122,296.750,13.6478,23.0491
7123,296.792,13.6607,0.1531
7124,296.833,5.7660,9.6097
7125,296.875,8.6432,2.8774
7126,296.917,8.8359,0.4230
7127,296.958,15.8724,13.2523
7128,297.000,15.8565,0.0291
7129,297.042,21.8575,6.3037
7130,297.083,21.8336,0.0509
7131,297.125,20.5440,3.1134
7132,297.167,20.4969,0.0615
7133,297.208,16.1336,4.3642
7134,297.250,18.9108,3.8043
7135,297.292,18.7907,0.3081
7136,297.333,15.5158,3.5828
7137,297.375,15.5313,0.0598
7138,297.417,20.8403,5.3090
7139,297.458,20.2265,1.4953
7140,297.500,15.7148,4.6556
7141,297.542,19.2278,4.3540
7142,297.583,19.2974,0.1447
7143,297.625,15.3515,3.9473
7144,297.667,15.3234,0.2465
7145,297.708,18.9884,3.7377
7146,297.750,18.9676,0.0984
7147,297.792,27.5133,8.7764
7148,297.833,30.4811,4.0375
7149,297.875,30.4624,0.1691
7150,297.917,23.5504,6.9121
7151,297.958,23.6072,0.2764
7152,298.000,25.8009,4.3272
7153,298.042,25.7467,0.2252
7154,298.083,25.2390,4.4436
7155,298.125,30.2489,5.0102
7156,298.167,30.2801,0.2118
7157,298.208,21.1558,14.9730
7158,298.250,21.1034,0.2069
7159,298.292,12.4199,12.3668
7160,298.333,12.3787,0.0657
7161,298.375,12.4230,0.0633
7162,298.417,12.4234,0.0056
7163,298.458,26.9003,16.2910
7164,298.500,23.6137,6.8201
7165,298.542,23.5939,0.1007
7166,298.583,29.4731,8.7407
7167,298.625,29.3160,0.1910
7168,298.667,28.8552,0.4991
7169,298.708,28.6945,0.2169
7170,298.750,31.5453,6.3117
7171,298.792,56.5560,25.7676
7172,298.833,56.6293,0.8072
7173,298.875,35.6123,21.0171
7174,298.917,35.5256,0.8932
7175,298.958,43.7557,11.2175
7176,299.000,43.8614,0.2891
7177,299.042,44.7209,6.6992
7178,299.083,59.7457,15.0249
7179,299.125,59.2966,1.1073
7180,299.167,58.7946,8.7690
7181,299.208,58.7717,0.5030
7182,299.250,37.7607,21.9028
7183,299.292,37.7813,0.1599
7184,299.333,41.6264,8.4951
7185,299.375,45.6885,4.0827
7186,299.417,44.5438,1.3317
7187,299.458,57.5897,14.5300
7188,299.500,57.4389,0.4868
7189,299.542,32.7096,25.4052
7190,299.583,32.7477,0.1109
7191,299.625,51.4184,18.6707
7192,299.667,41.8446,11.4820
7193,299.708,41.7455,0.2885
7194,299.750,54.9899,15.5717
7195,299.792,54.9809,0.0581
7196,299.833,40.0877,14.8933
7197,299.875,40.0952,0.0436
7198,299.917,44.1402,7.2407
7199,299.958,44.1958,0.1629
7200,300.000,43.9394,7.5159
7201,300.042,48.0628,4.1765
7202,300.083,47.1018,1.1217
7203,300.125,49.4463,7.3835
7204,300.167,49.4133,0.2555
7205,300.208,41.6507,11.2961
7206,300.250,41.6176,0.2661
7207,300.292,17.2575,27.1269
7208,300.333,15.3906,1.8916
7209,300.375,15.6943,0.3384
7210,300.417,4.6600,11.0407
7211,300.458,4.6629,0.0101
7212,300.500,5.2568,0.6128
7213,300.542,5.2595,0.0051
7214,300.583,3.5306,1.7289
7215,300.625,5.4919,1.9792
7216,300.667,5.4880,0.0135
7217,300.708,5.4764,0.4326
7218,300.750,5.4501,0.0700
7219,300.792,5.5020,0.0637
7220,300.833,5.5122,0.0182
7221,300.875,5.7046,0.9716
7222,300.917,5.9016,1.1555
7223,300.958,5.8507,0.0697
7224,301.000,4.4450,1.8460
7225,301.042,4.4268,0.0637
7226,301.083,9.4387,5.0119
7227,301.125,9.4895,0.2710
7228,301.167,74.5885,65.4641
7229,301.208,74.5256,0.7866
7230,301.250,8.0446,67.3356
7231,301.292,13.3965,5.3519
7232,301.333,13.4203,0.2010
7233,301.375,64.4353,54.9760
7234,301.417,64.6194,0.5787
7235,301.458,8.5008,57.0036
7236,301.500,8.5136,0.0643
7237,301.542,9.3190,0.8237
7238,301.583,8.4883,2.1863
7239,301.625,8.4794,0.0725
7240,301.667,22.1574,17.1793
7241,301.708,22.2007,0.2207
7242,301.750,11.9309,12.1195
7243,301.792,11.9844,0.2067
7244,301.833,12.3654,0.4381
7245,301.875,8.3988,8.7295
7246,301.917,8.4796,0.1402
7247,301.958,9.7961,1.8993
7248,302.000,9.7923,0.0481
7249,302.042,6.7908,3.0020
7250,302.083,6.7776,0.0786
7251,302.125,6.5003,3.7585
7252,302.167,33.2870,29.0811
7253,302.208,33.2819,0.2480
7254,302.250,30.7018,2.5840
7255,302.292,30.6780,0.3076
7256,302.333,27.8240,12.1036
7257,302.375,26.8595,1.0056
7258,302.417,19.0050,7.9070
7259,302.458,18.8580,1.3217
7260,302.500,18.6532,0.9763
7261,302.542,18.6916,0.0590
7262,302.583,18.6883,0.0432
7263,302.625,15.4710,3.4859
7264,302.667,15.5020,0.1595
7265,302.708,18.4282,2.9907
7266,302.750,18.2998,0.2233
7267,302.792,17.3568,0.9526
7268,302.833,17.3726,1.5912
7269,302.875,17.3458,0.2194
7270,302.917,28.3605,30.4140
7271,302.958,28.4780,0.2899
7272,303.000,23.9298,4.5484
7273,303.042,24.0258,0.3441
7274,303.083,22.7772,2.7174
7275,303.125,25.3053,3.1285
7276,303.167,25.3916,0.1950
7277,303.208,29.1144,4.0619
7278,303.250,29.1519,0.2394
7279,303.292,23.1980,5.9540
7280,303.333,23.0983,0.2795
7281,303.375,23.4623,2.2913
7282,303.417,24.7862,2.7498
7283,303.458,24.7910,0.0178
7284,303.500,24.3894,0.4190
7285,303.542,24.3822,0.0228
7286,303.583,26.0731,2.8643
7287,303.625,26.0615,0.2816
7288,303.667,25.3171,2.7182
7289,303.708,25.1591,0.2787
7290,303.750,25.1153,0.2392
7291,303.792,26.4277,2.8242
7292,303.833,26.4246,0.2233
7293,303.875,21.8882,4.6469
7294,303.917,21.8298,0.1376
7295,303.958,27.2987,6.0301
7296,304.000,28.8711,1.6060
7297,304.042,28.8028,0.2136
7298,304.083,25.4054,3.6806
7299,304.125,25.3726,0.1143
7300,304.167,29.3878,4.5891
7301,304.208,29.5482,0.3092
7302,304.250,29.7331,0.2813
7303,304.292,29.7137,0.1701
7304,304.333,23.0312,7.1565
7305,304.375,91.1950,73.4643
7306,304.417,91.1019,0.5339
7307,304.458,91.3754,0.6752
7308,304.500,91.3247,0.6818
7309,304.542,96.2718,26.8746
7310,304.583,96.1587,0.9421
7311,304.625,65.9390,47.2143
7312,304.667,50.6399,31.3042
7313,304.708,50.5325,0.4573
7314,304.750,43.9737,6.5607
7315,304.792,43.9587,1.0535
7316,304.833,65.0866,27.5878
7317,304.875,65.0100,0.6802
7318,304.917,64.4145,11.7902
7319,304.958,52.4107,12.0038
7320,305.000,52.0882,0.8594
7321,305.042,49.5169,15.3732
7322,305.083,49.6734,0.4183
7323,305.125,32.0309,17.8365
7324,305.167,31.8868,0.6292
7325,305.208,35.8422,3.9609
7326,305.250,38.7779,7.3585
7327,305.292,38.6593,0.3737
7328,305.333,34.1221,9.3355
7329,305.375,34.2662,0.2105
7330,305.417,34.7134,0.4634
7331,305.458,34.7289,0.0534
7332,305.500,23.5965,18.1566
7333,305.542,23.6168,0.1365
7334,305.583,16.9147,10.2703
7335,305.625,27.8725,11.8915
7336,305.667,27.7511,0.2252
7337,305.708,27.2490,0.5486
7338,305.750,27.2791,0.0889
7339,305.792,32.0395,9.2840
7340,305.833,32.0690,0.3925
7341,305.875,37.6753,7.0979
7342,305.917,28.7495,8.9262
7343,305.958,28.7144,0.3976
7344,306.000,29.3989,4.6387
7345,306.042,29.4392,0.2882
7346,306.083,19.7433,9.7018
7347,306.125,19.7791,0.2250
7348,306.167,22.7368,2.9666
7349,306.208,26.2849,23.9838
7350,306.250,26.2702,0.4585
7351,306.292,40.5445,15.0295
7352,306.333,40.5686,0.2068
7353,306.375,25.5719,15.9448
7354,306.417,25.6004,0.3286
7355,306.458,32.5454,6.9454
7356,306.500,27.9506,5.9489
7357,306.542,27.7400,0.4135
7358,306.583,32.1823,6.3929
7359,306.625,32.2332,0.2699
7360,306.667,31.8657,0.5469
7361,306.708,31.5873,0.4415
7362,306.750,30.7899,4.8421
7363,306.792,31.8816,5.6386
7364,306.833,31.8889,0.0499
7365,306.875,31.8684,0.0476
7366,306.917,31.8662,0.0157
7367,306.958,31.7956,5.1660
7368,307.000,31.8233,0.0938
7369,307.042,34.6067,7.2206
7370,307.083,34.7050,0.1429
7371,307.125,31.6244,5.7304
7372,307.167,37.0960,5.4852
7373,307.208,37.1259,0.1846
7374,307.250,62.9057,40.7195
7375,307.292,63.1664,1.3338
7376,307.333,6.5025,57.1857
7377,307.375,6.4889,0.0205
7378,307.417,6.4870,0.0025
7379,307.458,81.3050,74.8185
7380,307.500,81.3731,1.4268
7381,307.542,10.9894,70.4201
7382,307.583,11.2185,0.3013
7383,307.625,11.1480,0.2289
7384,307.667,11.2173,0.2351
7385,307.708,8.5019,4.0136
7386,307.750,14.3628,10.1568
7387,307.792,14.3623,0.0674
7388,307.833,10.0798,11.0271
7389,307.875,10.1322,0.1056
7390,307.917,10.0832,0.0902
7391,307.958,10.0972,0.0330
7392,308.000,7.2678,6.8566
7393,308.042,16.0656,12.3370
7394,308.083,16.1288,0.0685
7395,308.125,18.9777,2.8492
7396,308.167,19.3844,0.5845
7397,308.208,16.1475,12.1624
7398,308.250,16.2123,0.0874
7399,308.292,18.8078,11.5253
7400,308.333,18.8097,0.0195
7401,308.375,20.0461,1.2475
7402,308.417,7.5372,16.6584
7403,308.458,7.5360,0.0137
7404,308.500,7.4939,4.2049
7405,308.542,7.4897,0.0152
7406,308.583,7.2799,4.1782
7407,308.625,7.2844,0.0145
7408,308.667,7.2586,0.0474
7409,308.708,12.9148,8.4794
7410,308.750,12.9218,0.0416
7411,308.792,6.9789,8.5531
7412,308.833,6.7057,0.2791
7413,308.875,8.4848,1.7790
7414,308.917,8.4825,0.0063
7415,308.958,7.4132,3.9576
7416,309.000,9.4543,5.4986
7417,309.042,9.4571,0.0242
7418,309.083,9.2399,0.2283
7419,309.125,9.0337,0.2305
7420,309.167,8.9706,3.5437
7421,309.208,8.9568,0.0328
7422,309.250,9.1547,5.5468
7423,309.292,9.6029,4.7973
7424,309.333,9.6237,0.1124
7425,309.375,11.4500,1.8280
7426,309.417,11.5922,0.2316
7427,309.458,12.8947,6.8735
7428,309.500,12.8865,0.0299
7429,309.542,12.9717,7.4906
7430,309.583,9.4411,3.5310
7431,309.625,9.4816,0.1009
7432,309.667,46.3358,40.7275
7433,309.708,45.9479,1.2421
7434,309.750,40.7953,7.4834
7435,309.792,40.9905,1.1249
7436,309.833,48.4448,7.4550
7437,309.875,48.1392,0.9154
7438,309.917,34.7188,14.0488
7439,309.958,33.8959,6.5203
7440,310.000,33.9027,0.0338
7441,310.042,33.9316,0.0355
7442,310.083,33.9277,0.0182
7443,310.125,13.7117,20.4376
7444,310.167,13.6321,0.1573
7445,310.208,15.7419,4.2481
7446,310.250,9.7704,6.0712
7447,310.292,9.6704,0.3175
7448,310.333,12.9778,3.3074
7449,310.375,12.8409,0.2053
7450,310.417,10.9142,2.8527
7451,310.458,10.8652,0.1283
7452,310.500,11.8749,1.5026
7453,310.542,13.3321,1.4617
7454,310.583,13.7353,0.4507
7455,310.625,10.2901,4.0093
7456,310.667,10.3514,0.0936
7457,310.708,15.2704,5.1855
7458,310.750,15.3103,0.1248
7459,310.792,13.1488,2.1678
7460,310.833,11.6129,2.4262
7461,310.875,11.6437,0.1088
7462,310.917,14.2632,3.4225
7463,310.958,14.3110,0.1030
7464,311.000,7.4982,7.0282
7465,311.042,7.5220,0.2269
7466,311.083,12.4501,4.9280
7467,311.125,12.2884,0.2746
7468,311.167,11.8267,1.6837
7469,311.208,9.9762,2.6970
7470,311.250,9.9737,0.2414
7471,311.292,13.5888,3.6152
7472,311.333,13.7505,0.4145
7473,311.375,5.4957,8.6397
7474,311.417,5.4923,0.0148
7475,311.458,7.3025,1.8370
7476,311.500,5.0806,2.2219
7477,311.542,5.0906,0.0256
7478,311.583,8.1133,3.4259
7479,311.625,8.1305,0.0502
7480,311.667,18.9603,13.1233
7481,311.708,19.0131,0.1227
7482,311.750,28.7975,15.5715
7483,311.792,25.5519,3.2461
7484,311.833,25.3083,0.5255
7485,311.875,28.7135,13.0990
7486,311.917,28.8294,0.1949
7487,311.958,26.1895,12.2608
7488,312.000,26.2086,0.4730
7489,312.042,29.6977,3.4896
7490,312.083,31.6331,16.8147
7491,312.125,31.7786,0.2351
7492,312.167,26.7270,21.7272
7493,312.208,26.7039,0.1993
7494,312.250,34.2154,7.5115
7495,312.292,34.1235,0.2323
7496,312.333,23.8739,18.2240
7497,312.375,11.7432,20.2516
7498,312.417,11.7418,0.0402
7499,312.458,46.3170,39.3995
7500,312.500,46.4301,0.1911
7501,312.542,46.4544,0.0503
7502,312.583,46.9745,1.6617
7503,312.625,6.2599,41.2516
7504,312.667,6.2590,0.0332
7505,312.708,46.3863,41.2185
7506,312.750,62.9611,16.5748
7507,312.792,62.8082,1.2273
7508,312.833,26.6716,45.6014
7509,312.875,26.4558,0.6161
7510,312.917,7.7442,21.8827
7511,312.958,7.7645,0.0923
7512,313.000,6.1505,1.6179
7513,313.042,6.0703,0.6215
7514,313.083,6.0535,0.0571
7515,313.125,9.0686,5.2385
7516,313.167,9.0837,0.0780
7517,313.208,14.0702,13.8950
7518,313.250,14.0392,0.1626
7519,313.292,16.5003,2.4616
7520,313.333,19.8202,3.9689
7521,313.375,19.8037,0.0680
7522,313.417,17.2701,4.0922
7523,313.458,17.2400,0.0368
7524,313.500,17.2790,0.0488
7525,313.542,17.2932,0.0159
7526,313.583,23.2906,6.0755
7527,313.625,16.0379,7.5304
7528,313.667,16.0546,0.0621
7529,313.708,21.8619,5.8073
7530,313.750,21.8441,0.2474
7531,313.792,17.3256,4.7523
7532,313.833,17.3233,0.0303
7533,313.875,26.1493,9.0144
7534,313.917,20.2525,6.5966
7535,313.958,20.2663,0.0639
7536,314.000,20.2831,0.0345
7537,314.042,20.1995,0.1287
7538,314.083,20.7427,2.5495
7539,314.125,20.5888,0.2260
7540,314.167,25.1089,4.9302
7541,314.208,25.0808,0.1110
7542,314.250,21.0660,4.0170
7543,314.292,26.7806,6.6671
7544,314.333,26.7322,0.1062
7545,314.375,15.4437,13.7471
7546,314.417,15.4236,0.0557
7547,314.458,15.4524,0.0608
7548,314.500,15.4580,0.0143
7549,314.542,18.3184,10.6144
7550,314.583,21.4097,13.0585
7551,314.625,21.4292,0.0886
7552,314.667,31.7136,10.9349
7553,314.708,31.7964,0.2653
7554,314.750,25.5181,6.2784
7555,314.792,25.2761,0.3571
7556,314.833,34.2505,11.2849
7557,314.875,36.3302,7.0012
7558,314.917,36.3847,0.0880
7559,314.958,38.2653,1.8902
7560,315.000,38.3829,0.2296
7561,315.042,35.8273,10.7140
7562,315.083,36.0013,0.4907
7563,315.125,41.8328,9.0358
7564,315.167,45.3165,3.5219
7565,315.208,44.4439,1.0245
7566,315.250,39.4681,8.9385
7567,315.292,39.5249,0.1590
7568,315.333,39.8132,6.4215
7569,315.375,40.0370,0.3504
7570,315.417,48.2220,11.8617
7571,315.458,48.4131,0.3113
7572,315.500,48.1100,7.1588
7573,315.542,48.1883,0.1143
7574,315.583,48.2485,0.0699
7575,315.625,47.4139,8.5488
7576,315.667,47.3665,0.3530
7577,315.708,48.4685,7.1083
7578,315.750,48.5554,0.1825
7579,315.792,48.5810,0.1873
7580,315.833,48.6362,9.4056
7581,315.875,48.5319,0.2707
7582,315.917,48.3422,7.5591
7583,315.958,48.3866,0.0808
7584,316.000,48.3915,0.0088
7585,316.042,47.0868,7.9653
7586,316.083,47.0910,0.1259
7587,316.125,48.5786,7.1502
7588,316.167,48.6131,0.1326
7589,316.208,48.6031,0.1340
7590,316.250,46.5630,8.3704
7591,316.292,46.5590,0.2744
7592,316.333,46.8279,6.7198
7593,316.375,46.8751,0.1488
7594,316.417,46.8851,0.0369
7595,316.458,13.5301,33.6188
7596,316.500,13.5323,0.0315
7597,316.542,13.5044,0.0407
7598,316.583,5.7675,7.7784
7599,316.625,5.7412,0.0417
7600,316.667,5.8033,0.1161
7601,316.708,5.8157,0.0340
7602,316.750,5.8025,0.0409
7603,316.792,5.8854,0.2032
7604,316.833,5.8499,0.0765
7605,316.875,6.0171,0.3132
7606,316.917,6.0409,0.0346
7607,316.958,6.0197,0.0400
7608,317.000,6.6225,0.7976
7609,317.042,6.6012,0.0853
7610,317.083,7.1281,1.2402
7611,317.125,7.1166,0.0571
7612,317.167,7.1042,0.0464
7613,317.208,6.5904,1.2731
7614,317.250,6.6210,0.1064
7615,317.292,15.1986,10.1233
7616,317.333,15.1842,0.2276
7617,317.375,15.2060,0.1347
7618,317.417,10.8270,13.0242
7619,317.458,10.8785,0.1872
7620,317.500,10.2135,7.7852
7621,317.542,10.2183,0.0785
7622,317.583,10.2343,0.0701
7623,317.625,10.2772,5.3651
7624,317.667,10.1471,0.1664
7625,317.708,45.8614,40.1956
7626,317.750,45.9677,0.4078
7627,317.792,45.8912,0.4831
7628,317.833,24.1090,25.6962
7629,317.875,24.0464,0.3435
7630,317.917,7.7267,17.2798
7631,317.958,7.7192,0.0388
7632,318.000,7.7129,0.0317
7633,318.042,7.8218,0.9177
7634,318.083,7.8219,0.0815
7635,318.125,10.9962,6.0423
7636,318.167,10.9894,0.0399
7637,318.208,11.0058,0.0408
7638,318.250,10.5551,2.2072
7639,318.292,10.5409,0.0700
7640,318.333,58.3565,48.7629
7641,318.375,58.4048,0.0613
7642,318.417,58.4131,0.0248
7643,318.458,24.2125,36.3692
7644,318.500,24.2152,0.0831
7645,318.542,18.3590,5.9868
7646,318.583,18.3573,0.1842
7647,318.625,18.3879,0.1325
7648,318.667,18.9767,1.3860
7649,318.708,18.9754,0.0489
7650,318.750,18.9824,0.0517
7651,318.792,19.3682,1.2823
7652,318.833,19.3574,0.0603
7653,318.875,19.6910,1.1240
7654,318.917,19.6754,0.0573
7655,318.958,19.7067,0.0393
7656,319.000,19.7157,1.8249
7657,319.042,19.7121,0.2166
7658,319.083,28.3953,31.1288
7659,319.125,28.4289,0.1714
7660,319.167,28.4157,0.1827
7661,319.208,28.5687,2.5408
7662,319.250,28.5686,0.1644
7663,319.292,28.6110,2.6887
7664,319.333,28.6440,0.0840
7665,319.375,28.6465,0.1038
7666,319.417,28.4536,2.2090
7667,319.458,28.4283,0.2608
7668,319.500,29.0982,2.7333
7669,319.542,29.1093,0.1133
7670,319.583,29.1352,0.0452
7671,319.625,28.8757,2.8452
7672,319.667,28.8326,0.1148
7673,319.708,29.0693,1.9957
7674,319.750,29.0614,0.1148
7675,319.792,29.0495,0.0999
7676,319.833,28.5484,3.6089
7677,319.875,28.5492,0.1265
7678,319.917,28.7781,1.8898
7679,319.958,28.7781,0.0300
7680,320.000,28.8020,0.0256
7681,320.042,27.4407,3.1676
7682,320.083,27.4414,0.2489
7683,320.125,26.9368,2.4678
7684,320.167,26.9640,0.0934
7685,320.208,26.9703,0.1189
7686,320.250,26.8523,2.2854
7687,320.292,26.8077,0.2019
7688,320.333,27.2421,2.4881
7689,320.375,27.2620,0.0564
7690,320.417,27.2600,0.0659
7691,320.458,26.1205,2.6312
7692,320.500,26.0685,0.1985
7693,320.542,83.5461,69.9073
7694,320.583,83.7045,0.3671
7695,320.625,83.7189,0.3684
7696,320.667,83.0364,34.4074
7697,320.708,82.8574,0.7806
7698,320.750,65.9169,41.2008
7699,320.792,65.9268,0.0491
7700,320.833,65.9334,0.0129
7701,320.875,58.4115,30.7379
7702,320.917,58.5610,0.8429
7703,320.958,58.5890,0.4962
7704,321.000,58.0318,19.8570
7705,321.042,57.9054,0.6649
7706,321.083,59.4151,10.7796
7707,321.125,59.5018,0.4540
7708,321.167,59.5179,0.2901
7709,321.208,52.4715,17.1703
7710,321.250,52.5081,0.1893
7711,321.292,42.3964,13.2588
7712,321.333,42.4421,0.1018
7713,321.375,42.4395,0.0138
7714,321.417,43.2238,7.6233
7715,321.458,43.1705,0.7773
7716,321.500,36.0849,10.1476
7717,321.542,36.1530,0.2559
7718,321.583,36.1225,0.2491
7719,321.625,31.2009,15.6447
7720,321.667,31.1870,0.4044
7721,321.708,23.6060,10.8007
7722,321.750,23.6853,0.2073
7723,321.792,23.6369,0.2085
7724,321.833,28.8390,9.7881
7725,321.875,28.7955,0.4696
7726,321.917,30.3076,7.0547
7727,321.958,30.4039,0.2902
7728,322.000,30.3855,0.3232
7729,322.042,34.5200,7.7612
7730,322.083,34.2924,0.6526
7731,322.125,32.7909,3.9862
7732,322.167,32.8997,0.1980
7733,322.208,32.9068,0.0363
7734,322.250,26.8850,6.3492
7735,322.292,26.8859,0.4791
7736,322.333,32.7181,28.0540
7737,322.375,32.7952,0.5682
7738,322.417,32.8503,0.3171
7739,322.458,31.7617,5.1576
7740,322.500,31.7476,0.5932
7741,322.542,33.6118,4.4470
7742,322.583,33.6552,0.5071
7743,322.625,33.7119,0.2809
7744,322.667,33.9098,5.1903
7745,322.708,33.9045,0.1041
7746,322.750,34.1507,4.4055
7747,322.792,34.3219,0.2367
7748,322.833,34.1660,0.2389
7749,322.875,36.4846,6.2676
7750,322.917,36.4126,0.1651
7751,322.958,35.9790,5.2197
7752,323.000,36.0251,0.0811
7753,323.042,36.0299,0.1050
7754,323.083,37.0768,7.0396
7755,323.125,37.2759,0.2841
7756,323.167,37.1072,0.2570
7757,323.208,37.8824,7.1208
7758,323.250,37.8277,0.1053
7759,323.292,35.6405,5.8439
7760,323.333,35.6660,0.0774
7761,323.375,35.7408,0.0774
7762,323.417,65.7212,41.5744
7763,323.458,65.6512,1.3924
7764,323.500,8.1753,58.2803
7765,323.542,8.1911,0.0243
7766,323.583,8.1923,0.0046
7767,323.625,93.0506,84.8591
7768,323.667,93.0574,1.6989
7769,323.708,9.5566,83.5039
7770,323.750,9.6313,0.0968
7771,323.792,9.6226,0.0396
7772,323.833,11.2592,1.9266
7773,323.875,11.2492,0.0387
7774,323.917,37.7193,27.1676
7775,323.958,37.8083,0.1406
7776,324.000,37.8511,0.0671
7777,324.042,11.2345,27.6365
7778,324.083,11.2447,0.0445
7779,324.125,10.5049,8.5368
7780,324.167,10.5129,0.0176
7781,324.208,10.5043,0.0274
7782,324.250,17.0804,12.6026
7783,324.292,17.0959,0.2399
7784,324.333,17.4809,9.9591
7785,324.375,17.4919,0.0353
7786,324.417,17.5034,0.0157
7787,324.458,21.3568,12.7090
7788,324.500,21.4196,0.1818
7789,324.542,8.5534,17.0328
7790,324.583,8.5303,0.0525
7791,324.625,8.5390,0.0454
7792,324.667,8.4685,4.4555
7793,324.708,8.4598,0.0461
7794,324.750,8.2420,4.3823
7795,324.792,8.2369,0.0320
7796,324.833,8.2362,0.0414
7797,324.875,8.5151,4.0638
7798,324.917,8.5128,0.0268
7799,324.958,9.0102,3.8741
7800,325.000,8.9989,0.0409
7801,325.042,9.0144,0.0405
7802,325.083,8.8117,4.6315
7803,325.125,8.8165,0.0268
7804,325.167,8.4818,3.2321
7805,325.208,8.4864,0.0309
7806,325.250,8.4885,0.0109
7807,325.292,9.6232,4.7179
7808,325.333,9.6410,0.0384
7809,325.375,9.6347,0.0202
7810,325.417,10.0037,5.8499
7811,325.458,9.9917,0.0406
7812,325.500,10.6019,5.1166
7813,325.542,10.6043,0.0210
7814,325.583,10.6099,0.0100
7815,325.625,10.1141,5.4554
7816,325.667,10.1172,0.0462
7817,325.708,9.4795,6.2719
7818,325.750,9.4745,0.0395
7819,325.792,9.4756,0.0310
7820,325.833,46.7593,41.0526
7821,325.875,46.4317,0.4314
7822,325.917,46.8611,6.0379
7823,325.958,46.7651,0.1698
7824,326.000,46.8609,0.1605
7825,326.042,45.0023,5.7489
7826,326.083,45.7454,0.8352
7827,326.125,46.0555,4.5894
7828,326.167,46.1314,0.1185
7829,326.208,46.1635,0.1226
7830,326.250,19.4306,27.4858
7831,326.292,19.5575,0.2788
7832,326.333,12.5270,7.1862
7833,326.375,12.5203,0.1751
7834,326.417,12.5383,0.1877
7835,326.458,12.7087,1.7458
7836,326.500,12.6066,0.1997
7837,326.542,12.4540,1.6017
7838,326.583,12.4664,0.2398
7839,326.625,12.5332,0.1410
7840,326.667,13.1549,1.6713
7841,326.708,13.2676,0.2028
7842,326.750,13.3165,2.1707
7843,326.792,13.3080,0.0320
7844,326.833,13.3290,0.0233
7845,326.875,12.7725,2.0430
7846,326.917,12.7991,0.0585
7847,326.958,13.0207,1.3286
7848,327.000,13.0587,0.1189
7849,327.042,13.0538,0.1102
7850,327.083,12.8995,2.1781
7851,327.125,12.9014,0.1207
7852,327.167,12.8002,1.1828
7853,327.208,12.8209,0.0622
7854,327.250,12.8098,0.0645
7855,327.292,13.1606,1.9040
7856,327.333,13.1383,0.0680
7857,327.375,12.8259,1.6254
7858,327.417,12.8432,0.0592
7859,327.458,12.8043,0.0807
7860,327.500,5.8469,7.3790
7861,327.542,5.8469,0.0059
7862,327.583,5.8476,0.0185
7863,327.625,7.0205,1.2075
7864,327.667,7.0300,0.0559
7865,327.708,10.6931,4.6806
7866,327.750,10.7257,0.0772
7867,327.792,10.7298,0.0256
7868,327.833,24.5874,16.3705
7869,327.875,24.5918,0.1279
7870,327.917,27.9772,12.6980
7871,327.958,27.9759,0.0847
7872,328.000,27.9971,0.1166
7873,328.042,29.0647,12.9266
7874,328.083,29.0656,0.1481
7875,328.125,30.9478,12.0396
7876,328.167,30.9522,0.0810
7877,328.208,30.9691,0.0839
7878,328.250,29.5033,16.4034
7879,328.292,29.5009,0.1298
7880,328.333,32.4821,17.3911
7881,328.375,32.4973,0.0528
7882,328.417,32.4668,0.0840
7883,328.458,32.7180,19.1382
7884,328.500,32.7571,0.3992
7885,328.542,6.0888,27.4209
7886,328.583,6.1296,0.0599
7887,328.625,6.1336,0.0063
7888,328.667,52.7739,46.6747
7889,328.708,52.8314,0.5233
7890,328.750,8.3849,45.3366
7891,328.792,8.3698,0.0725
7892,328.833,8.3887,0.0567
7893,328.875,61.4419,54.1275
7894,328.917,61.5050,0.4491
7895,328.958,7.8037,53.8902
7896,329.000,7.8139,0.0283
7897,329.042,7.8113,0.0351
7898,329.083,7.6447,0.7791
7899,329.125,7.6402,0.0368
7900,329.167,15.8765,10.1219
7901,329.208,15.8248,0.2454
7902,329.250,15.8642,0.1866
7903,329.292,11.3261,5.9846
7904,329.333,11.3157,0.0792
7905,329.375,18.9319,16.9844
7906,329.417,18.9145,0.0957
7907,329.458,18.9329,0.0779
7908,329.500,19.1171,2.6446
7909,329.542,19.1277,0.0974
7910,329.583,18.9183,1.9342
7911,329.625,18.9184,0.0373
7912,329.667,18.9421,0.0263
7913,329.708,18.8675,2.5578
7914,329.750,18.8744,0.0752
7915,329.792,18.8439,0.1139
7916,329.833,20.1891,2.8328
7917,329.875,20.1788,0.0489
7918,329.917,19.9724,1.9672
7919,329.958,19.9744,0.0249
7920,330.000,19.9892,0.0156
7921,330.042,22.0485,3.2316
7922,330.083,22.1230,0.1601
7923,330.125,23.9739,3.3640
7924,330.167,24.0439,0.1715
7925,330.208,24.0104,0.1658
7926,330.250,26.4909,3.5944
7927,330.292,26.4153,0.1442
7928,330.333,26.9128,3.2147
7929,330.375,26.8912,0.1640
7930,330.417,26.8185,0.1295
7931,330.458,31.9906,6.7581
7932,330.500,32.0836,0.2124
7933,330.542,24.2337,9.4430
7934,330.583,24.2735,0.0774
7935,330.625,24.2689,0.0956
7936,330.667,16.5643,15.6029
7937,330.708,16.6348,0.1583
7938,330.750,22.8605,9.5495
7939,330.792,22.9872,0.3315
7940,330.833,22.9269,0.2558
7941,330.875,32.9338,11.9630
7942,330.917,32.8113,0.3466
7943,330.958,34.4419,6.5834
7944,331.000,34.4365,0.1726
7945,331.042,34.3965,0.1640
7946,331.083,38.5619,8.9661
7947,331.125,38.6474,0.2395
7948,331.167,42.6032,9.0682
7949,331.208,42.6025,0.0101
7950,331.250,42.6067,0.0068
7951,331.292,48.1400,10.3997
7952,331.333,48.0211,0.4610
7953,331.375,48.7356,6.7987
7954,331.417,48.5814,0.3262
7955,331.458,48.6225,0.1003
7956,331.500,48.5189,8.5875
7957,331.542,48.4896,0.1135
7958,331.583,48.3911,6.6766
7959,331.625,48.4395,0.1581
7960,331.667,48.4101,0.1358
7961,331.708,48.3130,9.1082
7962,331.750,48.3346,0.0816
7963,331.792,47.1897,7.0417
7964,331.833,47.2182,0.1032
7965,331.875,47.2351,0.1134
7966,331.917,49.2471,8.5010
7967,331.958,49.2982,0.1102
7968,332.000,49.2946,0.1165
7969,332.042,47.2406,9.1310
7970,332.083,47.1088,0.3510
7971,332.125,49.1314,7.6706
7972,332.167,49.1662,0.0603
7973,332.208,49.1689,0.0058
7974,332.250,47.0564,8.1653
7975,332.292,47.0619,0.0574
7976,332.333,47.6121,6.6966
7977,332.375,47.6306,0.0895
7978,332.417,47.6329,0.0829
7979,332.458,46.9179,8.1567
7980,332.500,46.8945,0.0570
7981,332.542,45.9605,6.2451
7982,332.583,45.7400,1.2570
7983,332.625,46.1005,0.7666
7984,332.667,13.6177,32.6261
7985,332.708,13.6249,0.0131
7986,332.750,6.2228,7.6053
7987,332.792,6.2591,0.0932
7988,332.833,6.2522,0.0629
7989,332.875,5.5554,0.9927
7990,332.917,5.5571,0.0179
7991,332.958,5.5806,0.1765
7992,333.000,5.6037,0.0380
7993,333.042,5.6101,0.0086
7994,333.083,5.7651,0.3482
7995,333.125,5.7789,0.0246
7996,333.167,6.1210,0.6339
7997,333.208,6.1581,0.0662
7998,333.250,6.1753,0.0257
7999,333.292,7.0602,1.4590
8000,333.333,7.0712,0.0445
8001,333.375,9.2128,3.3119
8002,333.417,9.2386,0.0659
8003,333.458,9.2091,0.0541
8004,333.500,15.2460,12.1951
8005,333.542,15.2403,0.0438
8006,333.583,72.5986,62.4158
8007,333.625,72.6438,0.0850
8008,333.667,72.6064,0.0787
8009,333.708,10.2877,62.9742
8010,333.750,10.3030,0.0921
8011,333.792,10.3042,0.0078
8012,333.833,69.7786,63.4719
8013,333.875,68.8965,0.9210
8014,333.917,68.8820,0.0517
8015,333.958,45.4691,51.9698
8016,334.000,45.3655,0.5328
8017,334.042,25.9383,27.7567
8018,334.083,25.8477,0.3201
8019,334.125,25.9255,0.1567
8020,334.167,8.0998,19.8849
8021,334.208,8.1075,0.0158
8022,334.250,8.1079,0.0337
8023,334.292,7.9558,0.9197
8024,334.333,7.9057,0.1381
8025,334.375,11.3909,6.1864
8026,334.417,11.4031,0.0419
8027,334.458,11.3996,0.0477
8028,334.500,10.2276,2.2121
8029,334.542,10.1732,0.1241
8030,334.583,58.3648,48.9732
8031,334.625,58.3711,0.0127
8032,334.667,58.3725,0.0086
8033,334.708,24.3560,36.3774
8034,334.750,24.3046,0.2670
8035,334.792,18.0682,6.3349
8036,334.833,18.0235,0.2493
8037,334.875,18.0982,0.1932
8038,334.917,19.1772,1.4831
8039,334.958,19.1492,0.2621
8040,335.000,19.6706,1.0677
8041,335.042,19.7056,0.1051
8042,335.083,19.6579,0.1296
8043,335.125,19.7514,1.0978
8044,335.167,19.7677,0.2230
8045,335.208,19.7135,1.7407
8046,335.250,19.6951,0.2282
8047,335.292,19.7465,0.1304
8048,335.333,28.4350,31.2373
8049,335.375,28.4246,0.4076
8050,335.417,28.7687,2.3258
8051,335.458,28.7617,0.4078
8052,335.500,28.8363,0.2546
8053,335.542,28.2959,2.6817
8054,335.583,28.2804,0.1314
8055,335.625,28.4169,1.8848
8056,335.667,28.4299,0.0427
8057,335.708,28.4316,0.0051
8058,335.750,28.2559,3.3669
8059,335.792,28.2168,0.3494
8060,335.833,29.2336,1.9694
8061,335.875,29.1992,0.2066
8062,335.917,29.2265,0.0943
8063,335.958,29.3031,3.1911
8064,336.000,29.2865,0.1410
8065,336.042,28.8344,2.9850
8066,336.083,28.8621,0.1221
8067,336.125,28.8175,0.1165
8068,336.167,28.2632,2.3090
8069,336.208,28.2166,0.1143
8070,336.250,27.8786,2.6755
8071,336.292,27.8968,0.0497
8072,336.333,27.9023,0.0785
8073,336.375,26.4378,2.8487
8074,336.417,26.4540,0.0649
8075,336.458,26.4244,0.0979
8076,336.500,27.4079,2.4585
8077,336.542,27.3962,0.1440
8078,336.583,26.5909,2.7116
8079,336.625,26.5868,0.0481
8080,336.667,26.6008,0.0170
8081,336.708,26.4382,2.3806
8082,336.750,26.4262,0.2563
8083,336.792,81.1002,68.1857
8084,336.833,81.2666,0.4576
8085,336.875,81.2257,0.5142
8086,336.917,85.0925,34.9018
8087,336.958,85.2620,0.6799
8088,337.000,65.7808,42.5946
8089,337.042,65.7932,0.0905
8090,337.083,65.7633,0.1672
8091,337.125,57.6765,30.6753
8092,337.167,57.8331,0.5466
8093,337.208,58.7320,17.6753
8094,337.250,58.8934,0.5240
8095,337.292,58.8505,0.3878
8096,337.333,59.4284,12.2210
8097,337.375,59.3244,0.4442
8098,337.417,62.3607,12.2594
8099,337.458,62.4768,0.1753
8100,337.500,62.4973,0.0947
8101,337.542,42.6085,22.0594
8102,337.583,42.6168,0.0911
8103,337.625,42.5866,4.6740
8104,337.667,42.6299,0.0949
8105,337.708,42.6495,0.1380
8106,337.750,35.9176,10.8432
8107,337.792,35.8597,2.4678
8108,337.833,34.4918,12.4365
8109,337.875,34.6401,0.4888
8110,337.917,34.5567,0.3870
8111,337.958,23.2716,15.2912
8112,338.000,23.1477,0.3411
8113,338.042,27.9838,7.6405
8114,338.083,28.2086,0.5220
8115,338.125,28.1007,0.3999
8116,338.167,29.8744,10.2365
8117,338.208,30.0259,0.3128
8118,338.250,34.9172,7.0631
8119,338.292,35.0564,0.2158
8120,338.333,35.0055,0.2339
8121,338.375,33.1992,5.7452
8122,338.417,33.3031,0.2176
8123,338.458,28.1722,5.7960
8124,338.500,28.2044,0.2119
8125,338.542,28.1817,0.1469
8126,338.583,32.9843,28.8054
8127,338.625,33.0229,0.1297
8128,338.667,33.0191,0.1215
8129,338.708,33.0824,5.3781
8130,338.750,33.1276,0.2293
8131,338.792,33.3977,4.7220
8132,338.833,33.4175,0.0573
8133,338.875,33.4866,0.0730
8134,338.917,33.2983,4.9128
8135,338.958,33.3054,0.2627
8136,339.000,34.8902,4.5447
8137,339.042,34.9637,0.1635
8138,339.083,35.0050,0.1858
8139,339.125,35.3540,5.8230
8140,339.167,35.4110,0.1858
8141,339.208,36.6827,5.1772
8142,339.250,36.7148,0.0993
8143,339.292,36.6981,0.1056
8144,339.333,37.2864,6.9010
8145,339.375,37.1956,0.1946
8146,339.417,37.8140,5.8223
8147,339.458,37.7554,0.1584
8148,339.500,37.6723,0.1349
8149,339.542,35.8597,6.7830
8150,339.583,35.8445,0.0358
8151,339.625,59.1596,40.2081
8152,339.667,59.3796,0.8327
8153,339.708,59.1179,0.8273
8154,339.750,8.1428,50.9804
8155,339.792,8.1395,0.0093
8156,339.833,96.7242,88.5847
8157,339.875,96.7561,1.7128
8158,339.917,97.0757,1.0620
8159,339.958,9.2479,87.8319
8160,340.000,9.5749,0.3445
8161,340.042,9.9171,5.7899
8162,340.083,9.9315,0.0702
8163,340.125,9.9483,0.0221
8164,340.167,99.9329,90.0591
8165,340.208,100.2534,0.4059
8166,340.250,11.5844,88.6690
8167,340.292,11.5876,0.0172
8168,340.333,11.5923,0.0280
8169,340.375,10.3611,9.0955
8170,340.417,10.3591,0.0366
8171,340.458,9.6313,6.9359
8172,340.500,9.6445,0.0456
8173,340.542,9.6484,0.0319
8174,340.583,17.6568,12.9618
8175,340.625,17.6474,0.0785
8176,340.667,22.1715,12.8874
8177,340.708,22.1891,0.0425
8178,340.750,22.2028,0.0241
8179,340.792,8.6737,17.9026
8180,340.833,8.6661,0.0482
8181,340.875,8.6642,0.0531
8182,340.917,8.3988,4.6962
8183,340.958,8.4005,0.0299
8184,341.000,8.1184,4.3972
8185,341.042,8.1168,0.0557
8186,341.083,8.1299,0.0425
8187,341.125,8.3401,4.0272
8188,341.167,8.3435,0.0152
8189,341.208,8.8606,3.8169
8190,341.250,8.8673,0.0271
8191,341.292,8.8677,0.0050
8192,341.333,8.6643,4.6345
8193,341.375,8.6723,0.0293
8194,341.417,8.4103,3.2193
8195,341.458,8.4191,0.0146
8196,341.500,8.3997,0.0308
8197,341.542,9.5273,4.6707
8198,341.583,9.5379,0.0739
8199,341.625,9.7002,5.5843
8200,341.667,9.7192,0.0365
8201,341.708,9.7067,0.0261
8202,341.750,10.3926,5.2383
8203,341.792,10.3816,0.0420
8204,341.833,10.6895,4.6209
8205,341.875,10.6915,0.0154
8206,341.917,10.6973,0.0078
8207,341.958,9.4060,6.7512
8208,342.000,9.3938,0.0403
8209,342.042,48.2393,42.5786
8210,342.083,48.3529,0.1983
8211,342.125,47.6876,0.7374
8212,342.167,44.8883,7.4005
8213,342.208,45.3466,0.4966
8214,342.250,46.8176,4.0781
8215,342.292,47.5438,0.8268
8216,342.333,46.9234,0.7307
8217,342.375,44.7426,6.7340
8218,342.417,44.5238,0.3690
8219,342.458,26.8131,18.6881
8220,342.500,26.8082,0.0264
8221,342.542,26.8301,0.0725
8222,342.583,12.4761,14.6257
8223,342.625,12.4853,0.0770
8224,342.667,13.1769,1.7093
8225,342.708,13.1815,0.1310
8226,342.750,13.1656,0.0856
8227,342.792,13.1310,1.2961
8228,342.833,13.0168,1.1036
8229,342.875,12.7216,1.1924
8230,342.917,12.7410,0.0317
8231,342.958,12.7500,0.0652
8232,343.000,13.2391,2.1557
8233,343.042,13.2632,0.0524
8234,343.083,13.2551,0.0708
8235,343.125,13.0239,1.7574
8236,343.167,13.0079,0.1466
8237,343.208,12.8993,1.4935
8238,343.250,12.9063,0.0436
8239,343.292,12.9169,0.0153
8240,343.333,12.8596,2.3434
8241,343.375,12.8223,0.1634
8242,343.417,12.5124,1.2524
8243,343.458,12.5404,0.0518
8244,343.500,12.5234,0.0788
8245,343.542,12.1188,2.0230
8246,343.583,12.0575,0.1356
8247,343.625,11.3486,1.7161
8248,343.667,11.3569,0.0205
8249,343.708,11.3666,0.0126
8250,343.750,5.3467,6.4198
8251,343.792,5.3462,0.0137
8252,343.833,5.5461,0.3282
8253,343.875,5.5460,0.0480
8254,343.917,5.5481,0.0314
8255,343.958,9.1555,3.7034
8256,344.000,9.1785,0.0702
8257,344.042,14.1813,7.1495
8258,344.083,14.1876,0.0555
8259,344.125,14.1883,0.0768
8260,344.167,21.3824,12.2076
8261,344.208,21.2928,0.2313
8262,344.250,20.9168,8.7500
8263,344.292,20.8972,0.1121
8264,344.333,20.9072,0.0279
8265,344.375,20.0317,9.0876
8266,344.417,20.0109,0.1141
8267,344.458,19.4152,7.9436
8268,344.500,19.4095,0.0564
8269,344.542,19.3522,0.1298
8270,344.583,20.2381,11.1604
8271,344.625,20.2980,0.1610
8272,344.667,19.4327,9.4160
8273,344.708,19.4429,0.0221
8274,344.750,19.4847,0.0448
8275,344.792,4.8904,14.9055
8276,344.833,4.8863,0.0213
8277,344.875,7.5445,3.0888
8278,344.917,7.5463,0.0297
8279,344.958,7.5412,0.0441
8280,345.000,5.7792,3.6991
8281,345.042,5.7810,0.0256
8282,345.083,5.4640,1.6862
8283,345.125,5.4585,0.1072
8284,345.167,5.4625,0.1246
8285,345.208,5.3006,0.9171
8286,345.250,5.2934,0.0255
8287,345.292,5.2938,0.0225
8288,345.333,5.2452,0.3330
8289,345.375,5.2445,0.0302
8290,345.417,8.1731,3.7027
8291,345.458,8.1689,0.0303
8292,345.500,8.1820,0.0184
8293,345.542,6.6491,2.2157
8294,345.583,6.6494,0.0707
8295,345.625,8.0982,5.1745
8296,345.667,8.1501,0.0982
8297,345.708,8.1074,0.1006
8298,345.750,7.8457,0.8502
8299,345.792,7.8414,0.0252
8300,345.833,7.5224,0.7033
8301,345.875,7.5257,0.0067
8302,345.917,7.5311,0.0066
8303,345.958,7.4716,0.7149
8304,346.000,7.4825,0.0633
8305,346.042,7.2450,0.6404
8306,346.083,7.2262,0.0716
8307,346.125,7.2532,0.0549
8308,346.167,7.2300,0.5343
8309,346.208,7.2255,0.0186
8310,346.250,7.1148,0.5361
8311,346.292,7.1269,0.0360
8312,346.333,7.1074,0.0303
8313,346.375,7.3678,0.7590
8314,346.417,7.3944,0.0417
8315,346.458,7.3611,0.6162
8316,346.500,7.3679,0.0085
8317,346.542,7.3829,0.0164
8318,346.583,7.3797,0.7576
8319,346.625,7.3808,0.0472
8320,346.667,7.4073,0.6556
8321,346.708,7.4037,0.0255
8322,346.750,7.4135,0.0544
8323,346.792,6.5738,1.2431
8324,346.833,6.5690,0.0153
8325,346.875,5.3468,1.7337
8326,346.917,5.3492,0.0126
8327,346.958,5.3481,0.0126
8328,347.000,5.9587,1.7745
8329,347.042,5.9610,0.0065
8330,347.083,6.6469,1.1271
8331,347.125,6.6556,0.0252
8332,347.167,6.6468,0.0282
8333,347.208,6.6279,0.8991
8334,347.250,6.6287,0.0216
8335,347.292,6.5539,0.8280
8336,347.333,6.5531,0.0062
8337,347.375,6.5528,0.0033
8338,347.417,6.7746,1.1408
8339,347.458,6.7798,0.0068
8340,347.500,6.7942,0.0158
8341,347.542,7.0022,1.0685
8342,347.583,7.0014,0.0163
8343,347.625,6.5241,0.9615
8344,347.667,6.5246,0.0039
8345,347.708,6.5270,0.0049
8346,347.750,5.9395,0.8810
8347,347.792,5.9404,0.0077
8348,347.833,5.9357,0.6629
8349,347.875,5.3359,0.6754
8350,347.917,5.3423,0.0653
8351,347.958,5.1611,0.2400
8352,348.000,5.1504,0.0378
8353,348.042,4.9916,0.2010
8354,348.083,4.9664,0.0510
8355,348.125,4.9624,0.0093
8356,348.167,4.7341,0.2729
8357,348.208,4.7111,0.0442
8358,348.250,4.6455,0.0764
8359,348.292,4.5708,0.0804
8360,348.333,4.5643,0.0156
8361,348.375,4.3745,0.2033
8362,348.417,4.2559,0.1235
8363,348.458,4.1751,0.0946
8364,348.500,4.1593,0.0165
8365,348.542,4.1563,0.0136
8366,348.583,4.0358,0.1210
8367,348.625,4.0378,0.0177
8368,348.667,4.0020,0.0360
8369,348.708,3.9533,0.0489
8370,348.750,3.9535,0.0074
8371,348.792,3.9520,0.0049
8372,348.833,3.9456,0.0064
8373,348.875,3.9263,0.0259
8374,348.917,3.9256,0.0016
8375,348.958,3.9267,0.0012
8376,349.000,3.9225,0.0172
8377,349.042,3.9224,0.0001
8378,349.083,3.9220,0.0038
8379,349.125,3.9220,0.0022
8380,349.167,3.9221,0.0027
8381,349.208,3.9228,0.0040
8382,349.250,3.9225,0.0003
8383,349.292,3.9110,0.0145
8384,349.333,3.9114,0.0022
8385,349.375,3.9118,0.0010
8386,349.417,3.9201,0.0176
8387,349.458,3.9192,0.0009
8388,349.500,3.5954,0.3429
8389,349.542,3.5980,0.0029
8390,349.583,3.6031,0.0090
8391,349.625,3.9110,0.3408
8392,349.667,3.9104,0.0008
8393,349.708,3.9106,0.0003
8394,349.750,3.8435,0.1098
8395,349.792,3.8486,0.0059
8396,349.833,3.4422,0.5124
8397,349.875,3.4440,0.0030
8398,349.917,3.4648,0.0213
8399,349.958,3.9250,0.4714
8400,350.000,3.9251,0.0002
8401,350.042,3.9116,0.0252
8402,350.083,3.9106,0.0017
8403,350.125,3.9128,0.0027
8404,350.167,3.9254,0.0275
8405,350.208,3.9255,0.0002
8406,350.250,3.9054,0.0360
8407,350.292,3.9070,0.0018
8408,350.333,3.9062,0.0011
8409,350.375,3.9259,0.0349
8410,350.417,3.9259,0.0002
8411,350.458,3.9023,0.0381
8412,350.500,3.9027,0.0008
8413,350.542,3.9023,0.0011
8414,350.583,3.9268,0.0373
8415,350.625,3.9268,0.0001
8416,350.667,3.9272,0.0125
8417,350.708,3.9266,0.0007
8418,350.750,3.9274,0.0010
8419,350.792,3.9248,0.0148
8420,350.833,3.9249,0.0002
8421,350.875,3.9252,0.0172
8422,350.917,3.9259,0.0007
8423,350.958,3.9256,0.0003
8424,351.000,3.9194,0.0218
8425,351.042,3.9193,0.0001
8426,351.083,3.5816,0.3563
8427,351.125,3.5816,0.0001
8428,351.167,3.5816,0.0001
8429,351.208,3.8950,0.3572
8430,351.250,3.8929,0.0021
8431,351.292,3.9128,0.0612
8432,351.333,3.9136,0.0014
8433,351.375,3.9134,0.0013
8434,351.417,3.9136,0.0415
8435,351.458,3.9139,0.0003
8436,351.500,3.8932,0.0592
8437,351.542,3.8933,0.0001
8438,351.583,3.8933,0.0002
8439,351.625,3.9192,0.0553
8440,351.667,3.9195,0.0005
8441,351.708,3.9175,0.0320
8442,351.750,3.9186,0.0012
8443,351.792,3.9174,0.0012
8444,351.833,3.8759,0.0725
8445,351.875,3.8758,0.0001
8446,351.917,3.8759,0.0001
8447,351.958,3.9166,0.0729
8448,352.000,3.9178,0.0012
8449,352.042,3.9161,0.0347
8450,352.083,3.9161,0.0003
8451,352.125,3.9161,0.0003
8452,352.167,3.9182,0.0337
8453,352.208,3.9175,0.0007
8454,352.250,3.9197,0.0315
8455,352.292,3.9205,0.0008
8456,352.333,3.9198,0.0007
8457,352.375,3.9169,0.0314
8458,352.417,3.9181,0.0013
8459,352.458,3.9193,0.0310
8460,352.500,3.9203,0.0010
8461,352.542,3.9190,0.0016
8462,352.583,3.8708,0.0764
8463,352.625,3.8707,0.0001
8464,352.667,3.9066,0.0870
8465,352.708,3.9074,0.0009
8466,352.750,3.9067,0.0008
8467,352.792,3.9220,0.0363
8468,352.833,3.9218,0.0004
8469,352.875,3.9196,0.0230
8470,352.917,3.0846,0.8369
8471,352.958,3.1383,0.0539
8472,353.000,3.1386,0.0012
8473,353.042,3.1410,0.0028
8474,353.083,3.1381,0.0033
8475,353.125,3.1447,0.0067
8476,353.167,3.1422,0.0026
8477,353.208,3.1429,0.0008
8478,353.250,3.1372,0.0058
8479,353.292,3.1475,0.0122
8480,353.333,3.1481,0.0012
8481,353.375,3.1490,0.0026
8482,353.417,3.1429,0.0096
8483,353.458,3.1428,0.0026
8484,353.500,3.1458,0.0042
8485,353.542,3.1378,0.0081
8486,353.583,3.1560,0.0183
8487,353.625,3.1544,0.0040
8488,353.667,3.1538,0.0019
8489,353.708,3.1503,0.0067
8490,353.750,3.1538,0.0036
8491,353.792,3.1534,0.0005
8492,353.833,3.1548,0.0014
8493,353.875,3.1442,0.0106
8494,353.917,3.1486,0.0059
8495,353.958,3.1474,0.0012
8496,354.000,3.1478,0.0005
8497,354.042,3.1433,0.0045
8498,354.083,3.1439,0.0006
8499,354.125,3.1438,0.0002
8500,354.167,3.1437,0.0019
8501,354.208,3.1498,0.0097
8502,354.250,3.1460,0.0059
8503,354.292,3.1516,0.0056
8504,354.333,3.1453,0.0064
8505,354.375,3.1501,0.0069
8506,354.417,3.1527,0.0040
8507,354.458,3.1455,0.0133
8508,354.500,3.1582,0.0135
8509,354.542,3.1522,0.0070
8510,354.583,3.1578,0.0116
8511,354.625,3.1506,0.0093
8512,354.667,3.3848,0.4870
8513,354.708,3.3862,0.0028
8514,354.750,3.3842,0.0034
8515,354.792,3.1526,0.4848
8516,354.833,3.1563,0.0037
8517,354.875,3.1606,0.0088
8518,354.917,3.1649,0.0043
8519,354.958,3.1644,0.0044
8520,355.000,3.2630,0.0986
8521,355.042,3.2701,0.0136
8522,355.083,3.3569,0.0896
8523,355.125,3.3609,0.0040
8524,355.167,3.3699,0.0180
8525,355.208,3.3264,0.0501
8526,355.250,3.3245,0.0028
8527,355.292,3.3059,0.0282
8528,355.333,3.3069,0.0012
8529,355.375,3.2971,0.0104
8530,355.417,3.3020,0.0147
8531,355.458,3.3022,0.0003
8532,355.500,3.3642,0.5226
8533,355.542,3.3653,0.0015
8534,355.583,3.3641,0.0015
8535,355.625,3.3637,0.5168
8536,355.667,3.3636,0.0024
8537,355.708,3.3636,0.0107
8538,355.750,3.3594,0.0122
8539,355.792,3.3756,0.0270
8540,355.833,3.3675,0.0301
8541,355.875,3.3864,0.0286
8542,355.917,3.7461,0.3927
8543,355.958,3.7537,0.0094
8544,356.000,3.7515,0.0047
8545,356.042,3.4679,0.3429
8546,356.083,3.4561,0.0154
8547,356.125,3.4350,0.4699
8548,356.167,3.4350,0.0001
8549,356.208,3.4350,0.0001
8550,356.250,3.8197,0.4933
8551,356.292,3.8201,0.0017
8552,356.333,3.8207,0.0023
8553,356.375,3.8661,0.1546
8554,356.417,3.8659,0.0004
8555,356.458,3.4596,0.4714
8556,356.500,3.4595,0.0003
8557,356.542,3.4595,0.0001
8558,356.583,3.9155,0.4773
8559,356.625,3.9152,0.0006
8560,356.667,3.8986,0.0400
8561,356.708,3.8983,0.0004
8562,356.750,3.8992,0.0010
8563,356.792,3.9182,0.0408
8564,356.833,3.9182,0.0001
8565,356.875,3.8992,0.0428
8566,356.917,3.8992,0.0006
8567,356.958,3.8989,0.0003
8568,357.000,3.9058,0.0498
8569,357.042,3.9059,0.0002
8570,357.083,3.9073,0.0520
8571,357.125,3.9077,0.0005
8572,357.167,3.9074,0.0007
8573,357.208,3.9148,0.0403
8574,357.250,3.9147,0.0001
8575,357.292,3.9131,0.0381
8576,357.333,3.9129,0.0002
8577,357.375,3.9131,0.0003
8578,357.417,3.9226,0.0305
8579,357.458,3.9225,0.0001
8580,357.500,3.9158,0.0284
8581,357.542,3.9176,0.0021
8582,357.583,3.9164,0.0017
8583,357.625,3.9240,0.0266
8584,357.667,3.9241,0.0005
8585,357.708,3.5432,0.3930
8586,357.750,3.5439,0.0008
8587,357.792,3.5488,0.0050
8588,357.833,3.9113,0.3884
8589,357.875,3.9108,0.0007
8590,357.917,3.9127,0.0453
8591,357.958,3.9146,0.0025
8592,358.000,3.9140,0.0017
8593,358.042,3.9034,0.0521
8594,358.083,3.9038,0.0005
8595,358.125,3.9052,0.0590
8596,358.167,3.9055,0.0003
8597,358.208,3.9052,0.0003
8598,358.250,3.9068,0.0557
8599,358.292,3.9081,0.0016
8600,358.333,3.9134,0.0461
8601,358.375,3.9161,0.0027
8602,358.417,3.9143,0.0017
8603,358.458,3.8927,0.0596
8604,358.500,3.8927,0.0000
8605,358.542,3.8927,0.0000
8606,358.583,3.9125,0.0627
8607,358.625,3.9129,0.0004
8608,358.667,3.9204,0.0367
8609,358.708,3.9209,0.0005
8610,358.750,3.9197,0.0015
8611,358.792,3.9150,0.0345
8612,358.833,3.9168,0.0020
8613,358.875,3.9194,0.0343
8614,358.917,3.9202,0.0024
8615,358.958,3.9204,0.0016
8616,359.000,3.9175,0.0308
8617,359.042,3.9170,0.0008
8618,359.083,3.9223,0.0295
8619,359.125,3.9223,0.0002
8620,359.167,3.9222,0.0002
8621,359.208,3.9220,0.0256
8622,359.250,3.9215,0.0007
8623,359.292,3.9195,0.0290
8624,359.333,3.9200,0.0005
8625,359.375,3.9195,0.0005
8626,359.417,3.9178,0.0321
8627,359.458,3.9188,0.0011
8628,359.500,3.8731,0.0763
8629,359.542,3.8731,0.0000
8630,359.583,3.8731,0.0000
8631,359.625,3.9179,0.0766
8632,359.667,3.9191,0.0013
8633,359.708,3.9182,0.0317
8634,359.750,3.9187,0.0007
8635,359.792,3.9163,0.0026
8636,359.833,3.9195,0.0334
8637,359.875,3.9183,0.0012
8638,359.917,3.9134,0.0371
8639,359.958,3.9141,0.0009
8640,360.000,3.9135,0.0008
8641,360.042,3.9154,0.0392
8642,360.083,3.9165,0.0014
8643,360.125,3.9090,0.0426
8644,360.167,3.9180,0.0092
8645,360.208,3.9102,0.0082
8646,360.250,3.8601,0.0932
8647,360.292,3.8599,0.0003
8648,360.333,3.9030,0.0988
8649,360.375,3.9038,0.0010
8650,360.417,3.9030,0.0010
8651,360.458,3.9085,0.0344
8652,360.500,3.9086,0.0003
8653,360.542,3.9086,0.0003
