frame,timestamp_seconds,duration_seconds,keyframe,pict_type,brightness_0_1,saturation_0_1,edge_energy_0_1,frame_delta_0_1,image
0,0.000000,,0,B,0.90729,0.04396,0.11746,0.00000,frames/frame_000000.jpg
1,0.033333,,0,B,0.90728,0.04392,0.11745,0.00016,frames/frame_000001.jpg
2,0.066667,,0,B,0.90739,0.04393,0.11761,0.00124,frames/frame_000002.jpg
3,0.100000,,0,P,0.90728,0.04391,0.11766,0.00053,frames/frame_000003.jpg
4,0.133333,,0,B,0.90751,0.04398,0.11733,0.00175,frames/frame_000004.jpg
5,0.166667,,0,B,0.90747,0.04395,0.11736,0.00032,frames/frame_000005.jpg
6,0.200000,,0,B,0.90751,0.04379,0.11712,0.00141,frames/frame_000006.jpg
7,0.233333,,0,P,0.90728,0.04394,0.11758,0.00166,frames/frame_000007.jpg
8,0.266667,,0,B,0.90729,0.04394,0.11758,0.00006,frames/frame_000008.jpg
9,0.300000,,0,B,0.87832,0.06269,0.11174,0.06519,frames/frame_000009.jpg
10,0.333333,,0,B,0.87872,0.06257,0.11163,0.00174,frames/frame_000010.jpg
11,0.366667,,0,P,0.87843,0.06264,0.11170,0.00075,frames/frame_000011.jpg
12,0.400000,,0,B,0.87823,0.06324,0.11344,0.00250,frames/frame_000012.jpg
13,0.433333,,0,B,0.87788,0.06368,0.11395,0.00084,frames/frame_000013.jpg
14,0.466667,,0,B,0.87828,0.06317,0.11330,0.00195,frames/frame_000014.jpg
15,0.500000,,0,P,0.87783,0.06307,0.11295,0.00116,frames/frame_000015.jpg
16,0.533333,,0,B,0.81937,0.09298,0.11964,0.10021,frames/frame_000016.jpg
17,0.566667,,0,B,0.81906,0.09305,0.11973,0.00174,frames/frame_000017.jpg
18,0.600000,,0,B,0.81931,0.09308,0.11966,0.00118,frames/frame_000018.jpg
19,0.633333,,0,P,0.81872,0.09306,0.12000,0.00214,frames/frame_000019.jpg
20,0.666667,,0,B,0.73243,0.25139,0.11864,0.09966,frames/frame_000020.jpg
21,0.700000,,0,B,0.73236,0.25137,0.11862,0.00032,frames/frame_000021.jpg
22,0.733333,,0,B,0.73268,0.25128,0.11818,0.00262,frames/frame_000022.jpg
23,0.766667,,0,P,0.73191,0.25175,0.11847,0.00177,frames/frame_000023.jpg
24,0.800000,,0,B,0.73211,0.25177,0.11846,0.00137,frames/frame_000024.jpg
25,0.833333,,0,B,0.75193,0.18972,0.11676,0.18318,frames/frame_000025.jpg
26,0.866667,,0,B,0.76062,0.18242,0.10759,0.01714,frames/frame_000026.jpg
27,0.900000,,0,P,0.76157,0.18048,0.10675,0.00561,frames/frame_000027.jpg
28,0.933333,,0,B,0.76192,0.17997,0.10775,0.00443,frames/frame_000028.jpg
29,0.966667,,0,B,0.76154,0.18043,0.10882,0.00421,frames/frame_000029.jpg
30,1.000000,,0,P,0.76129,0.18085,0.10472,0.01215,frames/frame_000030.jpg
31,1.033333,,0,B,0.77124,0.17677,0.08787,0.01113,frames/frame_000031.jpg
32,1.066667,,0,B,0.76220,0.19255,0.09380,0.02117,frames/frame_000032.jpg
33,1.100000,,0,B,0.74239,0.21071,0.09929,0.03814,frames/frame_000033.jpg
34,1.133333,,0,P,0.71211,0.21888,0.10280,0.04314,frames/frame_000034.jpg
35,1.166667,,0,B,0.71318,0.21857,0.10388,0.00340,frames/frame_000035.jpg
36,1.200000,,0,B,0.71307,0.21851,0.10409,0.00217,frames/frame_000036.jpg
37,1.233333,,0,B,0.71317,0.21902,0.10372,0.00277,frames/frame_000037.jpg
38,1.266667,,0,P,0.68632,0.23008,0.13790,0.02737,frames/frame_000038.jpg
39,1.300000,,0,B,0.69930,0.22315,0.12828,0.02444,frames/frame_000039.jpg
40,1.333333,,0,B,0.69742,0.22139,0.13081,0.01189,frames/frame_000040.jpg
41,1.366667,,0,B,0.69764,0.22153,0.12937,0.00544,frames/frame_000041.jpg
42,1.400000,,0,P,0.69665,0.22187,0.13055,0.00973,frames/frame_000042.jpg
43,1.433333,,0,B,0.69110,0.22922,0.14037,0.01435,frames/frame_000043.jpg
44,1.466667,,0,B,0.69239,0.22686,0.13782,0.00817,frames/frame_000044.jpg
45,1.500000,,0,B,0.69380,0.22512,0.13674,0.00532,frames/frame_000045.jpg
46,1.533333,,0,P,0.69357,0.22465,0.13439,0.00536,frames/frame_000046.jpg
47,1.566667,,0,B,0.69475,0.22446,0.13417,0.00431,frames/frame_000047.jpg
48,1.600000,,0,B,0.69471,0.22443,0.13421,0.00350,frames/frame_000048.jpg
49,1.633333,,0,B,0.69438,0.22494,0.13521,0.00418,frames/frame_000049.jpg
50,1.666667,,0,P,0.69332,0.22577,0.13483,0.00341,frames/frame_000050.jpg
51,1.700000,,0,B,0.69397,0.22553,0.13462,0.00257,frames/frame_000051.jpg
52,1.733333,,0,B,0.69350,0.22584,0.13456,0.00300,frames/frame_000052.jpg
53,1.766667,,0,B,0.69384,0.22568,0.13424,0.00243,frames/frame_000053.jpg
54,1.800000,,0,P,0.69315,0.22600,0.13411,0.00254,frames/frame_000054.jpg
55,1.833333,,0,B,0.69372,0.22566,0.13431,0.00333,frames/frame_000055.jpg
56,1.866667,,0,B,0.68637,0.23514,0.14888,0.01357,frames/frame_000056.jpg
57,1.900000,,0,B,0.68581,0.23627,0.15452,0.02598,frames/frame_000057.jpg
58,1.933333,,0,P,0.68364,0.23734,0.15937,0.02372,frames/frame_000058.jpg
59,1.966667,,0,B,0.68190,0.23389,0.15713,0.03311,frames/frame_000059.jpg
60,2.000000,,0,B,0.68011,0.23302,0.15682,0.01455,frames/frame_000060.jpg
61,2.033333,,0,B,0.67765,0.23417,0.15764,0.01247,frames/frame_000061.jpg
62,2.066667,,0,P,0.67534,0.23510,0.15601,0.01082,frames/frame_000062.jpg
63,2.100000,,0,B,0.67450,0.23512,0.15717,0.00921,frames/frame_000063.jpg
64,2.133333,,0,B,0.67331,0.23569,0.15616,0.00718,frames/frame_000064.jpg
65,2.166667,,0,B,0.67285,0.23542,0.15438,0.00548,frames/frame_000065.jpg
66,2.200000,,0,P,0.67202,0.23496,0.15377,0.00533,frames/frame_000066.jpg
67,2.233333,,0,B,0.67200,0.23515,0.15352,0.00296,frames/frame_000067.jpg
68,2.266667,,0,B,0.67171,0.23525,0.15351,0.00211,frames/frame_000068.jpg
69,2.300000,,0,B,0.72271,0.25932,0.14140,0.16191,frames/frame_000069.jpg
70,2.333333,,0,P,0.72385,0.25901,0.14026,0.01118,frames/frame_000070.jpg
71,2.366667,,0,B,0.72516,0.25746,0.13886,0.00297,frames/frame_000071.jpg
72,2.400000,,0,B,0.72538,0.25716,0.13823,0.00218,frames/frame_000072.jpg
73,2.433333,,0,B,0.72559,0.25899,0.13658,0.00626,frames/frame_000073.jpg
74,2.466667,,0,P,0.72496,0.25938,0.13690,0.00195,frames/frame_000074.jpg
75,2.500000,,0,B,0.70962,0.28198,0.15472,0.01942,frames/frame_000075.jpg
76,2.533333,,0,B,0.70612,0.28521,0.15827,0.00596,frames/frame_000076.jpg
77,2.566667,,0,B,0.70856,0.28149,0.15692,0.01073,frames/frame_000077.jpg
78,2.600000,,0,P,0.70877,0.28040,0.15625,0.01088,frames/frame_000078.jpg
79,2.633333,,0,B,0.70944,0.28181,0.15469,0.01001,frames/frame_000079.jpg
80,2.666667,,0,B,0.70941,0.28215,0.15399,0.00448,frames/frame_000080.jpg
81,2.700000,,0,B,0.73107,0.27197,0.15524,0.02733,frames/frame_000081.jpg
82,2.733333,,0,P,0.72818,0.27422,0.15651,0.01496,frames/frame_000082.jpg
83,2.766667,,0,B,0.72683,0.27502,0.15648,0.00894,frames/frame_000083.jpg
84,2.800000,,0,B,0.72600,0.27583,0.15743,0.01073,frames/frame_000084.jpg
85,2.833333,,0,B,0.72516,0.27646,0.15890,0.00406,frames/frame_000085.jpg
86,2.866667,,0,P,0.72395,0.27687,0.15860,0.00427,frames/frame_000086.jpg
87,2.900000,,0,B,0.72281,0.27918,0.15990,0.00778,frames/frame_000087.jpg
88,2.933333,,0,P,0.72266,0.27929,0.15998,0.00247,frames/frame_000088.jpg
89,2.966667,,1,I,0.72172,0.28064,0.16082,0.00785,frames/frame_000089.jpg
90,3.000000,,0,B,0.72191,0.28089,0.16075,0.00206,frames/frame_000090.jpg
91,3.033333,,0,B,0.72241,0.28161,0.15967,0.00660,frames/frame_000091.jpg
92,3.066667,,0,B,0.72150,0.28236,0.15983,0.00255,frames/frame_000092.jpg
93,3.100000,,0,P,0.72135,0.28206,0.15900,0.00912,frames/frame_000093.jpg
94,3.133333,,0,B,0.72183,0.28217,0.15912,0.00212,frames/frame_000094.jpg
95,3.166667,,0,B,0.72173,0.28232,0.15914,0.00165,frames/frame_000095.jpg
96,3.200000,,0,B,0.72122,0.28366,0.15929,0.00671,frames/frame_000096.jpg
97,3.233333,,0,P,0.72082,0.28370,0.15936,0.00168,frames/frame_000097.jpg
98,3.266667,,0,B,0.72029,0.28518,0.15975,0.00939,frames/frame_000098.jpg
99,3.300000,,0,B,0.72066,0.28446,0.15951,0.00381,frames/frame_000099.jpg
100,3.333333,,0,B,0.72004,0.28946,0.15697,0.02008,frames/frame_000100.jpg
101,3.366667,,0,P,0.72343,0.28442,0.15390,0.00767,frames/frame_000101.jpg
102,3.400000,,0,B,0.72607,0.28194,0.15046,0.01717,frames/frame_000102.jpg
103,3.433333,,0,B,0.72697,0.28133,0.14809,0.00315,frames/frame_000103.jpg
104,3.466667,,0,B,0.72608,0.28153,0.15001,0.00243,frames/frame_000104.jpg
105,3.500000,,0,P,0.72474,0.28360,0.15029,0.01106,frames/frame_000105.jpg
106,3.533333,,0,B,0.72475,0.28392,0.14998,0.00215,frames/frame_000106.jpg
107,3.566667,,0,B,0.72302,0.28781,0.14835,0.01510,frames/frame_000107.jpg
108,3.600000,,0,B,0.72287,0.28788,0.14879,0.00221,frames/frame_000108.jpg
109,3.633333,,0,P,0.72207,0.28861,0.14900,0.00714,frames/frame_000109.jpg
110,3.666667,,0,B,0.72207,0.28843,0.14971,0.00203,frames/frame_000110.jpg
111,3.700000,,0,B,0.72121,0.28768,0.15099,0.01170,frames/frame_000111.jpg
112,3.733333,,0,B,0.72107,0.28745,0.15113,0.00193,frames/frame_000112.jpg
113,3.766667,,0,P,0.72158,0.28738,0.14976,0.00343,frames/frame_000113.jpg
114,3.800000,,0,B,0.72207,0.28750,0.15032,0.00588,frames/frame_000114.jpg
115,3.833333,,0,B,0.72149,0.28779,0.15117,0.00233,frames/frame_000115.jpg
116,3.866667,,0,B,0.72063,0.28978,0.15217,0.01010,frames/frame_000116.jpg
117,3.900000,,0,P,0.71979,0.28988,0.15253,0.00239,frames/frame_000117.jpg
118,3.933333,,0,B,0.72023,0.28975,0.15244,0.00233,frames/frame_000118.jpg
119,3.966667,,0,B,0.71858,0.29220,0.15326,0.00715,frames/frame_000119.jpg
120,4.000000,,0,B,0.71758,0.29382,0.15255,0.01053,frames/frame_000120.jpg
121,4.033333,,0,P,0.71706,0.29375,0.15248,0.00189,frames/frame_000121.jpg
122,4.066667,,0,B,0.71642,0.29402,0.15430,0.00360,frames/frame_000122.jpg
123,4.100000,,0,B,0.71584,0.29641,0.15444,0.00750,frames/frame_000123.jpg
124,4.133333,,0,B,0.71592,0.29640,0.15433,0.00155,frames/frame_000124.jpg
125,4.166667,,0,P,0.71417,0.29900,0.15406,0.02105,frames/frame_000125.jpg
126,4.200000,,0,B,0.71465,0.29869,0.15408,0.00188,frames/frame_000126.jpg
127,4.233333,,0,B,0.71440,0.29882,0.15382,0.00145,frames/frame_000127.jpg
128,4.266667,,0,B,0.71385,0.30021,0.15272,0.00895,frames/frame_000128.jpg
129,4.300000,,0,P,0.71187,0.30214,0.15380,0.01116,frames/frame_000129.jpg
130,4.333333,,0,B,0.71338,0.30146,0.15277,0.00293,frames/frame_000130.jpg
131,4.366667,,0,B,0.71264,0.30163,0.15342,0.00205,frames/frame_000131.jpg
132,4.400000,,0,B,0.71158,0.30359,0.15442,0.01030,frames/frame_000132.jpg
133,4.433333,,0,P,0.71191,0.30314,0.15399,0.00224,frames/frame_000133.jpg
134,4.466667,,0,B,0.71232,0.30413,0.15326,0.01124,frames/frame_000134.jpg
135,4.500000,,0,B,0.71108,0.30452,0.15460,0.00268,frames/frame_000135.jpg
136,4.533333,,0,B,0.69418,0.34472,0.11818,0.15361,frames/frame_000136.jpg
137,4.566667,,0,P,0.69304,0.34788,0.11816,0.01659,frames/frame_000137.jpg
138,4.600000,,0,B,0.69333,0.34725,0.11905,0.00217,frames/frame_000138.jpg
139,4.633333,,0,B,0.69288,0.34953,0.11888,0.01269,frames/frame_000139.jpg
140,4.666667,,0,B,0.69297,0.34950,0.11902,0.00077,frames/frame_000140.jpg
141,4.700000,,0,P,0.69167,0.34887,0.11912,0.00866,frames/frame_000141.jpg
142,4.733333,,0,B,0.69084,0.34834,0.12198,0.00164,frames/frame_000142.jpg
143,4.766667,,0,B,0.68792,0.35145,0.12491,0.01415,frames/frame_000143.jpg
144,4.800000,,0,B,0.68657,0.35179,0.12706,0.00316,frames/frame_000144.jpg
145,4.833333,,0,P,0.68631,0.35200,0.12699,0.00147,frames/frame_000145.jpg
146,4.866667,,0,B,0.68652,0.35364,0.12671,0.00916,frames/frame_000146.jpg
147,4.900000,,0,B,0.68704,0.35357,0.12492,0.00155,frames/frame_000147.jpg
148,4.933333,,0,B,0.68632,0.35666,0.12427,0.01252,frames/frame_000148.jpg
149,4.966667,,0,P,0.68488,0.35590,0.12783,0.00195,frames/frame_000149.jpg
150,5.000000,,0,B,0.68276,0.35879,0.13111,0.01351,frames/frame_000150.jpg
151,5.033333,,0,B,0.68239,0.35911,0.13113,0.00120,frames/frame_000151.jpg
152,5.066667,,0,B,0.69425,0.34032,0.13331,0.02891,frames/frame_000152.jpg
153,5.100000,,0,P,0.69409,0.34053,0.13328,0.00074,frames/frame_000153.jpg
154,5.133333,,0,B,0.69417,0.34050,0.13320,0.00038,frames/frame_000154.jpg
155,5.166667,,0,B,0.69250,0.34032,0.13587,0.01733,frames/frame_000155.jpg
156,5.200000,,0,B,0.69247,0.34031,0.13592,0.00091,frames/frame_000156.jpg
157,5.233333,,0,P,0.67709,0.36716,0.13409,0.03387,frames/frame_000157.jpg
158,5.266667,,0,B,0.67971,0.36533,0.13331,0.00315,frames/frame_000158.jpg
159,5.300000,,0,B,0.67759,0.36924,0.13402,0.01441,frames/frame_000159.jpg
160,5.333333,,0,B,0.67744,0.36927,0.13410,0.00052,frames/frame_000160.jpg
161,5.366667,,0,P,0.68810,0.34650,0.13690,0.02617,frames/frame_000161.jpg
162,5.400000,,0,B,0.68848,0.34630,0.13717,0.00121,frames/frame_000162.jpg
163,5.433333,,0,B,0.68838,0.34631,0.13719,0.00079,frames/frame_000163.jpg
164,5.466667,,0,B,0.68767,0.34907,0.13695,0.01286,frames/frame_000164.jpg
165,5.500000,,0,P,0.68764,0.34902,0.13700,0.00041,frames/frame_000165.jpg
166,5.533333,,0,B,0.68708,0.35075,0.13685,0.01320,frames/frame_000166.jpg
167,5.566667,,0,B,0.68674,0.35070,0.13714,0.00095,frames/frame_000167.jpg
168,5.600000,,0,B,0.68328,0.34333,0.15880,0.02330,frames/frame_000168.jpg
169,5.633333,,0,P,0.67504,0.36512,0.15497,0.03488,frames/frame_000169.jpg
170,5.666667,,0,B,0.67658,0.37195,0.14850,0.02816,frames/frame_000170.jpg
171,5.700000,,0,B,0.67625,0.37318,0.14572,0.00664,frames/frame_000171.jpg
172,5.733333,,0,B,0.67641,0.37290,0.14551,0.00236,frames/frame_000172.jpg
173,5.766667,,0,P,0.67936,0.36741,0.14707,0.02972,frames/frame_000173.jpg
174,5.800000,,0,B,0.67996,0.36606,0.14657,0.00719,frames/frame_000174.jpg
175,5.833333,,0,B,0.68229,0.36336,0.14421,0.01142,frames/frame_000175.jpg
176,5.866667,,0,B,0.68256,0.36271,0.14477,0.00447,frames/frame_000176.jpg
177,5.900000,,0,P,0.68181,0.36398,0.14402,0.00668,frames/frame_000177.jpg
178,5.933333,,0,P,0.68183,0.36487,0.14242,0.00928,frames/frame_000178.jpg
179,5.966667,,1,I,0.68166,0.36556,0.14295,0.00742,frames/frame_000179.jpg
180,6.000000,,0,B,0.68166,0.36558,0.14314,0.00179,frames/frame_000180.jpg
181,6.033333,,0,B,0.68164,0.36561,0.14329,0.00152,frames/frame_000181.jpg
182,6.066667,,0,B,0.68273,0.36503,0.14344,0.00524,frames/frame_000182.jpg
183,6.100000,,0,P,0.68232,0.36498,0.14335,0.00311,frames/frame_000183.jpg
184,6.133333,,0,B,0.68300,0.36494,0.14275,0.00376,frames/frame_000184.jpg
185,6.166667,,0,B,0.68221,0.36549,0.14300,0.00286,frames/frame_000185.jpg
186,6.200000,,0,B,0.76484,0.19112,0.10846,0.16854,frames/frame_000186.jpg
187,6.233333,,0,P,0.76381,0.19160,0.10912,0.00268,frames/frame_000187.jpg
188,6.266667,,0,B,0.76406,0.19144,0.10919,0.00152,frames/frame_000188.jpg
189,6.300000,,0,B,0.76327,0.19050,0.11070,0.00558,frames/frame_000189.jpg
190,6.333333,,0,B,0.76272,0.19148,0.11076,0.00497,frames/frame_000190.jpg
191,6.366667,,0,P,0.76051,0.19349,0.11173,0.00554,frames/frame_000191.jpg
192,6.400000,,0,B,0.75887,0.19611,0.11209,0.00653,frames/frame_000192.jpg
193,6.433333,,0,B,0.75543,0.20126,0.11101,0.00902,frames/frame_000193.jpg
194,6.466667,,0,B,0.75259,0.20536,0.11147,0.00977,frames/frame_000194.jpg
195,6.500000,,0,P,0.74916,0.21022,0.11198,0.01205,frames/frame_000195.jpg
196,6.533333,,0,B,0.74566,0.21571,0.11186,0.01385,frames/frame_000196.jpg
197,6.566667,,0,B,0.74136,0.22232,0.11457,0.01554,frames/frame_000197.jpg
198,6.600000,,0,B,0.73705,0.22919,0.11714,0.01886,frames/frame_000198.jpg
199,6.633333,,0,P,0.72865,0.24294,0.12003,0.03327,frames/frame_000199.jpg
200,6.666667,,0,B,0.72495,0.24880,0.12004,0.01651,frames/frame_000200.jpg
201,6.700000,,0,B,0.72220,0.25346,0.12182,0.01441,frames/frame_000201.jpg
202,6.733333,,0,P,0.72010,0.25617,0.12081,0.01867,frames/frame_000202.jpg
203,6.766667,,0,B,0.71842,0.25932,0.12133,0.01043,frames/frame_000203.jpg
204,6.800000,,0,B,0.71761,0.26100,0.12227,0.01343,frames/frame_000204.jpg
205,6.833333,,0,B,0.71673,0.26308,0.12225,0.00712,frames/frame_000205.jpg
206,6.866667,,0,P,0.71538,0.26476,0.12287,0.00553,frames/frame_000206.jpg
207,6.900000,,0,B,0.71671,0.26675,0.12016,0.01653,frames/frame_000207.jpg
208,6.933333,,0,B,0.71610,0.26756,0.11988,0.00298,frames/frame_000208.jpg
209,6.966667,,0,B,0.71448,0.26855,0.12089,0.01003,frames/frame_000209.jpg
210,7.000000,,0,P,0.71440,0.26856,0.12096,0.00050,frames/frame_000210.jpg
211,7.033333,,0,B,0.71700,0.26513,0.12056,0.00979,frames/frame_000211.jpg
212,7.066667,,0,B,0.71659,0.26517,0.12159,0.00104,frames/frame_000212.jpg
213,7.100000,,0,B,0.71549,0.26874,0.12027,0.00809,frames/frame_000213.jpg
214,7.133333,,0,P,0.71481,0.26847,0.12047,0.00278,frames/frame_000214.jpg
215,7.166667,,0,B,0.71435,0.26854,0.12187,0.00141,frames/frame_000215.jpg
216,7.200000,,0,B,0.71426,0.26833,0.12299,0.01043,frames/frame_000216.jpg
217,7.233333,,0,B,0.71427,0.26816,0.12303,0.00063,frames/frame_000217.jpg
218,7.266667,,0,P,0.70074,0.28040,0.12943,0.04671,frames/frame_000218.jpg
219,7.300000,,0,B,0.70736,0.27030,0.12919,0.02721,frames/frame_000219.jpg
220,7.333333,,0,B,0.70728,0.26610,0.12854,0.01030,frames/frame_000220.jpg
221,7.366667,,0,B,0.70738,0.26602,0.12862,0.00249,frames/frame_000221.jpg
222,7.400000,,0,P,0.70627,0.26727,0.12888,0.00456,frames/frame_000222.jpg
223,7.433333,,0,B,0.70703,0.26968,0.12948,0.00841,frames/frame_000223.jpg
224,7.466667,,0,B,0.70662,0.27072,0.12936,0.00303,frames/frame_000224.jpg
225,7.500000,,0,B,0.70598,0.26917,0.12840,0.00712,frames/frame_000225.jpg
226,7.533333,,0,P,0.70559,0.26939,0.12831,0.00233,frames/frame_000226.jpg
227,7.566667,,0,B,0.70616,0.26895,0.12846,0.00234,frames/frame_000227.jpg
228,7.600000,,0,B,0.70692,0.27079,0.12925,0.00729,frames/frame_000228.jpg
229,7.633333,,0,B,0.70662,0.26855,0.12849,0.00709,frames/frame_000229.jpg
230,7.666667,,0,P,0.70581,0.26898,0.12874,0.00197,frames/frame_000230.jpg
231,7.700000,,0,B,0.70613,0.26888,0.12873,0.00185,frames/frame_000231.jpg
232,7.733333,,0,B,0.70756,0.27008,0.12882,0.00743,frames/frame_000232.jpg
233,7.766667,,0,B,0.70934,0.26942,0.12708,0.00271,frames/frame_000233.jpg
234,7.800000,,0,P,0.70731,0.26936,0.12772,0.00785,frames/frame_000234.jpg
235,7.833333,,0,B,0.70608,0.27046,0.12817,0.00202,frames/frame_000235.jpg
236,7.866667,,0,P,0.83464,0.10702,0.08795,0.14014,frames/frame_000236.jpg
237,7.900000,,0,P,0.83364,0.10706,0.08785,0.01435,frames/frame_000237.jpg
238,7.933333,,0,P,0.83363,0.10637,0.08546,0.01194,frames/frame_000238.jpg
239,7.966667,,0,P,0.83347,0.10710,0.08355,0.01310,frames/frame_000239.jpg
240,8.000000,,0,P,0.83324,0.10640,0.08611,0.01122,frames/frame_000240.jpg
241,8.033333,,0,P,0.83329,0.10710,0.08745,0.01382,frames/frame_000241.jpg
242,8.066667,,0,P,0.83323,0.10825,0.08950,0.01234,frames/frame_000242.jpg
243,8.100000,,0,P,0.83234,0.10824,0.09170,0.01012,frames/frame_000243.jpg
244,8.133333,,0,B,0.83233,0.10826,0.08986,0.01512,frames/frame_000244.jpg
245,8.166667,,0,P,0.83255,0.10814,0.08765,0.01521,frames/frame_000245.jpg
246,8.200000,,0,P,0.83266,0.10823,0.08649,0.01006,frames/frame_000246.jpg
247,8.233333,,0,P,0.83301,0.10717,0.08633,0.01243,frames/frame_000247.jpg
248,8.266667,,0,P,0.83278,0.10663,0.08793,0.01403,frames/frame_000248.jpg
249,8.300000,,0,P,0.83170,0.10721,0.09513,0.01277,frames/frame_000249.jpg
250,8.333333,,0,P,0.83183,0.10758,0.09525,0.01712,frames/frame_000250.jpg
251,8.366667,,0,P,0.83204,0.10718,0.09232,0.01671,frames/frame_000251.jpg
252,8.400000,,0,P,0.83170,0.10754,0.08984,0.01024,frames/frame_000252.jpg
253,8.433333,,0,P,0.83181,0.10656,0.08815,0.01513,frames/frame_000253.jpg
254,8.466667,,0,P,0.83196,0.10715,0.08876,0.01394,frames/frame_000254.jpg
255,8.500000,,0,P,0.83313,0.10951,0.09227,0.01389,frames/frame_000255.jpg
256,8.533333,,0,P,0.83209,0.11081,0.09938,0.01535,frames/frame_000256.jpg
257,8.566667,,0,B,0.83290,0.10988,0.09853,0.01798,frames/frame_000257.jpg
258,8.600000,,0,P,0.83273,0.11026,0.09849,0.01799,frames/frame_000258.jpg
259,8.633333,,0,P,0.83317,0.10822,0.09091,0.02234,frames/frame_000259.jpg
260,8.666667,,0,P,0.83274,0.11054,0.09274,0.02035,frames/frame_000260.jpg
261,8.700000,,0,P,0.83293,0.11153,0.09077,0.01789,frames/frame_000261.jpg
262,8.733333,,0,P,0.83232,0.11162,0.09914,0.01539,frames/frame_000262.jpg
263,8.766667,,0,P,0.83222,0.11130,0.09783,0.01934,frames/frame_000263.jpg
264,8.800000,,0,P,0.83243,0.11120,0.09918,0.01486,frames/frame_000264.jpg
265,8.833333,,0,P,0.83243,0.11106,0.09393,0.01064,frames/frame_000265.jpg
266,8.866667,,0,P,0.83114,0.10969,0.09287,0.01072,frames/frame_000266.jpg
267,8.900000,,0,P,0.83257,0.11108,0.09039,0.01162,frames/frame_000267.jpg
268,8.933333,,0,P,0.83223,0.11053,0.09494,0.01535,frames/frame_000268.jpg
269,8.966667,,1,I,0.83272,0.11258,0.08988,0.01924,frames/frame_000269.jpg
270,9.000000,,0,P,0.83120,0.11238,0.09173,0.01390,frames/frame_000270.jpg
271,9.033333,,0,P,0.83069,0.11274,0.09634,0.01378,frames/frame_000271.jpg
272,9.066667,,0,P,0.82943,0.11009,0.09963,0.01445,frames/frame_000272.jpg
273,9.100000,,0,P,0.83042,0.10837,0.09341,0.01603,frames/frame_000273.jpg
274,9.133333,,0,P,0.83008,0.10920,0.09079,0.01452,frames/frame_000274.jpg
275,9.166667,,0,P,0.83100,0.10988,0.09225,0.01274,frames/frame_000275.jpg
276,9.200000,,0,P,0.83028,0.10935,0.09962,0.01071,frames/frame_000276.jpg
277,9.233333,,0,P,0.82826,0.10871,0.10159,0.01110,frames/frame_000277.jpg
278,9.266667,,0,B,0.82844,0.10846,0.10191,0.01234,frames/frame_000278.jpg
279,9.300000,,0,P,0.82972,0.10945,0.09456,0.01054,frames/frame_000279.jpg
280,9.333333,,0,P,0.82844,0.10840,0.09602,0.00724,frames/frame_000280.jpg
281,9.366667,,0,P,0.82929,0.10902,0.09732,0.00764,frames/frame_000281.jpg
282,9.400000,,0,P,0.82708,0.10842,0.10019,0.01051,frames/frame_000282.jpg
283,9.433333,,0,P,0.82701,0.10836,0.10343,0.01027,frames/frame_000283.jpg
284,9.466667,,0,P,0.82695,0.10724,0.10071,0.01184,frames/frame_000284.jpg
285,9.500000,,0,P,0.82696,0.10766,0.09877,0.01020,frames/frame_000285.jpg
286,9.533333,,0,P,0.82964,0.10834,0.09478,0.00815,frames/frame_000286.jpg
287,9.566667,,0,P,0.82812,0.10818,0.09603,0.00942,frames/frame_000287.jpg
288,9.600000,,0,P,0.82899,0.10828,0.09940,0.00794,frames/frame_000288.jpg
289,9.633333,,0,P,0.82664,0.10735,0.10397,0.01216,frames/frame_000289.jpg
290,9.666667,,0,P,0.82623,0.10808,0.10299,0.01135,frames/frame_000290.jpg
291,9.700000,,0,P,0.82665,0.10844,0.09631,0.01194,frames/frame_000291.jpg
292,9.733333,,0,P,0.82919,0.10979,0.09508,0.00821,frames/frame_000292.jpg
293,9.766667,,0,P,0.82807,0.10916,0.09460,0.00798,frames/frame_000293.jpg
294,9.800000,,0,P,0.82731,0.10892,0.10063,0.00805,frames/frame_000294.jpg
295,9.833333,,0,P,0.82592,0.10757,0.10295,0.00957,frames/frame_000295.jpg
296,9.866667,,0,P,0.82618,0.10775,0.10174,0.01363,frames/frame_000296.jpg
297,9.900000,,0,P,0.82631,0.10755,0.10450,0.01087,frames/frame_000297.jpg
298,9.933333,,0,P,0.82760,0.10805,0.09800,0.01130,frames/frame_000298.jpg
299,9.966667,,0,P,0.82747,0.10838,0.09779,0.01457,frames/frame_000299.jpg
300,10.000000,,0,P,0.82835,0.10791,0.09831,0.01359,frames/frame_000300.jpg
301,10.033333,,0,P,0.82749,0.10783,0.10244,0.01411,frames/frame_000301.jpg
302,10.066667,,0,P,0.82693,0.10808,0.09982,0.01540,frames/frame_000302.jpg
303,10.100000,,0,P,0.82677,0.10841,0.09976,0.01357,frames/frame_000303.jpg
304,10.133333,,0,B,0.72474,0.27822,0.11706,0.09820,frames/frame_000304.jpg
305,10.166667,,0,P,0.73749,0.25786,0.12247,0.03320,frames/frame_000305.jpg
306,10.200000,,0,B,0.75003,0.23634,0.12223,0.04071,frames/frame_000306.jpg
307,10.233333,,0,P,0.75526,0.22707,0.12357,0.02880,frames/frame_000307.jpg
308,10.266667,,0,B,0.75585,0.22700,0.11795,0.01822,frames/frame_000308.jpg
309,10.300000,,0,B,0.75171,0.23293,0.12026,0.01147,frames/frame_000309.jpg
310,10.333333,,0,B,0.74932,0.23694,0.12074,0.00959,frames/frame_000310.jpg
311,10.366667,,0,P,0.74709,0.23990,0.12013,0.00819,frames/frame_000311.jpg
312,10.400000,,0,B,0.74719,0.24089,0.12077,0.00469,frames/frame_000312.jpg
313,10.433333,,0,B,0.74732,0.24059,0.12059,0.00217,frames/frame_000313.jpg
314,10.466667,,0,B,0.74815,0.23949,0.12039,0.00431,frames/frame_000314.jpg
315,10.500000,,0,P,0.74801,0.23862,0.12060,0.00406,frames/frame_000315.jpg
316,10.533333,,0,B,0.74895,0.23762,0.12076,0.00447,frames/frame_000316.jpg
317,10.566667,,0,P,0.75000,0.23231,0.12761,0.03949,frames/frame_000317.jpg
318,10.600000,,0,P,0.76049,0.21168,0.12169,0.05389,frames/frame_000318.jpg
319,10.633333,,0,P,0.77850,0.18014,0.12537,0.06907,frames/frame_000319.jpg
320,10.666667,,0,P,0.77801,0.17564,0.11739,0.02881,frames/frame_000320.jpg
321,10.700000,,0,P,0.77776,0.17313,0.11613,0.02108,frames/frame_000321.jpg
322,10.733333,,0,P,0.77708,0.17368,0.12081,0.01854,frames/frame_000322.jpg
323,10.766667,,0,P,0.77563,0.17038,0.12261,0.01773,frames/frame_000323.jpg
324,10.800000,,0,B,0.77671,0.16840,0.12499,0.01575,frames/frame_000324.jpg
325,10.833333,,0,B,0.77746,0.16720,0.12379,0.01286,frames/frame_000325.jpg
326,10.866667,,0,B,0.77829,0.16691,0.12719,0.00642,frames/frame_000326.jpg
327,10.900000,,0,P,0.77710,0.16703,0.12762,0.00368,frames/frame_000327.jpg
328,10.933333,,0,B,0.77847,0.16613,0.12717,0.00383,frames/frame_000328.jpg
329,10.966667,,0,B,0.77781,0.16669,0.12884,0.00454,frames/frame_000329.jpg
330,11.000000,,0,B,0.77823,0.16718,0.12818,0.00328,frames/frame_000330.jpg
331,11.033333,,0,P,0.77658,0.16750,0.13048,0.00396,frames/frame_000331.jpg
332,11.066667,,0,B,0.77766,0.16711,0.12927,0.00368,frames/frame_000332.jpg
333,11.100000,,0,B,0.77755,0.16781,0.12798,0.00268,frames/frame_000333.jpg
334,11.133333,,0,B,0.67861,0.19348,0.18657,0.15302,frames/frame_000334.jpg
335,11.166667,,0,P,0.67931,0.19069,0.18689,0.01504,frames/frame_000335.jpg
336,11.200000,,0,B,0.68021,0.19009,0.18935,0.00329,frames/frame_000336.jpg
337,11.233333,,0,B,0.68036,0.18951,0.18885,0.00387,frames/frame_000337.jpg
338,11.266667,,0,B,0.67997,0.18930,0.18958,0.01480,frames/frame_000338.jpg
339,11.300000,,0,P,0.67986,0.18633,0.19240,0.01538,frames/frame_000339.jpg
340,11.333333,,0,B,0.68058,0.18613,0.19216,0.00227,frames/frame_000340.jpg
341,11.366667,,0,B,0.68024,0.18617,0.19245,0.00380,frames/frame_000341.jpg
342,11.400000,,0,B,0.67871,0.18595,0.19475,0.01460,frames/frame_000342.jpg
343,11.433333,,0,P,0.67763,0.18635,0.19490,0.00305,frames/frame_000343.jpg
344,11.466667,,0,B,0.67827,0.18535,0.19515,0.01710,frames/frame_000344.jpg
345,11.500000,,0,B,0.67818,0.18537,0.19516,0.00070,frames/frame_000345.jpg
346,11.533333,,0,B,0.67909,0.18537,0.19449,0.00433,frames/frame_000346.jpg
347,11.566667,,0,P,0.67775,0.18483,0.19603,0.01555,frames/frame_000347.jpg
348,11.600000,,0,B,0.67776,0.18466,0.19694,0.00329,frames/frame_000348.jpg
349,11.633333,,0,B,0.68197,0.18242,0.19397,0.02695,frames/frame_000349.jpg
350,11.666667,,0,B,0.68234,0.18234,0.19385,0.00367,frames/frame_000350.jpg
351,11.700000,,0,P,0.68117,0.18553,0.19204,0.03815,frames/frame_000351.jpg
352,11.733333,,0,B,0.68173,0.18538,0.19173,0.00311,frames/frame_000352.jpg
353,11.766667,,0,B,0.68512,0.18677,0.18589,0.04168,frames/frame_000353.jpg
354,11.800000,,0,B,0.69746,0.22188,0.19159,0.04441,frames/frame_000354.jpg
355,11.833333,,0,P,0.70151,0.20985,0.18937,0.02969,frames/frame_000355.jpg
356,11.866667,,0,B,0.69664,0.20498,0.18547,0.06295,frames/frame_000356.jpg
357,11.900000,,0,B,0.69554,0.20267,0.18579,0.01088,frames/frame_000357.jpg
358,11.933333,,0,P,0.69904,0.20021,0.18247,0.05036,frames/frame_000358.jpg
359,11.966667,,1,I,0.70002,0.20256,0.18136,0.01263,frames/frame_000359.jpg
360,12.000000,,0,B,0.71095,0.19948,0.17014,0.05344,frames/frame_000360.jpg
361,12.033333,,0,B,0.71143,0.19939,0.16918,0.00762,frames/frame_000361.jpg
362,12.066667,,0,B,0.72305,0.19557,0.15983,0.04283,frames/frame_000362.jpg
363,12.100000,,0,P,0.72257,0.19497,0.16028,0.00565,frames/frame_000363.jpg
364,12.133333,,0,B,0.72202,0.19456,0.16043,0.00722,frames/frame_000364.jpg
365,12.166667,,0,B,0.73021,0.19275,0.15262,0.03227,frames/frame_000365.jpg
366,12.200000,,0,B,0.70573,0.17827,0.18057,0.09162,frames/frame_000366.jpg
367,12.233333,,0,P,0.71164,0.17548,0.17930,0.02584,frames/frame_000367.jpg
368,12.266667,,0,B,0.71346,0.17525,0.17798,0.00954,frames/frame_000368.jpg
369,12.300000,,0,B,0.71905,0.17265,0.17535,0.02360,frames/frame_000369.jpg
370,12.333333,,0,B,0.72055,0.17224,0.17547,0.00891,frames/frame_000370.jpg
371,12.366667,,0,P,0.72177,0.17151,0.17372,0.01101,frames/frame_000371.jpg
372,12.400000,,0,B,0.72340,0.17108,0.17308,0.00700,frames/frame_000372.jpg
373,12.433333,,0,B,0.72407,0.17099,0.17291,0.00581,frames/frame_000373.jpg
374,12.466667,,0,B,0.72435,0.17133,0.17200,0.00629,frames/frame_000374.jpg
375,12.500000,,0,P,0.72404,0.17156,0.17122,0.00497,frames/frame_000375.jpg
376,12.533333,,0,B,0.72468,0.17142,0.17058,0.00613,frames/frame_000376.jpg
377,12.566667,,0,B,0.72488,0.17132,0.17021,0.00289,frames/frame_000377.jpg
378,12.600000,,0,B,0.72506,0.17129,0.17006,0.00226,frames/frame_000378.jpg
379,12.633333,,0,P,0.70491,0.16204,0.16542,0.03812,frames/frame_000379.jpg
380,12.666667,,0,B,0.70527,0.16169,0.16574,0.00592,frames/frame_000380.jpg
381,12.700000,,0,B,0.70525,0.16188,0.16566,0.00071,frames/frame_000381.jpg
382,12.733333,,0,B,0.70578,0.16167,0.16567,0.00216,frames/frame_000382.jpg
383,12.766667,,0,P,0.70506,0.16154,0.16690,0.00683,frames/frame_000383.jpg
384,12.800000,,0,B,0.70547,0.16128,0.16660,0.00339,frames/frame_000384.jpg
385,12.833333,,0,B,0.70545,0.16082,0.16672,0.01237,frames/frame_000385.jpg
386,12.866667,,0,B,0.70579,0.16067,0.16658,0.00160,frames/frame_000386.jpg
387,12.900000,,0,P,0.70491,0.16115,0.16711,0.00288,frames/frame_000387.jpg
388,12.933333,,0,B,0.70401,0.16145,0.16581,0.01744,frames/frame_000388.jpg
389,12.966667,,0,B,0.70375,0.16111,0.16604,0.02008,frames/frame_000389.jpg
390,13.000000,,0,B,0.70390,0.16112,0.16616,0.00191,frames/frame_000390.jpg
391,13.033333,,0,P,0.70341,0.16105,0.16626,0.00325,frames/frame_000391.jpg
392,13.066667,,0,B,0.70248,0.16180,0.16645,0.01847,frames/frame_000392.jpg
393,13.100000,,0,B,0.70219,0.16176,0.16667,0.00268,frames/frame_000393.jpg
394,13.133333,,0,B,0.70036,0.16296,0.16675,0.01578,frames/frame_000394.jpg
395,13.166667,,0,P,0.69987,0.16336,0.16690,0.00224,frames/frame_000395.jpg
396,13.200000,,0,B,0.70010,0.16308,0.16687,0.00370,frames/frame_000396.jpg
397,13.233333,,0,B,0.69708,0.16422,0.16822,0.01618,frames/frame_000397.jpg
398,13.266667,,0,B,0.69699,0.16417,0.16805,0.00302,frames/frame_000398.jpg
399,13.300000,,0,P,0.69078,0.16639,0.17167,0.02730,frames/frame_000399.jpg
400,13.333333,,0,B,0.69122,0.16639,0.17144,0.00414,frames/frame_000400.jpg
401,13.366667,,0,B,0.68341,0.16869,0.17968,0.03261,frames/frame_000401.jpg
402,13.400000,,0,B,0.68327,0.16868,0.18005,0.00424,frames/frame_000402.jpg
403,13.433333,,0,P,0.58216,0.22513,0.21362,0.15064,frames/frame_000403.jpg
404,13.466667,,0,P,0.56822,0.24370,0.21595,0.09443,frames/frame_000404.jpg
405,13.500000,,0,B,0.56492,0.26585,0.21880,0.13206,frames/frame_000405.jpg
406,13.533333,,0,B,0.57942,0.26598,0.20415,0.11841,frames/frame_000406.jpg
407,13.566667,,0,B,0.58797,0.26776,0.19862,0.07659,frames/frame_000407.jpg
408,13.600000,,0,P,0.58880,0.26866,0.19912,0.04331,frames/frame_000408.jpg
409,13.633333,,0,B,0.58374,0.26776,0.20723,0.05452,frames/frame_000409.jpg
410,13.666667,,0,B,0.58350,0.26515,0.20904,0.01811,frames/frame_000410.jpg
411,13.700000,,0,B,0.58282,0.26430,0.20687,0.01764,frames/frame_000411.jpg
412,13.733333,,0,P,0.58153,0.26470,0.20731,0.01625,frames/frame_000412.jpg
413,13.766667,,0,B,0.58211,0.26494,0.20724,0.01311,frames/frame_000413.jpg
414,13.800000,,0,B,0.58259,0.26510,0.20675,0.01198,frames/frame_000414.jpg
415,13.833333,,0,B,0.58300,0.26559,0.20716,0.00714,frames/frame_000415.jpg
416,13.866667,,0,P,0.58189,0.26538,0.20754,0.00543,frames/frame_000416.jpg
417,13.900000,,0,B,0.58263,0.26550,0.20739,0.00486,frames/frame_000417.jpg
418,13.933333,,0,B,0.58251,0.26535,0.20750,0.00435,frames/frame_000418.jpg
419,13.966667,,0,B,0.58289,0.26520,0.20840,0.00624,frames/frame_000419.jpg
420,14.000000,,0,P,0.58182,0.26545,0.20801,0.00420,frames/frame_000420.jpg
421,14.033333,,0,B,0.58303,0.26525,0.20792,0.00305,frames/frame_000421.jpg
422,14.066667,,0,B,0.58277,0.26527,0.20789,0.00205,frames/frame_000422.jpg
423,14.100000,,0,B,0.58306,0.26533,0.20769,0.00398,frames/frame_000423.jpg
424,14.133333,,0,P,0.58198,0.26547,0.20793,0.00298,frames/frame_000424.jpg
425,14.166667,,0,B,0.58295,0.26501,0.20789,0.00469,frames/frame_000425.jpg
426,14.200000,,0,B,0.58254,0.26500,0.20799,0.00203,frames/frame_000426.jpg
427,14.233333,,0,B,0.58255,0.26499,0.20790,0.00045,frames/frame_000427.jpg
428,14.266667,,0,P,0.76831,0.15324,0.11130,0.20397,frames/frame_000428.jpg
429,14.300000,,0,B,0.77649,0.16376,0.12608,0.04880,frames/frame_000429.jpg
430,14.333333,,0,B,0.78426,0.14907,0.12592,0.03014,frames/frame_000430.jpg
431,14.366667,,0,B,0.78340,0.14443,0.12833,0.02061,frames/frame_000431.jpg
432,14.400000,,0,P,0.77708,0.14479,0.13671,0.01441,frames/frame_000432.jpg
433,14.433333,,0,B,0.77015,0.14828,0.14456,0.01743,frames/frame_000433.jpg
434,14.466667,,0,B,0.76502,0.15180,0.14998,0.01327,frames/frame_000434.jpg
435,14.500000,,0,B,0.76318,0.15506,0.15129,0.01433,frames/frame_000435.jpg
436,14.533333,,0,P,0.76288,0.15605,0.15124,0.00672,frames/frame_000436.jpg
437,14.566667,,0,B,0.76416,0.15546,0.15024,0.00666,frames/frame_000437.jpg
438,14.600000,,0,B,0.76680,0.15545,0.14667,0.01228,frames/frame_000438.jpg
439,14.633333,,0,B,0.76041,0.16282,0.14578,0.02105,frames/frame_000439.jpg
440,14.666667,,0,P,0.76048,0.16271,0.14539,0.00395,frames/frame_000440.jpg
441,14.700000,,0,B,0.76062,0.16286,0.14506,0.00456,frames/frame_000441.jpg
442,14.733333,,0,B,0.75888,0.16028,0.14997,0.01462,frames/frame_000442.jpg
443,14.766667,,0,B,0.75879,0.16017,0.15081,0.00351,frames/frame_000443.jpg
444,14.800000,,0,P,0.74729,0.16709,0.15753,0.01908,frames/frame_000444.jpg
445,14.833333,,0,B,0.74738,0.16715,0.15760,0.00380,frames/frame_000445.jpg
446,14.866667,,0,B,0.74703,0.16756,0.15670,0.00433,frames/frame_000446.jpg
447,14.900000,,0,B,0.72147,0.18079,0.17109,0.03436,frames/frame_000447.jpg
448,14.933333,,0,P,0.72087,0.18117,0.17075,0.00428,frames/frame_000448.jpg
449,14.966667,,1,I,0.71846,0.18454,0.17330,0.01719,frames/frame_000449.jpg
450,15.000000,,0,B,0.71840,0.18501,0.17240,0.00552,frames/frame_000450.jpg
451,15.033333,,0,B,0.71384,0.18830,0.17392,0.01381,frames/frame_000451.jpg
452,15.066667,,0,B,0.71402,0.18851,0.17388,0.00452,frames/frame_000452.jpg
453,15.100000,,0,P,0.70563,0.20763,0.17315,0.02154,frames/frame_000453.jpg
454,15.133333,,0,B,0.70188,0.21905,0.17594,0.01192,frames/frame_000454.jpg
455,15.166667,,0,B,0.70237,0.22510,0.17608,0.01187,frames/frame_000455.jpg
456,15.200000,,0,B,0.69707,0.23245,0.17792,0.02044,frames/frame_000456.jpg
457,15.233333,,0,P,0.69782,0.23147,0.17968,0.01010,frames/frame_000457.jpg
458,15.266667,,0,B,0.69376,0.23605,0.17841,0.02166,frames/frame_000458.jpg
459,15.300000,,0,B,0.69377,0.23573,0.18028,0.00731,frames/frame_000459.jpg
460,15.333333,,0,B,0.68978,0.23891,0.18202,0.01486,frames/frame_000460.jpg
461,15.366667,,0,P,0.68896,0.23958,0.18225,0.00419,frames/frame_000461.jpg
462,15.400000,,0,B,0.68577,0.24112,0.18408,0.01474,frames/frame_000462.jpg
463,15.433333,,0,B,0.68540,0.24154,0.18407,0.00344,frames/frame_000463.jpg
464,15.466667,,0,B,0.68541,0.24161,0.18371,0.00524,frames/frame_000464.jpg
465,15.500000,,0,P,0.68160,0.24309,0.18622,0.01516,frames/frame_000465.jpg
466,15.533333,,0,B,0.68174,0.24309,0.18530,0.00528,frames/frame_000466.jpg
467,15.566667,,0,B,0.67743,0.24560,0.18738,0.01626,frames/frame_000467.jpg
468,15.600000,,0,B,0.67745,0.24546,0.18800,0.00327,frames/frame_000468.jpg
469,15.633333,,0,P,0.67271,0.24855,0.19000,0.01847,frames/frame_000469.jpg
470,15.666667,,0,B,0.67284,0.24859,0.18998,0.00505,frames/frame_000470.jpg
471,15.700000,,0,B,0.66993,0.24915,0.19112,0.01534,frames/frame_000471.jpg
472,15.733333,,0,B,0.66978,0.24975,0.19098,0.00461,frames/frame_000472.jpg
473,15.766667,,0,P,0.66866,0.25033,0.19117,0.00525,frames/frame_000473.jpg
474,15.800000,,0,B,0.66615,0.25179,0.19171,0.01755,frames/frame_000474.jpg
475,15.833333,,0,B,0.66569,0.25232,0.19180,0.00537,frames/frame_000475.jpg
476,15.866667,,0,B,0.66300,0.25355,0.19327,0.01671,frames/frame_000476.jpg
477,15.900000,,0,P,0.66238,0.25423,0.19420,0.00521,frames/frame_000477.jpg
478,15.933333,,0,B,0.66272,0.25401,0.19474,0.00595,frames/frame_000478.jpg
479,15.966667,,0,B,0.65828,0.25653,0.19623,0.02284,frames/frame_000479.jpg
480,16.000000,,0,B,0.65471,0.25751,0.19769,0.01902,frames/frame_000480.jpg
481,16.033333,,0,P,0.65406,0.25783,0.19779,0.00495,frames/frame_000481.jpg
482,16.066667,,0,B,0.65452,0.25764,0.19684,0.00506,frames/frame_000482.jpg
483,16.100000,,0,B,0.65086,0.25991,0.19771,0.01775,frames/frame_000483.jpg
484,16.133333,,0,B,0.65064,0.26043,0.19852,0.00523,frames/frame_000484.jpg
485,16.166667,,0,P,0.64510,0.26466,0.19857,0.01967,frames/frame_000485.jpg
486,16.200000,,0,B,0.64545,0.26473,0.19855,0.00569,frames/frame_000486.jpg
487,16.233333,,0,B,0.64479,0.26545,0.19881,0.00543,frames/frame_000487.jpg
488,16.266667,,0,B,0.63982,0.26816,0.19849,0.01830,frames/frame_000488.jpg
489,16.300000,,0,P,0.62869,0.26509,0.19529,0.04133,frames/frame_000489.jpg
490,16.333333,,0,B,0.62716,0.25881,0.19311,0.01487,frames/frame_000490.jpg
491,16.366667,,0,B,0.62889,0.24775,0.19491,0.01227,frames/frame_000491.jpg
492,16.400000,,0,B,0.62490,0.24902,0.19356,0.02401,frames/frame_000492.jpg
493,16.433333,,0,P,0.62384,0.25001,0.19447,0.00669,frames/frame_000493.jpg
494,16.466667,,0,B,0.61782,0.25409,0.19568,0.02506,frames/frame_000494.jpg
495,16.500000,,0,B,0.56824,0.29583,0.18888,0.19346,frames/frame_000495.jpg
496,16.533333,,0,B,0.57057,0.29320,0.18872,0.01793,frames/frame_000496.jpg
497,16.566667,,0,P,0.56577,0.29975,0.18371,0.04020,frames/frame_000497.jpg
498,16.600000,,0,B,0.56427,0.29897,0.18350,0.01291,frames/frame_000498.jpg
499,16.633333,,0,B,0.55920,0.30121,0.18450,0.03693,frames/frame_000499.jpg
500,16.666667,,0,B,0.55955,0.30143,0.18462,0.00854,frames/frame_000500.jpg
501,16.700000,,0,P,0.55432,0.30487,0.18325,0.03335,frames/frame_000501.jpg
502,16.733333,,0,B,0.55543,0.30506,0.18398,0.00960,frames/frame_000502.jpg
503,16.766667,,0,B,0.55318,0.30553,0.18632,0.03838,frames/frame_000503.jpg
504,16.800000,,0,B,0.55294,0.30611,0.18610,0.00751,frames/frame_000504.jpg
505,16.833333,,0,P,0.55158,0.30643,0.18542,0.00735,frames/frame_000505.jpg
506,16.866667,,0,B,0.55165,0.31048,0.18666,0.04705,frames/frame_000506.jpg
507,16.900000,,0,B,0.55105,0.31100,0.18679,0.00496,frames/frame_000507.jpg
508,16.933333,,0,B,0.54631,0.32515,0.17664,0.05392,frames/frame_000508.jpg
509,16.966667,,0,P,0.54593,0.32545,0.17710,0.00934,frames/frame_000509.jpg
510,17.000000,,0,B,0.54119,0.33816,0.17927,0.05947,frames/frame_000510.jpg
511,17.033333,,0,B,0.54085,0.33866,0.17936,0.00607,frames/frame_000511.jpg
512,17.066667,,0,B,0.53784,0.34437,0.17727,0.03615,frames/frame_000512.jpg
513,17.100000,,0,P,0.53739,0.34530,0.17719,0.00502,frames/frame_000513.jpg
514,17.133333,,0,B,0.54480,0.34065,0.18604,0.01897,frames/frame_000514.jpg
515,17.166667,,0,B,0.54257,0.34750,0.18241,0.03461,frames/frame_000515.jpg
516,17.200000,,0,B,0.54169,0.35037,0.18121,0.01101,frames/frame_000516.jpg
517,17.233333,,0,P,0.53842,0.35142,0.18056,0.02180,frames/frame_000517.jpg
518,17.266667,,0,B,0.53857,0.35146,0.18030,0.00614,frames/frame_000518.jpg
519,17.300000,,0,B,0.53549,0.35303,0.17594,0.02784,frames/frame_000519.jpg
520,17.333333,,0,B,0.53616,0.35307,0.17677,0.00570,frames/frame_000520.jpg
521,17.366667,,0,P,0.53946,0.35281,0.17442,0.02868,frames/frame_000521.jpg
522,17.400000,,0,B,0.54068,0.35242,0.17520,0.00549,frames/frame_000522.jpg
523,17.433333,,0,B,0.54029,0.35275,0.17435,0.00668,frames/frame_000523.jpg
524,17.466667,,0,B,0.54140,0.35483,0.17148,0.02593,frames/frame_000524.jpg
525,17.500000,,0,P,0.54035,0.35547,0.17068,0.00533,frames/frame_000525.jpg
526,17.533333,,0,P,0.54235,0.36193,0.16951,0.04132,frames/frame_000526.jpg
527,17.566667,,0,B,0.54249,0.36296,0.17024,0.01060,frames/frame_000527.jpg
528,17.600000,,0,B,0.54079,0.36392,0.17006,0.00968,frames/frame_000528.jpg
529,17.633333,,0,B,0.54095,0.35913,0.17196,0.03586,frames/frame_000529.jpg
530,17.666667,,0,P,0.54017,0.35370,0.17233,0.04095,frames/frame_000530.jpg
531,17.700000,,0,B,0.54118,0.35360,0.17269,0.00418,frames/frame_000531.jpg
532,17.733333,,0,B,0.54279,0.35249,0.17419,0.00603,frames/frame_000532.jpg
533,17.766667,,0,B,0.54359,0.33884,0.17278,0.05125,frames/frame_000533.jpg
534,17.800000,,0,P,0.54303,0.33942,0.17289,0.00503,frames/frame_000534.jpg
535,17.833333,,0,B,0.54157,0.34047,0.17165,0.04308,frames/frame_000535.jpg
536,17.866667,,0,B,0.54124,0.34061,0.17156,0.00298,frames/frame_000536.jpg
537,17.900000,,0,B,0.54126,0.34041,0.17146,0.00292,frames/frame_000537.jpg
538,17.933333,,0,P,0.53018,0.34909,0.17189,0.04108,frames/frame_000538.jpg
539,17.966667,,1,I,0.53113,0.34591,0.17130,0.03798,frames/frame_000539.jpg
540,18.000000,,0,B,0.53198,0.34572,0.17146,0.00275,frames/frame_000540.jpg
541,18.033333,,0,B,0.53182,0.34571,0.17172,0.00223,frames/frame_000541.jpg
542,18.066667,,0,B,0.53174,0.34518,0.17136,0.02611,frames/frame_000542.jpg
543,18.100000,,0,P,0.53302,0.35391,0.17057,0.01366,frames/frame_000543.jpg
544,18.133333,,0,B,0.52971,0.35861,0.16965,0.02769,frames/frame_000544.jpg
545,18.166667,,0,B,0.52785,0.35810,0.17046,0.00567,frames/frame_000545.jpg
546,18.200000,,0,B,0.52797,0.35769,0.17064,0.00460,frames/frame_000546.jpg
547,18.233333,,0,P,0.52633,0.35681,0.16929,0.01941,frames/frame_000547.jpg
548,18.266667,,0,B,0.52752,0.35655,0.16983,0.00468,frames/frame_000548.jpg
549,18.300000,,0,B,0.52746,0.35710,0.16857,0.02384,frames/frame_000549.jpg
550,18.333333,,0,B,0.52819,0.35695,0.16880,0.00464,frames/frame_000550.jpg
551,18.366667,,0,P,0.52543,0.36225,0.16624,0.02119,frames/frame_000551.jpg
552,18.400000,,0,B,0.52591,0.36206,0.16557,0.00445,frames/frame_000552.jpg
553,18.433333,,0,B,0.52347,0.36120,0.16641,0.02697,frames/frame_000553.jpg
554,18.466667,,0,B,0.52375,0.36078,0.16642,0.00197,frames/frame_000554.jpg
555,18.500000,,0,P,0.52474,0.35968,0.16825,0.00541,frames/frame_000555.jpg
556,18.533333,,0,B,0.52540,0.36356,0.16438,0.02757,frames/frame_000556.jpg
557,18.566667,,0,B,0.52518,0.36366,0.16467,0.00375,frames/frame_000557.jpg
558,18.600000,,0,B,0.54715,0.50949,0.10069,0.22159,frames/frame_000558.jpg
559,18.633333,,0,P,0.54761,0.51173,0.10180,0.00698,frames/frame_000559.jpg
560,18.666667,,0,B,0.54907,0.51236,0.10213,0.00451,frames/frame_000560.jpg
561,18.700000,,0,B,0.54922,0.51369,0.10226,0.00413,frames/frame_000561.jpg
562,18.733333,,0,B,0.54995,0.51459,0.10188,0.00398,frames/frame_000562.jpg
563,18.766667,,0,P,0.54972,0.51596,0.10075,0.00440,frames/frame_000563.jpg
564,18.800000,,0,B,0.55126,0.51623,0.09984,0.00500,frames/frame_000564.jpg
565,18.833333,,0,B,0.55263,0.51665,0.10011,0.01109,frames/frame_000565.jpg
566,18.866667,,0,B,0.55461,0.51455,0.10867,0.01697,frames/frame_000566.jpg
567,18.900000,,0,P,0.55516,0.51363,0.11096,0.01745,frames/frame_000567.jpg
568,18.933333,,0,B,0.55649,0.51109,0.11484,0.01438,frames/frame_000568.jpg
569,18.966667,,0,B,0.55702,0.51159,0.11593,0.00916,frames/frame_000569.jpg
570,19.000000,,0,B,0.55782,0.51167,0.11586,0.00446,frames/frame_000570.jpg
571,19.033333,,0,P,0.55754,0.51360,0.11567,0.00492,frames/frame_000571.jpg
572,19.066667,,0,B,0.55920,0.51323,0.11555,0.00504,frames/frame_000572.jpg
573,19.100000,,0,B,0.55950,0.51395,0.11519,0.00442,frames/frame_000573.jpg
574,19.133333,,0,B,0.56016,0.51456,0.11420,0.00402,frames/frame_000574.jpg
575,19.166667,,0,P,0.55957,0.51677,0.11294,0.00526,frames/frame_000575.jpg
576,19.200000,,0,B,0.56097,0.51703,0.11246,0.00511,frames/frame_000576.jpg
577,19.233333,,0,B,0.56128,0.51768,0.11320,0.00680,frames/frame_000577.jpg
578,19.266667,,0,B,0.56187,0.51641,0.11961,0.01910,frames/frame_000578.jpg
579,19.300000,,0,P,0.55897,0.51500,0.12130,0.03691,frames/frame_000579.jpg
580,19.333333,,0,B,0.55782,0.51333,0.12382,0.01460,frames/frame_000580.jpg
581,19.366667,,0,B,0.55815,0.51391,0.12455,0.00487,frames/frame_000581.jpg
582,19.400000,,0,B,0.55904,0.51421,0.12464,0.00501,frames/frame_000582.jpg
583,19.433333,,0,P,0.55840,0.51617,0.12494,0.00532,frames/frame_000583.jpg
584,19.466667,,0,B,0.56020,0.51553,0.12502,0.00557,frames/frame_000584.jpg
585,19.500000,,0,B,0.56042,0.51663,0.12421,0.00473,frames/frame_000585.jpg
586,19.533333,,0,B,0.56123,0.51658,0.12345,0.00426,frames/frame_000586.jpg
587,19.566667,,0,P,0.56061,0.51838,0.12309,0.00509,frames/frame_000587.jpg
588,19.600000,,0,B,0.56184,0.51879,0.12354,0.00489,frames/frame_000588.jpg
589,19.633333,,0,P,0.58924,0.56164,0.12804,0.10912,frames/frame_000589.jpg
590,19.666667,,0,P,0.54645,0.49802,0.13907,0.22200,frames/frame_000590.jpg
591,19.700000,,0,B,0.48911,0.52682,0.06624,0.29819,frames/frame_000591.jpg
592,19.733333,,0,P,0.47800,0.51710,0.06635,0.01487,frames/frame_000592.jpg
593,19.766667,,0,B,0.44407,0.49068,0.06768,0.04248,frames/frame_000593.jpg
594,19.800000,,0,P,0.38672,0.44637,0.06795,0.06771,frames/frame_000594.jpg
595,19.833333,,0,P,0.34411,0.45173,0.04509,0.09084,frames/frame_000595.jpg
596,19.866667,,0,P,0.33951,0.44869,0.04316,0.01800,frames/frame_000596.jpg
597,19.900000,,0,B,0.33686,0.44517,0.04138,0.01505,frames/frame_000597.jpg
598,19.933333,,0,P,0.33440,0.44467,0.03911,0.00931,frames/frame_000598.jpg
599,19.966667,,0,B,0.33496,0.44330,0.03934,0.00282,frames/frame_000599.jpg
600,20.000000,,0,B,0.33535,0.44394,0.03978,0.00317,frames/frame_000600.jpg
601,20.033333,,0,B,0.33624,0.44352,0.04057,0.00382,frames/frame_000601.jpg
602,20.066667,,0,P,0.36558,0.45448,0.06350,0.04291,frames/frame_000602.jpg
603,20.100000,,0,B,0.36407,0.45530,0.06498,0.02970,frames/frame_000603.jpg
604,20.133333,,0,P,0.36044,0.44948,0.06278,0.03032,frames/frame_000604.jpg
605,20.166667,,0,B,0.35631,0.44749,0.06103,0.01965,frames/frame_000605.jpg
606,20.200000,,0,B,0.35580,0.44613,0.05977,0.00874,frames/frame_000606.jpg
607,20.233333,,0,P,0.35559,0.44764,0.05987,0.00726,frames/frame_000607.jpg
608,20.266667,,0,B,0.35737,0.44780,0.06126,0.01051,frames/frame_000608.jpg
609,20.300000,,0,B,0.35973,0.44800,0.06242,0.01792,frames/frame_000609.jpg
610,20.333333,,0,B,0.36002,0.44792,0.06261,0.00129,frames/frame_000610.jpg
611,20.366667,,0,P,0.35877,0.44827,0.06203,0.00812,frames/frame_000611.jpg
612,20.400000,,0,B,0.35809,0.44872,0.06188,0.01062,frames/frame_000612.jpg
613,20.433333,,0,B,0.37907,0.45801,0.07423,0.02850,frames/frame_000613.jpg
614,20.466667,,0,P,0.37585,0.45361,0.07388,0.01987,frames/frame_000614.jpg
615,20.500000,,0,P,0.37055,0.45104,0.07230,0.01899,frames/frame_000615.jpg
616,20.533333,,0,B,0.36841,0.44832,0.07043,0.01415,frames/frame_000616.jpg
617,20.566667,,0,B,0.36710,0.44821,0.07023,0.00521,frames/frame_000617.jpg
618,20.600000,,0,B,0.36761,0.44787,0.07030,0.00227,frames/frame_000618.jpg
619,20.633333,,0,P,0.37326,0.44957,0.07492,0.01233,frames/frame_000619.jpg
620,20.666667,,0,B,0.37407,0.44906,0.07552,0.00620,frames/frame_000620.jpg
621,20.700000,,0,B,0.37373,0.44943,0.07507,0.00358,frames/frame_000621.jpg
622,20.733333,,0,B,0.37393,0.44912,0.07522,0.00283,frames/frame_000622.jpg
623,20.766667,,0,P,0.37580,0.44915,0.07856,0.00769,frames/frame_000623.jpg
624,20.800000,,0,B,0.37586,0.44890,0.07794,0.00737,frames/frame_000624.jpg
625,20.833333,,0,B,0.37541,0.44926,0.07776,0.00708,frames/frame_000625.jpg
626,20.866667,,0,B,0.37559,0.44872,0.07872,0.00375,frames/frame_000626.jpg
627,20.900000,,0,P,0.69321,0.32317,0.13127,0.32465,frames/frame_000627.jpg
628,20.933333,,0,P,0.69371,0.32100,0.13554,0.01099,frames/frame_000628.jpg
629,20.966667,,1,I,0.68668,0.33338,0.13848,0.02008,frames/frame_000629.jpg
630,21.000000,,0,B,0.68957,0.33040,0.13888,0.01123,frames/frame_000630.jpg
631,21.033333,,0,B,0.69013,0.32927,0.13987,0.00723,frames/frame_000631.jpg
632,21.066667,,0,B,0.68624,0.34105,0.13595,0.01473,frames/frame_000632.jpg
633,21.100000,,0,P,0.68562,0.33944,0.13623,0.01056,frames/frame_000633.jpg
634,21.133333,,0,B,0.68660,0.33840,0.13758,0.00996,frames/frame_000634.jpg
635,21.166667,,0,B,0.68609,0.33831,0.13743,0.00634,frames/frame_000635.jpg
636,21.200000,,0,B,0.68053,0.35304,0.13607,0.01650,frames/frame_000636.jpg
637,21.233333,,0,P,0.68016,0.34885,0.13766,0.01239,frames/frame_000637.jpg
638,21.266667,,0,B,0.68106,0.34847,0.13727,0.00734,frames/frame_000638.jpg
639,21.300000,,0,B,0.67841,0.35301,0.14012,0.02150,frames/frame_000639.jpg
640,21.333333,,0,B,0.67918,0.35310,0.13959,0.00901,frames/frame_000640.jpg
641,21.366667,,0,P,0.67836,0.35332,0.13867,0.01206,frames/frame_000641.jpg
642,21.400000,,0,B,0.67900,0.35483,0.13870,0.01555,frames/frame_000642.jpg
643,21.433333,,0,B,0.68000,0.35068,0.13995,0.02047,frames/frame_000643.jpg
644,21.466667,,0,B,0.67719,0.34521,0.14226,0.02823,frames/frame_000644.jpg
645,21.500000,,0,P,0.67928,0.33078,0.14628,0.03536,frames/frame_000645.jpg
646,21.533333,,0,P,0.68224,0.32098,0.15222,0.03674,frames/frame_000646.jpg
647,21.566667,,0,P,0.68111,0.31297,0.15405,0.03568,frames/frame_000647.jpg
648,21.600000,,0,B,0.68052,0.30934,0.15864,0.03304,frames/frame_000648.jpg
649,21.633333,,0,B,0.67745,0.30488,0.16111,0.03504,frames/frame_000649.jpg
650,21.666667,,0,B,0.67770,0.30431,0.16056,0.00974,frames/frame_000650.jpg
651,21.700000,,0,P,0.67717,0.30402,0.15989,0.00650,frames/frame_000651.jpg
652,21.733333,,0,B,0.67786,0.30548,0.16041,0.01191,frames/frame_000652.jpg
653,21.766667,,0,B,0.67792,0.30433,0.16182,0.01436,frames/frame_000653.jpg
654,21.800000,,0,B,0.67759,0.30666,0.16072,0.01111,frames/frame_000654.jpg
655,21.833333,,0,P,0.67680,0.30660,0.16002,0.00728,frames/frame_000655.jpg
656,21.866667,,0,B,0.67785,0.30645,0.15980,0.00648,frames/frame_000656.jpg
657,21.900000,,0,B,0.67744,0.30743,0.15940,0.00998,frames/frame_000657.jpg
658,21.933333,,0,B,0.67756,0.30761,0.15956,0.00653,frames/frame_000658.jpg
659,21.966667,,0,P,0.67719,0.30629,0.15950,0.01168,frames/frame_000659.jpg
660,22.000000,,0,B,0.67804,0.30621,0.15895,0.00577,frames/frame_000660.jpg
661,22.033333,,0,B,0.67843,0.30530,0.15821,0.00753,frames/frame_000661.jpg
662,22.066667,,0,B,0.67865,0.30522,0.15827,0.00519,frames/frame_000662.jpg
663,22.100000,,0,P,0.67751,0.30606,0.15830,0.00693,frames/frame_000663.jpg
664,22.133333,,0,B,0.67840,0.30622,0.15857,0.01319,frames/frame_000664.jpg
665,22.166667,,0,B,0.67761,0.30616,0.15825,0.02172,frames/frame_000665.jpg
666,22.200000,,0,B,0.67749,0.30715,0.15796,0.02304,frames/frame_000666.jpg
667,22.233333,,0,P,0.67754,0.30661,0.15796,0.01254,frames/frame_000667.jpg
668,22.266667,,0,B,0.67772,0.30391,0.16110,0.02294,frames/frame_000668.jpg
669,22.300000,,0,B,0.67707,0.30358,0.16054,0.01431,frames/frame_000669.jpg
670,22.333333,,0,B,0.68128,0.29350,0.16374,0.03279,frames/frame_000670.jpg
671,22.366667,,0,P,0.68095,0.29339,0.16374,0.00550,frames/frame_000671.jpg
672,22.400000,,0,B,0.68156,0.29339,0.16683,0.03851,frames/frame_000672.jpg
673,22.433333,,0,B,0.68167,0.29316,0.16670,0.00660,frames/frame_000673.jpg
674,22.466667,,0,B,0.68190,0.29278,0.16671,0.00556,frames/frame_000674.jpg
675,22.500000,,0,P,0.67771,0.30132,0.16476,0.04073,frames/frame_000675.jpg
676,22.533333,,0,P,0.69325,0.20983,0.20637,0.15505,frames/frame_000676.jpg
677,22.566667,,0,P,0.69001,0.21180,0.20850,0.09000,frames/frame_000677.jpg
678,22.600000,,0,P,0.68802,0.21189,0.20269,0.08047,frames/frame_000678.jpg
679,22.633333,,0,B,0.70578,0.18721,0.18974,0.06838,frames/frame_000679.jpg
680,22.666667,,0,B,0.70753,0.18453,0.18832,0.00850,frames/frame_000680.jpg
681,22.700000,,0,B,0.70747,0.18657,0.18703,0.01809,frames/frame_000681.jpg
682,22.733333,,0,P,0.70763,0.18753,0.18725,0.01276,frames/frame_000682.jpg
683,22.766667,,0,B,0.70704,0.19011,0.18805,0.00559,frames/frame_000683.jpg
684,22.800000,,0,B,0.70568,0.19250,0.18367,0.01546,frames/frame_000684.jpg
685,22.833333,,0,B,0.70563,0.19329,0.18357,0.00302,frames/frame_000685.jpg
686,22.866667,,0,P,0.70486,0.19295,0.18497,0.00867,frames/frame_000686.jpg
687,22.900000,,0,B,0.70548,0.19250,0.18589,0.01055,frames/frame_000687.jpg
688,22.933333,,0,B,0.70571,0.19184,0.18676,0.00286,frames/frame_000688.jpg
689,22.966667,,0,B,0.70526,0.19195,0.19202,0.03358,frames/frame_000689.jpg
690,23.000000,,0,P,0.70527,0.18709,0.18866,0.05101,frames/frame_000690.jpg
691,23.033333,,0,B,0.70474,0.18786,0.18933,0.01234,frames/frame_000691.jpg
692,23.066667,,0,B,0.70469,0.18799,0.18849,0.00518,frames/frame_000692.jpg
693,23.100000,,0,B,0.67176,0.13268,0.13009,0.16269,frames/frame_000693.jpg
694,23.133333,,0,P,0.66418,0.13242,0.13662,0.01411,frames/frame_000694.jpg
695,23.166667,,0,P,0.69109,0.14301,0.15127,0.05762,frames/frame_000695.jpg
696,23.200000,,0,P,0.71193,0.14753,0.15315,0.03387,frames/frame_000696.jpg
697,23.233333,,0,P,0.72455,0.14970,0.15268,0.02433,frames/frame_000697.jpg
698,23.266667,,0,B,0.73151,0.15304,0.14602,0.03900,frames/frame_000698.jpg
699,23.300000,,0,B,0.73217,0.15460,0.15449,0.03644,frames/frame_000699.jpg
700,23.333333,,0,B,0.73429,0.15413,0.15343,0.00557,frames/frame_000700.jpg
701,23.366667,,0,P,0.73631,0.15423,0.15607,0.00540,frames/frame_000701.jpg
702,23.400000,,0,B,0.73699,0.15627,0.15295,0.02371,frames/frame_000702.jpg
703,23.433333,,0,B,0.73724,0.15599,0.15324,0.00300,frames/frame_000703.jpg
704,23.466667,,0,B,0.73838,0.15589,0.15220,0.01687,frames/frame_000704.jpg
705,23.500000,,0,P,0.73762,0.15571,0.15271,0.00302,frames/frame_000705.jpg
706,23.533333,,0,B,0.73800,0.15585,0.15271,0.00123,frames/frame_000706.jpg
707,23.566667,,0,B,0.73735,0.15689,0.15157,0.01536,frames/frame_000707.jpg
708,23.600000,,0,B,0.73776,0.15702,0.15113,0.00140,frames/frame_000708.jpg
709,23.633333,,0,P,0.73733,0.15631,0.14890,0.02163,frames/frame_000709.jpg
710,23.666667,,0,B,0.73764,0.15621,0.14878,0.00107,frames/frame_000710.jpg
711,23.700000,,0,B,0.73752,0.15857,0.14761,0.02027,frames/frame_000711.jpg
712,23.733333,,0,B,0.73706,0.15873,0.14811,0.00141,frames/frame_000712.jpg
713,23.766667,,0,P,0.73454,0.15699,0.14902,0.01978,frames/frame_000713.jpg
714,23.800000,,0,B,0.73648,0.15735,0.14876,0.00563,frames/frame_000714.jpg
715,23.833333,,0,B,0.73713,0.15729,0.14819,0.00342,frames/frame_000715.jpg
716,23.866667,,0,B,0.73821,0.15409,0.14968,0.01258,frames/frame_000716.jpg
717,23.900000,,0,P,0.73790,0.15356,0.15170,0.00193,frames/frame_000717.jpg
718,23.933333,,0,P,0.74004,0.15075,0.15618,0.01448,frames/frame_000718.jpg
719,23.966667,,1,I,0.73993,0.15063,0.15596,0.00353,frames/frame_000719.jpg
720,24.000000,,0,B,0.74030,0.15232,0.15830,0.01669,frames/frame_000720.jpg
721,24.033333,,0,B,0.74029,0.15234,0.15830,0.00031,frames/frame_000721.jpg
722,24.066667,,0,B,0.74083,0.15332,0.15918,0.01333,frames/frame_000722.jpg
723,24.100000,,0,P,0.74020,0.15346,0.15919,0.00270,frames/frame_000723.jpg
724,24.133333,,0,B,0.74036,0.15326,0.15925,0.00125,frames/frame_000724.jpg
725,24.166667,,0,B,0.73938,0.15716,0.15841,0.01609,frames/frame_000725.jpg
726,24.200000,,0,B,0.73907,0.15731,0.15908,0.00115,frames/frame_000726.jpg
727,24.233333,,0,P,0.73950,0.17602,0.16368,0.04557,frames/frame_000727.jpg
728,24.266667,,0,B,0.73910,0.17020,0.16579,0.02093,frames/frame_000728.jpg
729,24.300000,,0,B,0.73785,0.16339,0.16575,0.02872,frames/frame_000729.jpg
730,24.333333,,0,B,0.73800,0.16275,0.16510,0.00490,frames/frame_000730.jpg
731,24.366667,,0,P,0.73754,0.16241,0.16686,0.00775,frames/frame_000731.jpg
732,24.400000,,0,B,0.73750,0.16298,0.16710,0.00601,frames/frame_000732.jpg
733,24.433333,,0,B,0.73675,0.16423,0.16772,0.00340,frames/frame_000733.jpg
734,24.466667,,0,B,0.73686,0.16448,0.16687,0.00779,frames/frame_000734.jpg
735,24.500000,,0,P,0.73654,0.16446,0.16631,0.00144,frames/frame_000735.jpg
736,24.533333,,0,B,0.73718,0.16575,0.16528,0.00771,frames/frame_000736.jpg
737,24.566667,,0,B,0.73733,0.16527,0.16470,0.00535,frames/frame_000737.jpg
738,24.600000,,0,B,0.73733,0.16494,0.16482,0.00104,frames/frame_000738.jpg
739,24.633333,,0,P,0.63780,0.28880,0.18677,0.16288,frames/frame_000739.jpg
740,24.666667,,0,B,0.63657,0.28911,0.19063,0.04137,frames/frame_000740.jpg
741,24.700000,,0,B,0.63603,0.28807,0.19356,0.03796,frames/frame_000741.jpg
742,24.733333,,0,B,0.63374,0.29133,0.19581,0.04058,frames/frame_000742.jpg
743,24.766667,,0,P,0.63373,0.29119,0.19773,0.04162,frames/frame_000743.jpg
744,24.800000,,0,B,0.67612,0.36026,0.17903,0.09413,frames/frame_000744.jpg
745,24.833333,,0,B,0.67983,0.36398,0.17625,0.05245,frames/frame_000745.jpg
746,24.866667,,0,B,0.68088,0.36161,0.17619,0.04402,frames/frame_000746.jpg
747,24.900000,,0,P,0.68106,0.35921,0.17557,0.04031,frames/frame_000747.jpg
748,24.933333,,0,B,0.68150,0.35562,0.17483,0.03992,frames/frame_000748.jpg
749,24.966667,,0,B,0.67763,0.35083,0.17528,0.08007,frames/frame_000749.jpg
750,25.000000,,0,B,0.56515,0.25079,0.22511,0.21083,frames/frame_000750.jpg
751,25.033333,,0,P,0.56664,0.25024,0.22472,0.04598,frames/frame_000751.jpg
752,25.066667,,0,B,0.56746,0.24954,0.22389,0.05223,frames/frame_000752.jpg
753,25.100000,,0,B,0.56572,0.24962,0.22742,0.04739,frames/frame_000753.jpg
754,25.133333,,0,B,0.56409,0.25139,0.22427,0.07800,frames/frame_000754.jpg
755,25.166667,,0,P,0.56219,0.25307,0.22183,0.04778,frames/frame_000755.jpg
756,25.200000,,0,B,0.56131,0.25298,0.22091,0.04379,frames/frame_000756.jpg
757,25.233333,,0,B,0.59820,0.30092,0.20420,0.10474,frames/frame_000757.jpg
758,25.266667,,0,B,0.59840,0.30184,0.20170,0.03097,frames/frame_000758.jpg
759,25.300000,,0,P,0.59694,0.30495,0.19969,0.07959,frames/frame_000759.jpg
760,25.333333,,0,B,0.59862,0.30298,0.20115,0.02774,frames/frame_000760.jpg
761,25.366667,,0,B,0.59772,0.30153,0.20320,0.03317,frames/frame_000761.jpg
762,25.400000,,0,B,0.59875,0.29995,0.20495,0.02776,frames/frame_000762.jpg
763,25.433333,,0,P,0.64536,0.35643,0.18893,0.14650,frames/frame_000763.jpg
764,25.466667,,0,B,0.64590,0.35614,0.18769,0.02991,frames/frame_000764.jpg
765,25.500000,,0,B,0.64514,0.35806,0.18743,0.02987,frames/frame_000765.jpg
766,25.533333,,0,B,0.64508,0.35793,0.18775,0.03792,frames/frame_000766.jpg
767,25.566667,,0,P,0.64514,0.35924,0.18889,0.03497,frames/frame_000767.jpg
768,25.600000,,0,B,0.64764,0.36103,0.19294,0.05731,frames/frame_000768.jpg
769,25.633333,,0,B,0.57157,0.25061,0.22481,0.14972,frames/frame_000769.jpg
770,25.666667,,0,B,0.57255,0.25047,0.22621,0.05547,frames/frame_000770.jpg
771,25.700000,,0,P,0.57321,0.24931,0.22547,0.04907,frames/frame_000771.jpg
772,25.733333,,0,B,0.57271,0.25043,0.22333,0.06536,frames/frame_000772.jpg
773,25.766667,,0,B,0.57215,0.25069,0.22301,0.04511,frames/frame_000773.jpg
774,25.800000,,0,B,0.56999,0.25131,0.22313,0.04551,frames/frame_000774.jpg
775,25.833333,,0,P,0.54017,0.26321,0.25408,0.17166,frames/frame_000775.jpg
776,25.866667,,0,B,0.58013,0.30559,0.23781,0.09279,frames/frame_000776.jpg
777,25.900000,,0,B,0.58193,0.30266,0.23302,0.04828,frames/frame_000777.jpg
778,25.933333,,0,B,0.58260,0.30418,0.23289,0.02671,frames/frame_000778.jpg
779,25.966667,,0,P,0.57632,0.31241,0.23236,0.04938,frames/frame_000779.jpg
780,26.000000,,0,B,0.57507,0.31546,0.23111,0.02497,frames/frame_000780.jpg
781,26.033333,,0,B,0.61526,0.37310,0.21622,0.11343,frames/frame_000781.jpg
782,26.066667,,0,B,0.61631,0.37095,0.21716,0.03018,frames/frame_000782.jpg
783,26.100000,,0,P,0.61691,0.36772,0.21827,0.02602,frames/frame_000783.jpg
784,26.133333,,0,B,0.61757,0.36414,0.21859,0.03855,frames/frame_000784.jpg
785,26.166667,,0,B,0.61892,0.35982,0.21932,0.02666,frames/frame_000785.jpg
786,26.200000,,0,B,0.61692,0.36037,0.21880,0.04367,frames/frame_000786.jpg
787,26.233333,,0,P,0.61634,0.36282,0.21668,0.02324,frames/frame_000787.jpg
788,26.266667,,0,B,0.55350,0.26001,0.24865,0.16782,frames/frame_000788.jpg
789,26.300000,,0,B,0.55011,0.26368,0.24145,0.06494,frames/frame_000789.jpg
790,26.333333,,0,B,0.55447,0.26411,0.24252,0.07726,frames/frame_000790.jpg
791,26.366667,,0,P,0.55301,0.26498,0.24245,0.03180,frames/frame_000791.jpg
792,26.400000,,0,B,0.55302,0.26476,0.24361,0.03253,frames/frame_000792.jpg
793,26.433333,,0,B,0.55444,0.26486,0.24531,0.05444,frames/frame_000793.jpg
794,26.466667,,0,B,0.71849,0.16491,0.14643,0.24358,frames/frame_000794.jpg
795,26.500000,,0,P,0.72205,0.16157,0.14900,0.00895,frames/frame_000795.jpg
796,26.533333,,0,B,0.72428,0.15979,0.15088,0.00765,frames/frame_000796.jpg
797,26.566667,,0,B,0.72480,0.15947,0.15062,0.00270,frames/frame_000797.jpg
798,26.600000,,0,B,0.72510,0.15915,0.15040,0.00245,frames/frame_000798.jpg
799,26.633333,,0,P,0.72407,0.15955,0.15079,0.00411,frames/frame_000799.jpg
800,26.666667,,0,B,0.65435,0.20473,0.17890,0.13835,frames/frame_000800.jpg
801,26.700000,,0,B,0.65525,0.20373,0.17832,0.01078,frames/frame_000801.jpg
802,26.733333,,0,P,0.65512,0.20354,0.17846,0.00833,frames/frame_000802.jpg
803,26.766667,,0,B,0.65399,0.20581,0.17541,0.01213,frames/frame_000803.jpg
804,26.800000,,0,B,0.65388,0.20620,0.17539,0.00479,frames/frame_000804.jpg
805,26.833333,,0,B,0.65719,0.20397,0.17652,0.01030,frames/frame_000805.jpg
806,26.866667,,0,P,0.65621,0.20463,0.17634,0.00330,frames/frame_000806.jpg
807,26.900000,,0,B,0.65653,0.20454,0.17649,0.00457,frames/frame_000807.jpg
808,26.933333,,0,P,0.65694,0.20424,0.17627,0.00849,frames/frame_000808.jpg
809,26.966667,,1,I,0.65857,0.20358,0.17731,0.01118,frames/frame_000809.jpg
810,27.000000,,0,B,0.65879,0.20358,0.17761,0.00413,frames/frame_000810.jpg
811,27.033333,,0,B,0.65839,0.20362,0.17815,0.00599,frames/frame_000811.jpg
812,27.066667,,0,B,0.65314,0.20635,0.17899,0.03586,frames/frame_000812.jpg
813,27.100000,,0,P,0.65386,0.20638,0.18004,0.00871,frames/frame_000813.jpg
814,27.133333,,0,B,0.65757,0.20395,0.18116,0.01805,frames/frame_000814.jpg
815,27.166667,,0,B,0.65771,0.20379,0.18096,0.00374,frames/frame_000815.jpg
816,27.200000,,0,B,0.65778,0.20404,0.18019,0.00347,frames/frame_000816.jpg
817,27.233333,,0,P,0.66550,0.19704,0.18694,0.02484,frames/frame_000817.jpg
818,27.266667,,0,B,0.66565,0.19721,0.18705,0.00481,frames/frame_000818.jpg
819,27.300000,,0,B,0.67346,0.19235,0.18997,0.03236,frames/frame_000819.jpg
820,27.333333,,0,B,0.67325,0.19265,0.18967,0.00954,frames/frame_000820.jpg
821,27.366667,,0,P,0.68111,0.18733,0.18828,0.03834,frames/frame_000821.jpg
822,27.400000,,0,B,0.68098,0.18784,0.18773,0.00877,frames/frame_000822.jpg
823,27.433333,,0,B,0.68894,0.18334,0.18246,0.04479,frames/frame_000823.jpg
824,27.466667,,0,B,0.68805,0.18382,0.18297,0.00985,frames/frame_000824.jpg
825,27.500000,,0,P,0.71582,0.16997,0.17618,0.14484,frames/frame_000825.jpg
826,27.533333,,0,B,0.72605,0.15844,0.17159,0.03308,frames/frame_000826.jpg
827,27.566667,,0,B,0.72707,0.15781,0.17015,0.01104,frames/frame_000827.jpg
828,27.600000,,0,B,0.73420,0.15408,0.16628,0.03158,frames/frame_000828.jpg
829,27.633333,,0,P,0.73340,0.15472,0.16777,0.01324,frames/frame_000829.jpg
830,27.666667,,0,B,0.73254,0.15612,0.16847,0.00901,frames/frame_000830.jpg
831,27.700000,,0,B,0.73138,0.15744,0.16990,0.00934,frames/frame_000831.jpg
832,27.733333,,0,B,0.73056,0.15816,0.16972,0.00972,frames/frame_000832.jpg
833,27.766667,,0,P,0.72971,0.15863,0.16970,0.00816,frames/frame_000833.jpg
834,27.800000,,0,B,0.73024,0.15826,0.16908,0.00880,frames/frame_000834.jpg
835,27.833333,,0,B,0.72973,0.15814,0.16966,0.00818,frames/frame_000835.jpg
836,27.866667,,0,B,0.72932,0.15857,0.17098,0.00715,frames/frame_000836.jpg
837,27.900000,,0,P,0.72333,0.16223,0.17315,0.03406,frames/frame_000837.jpg
838,27.933333,,0,B,0.72442,0.16193,0.17239,0.00512,frames/frame_000838.jpg
839,27.966667,,0,B,0.72555,0.16081,0.17284,0.00705,frames/frame_000839.jpg
840,28.000000,,0,B,0.72587,0.16072,0.17293,0.00331,frames/frame_000840.jpg
841,28.033333,,0,P,0.72574,0.16083,0.17365,0.00502,frames/frame_000841.jpg
842,28.066667,,0,B,0.72607,0.16066,0.17438,0.00377,frames/frame_000842.jpg
843,28.100000,,0,B,0.72433,0.16205,0.17410,0.00695,frames/frame_000843.jpg
844,28.133333,,0,B,0.72375,0.16194,0.17401,0.00624,frames/frame_000844.jpg
845,28.166667,,0,P,0.72291,0.16161,0.17544,0.00733,frames/frame_000845.jpg
846,28.200000,,0,B,0.72431,0.16019,0.17674,0.00873,frames/frame_000846.jpg
847,28.233333,,0,B,0.72397,0.16019,0.17674,0.00530,frames/frame_000847.jpg
848,28.266667,,0,B,0.72400,0.16007,0.17678,0.00404,frames/frame_000848.jpg
849,28.300000,,0,P,0.71891,0.16258,0.18238,0.03378,frames/frame_000849.jpg
850,28.333333,,0,B,0.72023,0.16232,0.18126,0.00809,frames/frame_000850.jpg
851,28.366667,,0,B,0.72078,0.16227,0.17936,0.00602,frames/frame_000851.jpg
852,28.400000,,0,B,0.72143,0.16214,0.17832,0.00499,frames/frame_000852.jpg
853,28.433333,,0,P,0.72135,0.16188,0.17766,0.00358,frames/frame_000853.jpg
854,28.466667,,0,B,0.72205,0.16123,0.17709,0.00308,frames/frame_000854.jpg
855,28.500000,,0,B,0.72213,0.16153,0.17720,0.00350,frames/frame_000855.jpg
856,28.533333,,0,B,0.72234,0.16119,0.17714,0.00202,frames/frame_000856.jpg
857,28.566667,,0,P,0.72159,0.16175,0.17709,0.00307,frames/frame_000857.jpg
858,28.600000,,0,B,0.72205,0.16148,0.17687,0.00194,frames/frame_000858.jpg
859,28.633333,,0,B,0.72101,0.16276,0.17607,0.00361,frames/frame_000859.jpg
860,28.666667,,0,B,0.72120,0.16269,0.17606,0.00127,frames/frame_000860.jpg
861,28.700000,,0,P,0.72175,0.16167,0.17690,0.00394,frames/frame_000861.jpg
862,28.733333,,0,B,0.71836,0.16312,0.18332,0.02779,frames/frame_000862.jpg
863,28.766667,,0,B,0.71923,0.16257,0.18272,0.00864,frames/frame_000863.jpg
864,28.800000,,0,B,0.71970,0.16299,0.18173,0.00774,frames/frame_000864.jpg
865,28.833333,,0,P,0.72016,0.16254,0.18091,0.00549,frames/frame_000865.jpg
866,28.866667,,0,B,0.72153,0.16177,0.17933,0.00500,frames/frame_000866.jpg
867,28.900000,,0,B,0.72162,0.16159,0.17883,0.00352,frames/frame_000867.jpg
868,28.933333,,0,B,0.68647,0.33185,0.13890,0.16441,frames/frame_000868.jpg
869,28.966667,,0,P,0.68642,0.32781,0.14137,0.01854,frames/frame_000869.jpg
870,29.000000,,0,B,0.68667,0.32891,0.14098,0.01257,frames/frame_000870.jpg
871,29.033333,,0,B,0.68659,0.32874,0.14096,0.00078,frames/frame_000871.jpg
872,29.066667,,0,B,0.68662,0.32882,0.14085,0.00107,frames/frame_000872.jpg
873,29.100000,,0,P,0.68654,0.32759,0.14131,0.01140,frames/frame_000873.jpg
874,29.133333,,0,B,0.68681,0.32746,0.14146,0.00168,frames/frame_000874.jpg
875,29.166667,,0,B,0.68654,0.32952,0.14056,0.01326,frames/frame_000875.jpg
876,29.200000,,0,B,0.68669,0.32947,0.14063,0.00201,frames/frame_000876.jpg
877,29.233333,,0,P,0.68601,0.32999,0.14077,0.00259,frames/frame_000877.jpg
878,29.266667,,0,B,0.68692,0.32855,0.14246,0.01186,frames/frame_000878.jpg
879,29.300000,,0,B,0.68582,0.33089,0.14135,0.01343,frames/frame_000879.jpg
880,29.333333,,0,B,0.68594,0.33130,0.14159,0.00320,frames/frame_000880.jpg
881,29.366667,,0,P,0.68503,0.33266,0.14205,0.00383,frames/frame_000881.jpg
882,29.400000,,0,B,0.68557,0.33095,0.14400,0.01184,frames/frame_000882.jpg
883,29.433333,,0,B,0.68492,0.33213,0.14470,0.00392,frames/frame_000883.jpg
884,29.466667,,0,B,0.68430,0.33443,0.14325,0.01475,frames/frame_000884.jpg
885,29.500000,,0,P,0.68325,0.33567,0.14370,0.00474,frames/frame_000885.jpg
886,29.533333,,0,B,0.68326,0.33669,0.14365,0.00520,frames/frame_000886.jpg
887,29.566667,,0,B,0.68268,0.33673,0.14476,0.01173,frames/frame_000887.jpg
888,29.600000,,0,B,0.68224,0.33802,0.14443,0.00564,frames/frame_000888.jpg
889,29.633333,,0,P,0.67943,0.34300,0.14323,0.02023,frames/frame_000889.jpg
890,29.666667,,0,B,0.67884,0.34452,0.14520,0.00703,frames/frame_000890.jpg
891,29.700000,,0,B,0.67777,0.34460,0.14731,0.01381,frames/frame_000891.jpg
892,29.733333,,0,B,0.67669,0.34693,0.14764,0.00775,frames/frame_000892.jpg
893,29.766667,,0,P,0.67413,0.35143,0.14648,0.01868,frames/frame_000893.jpg
894,29.800000,,0,B,0.67332,0.35396,0.14703,0.00808,frames/frame_000894.jpg
895,29.833333,,0,B,0.67193,0.35620,0.14688,0.00747,frames/frame_000895.jpg
896,29.866667,,0,B,0.67152,0.35604,0.14747,0.01366,frames/frame_000896.jpg
897,29.900000,,0,P,0.66992,0.35775,0.14845,0.00694,frames/frame_000897.jpg
898,29.933333,,0,P,0.66726,0.36202,0.14988,0.01893,frames/frame_000898.jpg
899,29.966667,,1,I,0.41061,0.67831,0.11832,0.26542,frames/frame_000899.jpg
900,30.000000,,0,B,0.40947,0.67769,0.11502,0.04632,frames/frame_000900.jpg
901,30.033333,,0,B,0.41124,0.67778,0.11364,0.02379,frames/frame_000901.jpg
902,30.066667,,0,B,0.40603,0.67801,0.11007,0.03415,frames/frame_000902.jpg
903,30.100000,,0,P,0.40506,0.67830,0.11087,0.00689,frames/frame_000903.jpg
904,30.133333,,0,B,0.40397,0.67830,0.11062,0.01324,frames/frame_000904.jpg
905,30.166667,,0,B,0.37835,0.67761,0.13648,0.06126,frames/frame_000905.jpg
906,30.200000,,0,P,0.38137,0.67793,0.13392,0.02803,frames/frame_000906.jpg
907,30.233333,,0,B,0.37972,0.67763,0.12825,0.04020,frames/frame_000907.jpg
908,30.266667,,0,B,0.38165,0.67788,0.12671,0.02397,frames/frame_000908.jpg
909,30.300000,,0,B,0.38211,0.67783,0.12734,0.02053,frames/frame_000909.jpg
910,30.333333,,0,P,0.38106,0.67793,0.12720,0.00916,frames/frame_000910.jpg
911,30.366667,,0,B,0.38057,0.67803,0.12791,0.00680,frames/frame_000911.jpg
912,30.400000,,0,B,0.37995,0.67786,0.12862,0.00393,frames/frame_000912.jpg
913,30.433333,,0,B,0.38016,0.67784,0.12879,0.00201,frames/frame_000913.jpg
914,30.466667,,0,P,0.37971,0.67808,0.12853,0.00405,frames/frame_000914.jpg
915,30.500000,,0,B,0.38044,0.67809,0.12827,0.00311,frames/frame_000915.jpg
916,30.533333,,0,B,0.38061,0.67773,0.12790,0.00322,frames/frame_000916.jpg
917,30.566667,,0,B,0.38085,0.67768,0.12793,0.00151,frames/frame_000917.jpg
918,30.600000,,0,P,0.38019,0.67760,0.12829,0.00215,frames/frame_000918.jpg
919,30.633333,,0,B,0.69428,0.26828,0.13512,0.28440,frames/frame_000919.jpg
920,30.666667,,0,B,0.69350,0.27058,0.13550,0.02005,frames/frame_000920.jpg
921,30.700000,,0,B,0.69371,0.27143,0.13502,0.01171,frames/frame_000921.jpg
922,30.733333,,0,P,0.69268,0.27150,0.13463,0.01165,frames/frame_000922.jpg
923,30.766667,,0,B,0.69266,0.27518,0.13284,0.01992,frames/frame_000923.jpg
924,30.800000,,0,B,0.67054,0.33230,0.13713,0.08043,frames/frame_000924.jpg
925,30.833333,,0,B,0.66945,0.33463,0.13657,0.02021,frames/frame_000925.jpg
926,30.866667,,0,P,0.66913,0.33345,0.13737,0.01231,frames/frame_000926.jpg
927,30.900000,,0,B,0.67099,0.33158,0.13752,0.01204,frames/frame_000927.jpg
928,30.933333,,0,B,0.67034,0.33386,0.13622,0.01872,frames/frame_000928.jpg
929,30.966667,,0,B,0.67144,0.33391,0.13617,0.02545,frames/frame_000929.jpg
930,31.000000,,0,P,0.67087,0.33367,0.13646,0.01002,frames/frame_000930.jpg
931,31.033333,,0,B,0.67225,0.33286,0.13659,0.00977,frames/frame_000931.jpg
932,31.066667,,0,B,0.67397,0.32932,0.13626,0.02550,frames/frame_000932.jpg
933,31.100000,,0,B,0.67499,0.32838,0.13679,0.00935,frames/frame_000933.jpg
934,31.133333,,0,P,0.67492,0.32733,0.13814,0.01776,frames/frame_000934.jpg
935,31.166667,,0,B,0.67577,0.32662,0.13849,0.00889,frames/frame_000935.jpg
936,31.200000,,0,B,0.67606,0.32595,0.13939,0.00868,frames/frame_000936.jpg
937,31.233333,,0,B,0.64779,0.38985,0.14917,0.10113,frames/frame_000937.jpg
938,31.266667,,0,P,0.64833,0.38714,0.14890,0.01283,frames/frame_000938.jpg
939,31.300000,,0,B,0.65065,0.38319,0.14888,0.02634,frames/frame_000939.jpg
940,31.333333,,0,B,0.65068,0.38235,0.14897,0.00865,frames/frame_000940.jpg
941,31.366667,,0,B,0.65054,0.38015,0.14970,0.01753,frames/frame_000941.jpg
942,31.400000,,0,P,0.65027,0.37949,0.15000,0.00769,frames/frame_000942.jpg
943,31.433333,,0,B,0.65185,0.37629,0.14932,0.01692,frames/frame_000943.jpg
944,31.466667,,0,B,0.65191,0.37572,0.14953,0.00704,frames/frame_000944.jpg
945,31.500000,,0,B,0.65217,0.37552,0.14919,0.00688,frames/frame_000945.jpg
946,31.533333,,0,P,0.65217,0.37319,0.14732,0.01815,frames/frame_000946.jpg
947,31.566667,,0,B,0.65272,0.37312,0.14689,0.00666,frames/frame_000947.jpg
948,31.600000,,0,B,0.65109,0.37392,0.14854,0.01963,frames/frame_000948.jpg
949,31.633333,,0,B,0.69363,0.27133,0.13451,0.12371,frames/frame_000949.jpg
950,31.666667,,0,P,0.69470,0.26896,0.13477,0.01828,frames/frame_000950.jpg
951,31.700000,,0,B,0.69628,0.26801,0.13373,0.01319,frames/frame_000951.jpg
952,31.733333,,0,B,0.69731,0.26608,0.13383,0.01772,frames/frame_000952.jpg
953,31.766667,,0,B,0.69837,0.26559,0.13373,0.01206,frames/frame_000953.jpg
954,31.800000,,0,P,0.69805,0.26412,0.13439,0.01225,frames/frame_000954.jpg
955,31.833333,,0,B,0.69885,0.26501,0.13423,0.02004,frames/frame_000955.jpg
956,31.866667,,0,B,0.69898,0.26374,0.13479,0.01227,frames/frame_000956.jpg
957,31.900000,,0,B,0.70014,0.26290,0.13497,0.02060,frames/frame_000957.jpg
958,31.933333,,0,P,0.69972,0.26253,0.13547,0.01193,frames/frame_000958.jpg
959,31.966667,,0,B,0.68042,0.26820,0.14194,0.04742,frames/frame_000959.jpg
960,32.000000,,0,B,0.67984,0.26808,0.14228,0.01087,frames/frame_000960.jpg
961,32.033333,,0,B,0.64412,0.28558,0.16543,0.10013,frames/frame_000961.jpg
962,32.066667,,0,P,0.64260,0.28386,0.16601,0.01726,frames/frame_000962.jpg
963,32.100000,,0,B,0.64240,0.28204,0.16754,0.01580,frames/frame_000963.jpg
964,32.133333,,0,B,0.62202,0.28292,0.17326,0.07076,frames/frame_000964.jpg
965,32.166667,,0,B,0.62248,0.28326,0.17296,0.01122,frames/frame_000965.jpg
966,32.200000,,0,P,0.60835,0.28097,0.17814,0.07719,frames/frame_000966.jpg
967,32.233333,,0,B,0.60889,0.28178,0.17705,0.00968,frames/frame_000967.jpg
968,32.266667,,0,B,0.60814,0.28255,0.17763,0.00905,frames/frame_000968.jpg
969,32.300000,,0,B,0.59701,0.28337,0.18357,0.08104,frames/frame_000969.jpg
970,32.333333,,0,P,0.58367,0.28758,0.18843,0.07168,frames/frame_000970.jpg
971,32.366667,,0,B,0.56973,0.30216,0.17497,0.02056,frames/frame_000971.jpg
972,32.400000,,0,B,0.56944,0.30215,0.17508,0.00698,frames/frame_000972.jpg
973,32.433333,,0,B,0.55321,0.29514,0.19496,0.15973,frames/frame_000973.jpg
974,32.466667,,0,P,0.55931,0.29010,0.19334,0.03535,frames/frame_000974.jpg
975,32.500000,,0,B,0.57254,0.28160,0.19386,0.07657,frames/frame_000975.jpg
976,32.533333,,0,B,0.57694,0.27730,0.19315,0.02299,frames/frame_000976.jpg
977,32.566667,,0,B,0.58097,0.27499,0.19206,0.01881,frames/frame_000977.jpg
978,32.600000,,0,P,0.58835,0.27120,0.18536,0.07014,frames/frame_000978.jpg
979,32.633333,,0,B,0.60240,0.26564,0.18242,0.06674,frames/frame_000979.jpg
980,32.666667,,0,B,0.60315,0.26462,0.18132,0.01198,frames/frame_000980.jpg
981,32.700000,,0,B,0.60472,0.26356,0.18077,0.01151,frames/frame_000981.jpg
982,32.733333,,0,P,0.61408,0.26032,0.17855,0.04883,frames/frame_000982.jpg
983,32.766667,,0,B,0.61470,0.26115,0.17784,0.01032,frames/frame_000983.jpg
984,32.800000,,0,B,0.62148,0.25801,0.17663,0.04201,frames/frame_000984.jpg
985,32.833333,,0,B,0.62075,0.25979,0.17651,0.01049,frames/frame_000985.jpg
986,32.866667,,0,P,0.60299,0.26697,0.18642,0.07058,frames/frame_000986.jpg
987,32.900000,,0,B,0.61442,0.26295,0.18320,0.05114,frames/frame_000987.jpg
988,32.933333,,0,P,0.61615,0.26310,0.17945,0.02258,frames/frame_000988.jpg
989,32.966667,,1,I,0.62427,0.26048,0.17478,0.05056,frames/frame_000989.jpg
990,33.000000,,0,B,0.62602,0.26099,0.17493,0.01500,frames/frame_000990.jpg
991,33.033333,,0,B,0.63096,0.26057,0.17284,0.03181,frames/frame_000991.jpg
992,33.066667,,0,B,0.63219,0.26031,0.17222,0.01332,frames/frame_000992.jpg
993,33.100000,,0,P,0.63533,0.25866,0.16826,0.02661,frames/frame_000993.jpg
994,33.133333,,0,B,0.63698,0.25861,0.16743,0.01248,frames/frame_000994.jpg
995,33.166667,,0,B,0.63725,0.25800,0.16663,0.01178,frames/frame_000995.jpg
996,33.200000,,0,B,0.64157,0.25557,0.16440,0.02185,frames/frame_000996.jpg
997,33.233333,,0,P,0.64149,0.25407,0.16438,0.01081,frames/frame_000997.jpg
998,33.266667,,0,B,0.64468,0.25226,0.16250,0.01896,frames/frame_000998.jpg
999,33.300000,,0,B,0.63795,0.25215,0.17132,0.05055,frames/frame_000999.jpg
1000,33.333333,,0,B,0.64436,0.24950,0.17125,0.02699,frames/frame_001000.jpg
1001,33.366667,,0,P,0.64530,0.24847,0.16816,0.01760,frames/frame_001001.jpg
1002,33.400000,,0,B,0.65194,0.24624,0.16712,0.03102,frames/frame_001002.jpg
1003,33.433333,,0,B,0.65253,0.24527,0.16637,0.01437,frames/frame_001003.jpg
1004,33.466667,,0,B,0.65352,0.24542,0.16577,0.01337,frames/frame_001004.jpg
1005,33.500000,,0,P,0.65789,0.24180,0.16444,0.04378,frames/frame_001005.jpg
1006,33.533333,,0,B,0.65913,0.24242,0.16492,0.01250,frames/frame_001006.jpg
1007,33.566667,,0,B,0.65578,0.24569,0.16422,0.03098,frames/frame_001007.jpg
1008,33.600000,,0,B,0.65563,0.24689,0.16408,0.01127,frames/frame_001008.jpg
1009,33.633333,,0,P,0.65273,0.24939,0.16466,0.03174,frames/frame_001009.jpg
1010,33.666667,,0,B,0.62150,0.27294,0.19426,0.10618,frames/frame_001010.jpg
1011,33.700000,,0,P,0.62024,0.27357,0.19100,0.05057,frames/frame_001011.jpg
1012,33.733333,,0,B,0.62275,0.27396,0.18933,0.04222,frames/frame_001012.jpg
1013,33.766667,,0,B,0.62448,0.27391,0.18780,0.02678,frames/frame_001013.jpg
1014,33.800000,,0,B,0.62742,0.27282,0.18931,0.01767,frames/frame_001014.jpg
1015,33.833333,,0,P,0.62681,0.27285,0.18973,0.01670,frames/frame_001015.jpg
1016,33.866667,,0,B,0.62799,0.27302,0.18617,0.02623,frames/frame_001016.jpg
1017,33.900000,,0,B,0.60413,0.28255,0.19743,0.06086,frames/frame_001017.jpg
1018,33.933333,,0,B,0.60526,0.28091,0.19866,0.02573,frames/frame_001018.jpg
1019,33.966667,,0,P,0.61361,0.27220,0.21052,0.09053,frames/frame_001019.jpg
1020,34.000000,,0,B,0.61088,0.27153,0.21160,0.02367,frames/frame_001020.jpg
1021,34.033333,,0,B,0.59719,0.27971,0.22887,0.08234,frames/frame_001021.jpg
1022,34.066667,,0,P,0.59252,0.26894,0.22704,0.05335,frames/frame_001022.jpg
1023,34.100000,,0,P,0.58853,0.25880,0.22338,0.06174,frames/frame_001023.jpg
1024,34.133333,,0,P,0.59449,0.24587,0.21440,0.07716,frames/frame_001024.jpg
1025,34.166667,,0,B,0.60194,0.22944,0.19931,0.09212,frames/frame_001025.jpg
1026,34.200000,,0,P,0.61803,0.20731,0.17709,0.10129,frames/frame_001026.jpg
1027,34.233333,,0,B,0.64345,0.18249,0.15123,0.10568,frames/frame_001027.jpg
1028,34.266667,,0,P,0.67215,0.15592,0.13974,0.09308,frames/frame_001028.jpg
1029,34.300000,,0,B,0.82494,0.10028,0.10455,0.14870,frames/frame_001029.jpg
1030,34.333333,,0,P,0.82438,0.10032,0.10193,0.01038,frames/frame_001030.jpg
1031,34.366667,,0,B,0.82462,0.10057,0.10025,0.00461,frames/frame_001031.jpg
1032,34.400000,,0,B,0.82371,0.10073,0.10097,0.00745,frames/frame_001032.jpg
1033,34.433333,,0,B,0.82381,0.10038,0.10033,0.00410,frames/frame_001033.jpg
1034,34.466667,,0,P,0.82357,0.10089,0.10045,0.00474,frames/frame_001034.jpg
1035,34.500000,,0,B,0.82371,0.10204,0.10132,0.00793,frames/frame_001035.jpg
1036,34.533333,,0,B,0.82342,0.10241,0.10196,0.00412,frames/frame_001036.jpg
1037,34.566667,,0,B,0.82407,0.10219,0.10293,0.00842,frames/frame_001037.jpg
1038,34.600000,,0,P,0.82377,0.10240,0.10242,0.00537,frames/frame_001038.jpg
1039,34.633333,,0,P,0.82389,0.10291,0.10096,0.01057,frames/frame_001039.jpg
1040,34.666667,,0,B,0.82503,0.10310,0.10076,0.00617,frames/frame_001040.jpg
1041,34.700000,,0,B,0.82507,0.10301,0.10001,0.00795,frames/frame_001041.jpg
1042,34.733333,,0,B,0.82514,0.10318,0.10080,0.00554,frames/frame_001042.jpg
1043,34.766667,,0,P,0.82463,0.10318,0.10088,0.00633,frames/frame_001043.jpg
1044,34.800000,,0,B,0.82487,0.10340,0.10104,0.00647,frames/frame_001044.jpg
1045,34.833333,,0,B,0.82487,0.10350,0.10173,0.00444,frames/frame_001045.jpg
1046,34.866667,,0,B,0.82521,0.10336,0.09948,0.00722,frames/frame_001046.jpg
1047,34.900000,,0,P,0.82433,0.10374,0.10089,0.00357,frames/frame_001047.jpg
1048,34.933333,,0,B,0.82460,0.10349,0.10154,0.00319,frames/frame_001048.jpg
1049,34.966667,,0,B,0.82469,0.10338,0.10268,0.00732,frames/frame_001049.jpg
1050,35.000000,,0,B,0.82427,0.10340,0.10297,0.00747,frames/frame_001050.jpg
1051,35.033333,,0,P,0.82363,0.10365,0.10405,0.00271,frames/frame_001051.jpg
1052,35.066667,,0,B,0.82416,0.10340,0.10445,0.00298,frames/frame_001052.jpg
1053,35.100000,,0,B,0.82368,0.10375,0.10448,0.00485,frames/frame_001053.jpg
1054,35.133333,,0,B,0.82393,0.10373,0.10471,0.00234,frames/frame_001054.jpg
1055,35.166667,,0,P,0.82391,0.10382,0.10747,0.00732,frames/frame_001055.jpg
1056,35.200000,,0,B,0.82441,0.10412,0.10865,0.00322,frames/frame_001056.jpg
1057,35.233333,,0,B,0.82409,0.10434,0.10981,0.00303,frames/frame_001057.jpg
1058,35.266667,,0,B,0.82494,0.10440,0.10677,0.00646,frames/frame_001058.jpg
1059,35.300000,,0,P,0.82421,0.10460,0.10174,0.01085,frames/frame_001059.jpg
1060,35.333333,,0,B,0.82468,0.10452,0.10131,0.00362,frames/frame_001060.jpg
1061,35.366667,,0,P,0.82383,0.10425,0.10333,0.00411,frames/frame_001061.jpg
1062,35.400000,,0,P,0.82355,0.10431,0.10695,0.00642,frames/frame_001062.jpg
1063,35.433333,,0,B,0.82388,0.10459,0.10987,0.00457,frames/frame_001063.jpg
1064,35.466667,,0,B,0.82379,0.10465,0.10521,0.00831,frames/frame_001064.jpg
1065,35.500000,,0,B,0.82363,0.10472,0.10324,0.00500,frames/frame_001065.jpg
1066,35.533333,,0,P,0.82319,0.10452,0.10421,0.00532,frames/frame_001066.jpg
1067,35.566667,,0,B,0.82367,0.10523,0.10786,0.00996,frames/frame_001067.jpg
1068,35.600000,,0,P,0.82383,0.10525,0.10245,0.00745,frames/frame_001068.jpg
1069,35.633333,,0,B,0.82292,0.10475,0.10625,0.01634,frames/frame_001069.jpg
1070,35.666667,,0,B,0.82292,0.10490,0.10473,0.00684,frames/frame_001070.jpg
1071,35.700000,,0,P,0.82252,0.10527,0.10795,0.00727,frames/frame_001071.jpg
1072,35.733333,,0,B,0.80825,0.11378,0.12712,0.05414,frames/frame_001072.jpg
1073,35.766667,,0,B,0.81020,0.11351,0.12332,0.01900,frames/frame_001073.jpg
1074,35.800000,,0,B,0.81103,0.11278,0.11979,0.00808,frames/frame_001074.jpg
1075,35.833333,,0,P,0.81082,0.11272,0.11955,0.00627,frames/frame_001075.jpg
1076,35.866667,,0,B,0.81268,0.11341,0.11664,0.01433,frames/frame_001076.jpg
1077,35.900000,,0,B,0.81316,0.11326,0.11693,0.00281,frames/frame_001077.jpg
1078,35.933333,,0,P,0.81205,0.11286,0.11957,0.01470,frames/frame_001078.jpg
1079,35.966667,,1,I,0.81183,0.11318,0.12001,0.00479,frames/frame_001079.jpg
1080,36.000000,,0,B,0.81113,0.11343,0.12112,0.01134,frames/frame_001080.jpg
1081,36.033333,,0,B,0.81096,0.11351,0.12159,0.00234,frames/frame_001081.jpg
1082,36.066667,,0,B,0.81097,0.11421,0.12007,0.01216,frames/frame_001082.jpg
1083,36.100000,,0,P,0.81069,0.11430,0.11985,0.00241,frames/frame_001083.jpg
1084,36.133333,,0,B,0.81176,0.11428,0.11886,0.00292,frames/frame_001084.jpg
1085,36.166667,,0,B,0.81022,0.11596,0.12201,0.01529,frames/frame_001085.jpg
1086,36.200000,,0,B,0.80871,0.11720,0.12767,0.00947,frames/frame_001086.jpg
1087,36.233333,,0,P,0.80599,0.11818,0.13293,0.01859,frames/frame_001087.jpg
1088,36.266667,,0,B,0.80669,0.11850,0.13362,0.00525,frames/frame_001088.jpg
1089,36.300000,,0,B,0.80559,0.11953,0.13420,0.01593,frames/frame_001089.jpg
1090,36.333333,,0,B,0.80600,0.11925,0.13460,0.00383,frames/frame_001090.jpg
1091,36.366667,,0,P,0.80558,0.11995,0.13351,0.01259,frames/frame_001091.jpg
1092,36.400000,,0,B,0.80637,0.11961,0.13314,0.00321,frames/frame_001092.jpg
1093,36.433333,,0,B,0.80609,0.11930,0.13378,0.00424,frames/frame_001093.jpg
1094,36.466667,,0,B,0.80720,0.11903,0.13238,0.01476,frames/frame_001094.jpg
1095,36.500000,,0,P,0.80659,0.11929,0.13294,0.00300,frames/frame_001095.jpg
1096,36.533333,,0,B,0.80733,0.11905,0.13127,0.01149,frames/frame_001096.jpg
1097,36.566667,,0,B,0.80791,0.11861,0.13136,0.00266,frames/frame_001097.jpg
1098,36.600000,,0,P,0.80730,0.11886,0.13063,0.00315,frames/frame_001098.jpg
1099,36.633333,,0,B,0.80767,0.11863,0.13267,0.01467,frames/frame_001099.jpg
1100,36.666667,,0,B,0.80674,0.11899,0.13279,0.00932,frames/frame_001100.jpg
1101,36.700000,,0,B,0.80715,0.11873,0.13267,0.00220,frames/frame_001101.jpg
1102,36.733333,,0,P,0.80654,0.11898,0.13287,0.00267,frames/frame_001102.jpg
1103,36.766667,,0,B,0.82914,0.10498,0.09403,0.05492,frames/frame_001103.jpg
1104,36.800000,,0,B,0.82813,0.10541,0.09477,0.00887,frames/frame_001104.jpg
1105,36.833333,,0,B,0.82839,0.10578,0.09517,0.00778,frames/frame_001105.jpg
1106,36.866667,,0,P,0.82789,0.10631,0.09592,0.00573,frames/frame_001106.jpg
1107,36.900000,,0,B,0.82820,0.10628,0.09612,0.00561,frames/frame_001107.jpg
1108,36.933333,,0,B,0.82748,0.10676,0.09536,0.00682,frames/frame_001108.jpg
1109,36.966667,,0,B,0.82698,0.10769,0.09620,0.01027,frames/frame_001109.jpg
1110,37.000000,,0,P,0.82915,0.10651,0.09221,0.01842,frames/frame_001110.jpg
1111,37.033333,,0,B,0.82733,0.10516,0.09798,0.01942,frames/frame_001111.jpg
1112,37.066667,,0,B,0.82733,0.10412,0.09792,0.01569,frames/frame_001112.jpg
1113,37.100000,,0,B,0.82757,0.10415,0.09876,0.00918,frames/frame_001113.jpg
1114,37.133333,,0,P,0.82744,0.10465,0.09940,0.00663,frames/frame_001114.jpg
1115,37.166667,,0,B,0.82776,0.10480,0.09953,0.00711,frames/frame_001115.jpg
1116,37.200000,,0,B,0.82818,0.10519,0.09734,0.01173,frames/frame_001116.jpg
1117,37.233333,,0,B,0.83198,0.10504,0.08754,0.01719,frames/frame_001117.jpg
1118,37.266667,,0,P,0.82929,0.10482,0.09169,0.01813,frames/frame_001118.jpg
1119,37.300000,,0,B,0.82886,0.10594,0.09057,0.01628,frames/frame_001119.jpg
1120,37.333333,,0,B,0.82846,0.10641,0.09305,0.00772,frames/frame_001120.jpg
1121,37.366667,,0,B,0.82832,0.10678,0.09387,0.00680,frames/frame_001121.jpg
1122,37.400000,,0,P,0.82917,0.10639,0.09214,0.01454,frames/frame_001122.jpg
1123,37.433333,,0,B,0.82899,0.10386,0.09237,0.02216,frames/frame_001123.jpg
1124,37.466667,,0,B,0.83067,0.10286,0.09128,0.01975,frames/frame_001124.jpg
1125,37.500000,,0,B,0.83065,0.10277,0.09072,0.00787,frames/frame_001125.jpg
1126,37.533333,,0,P,0.83060,0.10303,0.09166,0.00854,frames/frame_001126.jpg
1127,37.566667,,0,P,0.83038,0.10333,0.09233,0.00964,frames/frame_001127.jpg
1128,37.600000,,0,B,0.83011,0.10366,0.09214,0.00915,frames/frame_001128.jpg
1129,37.633333,,0,B,0.82728,0.10303,0.09438,0.01579,frames/frame_001129.jpg
1130,37.666667,,0,B,0.82749,0.10298,0.09489,0.01387,frames/frame_001130.jpg
1131,37.700000,,0,P,0.82711,0.10342,0.09496,0.00653,frames/frame_001131.jpg
1132,37.733333,,0,B,0.82686,0.10385,0.09487,0.00679,frames/frame_001132.jpg
1133,37.766667,,0,B,0.82654,0.10424,0.09683,0.00809,frames/frame_001133.jpg
1134,37.800000,,0,P,0.79547,0.16674,0.11848,0.04211,frames/frame_001134.jpg
1135,37.833333,,0,P,0.79840,0.16202,0.11683,0.01807,frames/frame_001135.jpg
1136,37.866667,,0,B,0.80000,0.15640,0.11749,0.02293,frames/frame_001136.jpg
1137,37.900000,,0,P,0.78601,0.15840,0.12022,0.03364,frames/frame_001137.jpg
1138,37.933333,,0,P,0.78008,0.15908,0.11949,0.02663,frames/frame_001138.jpg
1139,37.966667,,0,B,0.76836,0.16612,0.12063,0.03810,frames/frame_001139.jpg
1140,38.000000,,0,B,0.75889,0.16333,0.14112,0.02514,frames/frame_001140.jpg
1141,38.033333,,0,P,0.76147,0.16372,0.13855,0.01594,frames/frame_001141.jpg
1142,38.066667,,0,B,0.76463,0.16431,0.13370,0.01482,frames/frame_001142.jpg
1143,38.100000,,0,B,0.76811,0.16261,0.13239,0.01182,frames/frame_001143.jpg
1144,38.133333,,0,B,0.76899,0.16151,0.13373,0.00771,frames/frame_001144.jpg
1145,38.166667,,0,P,0.76682,0.16267,0.13371,0.00746,frames/frame_001145.jpg
1146,38.200000,,0,B,0.76482,0.16461,0.13208,0.00595,frames/frame_001146.jpg
1147,38.233333,,0,B,0.76268,0.16567,0.13201,0.00414,frames/frame_001147.jpg
1148,38.266667,,0,B,0.76165,0.16667,0.13142,0.00531,frames/frame_001148.jpg
1149,38.300000,,0,P,0.75484,0.17031,0.13115,0.00828,frames/frame_001149.jpg
1150,38.333333,,0,B,0.75323,0.17183,0.13112,0.00444,frames/frame_001150.jpg
1151,38.366667,,0,B,0.75153,0.17276,0.13107,0.00309,frames/frame_001151.jpg
1152,38.400000,,0,B,0.75064,0.17314,0.13100,0.00317,frames/frame_001152.jpg
1153,38.433333,,0,P,0.74958,0.17375,0.13096,0.00202,frames/frame_001153.jpg
1154,38.466667,,0,B,0.74988,0.17387,0.13094,0.00168,frames/frame_001154.jpg
1155,38.500000,,0,B,0.74961,0.17378,0.13113,0.00186,frames/frame_001155.jpg
1156,38.533333,,0,B,0.74087,0.17406,0.19488,0.14440,frames/frame_001156.jpg
1157,38.566667,,0,P,0.74032,0.17406,0.19481,0.00541,frames/frame_001157.jpg
1158,38.600000,,0,B,0.74068,0.17474,0.19550,0.00580,frames/frame_001158.jpg
1159,38.633333,,0,B,0.73942,0.17592,0.19420,0.00961,frames/frame_001159.jpg
1160,38.666667,,0,B,0.73981,0.17641,0.19327,0.00609,frames/frame_001160.jpg
1161,38.700000,,0,P,0.73811,0.17691,0.19141,0.00788,frames/frame_001161.jpg
1162,38.733333,,0,B,0.73842,0.17746,0.19039,0.00831,frames/frame_001162.jpg
1163,38.766667,,0,B,0.73746,0.17815,0.18981,0.00945,frames/frame_001163.jpg
1164,38.800000,,0,B,0.73716,0.17954,0.19142,0.01093,frames/frame_001164.jpg
1165,38.833333,,0,P,0.73537,0.17977,0.19513,0.01220,frames/frame_001165.jpg
1166,38.866667,,0,B,0.73423,0.18068,0.19547,0.01324,frames/frame_001166.jpg
1167,38.900000,,0,B,0.73423,0.18057,0.19009,0.01630,frames/frame_001167.jpg
1168,38.933333,,0,P,0.73348,0.18003,0.19209,0.01590,frames/frame_001168.jpg
1169,38.966667,,1,I,0.73223,0.17942,0.19424,0.02419,frames/frame_001169.jpg
1170,39.000000,,0,B,0.73304,0.17831,0.19147,0.01340,frames/frame_001170.jpg
1171,39.033333,,0,B,0.73227,0.17822,0.19175,0.01216,frames/frame_001171.jpg
1172,39.066667,,0,B,0.73218,0.17845,0.19249,0.01207,frames/frame_001172.jpg
1173,39.100000,,0,P,0.73024,0.17844,0.19411,0.01288,frames/frame_001173.jpg
1174,39.133333,,0,B,0.73025,0.17907,0.19393,0.01398,frames/frame_001174.jpg
1175,39.166667,,0,B,0.72844,0.17868,0.19407,0.01660,frames/frame_001175.jpg
1176,39.200000,,0,B,0.72734,0.18024,0.19181,0.02080,frames/frame_001176.jpg
1177,39.233333,,0,P,0.72390,0.18101,0.19036,0.03047,frames/frame_001177.jpg
1178,39.266667,,0,B,0.71933,0.18238,0.18604,0.05260,frames/frame_001178.jpg
1179,39.300000,,0,B,0.73106,0.17552,0.19551,0.03578,frames/frame_001179.jpg
1180,39.333333,,0,B,0.73675,0.17371,0.19478,0.02533,frames/frame_001180.jpg
1181,39.366667,,0,P,0.73911,0.17254,0.19559,0.02188,frames/frame_001181.jpg
1182,39.400000,,0,B,0.74274,0.17118,0.19146,0.01661,frames/frame_001182.jpg
1183,39.433333,,0,B,0.74286,0.17023,0.18984,0.01058,frames/frame_001183.jpg
1184,39.466667,,0,B,0.74553,0.16824,0.19440,0.01047,frames/frame_001184.jpg
1185,39.500000,,0,P,0.74229,0.16929,0.19120,0.01008,frames/frame_001185.jpg
1186,39.533333,,0,B,0.74254,0.16983,0.19024,0.00789,frames/frame_001186.jpg
1187,39.566667,,0,B,0.74159,0.16974,0.19055,0.00789,frames/frame_001187.jpg
1188,39.600000,,0,B,0.74101,0.17134,0.19125,0.00630,frames/frame_001188.jpg
1189,39.633333,,0,P,0.74039,0.17215,0.19151,0.00755,frames/frame_001189.jpg
1190,39.666667,,0,B,0.74185,0.17196,0.19092,0.00469,frames/frame_001190.jpg
1191,39.700000,,0,B,0.74180,0.17165,0.19069,0.00483,frames/frame_001191.jpg
1192,39.733333,,0,B,0.74267,0.17136,0.18889,0.01535,frames/frame_001192.jpg
1193,39.766667,,0,P,0.74118,0.17084,0.19028,0.03943,frames/frame_001193.jpg
1194,39.800000,,0,B,0.73678,0.17150,0.19257,0.05751,frames/frame_001194.jpg
1195,39.833333,,0,B,0.73155,0.17332,0.19390,0.06985,frames/frame_001195.jpg
1196,39.866667,,0,B,0.72324,0.17841,0.19293,0.07998,frames/frame_001196.jpg
1197,39.900000,,0,P,0.71319,0.18677,0.19032,0.08920,frames/frame_001197.jpg
1198,39.933333,,0,B,0.70358,0.18999,0.18341,0.09802,frames/frame_001198.jpg
1199,39.966667,,0,B,0.71631,0.17838,0.14724,0.15356,frames/frame_001199.jpg
1200,40.000000,,0,P,0.77065,0.15014,0.09787,0.10611,frames/frame_001200.jpg
1201,40.033333,,0,P,0.84209,0.10431,0.06287,0.06765,frames/frame_001201.jpg
1202,40.066667,,0,B,0.84537,0.10202,0.06198,0.00336,frames/frame_001202.jpg
1203,40.100000,,0,B,0.84532,0.10202,0.06200,0.00014,frames/frame_001203.jpg
1204,40.133333,,0,B,0.73553,0.20927,0.12050,0.10042,frames/frame_001204.jpg
1205,40.166667,,0,P,0.58080,0.28866,0.11564,0.16073,frames/frame_001205.jpg
1206,40.200000,,0,B,0.44756,0.40447,0.13665,0.16156,frames/frame_001206.jpg
1207,40.233333,,0,B,0.39388,0.45578,0.14491,0.08152,frames/frame_001207.jpg
1208,40.266667,,0,P,0.38201,0.46927,0.15358,0.04880,frames/frame_001208.jpg
1209,40.300000,,0,P,0.38166,0.45876,0.17335,0.07006,frames/frame_001209.jpg
1210,40.333333,,0,B,0.37438,0.47109,0.16729,0.05394,frames/frame_001210.jpg
1211,40.366667,,0,B,0.38177,0.46404,0.17098,0.05246,frames/frame_001211.jpg
1212,40.400000,,0,B,0.38076,0.46552,0.17365,0.04591,frames/frame_001212.jpg
1213,40.433333,,0,P,0.37727,0.46626,0.17267,0.04389,frames/frame_001213.jpg
1214,40.466667,,0,B,0.37139,0.47356,0.16705,0.04489,frames/frame_001214.jpg
1215,40.500000,,0,B,0.37044,0.47824,0.16658,0.05798,frames/frame_001215.jpg
1216,40.533333,,0,P,0.36797,0.47947,0.16536,0.03588,frames/frame_001216.jpg
1217,40.566667,,0,B,0.37108,0.47278,0.16554,0.03010,frames/frame_001217.jpg
1218,40.600000,,0,B,0.37232,0.47206,0.16862,0.03547,frames/frame_001218.jpg
1219,40.633333,,0,B,0.37046,0.47644,0.16241,0.04989,frames/frame_001219.jpg
1220,40.666667,,0,P,0.36700,0.48097,0.16656,0.02306,frames/frame_001220.jpg
1221,40.700000,,0,B,0.38409,0.45844,0.17370,0.04850,frames/frame_001221.jpg
1222,40.733333,,0,P,0.38617,0.45613,0.17122,0.06890,frames/frame_001222.jpg
1223,40.766667,,0,B,0.37699,0.46696,0.16865,0.05052,frames/frame_001223.jpg
1224,40.800000,,0,B,0.36816,0.48305,0.15718,0.05379,frames/frame_001224.jpg
1225,40.833333,,0,P,0.36790,0.48270,0.15535,0.04191,frames/frame_001225.jpg
1226,40.866667,,0,B,0.37299,0.47585,0.16208,0.04256,frames/frame_001226.jpg
1227,40.900000,,0,B,0.38364,0.46545,0.17762,0.05357,frames/frame_001227.jpg
1228,40.933333,,0,B,0.37548,0.47639,0.16519,0.03395,frames/frame_001228.jpg
1229,40.966667,,0,P,0.37433,0.47713,0.16869,0.06379,frames/frame_001229.jpg
1230,41.000000,,0,B,0.38268,0.46581,0.17641,0.03149,frames/frame_001230.jpg
1231,41.033333,,0,B,0.38612,0.46324,0.17658,0.03669,frames/frame_001231.jpg
1232,41.066667,,0,B,0.38049,0.47023,0.16864,0.03230,frames/frame_001232.jpg
1233,41.100000,,0,P,0.38318,0.46995,0.16741,0.04551,frames/frame_001233.jpg
1234,41.133333,,0,B,0.38817,0.46350,0.16356,0.03986,frames/frame_001234.jpg
1235,41.166667,,0,P,0.38747,0.46413,0.16363,0.04340,frames/frame_001235.jpg
1236,41.200000,,0,B,0.39389,0.45511,0.16907,0.05032,frames/frame_001236.jpg
1237,41.233333,,0,B,0.39680,0.45093,0.17676,0.04481,frames/frame_001237.jpg
1238,41.266667,,0,P,0.39023,0.46501,0.16502,0.08704,frames/frame_001238.jpg
1239,41.300000,,0,P,0.47523,0.37438,0.18910,0.15348,frames/frame_001239.jpg
1240,41.333333,,0,P,0.45430,0.39204,0.19297,0.12316,frames/frame_001240.jpg
1241,41.366667,,0,P,0.43974,0.40559,0.18995,0.10352,frames/frame_001241.jpg
1242,41.400000,,0,B,0.41905,0.42287,0.18685,0.09751,frames/frame_001242.jpg
1243,41.433333,,0,P,0.42024,0.42181,0.18820,0.02688,frames/frame_001243.jpg
1244,41.466667,,0,B,0.42361,0.41813,0.18968,0.02828,frames/frame_001244.jpg
1245,41.500000,,0,P,0.42952,0.41188,0.19579,0.03531,frames/frame_001245.jpg
1246,41.533333,,0,B,0.37324,0.44111,0.07961,0.21396,frames/frame_001246.jpg
1247,41.566667,,0,B,0.36879,0.44005,0.07632,0.02026,frames/frame_001247.jpg
1248,41.600000,,0,P,0.36512,0.43958,0.07405,0.01514,frames/frame_001248.jpg
1249,41.633333,,0,P,0.42755,0.41434,0.19051,0.21927,frames/frame_001249.jpg
1250,41.666667,,0,P,0.41644,0.42912,0.18169,0.07199,frames/frame_001250.jpg
1251,41.700000,,0,P,0.41754,0.42686,0.18068,0.06340,frames/frame_001251.jpg
1252,41.733333,,0,B,0.52774,0.50879,0.07954,0.26326,frames/frame_001252.jpg
1253,41.766667,,0,B,0.53200,0.51227,0.07680,0.02011,frames/frame_001253.jpg
1254,41.800000,,0,P,0.53382,0.51431,0.07525,0.01109,frames/frame_001254.jpg
1255,41.833333,,0,P,0.41670,0.42802,0.17869,0.27073,frames/frame_001255.jpg
1256,41.866667,,0,P,0.42275,0.41841,0.18566,0.03807,frames/frame_001256.jpg
1257,41.900000,,0,P,0.42258,0.41883,0.18727,0.03541,frames/frame_001257.jpg
1258,41.933333,,0,P,0.42077,0.42219,0.18628,0.03881,frames/frame_001258.jpg
1259,41.966667,,1,I,0.35836,0.43997,0.06250,0.21856,frames/frame_001259.jpg
1260,42.000000,,0,B,0.35708,0.43944,0.06161,0.00495,frames/frame_001260.jpg
1261,42.033333,,0,B,0.42672,0.42021,0.17510,0.21414,frames/frame_001261.jpg
1262,42.066667,,0,P,0.42524,0.42112,0.17683,0.04115,frames/frame_001262.jpg
1263,42.100000,,0,P,0.42120,0.42956,0.17590,0.04074,frames/frame_001263.jpg
1264,42.133333,,0,B,0.53754,0.51101,0.07921,0.26799,frames/frame_001264.jpg
1265,42.166667,,0,B,0.53882,0.51284,0.07792,0.01057,frames/frame_001265.jpg
1266,42.200000,,0,B,0.54217,0.51542,0.07434,0.01681,frames/frame_001266.jpg
1267,42.233333,,0,P,0.54212,0.51632,0.07457,0.00647,frames/frame_001267.jpg
1268,42.266667,,0,P,0.42341,0.43136,0.18010,0.26835,frames/frame_001268.jpg
1269,42.300000,,0,B,0.35335,0.50521,0.12092,0.12540,frames/frame_001269.jpg
1270,42.333333,,0,P,0.44440,0.41828,0.17060,0.11331,frames/frame_001270.jpg
1271,42.366667,,0,P,0.44981,0.40576,0.17508,0.11194,frames/frame_001271.jpg
1272,42.400000,,0,P,0.45159,0.40286,0.17531,0.11100,frames/frame_001272.jpg
1273,42.433333,,0,P,0.43871,0.41722,0.17081,0.09890,frames/frame_001273.jpg
1274,42.466667,,0,P,0.43883,0.41722,0.17267,0.05696,frames/frame_001274.jpg
1275,42.500000,,0,B,0.43484,0.42445,0.16668,0.05095,frames/frame_001275.jpg
1276,42.533333,,0,B,0.43952,0.41886,0.16751,0.04995,frames/frame_001276.jpg
1277,42.566667,,0,P,0.45030,0.40306,0.18207,0.05203,frames/frame_001277.jpg
1278,42.600000,,0,B,0.44792,0.40725,0.18111,0.06723,frames/frame_001278.jpg
1279,42.633333,,0,B,0.45551,0.40161,0.18325,0.09539,frames/frame_001279.jpg
1280,42.666667,,0,B,0.45661,0.39951,0.18759,0.05321,frames/frame_001280.jpg
1281,42.700000,,0,P,0.45691,0.39903,0.18791,0.07105,frames/frame_001281.jpg
1282,42.733333,,0,B,0.45816,0.39779,0.18801,0.06867,frames/frame_001282.jpg
1283,42.766667,,0,B,0.47356,0.38650,0.19436,0.05667,frames/frame_001283.jpg
1284,42.800000,,0,P,0.46714,0.39219,0.19206,0.06695,frames/frame_001284.jpg
1285,42.833333,,0,B,0.46765,0.39329,0.18744,0.06001,frames/frame_001285.jpg
1286,42.866667,,0,P,0.46585,0.39681,0.17812,0.06429,frames/frame_001286.jpg
1287,42.900000,,0,P,0.46660,0.39586,0.18340,0.05227,frames/frame_001287.jpg
1288,42.933333,,0,B,0.45804,0.41116,0.17831,0.05383,frames/frame_001288.jpg
1289,42.966667,,0,B,0.45983,0.40979,0.17816,0.05942,frames/frame_001289.jpg
1290,43.000000,,0,B,0.46494,0.40645,0.17912,0.04414,frames/frame_001290.jpg
1291,43.033333,,0,P,0.46559,0.40504,0.18293,0.03905,frames/frame_001291.jpg
1292,43.066667,,0,B,0.46033,0.41323,0.18135,0.04272,frames/frame_001292.jpg
1293,43.100000,,0,B,0.45950,0.41464,0.18232,0.03791,frames/frame_001293.jpg
1294,43.133333,,0,B,0.46248,0.41254,0.18119,0.03345,frames/frame_001294.jpg
1295,43.166667,,0,P,0.46015,0.41733,0.17799,0.04843,frames/frame_001295.jpg
1296,43.200000,,0,P,0.47886,0.39448,0.17978,0.04763,frames/frame_001296.jpg
1297,43.233333,,0,B,0.46983,0.40817,0.17614,0.05894,frames/frame_001297.jpg
1298,43.266667,,0,B,0.46771,0.41181,0.17215,0.05337,frames/frame_001298.jpg
1299,43.300000,,0,B,0.47244,0.40867,0.17231,0.07437,frames/frame_001299.jpg
1300,43.333333,,0,P,0.46399,0.41996,0.17070,0.04570,frames/frame_001300.jpg
1301,43.366667,,0,B,0.46685,0.41075,0.16567,0.04911,frames/frame_001301.jpg
1302,43.400000,,0,B,0.46947,0.40719,0.16824,0.04249,frames/frame_001302.jpg
1303,43.433333,,0,B,0.47299,0.40324,0.17044,0.04217,frames/frame_001303.jpg
1304,43.466667,,0,P,0.46546,0.41199,0.17366,0.03989,frames/frame_001304.jpg
1305,43.500000,,0,B,0.46544,0.41339,0.17017,0.03942,frames/frame_001305.jpg
1306,43.533333,,0,B,0.46951,0.41030,0.16880,0.03591,frames/frame_001306.jpg
1307,43.566667,,0,B,0.47243,0.40774,0.17158,0.04174,frames/frame_001307.jpg
1308,43.600000,,0,P,0.47571,0.40554,0.16610,0.03260,frames/frame_001308.jpg
1309,43.633333,,0,B,0.47767,0.40582,0.16411,0.06953,frames/frame_001309.jpg
1310,43.666667,,0,B,0.48375,0.39815,0.16714,0.05949,frames/frame_001310.jpg
1311,43.700000,,0,B,0.48772,0.40349,0.17692,0.05685,frames/frame_001311.jpg
1312,43.733333,,0,P,0.48502,0.40633,0.17026,0.04870,frames/frame_001312.jpg
1313,43.766667,,0,B,0.49026,0.40144,0.17046,0.05285,frames/frame_001313.jpg
1314,43.800000,,0,B,0.48982,0.40585,0.17643,0.04853,frames/frame_001314.jpg
1315,43.833333,,0,B,0.48375,0.41579,0.17634,0.05111,frames/frame_001315.jpg
1316,43.866667,,0,P,0.48735,0.41213,0.17575,0.03990,frames/frame_001316.jpg
1317,43.900000,,0,B,0.49441,0.40491,0.17575,0.04824,frames/frame_001317.jpg
1318,43.933333,,0,B,0.49286,0.40557,0.17575,0.04425,frames/frame_001318.jpg
1319,43.966667,,0,B,0.48837,0.41347,0.17253,0.06645,frames/frame_001319.jpg
1320,44.000000,,0,P,0.49173,0.40036,0.15903,0.05346,frames/frame_001320.jpg
1321,44.033333,,0,B,0.48682,0.40688,0.16051,0.05794,frames/frame_001321.jpg
1322,44.066667,,0,P,0.49007,0.40358,0.15908,0.06381,frames/frame_001322.jpg
1323,44.100000,,0,B,0.48755,0.40480,0.15508,0.06495,frames/frame_001323.jpg
1324,44.133333,,0,B,0.48274,0.41183,0.15563,0.06890,frames/frame_001324.jpg
1325,44.166667,,0,P,0.49297,0.39758,0.16079,0.06465,frames/frame_001325.jpg
1326,44.200000,,0,B,0.73155,0.34409,0.09778,0.23929,frames/frame_001326.jpg
1327,44.233333,,0,B,0.73122,0.34172,0.10087,0.00818,frames/frame_001327.jpg
1328,44.266667,,0,B,0.73202,0.34090,0.10055,0.00407,frames/frame_001328.jpg
1329,44.300000,,0,P,0.73209,0.33934,0.10158,0.00808,frames/frame_001329.jpg
1330,44.333333,,0,B,0.73284,0.33828,0.10183,0.00185,frames/frame_001330.jpg
1331,44.366667,,0,B,0.73194,0.33982,0.09960,0.00855,frames/frame_001331.jpg
1332,44.400000,,0,B,0.73231,0.33967,0.09941,0.00220,frames/frame_001332.jpg
1333,44.433333,,0,P,0.73235,0.33619,0.10241,0.01085,frames/frame_001333.jpg
1334,44.466667,,0,B,0.73408,0.33447,0.10248,0.00346,frames/frame_001334.jpg
1335,44.500000,,0,B,0.73384,0.33489,0.10243,0.00159,frames/frame_001335.jpg
1336,44.533333,,0,B,0.73425,0.33251,0.10345,0.00798,frames/frame_001336.jpg
1337,44.566667,,0,P,0.73243,0.33464,0.10310,0.00396,frames/frame_001337.jpg
1338,44.600000,,0,B,0.73046,0.33618,0.10517,0.01345,frames/frame_001338.jpg
1339,44.633333,,0,B,0.73005,0.33683,0.10535,0.00222,frames/frame_001339.jpg
1340,44.666667,,0,B,0.72868,0.33860,0.10593,0.01171,frames/frame_001340.jpg
1341,44.700000,,0,P,0.72710,0.34042,0.10596,0.00386,frames/frame_001341.jpg
1342,44.733333,,0,B,0.72728,0.33928,0.10533,0.01102,frames/frame_001342.jpg
1343,44.766667,,0,B,0.72661,0.33974,0.10584,0.00210,frames/frame_001343.jpg
1344,44.800000,,0,B,0.75052,0.32405,0.09467,0.02992,frames/frame_001344.jpg
1345,44.833333,,0,P,0.74853,0.32336,0.09721,0.01082,frames/frame_001345.jpg
1346,44.866667,,0,B,0.74970,0.32303,0.09273,0.00750,frames/frame_001346.jpg
1347,44.900000,,0,B,0.74946,0.32050,0.09406,0.01068,frames/frame_001347.jpg
1348,44.933333,,0,P,0.74913,0.32214,0.09172,0.00979,frames/frame_001348.jpg
1349,44.966667,,1,I,0.74838,0.32199,0.08676,0.01785,frames/frame_001349.jpg
1350,45.000000,,0,B,0.75059,0.32267,0.08222,0.01144,frames/frame_001350.jpg
1351,45.033333,,0,B,0.75304,0.32265,0.07592,0.01084,frames/frame_001351.jpg
1352,45.066667,,0,B,0.75280,0.32389,0.07531,0.00902,frames/frame_001352.jpg
1353,45.100000,,0,P,0.75034,0.32576,0.07455,0.00956,frames/frame_001353.jpg
1354,45.133333,,0,B,0.75193,0.32605,0.07120,0.00964,frames/frame_001354.jpg
1355,45.166667,,0,B,0.74746,0.32677,0.07315,0.00893,frames/frame_001355.jpg
1356,45.200000,,0,B,0.74030,0.32437,0.07867,0.01133,frames/frame_001356.jpg
1357,45.233333,,0,P,0.73468,0.32520,0.08167,0.01205,frames/frame_001357.jpg
1358,45.266667,,0,B,0.73311,0.32539,0.08250,0.01352,frames/frame_001358.jpg
1359,45.300000,,0,B,0.72749,0.32598,0.08864,0.01797,frames/frame_001359.jpg
1360,45.333333,,0,B,0.72667,0.32539,0.09071,0.01492,frames/frame_001360.jpg
1361,45.366667,,0,P,0.72344,0.32604,0.09453,0.01634,frames/frame_001361.jpg
1362,45.400000,,0,B,0.72125,0.32633,0.09793,0.01806,frames/frame_001362.jpg
1363,45.433333,,0,B,0.71987,0.32462,0.10083,0.02003,frames/frame_001363.jpg
1364,45.466667,,0,B,0.71749,0.32570,0.10464,0.02022,frames/frame_001364.jpg
1365,45.500000,,0,P,0.71274,0.32537,0.10929,0.02303,frames/frame_001365.jpg
1366,45.533333,,0,B,0.71053,0.32600,0.11268,0.02365,frames/frame_001366.jpg
1367,45.566667,,0,B,0.70766,0.32713,0.11540,0.02382,frames/frame_001367.jpg
1368,45.600000,,0,B,0.70532,0.32529,0.11944,0.02649,frames/frame_001368.jpg
1369,45.633333,,0,P,0.69898,0.32628,0.12525,0.03050,frames/frame_001369.jpg
1370,45.666667,,0,B,0.69744,0.32923,0.12984,0.03064,frames/frame_001370.jpg
1371,45.700000,,0,B,0.69580,0.32962,0.13380,0.03160,frames/frame_001371.jpg
1372,45.733333,,0,B,0.69293,0.32959,0.13536,0.03277,frames/frame_001372.jpg
1373,45.766667,,0,P,0.69028,0.33110,0.13796,0.03407,frames/frame_001373.jpg
1374,45.800000,,0,B,0.69060,0.32863,0.13932,0.03448,frames/frame_001374.jpg
1375,45.833333,,0,B,0.67848,0.33752,0.15939,0.04973,frames/frame_001375.jpg
1376,45.866667,,0,B,0.67885,0.33566,0.15981,0.03338,frames/frame_001376.jpg
1377,45.900000,,0,P,0.68165,0.32729,0.16228,0.04342,frames/frame_001377.jpg
1378,45.933333,,0,B,0.68339,0.32353,0.15718,0.04058,frames/frame_001378.jpg
1379,45.966667,,0,B,0.68267,0.32183,0.16360,0.04252,frames/frame_001379.jpg
1380,46.000000,,0,B,0.68189,0.32187,0.16587,0.02906,frames/frame_001380.jpg
1381,46.033333,,0,P,0.68218,0.32014,0.16403,0.03052,frames/frame_001381.jpg
1382,46.066667,,0,B,0.68303,0.31891,0.16511,0.01768,frames/frame_001382.jpg
1383,46.100000,,0,B,0.68629,0.31287,0.16522,0.02736,frames/frame_001383.jpg
1384,46.133333,,0,B,0.68730,0.31206,0.16444,0.01186,frames/frame_001384.jpg
1385,46.166667,,0,P,0.68541,0.31302,0.16430,0.01343,frames/frame_001385.jpg
1386,46.200000,,0,B,0.69104,0.30779,0.15974,0.02545,frames/frame_001386.jpg
1387,46.233333,,0,B,0.69016,0.30783,0.16284,0.01009,frames/frame_001387.jpg
1388,46.266667,,0,B,0.68846,0.30733,0.16902,0.02507,frames/frame_001388.jpg
1389,46.300000,,0,P,0.68803,0.30985,0.16910,0.01790,frames/frame_001389.jpg
1390,46.333333,,0,B,0.69533,0.31409,0.16725,0.02753,frames/frame_001390.jpg
1391,46.366667,,0,B,0.74802,0.30928,0.12973,0.05865,frames/frame_001391.jpg
1392,46.400000,,0,B,0.75360,0.31515,0.12914,0.02469,frames/frame_001392.jpg
1393,46.433333,,0,P,0.75520,0.32038,0.12786,0.02421,frames/frame_001393.jpg
1394,46.466667,,0,B,0.75847,0.32274,0.12754,0.01798,frames/frame_001394.jpg
1395,46.500000,,0,B,0.75945,0.32302,0.12180,0.02657,frames/frame_001395.jpg
1396,46.533333,,0,B,0.76042,0.32373,0.12676,0.01775,frames/frame_001396.jpg
1397,46.566667,,0,P,0.75876,0.32511,0.12464,0.02005,frames/frame_001397.jpg
1398,46.600000,,0,B,0.76011,0.32559,0.12888,0.01810,frames/frame_001398.jpg
1399,46.633333,,0,B,0.75946,0.32676,0.13022,0.00971,frames/frame_001399.jpg
1400,46.666667,,0,B,0.75985,0.32656,0.12941,0.00798,frames/frame_001400.jpg
1401,46.700000,,0,P,0.75854,0.32696,0.12690,0.00853,frames/frame_001401.jpg
1402,46.733333,,0,B,0.76029,0.32601,0.12599,0.00746,frames/frame_001402.jpg
1403,46.766667,,0,B,0.75968,0.32663,0.12575,0.00410,frames/frame_001403.jpg
1404,46.800000,,0,B,0.76079,0.32633,0.12605,0.00316,frames/frame_001404.jpg
1405,46.833333,,0,P,0.75873,0.32857,0.12602,0.00541,frames/frame_001405.jpg
1406,46.866667,,0,B,0.76018,0.32763,0.12645,0.00439,frames/frame_001406.jpg
1407,46.900000,,0,B,0.75951,0.32832,0.12673,0.00378,frames/frame_001407.jpg
1408,46.933333,,0,B,0.69791,0.29063,0.16009,0.06509,frames/frame_001408.jpg
1409,46.966667,,0,P,0.69535,0.28915,0.15441,0.03350,frames/frame_001409.jpg
1410,47.000000,,0,B,0.70130,0.28890,0.14145,0.03515,frames/frame_001410.jpg
1411,47.033333,,0,B,0.71120,0.29120,0.12517,0.03681,frames/frame_001411.jpg
1412,47.066667,,0,B,0.71147,0.29106,0.12493,0.00247,frames/frame_001412.jpg
1413,47.100000,,0,P,0.71005,0.29422,0.12548,0.01082,frames/frame_001413.jpg
1414,47.133333,,0,B,0.74799,0.30000,0.09332,0.04601,frames/frame_001414.jpg
1415,47.166667,,0,B,0.75004,0.29699,0.09260,0.00673,frames/frame_001415.jpg
1416,47.200000,,0,B,0.75084,0.29670,0.09253,0.00245,frames/frame_001416.jpg
1417,47.233333,,0,P,0.74488,0.28401,0.11390,0.03284,frames/frame_001417.jpg
1418,47.266667,,0,B,0.72234,0.27105,0.15793,0.05855,frames/frame_001418.jpg
1419,47.300000,,0,B,0.71511,0.27146,0.16650,0.01910,frames/frame_001419.jpg
1420,47.333333,,0,B,0.71502,0.27260,0.16694,0.00654,frames/frame_001420.jpg
1421,47.366667,,0,P,0.71131,0.27529,0.16736,0.01761,frames/frame_001421.jpg
1422,47.400000,,0,B,0.70696,0.27770,0.16681,0.03728,frames/frame_001422.jpg
1423,47.433333,,0,B,0.69994,0.27987,0.17312,0.05868,frames/frame_001423.jpg
1424,47.466667,,0,B,0.69408,0.27984,0.18196,0.07257,frames/frame_001424.jpg
1425,47.500000,,0,P,0.68658,0.27903,0.18749,0.08384,frames/frame_001425.jpg
1426,47.533333,,0,P,0.68679,0.27036,0.19381,0.09444,frames/frame_001426.jpg
1427,47.566667,,0,P,0.69138,0.25788,0.19233,0.10703,frames/frame_001427.jpg
1428,47.600000,,0,P,0.70402,0.23033,0.18256,0.09310,frames/frame_001428.jpg
1429,47.633333,,0,B,0.72919,0.21202,0.17109,0.05728,frames/frame_001429.jpg
1430,47.666667,,0,B,0.72881,0.21201,0.17169,0.00405,frames/frame_001430.jpg
1431,47.700000,,0,B,0.72904,0.21176,0.17183,0.00547,frames/frame_001431.jpg
1432,47.733333,,0,P,0.72804,0.21199,0.17207,0.00512,frames/frame_001432.jpg
1433,47.766667,,0,B,0.72809,0.21301,0.17320,0.00608,frames/frame_001433.jpg
1434,47.800000,,0,B,0.72301,0.21902,0.16760,0.07144,frames/frame_001434.jpg
1435,47.833333,,0,B,0.72261,0.21991,0.16720,0.00741,frames/frame_001435.jpg
1436,47.866667,,0,P,0.72135,0.22048,0.16809,0.00789,frames/frame_001436.jpg
1437,47.900000,,0,B,0.72123,0.22161,0.16928,0.00861,frames/frame_001437.jpg
1438,47.933333,,0,P,0.72027,0.22273,0.17089,0.00856,frames/frame_001438.jpg
1439,47.966667,,1,I,0.71875,0.22507,0.17299,0.01411,frames/frame_001439.jpg
1440,48.000000,,0,B,0.71855,0.22631,0.17326,0.00783,frames/frame_001440.jpg
1441,48.033333,,0,B,0.71791,0.22720,0.17348,0.00723,frames/frame_001441.jpg
1442,48.066667,,0,B,0.71759,0.22805,0.17389,0.00703,frames/frame_001442.jpg
1443,48.100000,,0,P,0.71649,0.22814,0.17458,0.00649,frames/frame_001443.jpg
1444,48.133333,,0,B,0.71663,0.22917,0.17469,0.00622,frames/frame_001444.jpg
1445,48.166667,,0,B,0.71611,0.22957,0.17472,0.00576,frames/frame_001445.jpg
1446,48.200000,,0,B,0.71603,0.22971,0.17554,0.00499,frames/frame_001446.jpg
1447,48.233333,,0,P,0.71516,0.23032,0.17554,0.00526,frames/frame_001447.jpg
1448,48.266667,,0,B,0.71538,0.23027,0.17496,0.00537,frames/frame_001448.jpg
1449,48.300000,,0,B,0.71436,0.23110,0.17609,0.00710,frames/frame_001449.jpg
1450,48.333333,,0,B,0.71440,0.23144,0.17642,0.00516,frames/frame_001450.jpg
1451,48.366667,,0,P,0.71363,0.23169,0.17636,0.00427,frames/frame_001451.jpg
1452,48.400000,,0,B,0.71397,0.23198,0.17587,0.00464,frames/frame_001452.jpg
1453,48.433333,,0,B,0.71372,0.23210,0.17602,0.00195,frames/frame_001453.jpg
1454,48.466667,,0,B,0.71365,0.23263,0.17528,0.00351,frames/frame_001454.jpg
1455,48.500000,,0,P,0.71263,0.23250,0.17584,0.00536,frames/frame_001455.jpg
1456,48.533333,,0,B,0.71238,0.23290,0.17592,0.00236,frames/frame_001456.jpg
1457,48.566667,,0,B,0.68252,0.17737,0.15586,0.19671,frames/frame_001457.jpg
1458,48.600000,,0,B,0.68248,0.17781,0.15570,0.00356,frames/frame_001458.jpg
1459,48.633333,,0,P,0.67816,0.18058,0.15877,0.00845,frames/frame_001459.jpg
1460,48.666667,,0,B,0.66994,0.19027,0.16401,0.01235,frames/frame_001460.jpg
1461,48.700000,,0,B,0.66408,0.19829,0.16521,0.01296,frames/frame_001461.jpg
1462,48.733333,,0,B,0.66057,0.20416,0.16478,0.01068,frames/frame_001462.jpg
1463,48.766667,,0,P,0.65760,0.20757,0.16381,0.00923,frames/frame_001463.jpg
1464,48.800000,,0,B,0.65832,0.20799,0.16428,0.00933,frames/frame_001464.jpg
1465,48.833333,,0,B,0.65752,0.20818,0.16519,0.00676,frames/frame_001465.jpg
1466,48.866667,,0,B,0.65702,0.20873,0.16532,0.00502,frames/frame_001466.jpg
1467,48.900000,,0,P,0.65593,0.20919,0.16536,0.00468,frames/frame_001467.jpg
1468,48.933333,,0,B,0.65598,0.20934,0.16500,0.00509,frames/frame_001468.jpg
1469,48.966667,,0,B,0.65504,0.20940,0.16297,0.00969,frames/frame_001469.jpg
1470,49.000000,,0,B,0.65464,0.20907,0.16318,0.01897,frames/frame_001470.jpg
1471,49.033333,,0,P,0.65280,0.20834,0.16265,0.02186,frames/frame_001471.jpg
1472,49.066667,,0,B,0.65346,0.20811,0.16112,0.02119,frames/frame_001472.jpg
1473,49.100000,,0,B,0.65346,0.20762,0.16095,0.01812,frames/frame_001473.jpg
1474,49.133333,,0,B,0.65416,0.20754,0.15846,0.01226,frames/frame_001474.jpg
1475,49.166667,,0,P,0.65289,0.20766,0.15900,0.00745,frames/frame_001475.jpg
1476,49.200000,,0,B,0.65350,0.20787,0.15807,0.00494,frames/frame_001476.jpg
1477,49.233333,,0,B,0.65274,0.20760,0.15730,0.00553,frames/frame_001477.jpg
1478,49.266667,,0,B,0.65276,0.20803,0.15795,0.00667,frames/frame_001478.jpg
1479,49.300000,,0,P,0.65078,0.20861,0.15786,0.01011,frames/frame_001479.jpg
1480,49.333333,,0,B,0.65132,0.20874,0.15756,0.00527,frames/frame_001480.jpg
1481,49.366667,,0,B,0.65092,0.20901,0.15749,0.00444,frames/frame_001481.jpg
1482,49.400000,,0,B,0.65094,0.20898,0.15785,0.00430,frames/frame_001482.jpg
1483,49.433333,,0,P,0.64989,0.20897,0.15878,0.00444,frames/frame_001483.jpg
1484,49.466667,,0,B,0.65101,0.20871,0.15904,0.00594,frames/frame_001484.jpg
1485,49.500000,,0,B,0.65053,0.20865,0.15936,0.00410,frames/frame_001485.jpg
1486,49.533333,,0,B,0.65070,0.20844,0.15953,0.00421,frames/frame_001486.jpg
1487,49.566667,,0,P,0.64933,0.20878,0.16006,0.00476,frames/frame_001487.jpg
1488,49.600000,,0,B,0.65017,0.20814,0.16037,0.00481,frames/frame_001488.jpg
1489,49.633333,,0,B,0.64947,0.20822,0.16013,0.00717,frames/frame_001489.jpg
1490,49.666667,,0,B,0.64959,0.20882,0.15958,0.00414,frames/frame_001490.jpg
1491,49.700000,,0,P,0.64823,0.20841,0.15990,0.00489,frames/frame_001491.jpg
1492,49.733333,,0,B,0.64898,0.20868,0.15998,0.00447,frames/frame_001492.jpg
1493,49.766667,,0,B,0.64872,0.20873,0.16019,0.00445,frames/frame_001493.jpg
1494,49.800000,,0,B,0.65218,0.20423,0.15703,0.01381,frames/frame_001494.jpg
1495,49.833333,,0,P,0.65701,0.19610,0.15571,0.01325,frames/frame_001495.jpg
1496,49.866667,,0,B,0.66410,0.18843,0.15158,0.01228,frames/frame_001496.jpg
1497,49.900000,,0,B,0.67007,0.18082,0.14823,0.00890,frames/frame_001497.jpg
1498,49.933333,,0,B,0.67100,0.18064,0.14745,0.00405,frames/frame_001498.jpg
1499,49.966667,,0,P,0.67002,0.18062,0.14802,0.00500,frames/frame_001499.jpg
1500,50.000000,,0,B,0.67020,0.18067,0.14838,0.00345,frames/frame_001500.jpg
1501,50.033333,,0,B,0.66989,0.18056,0.14896,0.00249,frames/frame_001501.jpg
1502,50.066667,,0,P,0.69893,0.29410,0.16159,0.18267,frames/frame_001502.jpg
1503,50.100000,,0,B,0.69904,0.29425,0.16168,0.00056,frames/frame_001503.jpg
1504,50.133333,,0,B,0.69502,0.29446,0.17206,0.04461,frames/frame_001504.jpg
1505,50.166667,,0,B,0.69549,0.29398,0.17274,0.00471,frames/frame_001505.jpg
1506,50.200000,,0,P,0.69696,0.28781,0.17154,0.03929,frames/frame_001506.jpg
1507,50.233333,,0,B,0.69791,0.28775,0.17217,0.00399,frames/frame_001507.jpg
1508,50.266667,,0,B,0.69749,0.28756,0.17246,0.00236,frames/frame_001508.jpg
1509,50.300000,,0,B,0.69188,0.29449,0.18577,0.03631,frames/frame_001509.jpg
1510,50.333333,,0,P,0.69145,0.28991,0.17869,0.03342,frames/frame_001510.jpg
1511,50.366667,,0,B,0.69238,0.29031,0.17851,0.00349,frames/frame_001511.jpg
1512,50.400000,,0,B,0.69214,0.29037,0.17859,0.00220,frames/frame_001512.jpg
1513,50.433333,,0,B,0.68932,0.30070,0.18342,0.03151,frames/frame_001513.jpg
1514,50.466667,,0,P,0.68844,0.30044,0.18360,0.00466,frames/frame_001514.jpg
1515,50.500000,,0,B,0.69263,0.29836,0.17046,0.02869,frames/frame_001515.jpg
1516,50.533333,,0,B,0.69210,0.29828,0.17062,0.00333,frames/frame_001516.jpg
1517,50.566667,,0,B,0.69221,0.29823,0.17051,0.00077,frames/frame_001517.jpg
1518,50.600000,,0,P,0.69474,0.29483,0.16928,0.03016,frames/frame_001518.jpg
1519,50.633333,,0,B,0.69463,0.29467,0.17548,0.02886,frames/frame_001519.jpg
1520,50.666667,,0,P,0.69407,0.29461,0.17566,0.00378,frames/frame_001520.jpg
1521,50.700000,,0,B,0.69446,0.29494,0.17584,0.00161,frames/frame_001521.jpg
1522,50.733333,,0,B,0.69344,0.29781,0.16816,0.02339,frames/frame_001522.jpg
1523,50.766667,,0,B,0.69370,0.29798,0.16926,0.00403,frames/frame_001523.jpg
1524,50.800000,,0,P,0.69405,0.29577,0.16431,0.02284,frames/frame_001524.jpg
1525,50.833333,,0,B,0.69495,0.29651,0.16461,0.00399,frames/frame_001525.jpg
1526,50.866667,,0,B,0.69462,0.29653,0.16447,0.00180,frames/frame_001526.jpg
1527,50.900000,,0,B,0.69339,0.30048,0.17246,0.02540,frames/frame_001527.jpg
1528,50.933333,,0,P,0.69286,0.30013,0.17302,0.00400,frames/frame_001528.jpg
1529,50.966667,,1,I,0.69389,0.29638,0.17760,0.01798,frames/frame_001529.jpg
1530,51.000000,,0,B,0.69389,0.29592,0.17758,0.00036,frames/frame_001530.jpg
1531,51.033333,,0,B,0.69522,0.29555,0.17386,0.01865,frames/frame_001531.jpg
1532,51.066667,,0,B,0.69559,0.29571,0.17354,0.00255,frames/frame_001532.jpg
1533,51.100000,,0,P,0.69475,0.29498,0.17367,0.00295,frames/frame_001533.jpg
1534,51.133333,,0,B,0.69490,0.29551,0.17855,0.01763,frames/frame_001534.jpg
1535,51.166667,,0,B,0.69486,0.29557,0.17852,0.00051,frames/frame_001535.jpg
1536,51.200000,,0,B,0.69505,0.29542,0.17844,0.00188,frames/frame_001536.jpg
1537,51.233333,,0,P,0.69522,0.29451,0.17401,0.01855,frames/frame_001537.jpg
1538,51.266667,,0,B,0.69542,0.29437,0.17401,0.00082,frames/frame_001538.jpg
1539,51.300000,,0,P,0.69491,0.29493,0.17754,0.02014,frames/frame_001539.jpg
1540,51.333333,,0,B,0.69537,0.29500,0.17739,0.00212,frames/frame_001540.jpg
1541,51.366667,,0,B,0.69568,0.29460,0.17355,0.01868,frames/frame_001541.jpg
1542,51.400000,,0,B,0.69574,0.29457,0.17356,0.00068,frames/frame_001542.jpg
1543,51.433333,,0,P,0.69499,0.29504,0.17783,0.01778,frames/frame_001543.jpg
1544,51.466667,,0,B,0.69535,0.29526,0.17797,0.00137,frames/frame_001544.jpg
1545,51.500000,,0,B,0.69529,0.29533,0.17793,0.00104,frames/frame_001545.jpg
1546,51.533333,,0,B,0.69532,0.29464,0.17386,0.01824,frames/frame_001546.jpg
1547,51.566667,,0,P,0.69511,0.29457,0.17372,0.00107,frames/frame_001547.jpg
1548,51.600000,,0,B,0.69509,0.29468,0.17736,0.01958,frames/frame_001548.jpg
1549,51.633333,,0,B,0.69517,0.29458,0.17737,0.00067,frames/frame_001549.jpg
1550,51.666667,,0,P,0.69493,0.29476,0.17383,0.01918,frames/frame_001550.jpg
1551,51.700000,,0,B,0.69512,0.29484,0.17388,0.00081,frames/frame_001551.jpg
1552,51.733333,,0,B,0.69504,0.29526,0.17789,0.01789,frames/frame_001552.jpg
1553,51.766667,,0,B,0.69538,0.29541,0.17775,0.00156,frames/frame_001553.jpg
1554,51.800000,,0,P,0.69485,0.29511,0.17776,0.00188,frames/frame_001554.jpg
1555,51.833333,,0,B,0.69548,0.29505,0.17351,0.01808,frames/frame_001555.jpg
1556,51.866667,,0,P,0.68782,0.27766,0.16050,0.15189,frames/frame_001556.jpg
1557,51.900000,,0,P,0.68956,0.27440,0.15007,0.06713,frames/frame_001557.jpg
1558,51.933333,,0,P,0.70851,0.24812,0.15203,0.05435,frames/frame_001558.jpg
1559,51.966667,,0,B,0.70943,0.24695,0.15212,0.02980,frames/frame_001559.jpg
1560,52.000000,,0,P,0.70437,0.25890,0.15095,0.03939,frames/frame_001560.jpg
1561,52.033333,,0,B,0.70217,0.26246,0.15672,0.02101,frames/frame_001561.jpg
1562,52.066667,,0,B,0.70221,0.26199,0.15759,0.01421,frames/frame_001562.jpg
1563,52.100000,,0,B,0.70364,0.26071,0.15611,0.01126,frames/frame_001563.jpg
1564,52.133333,,0,P,0.70694,0.25776,0.15346,0.02087,frames/frame_001564.jpg
1565,52.166667,,0,B,0.70807,0.25692,0.15117,0.00916,frames/frame_001565.jpg
1566,52.200000,,0,B,0.70826,0.25656,0.15202,0.00758,frames/frame_001566.jpg
1567,52.233333,,0,B,0.70852,0.25646,0.15100,0.00602,frames/frame_001567.jpg
1568,52.266667,,0,P,0.70952,0.25584,0.15287,0.01292,frames/frame_001568.jpg
1569,52.300000,,0,B,0.70996,0.25594,0.15268,0.00859,frames/frame_001569.jpg
1570,52.333333,,0,B,0.70988,0.25567,0.15290,0.00486,frames/frame_001570.jpg
1571,52.366667,,0,B,0.70979,0.25503,0.15513,0.01092,frames/frame_001571.jpg
1572,52.400000,,0,P,0.70945,0.25498,0.15489,0.00393,frames/frame_001572.jpg
1573,52.433333,,0,B,0.70996,0.25474,0.15433,0.00490,frames/frame_001573.jpg
1574,52.466667,,0,B,0.70991,0.25481,0.15362,0.00361,frames/frame_001574.jpg
1575,52.500000,,0,B,0.70847,0.25797,0.15340,0.01349,frames/frame_001575.jpg
1576,52.533333,,0,P,0.70813,0.25775,0.15368,0.00370,frames/frame_001576.jpg
1577,52.566667,,0,B,0.70868,0.25754,0.15316,0.00357,frames/frame_001577.jpg
1578,52.600000,,0,B,0.70872,0.25795,0.15291,0.00440,frames/frame_001578.jpg
1579,52.633333,,0,B,0.70776,0.25680,0.15508,0.01421,frames/frame_001579.jpg
1580,52.666667,,0,P,0.70722,0.25709,0.15517,0.00324,frames/frame_001580.jpg
1581,52.700000,,0,B,0.70806,0.25695,0.15519,0.00348,frames/frame_001581.jpg
1582,52.733333,,0,B,0.70789,0.25701,0.15496,0.00382,frames/frame_001582.jpg
1583,52.766667,,0,B,0.70711,0.25768,0.15523,0.01226,frames/frame_001583.jpg
1584,52.800000,,0,P,0.70666,0.25784,0.15542,0.00432,frames/frame_001584.jpg
1585,52.833333,,0,B,0.70703,0.25782,0.15574,0.00301,frames/frame_001585.jpg
1586,52.866667,,0,B,0.70685,0.25781,0.15560,0.00265,frames/frame_001586.jpg
1587,52.900000,,0,B,0.70916,0.25691,0.15775,0.01569,frames/frame_001587.jpg
1588,52.933333,,0,P,0.70885,0.25687,0.15758,0.00269,frames/frame_001588.jpg
1589,52.966667,,0,B,0.70923,0.25662,0.15756,0.00522,frames/frame_001589.jpg
1590,53.000000,,0,B,0.71348,0.25394,0.15720,0.02297,frames/frame_001590.jpg
1591,53.033333,,0,P,0.71371,0.25387,0.15606,0.00271,frames/frame_001591.jpg
1592,53.066667,,0,B,0.71391,0.25363,0.15588,0.00147,frames/frame_001592.jpg
1593,53.100000,,0,P,0.29029,0.55189,0.06745,0.40518,frames/frame_001593.jpg
1594,53.133333,,0,P,0.32826,0.53384,0.09345,0.04275,frames/frame_001594.jpg
1595,53.166667,,0,P,0.32503,0.53268,0.09255,0.02429,frames/frame_001595.jpg
1596,53.200000,,0,P,0.31396,0.53848,0.08612,0.02935,frames/frame_001596.jpg
1597,53.233333,,0,B,0.30869,0.54101,0.08149,0.01438,frames/frame_001597.jpg
1598,53.266667,,0,B,0.30756,0.54120,0.08186,0.00636,frames/frame_001598.jpg
1599,53.300000,,0,B,0.30979,0.54073,0.08087,0.00901,frames/frame_001599.jpg
1600,53.333333,,0,P,0.31086,0.54015,0.08387,0.00860,frames/frame_001600.jpg
1601,53.366667,,0,B,0.31203,0.53944,0.08432,0.00614,frames/frame_001601.jpg
1602,53.400000,,0,B,0.31148,0.53989,0.08534,0.00441,frames/frame_001602.jpg
1603,53.433333,,0,B,0.31084,0.54045,0.08405,0.00596,frames/frame_001603.jpg
1604,53.466667,,0,P,0.32511,0.53723,0.08961,0.02133,frames/frame_001604.jpg
1605,53.500000,,0,P,0.32252,0.53567,0.08929,0.01508,frames/frame_001605.jpg
1606,53.533333,,0,P,0.31871,0.53458,0.08884,0.01051,frames/frame_001606.jpg
1607,53.566667,,0,P,0.31698,0.53486,0.09072,0.00761,frames/frame_001607.jpg
1608,53.600000,,0,B,0.31726,0.53415,0.09041,0.00309,frames/frame_001608.jpg
1609,53.633333,,0,B,0.31780,0.53426,0.09055,0.00455,frames/frame_001609.jpg
1610,53.666667,,0,B,0.31855,0.53407,0.08921,0.00266,frames/frame_001610.jpg
1611,53.700000,,0,P,0.33143,0.53187,0.09673,0.01853,frames/frame_001611.jpg
1612,53.733333,,0,B,0.32846,0.53044,0.09516,0.00833,frames/frame_001612.jpg
1613,53.766667,,0,B,0.32550,0.53032,0.09458,0.00634,frames/frame_001613.jpg
1614,53.800000,,0,B,0.32472,0.53021,0.09609,0.00427,frames/frame_001614.jpg
1615,53.833333,,0,P,0.32445,0.53067,0.09651,0.00179,frames/frame_001615.jpg
1616,53.866667,,0,B,0.32533,0.53025,0.09581,0.00336,frames/frame_001616.jpg
1617,53.900000,,0,B,0.32569,0.53044,0.09561,0.00152,frames/frame_001617.jpg
1618,53.933333,,0,P,0.55783,0.42693,0.14703,0.26756,frames/frame_001618.jpg
1619,53.966667,,1,I,0.56965,0.40991,0.15279,0.05161,frames/frame_001619.jpg
1620,54.000000,,0,B,0.57455,0.39364,0.15790,0.04551,frames/frame_001620.jpg
1621,54.033333,,0,B,0.57352,0.38876,0.16045,0.02968,frames/frame_001621.jpg
1622,54.066667,,0,B,0.57275,0.38772,0.16254,0.01602,frames/frame_001622.jpg
1623,54.100000,,0,P,0.57679,0.38256,0.16619,0.01599,frames/frame_001623.jpg
1624,54.133333,,0,B,0.57752,0.38424,0.16334,0.01371,frames/frame_001624.jpg
1625,54.166667,,0,B,0.57824,0.38729,0.16257,0.01830,frames/frame_001625.jpg
1626,54.200000,,0,B,0.57781,0.38925,0.16072,0.01587,frames/frame_001626.jpg
1627,54.233333,,0,P,0.57710,0.39124,0.16063,0.01335,frames/frame_001627.jpg
1628,54.266667,,0,B,0.57684,0.38994,0.16307,0.01300,frames/frame_001628.jpg
1629,54.300000,,0,B,0.57776,0.38708,0.16368,0.01981,frames/frame_001629.jpg
1630,54.333333,,0,B,0.51203,0.39596,0.17478,0.17768,frames/frame_001630.jpg
1631,54.366667,,0,P,0.51080,0.39900,0.17447,0.12257,frames/frame_001631.jpg
1632,54.400000,,0,B,0.51186,0.40049,0.17460,0.12728,frames/frame_001632.jpg
1633,54.433333,,0,B,0.51343,0.40157,0.16843,0.12213,frames/frame_001633.jpg
1634,54.466667,,0,B,0.51426,0.40334,0.16483,0.11318,frames/frame_001634.jpg
1635,54.500000,,0,P,0.51206,0.40466,0.16740,0.11331,frames/frame_001635.jpg
1636,54.533333,,0,B,0.51260,0.40263,0.17216,0.11419,frames/frame_001636.jpg
1637,54.566667,,0,B,0.51242,0.40189,0.17014,0.11135,frames/frame_001637.jpg
1638,54.600000,,0,B,0.51220,0.40257,0.16697,0.10889,frames/frame_001638.jpg
1639,54.633333,,0,P,0.51114,0.40517,0.17246,0.18860,frames/frame_001639.jpg
1640,54.666667,,0,B,0.51285,0.40340,0.16916,0.10895,frames/frame_001640.jpg
1641,54.700000,,0,B,0.51200,0.40429,0.16563,0.10878,frames/frame_001641.jpg
1642,54.733333,,0,B,0.51224,0.40368,0.16889,0.10897,frames/frame_001642.jpg
1643,54.766667,,0,P,0.48661,0.36496,0.12268,0.16872,frames/frame_001643.jpg
1644,54.800000,,0,B,0.49006,0.36956,0.12760,0.01227,frames/frame_001644.jpg
1645,54.833333,,0,P,0.49223,0.37701,0.12918,0.00833,frames/frame_001645.jpg
1646,54.866667,,0,P,0.49252,0.37905,0.12981,0.00715,frames/frame_001646.jpg
1647,54.900000,,0,B,0.49346,0.37850,0.12876,0.00881,frames/frame_001647.jpg
1648,54.933333,,0,B,0.49300,0.37804,0.12977,0.00654,frames/frame_001648.jpg
1649,54.966667,,0,B,0.49232,0.37750,0.12833,0.00728,frames/frame_001649.jpg
1650,55.000000,,0,P,0.49145,0.37820,0.12820,0.00324,frames/frame_001650.jpg
1651,55.033333,,0,B,0.49230,0.37661,0.12784,0.00694,frames/frame_001651.jpg
1652,55.066667,,0,B,0.49121,0.37770,0.12815,0.00442,frames/frame_001652.jpg
1653,55.100000,,0,B,0.49108,0.37954,0.12748,0.00959,frames/frame_001653.jpg
1654,55.133333,,0,P,0.49077,0.38007,0.12736,0.00164,frames/frame_001654.jpg
1655,55.166667,,0,B,0.49230,0.37830,0.12779,0.00548,frames/frame_001655.jpg
1656,55.200000,,0,B,0.49110,0.37895,0.12700,0.01460,frames/frame_001656.jpg
1657,55.233333,,0,B,0.49146,0.37870,0.12653,0.00312,frames/frame_001657.jpg
1658,55.266667,,0,P,0.48748,0.38112,0.12570,0.02111,frames/frame_001658.jpg
1659,55.300000,,0,B,0.48887,0.37988,0.12590,0.00416,frames/frame_001659.jpg
1660,55.333333,,0,B,0.48584,0.37487,0.12657,0.01947,frames/frame_001660.jpg
1661,55.366667,,0,B,0.48668,0.37426,0.12684,0.00305,frames/frame_001661.jpg
1662,55.400000,,0,P,0.48257,0.37455,0.12615,0.01803,frames/frame_001662.jpg
1663,55.433333,,0,B,0.48389,0.37371,0.12602,0.00276,frames/frame_001663.jpg
1664,55.466667,,0,B,0.48342,0.37438,0.12563,0.00301,frames/frame_001664.jpg
1665,55.500000,,0,B,0.48117,0.37635,0.12442,0.01271,frames/frame_001665.jpg
1666,55.533333,,0,P,0.47980,0.37766,0.12430,0.00375,frames/frame_001666.jpg
1667,55.566667,,0,B,0.47947,0.37772,0.12466,0.00103,frames/frame_001667.jpg
1668,55.600000,,0,P,0.82730,0.14254,0.08267,0.32801,frames/frame_001668.jpg
1669,55.633333,,0,P,0.50865,0.37224,0.16449,0.29626,frames/frame_001669.jpg
1670,55.666667,,0,B,0.51381,0.37988,0.15903,0.07700,frames/frame_001670.jpg
1671,55.700000,,0,B,0.51946,0.39136,0.16166,0.03363,frames/frame_001671.jpg
1672,55.733333,,0,B,0.52361,0.39755,0.16248,0.02968,frames/frame_001672.jpg
1673,55.766667,,0,P,0.52480,0.39907,0.16348,0.03248,frames/frame_001673.jpg
1674,55.800000,,0,B,0.52196,0.39787,0.16390,0.03030,frames/frame_001674.jpg
1675,55.833333,,0,B,0.51833,0.39326,0.16355,0.01606,frames/frame_001675.jpg
1676,55.866667,,0,B,0.51629,0.39287,0.16155,0.02989,frames/frame_001676.jpg
1677,55.900000,,0,P,0.51293,0.38376,0.16064,0.01758,frames/frame_001677.jpg
1678,55.933333,,0,B,0.51049,0.37668,0.15579,0.01360,frames/frame_001678.jpg
1679,55.966667,,0,B,0.50734,0.37326,0.14930,0.02464,frames/frame_001679.jpg
1680,56.000000,,0,B,0.50816,0.37471,0.14864,0.01729,frames/frame_001680.jpg
1681,56.033333,,0,P,0.50724,0.37599,0.14851,0.00517,frames/frame_001681.jpg
1682,56.066667,,0,B,0.42228,0.36236,0.10576,0.15650,frames/frame_001682.jpg
1683,56.100000,,0,B,0.42424,0.36082,0.10609,0.01753,frames/frame_001683.jpg
1684,56.133333,,0,B,0.42806,0.35793,0.11131,0.01783,frames/frame_001684.jpg
1685,56.166667,,0,P,0.42722,0.35915,0.11200,0.00614,frames/frame_001685.jpg
1686,56.200000,,0,B,0.42832,0.35889,0.11072,0.00805,frames/frame_001686.jpg
1687,56.233333,,0,B,0.42761,0.35965,0.10958,0.01105,frames/frame_001687.jpg
1688,56.266667,,0,B,0.42774,0.36009,0.11013,0.00918,frames/frame_001688.jpg
1689,56.300000,,0,P,0.42650,0.36235,0.10888,0.01622,frames/frame_001689.jpg
1690,56.333333,,0,B,0.42871,0.36134,0.10932,0.00783,frames/frame_001690.jpg
1691,56.366667,,0,B,0.42773,0.36324,0.10762,0.01458,frames/frame_001691.jpg
1692,56.400000,,0,B,0.42820,0.36335,0.10552,0.00873,frames/frame_001692.jpg
1693,56.433333,,0,P,0.42783,0.36410,0.10818,0.01594,frames/frame_001693.jpg
1694,56.466667,,0,B,0.42915,0.36424,0.10831,0.01719,frames/frame_001694.jpg
1695,56.500000,,0,B,0.42958,0.36507,0.10875,0.01314,frames/frame_001695.jpg
1696,56.533333,,0,B,0.42950,0.36538,0.10840,0.01218,frames/frame_001696.jpg
1697,56.566667,,0,P,0.42868,0.36676,0.10719,0.01286,frames/frame_001697.jpg
1698,56.600000,,0,B,0.43040,0.36689,0.10636,0.01572,frames/frame_001698.jpg
1699,56.633333,,0,B,0.43024,0.36782,0.10602,0.01801,frames/frame_001699.jpg
1700,56.666667,,0,B,0.43084,0.36866,0.10555,0.01537,frames/frame_001700.jpg
1701,56.700000,,0,P,0.42953,0.37017,0.10570,0.01043,frames/frame_001701.jpg
1702,56.733333,,0,B,0.43149,0.36945,0.10545,0.01335,frames/frame_001702.jpg
1703,56.766667,,0,B,0.43143,0.37027,0.10578,0.01221,frames/frame_001703.jpg
1704,56.800000,,0,B,0.43173,0.37005,0.10552,0.01264,frames/frame_001704.jpg
1705,56.833333,,0,P,0.43088,0.37060,0.10877,0.01662,frames/frame_001705.jpg
1706,56.866667,,0,B,0.43261,0.37040,0.10856,0.02124,frames/frame_001706.jpg
1707,56.900000,,0,B,0.43432,0.37114,0.10908,0.02162,frames/frame_001707.jpg
1708,56.933333,,0,P,0.43338,0.37252,0.10809,0.01464,frames/frame_001708.jpg
1709,56.966667,,1,I,0.43177,0.37619,0.10511,0.02603,frames/frame_001709.jpg
1710,57.000000,,0,B,0.43273,0.37577,0.10503,0.01580,frames/frame_001710.jpg
1711,57.033333,,0,B,0.43214,0.37699,0.10414,0.01462,frames/frame_001711.jpg
1712,57.066667,,0,B,0.43251,0.37704,0.10464,0.00922,frames/frame_001712.jpg
1713,57.100000,,0,P,0.43200,0.37818,0.10356,0.00703,frames/frame_001713.jpg
1714,57.133333,,0,B,0.43343,0.37811,0.10472,0.01068,frames/frame_001714.jpg
1715,57.166667,,0,B,0.43322,0.37858,0.10550,0.00360,frames/frame_001715.jpg
1716,57.200000,,0,B,0.43323,0.37884,0.10575,0.00794,frames/frame_001716.jpg
1717,57.233333,,0,P,0.43177,0.37996,0.10641,0.00374,frames/frame_001717.jpg
1718,57.266667,,0,B,0.43354,0.39921,0.10429,0.10029,frames/frame_001718.jpg
1719,57.300000,,0,B,0.42879,0.38722,0.10909,0.05120,frames/frame_001719.jpg
1720,57.333333,,0,P,0.42753,0.38870,0.10852,0.02690,frames/frame_001720.jpg
1721,57.366667,,0,B,0.42881,0.38906,0.10871,0.01169,frames/frame_001721.jpg
1722,57.400000,,0,P,0.42933,0.38999,0.10832,0.00841,frames/frame_001722.jpg
1723,57.433333,,0,B,0.43125,0.38806,0.11176,0.01827,frames/frame_001723.jpg
1724,57.466667,,0,B,0.40754,0.35611,0.11304,0.10180,frames/frame_001724.jpg
1725,57.500000,,0,B,0.40769,0.35576,0.11367,0.02272,frames/frame_001725.jpg
1726,57.533333,,0,P,0.40682,0.35621,0.11318,0.01812,frames/frame_001726.jpg
1727,57.566667,,0,B,0.40723,0.35600,0.11291,0.01723,frames/frame_001727.jpg
1728,57.600000,,0,B,0.40716,0.35532,0.11299,0.01752,frames/frame_001728.jpg
1729,57.633333,,0,B,0.41100,0.35285,0.11800,0.02965,frames/frame_001729.jpg
1730,57.666667,,0,P,0.41007,0.35260,0.11799,0.02334,frames/frame_001730.jpg
1731,57.700000,,0,B,0.41151,0.35103,0.11987,0.02565,frames/frame_001731.jpg
1732,57.733333,,0,B,0.41264,0.34933,0.12106,0.02604,frames/frame_001732.jpg
1733,57.766667,,0,B,0.41421,0.34833,0.12230,0.02491,frames/frame_001733.jpg
1734,57.800000,,0,P,0.41503,0.34679,0.12467,0.02583,frames/frame_001734.jpg
1735,57.833333,,0,P,0.41440,0.34689,0.12651,0.02623,frames/frame_001735.jpg
1736,57.866667,,0,P,0.41444,0.34664,0.12506,0.02651,frames/frame_001736.jpg
1737,57.900000,,0,P,0.41463,0.34585,0.12566,0.02750,frames/frame_001737.jpg
1738,57.933333,,0,B,0.41625,0.34359,0.12638,0.02709,frames/frame_001738.jpg
1739,57.966667,,0,B,0.41662,0.34252,0.12920,0.03877,frames/frame_001739.jpg
1740,58.000000,,0,B,0.41663,0.34320,0.12966,0.02803,frames/frame_001740.jpg
1741,58.033333,,0,P,0.41611,0.34351,0.12839,0.02809,frames/frame_001741.jpg
1742,58.066667,,0,B,0.42111,0.34330,0.13363,0.02984,frames/frame_001742.jpg
1743,58.100000,,0,B,0.42154,0.34181,0.13357,0.03200,frames/frame_001743.jpg
1744,58.133333,,0,B,0.42242,0.34131,0.13573,0.03209,frames/frame_001744.jpg
1745,58.166667,,0,P,0.42327,0.34082,0.13590,0.03257,frames/frame_001745.jpg
1746,58.200000,,0,B,0.42434,0.33967,0.13709,0.03317,frames/frame_001746.jpg
1747,58.233333,,0,B,0.42399,0.33935,0.13587,0.03280,frames/frame_001747.jpg
1748,58.266667,,0,B,0.42405,0.33873,0.13545,0.03336,frames/frame_001748.jpg
1749,58.300000,,0,P,0.42295,0.33824,0.13591,0.04432,frames/frame_001749.jpg
1750,58.333333,,0,P,0.42265,0.33902,0.13557,0.03207,frames/frame_001750.jpg
1751,58.366667,,0,P,0.42195,0.33956,0.13288,0.03138,frames/frame_001751.jpg
1752,58.400000,,0,B,0.42219,0.33999,0.13029,0.03174,frames/frame_001752.jpg
1753,58.433333,,0,B,0.42092,0.34149,0.12720,0.02990,frames/frame_001753.jpg
1754,58.466667,,0,B,0.42012,0.34417,0.12361,0.02864,frames/frame_001754.jpg
1755,58.500000,,0,P,0.42148,0.34763,0.12372,0.02908,frames/frame_001755.jpg
1756,58.533333,,0,B,0.42083,0.34854,0.12016,0.02737,frames/frame_001756.jpg
1757,58.566667,,0,B,0.41902,0.35138,0.11606,0.02686,frames/frame_001757.jpg
1758,58.600000,,0,B,0.41535,0.35681,0.11148,0.02431,frames/frame_001758.jpg
1759,58.633333,,0,P,0.40906,0.36073,0.10601,0.02438,frames/frame_001759.jpg
1760,58.666667,,0,B,0.40810,0.36138,0.10337,0.01456,frames/frame_001760.jpg
1761,58.700000,,0,B,0.40532,0.36353,0.10005,0.01636,frames/frame_001761.jpg
1762,58.733333,,0,B,0.40199,0.36614,0.09688,0.01561,frames/frame_001762.jpg
1763,58.766667,,0,P,0.39706,0.36966,0.09240,0.01398,frames/frame_001763.jpg
1764,58.800000,,0,B,0.39289,0.37184,0.08760,0.01201,frames/frame_001764.jpg
1765,58.833333,,0,B,0.38723,0.37489,0.08207,0.00812,frames/frame_001765.jpg
1766,58.866667,,0,B,0.38557,0.37711,0.08350,0.00642,frames/frame_001766.jpg
1767,58.900000,,0,P,0.39403,0.35861,0.11231,0.04526,frames/frame_001767.jpg
1768,58.933333,,0,P,0.53358,0.24141,0.15969,0.17675,frames/frame_001768.jpg
1769,58.966667,,0,B,0.67929,0.21328,0.15435,0.23544,frames/frame_001769.jpg
1770,59.000000,,0,B,0.67991,0.22022,0.15772,0.07119,frames/frame_001770.jpg
1771,59.033333,,0,B,0.68285,0.22035,0.15691,0.03599,frames/frame_001771.jpg
1772,59.066667,,0,P,0.68833,0.21682,0.15793,0.01775,frames/frame_001772.jpg
1773,59.100000,,0,B,0.69629,0.21240,0.15552,0.01775,frames/frame_001773.jpg
1774,59.133333,,0,B,0.70119,0.20929,0.15429,0.00827,frames/frame_001774.jpg
1775,59.166667,,0,B,0.70442,0.20749,0.15368,0.00715,frames/frame_001775.jpg
1776,59.200000,,0,P,0.70512,0.20659,0.15353,0.00438,frames/frame_001776.jpg
1777,59.233333,,0,B,0.70773,0.20664,0.15257,0.01044,frames/frame_001777.jpg
1778,59.266667,,0,B,0.71953,0.20659,0.14952,0.02728,frames/frame_001778.jpg
1779,59.300000,,0,P,0.71484,0.20782,0.15094,0.01306,frames/frame_001779.jpg
1780,59.333333,,0,B,0.48281,0.31158,0.19089,0.29977,frames/frame_001780.jpg
1781,59.366667,,0,B,0.48153,0.31201,0.19313,0.01007,frames/frame_001781.jpg
1782,59.400000,,0,B,0.48188,0.31169,0.19095,0.00929,frames/frame_001782.jpg
1783,59.433333,,0,P,0.47996,0.31178,0.19189,0.00732,frames/frame_001783.jpg
1784,59.466667,,0,B,0.47938,0.31219,0.19337,0.00665,frames/frame_001784.jpg
1785,59.500000,,0,B,0.47897,0.31298,0.19334,0.00428,frames/frame_001785.jpg
1786,59.533333,,0,B,0.47919,0.31271,0.19435,0.00606,frames/frame_001786.jpg
1787,59.566667,,0,P,0.48000,0.31332,0.19379,0.01082,frames/frame_001787.jpg
1788,59.600000,,0,B,0.47945,0.31330,0.19309,0.00451,frames/frame_001788.jpg
1789,59.633333,,0,B,0.47899,0.31340,0.19135,0.00630,frames/frame_001789.jpg
1790,59.666667,,0,B,0.47939,0.31226,0.19261,0.00322,frames/frame_001790.jpg
1791,59.700000,,0,P,0.47748,0.31487,0.19663,0.03106,frames/frame_001791.jpg
1792,59.733333,,0,B,0.48141,0.31254,0.19522,0.02598,frames/frame_001792.jpg
1793,59.766667,,0,B,0.48169,0.31260,0.19788,0.01402,frames/frame_001793.jpg
1794,59.800000,,0,B,0.48107,0.31293,0.19509,0.01395,frames/frame_001794.jpg
1795,59.833333,,0,P,0.48179,0.31192,0.19470,0.01215,frames/frame_001795.jpg
1796,59.866667,,0,B,0.48225,0.31110,0.19564,0.00826,frames/frame_001796.jpg
1797,59.900000,,0,B,0.48283,0.31039,0.19743,0.00540,frames/frame_001797.jpg
1798,59.933333,,0,P,0.48196,0.31128,0.19635,0.00672,frames/frame_001798.jpg
1799,59.966667,,1,I,0.48367,0.30860,0.19793,0.01147,frames/frame_001799.jpg
1800,60.000000,,0,B,0.48510,0.30795,0.19602,0.00452,frames/frame_001800.jpg
1801,60.033333,,0,B,0.48491,0.30813,0.19578,0.00229,frames/frame_001801.jpg
1802,60.066667,,0,B,0.48391,0.30923,0.19621,0.01120,frames/frame_001802.jpg
1803,60.100000,,0,P,0.48341,0.30969,0.19647,0.00254,frames/frame_001803.jpg
1804,60.133333,,0,B,0.48486,0.31020,0.19698,0.00998,frames/frame_001804.jpg
1805,60.166667,,0,B,0.48689,0.31013,0.19665,0.00765,frames/frame_001805.jpg
1806,60.200000,,0,B,0.48759,0.31238,0.19606,0.00553,frames/frame_001806.jpg
1807,60.233333,,0,P,0.48689,0.31408,0.19534,0.01349,frames/frame_001807.jpg
1808,60.266667,,0,B,0.48766,0.31398,0.19448,0.00587,frames/frame_001808.jpg
1809,60.300000,,0,B,0.48800,0.31436,0.19795,0.01182,frames/frame_001809.jpg
1810,60.333333,,0,B,0.48924,0.31569,0.19594,0.01490,frames/frame_001810.jpg
1811,60.366667,,0,P,0.49034,0.31732,0.19642,0.01426,frames/frame_001811.jpg
1812,60.400000,,0,B,0.49132,0.31846,0.19742,0.00946,frames/frame_001812.jpg
1813,60.433333,,0,P,0.49193,0.31874,0.19783,0.00869,frames/frame_001813.jpg
1814,60.466667,,0,B,0.49324,0.31700,0.19604,0.02076,frames/frame_001814.jpg
1815,60.500000,,0,B,0.49376,0.31616,0.19647,0.00950,frames/frame_001815.jpg
1816,60.533333,,0,B,0.49210,0.31592,0.20156,0.01772,frames/frame_001816.jpg
1817,60.566667,,0,P,0.49053,0.31728,0.20182,0.02171,frames/frame_001817.jpg
1818,60.600000,,0,B,0.49106,0.31742,0.20196,0.01152,frames/frame_001818.jpg
1819,60.633333,,0,B,0.49161,0.31812,0.20276,0.02352,frames/frame_001819.jpg
1820,60.666667,,0,B,0.49209,0.31708,0.20191,0.01824,frames/frame_001820.jpg
1821,60.700000,,0,P,0.49326,0.31528,0.20571,0.01794,frames/frame_001821.jpg
1822,60.733333,,0,B,0.49423,0.31487,0.20770,0.01173,frames/frame_001822.jpg
1823,60.766667,,0,B,0.49359,0.31634,0.20424,0.01757,frames/frame_001823.jpg
1824,60.800000,,0,B,0.49415,0.31890,0.20239,0.01501,frames/frame_001824.jpg
1825,60.833333,,0,P,0.49406,0.31789,0.20410,0.01619,frames/frame_001825.jpg
1826,60.866667,,0,B,0.49412,0.31445,0.20473,0.01238,frames/frame_001826.jpg
1827,60.900000,,0,B,0.49334,0.31383,0.20567,0.00836,frames/frame_001827.jpg
1828,60.933333,,0,B,0.49242,0.31437,0.20391,0.01675,frames/frame_001828.jpg
1829,60.966667,,0,P,0.50595,0.30881,0.20682,0.03783,frames/frame_001829.jpg
1830,61.000000,,0,P,0.50677,0.30921,0.20603,0.01316,frames/frame_001830.jpg
1831,61.033333,,0,B,0.50782,0.30793,0.20624,0.00909,frames/frame_001831.jpg
1832,61.066667,,0,B,0.50842,0.30710,0.20308,0.01886,frames/frame_001832.jpg
1833,61.100000,,0,B,0.51005,0.30653,0.20420,0.01154,frames/frame_001833.jpg
1834,61.133333,,0,P,0.50835,0.30780,0.20700,0.01870,frames/frame_001834.jpg
1835,61.166667,,0,B,0.50741,0.30874,0.20496,0.01314,frames/frame_001835.jpg
1836,61.200000,,0,P,0.50681,0.31025,0.20331,0.01103,frames/frame_001836.jpg
1837,61.233333,,0,B,0.50910,0.30921,0.20554,0.01747,frames/frame_001837.jpg
1838,61.266667,,0,B,0.50979,0.30498,0.20699,0.01190,frames/frame_001838.jpg
1839,61.300000,,0,B,0.50903,0.30423,0.20696,0.02564,frames/frame_001839.jpg
1840,61.333333,,0,P,0.50725,0.30472,0.20660,0.00675,frames/frame_001840.jpg
1841,61.366667,,0,B,0.45057,0.33897,0.12942,0.17178,frames/frame_001841.jpg
1842,61.400000,,0,B,0.47847,0.32191,0.14174,0.03446,frames/frame_001842.jpg
1843,61.433333,,0,B,0.49900,0.30698,0.14756,0.05909,frames/frame_001843.jpg
1844,61.466667,,0,P,0.51332,0.29870,0.15464,0.02714,frames/frame_001844.jpg
1845,61.500000,,0,B,0.52082,0.29419,0.15948,0.02222,frames/frame_001845.jpg
1846,61.533333,,0,P,0.52116,0.29402,0.15772,0.05116,frames/frame_001846.jpg
1847,61.566667,,0,B,0.52260,0.29354,0.15725,0.01211,frames/frame_001847.jpg
1848,61.600000,,0,B,0.52170,0.29455,0.15591,0.03828,frames/frame_001848.jpg
1849,61.633333,,0,B,0.52252,0.29424,0.15572,0.00503,frames/frame_001849.jpg
1850,61.666667,,0,P,0.52136,0.29484,0.15379,0.03581,frames/frame_001850.jpg
1851,61.700000,,0,B,0.52235,0.29445,0.15363,0.00323,frames/frame_001851.jpg
1852,61.733333,,0,B,0.52324,0.29680,0.15505,0.03538,frames/frame_001852.jpg
1853,61.766667,,0,B,0.52368,0.29642,0.15509,0.00235,frames/frame_001853.jpg
1854,61.800000,,0,P,0.52266,0.29491,0.15976,0.00803,frames/frame_001854.jpg
1855,61.833333,,0,B,0.52441,0.29775,0.16010,0.03453,frames/frame_001855.jpg
1856,61.866667,,0,B,0.52404,0.29826,0.16026,0.00399,frames/frame_001856.jpg
1857,61.900000,,0,B,0.52489,0.29828,0.16385,0.03393,frames/frame_001857.jpg
1858,61.933333,,0,P,0.52419,0.29905,0.16422,0.00378,frames/frame_001858.jpg
1859,61.966667,,0,B,0.52338,0.29931,0.16605,0.03443,frames/frame_001859.jpg
1860,62.000000,,0,B,0.52319,0.29968,0.16634,0.00391,frames/frame_001860.jpg
1861,62.033333,,0,B,0.52350,0.30116,0.16605,0.03386,frames/frame_001861.jpg
1862,62.066667,,0,P,0.52323,0.30175,0.16614,0.00361,frames/frame_001862.jpg
1863,62.100000,,0,B,0.52445,0.30132,0.16566,0.00407,frames/frame_001863.jpg
1864,62.133333,,0,B,0.52390,0.30141,0.16333,0.03057,frames/frame_001864.jpg
1865,62.166667,,0,B,0.52439,0.30120,0.16339,0.00294,frames/frame_001865.jpg
1866,62.200000,,0,P,0.52066,0.30633,0.16568,0.02773,frames/frame_001866.jpg
1867,62.233333,,0,B,0.52208,0.30517,0.16531,0.00471,frames/frame_001867.jpg
1868,62.266667,,0,B,0.52258,0.30410,0.16590,0.00416,frames/frame_001868.jpg
1869,62.300000,,0,B,0.52384,0.30452,0.16154,0.02989,frames/frame_001869.jpg
1870,62.333333,,0,P,0.52340,0.30746,0.16117,0.02695,frames/frame_001870.jpg
1871,62.366667,,0,B,0.52444,0.30709,0.16115,0.00415,frames/frame_001871.jpg
1872,62.400000,,0,B,0.52251,0.30980,0.16124,0.00475,frames/frame_001872.jpg
1873,62.433333,,0,B,0.52204,0.31024,0.16070,0.02581,frames/frame_001873.jpg
1874,62.466667,,0,P,0.52172,0.31045,0.16083,0.00412,frames/frame_001874.jpg
1875,62.500000,,0,B,0.52374,0.30737,0.16016,0.02601,frames/frame_001875.jpg
1876,62.533333,,0,B,0.52354,0.30792,0.16034,0.00307,frames/frame_001876.jpg
1877,62.566667,,0,B,0.52412,0.30769,0.16037,0.00313,frames/frame_001877.jpg
1878,62.600000,,0,P,0.52561,0.30642,0.16326,0.02463,frames/frame_001878.jpg
1879,62.633333,,0,B,0.46032,0.28808,0.15859,0.16267,frames/frame_001879.jpg
1880,62.666667,,0,P,0.46495,0.28548,0.16313,0.03138,frames/frame_001880.jpg
1881,62.700000,,0,B,0.46806,0.28391,0.16433,0.00577,frames/frame_001881.jpg
1882,62.733333,,0,B,0.46736,0.28429,0.16417,0.00312,frames/frame_001882.jpg
1883,62.766667,,0,B,0.46944,0.28283,0.16704,0.02825,frames/frame_001883.jpg
1884,62.800000,,0,P,0.46842,0.28276,0.16677,0.00484,frames/frame_001884.jpg
1885,62.833333,,0,B,0.47146,0.28163,0.16714,0.02995,frames/frame_001885.jpg
1886,62.866667,,0,B,0.47154,0.28140,0.16761,0.00131,frames/frame_001886.jpg
1887,62.900000,,0,B,0.47181,0.28142,0.16772,0.00422,frames/frame_001887.jpg
1888,62.933333,,0,P,0.47373,0.27940,0.16885,0.03208,frames/frame_001888.jpg
1889,62.966667,,1,I,0.48107,0.27296,0.16729,0.03589,frames/frame_001889.jpg
1890,63.000000,,0,P,0.48043,0.28288,0.16265,0.01277,frames/frame_001890.jpg
1891,63.033333,,0,B,0.47898,0.27928,0.16368,0.01196,frames/frame_001891.jpg
1892,63.066667,,0,B,0.46907,0.28994,0.15247,0.04513,frames/frame_001892.jpg
1893,63.100000,,0,P,0.47459,0.27940,0.16084,0.04214,frames/frame_001893.jpg
1894,63.133333,,0,B,0.47486,0.27933,0.16107,0.00180,frames/frame_001894.jpg
1895,63.166667,,0,B,0.47497,0.27960,0.16094,0.00165,frames/frame_001895.jpg
1896,63.200000,,0,B,0.46874,0.28964,0.15199,0.04120,frames/frame_001896.jpg
1897,63.233333,,0,P,0.46849,0.29004,0.15235,0.00280,frames/frame_001897.jpg
1898,63.266667,,0,B,0.47593,0.27947,0.16169,0.04165,frames/frame_001898.jpg
1899,63.300000,,0,B,0.48422,0.28868,0.16156,0.01492,frames/frame_001899.jpg
1900,63.333333,,0,B,0.47559,0.29281,0.15234,0.04494,frames/frame_001900.jpg
1901,63.366667,,0,P,0.47318,0.29111,0.15425,0.00541,frames/frame_001901.jpg
1902,63.400000,,0,B,0.48076,0.27998,0.16369,0.04078,frames/frame_001902.jpg
1903,63.433333,,0,B,0.46686,0.30909,0.14110,0.09157,frames/frame_001903.jpg
1904,63.466667,,0,B,0.46718,0.30933,0.14105,0.00830,frames/frame_001904.jpg
1905,63.500000,,0,P,0.46604,0.31072,0.13997,0.00733,frames/frame_001905.jpg
1906,63.533333,,0,B,0.46809,0.31255,0.13969,0.01529,frames/frame_001906.jpg
1907,63.566667,,0,B,0.46755,0.31268,0.13881,0.00501,frames/frame_001907.jpg
1908,63.600000,,0,B,0.47120,0.31429,0.14130,0.02032,frames/frame_001908.jpg
1909,63.633333,,0,P,0.46864,0.31489,0.14126,0.00727,frames/frame_001909.jpg
1910,63.666667,,0,B,0.47600,0.31180,0.14535,0.02417,frames/frame_001910.jpg
1911,63.700000,,0,B,0.47530,0.31224,0.14536,0.00384,frames/frame_001911.jpg
1912,63.733333,,0,B,0.48352,0.30499,0.15207,0.02837,frames/frame_001912.jpg
1913,63.766667,,0,P,0.48217,0.30535,0.15222,0.00365,frames/frame_001913.jpg
1914,63.800000,,0,B,0.48348,0.30494,0.15231,0.00385,frames/frame_001914.jpg
1915,63.833333,,0,B,0.48291,0.30513,0.15233,0.00216,frames/frame_001915.jpg
1916,63.866667,,0,B,0.47711,0.29478,0.14904,0.04534,frames/frame_001916.jpg
1917,63.900000,,0,P,0.48569,0.29361,0.14901,0.02975,frames/frame_001917.jpg
1918,63.933333,,0,B,0.48650,0.29307,0.14833,0.00585,frames/frame_001918.jpg
1919,63.966667,,0,B,0.48516,0.29393,0.14777,0.00690,frames/frame_001919.jpg
1920,64.000000,,0,B,0.48536,0.29375,0.14789,0.00345,frames/frame_001920.jpg
1921,64.033333,,0,P,0.48880,0.29510,0.14635,0.02138,frames/frame_001921.jpg
1922,64.066667,,0,B,0.49018,0.29456,0.14611,0.00353,frames/frame_001922.jpg
1923,64.100000,,0,B,0.48903,0.29469,0.14740,0.00383,frames/frame_001923.jpg
1924,64.133333,,0,B,0.49815,0.29239,0.15007,0.02445,frames/frame_001924.jpg
1925,64.166667,,0,P,0.49699,0.29280,0.15081,0.00467,frames/frame_001925.jpg
1926,64.200000,,0,B,0.50518,0.28857,0.15260,0.02521,frames/frame_001926.jpg
1927,64.233333,,0,B,0.50544,0.28850,0.15312,0.00214,frames/frame_001927.jpg
1928,64.266667,,0,B,0.51201,0.28624,0.15708,0.02556,frames/frame_001928.jpg
1929,64.300000,,0,P,0.50739,0.30333,0.15448,0.03055,frames/frame_001929.jpg
1930,64.333333,,0,B,0.51356,0.30556,0.15344,0.02599,frames/frame_001930.jpg
1931,64.366667,,0,B,0.51291,0.30537,0.15280,0.00370,frames/frame_001931.jpg
1932,64.400000,,0,B,0.51346,0.30471,0.15270,0.00394,frames/frame_001932.jpg
1933,64.433333,,0,P,0.51675,0.31028,0.15103,0.02547,frames/frame_001933.jpg
1934,64.466667,,0,B,0.51799,0.30944,0.15146,0.00458,frames/frame_001934.jpg
1935,64.500000,,0,B,0.51786,0.31593,0.15072,0.02212,frames/frame_001935.jpg
1936,64.533333,,0,B,0.51836,0.31588,0.15071,0.00272,frames/frame_001936.jpg
1937,64.566667,,0,P,0.51715,0.31669,0.15043,0.00412,frames/frame_001937.jpg
1938,64.600000,,0,B,0.52440,0.31804,0.15106,0.04767,frames/frame_001938.jpg
1939,64.633333,,0,B,0.52117,0.32043,0.15086,0.01254,frames/frame_001939.jpg
1940,64.666667,,0,B,0.51086,0.33127,0.14121,0.03759,frames/frame_001940.jpg
1941,64.700000,,0,P,0.51200,0.32986,0.14098,0.01257,frames/frame_001941.jpg
1942,64.733333,,0,B,0.51197,0.32916,0.14079,0.00594,frames/frame_001942.jpg
1943,64.766667,,0,B,0.50862,0.33125,0.14123,0.01545,frames/frame_001943.jpg
1944,64.800000,,0,B,0.50867,0.33101,0.14110,0.00309,frames/frame_001944.jpg
1945,64.833333,,0,P,0.50773,0.33161,0.14132,0.00312,frames/frame_001945.jpg
1946,64.866667,,0,B,0.51179,0.32918,0.14015,0.01488,frames/frame_001946.jpg
1947,64.900000,,0,B,0.51155,0.32973,0.14033,0.00270,frames/frame_001947.jpg
1948,64.933333,,0,B,0.50920,0.33106,0.14110,0.01300,frames/frame_001948.jpg
1949,64.966667,,0,P,0.50869,0.33180,0.14080,0.00577,frames/frame_001949.jpg
1950,65.000000,,0,B,0.51317,0.32966,0.14082,0.01568,frames/frame_001950.jpg
1951,65.033333,,0,B,0.51293,0.33021,0.14094,0.00371,frames/frame_001951.jpg
1952,65.066667,,0,B,0.51043,0.33166,0.14054,0.01292,frames/frame_001952.jpg
1953,65.100000,,0,P,0.51395,0.33224,0.14359,0.02453,frames/frame_001953.jpg
1954,65.133333,,0,B,0.51385,0.33168,0.14343,0.00611,frames/frame_001954.jpg
1955,65.166667,,0,B,0.51671,0.32956,0.14291,0.01399,frames/frame_001955.jpg
1956,65.200000,,0,B,0.51671,0.32958,0.14279,0.00406,frames/frame_001956.jpg
1957,65.233333,,0,P,0.51192,0.33264,0.14283,0.01591,frames/frame_001957.jpg
1958,65.266667,,0,B,0.51303,0.33195,0.14258,0.00354,frames/frame_001958.jpg
1959,65.300000,,0,B,0.51598,0.32963,0.14251,0.01482,frames/frame_001959.jpg
1960,65.333333,,0,B,0.51635,0.32977,0.14253,0.00264,frames/frame_001960.jpg
1961,65.366667,,0,P,0.51208,0.33292,0.14217,0.01462,frames/frame_001961.jpg
1962,65.400000,,0,B,0.51253,0.33279,0.14209,0.00240,frames/frame_001962.jpg
1963,65.433333,,0,B,0.51244,0.33291,0.14182,0.00215,frames/frame_001963.jpg
1964,65.466667,,0,B,0.51610,0.33035,0.14183,0.01523,frames/frame_001964.jpg
1965,65.500000,,0,P,0.48526,0.22871,0.11281,0.14683,frames/frame_001965.jpg
1966,65.533333,,0,B,0.48502,0.22902,0.11337,0.00276,frames/frame_001966.jpg
1967,65.566667,,0,P,0.48502,0.22902,0.11337,0.00000,frames/frame_001967.jpg
1968,65.600000,,0,B,0.48429,0.22973,0.11336,0.00207,frames/frame_001968.jpg
1969,65.633333,,0,B,0.48596,0.22808,0.11497,0.04656,frames/frame_001969.jpg
1970,65.666667,,0,B,0.48642,0.22188,0.10885,0.05743,frames/frame_001970.jpg
1971,65.700000,,0,P,0.46108,0.25783,0.11377,0.09105,frames/frame_001971.jpg
1972,65.733333,,0,B,0.44479,0.28872,0.11773,0.10875,frames/frame_001972.jpg
1973,65.766667,,0,B,0.41006,0.33544,0.10593,0.12594,frames/frame_001973.jpg
1974,65.800000,,0,B,0.40348,0.33950,0.10772,0.11504,frames/frame_001974.jpg
1975,65.833333,,0,P,0.39917,0.34479,0.10504,0.08477,frames/frame_001975.jpg
1976,65.866667,,0,B,0.39972,0.34275,0.10038,0.05374,frames/frame_001976.jpg
1977,65.900000,,0,B,0.40038,0.34291,0.10232,0.01997,frames/frame_001977.jpg
1978,65.933333,,0,P,0.45045,0.31818,0.11580,0.05413,frames/frame_001978.jpg
1979,65.966667,,1,I,0.46754,0.28968,0.11569,0.04412,frames/frame_001979.jpg
1980,66.000000,,0,B,0.46913,0.28915,0.11465,0.00516,frames/frame_001980.jpg
1981,66.033333,,0,B,0.46895,0.28923,0.11483,0.00377,frames/frame_001981.jpg
1982,66.066667,,0,B,0.46962,0.28908,0.11486,0.00425,frames/frame_001982.jpg
1983,66.100000,,0,P,0.46838,0.28931,0.11508,0.00413,frames/frame_001983.jpg
1984,66.133333,,0,B,0.46994,0.28854,0.11481,0.00601,frames/frame_001984.jpg
1985,66.166667,,0,B,0.46942,0.28922,0.11542,0.00399,frames/frame_001985.jpg
1986,66.200000,,0,B,0.47002,0.28919,0.11548,0.00402,frames/frame_001986.jpg
1987,66.233333,,0,P,0.46875,0.28918,0.11555,0.00519,frames/frame_001987.jpg
1988,66.266667,,0,B,0.46833,0.28924,0.11583,0.00457,frames/frame_001988.jpg
1989,66.300000,,0,B,0.46701,0.28170,0.11819,0.02160,frames/frame_001989.jpg
1990,66.333333,,0,B,0.47318,0.27428,0.11837,0.03997,frames/frame_001990.jpg
1991,66.366667,,0,P,0.47806,0.27047,0.12788,0.06669,frames/frame_001991.jpg
1992,66.400000,,0,B,0.47851,0.26776,0.13775,0.08004,frames/frame_001992.jpg
1993,66.433333,,0,B,0.49756,0.25157,0.15151,0.10571,frames/frame_001993.jpg
1994,66.466667,,0,P,0.53187,0.24170,0.17039,0.09197,frames/frame_001994.jpg
1995,66.500000,,0,B,0.62080,0.24136,0.19979,0.10236,frames/frame_001995.jpg
1996,66.533333,,0,P,0.63965,0.26692,0.20575,0.04458,frames/frame_001996.jpg
1997,66.566667,,0,B,0.63319,0.25926,0.20436,0.02766,frames/frame_001997.jpg
1998,66.600000,,0,B,0.62906,0.25303,0.20561,0.02197,frames/frame_001998.jpg
1999,66.633333,,0,B,0.62459,0.25155,0.20581,0.01805,frames/frame_001999.jpg
2000,66.666667,,0,P,0.62409,0.25311,0.20589,0.01238,frames/frame_002000.jpg
2001,66.700000,,0,B,0.62647,0.25234,0.20514,0.01504,frames/frame_002001.jpg
2002,66.733333,,0,B,0.62530,0.25489,0.20727,0.01122,frames/frame_002002.jpg
2003,66.766667,,0,B,0.62537,0.25520,0.20743,0.00677,frames/frame_002003.jpg
2004,66.800000,,0,P,0.62614,0.25438,0.20874,0.01090,frames/frame_002004.jpg
2005,66.833333,,0,B,0.62717,0.25303,0.20822,0.00712,frames/frame_002005.jpg
2006,66.866667,,0,B,0.62798,0.25208,0.20761,0.01262,frames/frame_002006.jpg
2007,66.900000,,0,B,0.62867,0.25124,0.20731,0.00424,frames/frame_002007.jpg
2008,66.933333,,0,P,0.62823,0.24953,0.20789,0.00545,frames/frame_002008.jpg
2009,66.966667,,0,B,0.62885,0.24909,0.20676,0.01818,frames/frame_002009.jpg
2010,67.000000,,0,B,0.62884,0.25214,0.20683,0.02114,frames/frame_002010.jpg
2011,67.033333,,0,B,0.62911,0.25229,0.20711,0.00569,frames/frame_002011.jpg
2012,67.066667,,0,P,0.62819,0.25268,0.20702,0.00524,frames/frame_002012.jpg
2013,67.100000,,0,B,0.62995,0.25021,0.20595,0.01900,frames/frame_002013.jpg
2014,67.133333,,0,B,0.62912,0.25047,0.20738,0.00842,frames/frame_002014.jpg
2015,67.166667,,0,B,0.58170,0.30923,0.21382,0.18046,frames/frame_002015.jpg
2016,67.200000,,0,P,0.57758,0.30297,0.21256,0.02595,frames/frame_002016.jpg
2017,67.233333,,0,B,0.57619,0.29790,0.21239,0.02006,frames/frame_002017.jpg
2018,67.266667,,0,B,0.57528,0.29226,0.21357,0.03141,frames/frame_002018.jpg
2019,67.300000,,0,B,0.57899,0.28854,0.21596,0.04404,frames/frame_002019.jpg
2020,67.333333,,0,P,0.57861,0.29091,0.21640,0.01647,frames/frame_002020.jpg
2021,67.366667,,0,B,0.57882,0.29277,0.21662,0.01547,frames/frame_002021.jpg
2022,67.400000,,0,B,0.58364,0.29084,0.21359,0.05375,frames/frame_002022.jpg
2023,67.433333,,0,B,0.58289,0.29492,0.21286,0.01263,frames/frame_002023.jpg
2024,67.466667,,0,P,0.58244,0.29737,0.21300,0.04592,frames/frame_002024.jpg
2025,67.500000,,0,B,0.58315,0.29579,0.21268,0.00845,frames/frame_002025.jpg
2026,67.533333,,0,B,0.58372,0.29104,0.21267,0.00916,frames/frame_002026.jpg
2027,67.566667,,0,B,0.58432,0.29146,0.21420,0.04111,frames/frame_002027.jpg
2028,67.600000,,0,P,0.58350,0.29211,0.21191,0.01281,frames/frame_002028.jpg
2029,67.633333,,0,B,0.58372,0.29641,0.20864,0.04254,frames/frame_002029.jpg
2030,67.666667,,0,B,0.58369,0.29687,0.20839,0.00646,frames/frame_002030.jpg
2031,67.700000,,0,B,0.58338,0.30008,0.20430,0.03472,frames/frame_002031.jpg
2032,67.733333,,0,P,0.58384,0.29543,0.20511,0.00895,frames/frame_002032.jpg
2033,67.766667,,0,B,0.58463,0.29663,0.20307,0.03400,frames/frame_002033.jpg
2034,67.800000,,0,B,0.58462,0.29625,0.20266,0.00972,frames/frame_002034.jpg
2035,67.833333,,0,B,0.58420,0.30047,0.20165,0.00734,frames/frame_002035.jpg
2036,67.866667,,0,P,0.58540,0.30136,0.20221,0.02801,frames/frame_002036.jpg
2037,67.900000,,0,B,0.58616,0.30064,0.20253,0.00566,frames/frame_002037.jpg
2038,67.933333,,0,B,0.58781,0.29947,0.20281,0.02452,frames/frame_002038.jpg
2039,67.966667,,0,B,0.62702,0.27555,0.19875,0.16737,frames/frame_002039.jpg
2040,68.000000,,0,P,0.62536,0.27444,0.19719,0.02866,frames/frame_002040.jpg
2041,68.033333,,0,B,0.62435,0.26968,0.19745,0.02325,frames/frame_002041.jpg
2042,68.066667,,0,B,0.62258,0.26437,0.19829,0.03780,frames/frame_002042.jpg
2043,68.100000,,0,B,0.62078,0.26322,0.19831,0.01252,frames/frame_002043.jpg
2044,68.133333,,0,P,0.62069,0.26337,0.19859,0.00762,frames/frame_002044.jpg
2045,68.166667,,0,B,0.62603,0.26329,0.19591,0.03787,frames/frame_002045.jpg
2046,68.200000,,0,B,0.62720,0.26394,0.19832,0.01467,frames/frame_002046.jpg
2047,68.233333,,0,B,0.62992,0.26192,0.19625,0.02800,frames/frame_002047.jpg
2048,68.266667,,0,P,0.62892,0.26652,0.19577,0.00701,frames/frame_002048.jpg
2049,68.300000,,0,B,0.62690,0.26878,0.19381,0.02033,frames/frame_002049.jpg
2050,68.333333,,0,B,0.62782,0.26403,0.19448,0.00826,frames/frame_002050.jpg
2051,68.366667,,0,B,0.63733,0.27953,0.19665,0.03878,frames/frame_002051.jpg
2052,68.400000,,0,P,0.63643,0.27568,0.19714,0.01563,frames/frame_002052.jpg
2053,68.433333,,0,B,0.63240,0.26760,0.19750,0.02528,frames/frame_002053.jpg
2054,68.466667,,0,B,0.62683,0.26987,0.19667,0.02473,frames/frame_002054.jpg
2055,68.500000,,0,B,0.62577,0.26720,0.19616,0.01466,frames/frame_002055.jpg
2056,68.533333,,0,P,0.62451,0.26755,0.19490,0.01500,frames/frame_002056.jpg
2057,68.566667,,0,P,0.62652,0.26492,0.19735,0.01552,frames/frame_002057.jpg
2058,68.600000,,0,B,0.62629,0.26749,0.19896,0.01618,frames/frame_002058.jpg
2059,68.633333,,0,B,0.62770,0.26688,0.19880,0.03636,frames/frame_002059.jpg
2060,68.666667,,0,B,0.62747,0.26714,0.19706,0.02853,frames/frame_002060.jpg
2061,68.700000,,0,P,0.62633,0.26722,0.19750,0.00784,frames/frame_002061.jpg
2062,68.733333,,0,B,0.62615,0.26676,0.19758,0.00785,frames/frame_002062.jpg
2063,68.766667,,0,B,0.62587,0.26233,0.19775,0.03525,frames/frame_002063.jpg
2064,68.800000,,0,B,0.58915,0.29895,0.19990,0.15509,frames/frame_002064.jpg
2065,68.833333,,0,P,0.58771,0.29824,0.20110,0.04489,frames/frame_002065.jpg
2066,68.866667,,0,P,0.58803,0.30011,0.20008,0.01934,frames/frame_002066.jpg
2067,68.900000,,0,B,0.58921,0.29912,0.20070,0.01382,frames/frame_002067.jpg
2068,68.933333,,0,P,0.58683,0.29775,0.20257,0.04100,frames/frame_002068.jpg
2069,68.966667,,1,I,0.58648,0.29739,0.20562,0.04440,frames/frame_002069.jpg
2070,69.000000,,0,B,0.58651,0.29779,0.20634,0.01144,frames/frame_002070.jpg
2071,69.033333,,0,B,0.58785,0.30040,0.20443,0.02816,frames/frame_002071.jpg
2072,69.066667,,0,B,0.58352,0.29644,0.20828,0.05447,frames/frame_002072.jpg
2073,69.100000,,0,P,0.58231,0.29152,0.20915,0.01649,frames/frame_002073.jpg
2074,69.133333,,0,B,0.58090,0.28594,0.21117,0.05044,frames/frame_002074.jpg
2075,69.166667,,0,B,0.57961,0.28637,0.21351,0.00821,frames/frame_002075.jpg
2076,69.200000,,0,B,0.58073,0.28504,0.21200,0.00742,frames/frame_002076.jpg
2077,69.233333,,0,P,0.57670,0.28849,0.21243,0.04736,frames/frame_002077.jpg
2078,69.266667,,0,B,0.57785,0.28851,0.21247,0.01207,frames/frame_002078.jpg
2079,69.300000,,0,B,0.57362,0.29268,0.21205,0.03670,frames/frame_002079.jpg
2080,69.333333,,0,B,0.57415,0.29199,0.21220,0.00425,frames/frame_002080.jpg
2081,69.366667,,0,P,0.57521,0.28903,0.21295,0.02849,frames/frame_002081.jpg
2082,69.400000,,0,B,0.57559,0.28847,0.21341,0.00703,frames/frame_002082.jpg
2083,69.433333,,0,B,0.57473,0.29142,0.21041,0.02584,frames/frame_002083.jpg
2084,69.466667,,0,B,0.57478,0.29148,0.20982,0.00697,frames/frame_002084.jpg
2085,69.500000,,0,P,0.57330,0.29452,0.20953,0.00488,frames/frame_002085.jpg
2086,69.533333,,0,B,0.57346,0.29389,0.20888,0.01769,frames/frame_002086.jpg
2087,69.566667,,0,B,0.57280,0.29475,0.20899,0.00432,frames/frame_002087.jpg
2088,69.600000,,0,B,0.57436,0.28977,0.21107,0.01400,frames/frame_002088.jpg
2089,69.633333,,0,P,0.79666,0.11216,0.14225,0.23906,frames/frame_002089.jpg
2090,69.666667,,0,B,0.79715,0.11120,0.14352,0.00782,frames/frame_002090.jpg
2091,69.700000,,0,B,0.79689,0.11145,0.14382,0.00256,frames/frame_002091.jpg
2092,69.733333,,0,B,0.79221,0.11255,0.14996,0.01074,frames/frame_002092.jpg
2093,69.766667,,0,P,0.79172,0.11240,0.15145,0.01137,frames/frame_002093.jpg
2094,69.800000,,0,B,0.77889,0.11582,0.16007,0.05912,frames/frame_002094.jpg
2095,69.833333,,0,B,0.78271,0.11738,0.16986,0.05001,frames/frame_002095.jpg
2096,69.866667,,0,B,0.78292,0.11701,0.17083,0.00680,frames/frame_002096.jpg
2097,69.900000,,0,P,0.78273,0.11563,0.17577,0.00966,frames/frame_002097.jpg
2098,69.933333,,0,B,0.78355,0.11496,0.17439,0.00520,frames/frame_002098.jpg
2099,69.966667,,0,B,0.77887,0.11465,0.18355,0.00857,frames/frame_002099.jpg
2100,70.000000,,0,B,0.80449,0.09018,0.16410,0.07862,frames/frame_002100.jpg
2101,70.033333,,0,P,0.80829,0.09477,0.16935,0.04407,frames/frame_002101.jpg
2102,70.066667,,0,B,0.80921,0.09391,0.16744,0.01668,frames/frame_002102.jpg
2103,70.100000,,0,B,0.80932,0.09370,0.16854,0.00813,frames/frame_002103.jpg
2104,70.133333,,0,B,0.80945,0.09368,0.16847,0.00229,frames/frame_002104.jpg
2105,70.166667,,0,P,0.79941,0.09935,0.18557,0.01208,frames/frame_002105.jpg
2106,70.200000,,0,B,0.80092,0.09820,0.18367,0.00619,frames/frame_002106.jpg
2107,70.233333,,0,B,0.79345,0.10015,0.15702,0.07338,frames/frame_002107.jpg
2108,70.266667,,0,B,0.78328,0.10719,0.19109,0.04846,frames/frame_002108.jpg
2109,70.300000,,0,P,0.77277,0.11430,0.19412,0.02399,frames/frame_002109.jpg
2110,70.333333,,0,B,0.77336,0.11391,0.19435,0.00359,frames/frame_002110.jpg
2111,70.366667,,0,P,0.76553,0.11962,0.20122,0.01341,frames/frame_002111.jpg
2112,70.400000,,0,B,0.78303,0.09107,0.17279,0.10018,frames/frame_002112.jpg
2113,70.433333,,0,P,0.78624,0.09304,0.17919,0.08054,frames/frame_002113.jpg
2114,70.466667,,0,B,0.78973,0.09662,0.18253,0.02909,frames/frame_002114.jpg
2115,70.500000,,0,B,0.78923,0.09674,0.18290,0.00942,frames/frame_002115.jpg
2116,70.533333,,0,B,0.78968,0.09618,0.18248,0.00679,frames/frame_002116.jpg
2117,70.566667,,0,P,0.77770,0.10377,0.20157,0.02633,frames/frame_002117.jpg
2118,70.600000,,0,B,0.78095,0.10118,0.19919,0.02662,frames/frame_002118.jpg
2119,70.633333,,0,B,0.78936,0.11664,0.16877,0.05861,frames/frame_002119.jpg
2120,70.666667,,0,B,0.79116,0.11787,0.16973,0.01675,frames/frame_002120.jpg
2121,70.700000,,0,P,0.79041,0.11874,0.16935,0.00756,frames/frame_002121.jpg
2122,70.733333,,0,B,0.79083,0.11822,0.16904,0.00377,frames/frame_002122.jpg
2123,70.766667,,0,B,0.79063,0.11828,0.16938,0.00348,frames/frame_002123.jpg
2124,70.800000,,0,B,0.79091,0.11824,0.16935,0.00226,frames/frame_002124.jpg
2125,70.833333,,0,P,0.79007,0.10795,0.17690,0.03539,frames/frame_002125.jpg
2126,70.866667,,0,B,0.79339,0.11165,0.18005,0.02751,frames/frame_002126.jpg
2127,70.900000,,0,B,0.79332,0.11211,0.17940,0.00722,frames/frame_002127.jpg
2128,70.933333,,0,B,0.79407,0.11106,0.17956,0.00716,frames/frame_002128.jpg
2129,70.966667,,0,P,0.79330,0.11185,0.17952,0.00343,frames/frame_002129.jpg
2130,71.000000,,0,B,0.79383,0.11150,0.17926,0.00187,frames/frame_002130.jpg
2131,71.033333,,0,B,0.65681,0.18171,0.21667,0.12829,frames/frame_002131.jpg
2132,71.066667,,0,B,0.67774,0.16998,0.21757,0.06918,frames/frame_002132.jpg
2133,71.100000,,0,P,0.67743,0.16937,0.22118,0.02782,frames/frame_002133.jpg
2134,71.133333,,0,B,0.67595,0.16988,0.22117,0.01044,frames/frame_002134.jpg
2135,71.166667,,0,B,0.67590,0.16985,0.22153,0.00266,frames/frame_002135.jpg
2136,71.200000,,0,B,0.67642,0.16934,0.22145,0.00245,frames/frame_002136.jpg
2137,71.233333,,0,P,0.67531,0.17036,0.22171,0.00410,frames/frame_002137.jpg
2138,71.266667,,0,B,0.83198,0.05951,0.16243,0.17772,frames/frame_002138.jpg
2139,71.300000,,0,B,0.83084,0.06470,0.17363,0.04217,frames/frame_002139.jpg
2140,71.333333,,0,B,0.83225,0.06442,0.17457,0.00933,frames/frame_002140.jpg
2141,71.366667,,0,P,0.83125,0.06463,0.17484,0.00365,frames/frame_002141.jpg
2142,71.400000,,0,B,0.83166,0.06435,0.17489,0.00219,frames/frame_002142.jpg
2143,71.433333,,0,B,0.83145,0.06432,0.17449,0.00323,frames/frame_002143.jpg
2144,71.466667,,0,B,0.83155,0.06427,0.17430,0.00108,frames/frame_002144.jpg
2145,71.500000,,0,P,0.83102,0.06454,0.17453,0.00173,frames/frame_002145.jpg
2146,71.533333,,0,B,0.83167,0.06428,0.17441,0.00203,frames/frame_002146.jpg
2147,71.566667,,0,B,0.83146,0.06443,0.17443,0.00126,frames/frame_002147.jpg
2148,71.600000,,0,B,0.83159,0.06436,0.17488,0.00321,frames/frame_002148.jpg
2149,71.633333,,0,P,0.83099,0.06457,0.17490,0.00154,frames/frame_002149.jpg
2150,71.666667,,0,B,0.83140,0.06468,0.17479,0.00234,frames/frame_002150.jpg
2151,71.700000,,0,B,0.75596,0.18305,0.16575,0.13767,frames/frame_002151.jpg
2152,71.733333,,0,B,0.75696,0.18136,0.16570,0.00527,frames/frame_002152.jpg
2153,71.766667,,0,P,0.75637,0.18273,0.16524,0.00576,frames/frame_002153.jpg
2154,71.800000,,0,B,0.75679,0.17898,0.16759,0.00650,frames/frame_002154.jpg
2155,71.833333,,0,B,0.75668,0.16985,0.17375,0.01010,frames/frame_002155.jpg
2156,71.866667,,0,B,0.75909,0.16128,0.17501,0.01386,frames/frame_002156.jpg
2157,71.900000,,0,P,0.76276,0.16042,0.16997,0.01668,frames/frame_002157.jpg
2158,71.933333,,0,P,0.77001,0.16066,0.16324,0.02348,frames/frame_002158.jpg
2159,71.966667,,1,I,0.77674,0.16735,0.15400,0.03165,frames/frame_002159.jpg
2160,72.000000,,0,B,0.78084,0.16760,0.14983,0.01661,frames/frame_002160.jpg
2161,72.033333,,0,B,0.78200,0.16932,0.14860,0.00954,frames/frame_002161.jpg
2162,72.066667,,0,B,0.78323,0.16881,0.14863,0.00475,frames/frame_002162.jpg
2163,72.100000,,0,P,0.78288,0.16985,0.14835,0.00307,frames/frame_002163.jpg
2164,72.133333,,0,B,0.78152,0.16837,0.14854,0.00717,frames/frame_002164.jpg
2165,72.166667,,0,B,0.78131,0.16884,0.14876,0.00340,frames/frame_002165.jpg
2166,72.200000,,0,B,0.78198,0.16805,0.14899,0.00495,frames/frame_002166.jpg
2167,72.233333,,0,P,0.78182,0.16885,0.14922,0.00447,frames/frame_002167.jpg
2168,72.266667,,0,B,0.78325,0.16815,0.14974,0.00384,frames/frame_002168.jpg
2169,72.300000,,0,B,0.78237,0.16882,0.15084,0.00425,frames/frame_002169.jpg
2170,72.333333,,0,B,0.78206,0.16928,0.15095,0.00870,frames/frame_002170.jpg
2171,72.366667,,0,P,0.78158,0.16609,0.14592,0.02785,frames/frame_002171.jpg
2172,72.400000,,0,B,0.78227,0.15707,0.14881,0.04514,frames/frame_002172.jpg
2173,72.433333,,0,P,0.78119,0.14283,0.15179,0.05571,frames/frame_002173.jpg
2174,72.466667,,0,P,0.78742,0.13014,0.15560,0.05897,frames/frame_002174.jpg
2175,72.500000,,0,B,0.78715,0.11788,0.16872,0.05815,frames/frame_002175.jpg
2176,72.533333,,0,P,0.78367,0.11655,0.18195,0.06449,frames/frame_002176.jpg
2177,72.566667,,0,B,0.78392,0.11674,0.18400,0.06391,frames/frame_002177.jpg
2178,72.600000,,0,B,0.78377,0.11697,0.18911,0.05071,frames/frame_002178.jpg
2179,72.633333,,0,B,0.78417,0.11606,0.18837,0.01618,frames/frame_002179.jpg
2180,72.666667,,0,P,0.78358,0.11611,0.18916,0.00364,frames/frame_002180.jpg
2181,72.700000,,0,B,0.78433,0.11554,0.18823,0.00377,frames/frame_002181.jpg
2182,72.733333,,0,B,0.78418,0.11621,0.18663,0.00430,frames/frame_002182.jpg
2183,72.766667,,0,B,0.78432,0.11562,0.18595,0.00352,frames/frame_002183.jpg
2184,72.800000,,0,P,0.78327,0.11562,0.18738,0.00440,frames/frame_002184.jpg
2185,72.833333,,0,B,0.78415,0.11532,0.18662,0.00370,frames/frame_002185.jpg
2186,72.866667,,0,B,0.78415,0.11531,0.18631,0.00352,frames/frame_002186.jpg
2187,72.900000,,0,B,0.78413,0.11526,0.18763,0.00451,frames/frame_002187.jpg
2188,72.933333,,0,P,0.78319,0.11554,0.18723,0.00393,frames/frame_002188.jpg
2189,72.966667,,0,B,0.78431,0.11520,0.18559,0.00548,frames/frame_002189.jpg
2190,73.000000,,0,B,0.78366,0.11490,0.18629,0.00367,frames/frame_002190.jpg
2191,73.033333,,0,B,0.78376,0.11436,0.18550,0.00397,frames/frame_002191.jpg
2192,73.066667,,0,P,0.78339,0.11468,0.18479,0.00394,frames/frame_002192.jpg
2193,73.100000,,0,B,0.73533,0.22053,0.13471,0.12430,frames/frame_002193.jpg
2194,73.133333,,0,B,0.71991,0.22465,0.15361,0.01536,frames/frame_002194.jpg
2195,73.166667,,0,P,0.72250,0.22340,0.15185,0.00758,frames/frame_002195.jpg
2196,73.200000,,0,P,0.72443,0.21895,0.14896,0.04238,frames/frame_002196.jpg
2197,73.233333,,0,B,0.72645,0.21803,0.14604,0.00509,frames/frame_002197.jpg
2198,73.266667,,0,B,0.72654,0.20883,0.14842,0.04387,frames/frame_002198.jpg
2199,73.300000,,0,B,0.72581,0.20905,0.14985,0.00327,frames/frame_002199.jpg
2200,73.333333,,0,P,0.72356,0.20329,0.15309,0.04541,frames/frame_002200.jpg
2201,73.366667,,0,B,0.72353,0.20326,0.15354,0.00186,frames/frame_002201.jpg
2202,73.400000,,0,B,0.71998,0.19987,0.15482,0.03341,frames/frame_002202.jpg
2203,73.433333,,0,B,0.72032,0.19977,0.15489,0.00174,frames/frame_002203.jpg
2204,73.466667,,0,P,0.72019,0.20001,0.15459,0.00203,frames/frame_002204.jpg
2205,73.500000,,0,B,0.71772,0.19674,0.15762,0.03272,frames/frame_002205.jpg
2206,73.533333,,0,B,0.71405,0.19113,0.16820,0.00859,frames/frame_002206.jpg
2207,73.566667,,0,P,0.71156,0.18774,0.16612,0.04616,frames/frame_002207.jpg
2208,73.600000,,0,B,0.71210,0.18850,0.16519,0.00470,frames/frame_002208.jpg
2209,73.633333,,0,B,0.70232,0.18905,0.16787,0.05247,frames/frame_002209.jpg
2210,73.666667,,0,B,0.70226,0.18878,0.16763,0.00126,frames/frame_002210.jpg
2211,73.700000,,0,P,0.68503,0.19170,0.16825,0.06653,frames/frame_002211.jpg
2212,73.733333,,0,P,0.74148,0.14550,0.20500,0.15529,frames/frame_002212.jpg
2213,73.766667,,0,P,0.70765,0.18562,0.18625,0.10733,frames/frame_002213.jpg
2214,73.800000,,0,B,0.69107,0.20113,0.18759,0.11503,frames/frame_002214.jpg
2215,73.833333,,0,P,0.69492,0.21020,0.17179,0.09471,frames/frame_002215.jpg
2216,73.866667,,0,P,0.68805,0.21342,0.17742,0.08253,frames/frame_002216.jpg
2217,73.900000,,0,P,0.69415,0.21187,0.17214,0.03457,frames/frame_002217.jpg
2218,73.933333,,0,B,0.69838,0.21201,0.16052,0.01778,frames/frame_002218.jpg
2219,73.966667,,0,B,0.69979,0.21321,0.16522,0.05903,frames/frame_002219.jpg
2220,74.000000,,0,B,0.70331,0.21360,0.17373,0.05847,frames/frame_002220.jpg
2221,74.033333,,0,P,0.70465,0.21310,0.17343,0.00800,frames/frame_002221.jpg
2222,74.066667,,0,B,0.70314,0.21145,0.17740,0.00968,frames/frame_002222.jpg
2223,74.100000,,0,P,0.70642,0.21315,0.17521,0.05147,frames/frame_002223.jpg
2224,74.133333,,0,P,0.70681,0.21676,0.17463,0.01488,frames/frame_002224.jpg
2225,74.166667,,0,P,0.70590,0.22704,0.16955,0.04045,frames/frame_002225.jpg
2226,74.200000,,0,B,0.71296,0.22703,0.15960,0.00756,frames/frame_002226.jpg
2227,74.233333,,0,B,0.71298,0.22702,0.15970,0.00100,frames/frame_002227.jpg
2228,74.266667,,0,B,0.71522,0.22379,0.16080,0.02211,frames/frame_002228.jpg
2229,74.300000,,0,P,0.71612,0.22223,0.15810,0.01727,frames/frame_002229.jpg
2230,74.333333,,0,B,0.71634,0.22197,0.15778,0.00136,frames/frame_002230.jpg
2231,74.366667,,0,P,0.71609,0.22227,0.15781,0.00156,frames/frame_002231.jpg
2232,74.400000,,0,B,0.72058,0.21871,0.15450,0.02610,frames/frame_002232.jpg
2233,74.433333,,0,B,0.72060,0.21850,0.15501,0.00119,frames/frame_002233.jpg
2234,74.466667,,0,P,0.72283,0.21470,0.15491,0.02701,frames/frame_002234.jpg
2235,74.500000,,0,B,0.72324,0.21422,0.15473,0.00110,frames/frame_002235.jpg
2236,74.533333,,0,B,0.72315,0.21432,0.15503,0.00070,frames/frame_002236.jpg
2237,74.566667,,0,B,0.72338,0.21471,0.15432,0.01615,frames/frame_002237.jpg
2238,74.600000,,0,P,0.72334,0.21483,0.15412,0.00092,frames/frame_002238.jpg
2239,74.633333,,0,B,0.72414,0.21290,0.15549,0.00948,frames/frame_002239.jpg
2240,74.666667,,0,B,0.72407,0.21323,0.15560,0.00093,frames/frame_002240.jpg
2241,74.700000,,0,B,0.72444,0.21226,0.15495,0.00708,frames/frame_002241.jpg
2242,74.733333,,0,P,0.72387,0.21209,0.15570,0.00150,frames/frame_002242.jpg
2243,74.766667,,0,B,0.72551,0.20837,0.15466,0.01167,frames/frame_002243.jpg
2244,74.800000,,0,B,0.72524,0.20844,0.15536,0.00121,frames/frame_002244.jpg
2245,74.833333,,0,B,0.72555,0.20854,0.15495,0.00107,frames/frame_002245.jpg
2246,74.866667,,0,P,0.72645,0.20641,0.15646,0.01516,frames/frame_002246.jpg
2247,74.900000,,0,B,0.72687,0.20607,0.15605,0.00092,frames/frame_002247.jpg
2248,74.933333,,0,P,0.72808,0.20238,0.15533,0.02138,frames/frame_002248.jpg
2249,74.966667,,1,I,0.72824,0.20259,0.15541,0.00285,frames/frame_002249.jpg
2250,75.000000,,0,B,0.73093,0.19747,0.15376,0.02685,frames/frame_002250.jpg
2251,75.033333,,0,B,0.73096,0.19746,0.15372,0.00032,frames/frame_002251.jpg
2252,75.066667,,0,P,0.72902,0.19075,0.15076,0.03709,frames/frame_002252.jpg
2253,75.100000,,0,B,0.72923,0.19046,0.15083,0.00093,frames/frame_002253.jpg
2254,75.133333,,0,B,0.72919,0.19061,0.15082,0.00061,frames/frame_002254.jpg
2255,75.166667,,0,B,0.72928,0.18350,0.15047,0.04195,frames/frame_002255.jpg
2256,75.200000,,0,P,0.72889,0.18368,0.15087,0.00088,frames/frame_002256.jpg
2257,75.233333,,0,B,0.72834,0.17708,0.15085,0.04489,frames/frame_002257.jpg
2258,75.266667,,0,B,0.72822,0.17705,0.15096,0.00064,frames/frame_002258.jpg
2259,75.300000,,0,B,0.72916,0.16932,0.15284,0.04489,frames/frame_002259.jpg
2260,75.333333,,0,P,0.72905,0.16954,0.15296,0.00049,frames/frame_002260.jpg
2261,75.366667,,0,B,0.73311,0.15771,0.15443,0.04990,frames/frame_002261.jpg
2262,75.400000,,0,B,0.73303,0.15779,0.15431,0.00059,frames/frame_002262.jpg
2263,75.433333,,0,B,0.73305,0.15779,0.15429,0.00046,frames/frame_002263.jpg
2264,75.466667,,0,P,0.73364,0.16249,0.14783,0.05137,frames/frame_002264.jpg
2265,75.500000,,0,B,0.73342,0.16231,0.14849,0.00079,frames/frame_002265.jpg
2266,75.533333,,0,B,0.73317,0.16957,0.14421,0.05088,frames/frame_002266.jpg
2267,75.566667,,0,P,0.73296,0.16970,0.14463,0.00060,frames/frame_002267.jpg
2268,75.600000,,0,B,0.73304,0.16937,0.14469,0.00068,frames/frame_002268.jpg
2269,75.633333,,0,B,0.73190,0.17825,0.14278,0.04497,frames/frame_002269.jpg
2270,75.666667,,0,B,0.73125,0.18977,0.13609,0.04516,frames/frame_002270.jpg
2271,75.700000,,0,P,0.73114,0.19001,0.13523,0.00190,frames/frame_002271.jpg
2272,75.733333,,0,B,0.75812,0.15825,0.10969,0.09380,frames/frame_002272.jpg
2273,75.766667,,0,B,0.75798,0.15858,0.10951,0.00528,frames/frame_002273.jpg
2274,75.800000,,0,B,0.75800,0.15868,0.11036,0.00360,frames/frame_002274.jpg
2275,75.833333,,0,P,0.75554,0.16030,0.10922,0.01318,frames/frame_002275.jpg
2276,75.866667,,0,B,0.75653,0.15984,0.10910,0.00495,frames/frame_002276.jpg
2277,75.900000,,0,B,0.75690,0.15904,0.10957,0.00337,frames/frame_002277.jpg
2278,75.933333,,0,B,0.75742,0.15888,0.10990,0.00289,frames/frame_002278.jpg
2279,75.966667,,0,P,0.75736,0.15881,0.11012,0.00363,frames/frame_002279.jpg
2280,76.000000,,0,B,0.75804,0.15850,0.11030,0.00199,frames/frame_002280.jpg
2281,76.033333,,0,B,0.75793,0.15848,0.11047,0.00144,frames/frame_002281.jpg
2282,76.066667,,0,B,0.75839,0.15842,0.11021,0.00199,frames/frame_002282.jpg
2283,76.100000,,0,P,0.75799,0.15854,0.11018,0.00152,frames/frame_002283.jpg
2284,76.133333,,0,B,0.75870,0.15831,0.11028,0.00200,frames/frame_002284.jpg
2285,76.166667,,0,B,0.75860,0.15835,0.11017,0.00109,frames/frame_002285.jpg
2286,76.200000,,0,B,0.75896,0.15817,0.11001,0.00115,frames/frame_002286.jpg
2287,76.233333,,0,P,0.75811,0.15841,0.11045,0.00251,frames/frame_002287.jpg
2288,76.266667,,0,B,0.75649,0.15982,0.10920,0.01185,frames/frame_002288.jpg
2289,76.300000,,0,B,0.75734,0.15886,0.10996,0.00599,frames/frame_002289.jpg
2290,76.333333,,0,B,0.75779,0.15883,0.11005,0.00266,frames/frame_002290.jpg
2291,76.366667,,0,P,0.75759,0.15868,0.11014,0.00302,frames/frame_002291.jpg
2292,76.400000,,0,B,0.75791,0.15864,0.11017,0.00173,frames/frame_002292.jpg
2293,76.433333,,0,B,0.75841,0.15851,0.11025,0.00191,frames/frame_002293.jpg
2294,76.466667,,0,P,0.55646,0.20917,0.11882,0.25969,frames/frame_002294.jpg
2295,76.500000,,0,B,0.55784,0.20833,0.11773,0.00727,frames/frame_002295.jpg
2296,76.533333,,0,B,0.55779,0.20837,0.11734,0.00579,frames/frame_002296.jpg
2297,76.566667,,0,B,0.55841,0.20822,0.11768,0.00371,frames/frame_002297.jpg
2298,76.600000,,0,P,0.55723,0.20897,0.11812,0.00445,frames/frame_002298.jpg
2299,76.633333,,0,B,0.55929,0.20830,0.11783,0.00426,frames/frame_002299.jpg
2300,76.666667,,0,B,0.55981,0.21250,0.11899,0.00567,frames/frame_002300.jpg
2301,76.700000,,0,B,0.57344,0.21671,0.13253,0.02305,frames/frame_002301.jpg
2302,76.733333,,0,P,0.58457,0.22029,0.14434,0.03168,frames/frame_002302.jpg
2303,76.766667,,0,B,0.58488,0.22673,0.14946,0.03806,frames/frame_002303.jpg
2304,76.800000,,0,B,0.58404,0.22782,0.14888,0.01907,frames/frame_002304.jpg
2305,76.833333,,0,B,0.58468,0.22751,0.14928,0.00509,frames/frame_002305.jpg
2306,76.866667,,0,P,0.58389,0.22766,0.15031,0.01609,frames/frame_002306.jpg
2307,76.900000,,0,P,0.58418,0.22648,0.15028,0.02016,frames/frame_002307.jpg
2308,76.933333,,0,B,0.58558,0.22604,0.14922,0.01574,frames/frame_002308.jpg
2309,76.966667,,0,B,0.58581,0.22638,0.15013,0.01213,frames/frame_002309.jpg
2310,77.000000,,0,B,0.58617,0.22618,0.14866,0.00549,frames/frame_002310.jpg
2311,77.033333,,0,P,0.58413,0.22674,0.14859,0.00801,frames/frame_002311.jpg
2312,77.066667,,0,B,0.58455,0.22686,0.15116,0.00729,frames/frame_002312.jpg
2313,77.100000,,0,B,0.58457,0.22686,0.15174,0.00445,frames/frame_002313.jpg
2314,77.133333,,0,B,0.58507,0.22617,0.15224,0.00489,frames/frame_002314.jpg
2315,77.166667,,0,P,0.58438,0.22689,0.15233,0.00518,frames/frame_002315.jpg
2316,77.200000,,0,B,0.58555,0.22690,0.15202,0.00613,frames/frame_002316.jpg
2317,77.233333,,0,B,0.58507,0.22654,0.15162,0.00482,frames/frame_002317.jpg
2318,77.266667,,0,B,0.58543,0.22665,0.15128,0.00468,frames/frame_002318.jpg
2319,77.300000,,0,P,0.58389,0.22714,0.15050,0.00834,frames/frame_002319.jpg
2320,77.333333,,0,B,0.58551,0.22659,0.15056,0.00588,frames/frame_002320.jpg
2321,77.366667,,0,B,0.58501,0.22674,0.15084,0.00418,frames/frame_002321.jpg
2322,77.400000,,0,B,0.58516,0.22701,0.15099,0.00340,frames/frame_002322.jpg
2323,77.433333,,0,P,0.58433,0.22690,0.15072,0.00466,frames/frame_002323.jpg
2324,77.466667,,0,B,0.58542,0.22645,0.15044,0.00304,frames/frame_002324.jpg
2325,77.500000,,0,B,0.58492,0.22687,0.15044,0.00411,frames/frame_002325.jpg
2326,77.533333,,0,B,0.58540,0.22651,0.15059,0.00286,frames/frame_002326.jpg
2327,77.566667,,0,P,0.58423,0.22722,0.15076,0.00380,frames/frame_002327.jpg
2328,77.600000,,0,B,0.58575,0.22679,0.15036,0.00553,frames/frame_002328.jpg
2329,77.633333,,0,B,0.58515,0.22635,0.15098,0.00812,frames/frame_002329.jpg
2330,77.666667,,0,B,0.58535,0.22607,0.15138,0.00447,frames/frame_002330.jpg
2331,77.700000,,0,P,0.58430,0.22634,0.15159,0.00490,frames/frame_002331.jpg
2332,77.733333,,0,B,0.58607,0.22552,0.15137,0.00632,frames/frame_002332.jpg
2333,77.766667,,0,B,0.58556,0.22632,0.15145,0.00465,frames/frame_002333.jpg
2334,77.800000,,0,B,0.58555,0.22610,0.15119,0.00484,frames/frame_002334.jpg
2335,77.833333,,0,P,0.58381,0.22705,0.15087,0.00462,frames/frame_002335.jpg
2336,77.866667,,0,B,0.58441,0.22682,0.15041,0.00338,frames/frame_002336.jpg
2337,77.900000,,0,B,0.58566,0.22579,0.15077,0.00465,frames/frame_002337.jpg
2338,77.933333,,0,P,0.58473,0.22626,0.15108,0.00358,frames/frame_002338.jpg
2339,77.966667,,1,I,0.57659,0.22895,0.16119,0.01880,frames/frame_002339.jpg
2340,78.000000,,0,B,0.57752,0.22543,0.16108,0.01396,frames/frame_002340.jpg
2341,78.033333,,0,B,0.57709,0.22452,0.16060,0.01253,frames/frame_002341.jpg
2342,78.066667,,0,B,0.57749,0.22394,0.16069,0.00682,frames/frame_002342.jpg
2343,78.100000,,0,P,0.57611,0.22483,0.16058,0.00681,frames/frame_002343.jpg
2344,78.133333,,0,B,0.57725,0.22403,0.16012,0.00681,frames/frame_002344.jpg
2345,78.166667,,0,B,0.57698,0.22395,0.15948,0.00656,frames/frame_002345.jpg
2346,78.200000,,0,B,0.57764,0.22373,0.15995,0.00747,frames/frame_002346.jpg
2347,78.233333,,0,P,0.57643,0.22473,0.16033,0.00677,frames/frame_002347.jpg
2348,78.266667,,0,B,0.57750,0.22438,0.16009,0.00689,frames/frame_002348.jpg
2349,78.300000,,0,B,0.57752,0.22545,0.16087,0.00890,frames/frame_002349.jpg
2350,78.333333,,0,B,0.57846,0.22509,0.15945,0.01498,frames/frame_002350.jpg
2351,78.366667,,0,P,0.57737,0.22431,0.16079,0.01507,frames/frame_002351.jpg
2352,78.400000,,0,B,0.57804,0.22488,0.16001,0.01324,frames/frame_002352.jpg
2353,78.433333,,0,B,0.57722,0.22500,0.15915,0.00898,frames/frame_002353.jpg
2354,78.466667,,0,B,0.57761,0.22492,0.15878,0.00678,frames/frame_002354.jpg
2355,78.500000,,0,P,0.57686,0.22593,0.15980,0.00820,frames/frame_002355.jpg
2356,78.533333,,0,B,0.57844,0.22581,0.16033,0.00834,frames/frame_002356.jpg
2357,78.566667,,0,B,0.57897,0.22642,0.15969,0.00915,frames/frame_002357.jpg
2358,78.600000,,0,B,0.57975,0.22652,0.15942,0.00682,frames/frame_002358.jpg
2359,78.633333,,0,P,0.57867,0.22731,0.15835,0.00980,frames/frame_002359.jpg
2360,78.666667,,0,B,0.57987,0.22678,0.15802,0.00511,frames/frame_002360.jpg
2361,78.700000,,0,B,0.57952,0.22733,0.15850,0.00536,frames/frame_002361.jpg
2362,78.733333,,0,B,0.58021,0.22708,0.15833,0.00485,frames/frame_002362.jpg
2363,78.766667,,0,P,0.57926,0.22796,0.15784,0.00700,frames/frame_002363.jpg
2364,78.800000,,0,B,0.58128,0.22818,0.15736,0.00819,frames/frame_002364.jpg
2365,78.833333,,0,B,0.58151,0.22830,0.15690,0.00649,frames/frame_002365.jpg
2366,78.866667,,0,B,0.58241,0.22791,0.15708,0.00656,frames/frame_002366.jpg
2367,78.900000,,0,P,0.58125,0.22882,0.15737,0.00576,frames/frame_002367.jpg
2368,78.933333,,0,B,0.58285,0.22780,0.15679,0.00624,frames/frame_002368.jpg
2369,78.966667,,0,B,0.58260,0.22812,0.15558,0.00966,frames/frame_002369.jpg
2370,79.000000,,0,B,0.58297,0.22785,0.15559,0.00551,frames/frame_002370.jpg
2371,79.033333,,0,P,0.58155,0.22876,0.15537,0.00514,frames/frame_002371.jpg
2372,79.066667,,0,B,0.58297,0.22837,0.15547,0.00483,frames/frame_002372.jpg
2373,79.100000,,0,B,0.58282,0.22791,0.15530,0.00467,frames/frame_002373.jpg
2374,79.133333,,0,B,0.58322,0.22733,0.15516,0.00332,frames/frame_002374.jpg
2375,79.166667,,0,P,0.58109,0.22318,0.15606,0.01249,frames/frame_002375.jpg
2376,79.200000,,0,B,0.57972,0.21777,0.15593,0.01200,frames/frame_002376.jpg
2377,79.233333,,0,B,0.57779,0.21704,0.15512,0.00819,frames/frame_002377.jpg
2378,79.266667,,0,B,0.57772,0.21709,0.15434,0.00694,frames/frame_002378.jpg
2379,79.300000,,0,P,0.57582,0.21818,0.15366,0.00881,frames/frame_002379.jpg
2380,79.333333,,0,B,0.57697,0.21808,0.15394,0.00583,frames/frame_002380.jpg
2381,79.366667,,0,B,0.57658,0.21854,0.15391,0.00504,frames/frame_002381.jpg
2382,79.400000,,0,B,0.57719,0.21817,0.15348,0.00550,frames/frame_002382.jpg
2383,79.433333,,0,P,0.57594,0.21876,0.15327,0.00512,frames/frame_002383.jpg
2384,79.466667,,0,B,0.57739,0.21839,0.15348,0.00600,frames/frame_002384.jpg
2385,79.500000,,0,B,0.57702,0.21870,0.15344,0.00367,frames/frame_002385.jpg
2386,79.533333,,0,B,0.57788,0.21847,0.15350,0.00343,frames/frame_002386.jpg
2387,79.566667,,0,P,0.57626,0.21831,0.15398,0.00572,frames/frame_002387.jpg
2388,79.600000,,0,B,0.57688,0.21501,0.15476,0.00553,frames/frame_002388.jpg
2389,79.633333,,0,B,0.57631,0.21032,0.15586,0.00821,frames/frame_002389.jpg
2390,79.666667,,0,B,0.57688,0.20994,0.15585,0.00473,frames/frame_002390.jpg
2391,79.700000,,0,P,0.57524,0.21092,0.15542,0.00591,frames/frame_002391.jpg
2392,79.733333,,0,B,0.57661,0.21007,0.15544,0.00508,frames/frame_002392.jpg
2393,79.766667,,0,B,0.57652,0.21005,0.15581,0.00474,frames/frame_002393.jpg
2394,79.800000,,0,B,0.57706,0.20966,0.15563,0.00417,frames/frame_002394.jpg
2395,79.833333,,0,P,0.57635,0.21033,0.15574,0.00446,frames/frame_002395.jpg
2396,79.866667,,0,B,0.57842,0.20919,0.15617,0.00635,frames/frame_002396.jpg
2397,79.900000,,0,B,0.57794,0.20947,0.15605,0.00367,frames/frame_002397.jpg
2398,79.933333,,0,B,0.57836,0.20952,0.15581,0.00354,frames/frame_002398.jpg
2399,79.966667,,0,P,0.57688,0.21054,0.15610,0.00455,frames/frame_002399.jpg
2400,80.000000,,0,B,0.57811,0.20973,0.15527,0.00621,frames/frame_002400.jpg
2401,80.033333,,0,B,0.57744,0.20960,0.15506,0.00416,frames/frame_002401.jpg
2402,80.066667,,0,B,0.57776,0.20896,0.15465,0.00538,frames/frame_002402.jpg
2403,80.100000,,0,P,0.57600,0.20970,0.15423,0.00478,frames/frame_002403.jpg
2404,80.133333,,0,B,0.57690,0.20947,0.15461,0.00477,frames/frame_002404.jpg
2405,80.166667,,0,B,0.57605,0.21030,0.15510,0.00554,frames/frame_002405.jpg
2406,80.200000,,0,B,0.57610,0.21071,0.15484,0.00470,frames/frame_002406.jpg
2407,80.233333,,0,P,0.57492,0.21071,0.15425,0.00590,frames/frame_002407.jpg
2408,80.266667,,0,B,0.57564,0.21034,0.15399,0.00465,frames/frame_002408.jpg
2409,80.300000,,0,B,0.57477,0.21103,0.15367,0.00626,frames/frame_002409.jpg
2410,80.333333,,0,B,0.57472,0.21146,0.15378,0.00250,frames/frame_002410.jpg
2411,80.366667,,0,P,0.54440,0.23817,0.10912,0.19424,frames/frame_002411.jpg
2412,80.400000,,0,B,0.54100,0.24522,0.10195,0.04083,frames/frame_002412.jpg
2413,80.433333,,0,P,0.53749,0.24868,0.09931,0.02994,frames/frame_002413.jpg
2414,80.466667,,0,B,0.53748,0.24999,0.09781,0.01767,frames/frame_002414.jpg
2415,80.500000,,0,B,0.53842,0.25061,0.09713,0.00714,frames/frame_002415.jpg
2416,80.533333,,0,P,0.53638,0.25049,0.09706,0.00385,frames/frame_002416.jpg
2417,80.566667,,0,B,0.53748,0.25121,0.09693,0.00463,frames/frame_002417.jpg
2418,80.600000,,0,B,0.53725,0.25122,0.09699,0.00122,frames/frame_002418.jpg
2419,80.633333,,0,B,0.53507,0.26000,0.10292,0.01058,frames/frame_002419.jpg
2420,80.666667,,0,P,0.53184,0.26854,0.10619,0.01105,frames/frame_002420.jpg
2421,80.700000,,0,P,0.53002,0.27548,0.10873,0.01324,frames/frame_002421.jpg
2422,80.733333,,0,B,0.53100,0.28004,0.10923,0.00829,frames/frame_002422.jpg
2423,80.766667,,0,B,0.53207,0.27982,0.10937,0.01096,frames/frame_002423.jpg
2424,80.800000,,0,B,0.53291,0.27991,0.10986,0.00506,frames/frame_002424.jpg
2425,80.833333,,0,P,0.53126,0.27989,0.10987,0.00409,frames/frame_002425.jpg
2426,80.866667,,0,B,0.53141,0.28031,0.10950,0.00435,frames/frame_002426.jpg
2427,80.900000,,0,B,0.53268,0.28009,0.10965,0.00234,frames/frame_002427.jpg
2428,80.933333,,0,P,0.53075,0.28119,0.10908,0.00552,frames/frame_002428.jpg
2429,80.966667,,1,I,0.53149,0.28245,0.10936,0.00443,frames/frame_002429.jpg
2430,81.000000,,0,B,0.53346,0.28136,0.10914,0.00521,frames/frame_002430.jpg
2431,81.033333,,0,B,0.53350,0.28118,0.10908,0.00102,frames/frame_002431.jpg
2432,81.066667,,0,B,0.53333,0.28161,0.10885,0.00430,frames/frame_002432.jpg
2433,81.100000,,0,P,0.53232,0.28181,0.10862,0.00174,frames/frame_002433.jpg
2434,81.133333,,0,B,0.53346,0.28170,0.10891,0.00312,frames/frame_002434.jpg
2435,81.166667,,0,B,0.53272,0.28154,0.10924,0.00414,frames/frame_002435.jpg
2436,81.200000,,0,B,0.53298,0.28141,0.10920,0.00148,frames/frame_002436.jpg
2437,81.233333,,0,P,0.53193,0.28220,0.10854,0.00608,frames/frame_002437.jpg
2438,81.266667,,0,B,0.53275,0.28197,0.10835,0.00192,frames/frame_002438.jpg
2439,81.300000,,0,B,0.53214,0.28121,0.11040,0.00769,frames/frame_002439.jpg
2440,81.333333,,0,B,0.53265,0.28133,0.11057,0.00165,frames/frame_002440.jpg
2441,81.366667,,0,P,0.53116,0.28172,0.11046,0.00785,frames/frame_002441.jpg
2442,81.400000,,0,B,0.53262,0.28149,0.11034,0.00282,frames/frame_002442.jpg
2443,81.433333,,0,B,0.53253,0.28137,0.11036,0.00225,frames/frame_002443.jpg
2444,81.466667,,0,B,0.53284,0.28091,0.11025,0.00733,frames/frame_002444.jpg
2445,81.500000,,0,P,0.53190,0.28126,0.11014,0.00201,frames/frame_002445.jpg
2446,81.533333,,0,B,0.53332,0.28176,0.10978,0.00871,frames/frame_002446.jpg
2447,81.566667,,0,B,0.53289,0.28192,0.10956,0.00156,frames/frame_002447.jpg
2448,81.600000,,0,B,0.53320,0.28179,0.10964,0.00159,frames/frame_002448.jpg
2449,81.633333,,0,P,0.53258,0.28153,0.11045,0.00751,frames/frame_002449.jpg
2450,81.666667,,0,B,0.53463,0.28010,0.11188,0.00770,frames/frame_002450.jpg
2451,81.700000,,0,B,0.53454,0.27968,0.11279,0.00243,frames/frame_002451.jpg
2452,81.733333,,0,B,0.53600,0.27836,0.11363,0.00341,frames/frame_002452.jpg
2453,81.766667,,0,P,0.53483,0.27818,0.11403,0.00746,frames/frame_002453.jpg
2454,81.800000,,0,B,0.53672,0.27683,0.11516,0.00317,frames/frame_002454.jpg
2455,81.833333,,0,B,0.53795,0.27057,0.11566,0.01725,frames/frame_002455.jpg
2456,81.866667,,0,B,0.54066,0.26142,0.11392,0.01131,frames/frame_002456.jpg
2457,81.900000,,0,P,0.54098,0.25445,0.11127,0.01045,frames/frame_002457.jpg
2458,81.933333,,0,B,0.54559,0.24732,0.10560,0.01097,frames/frame_002458.jpg
2459,81.966667,,0,P,0.54492,0.24660,0.10688,0.00762,frames/frame_002459.jpg
2460,82.000000,,0,B,0.54506,0.24654,0.10702,0.00137,frames/frame_002460.jpg
2461,82.033333,,0,B,0.59218,0.26202,0.14286,0.10193,frames/frame_002461.jpg
2462,82.066667,,0,P,0.59259,0.25725,0.14130,0.01499,frames/frame_002462.jpg
2463,82.100000,,0,B,0.59473,0.25358,0.13969,0.00622,frames/frame_002463.jpg
2464,82.133333,,0,B,0.59441,0.25333,0.13866,0.01298,frames/frame_002464.jpg
2465,82.166667,,0,B,0.59466,0.25393,0.13899,0.00229,frames/frame_002465.jpg
2466,82.200000,,0,P,0.59345,0.25490,0.13967,0.00459,frames/frame_002466.jpg
2467,82.233333,,0,B,0.59363,0.25607,0.14109,0.01229,frames/frame_002467.jpg
2468,82.266667,,0,B,0.59338,0.25625,0.14144,0.00226,frames/frame_002468.jpg
2469,82.300000,,0,B,0.59478,0.25725,0.13840,0.01325,frames/frame_002469.jpg
2470,82.333333,,0,P,0.59409,0.25711,0.13830,0.00380,frames/frame_002470.jpg
2471,82.366667,,0,B,0.59492,0.25729,0.13916,0.01146,frames/frame_002471.jpg
2472,82.400000,,0,B,0.59486,0.25720,0.13935,0.00175,frames/frame_002472.jpg
2473,82.433333,,0,B,0.59647,0.25746,0.13894,0.00794,frames/frame_002473.jpg
2474,82.466667,,0,P,0.59526,0.25757,0.13897,0.00281,frames/frame_002474.jpg
2475,82.500000,,0,B,0.59692,0.25758,0.13935,0.00395,frames/frame_002475.jpg
2476,82.533333,,0,B,0.59714,0.25638,0.14016,0.00750,frames/frame_002476.jpg
2477,82.566667,,0,B,0.59744,0.25649,0.14018,0.00191,frames/frame_002477.jpg
2478,82.600000,,0,P,0.59596,0.25738,0.13966,0.01007,frames/frame_002478.jpg
2479,82.633333,,0,B,0.59793,0.25734,0.13949,0.00432,frames/frame_002479.jpg
2480,82.666667,,0,B,0.59832,0.25748,0.13822,0.01102,frames/frame_002480.jpg
2481,82.700000,,0,B,0.59876,0.25786,0.13825,0.00191,frames/frame_002481.jpg
2482,82.733333,,0,P,0.60030,0.25698,0.13853,0.01779,frames/frame_002482.jpg
2483,82.766667,,0,B,0.60243,0.25671,0.13826,0.00325,frames/frame_002483.jpg
2484,82.800000,,0,B,0.60127,0.25652,0.13843,0.00381,frames/frame_002484.jpg
2485,82.833333,,0,B,0.60346,0.25349,0.14099,0.01395,frames/frame_002485.jpg
2486,82.866667,,0,P,0.59375,0.21466,0.14953,0.14820,frames/frame_002486.jpg
2487,82.900000,,0,B,0.59931,0.20838,0.14616,0.01442,frames/frame_002487.jpg
2488,82.933333,,0,B,0.60095,0.20298,0.14484,0.00532,frames/frame_002488.jpg
2489,82.966667,,0,B,0.60268,0.20029,0.14488,0.01077,frames/frame_002489.jpg
2490,83.000000,,0,P,0.60152,0.20160,0.14539,0.00335,frames/frame_002490.jpg
2491,83.033333,,0,B,0.60327,0.20162,0.14604,0.00931,frames/frame_002491.jpg
2492,83.066667,,0,B,0.60282,0.20194,0.14571,0.00231,frames/frame_002492.jpg
2493,83.100000,,0,B,0.60305,0.20197,0.14585,0.00361,frames/frame_002493.jpg
2494,83.133333,,0,P,0.60254,0.20079,0.14505,0.00962,frames/frame_002494.jpg
2495,83.166667,,0,B,0.60357,0.20064,0.14536,0.00235,frames/frame_002495.jpg
2496,83.200000,,0,B,0.60536,0.20052,0.14536,0.01282,frames/frame_002496.jpg
2497,83.233333,,0,B,0.60624,0.20016,0.14545,0.00215,frames/frame_002497.jpg
2498,83.266667,,0,P,0.60477,0.20025,0.14576,0.00353,frames/frame_002498.jpg
2499,83.300000,,0,B,0.60664,0.20021,0.14631,0.01399,frames/frame_002499.jpg
2500,83.333333,,0,B,0.60654,0.19997,0.14750,0.01059,frames/frame_002500.jpg
2501,83.366667,,0,B,0.60677,0.19987,0.14837,0.00240,frames/frame_002501.jpg
2502,83.400000,,0,P,0.60578,0.19952,0.14897,0.00286,frames/frame_002502.jpg
2503,83.433333,,0,B,0.60615,0.19976,0.14949,0.01779,frames/frame_002503.jpg
2504,83.466667,,0,B,0.60615,0.19969,0.14967,0.00110,frames/frame_002504.jpg
2505,83.500000,,0,B,0.60782,0.19961,0.14997,0.02162,frames/frame_002505.jpg
2506,83.533333,,0,P,0.60695,0.19919,0.14997,0.00229,frames/frame_002506.jpg
2507,83.566667,,0,B,0.60809,0.19955,0.15018,0.00337,frames/frame_002507.jpg
2508,83.600000,,0,B,0.60774,0.19898,0.14696,0.01631,frames/frame_002508.jpg
2509,83.633333,,0,B,0.60738,0.19828,0.14780,0.01654,frames/frame_002509.jpg
2510,83.666667,,0,P,0.61412,0.25590,0.15209,0.13880,frames/frame_002510.jpg
2511,83.700000,,0,P,0.61274,0.25328,0.15056,0.01913,frames/frame_002511.jpg
2512,83.733333,,0,B,0.61499,0.24834,0.14897,0.00779,frames/frame_002512.jpg
2513,83.766667,,0,B,0.61471,0.24865,0.14833,0.02185,frames/frame_002513.jpg
2514,83.800000,,0,B,0.61563,0.24795,0.14811,0.00513,frames/frame_002514.jpg
2515,83.833333,,0,P,0.61454,0.24795,0.14966,0.00482,frames/frame_002515.jpg
2516,83.866667,,0,B,0.61367,0.24884,0.15140,0.01856,frames/frame_002516.jpg
2517,83.900000,,0,B,0.61423,0.24927,0.15146,0.00288,frames/frame_002517.jpg
2518,83.933333,,0,P,0.61487,0.24801,0.14937,0.01877,frames/frame_002518.jpg
2519,83.966667,,1,I,0.61256,0.24909,0.15160,0.02017,frames/frame_002519.jpg
2520,84.000000,,0,B,0.61690,0.24623,0.15058,0.02746,frames/frame_002520.jpg
2521,84.033333,,0,B,0.61686,0.24625,0.15054,0.00044,frames/frame_002521.jpg
2522,84.066667,,0,B,0.61715,0.24627,0.15073,0.00193,frames/frame_002522.jpg
2523,84.100000,,0,P,0.61313,0.24916,0.15210,0.02771,frames/frame_002523.jpg
2524,84.133333,,0,B,0.61404,0.24934,0.15208,0.00191,frames/frame_002524.jpg
2525,84.166667,,0,B,0.61684,0.24597,0.15036,0.02745,frames/frame_002525.jpg
2526,84.200000,,0,B,0.61723,0.24608,0.15043,0.00148,frames/frame_002526.jpg
2527,84.233333,,0,P,0.61652,0.24616,0.15055,0.00202,frames/frame_002527.jpg
2528,84.266667,,0,B,0.61497,0.24876,0.15197,0.02772,frames/frame_002528.jpg
2529,84.300000,,0,P,0.61677,0.24556,0.15047,0.02712,frames/frame_002529.jpg
2530,84.333333,,0,B,0.61694,0.24496,0.15136,0.00569,frames/frame_002530.jpg
2531,84.366667,,0,P,0.61704,0.24365,0.15199,0.00591,frames/frame_002531.jpg
2532,84.400000,,0,B,0.61624,0.24654,0.15247,0.02802,frames/frame_002532.jpg
2533,84.433333,,0,B,0.61643,0.24574,0.15296,0.00171,frames/frame_002533.jpg
2534,84.466667,,0,B,0.61934,0.24236,0.15241,0.02826,frames/frame_002534.jpg
2535,84.500000,,0,P,0.61900,0.24200,0.15270,0.00143,frames/frame_002535.jpg
2536,84.533333,,0,B,0.59544,0.20669,0.14642,0.14122,frames/frame_002536.jpg
2537,84.566667,,0,B,0.59666,0.19997,0.14494,0.00739,frames/frame_002537.jpg
2538,84.600000,,0,B,0.59849,0.19603,0.14418,0.00464,frames/frame_002538.jpg
2539,84.633333,,0,P,0.59850,0.19503,0.14476,0.01077,frames/frame_002539.jpg
2540,84.666667,,0,B,0.59942,0.19549,0.14510,0.00847,frames/frame_002540.jpg
2541,84.700000,,0,P,0.59842,0.19612,0.14457,0.00340,frames/frame_002541.jpg
2542,84.733333,,0,B,0.59893,0.19654,0.14526,0.00334,frames/frame_002542.jpg
2543,84.766667,,0,B,0.59944,0.19588,0.14465,0.00826,frames/frame_002543.jpg
2544,84.800000,,0,B,0.59959,0.19552,0.14451,0.00096,frames/frame_002544.jpg
2545,84.833333,,0,P,0.59959,0.19458,0.14574,0.00831,frames/frame_002545.jpg
2546,84.866667,,0,B,0.60081,0.19448,0.14553,0.00304,frames/frame_002546.jpg
2547,84.900000,,0,B,0.60059,0.19434,0.14564,0.00137,frames/frame_002547.jpg
2548,84.933333,,0,B,0.50230,0.24613,0.12393,0.17927,frames/frame_002548.jpg
2549,84.966667,,0,P,0.49884,0.23572,0.11615,0.02448,frames/frame_002549.jpg
2550,85.000000,,0,B,0.49725,0.23364,0.11043,0.03217,frames/frame_002550.jpg
2551,85.033333,,0,B,0.49696,0.23240,0.10963,0.00722,frames/frame_002551.jpg
2552,85.066667,,0,B,0.49835,0.23219,0.11002,0.00456,frames/frame_002552.jpg
2553,85.100000,,0,P,0.49446,0.23423,0.10997,0.02345,frames/frame_002553.jpg
2554,85.133333,,0,B,0.49693,0.23390,0.11214,0.00825,frames/frame_002554.jpg
2555,85.166667,,0,B,0.49659,0.23376,0.11347,0.00763,frames/frame_002555.jpg
2556,85.200000,,0,B,0.49665,0.23389,0.11312,0.02375,frames/frame_002556.jpg
2557,85.233333,,0,P,0.49488,0.23440,0.11416,0.00676,frames/frame_002557.jpg
2558,85.266667,,0,B,0.49661,0.23329,0.11436,0.00666,frames/frame_002558.jpg
2559,85.300000,,0,B,0.49727,0.23160,0.11494,0.02984,frames/frame_002559.jpg
2560,85.333333,,0,B,0.49874,0.22949,0.11697,0.02709,frames/frame_002560.jpg
2561,85.366667,,0,P,0.49826,0.22908,0.11809,0.00816,frames/frame_002561.jpg
2562,85.400000,,0,B,0.50050,0.22757,0.11928,0.00876,frames/frame_002562.jpg
2563,85.433333,,0,B,0.50198,0.22405,0.12240,0.02595,frames/frame_002563.jpg
2564,85.466667,,0,B,0.50376,0.22312,0.12341,0.01108,frames/frame_002564.jpg
2565,85.500000,,0,P,0.50273,0.22254,0.12445,0.01101,frames/frame_002565.jpg
2566,85.533333,,0,P,0.50321,0.22080,0.12857,0.02546,frames/frame_002566.jpg
2567,85.566667,,0,B,0.50429,0.22045,0.12925,0.00953,frames/frame_002567.jpg
2568,85.600000,,0,B,0.50350,0.22061,0.12900,0.00849,frames/frame_002568.jpg
2569,85.633333,,0,B,0.50169,0.22049,0.12584,0.02411,frames/frame_002569.jpg
2570,85.666667,,0,P,0.49980,0.22025,0.12470,0.00992,frames/frame_002570.jpg
2571,85.700000,,0,B,0.49871,0.22131,0.12312,0.01804,frames/frame_002571.jpg
2572,85.733333,,0,B,0.49785,0.22136,0.12260,0.01006,frames/frame_002572.jpg
2573,85.766667,,0,B,0.49712,0.22143,0.12066,0.01149,frames/frame_002573.jpg
2574,85.800000,,0,P,0.49373,0.22207,0.11764,0.01760,frames/frame_002574.jpg
2575,85.833333,,0,B,0.49419,0.22149,0.11689,0.01292,frames/frame_002575.jpg
2576,85.866667,,0,B,0.49202,0.22126,0.11204,0.01650,frames/frame_002576.jpg
2577,85.900000,,0,B,0.49178,0.22177,0.11078,0.01219,frames/frame_002577.jpg
2578,85.933333,,0,P,0.48961,0.22190,0.10703,0.01307,frames/frame_002578.jpg
2579,85.966667,,0,B,0.48897,0.22231,0.10183,0.02176,frames/frame_002579.jpg
2580,86.000000,,0,B,0.48736,0.22307,0.09793,0.01138,frames/frame_002580.jpg
2581,86.033333,,0,B,0.48670,0.22343,0.09465,0.01240,frames/frame_002581.jpg
2582,86.066667,,0,P,0.48413,0.22401,0.09128,0.01105,frames/frame_002582.jpg
2583,86.100000,,0,B,0.48442,0.22539,0.08839,0.00914,frames/frame_002583.jpg
2584,86.133333,,0,B,0.48180,0.22733,0.08486,0.00890,frames/frame_002584.jpg
2585,86.166667,,0,B,0.48132,0.22803,0.08282,0.00486,frames/frame_002585.jpg
2586,86.200000,,0,P,0.47870,0.23475,0.08075,0.00764,frames/frame_002586.jpg
2587,86.233333,,0,B,0.47922,0.23374,0.08123,0.01042,frames/frame_002587.jpg
2588,86.266667,,0,B,0.47935,0.23375,0.08022,0.00726,frames/frame_002588.jpg
2589,86.300000,,0,B,0.47974,0.23306,0.08011,0.00906,frames/frame_002589.jpg
2590,86.333333,,0,P,0.48653,0.23422,0.08860,0.01504,frames/frame_002590.jpg
2591,86.366667,,0,B,0.48479,0.23768,0.08532,0.02132,frames/frame_002591.jpg
2592,86.400000,,0,B,0.48691,0.23514,0.08642,0.02317,frames/frame_002592.jpg
2593,86.433333,,0,P,0.48406,0.23647,0.08781,0.01583,frames/frame_002593.jpg
2594,86.466667,,0,B,0.48518,0.23701,0.08906,0.00785,frames/frame_002594.jpg
2595,86.500000,,0,B,0.48474,0.23751,0.08821,0.00806,frames/frame_002595.jpg
2596,86.533333,,0,B,0.48544,0.23727,0.08854,0.00405,frames/frame_002596.jpg
2597,86.566667,,0,P,0.48723,0.23655,0.09123,0.01357,frames/frame_002597.jpg
2598,86.600000,,0,P,0.48691,0.23661,0.09080,0.01500,frames/frame_002598.jpg
2599,86.633333,,0,B,0.48749,0.23756,0.09074,0.01342,frames/frame_002599.jpg
2600,86.666667,,0,B,0.48711,0.23744,0.09184,0.00564,frames/frame_002600.jpg
2601,86.700000,,0,B,0.48754,0.23746,0.09158,0.00591,frames/frame_002601.jpg
2602,86.733333,,0,P,0.48579,0.23770,0.09094,0.00554,frames/frame_002602.jpg
2603,86.766667,,0,B,0.48726,0.23766,0.08976,0.00610,frames/frame_002603.jpg
2604,86.800000,,0,B,0.49095,0.23895,0.09216,0.00861,frames/frame_002604.jpg
2605,86.833333,,0,B,0.49077,0.23944,0.09170,0.01312,frames/frame_002605.jpg
2606,86.866667,,0,P,0.48995,0.23919,0.09089,0.01081,frames/frame_002606.jpg
2607,86.900000,,0,B,0.49124,0.23836,0.09141,0.00649,frames/frame_002607.jpg
2608,86.933333,,0,P,0.49020,0.23846,0.09180,0.00525,frames/frame_002608.jpg
2609,86.966667,,1,I,0.52704,0.26805,0.13265,0.15825,frames/frame_002609.jpg
2610,87.000000,,0,B,0.52815,0.26384,0.13264,0.02443,frames/frame_002610.jpg
2611,87.033333,,0,B,0.52879,0.25750,0.13274,0.03124,frames/frame_002611.jpg
2612,87.066667,,0,B,0.52736,0.25036,0.13791,0.02845,frames/frame_002612.jpg
2613,87.100000,,0,P,0.51873,0.24828,0.14529,0.01902,frames/frame_002613.jpg
2614,87.133333,,0,B,0.52353,0.24814,0.14289,0.01072,frames/frame_002614.jpg
2615,87.166667,,0,B,0.52892,0.24896,0.13709,0.01741,frames/frame_002615.jpg
2616,87.200000,,0,B,0.53298,0.24890,0.13672,0.01201,frames/frame_002616.jpg
2617,87.233333,,0,P,0.53268,0.24847,0.13761,0.01030,frames/frame_002617.jpg
2618,87.266667,,0,B,0.54149,0.24374,0.13824,0.01543,frames/frame_002618.jpg
2619,87.300000,,0,B,0.54408,0.23728,0.14109,0.02057,frames/frame_002619.jpg
2620,87.333333,,0,B,0.54646,0.23417,0.13914,0.00957,frames/frame_002620.jpg
2621,87.366667,,0,P,0.54518,0.23439,0.13988,0.01194,frames/frame_002621.jpg
2622,87.400000,,0,B,0.54793,0.23139,0.13831,0.00966,frames/frame_002622.jpg
2623,87.433333,,0,B,0.54887,0.23023,0.13850,0.00967,frames/frame_002623.jpg
2624,87.466667,,0,B,0.55044,0.22753,0.13967,0.01281,frames/frame_002624.jpg
2625,87.500000,,0,P,0.54992,0.22784,0.13936,0.00921,frames/frame_002625.jpg
2626,87.533333,,0,B,0.55035,0.23135,0.13841,0.01296,frames/frame_002626.jpg
2627,87.566667,,0,B,0.55004,0.23282,0.13908,0.00707,frames/frame_002627.jpg
2628,87.600000,,0,B,0.55063,0.23323,0.13887,0.00798,frames/frame_002628.jpg
2629,87.633333,,0,P,0.54910,0.23419,0.13940,0.01957,frames/frame_002629.jpg
2630,87.666667,,0,B,0.54858,0.23654,0.13756,0.01114,frames/frame_002630.jpg
2631,87.700000,,0,B,0.54806,0.23703,0.13710,0.00448,frames/frame_002631.jpg
2632,87.733333,,0,B,0.54908,0.23766,0.13699,0.00556,frames/frame_002632.jpg
2633,87.766667,,0,P,0.54518,0.23932,0.14003,0.01309,frames/frame_002633.jpg
2634,87.800000,,0,B,0.54664,0.23899,0.13956,0.00587,frames/frame_002634.jpg
2635,87.833333,,0,B,0.54566,0.23922,0.13868,0.00763,frames/frame_002635.jpg
2636,87.866667,,0,B,0.54629,0.23962,0.13760,0.00469,frames/frame_002636.jpg
2637,87.900000,,0,P,0.54435,0.24001,0.13756,0.00818,frames/frame_002637.jpg
2638,87.933333,,0,B,0.54347,0.24184,0.13492,0.01635,frames/frame_002638.jpg
2639,87.966667,,0,B,0.53724,0.24571,0.13131,0.02384,frames/frame_002639.jpg
2640,88.000000,,0,B,0.53376,0.24628,0.12880,0.01325,frames/frame_002640.jpg
2641,88.033333,,0,P,0.53120,0.24064,0.12870,0.01189,frames/frame_002641.jpg
2642,88.066667,,0,B,0.53561,0.23499,0.12992,0.01083,frames/frame_002642.jpg
2643,88.100000,,0,B,0.53896,0.23038,0.13099,0.00911,frames/frame_002643.jpg
2644,88.133333,,0,B,0.54121,0.22862,0.13153,0.00803,frames/frame_002644.jpg
2645,88.166667,,0,P,0.54277,0.22574,0.13335,0.00871,frames/frame_002645.jpg
2646,88.200000,,0,B,0.58419,0.19118,0.15292,0.04550,frames/frame_002646.jpg
2647,88.233333,,0,B,0.58169,0.19270,0.15351,0.01307,frames/frame_002647.jpg
2648,88.266667,,0,B,0.58016,0.19434,0.15280,0.01169,frames/frame_002648.jpg
2649,88.300000,,0,P,0.57554,0.19655,0.15363,0.01951,frames/frame_002649.jpg
2650,88.333333,,0,B,0.57650,0.19657,0.15188,0.00990,frames/frame_002650.jpg
2651,88.366667,,0,B,0.57792,0.19346,0.15279,0.01168,frames/frame_002651.jpg
2652,88.400000,,0,B,0.57894,0.19187,0.15257,0.00758,frames/frame_002652.jpg
2653,88.433333,,0,P,0.57427,0.19824,0.14986,0.01061,frames/frame_002653.jpg
2654,88.466667,,0,B,0.57758,0.19555,0.15223,0.00796,frames/frame_002654.jpg
2655,88.500000,,0,B,0.57964,0.19257,0.15206,0.00850,frames/frame_002655.jpg
2656,88.533333,,0,B,0.58415,0.18715,0.15361,0.01211,frames/frame_002656.jpg
2657,88.566667,,0,P,0.58709,0.18318,0.15422,0.01047,frames/frame_002657.jpg
2658,88.600000,,0,B,0.58893,0.18191,0.15332,0.00895,frames/frame_002658.jpg
2659,88.633333,,0,B,0.58941,0.17901,0.15407,0.01311,frames/frame_002659.jpg
2660,88.666667,,0,B,0.59160,0.17690,0.15574,0.01061,frames/frame_002660.jpg
2661,88.700000,,0,P,0.59176,0.17549,0.15577,0.00947,frames/frame_002661.jpg
2662,88.733333,,0,B,0.59269,0.17748,0.15271,0.01133,frames/frame_002662.jpg
2663,88.766667,,0,B,0.59213,0.17750,0.15031,0.00707,frames/frame_002663.jpg
2664,88.800000,,0,B,0.59227,0.17743,0.15009,0.00749,frames/frame_002664.jpg
2665,88.833333,,0,P,0.59121,0.17774,0.15018,0.00777,frames/frame_002665.jpg
2666,88.866667,,0,B,0.59047,0.17796,0.15066,0.00766,frames/frame_002666.jpg
2667,88.900000,,0,B,0.59099,0.17594,0.15159,0.00783,frames/frame_002667.jpg
2668,88.933333,,0,B,0.59116,0.17542,0.15174,0.00455,frames/frame_002668.jpg
2669,88.966667,,0,P,0.59001,0.17555,0.14970,0.01085,frames/frame_002669.jpg
2670,89.000000,,0,B,0.59044,0.17560,0.14908,0.00443,frames/frame_002670.jpg
2671,89.033333,,0,B,0.70888,0.04657,0.14859,0.16343,frames/frame_002671.jpg
2672,89.066667,,0,B,0.70981,0.04633,0.14727,0.00478,frames/frame_002672.jpg
2673,89.100000,,0,P,0.70992,0.04638,0.14860,0.00613,frames/frame_002673.jpg
2674,89.133333,,0,B,0.71025,0.04664,0.14935,0.00613,frames/frame_002674.jpg
2675,89.166667,,0,B,0.70936,0.04658,0.14866,0.00425,frames/frame_002675.jpg
2676,89.200000,,0,B,0.71005,0.04696,0.14910,0.00261,frames/frame_002676.jpg
2677,89.233333,,0,P,0.70865,0.04685,0.14879,0.00316,frames/frame_002677.jpg
2678,89.266667,,0,B,0.71111,0.04683,0.14880,0.00503,frames/frame_002678.jpg
2679,89.300000,,0,B,0.71068,0.04666,0.14873,0.00458,frames/frame_002679.jpg
2680,89.333333,,0,B,0.71186,0.04678,0.14900,0.00264,frames/frame_002680.jpg
2681,89.366667,,0,P,0.70995,0.04665,0.14897,0.00343,frames/frame_002681.jpg
2682,89.400000,,0,B,0.71202,0.04661,0.14855,0.00476,frames/frame_002682.jpg
2683,89.433333,,0,B,0.71077,0.04651,0.14903,0.00352,frames/frame_002683.jpg
2684,89.466667,,0,B,0.71195,0.04641,0.14922,0.00315,frames/frame_002684.jpg
2685,89.500000,,0,P,0.71001,0.04646,0.14907,0.00410,frames/frame_002685.jpg
2686,89.533333,,0,B,0.71234,0.04654,0.15004,0.00464,frames/frame_002686.jpg
2687,89.566667,,0,B,0.71138,0.04647,0.15030,0.00381,frames/frame_002687.jpg
2688,89.600000,,0,B,0.71211,0.04692,0.15042,0.00381,frames/frame_002688.jpg
2689,89.633333,,0,P,0.71017,0.04684,0.15068,0.00796,frames/frame_002689.jpg
2690,89.666667,,0,B,0.71217,0.04696,0.15103,0.00558,frames/frame_002690.jpg
2691,89.700000,,0,B,0.71109,0.04685,0.15132,0.00513,frames/frame_002691.jpg
2692,89.733333,,0,B,0.71241,0.04694,0.15201,0.00518,frames/frame_002692.jpg
2693,89.766667,,0,P,0.71025,0.04683,0.15227,0.00571,frames/frame_002693.jpg
2694,89.800000,,0,B,0.71259,0.04695,0.15270,0.00637,frames/frame_002694.jpg
2695,89.833333,,0,B,0.71194,0.04717,0.15303,0.00563,frames/frame_002695.jpg
2696,89.866667,,0,B,0.70895,0.04950,0.15800,0.01077,frames/frame_002696.jpg
2697,89.900000,,0,P,0.70485,0.05029,0.16120,0.01467,frames/frame_002697.jpg
2698,89.933333,,0,P,0.70192,0.05213,0.16635,0.01961,frames/frame_002698.jpg
2699,89.966667,,1,I,0.70103,0.05326,0.16993,0.02779,frames/frame_002699.jpg
2700,90.000000,,0,B,0.70367,0.05269,0.17086,0.00774,frames/frame_002700.jpg
2701,90.033333,,0,B,0.70313,0.05279,0.17320,0.00538,frames/frame_002701.jpg
2702,90.066667,,0,B,0.70352,0.05308,0.17463,0.00594,frames/frame_002702.jpg
2703,90.100000,,0,P,0.70133,0.05304,0.17540,0.00659,frames/frame_002703.jpg
2704,90.133333,,0,B,0.70280,0.05321,0.17662,0.00614,frames/frame_002704.jpg
2705,90.166667,,0,B,0.70203,0.05348,0.17714,0.00505,frames/frame_002705.jpg
2706,90.200000,,0,B,0.70252,0.05310,0.17719,0.00640,frames/frame_002706.jpg
2707,90.233333,,0,P,0.70089,0.05323,0.17745,0.00704,frames/frame_002707.jpg
2708,90.266667,,0,B,0.70246,0.05336,0.17922,0.00431,frames/frame_002708.jpg
2709,90.300000,,0,B,0.70206,0.05333,0.18106,0.00610,frames/frame_002709.jpg
2710,90.333333,,0,B,0.70298,0.05310,0.18143,0.00386,frames/frame_002710.jpg
2711,90.366667,,0,P,0.70105,0.05297,0.18137,0.00394,frames/frame_002711.jpg
2712,90.400000,,0,B,0.70292,0.05326,0.18119,0.00337,frames/frame_002712.jpg
2713,90.433333,,0,B,0.70237,0.05331,0.18134,0.00229,frames/frame_002713.jpg
2714,90.466667,,0,B,0.70279,0.05349,0.18097,0.00353,frames/frame_002714.jpg
2715,90.500000,,0,P,0.70081,0.05341,0.18113,0.00323,frames/frame_002715.jpg
2716,90.533333,,0,B,0.70276,0.05338,0.18071,0.00374,frames/frame_002716.jpg
2717,90.566667,,0,B,0.70220,0.05328,0.18076,0.00208,frames/frame_002717.jpg
2718,90.600000,,0,B,0.70269,0.05320,0.18087,0.00177,frames/frame_002718.jpg
2719,90.633333,,0,P,0.70098,0.05321,0.18090,0.00379,frames/frame_002719.jpg
2720,90.666667,,0,B,0.70185,0.05320,0.18091,0.00288,frames/frame_002720.jpg
2721,90.700000,,0,B,0.70188,0.05319,0.18094,0.00023,frames/frame_002721.jpg
2722,90.733333,,0,P,0.52796,0.23994,0.12662,0.22434,frames/frame_002722.jpg
2723,90.766667,,0,P,0.53019,0.23728,0.12755,0.03227,frames/frame_002723.jpg
2724,90.800000,,0,P,0.53016,0.23658,0.12652,0.03008,frames/frame_002724.jpg
2725,90.833333,,0,P,0.53105,0.23496,0.12971,0.03056,frames/frame_002725.jpg
2726,90.866667,,0,P,0.53221,0.23370,0.13088,0.03017,frames/frame_002726.jpg
2727,90.900000,,0,P,0.53365,0.23165,0.13141,0.03058,frames/frame_002727.jpg
2728,90.933333,,0,P,0.53561,0.23000,0.12995,0.03036,frames/frame_002728.jpg
2729,90.966667,,0,P,0.53668,0.22699,0.13323,0.03932,frames/frame_002729.jpg
2730,91.000000,,0,P,0.53673,0.22607,0.13392,0.03126,frames/frame_002730.jpg
2731,91.033333,,0,P,0.53749,0.22477,0.13399,0.03085,frames/frame_002731.jpg
2732,91.066667,,0,P,0.53799,0.22348,0.13272,0.03097,frames/frame_002732.jpg
2733,91.100000,,0,P,0.53769,0.22265,0.13498,0.03099,frames/frame_002733.jpg
2734,91.133333,,0,P,0.53718,0.22184,0.13549,0.03143,frames/frame_002734.jpg
2735,91.166667,,0,P,0.53671,0.22144,0.13549,0.03016,frames/frame_002735.jpg
2736,91.200000,,0,P,0.53612,0.22128,0.13603,0.02907,frames/frame_002736.jpg
2737,91.233333,,0,P,0.53616,0.22020,0.13389,0.02871,frames/frame_002737.jpg
2738,91.266667,,0,P,0.53529,0.21999,0.13480,0.02823,frames/frame_002738.jpg
2739,91.300000,,0,P,0.53443,0.21896,0.13554,0.03368,frames/frame_002739.jpg
2740,91.333333,,0,P,0.53387,0.21904,0.13263,0.02636,frames/frame_002740.jpg
2741,91.366667,,0,P,0.53277,0.21896,0.13212,0.02540,frames/frame_002741.jpg
2742,91.400000,,0,P,0.53260,0.21909,0.12854,0.02437,frames/frame_002742.jpg
2743,91.433333,,0,P,0.53238,0.21949,0.12705,0.02387,frames/frame_002743.jpg
2744,91.466667,,0,P,0.53108,0.21993,0.12280,0.02226,frames/frame_002744.jpg
2745,91.500000,,0,B,0.53041,0.22069,0.12187,0.02167,frames/frame_002745.jpg
2746,91.533333,,0,P,0.54194,0.20890,0.13018,0.03393,frames/frame_002746.jpg
2747,91.566667,,0,P,0.54202,0.20843,0.12878,0.02216,frames/frame_002747.jpg
2748,91.600000,,0,B,0.54528,0.20607,0.12857,0.02372,frames/frame_002748.jpg
2749,91.633333,,0,P,0.54711,0.20495,0.12951,0.02897,frames/frame_002749.jpg
2750,91.666667,,0,B,0.54816,0.20500,0.12771,0.01768,frames/frame_002750.jpg
2751,91.700000,,0,P,0.54666,0.20545,0.12705,0.01640,frames/frame_002751.jpg
2752,91.733333,,0,B,0.54741,0.20639,0.12549,0.01597,frames/frame_002752.jpg
2753,91.766667,,0,P,0.54546,0.20637,0.12520,0.01471,frames/frame_002753.jpg
2754,91.800000,,0,B,0.54601,0.20834,0.12420,0.01428,frames/frame_002754.jpg
2755,91.833333,,0,P,0.54474,0.20962,0.12192,0.01333,frames/frame_002755.jpg
2756,91.866667,,0,P,0.54353,0.21122,0.12169,0.01217,frames/frame_002756.jpg
2757,91.900000,,0,B,0.54411,0.21146,0.12173,0.01206,frames/frame_002757.jpg
2758,91.933333,,0,B,0.54227,0.21193,0.12200,0.00929,frames/frame_002758.jpg
2759,91.966667,,0,B,0.54221,0.21288,0.12111,0.00966,frames/frame_002759.jpg
2760,92.000000,,0,P,0.54055,0.21347,0.12085,0.00347,frames/frame_002760.jpg
2761,92.033333,,0,B,0.54244,0.21382,0.12058,0.00410,frames/frame_002761.jpg
2762,92.066667,,0,B,0.54162,0.21353,0.12033,0.00287,frames/frame_002762.jpg
2763,92.100000,,0,B,0.54226,0.21406,0.12012,0.00274,frames/frame_002763.jpg
2764,92.133333,,0,P,0.54030,0.21397,0.11959,0.00414,frames/frame_002764.jpg
2765,92.166667,,0,B,0.54162,0.21466,0.11939,0.00310,frames/frame_002765.jpg
2766,92.200000,,0,B,0.54101,0.21478,0.11950,0.00324,frames/frame_002766.jpg
2767,92.233333,,0,B,0.54152,0.21544,0.11901,0.00251,frames/frame_002767.jpg
2768,92.266667,,0,P,0.54013,0.21500,0.11894,0.00301,frames/frame_002768.jpg
2769,92.300000,,0,B,0.54021,0.21543,0.11880,0.00408,frames/frame_002769.jpg
2770,92.333333,,0,B,0.56762,0.18642,0.15189,0.19016,frames/frame_002770.jpg
2771,92.366667,,0,P,0.57081,0.18316,0.14610,0.06752,frames/frame_002771.jpg
2772,92.400000,,0,B,0.58601,0.17290,0.16896,0.08472,frames/frame_002772.jpg
2773,92.433333,,0,B,0.58410,0.17415,0.15924,0.02551,frames/frame_002773.jpg
2774,92.466667,,0,B,0.58410,0.17442,0.15194,0.01139,frames/frame_002774.jpg
2775,92.500000,,0,P,0.58249,0.17302,0.15060,0.05112,frames/frame_002775.jpg
2776,92.533333,,0,B,0.58366,0.17280,0.14991,0.00485,frames/frame_002776.jpg
2777,92.566667,,0,B,0.58363,0.17248,0.15010,0.03808,frames/frame_002777.jpg
2778,92.600000,,0,B,0.58452,0.17219,0.15260,0.00688,frames/frame_002778.jpg
2779,92.633333,,0,P,0.58058,0.17314,0.14969,0.02734,frames/frame_002779.jpg
2780,92.666667,,0,B,0.58147,0.17299,0.15053,0.00489,frames/frame_002780.jpg
2781,92.700000,,0,B,0.58058,0.17184,0.15066,0.01430,frames/frame_002781.jpg
2782,92.733333,,0,B,0.58104,0.17198,0.15106,0.00507,frames/frame_002782.jpg
2783,92.766667,,0,P,0.57831,0.17251,0.15125,0.00467,frames/frame_002783.jpg
2784,92.800000,,0,B,0.58016,0.16902,0.16379,0.01433,frames/frame_002784.jpg
2785,92.833333,,0,B,0.58073,0.16872,0.16443,0.00400,frames/frame_002785.jpg
2786,92.866667,,0,B,0.58281,0.16961,0.16268,0.01183,frames/frame_002786.jpg
2787,92.900000,,0,P,0.58088,0.16984,0.16141,0.00731,frames/frame_002787.jpg
2788,92.933333,,0,P,0.58110,0.16962,0.16119,0.00305,frames/frame_002788.jpg
2789,92.966667,,1,I,0.58056,0.17229,0.13379,0.02160,frames/frame_002789.jpg
2790,93.000000,,0,B,0.58277,0.17147,0.13380,0.00831,frames/frame_002790.jpg
2791,93.033333,,0,B,0.58251,0.17158,0.13423,0.00343,frames/frame_002791.jpg
2792,93.066667,,0,B,0.58295,0.17148,0.13413,0.00120,frames/frame_002792.jpg
2793,93.100000,,0,P,0.59111,0.16910,0.13031,0.08333,frames/frame_002793.jpg
2794,93.133333,,0,B,0.59161,0.16908,0.13032,0.00106,frames/frame_002794.jpg
2795,93.166667,,0,B,0.58664,0.17108,0.12786,0.04280,frames/frame_002795.jpg
2796,93.200000,,0,B,0.58772,0.17074,0.12824,0.00333,frames/frame_002796.jpg
2797,93.233333,,0,P,0.58656,0.17087,0.12899,0.00263,frames/frame_002797.jpg
2798,93.266667,,0,B,0.58431,0.17194,0.13057,0.04194,frames/frame_002798.jpg
2799,93.300000,,0,B,0.58775,0.16830,0.13300,0.03376,frames/frame_002799.jpg
2800,93.333333,,0,B,0.58789,0.16795,0.13283,0.00261,frames/frame_002800.jpg
2801,93.366667,,0,P,0.58637,0.16861,0.13293,0.00264,frames/frame_002801.jpg
2802,93.400000,,0,P,0.58810,0.16771,0.13352,0.02139,frames/frame_002802.jpg
2803,93.433333,,0,B,0.58886,0.16757,0.13351,0.00204,frames/frame_002803.jpg
2804,93.466667,,0,B,0.59108,0.16624,0.13421,0.01817,frames/frame_002804.jpg
2805,93.500000,,0,B,0.59134,0.16647,0.13436,0.00164,frames/frame_002805.jpg
2806,93.533333,,0,P,0.58959,0.16661,0.13485,0.00289,frames/frame_002806.jpg
2807,93.566667,,0,B,0.59193,0.16606,0.13475,0.00430,frames/frame_002807.jpg
2808,93.600000,,0,B,0.59155,0.16625,0.13469,0.00160,frames/frame_002808.jpg
2809,93.633333,,0,B,0.59226,0.16622,0.13434,0.00243,frames/frame_002809.jpg
2810,93.666667,,0,P,0.59021,0.16682,0.13458,0.00283,frames/frame_002810.jpg
2811,93.700000,,0,P,0.58944,0.16671,0.13466,0.00351,frames/frame_002811.jpg
2812,93.733333,,0,B,0.58976,0.16667,0.13454,0.00220,frames/frame_002812.jpg
2813,93.766667,,0,P,0.58880,0.16657,0.13438,0.00242,frames/frame_002813.jpg
2814,93.800000,,0,B,0.59055,0.16654,0.13453,0.00335,frames/frame_002814.jpg
2815,93.833333,,0,B,0.59024,0.16653,0.13457,0.00105,frames/frame_002815.jpg
2816,93.866667,,0,B,0.59026,0.16650,0.13432,0.00235,frames/frame_002816.jpg
2817,93.900000,,0,P,0.58851,0.16686,0.13446,0.00268,frames/frame_002817.jpg
2818,93.933333,,0,B,0.58854,0.16679,0.13449,0.00055,frames/frame_002818.jpg
2819,93.966667,,0,B,0.58975,0.16644,0.13442,0.00311,frames/frame_002819.jpg
2820,94.000000,,0,P,0.81985,0.10638,0.13250,0.21482,frames/frame_002820.jpg
2821,94.033333,,0,B,0.82051,0.10619,0.13235,0.00134,frames/frame_002821.jpg
2822,94.066667,,0,B,0.82049,0.10616,0.13248,0.00073,frames/frame_002822.jpg
2823,94.100000,,0,B,0.82055,0.10625,0.13280,0.00236,frames/frame_002823.jpg
2824,94.133333,,0,P,0.81961,0.10636,0.13324,0.00180,frames/frame_002824.jpg
2825,94.166667,,0,B,0.82072,0.10606,0.13230,0.00270,frames/frame_002825.jpg
2826,94.200000,,0,B,0.82066,0.10639,0.13168,0.00151,frames/frame_002826.jpg
2827,94.233333,,0,B,0.82091,0.10623,0.13123,0.00171,frames/frame_002827.jpg
2828,94.266667,,0,P,0.82014,0.10663,0.13189,0.00248,frames/frame_002828.jpg
2829,94.300000,,0,B,0.82130,0.10650,0.12873,0.00391,frames/frame_002829.jpg
2830,94.333333,,0,B,0.82122,0.10658,0.12617,0.00269,frames/frame_002830.jpg
2831,94.366667,,0,B,0.82146,0.10642,0.12500,0.00284,frames/frame_002831.jpg
2832,94.400000,,0,P,0.82049,0.10695,0.12374,0.00359,frames/frame_002832.jpg
2833,94.433333,,0,B,0.82121,0.10700,0.12245,0.00442,frames/frame_002833.jpg
2834,94.466667,,0,B,0.82102,0.10681,0.12343,0.00470,frames/frame_002834.jpg
2835,94.500000,,0,B,0.82096,0.10667,0.12393,0.00387,frames/frame_002835.jpg
2836,94.533333,,0,P,0.82027,0.10712,0.12282,0.00477,frames/frame_002836.jpg
2837,94.566667,,0,B,0.82121,0.10724,0.12535,0.00547,frames/frame_002837.jpg
2838,94.600000,,0,B,0.82055,0.10753,0.13108,0.00535,frames/frame_002838.jpg
2839,94.633333,,0,B,0.82144,0.10587,0.12713,0.01046,frames/frame_002839.jpg
2840,94.666667,,0,P,0.82016,0.10507,0.12733,0.00707,frames/frame_002840.jpg
2841,94.700000,,0,B,0.82107,0.10506,0.12712,0.00638,frames/frame_002841.jpg
2842,94.733333,,0,B,0.82122,0.10529,0.12286,0.00453,frames/frame_002842.jpg
2843,94.766667,,0,B,0.82125,0.10528,0.12299,0.00452,frames/frame_002843.jpg
2844,94.800000,,0,P,0.82165,0.10806,0.11724,0.00757,frames/frame_002844.jpg
2845,94.833333,,0,B,0.82248,0.10792,0.12057,0.00364,frames/frame_002845.jpg
2846,94.866667,,0,B,0.82415,0.10536,0.11881,0.00593,frames/frame_002846.jpg
2847,94.900000,,0,B,0.82447,0.10447,0.11988,0.00417,frames/frame_002847.jpg
2848,94.933333,,0,P,0.82338,0.10530,0.11987,0.00327,frames/frame_002848.jpg
2849,94.966667,,0,B,0.82377,0.10494,0.11964,0.00345,frames/frame_002849.jpg
2850,95.000000,,0,B,0.82344,0.10502,0.11915,0.00328,frames/frame_002850.jpg
2851,95.033333,,0,B,0.82406,0.10536,0.11779,0.00249,frames/frame_002851.jpg
2852,95.066667,,0,P,0.82317,0.10514,0.11819,0.00317,frames/frame_002852.jpg
2853,95.100000,,0,B,0.82345,0.10465,0.11898,0.00283,frames/frame_002853.jpg
2854,95.133333,,0,B,0.82323,0.10461,0.11878,0.00333,frames/frame_002854.jpg
2855,95.166667,,0,B,0.82392,0.10416,0.11701,0.00455,frames/frame_002855.jpg
2856,95.200000,,0,P,0.82384,0.10346,0.11626,0.00459,frames/frame_002856.jpg
2857,95.233333,,0,B,0.82473,0.10187,0.11492,0.00489,frames/frame_002857.jpg
2858,95.266667,,0,B,0.82488,0.10103,0.11407,0.00456,frames/frame_002858.jpg
2859,95.300000,,0,P,0.81134,0.10825,0.11409,0.01388,frames/frame_002859.jpg
2860,95.333333,,0,B,0.78550,0.12236,0.11343,0.02755,frames/frame_002860.jpg
2861,95.366667,,0,P,0.74295,0.14775,0.11114,0.04313,frames/frame_002861.jpg
2862,95.400000,,0,P,0.68417,0.17866,0.10767,0.05739,frames/frame_002862.jpg
2863,95.433333,,0,B,0.61333,0.21811,0.11566,0.07337,frames/frame_002863.jpg
2864,95.466667,,0,B,0.53068,0.26076,0.11943,0.08662,frames/frame_002864.jpg
2865,95.500000,,0,B,0.42384,0.32547,0.09405,0.10196,frames/frame_002865.jpg
2866,95.533333,,0,P,0.43460,0.31790,0.12386,0.03954,frames/frame_002866.jpg
2867,95.566667,,0,B,0.43631,0.31599,0.12196,0.01707,frames/frame_002867.jpg
2868,95.600000,,0,B,0.43648,0.31543,0.11884,0.01012,frames/frame_002868.jpg
2869,95.633333,,0,B,0.43757,0.31438,0.11652,0.01240,frames/frame_002869.jpg
2870,95.666667,,0,P,0.43673,0.31545,0.11754,0.01004,frames/frame_002870.jpg
2871,95.700000,,0,B,0.43765,0.31466,0.11799,0.00642,frames/frame_002871.jpg
2872,95.733333,,0,B,0.43711,0.31502,0.11883,0.00500,frames/frame_002872.jpg
2873,95.766667,,0,B,0.43709,0.31532,0.11867,0.00454,frames/frame_002873.jpg
2874,95.800000,,0,P,0.43635,0.31548,0.11661,0.00975,frames/frame_002874.jpg
2875,95.833333,,0,B,0.43746,0.31474,0.11636,0.00399,frames/frame_002875.jpg
2876,95.866667,,0,B,0.43674,0.31521,0.11619,0.00287,frames/frame_002876.jpg
2877,95.900000,,0,B,0.43703,0.31500,0.11619,0.00192,frames/frame_002877.jpg
2878,95.933333,,0,P,0.43685,0.31186,0.11835,0.01144,frames/frame_002878.jpg
2879,95.966667,,1,I,0.43738,0.31149,0.11880,0.00385,frames/frame_002879.jpg
2880,96.000000,,0,B,0.43849,0.31098,0.11876,0.00190,frames/frame_002880.jpg
2881,96.033333,,0,B,0.44039,0.30718,0.12060,0.00601,frames/frame_002881.jpg
2882,96.066667,,0,B,0.44290,0.30596,0.12166,0.00860,frames/frame_002882.jpg
2883,96.100000,,0,P,0.44143,0.30684,0.12096,0.00361,frames/frame_002883.jpg
2884,96.133333,,0,B,0.44302,0.30579,0.12054,0.00447,frames/frame_002884.jpg
2885,96.166667,,0,B,0.44256,0.30607,0.12051,0.00237,frames/frame_002885.jpg
2886,96.200000,,0,B,0.44107,0.31228,0.11739,0.00868,frames/frame_002886.jpg
2887,96.233333,,0,P,0.43931,0.31302,0.11737,0.00356,frames/frame_002887.jpg
2888,96.266667,,0,B,0.44045,0.31252,0.11759,0.00254,frames/frame_002888.jpg
2889,96.300000,,0,B,0.44264,0.30687,0.12138,0.00958,frames/frame_002889.jpg
2890,96.333333,,0,B,0.44352,0.30639,0.12146,0.00190,frames/frame_002890.jpg
2891,96.366667,,0,P,0.44193,0.30723,0.12133,0.00378,frames/frame_002891.jpg
2892,96.400000,,0,B,0.44281,0.30685,0.12144,0.00205,frames/frame_002892.jpg
2893,96.433333,,0,B,0.44285,0.30624,0.12278,0.00967,frames/frame_002893.jpg
2894,96.466667,,0,B,0.44587,0.30575,0.13425,0.00665,frames/frame_002894.jpg
2895,96.500000,,0,P,0.44594,0.30607,0.13228,0.01239,frames/frame_002895.jpg
2896,96.533333,,0,B,0.44796,0.30467,0.13053,0.00938,frames/frame_002896.jpg
2897,96.566667,,0,B,0.44701,0.30452,0.12912,0.00610,frames/frame_002897.jpg
2898,96.600000,,0,B,0.44620,0.30522,0.12886,0.01285,frames/frame_002898.jpg
2899,96.633333,,0,P,0.44470,0.30640,0.12865,0.00529,frames/frame_002899.jpg
2900,96.666667,,0,B,0.44625,0.30555,0.12978,0.00509,frames/frame_002900.jpg
2901,96.700000,,0,B,0.44589,0.30790,0.13015,0.01116,frames/frame_002901.jpg
2902,96.733333,,0,B,0.44598,0.30816,0.13000,0.00337,frames/frame_002902.jpg
2903,96.766667,,0,P,0.44457,0.30895,0.13003,0.00292,frames/frame_002903.jpg
2904,96.800000,,0,B,0.44554,0.30831,0.13006,0.00265,frames/frame_002904.jpg
2905,96.833333,,0,B,0.44734,0.30613,0.13145,0.00958,frames/frame_002905.jpg
2906,96.866667,,0,B,0.44733,0.30615,0.13180,0.00230,frames/frame_002906.jpg
2907,96.900000,,0,P,0.45275,0.29788,0.16437,0.02133,frames/frame_002907.jpg
2908,96.933333,,0,B,0.45343,0.29892,0.16234,0.02720,frames/frame_002908.jpg
2909,96.966667,,0,B,0.45427,0.30304,0.15146,0.02615,frames/frame_002909.jpg
2910,97.000000,,0,B,0.45427,0.30325,0.15178,0.00735,frames/frame_002910.jpg
2911,97.033333,,0,P,0.45292,0.30391,0.15239,0.00434,frames/frame_002911.jpg
2912,97.066667,,0,B,0.45395,0.30335,0.15053,0.00642,frames/frame_002912.jpg
2913,97.100000,,0,B,0.45519,0.30298,0.15223,0.01095,frames/frame_002913.jpg
2914,97.133333,,0,B,0.45551,0.30337,0.15178,0.00954,frames/frame_002914.jpg
2915,97.166667,,0,P,0.45436,0.30391,0.15249,0.00545,frames/frame_002915.jpg
2916,97.200000,,0,B,0.45611,0.30304,0.15259,0.00818,frames/frame_002916.jpg
2917,97.233333,,0,B,0.45762,0.30180,0.15352,0.01390,frames/frame_002917.jpg
2918,97.266667,,0,B,0.45847,0.30084,0.15364,0.00501,frames/frame_002918.jpg
2919,97.300000,,0,P,0.45987,0.30164,0.15522,0.01132,frames/frame_002919.jpg
2920,97.333333,,0,B,0.46134,0.30097,0.15491,0.00448,frames/frame_002920.jpg
2921,97.366667,,0,B,0.46346,0.29746,0.15711,0.01038,frames/frame_002921.jpg
2922,97.400000,,0,B,0.46409,0.29712,0.15714,0.00230,frames/frame_002922.jpg
2923,97.433333,,0,P,0.46232,0.29791,0.15759,0.00388,frames/frame_002923.jpg
2924,97.466667,,0,B,0.46314,0.29721,0.15757,0.00217,frames/frame_002924.jpg
2925,97.500000,,0,B,0.46012,0.30653,0.15463,0.01044,frames/frame_002925.jpg
2926,97.533333,,0,B,0.46061,0.30659,0.15477,0.00201,frames/frame_002926.jpg
2927,97.566667,,0,P,0.45982,0.30707,0.15484,0.00266,frames/frame_002927.jpg
2928,97.600000,,0,B,0.46005,0.30680,0.15453,0.00388,frames/frame_002928.jpg
2929,97.633333,,0,B,0.46024,0.30675,0.15464,0.00912,frames/frame_002929.jpg
2930,97.666667,,0,B,0.46056,0.30685,0.15495,0.00186,frames/frame_002930.jpg
2931,97.700000,,0,P,0.45990,0.30717,0.15477,0.00263,frames/frame_002931.jpg
2932,97.733333,,0,B,0.46287,0.30713,0.15717,0.01020,frames/frame_002932.jpg
2933,97.766667,,0,B,0.46481,0.30442,0.15836,0.01048,frames/frame_002933.jpg
2934,97.800000,,0,B,0.46537,0.30390,0.15880,0.00409,frames/frame_002934.jpg
2935,97.833333,,0,P,0.46357,0.30477,0.15873,0.00339,frames/frame_002935.jpg
2936,97.866667,,0,B,0.46463,0.30411,0.15871,0.00265,frames/frame_002936.jpg
2937,97.900000,,0,B,0.46567,0.30720,0.15749,0.01181,frames/frame_002937.jpg
2938,97.933333,,0,B,0.46622,0.30695,0.15747,0.00178,frames/frame_002938.jpg
2939,97.966667,,0,P,0.46445,0.30816,0.15719,0.00399,frames/frame_002939.jpg
2940,98.000000,,0,B,0.46523,0.30764,0.15726,0.00219,frames/frame_002940.jpg
2941,98.033333,,0,B,0.46770,0.30720,0.15600,0.01679,frames/frame_002941.jpg
2942,98.066667,,0,B,0.46836,0.30678,0.15593,0.00224,frames/frame_002942.jpg
2943,98.100000,,0,P,0.46696,0.30774,0.15630,0.00335,frames/frame_002943.jpg
2944,98.133333,,0,B,0.46793,0.30720,0.15624,0.00243,frames/frame_002944.jpg
2945,98.166667,,0,B,0.46908,0.30926,0.15549,0.01656,frames/frame_002945.jpg
2946,98.200000,,0,B,0.46927,0.30876,0.15594,0.00460,frames/frame_002946.jpg
2947,98.233333,,0,P,0.46773,0.30952,0.15570,0.00365,frames/frame_002947.jpg
2948,98.266667,,0,B,0.46853,0.30897,0.15571,0.00313,frames/frame_002948.jpg
2949,98.300000,,0,B,0.46718,0.31423,0.15533,0.01345,frames/frame_002949.jpg
2950,98.333333,,0,B,0.46786,0.31356,0.15497,0.00394,frames/frame_002950.jpg
2951,98.366667,,0,P,0.46664,0.31436,0.15496,0.00252,frames/frame_002951.jpg
2952,98.400000,,0,B,0.46787,0.31393,0.15482,0.00313,frames/frame_002952.jpg
2953,98.433333,,0,B,0.46829,0.31476,0.15498,0.01036,frames/frame_002953.jpg
2954,98.466667,,0,B,0.46874,0.31456,0.15486,0.00190,frames/frame_002954.jpg
2955,98.500000,,0,P,0.46707,0.31556,0.15511,0.00439,frames/frame_002955.jpg
2956,98.533333,,0,B,0.46787,0.31506,0.15527,0.00192,frames/frame_002956.jpg
2957,98.566667,,0,B,0.46341,0.32159,0.13479,0.02628,frames/frame_002957.jpg
2958,98.600000,,0,B,0.46372,0.32095,0.13449,0.00427,frames/frame_002958.jpg
2959,98.633333,,0,P,0.46191,0.32146,0.13438,0.00541,frames/frame_002959.jpg
2960,98.666667,,0,B,0.46581,0.31649,0.13617,0.01390,frames/frame_002960.jpg
2961,98.700000,,0,B,0.46493,0.31675,0.13567,0.00373,frames/frame_002961.jpg
2962,98.733333,,0,B,0.46510,0.31666,0.13579,0.00187,frames/frame_002962.jpg
2963,98.766667,,0,P,0.46430,0.31684,0.13561,0.00214,frames/frame_002963.jpg
2964,98.800000,,0,B,0.46492,0.31645,0.13555,0.00285,frames/frame_002964.jpg
2965,98.833333,,0,B,0.46578,0.31714,0.13673,0.01146,frames/frame_002965.jpg
2966,98.866667,,0,P,0.46506,0.31749,0.13683,0.00371,frames/frame_002966.jpg
2967,98.900000,,0,B,0.46537,0.31737,0.13684,0.00196,frames/frame_002967.jpg
2968,98.933333,,0,P,0.46443,0.31824,0.13681,0.00242,frames/frame_002968.jpg
2969,98.966667,,1,I,0.46324,0.32785,0.13617,0.02068,frames/frame_002969.jpg
2970,99.000000,,0,B,0.46491,0.32603,0.13602,0.00551,frames/frame_002970.jpg
2971,99.033333,,0,B,0.46444,0.32576,0.13585,0.00310,frames/frame_002971.jpg
2972,99.066667,,0,B,0.46367,0.32761,0.13381,0.01241,frames/frame_002972.jpg
2973,99.100000,,0,P,0.46206,0.32827,0.13386,0.00394,frames/frame_002973.jpg
2974,99.133333,,0,B,0.46362,0.32738,0.13393,0.00318,frames/frame_002974.jpg
2975,99.166667,,0,B,0.46287,0.32773,0.13436,0.00318,frames/frame_002975.jpg
2976,99.200000,,0,B,0.46318,0.32757,0.13437,0.00183,frames/frame_002976.jpg
2977,99.233333,,0,P,0.46585,0.32290,0.13841,0.01558,frames/frame_002977.jpg
2978,99.266667,,0,B,0.46747,0.32175,0.13856,0.00374,frames/frame_002978.jpg
2979,99.300000,,0,P,0.46592,0.32255,0.13866,0.00389,frames/frame_002979.jpg
2980,99.333333,,0,P,0.67379,0.19925,0.14338,0.26260,frames/frame_002980.jpg
2981,99.366667,,0,P,0.69718,0.18428,0.14668,0.10849,frames/frame_002981.jpg
2982,99.400000,,0,P,0.73897,0.16014,0.13314,0.10037,frames/frame_002982.jpg
2983,99.433333,,0,B,0.75733,0.15037,0.12445,0.05228,frames/frame_002983.jpg
2984,99.466667,,0,B,0.76186,0.14828,0.11989,0.01290,frames/frame_002984.jpg
2985,99.500000,,0,P,0.75969,0.14927,0.12230,0.00565,frames/frame_002985.jpg
2986,99.533333,,0,B,0.75562,0.15166,0.12473,0.01257,frames/frame_002986.jpg
2987,99.566667,,0,B,0.75164,0.15349,0.12546,0.01238,frames/frame_002987.jpg
2988,99.600000,,0,B,0.74788,0.15539,0.12795,0.01399,frames/frame_002988.jpg
2989,99.633333,,0,P,0.74803,0.15525,0.12783,0.00377,frames/frame_002989.jpg
2990,99.666667,,0,B,0.75039,0.15440,0.12770,0.00804,frames/frame_002990.jpg
2991,99.700000,,0,B,0.75176,0.15331,0.12496,0.00763,frames/frame_002991.jpg
2992,99.733333,,0,B,0.75209,0.15312,0.12453,0.00155,frames/frame_002992.jpg
2993,99.766667,,0,P,0.75189,0.16943,0.12670,0.11700,frames/frame_002993.jpg
2994,99.800000,,0,B,0.75638,0.16685,0.12473,0.02622,frames/frame_002994.jpg
2995,99.833333,,0,B,0.75878,0.16445,0.12103,0.01716,frames/frame_002995.jpg
2996,99.866667,,0,B,0.76145,0.16312,0.11863,0.01642,frames/frame_002996.jpg
2997,99.900000,,0,P,0.76165,0.16316,0.11906,0.00204,frames/frame_002997.jpg
2998,99.933333,,0,B,0.76019,0.16313,0.11927,0.01003,frames/frame_002998.jpg
2999,99.966667,,0,B,0.46311,0.34784,0.11932,0.32828,frames/frame_002999.jpg
3000,100.000000,,0,B,0.45490,0.35263,0.11947,0.03839,frames/frame_003000.jpg
3001,100.033333,,0,P,0.44480,0.35880,0.12101,0.02917,frames/frame_003001.jpg
3002,100.066667,,0,P,0.43694,0.36380,0.11620,0.02061,frames/frame_003002.jpg
3003,100.100000,,0,B,0.43521,0.36527,0.11379,0.01012,frames/frame_003003.jpg
3004,100.133333,,0,P,0.43456,0.36556,0.11384,0.00222,frames/frame_003004.jpg
3005,100.166667,,0,B,0.51892,0.34864,0.12605,0.11955,frames/frame_003005.jpg
3006,100.200000,,0,P,0.51400,0.35293,0.12685,0.01329,frames/frame_003006.jpg
3007,100.233333,,0,B,0.50724,0.39719,0.13311,0.22079,frames/frame_003007.jpg
3008,100.266667,,0,B,0.48737,0.42828,0.12770,0.07427,frames/frame_003008.jpg
3009,100.300000,,0,P,0.47536,0.44392,0.12746,0.04442,frames/frame_003009.jpg
3010,100.333333,,0,B,0.42764,0.42083,0.14834,0.10868,frames/frame_003010.jpg
3011,100.366667,,0,P,0.41980,0.45092,0.13997,0.06570,frames/frame_003011.jpg
3012,100.400000,,0,B,0.42545,0.44464,0.14435,0.05619,frames/frame_003012.jpg
3013,100.433333,,0,B,0.43962,0.42155,0.15030,0.03945,frames/frame_003013.jpg
3014,100.466667,,0,P,0.43415,0.43062,0.13767,0.03275,frames/frame_003014.jpg
3015,100.500000,,0,B,0.43107,0.43521,0.13730,0.03094,frames/frame_003015.jpg
3016,100.533333,,0,B,0.42239,0.44700,0.12278,0.02247,frames/frame_003016.jpg
3017,100.566667,,0,B,0.41956,0.45116,0.12168,0.01153,frames/frame_003017.jpg
3018,100.600000,,0,P,0.41980,0.45023,0.12439,0.00878,frames/frame_003018.jpg
3019,100.633333,,0,B,0.42489,0.44012,0.13079,0.01595,frames/frame_003019.jpg
3020,100.666667,,0,B,0.42578,0.43816,0.13455,0.00754,frames/frame_003020.jpg
3021,100.700000,,0,B,0.42650,0.43684,0.13564,0.00468,frames/frame_003021.jpg
3022,100.733333,,0,P,0.42511,0.43798,0.13703,0.00523,frames/frame_003022.jpg
3023,100.766667,,0,B,0.42653,0.43545,0.13873,0.00567,frames/frame_003023.jpg
3024,100.800000,,0,B,0.42617,0.43557,0.13863,0.00459,frames/frame_003024.jpg
3025,100.833333,,0,B,0.42639,0.43487,0.13633,0.00514,frames/frame_003025.jpg
3026,100.866667,,0,P,0.42526,0.43691,0.13321,0.00424,frames/frame_003026.jpg
3027,100.900000,,0,B,0.42628,0.43522,0.13106,0.00435,frames/frame_003027.jpg
3028,100.933333,,0,B,0.42589,0.43576,0.13123,0.00281,frames/frame_003028.jpg
3029,100.966667,,0,B,0.42527,0.43635,0.13086,0.00623,frames/frame_003029.jpg
3030,101.000000,,0,P,0.42378,0.43830,0.13340,0.00393,frames/frame_003030.jpg
3031,101.033333,,0,B,0.41371,0.44510,0.12561,0.06025,frames/frame_003031.jpg
3032,101.066667,,0,P,0.42897,0.45835,0.11818,0.08287,frames/frame_003032.jpg
3033,101.100000,,0,P,0.44593,0.44258,0.12930,0.10987,frames/frame_003033.jpg
3034,101.133333,,0,B,0.44458,0.42563,0.12380,0.10305,frames/frame_003034.jpg
3035,101.166667,,0,B,0.44587,0.42933,0.12820,0.05144,frames/frame_003035.jpg
3036,101.200000,,0,B,0.43966,0.43501,0.12516,0.05308,frames/frame_003036.jpg
3037,101.233333,,0,P,0.44138,0.43179,0.12838,0.05820,frames/frame_003037.jpg
3038,101.266667,,0,B,0.44004,0.44254,0.13002,0.04435,frames/frame_003038.jpg
3039,101.300000,,0,P,0.44081,0.43984,0.12650,0.01140,frames/frame_003039.jpg
3040,101.333333,,0,B,0.43734,0.43813,0.12493,0.03495,frames/frame_003040.jpg
3041,101.366667,,0,P,0.47589,0.41764,0.13764,0.13431,frames/frame_003041.jpg
3042,101.400000,,0,P,0.45762,0.44960,0.12142,0.11731,frames/frame_003042.jpg
3043,101.433333,,0,B,0.45332,0.42159,0.13052,0.10979,frames/frame_003043.jpg
3044,101.466667,,0,B,0.45637,0.42228,0.13830,0.08447,frames/frame_003044.jpg
3045,101.500000,,0,B,0.45512,0.42521,0.13455,0.05323,frames/frame_003045.jpg
3046,101.533333,,0,P,0.44505,0.43479,0.12399,0.06286,frames/frame_003046.jpg
3047,101.566667,,0,B,0.45175,0.42876,0.12976,0.05315,frames/frame_003047.jpg
3048,101.600000,,0,B,0.45463,0.42630,0.13410,0.02395,frames/frame_003048.jpg
3049,101.633333,,0,P,0.45035,0.42877,0.13981,0.03188,frames/frame_003049.jpg
3050,101.666667,,0,B,0.45054,0.42614,0.13526,0.01737,frames/frame_003050.jpg
3051,101.700000,,0,B,0.45058,0.42616,0.13714,0.00810,frames/frame_003051.jpg
3052,101.733333,,0,B,0.45074,0.42631,0.13853,0.00339,frames/frame_003052.jpg
3053,101.766667,,0,P,0.44956,0.42784,0.13860,0.00389,frames/frame_003053.jpg
3054,101.800000,,0,B,0.45087,0.42584,0.13854,0.00287,frames/frame_003054.jpg
3055,101.833333,,0,B,0.45045,0.42670,0.13872,0.00395,frames/frame_003055.jpg
3056,101.866667,,0,B,0.44760,0.43768,0.13005,0.03338,frames/frame_003056.jpg
3057,101.900000,,0,P,0.44337,0.47652,0.13172,0.12364,frames/frame_003057.jpg
3058,101.933333,,0,P,0.42591,0.51400,0.13125,0.09623,frames/frame_003058.jpg
3059,101.966667,,1,I,0.40208,0.55205,0.10634,0.07868,frames/frame_003059.jpg
3060,102.000000,,0,B,0.41056,0.53630,0.11812,0.01965,frames/frame_003060.jpg
3061,102.033333,,0,B,0.41947,0.52179,0.12948,0.04385,frames/frame_003061.jpg
3062,102.066667,,0,B,0.42250,0.51582,0.13528,0.04378,frames/frame_003062.jpg
3063,102.100000,,0,P,0.42216,0.51615,0.12865,0.02360,frames/frame_003063.jpg
3064,102.133333,,0,B,0.42134,0.51735,0.12777,0.01162,frames/frame_003064.jpg
3065,102.166667,,0,B,0.41895,0.52040,0.12395,0.01157,frames/frame_003065.jpg
3066,102.200000,,0,B,0.41916,0.52010,0.12660,0.00872,frames/frame_003066.jpg
3067,102.233333,,0,P,0.41839,0.52170,0.12912,0.00606,frames/frame_003067.jpg
3068,102.266667,,0,B,0.63363,0.30308,0.12596,0.25930,frames/frame_003068.jpg
3069,102.300000,,0,B,0.63420,0.30249,0.12726,0.00368,frames/frame_003069.jpg
3070,102.333333,,0,P,0.63341,0.30316,0.12699,0.00334,frames/frame_003070.jpg
3071,102.366667,,0,B,0.63449,0.30131,0.12673,0.00262,frames/frame_003071.jpg
3072,102.400000,,0,B,0.63441,0.30140,0.12639,0.00175,frames/frame_003072.jpg
3073,102.433333,,0,B,0.63525,0.30023,0.12602,0.00270,frames/frame_003073.jpg
3074,102.466667,,0,P,0.63401,0.30148,0.12669,0.00847,frames/frame_003074.jpg
3075,102.500000,,0,B,0.63567,0.29960,0.12734,0.00350,frames/frame_003075.jpg
3076,102.533333,,0,B,0.63531,0.29968,0.12752,0.00169,frames/frame_003076.jpg
3077,102.566667,,0,B,0.63583,0.29931,0.12755,0.00162,frames/frame_003077.jpg
3078,102.600000,,0,P,0.63447,0.30076,0.12823,0.00302,frames/frame_003078.jpg
3079,102.633333,,0,B,0.63438,0.30108,0.12894,0.00504,frames/frame_003079.jpg
3080,102.666667,,0,B,0.63527,0.29965,0.13217,0.00560,frames/frame_003080.jpg
3081,102.700000,,0,P,0.63428,0.30090,0.13192,0.00327,frames/frame_003081.jpg
3082,102.733333,,0,B,0.63568,0.29932,0.13102,0.00425,frames/frame_003082.jpg
3083,102.766667,,0,B,0.63532,0.29984,0.13055,0.00256,frames/frame_003083.jpg
3084,102.800000,,0,B,0.63597,0.29958,0.12979,0.00314,frames/frame_003084.jpg
3085,102.833333,,0,P,0.63447,0.30088,0.12959,0.00314,frames/frame_003085.jpg
3086,102.866667,,0,B,0.63591,0.30019,0.12896,0.00829,frames/frame_003086.jpg
3087,102.900000,,0,B,0.63544,0.30030,0.12934,0.00238,frames/frame_003087.jpg
3088,102.933333,,0,B,0.63589,0.30008,0.12949,0.00237,frames/frame_003088.jpg
3089,102.966667,,0,P,0.63494,0.30109,0.13001,0.00394,frames/frame_003089.jpg
3090,103.000000,,0,B,0.63610,0.29963,0.12993,0.00325,frames/frame_003090.jpg
3091,103.033333,,0,B,0.63600,0.30005,0.13026,0.00272,frames/frame_003091.jpg
3092,103.066667,,0,B,0.63548,0.29010,0.14709,0.00991,frames/frame_003092.jpg
3093,103.100000,,0,P,0.63419,0.29202,0.14817,0.00985,frames/frame_003093.jpg
3094,103.133333,,0,B,0.63566,0.29158,0.14594,0.00718,frames/frame_003094.jpg
3095,103.166667,,0,B,0.63569,0.29188,0.14414,0.00562,frames/frame_003095.jpg
3096,103.200000,,0,B,0.63602,0.29198,0.14348,0.00409,frames/frame_003096.jpg
3097,103.233333,,0,P,0.63505,0.29300,0.14435,0.00319,frames/frame_003097.jpg
3098,103.266667,,0,B,0.63557,0.29177,0.14520,0.00450,frames/frame_003098.jpg
3099,103.300000,,0,B,0.63594,0.27701,0.16726,0.01264,frames/frame_003099.jpg
3100,103.333333,,0,B,0.63518,0.27792,0.16873,0.01100,frames/frame_003100.jpg
3101,103.366667,,0,P,0.62880,0.28247,0.16618,0.01286,frames/frame_003101.jpg
3102,103.400000,,0,B,0.62909,0.27883,0.16959,0.01459,frames/frame_003102.jpg
3103,103.433333,,0,P,0.63212,0.27219,0.16937,0.01511,frames/frame_003103.jpg
3104,103.466667,,0,P,0.63219,0.26993,0.17194,0.01632,frames/frame_003104.jpg
3105,103.500000,,0,B,0.63374,0.27130,0.16957,0.01769,frames/frame_003105.jpg
3106,103.533333,,0,B,0.63297,0.27349,0.17128,0.01308,frames/frame_003106.jpg
3107,103.566667,,0,B,0.63338,0.27275,0.17041,0.00491,frames/frame_003107.jpg
3108,103.600000,,0,P,0.63242,0.27375,0.17041,0.00365,frames/frame_003108.jpg
3109,103.633333,,0,B,0.63343,0.27332,0.17006,0.00807,frames/frame_003109.jpg
3110,103.666667,,0,B,0.63322,0.27366,0.16981,0.00258,frames/frame_003110.jpg
3111,103.700000,,0,B,0.63350,0.27329,0.16974,0.00218,frames/frame_003111.jpg
3112,103.733333,,0,P,0.63218,0.27473,0.16977,0.00276,frames/frame_003112.jpg
3113,103.766667,,0,B,0.63371,0.27321,0.17000,0.00298,frames/frame_003113.jpg
3114,103.800000,,0,B,0.63344,0.27351,0.16912,0.00355,frames/frame_003114.jpg
3115,103.833333,,0,B,0.63378,0.27317,0.16929,0.00166,frames/frame_003115.jpg
3116,103.866667,,0,P,0.63251,0.27419,0.16891,0.00348,frames/frame_003116.jpg
3117,103.900000,,0,B,0.63247,0.27429,0.16874,0.00025,frames/frame_003117.jpg
3118,103.933333,,0,B,0.64234,0.27231,0.10059,0.20795,frames/frame_003118.jpg
3119,103.966667,,0,B,0.63334,0.29603,0.09733,0.06861,frames/frame_003119.jpg
3120,104.000000,,0,P,0.63241,0.29795,0.09705,0.00528,frames/frame_003120.jpg
3121,104.033333,,0,B,0.63324,0.29766,0.09775,0.00395,frames/frame_003121.jpg
3122,104.066667,,0,B,0.63320,0.29820,0.09858,0.00308,frames/frame_003122.jpg
3123,104.100000,,0,B,0.63404,0.29678,0.09882,0.00398,frames/frame_003123.jpg
3124,104.133333,,0,P,0.63344,0.29738,0.09938,0.02274,frames/frame_003124.jpg
3125,104.166667,,0,B,0.63483,0.29566,0.09874,0.02354,frames/frame_003125.jpg
3126,104.200000,,0,B,0.63391,0.29698,0.09896,0.01033,frames/frame_003126.jpg
3127,104.233333,,0,B,0.63456,0.29680,0.09948,0.00498,frames/frame_003127.jpg
3128,104.266667,,0,P,0.63413,0.29780,0.10052,0.00539,frames/frame_003128.jpg
3129,104.300000,,0,B,0.63545,0.29682,0.10073,0.00566,frames/frame_003129.jpg
3130,104.333333,,0,B,0.63500,0.29818,0.10029,0.02520,frames/frame_003130.jpg
3131,104.366667,,0,B,0.63492,0.29917,0.10064,0.02600,frames/frame_003131.jpg
3132,104.400000,,0,P,0.63395,0.30103,0.10098,0.00707,frames/frame_003132.jpg
3133,104.433333,,0,B,0.63402,0.30167,0.10214,0.00524,frames/frame_003133.jpg
3134,104.466667,,0,B,0.63333,0.30482,0.10450,0.01604,frames/frame_003134.jpg
3135,104.500000,,0,B,0.63339,0.30529,0.10496,0.01312,frames/frame_003135.jpg
3136,104.533333,,0,P,0.63159,0.30858,0.10448,0.00652,frames/frame_003136.jpg
3137,104.566667,,0,B,0.63258,0.30872,0.10607,0.02644,frames/frame_003137.jpg
3138,104.600000,,0,P,0.61601,0.30484,0.11560,0.03561,frames/frame_003138.jpg
3139,104.633333,,0,B,0.59605,0.29046,0.13485,0.08057,frames/frame_003139.jpg
3140,104.666667,,0,B,0.60481,0.28008,0.13696,0.05087,frames/frame_003140.jpg
3141,104.700000,,0,B,0.60078,0.28828,0.13949,0.05831,frames/frame_003141.jpg
3142,104.733333,,0,P,0.60390,0.28678,0.13743,0.03903,frames/frame_003142.jpg
3143,104.766667,,0,B,0.60094,0.29191,0.14250,0.04623,frames/frame_003143.jpg
3144,104.800000,,0,B,0.60518,0.28485,0.14458,0.02821,frames/frame_003144.jpg
3145,104.833333,,0,B,0.60227,0.28935,0.14640,0.02148,frames/frame_003145.jpg
3146,104.866667,,0,P,0.60281,0.28606,0.14446,0.03497,frames/frame_003146.jpg
3147,104.900000,,0,B,0.60053,0.29060,0.14596,0.02810,frames/frame_003147.jpg
3148,104.933333,,0,P,0.60118,0.29051,0.14428,0.03859,frames/frame_003148.jpg
3149,104.966667,,1,I,0.59249,0.30139,0.13917,0.03361,frames/frame_003149.jpg
3150,105.000000,,0,B,0.59328,0.29976,0.13727,0.02115,frames/frame_003150.jpg
3151,105.033333,,0,B,0.59386,0.29833,0.13823,0.01075,frames/frame_003151.jpg
3152,105.066667,,0,B,0.59393,0.29834,0.13823,0.00999,frames/frame_003152.jpg
3153,105.100000,,0,P,0.59309,0.29929,0.13851,0.01862,frames/frame_003153.jpg
3154,105.133333,,0,B,0.59457,0.29752,0.13656,0.01983,frames/frame_003154.jpg
3155,105.166667,,0,B,0.59336,0.37471,0.13489,0.07402,frames/frame_003155.jpg
3156,105.200000,,0,B,0.58569,0.37207,0.13165,0.04100,frames/frame_003156.jpg
3157,105.233333,,0,P,0.58402,0.35314,0.13354,0.03236,frames/frame_003157.jpg
3158,105.266667,,0,B,0.58514,0.34152,0.13155,0.01787,frames/frame_003158.jpg
3159,105.300000,,0,B,0.58479,0.34458,0.13273,0.01629,frames/frame_003159.jpg
3160,105.333333,,0,B,0.58518,0.34790,0.13398,0.01067,frames/frame_003160.jpg
3161,105.366667,,0,P,0.58595,0.34810,0.13549,0.01211,frames/frame_003161.jpg
3162,105.400000,,0,B,0.58747,0.34551,0.13635,0.01292,frames/frame_003162.jpg
3163,105.433333,,0,B,0.58594,0.34782,0.13399,0.01115,frames/frame_003163.jpg
3164,105.466667,,0,B,0.58514,0.34769,0.13275,0.01055,frames/frame_003164.jpg
3165,105.500000,,0,P,0.58638,0.34662,0.13556,0.01193,frames/frame_003165.jpg
3166,105.533333,,0,B,0.58889,0.34282,0.13688,0.01501,frames/frame_003166.jpg
3167,105.566667,,0,P,0.72821,0.16266,0.21342,0.22164,frames/frame_003167.jpg
3168,105.600000,,0,P,0.71374,0.19435,0.21410,0.09565,frames/frame_003168.jpg
3169,105.633333,,0,P,0.70780,0.23039,0.19861,0.11799,frames/frame_003169.jpg
3170,105.666667,,0,P,0.71468,0.22145,0.18814,0.08577,frames/frame_003170.jpg
3171,105.700000,,0,P,0.72251,0.19537,0.18966,0.07188,frames/frame_003171.jpg
3172,105.733333,,0,B,0.72820,0.15864,0.18715,0.07859,frames/frame_003172.jpg
3173,105.766667,,0,B,0.72436,0.17760,0.18916,0.08102,frames/frame_003173.jpg
3174,105.800000,,0,P,0.72182,0.18045,0.19701,0.06433,frames/frame_003174.jpg
3175,105.833333,,0,P,0.71780,0.18212,0.19998,0.07182,frames/frame_003175.jpg
3176,105.866667,,0,B,0.71514,0.18194,0.20539,0.06735,frames/frame_003176.jpg
3177,105.900000,,0,P,0.71977,0.17752,0.20187,0.07139,frames/frame_003177.jpg
3178,105.933333,,0,P,0.72223,0.16371,0.20102,0.06789,frames/frame_003178.jpg
3179,105.966667,,0,P,0.71843,0.18219,0.19856,0.10469,frames/frame_003179.jpg
3180,106.000000,,0,P,0.71145,0.21084,0.21399,0.08975,frames/frame_003180.jpg
3181,106.033333,,0,P,0.71937,0.21593,0.19253,0.07682,frames/frame_003181.jpg
3182,106.066667,,0,P,0.71026,0.22836,0.19181,0.08035,frames/frame_003182.jpg
3183,106.100000,,0,P,0.71409,0.22033,0.18309,0.08069,frames/frame_003183.jpg
3184,106.133333,,0,P,0.72896,0.16734,0.17888,0.08372,frames/frame_003184.jpg
3185,106.166667,,0,B,0.72772,0.17092,0.17839,0.06882,frames/frame_003185.jpg
3186,106.200000,,0,P,0.72566,0.18506,0.18392,0.08184,frames/frame_003186.jpg
3187,106.233333,,0,B,0.72431,0.18834,0.18741,0.07029,frames/frame_003187.jpg
3188,106.266667,,0,P,0.72087,0.18962,0.18304,0.06266,frames/frame_003188.jpg
3189,106.300000,,0,P,0.72413,0.17725,0.17568,0.07454,frames/frame_003189.jpg
3190,106.333333,,0,P,0.72217,0.17624,0.17334,0.05800,frames/frame_003190.jpg
3191,106.366667,,0,P,0.71839,0.18903,0.18338,0.07090,frames/frame_003191.jpg
3192,106.400000,,0,P,0.71942,0.19158,0.18721,0.09846,frames/frame_003192.jpg
3193,106.433333,,0,P,0.71347,0.21580,0.19242,0.10517,frames/frame_003193.jpg
3194,106.466667,,0,P,0.70677,0.23269,0.18798,0.07890,frames/frame_003194.jpg
3195,106.500000,,0,P,0.69962,0.25048,0.17201,0.08197,frames/frame_003195.jpg
3196,106.533333,,0,B,0.70316,0.23704,0.16484,0.07960,frames/frame_003196.jpg
3197,106.566667,,0,P,0.70845,0.20426,0.15761,0.08092,frames/frame_003197.jpg
3198,106.600000,,0,P,0.69602,0.22869,0.16454,0.07741,frames/frame_003198.jpg
3199,106.633333,,0,P,0.67876,0.25083,0.17749,0.08662,frames/frame_003199.jpg
3200,106.666667,,0,P,0.66752,0.25911,0.18116,0.07033,frames/frame_003200.jpg
3201,106.700000,,0,P,0.65806,0.26766,0.17990,0.07089,frames/frame_003201.jpg
3202,106.733333,,0,P,0.65522,0.26280,0.17944,0.06855,frames/frame_003202.jpg
3203,106.766667,,0,P,0.65003,0.26565,0.18414,0.07777,frames/frame_003203.jpg
3204,106.800000,,0,P,0.64601,0.28338,0.18527,0.09785,frames/frame_003204.jpg
3205,106.833333,,0,P,0.66708,0.25458,0.19532,0.10136,frames/frame_003205.jpg
3206,106.866667,,0,P,0.68661,0.24600,0.19276,0.07465,frames/frame_003206.jpg
3207,106.900000,,0,P,0.68530,0.25658,0.18532,0.10931,frames/frame_003207.jpg
3208,106.933333,,0,P,0.69298,0.25378,0.18073,0.08583,frames/frame_003208.jpg
3209,106.966667,,0,P,0.71318,0.19392,0.17119,0.11187,frames/frame_003209.jpg
3210,107.000000,,0,B,0.72031,0.20215,0.16704,0.08965,frames/frame_003210.jpg
3211,107.033333,,0,P,0.72418,0.19984,0.17349,0.06600,frames/frame_003211.jpg
3212,107.066667,,0,P,0.72482,0.19806,0.17217,0.07368,frames/frame_003212.jpg
3213,107.100000,,0,P,0.72803,0.19355,0.16868,0.06495,frames/frame_003213.jpg
3214,107.133333,,0,P,0.73730,0.18378,0.15808,0.06345,frames/frame_003214.jpg
3215,107.166667,,0,P,0.74068,0.17389,0.15256,0.05855,frames/frame_003215.jpg
3216,107.200000,,0,P,0.74333,0.17003,0.15101,0.05972,frames/frame_003216.jpg
3217,107.233333,,0,P,0.73973,0.18790,0.14955,0.07549,frames/frame_003217.jpg
3218,107.266667,,0,P,0.46687,0.45981,0.15914,0.31038,frames/frame_003218.jpg
3219,107.300000,,0,B,0.48569,0.43981,0.15675,0.07133,frames/frame_003219.jpg
3220,107.333333,,0,P,0.49534,0.41837,0.17058,0.05414,frames/frame_003220.jpg
3221,107.366667,,0,P,0.50287,0.39831,0.17847,0.04873,frames/frame_003221.jpg
3222,107.400000,,0,B,0.50250,0.41435,0.16510,0.03632,frames/frame_003222.jpg
3223,107.433333,,0,B,0.50114,0.41292,0.17109,0.02923,frames/frame_003223.jpg
3224,107.466667,,0,P,0.49918,0.41047,0.17489,0.03462,frames/frame_003224.jpg
3225,107.500000,,0,P,0.49575,0.42828,0.16057,0.03369,frames/frame_003225.jpg
3226,107.533333,,0,P,0.49318,0.43001,0.16114,0.02432,frames/frame_003226.jpg
3227,107.566667,,0,P,0.49375,0.42456,0.16413,0.02391,frames/frame_003227.jpg
3228,107.600000,,0,B,0.49628,0.41379,0.17314,0.02901,frames/frame_003228.jpg
3229,107.633333,,0,B,0.50235,0.40912,0.17633,0.03779,frames/frame_003229.jpg
3230,107.666667,,0,B,0.50156,0.42087,0.16729,0.04279,frames/frame_003230.jpg
3231,107.700000,,0,P,0.49954,0.40962,0.17788,0.04651,frames/frame_003231.jpg
3232,107.733333,,0,P,0.49344,0.42912,0.16245,0.04125,frames/frame_003232.jpg
3233,107.766667,,0,P,0.49372,0.42304,0.16590,0.02833,frames/frame_003233.jpg
3234,107.800000,,0,P,0.49621,0.41321,0.16920,0.03468,frames/frame_003234.jpg
3235,107.833333,,0,P,0.49397,0.42863,0.16063,0.03397,frames/frame_003235.jpg
3236,107.866667,,0,P,0.49443,0.42401,0.16401,0.02420,frames/frame_003236.jpg
3237,107.900000,,0,P,0.49513,0.41605,0.16842,0.02876,frames/frame_003237.jpg
3238,107.933333,,0,P,0.49239,0.43123,0.15846,0.03003,frames/frame_003238.jpg
3239,107.966667,,1,I,0.49395,0.42357,0.16422,0.02892,frames/frame_003239.jpg
3240,108.000000,,0,P,0.49528,0.41425,0.17166,0.02772,frames/frame_003240.jpg
3241,108.033333,,0,B,0.49436,0.43010,0.15591,0.02924,frames/frame_003241.jpg
3242,108.066667,,0,B,0.50338,0.41221,0.17558,0.04175,frames/frame_003242.jpg
3243,108.100000,,0,B,0.50056,0.41605,0.17332,0.03082,frames/frame_003243.jpg
3244,108.133333,,0,P,0.49796,0.40656,0.17895,0.05118,frames/frame_003244.jpg
3245,108.166667,,0,B,0.49239,0.42811,0.16689,0.04094,frames/frame_003245.jpg
3246,108.200000,,0,B,0.49368,0.42100,0.17274,0.03081,frames/frame_003246.jpg
3247,108.233333,,0,P,0.49779,0.41567,0.17563,0.03424,frames/frame_003247.jpg
3248,108.266667,,0,B,0.49364,0.42962,0.16523,0.03353,frames/frame_003248.jpg
3249,108.300000,,0,B,0.49506,0.41677,0.17367,0.03229,frames/frame_003249.jpg
3250,108.333333,,0,B,0.49309,0.43117,0.16088,0.03012,frames/frame_003250.jpg
3251,108.366667,,0,P,0.49253,0.42813,0.16526,0.02313,frames/frame_003251.jpg
3252,108.400000,,0,P,0.49297,0.42406,0.16993,0.02636,frames/frame_003252.jpg
3253,108.433333,,0,P,0.49468,0.41398,0.17480,0.02999,frames/frame_003253.jpg
3254,108.466667,,0,B,0.49476,0.42770,0.16905,0.03353,frames/frame_003254.jpg
3255,108.500000,,0,B,0.50340,0.40583,0.18292,0.04955,frames/frame_003255.jpg
3256,108.533333,,0,B,0.49888,0.41336,0.17906,0.04571,frames/frame_003256.jpg
3257,108.566667,,0,P,0.49340,0.43038,0.16685,0.04333,frames/frame_003257.jpg
3258,108.600000,,0,B,0.49229,0.42858,0.16608,0.02839,frames/frame_003258.jpg
3259,108.633333,,0,B,0.50017,0.41692,0.17258,0.03782,frames/frame_003259.jpg
3260,108.666667,,0,B,0.49377,0.42778,0.16391,0.03054,frames/frame_003260.jpg
3261,108.700000,,0,P,0.49330,0.42420,0.16804,0.02496,frames/frame_003261.jpg
3262,108.733333,,0,P,0.49521,0.41523,0.17413,0.02891,frames/frame_003262.jpg
3263,108.766667,,0,P,0.49259,0.43158,0.16223,0.02949,frames/frame_003263.jpg
3264,108.800000,,0,P,0.49285,0.42816,0.16534,0.02329,frames/frame_003264.jpg
3265,108.833333,,0,P,0.49327,0.42203,0.16960,0.02516,frames/frame_003265.jpg
3266,108.866667,,0,B,0.49413,0.41154,0.17506,0.03244,frames/frame_003266.jpg
3267,108.900000,,0,B,0.49174,0.42578,0.16801,0.03173,frames/frame_003267.jpg
3268,108.933333,,0,P,0.49667,0.41680,0.17412,0.03308,frames/frame_003268.jpg
3269,108.966667,,0,B,0.46688,0.51153,0.10105,0.13103,frames/frame_003269.jpg
3270,109.000000,,0,B,0.46673,0.50964,0.10080,0.01131,frames/frame_003270.jpg
3271,109.033333,,0,P,0.46533,0.51134,0.09905,0.00550,frames/frame_003271.jpg
3272,109.066667,,0,B,0.46657,0.50950,0.09940,0.00301,frames/frame_003272.jpg
3273,109.100000,,0,B,0.46492,0.51616,0.09696,0.01345,frames/frame_003273.jpg
3274,109.133333,,0,B,0.46628,0.52385,0.09301,0.01359,frames/frame_003274.jpg
3275,109.166667,,0,P,0.47603,0.50766,0.10367,0.01616,frames/frame_003275.jpg
3276,109.200000,,0,B,0.48067,0.49995,0.10801,0.00946,frames/frame_003276.jpg
3277,109.233333,,0,B,0.48129,0.49920,0.10912,0.00443,frames/frame_003277.jpg
3278,109.266667,,0,B,0.48171,0.49842,0.10875,0.00402,frames/frame_003278.jpg
3279,109.300000,,0,P,0.47950,0.50784,0.10593,0.01535,frames/frame_003279.jpg
3280,109.333333,,0,B,0.48609,0.50188,0.10464,0.01701,frames/frame_003280.jpg
3281,109.366667,,0,B,0.49705,0.48311,0.11666,0.02101,frames/frame_003281.jpg
3282,109.400000,,0,B,0.50170,0.47478,0.11944,0.01383,frames/frame_003282.jpg
3283,109.433333,,0,P,0.50153,0.47552,0.11937,0.00707,frames/frame_003283.jpg
3284,109.466667,,0,B,0.50183,0.47477,0.11914,0.00505,frames/frame_003284.jpg
3285,109.500000,,0,B,0.50112,0.47655,0.11845,0.00385,frames/frame_003285.jpg
3286,109.533333,,0,B,0.49235,0.49040,0.11277,0.01809,frames/frame_003286.jpg
3287,109.566667,,0,P,0.48780,0.49147,0.11489,0.01303,frames/frame_003287.jpg
3288,109.600000,,0,B,0.49228,0.47645,0.12328,0.01496,frames/frame_003288.jpg
3289,109.633333,,0,B,0.49331,0.47268,0.12564,0.01082,frames/frame_003289.jpg
3290,109.666667,,0,B,0.49285,0.47315,0.12486,0.00415,frames/frame_003290.jpg
3291,109.700000,,0,P,0.49057,0.47655,0.12485,0.01210,frames/frame_003291.jpg
3292,109.733333,,0,B,0.48302,0.48772,0.11722,0.02050,frames/frame_003292.jpg
3293,109.766667,,0,B,0.48470,0.47713,0.12565,0.02191,frames/frame_003293.jpg
3294,109.800000,,0,B,0.48903,0.46512,0.13064,0.02208,frames/frame_003294.jpg
3295,109.833333,,0,P,0.49024,0.46221,0.13466,0.01442,frames/frame_003295.jpg
3296,109.866667,,0,B,0.49104,0.46034,0.13437,0.00809,frames/frame_003296.jpg
3297,109.900000,,0,B,0.49006,0.46213,0.13264,0.00373,frames/frame_003297.jpg
3298,109.933333,,0,B,0.48877,0.46461,0.13129,0.01398,frames/frame_003298.jpg
3299,109.966667,,0,P,0.49715,0.46237,0.13623,0.02040,frames/frame_003299.jpg
3300,110.000000,,0,B,0.50358,0.45138,0.14221,0.01436,frames/frame_003300.jpg
3301,110.033333,,0,B,0.50483,0.44962,0.14341,0.00711,frames/frame_003301.jpg
3302,110.066667,,0,B,0.50486,0.44961,0.14243,0.00581,frames/frame_003302.jpg
3303,110.100000,,0,P,0.50320,0.45257,0.14155,0.00481,frames/frame_003303.jpg
3304,110.133333,,0,B,0.50346,0.46013,0.13952,0.01907,frames/frame_003304.jpg
3305,110.166667,,0,P,0.51640,0.44389,0.14626,0.02834,frames/frame_003305.jpg
3306,110.200000,,0,B,0.51245,0.44819,0.14676,0.03691,frames/frame_003306.jpg
3307,110.233333,,0,B,0.51831,0.42939,0.15799,0.03202,frames/frame_003307.jpg
3308,110.266667,,0,B,0.52044,0.42256,0.16099,0.01748,frames/frame_003308.jpg
3309,110.300000,,0,P,0.51645,0.42881,0.15940,0.01084,frames/frame_003309.jpg
3310,110.333333,,0,B,0.50254,0.44969,0.15113,0.02518,frames/frame_003310.jpg
3311,110.366667,,0,B,0.50357,0.43650,0.15658,0.01861,frames/frame_003311.jpg
3312,110.400000,,0,B,0.50911,0.43682,0.16146,0.02227,frames/frame_003312.jpg
3313,110.433333,,0,P,0.52028,0.41815,0.16955,0.02271,frames/frame_003313.jpg
3314,110.466667,,0,B,0.52396,0.41224,0.17047,0.01134,frames/frame_003314.jpg
3315,110.500000,,0,B,0.52313,0.41430,0.17045,0.00608,frames/frame_003315.jpg
3316,110.533333,,0,B,0.52471,0.41266,0.17102,0.01155,frames/frame_003316.jpg
3317,110.566667,,0,P,0.51776,0.43660,0.16123,0.03917,frames/frame_003317.jpg
3318,110.600000,,0,P,0.52238,0.41594,0.16960,0.05392,frames/frame_003318.jpg
3319,110.633333,,0,B,0.53285,0.40056,0.17743,0.08464,frames/frame_003319.jpg
3320,110.666667,,0,B,0.54390,0.39132,0.17957,0.02513,frames/frame_003320.jpg
3321,110.700000,,0,P,0.55039,0.38209,0.18474,0.03310,frames/frame_003321.jpg
3322,110.733333,,0,B,0.55245,0.37876,0.18786,0.02994,frames/frame_003322.jpg
3323,110.766667,,0,B,0.55089,0.38154,0.18648,0.02144,frames/frame_003323.jpg
3324,110.800000,,0,B,0.55380,0.37559,0.18828,0.01220,frames/frame_003324.jpg
3325,110.833333,,0,P,0.55407,0.37488,0.18727,0.01472,frames/frame_003325.jpg
3326,110.866667,,0,B,0.55434,0.37390,0.18575,0.01482,frames/frame_003326.jpg
3327,110.900000,,0,B,0.55547,0.37228,0.18610,0.01172,frames/frame_003327.jpg
3328,110.933333,,0,P,0.55500,0.37342,0.18592,0.00904,frames/frame_003328.jpg
3329,110.966667,,1,I,0.55743,0.36908,0.18517,0.03059,frames/frame_003329.jpg
3330,111.000000,,0,B,0.56575,0.35748,0.18463,0.04772,frames/frame_003330.jpg
3331,111.033333,,0,B,0.56994,0.35290,0.18585,0.04426,frames/frame_003331.jpg
3332,111.066667,,0,B,0.57281,0.34860,0.18412,0.02362,frames/frame_003332.jpg
3333,111.100000,,0,P,0.57112,0.35166,0.18387,0.01089,frames/frame_003333.jpg
3334,111.133333,,0,B,0.57070,0.35194,0.18542,0.01958,frames/frame_003334.jpg
3335,111.166667,,0,B,0.56803,0.35541,0.18636,0.02102,frames/frame_003335.jpg
3336,111.200000,,0,B,0.56669,0.35620,0.18538,0.01470,frames/frame_003336.jpg
3337,111.233333,,0,P,0.56478,0.35818,0.18573,0.01598,frames/frame_003337.jpg
3338,111.266667,,0,B,0.56906,0.35082,0.18695,0.01985,frames/frame_003338.jpg
3339,111.300000,,0,B,0.57105,0.34907,0.18708,0.02137,frames/frame_003339.jpg
3340,111.333333,,0,B,0.57224,0.34811,0.18715,0.00785,frames/frame_003340.jpg
3341,111.366667,,0,P,0.57072,0.34971,0.18417,0.02117,frames/frame_003341.jpg
3342,111.400000,,0,B,0.57834,0.33832,0.18707,0.04475,frames/frame_003342.jpg
3343,111.433333,,0,B,0.58894,0.32353,0.18879,0.05482,frames/frame_003343.jpg
3344,111.466667,,0,B,0.59570,0.31470,0.18646,0.04071,frames/frame_003344.jpg
3345,111.500000,,0,P,0.59557,0.31562,0.18674,0.01402,frames/frame_003345.jpg
3346,111.533333,,0,B,0.59459,0.31662,0.18731,0.01884,frames/frame_003346.jpg
3347,111.566667,,0,B,0.59164,0.32089,0.18737,0.02466,frames/frame_003347.jpg
3348,111.600000,,0,B,0.58967,0.32312,0.18858,0.02196,frames/frame_003348.jpg
3349,111.633333,,0,P,0.58518,0.32988,0.18378,0.02238,frames/frame_003349.jpg
3350,111.666667,,0,B,0.58571,0.32919,0.18244,0.01997,frames/frame_003350.jpg
3351,111.700000,,0,B,0.58598,0.32926,0.18135,0.01317,frames/frame_003351.jpg
3352,111.733333,,0,B,0.58742,0.32812,0.18165,0.01275,frames/frame_003352.jpg
3353,111.766667,,0,P,0.58774,0.32777,0.18261,0.01151,frames/frame_003353.jpg
3354,111.800000,,0,B,0.61222,0.28207,0.20743,0.09015,frames/frame_003354.jpg
3355,111.833333,,0,B,0.60151,0.30216,0.19769,0.08954,frames/frame_003355.jpg
3356,111.866667,,0,P,0.59744,0.29463,0.21952,0.08512,frames/frame_003356.jpg
3357,111.900000,,0,B,0.65407,0.20367,0.25456,0.12180,frames/frame_003357.jpg
3358,111.933333,,0,P,0.64061,0.22328,0.24664,0.08281,frames/frame_003358.jpg
3359,111.966667,,0,B,0.62479,0.24715,0.24149,0.09247,frames/frame_003359.jpg
3360,112.000000,,0,B,0.62411,0.24684,0.24376,0.02966,frames/frame_003360.jpg
3361,112.033333,,0,B,0.62658,0.24276,0.24754,0.02974,frames/frame_003361.jpg
3362,112.066667,,0,P,0.62801,0.24008,0.24689,0.02377,frames/frame_003362.jpg
3363,112.100000,,0,B,0.63061,0.23730,0.24504,0.01853,frames/frame_003363.jpg
3364,112.133333,,0,B,0.63100,0.23702,0.24459,0.01423,frames/frame_003364.jpg
3365,112.166667,,0,B,0.63165,0.23678,0.24463,0.01162,frames/frame_003365.jpg
3366,112.200000,,0,P,0.63132,0.23583,0.24770,0.01707,frames/frame_003366.jpg
3367,112.233333,,0,P,0.63347,0.23464,0.24505,0.05642,frames/frame_003367.jpg
3368,112.266667,,0,B,0.63920,0.23032,0.24215,0.12131,frames/frame_003368.jpg
3369,112.300000,,0,P,0.68422,0.19730,0.22857,0.18723,frames/frame_003369.jpg
3370,112.333333,,0,P,0.72002,0.18791,0.19297,0.13351,frames/frame_003370.jpg
3371,112.366667,,0,P,0.75834,0.18402,0.14436,0.09716,frames/frame_003371.jpg
3372,112.400000,,0,B,0.76926,0.17921,0.13258,0.04579,frames/frame_003372.jpg
3373,112.433333,,0,B,0.76877,0.18016,0.13199,0.03347,frames/frame_003373.jpg
3374,112.466667,,0,P,0.70401,0.19271,0.18976,0.09360,frames/frame_003374.jpg
3375,112.500000,,0,B,0.71030,0.18264,0.17955,0.03747,frames/frame_003375.jpg
3376,112.533333,,0,B,0.71268,0.17756,0.18161,0.03435,frames/frame_003376.jpg
3377,112.566667,,0,P,0.71257,0.17667,0.18180,0.02899,frames/frame_003377.jpg
3378,112.600000,,0,B,0.71317,0.17467,0.18371,0.02653,frames/frame_003378.jpg
3379,112.633333,,0,P,0.69241,0.20233,0.19718,0.07507,frames/frame_003379.jpg
3380,112.666667,,0,B,0.69693,0.19014,0.19854,0.04446,frames/frame_003380.jpg
3381,112.700000,,0,B,0.69765,0.18583,0.19722,0.04054,frames/frame_003381.jpg
3382,112.733333,,0,B,0.69532,0.18721,0.19721,0.03442,frames/frame_003382.jpg
3383,112.766667,,0,P,0.68901,0.19265,0.20008,0.03463,frames/frame_003383.jpg
3384,112.800000,,0,B,0.68244,0.19930,0.19892,0.03852,frames/frame_003384.jpg
3385,112.833333,,0,B,0.67689,0.20470,0.19646,0.03726,frames/frame_003385.jpg
3386,112.866667,,0,P,0.67286,0.20735,0.20129,0.03770,frames/frame_003386.jpg
3387,112.900000,,0,B,0.67043,0.20831,0.20544,0.03893,frames/frame_003387.jpg
3388,112.933333,,0,B,0.66980,0.20778,0.20328,0.04000,frames/frame_003388.jpg
3389,112.966667,,0,P,0.65942,0.22124,0.20803,0.07719,frames/frame_003389.jpg
3390,113.000000,,0,B,0.66176,0.21550,0.20936,0.04328,frames/frame_003390.jpg
3391,113.033333,,0,B,0.66521,0.21103,0.20889,0.04037,frames/frame_003391.jpg
3392,113.066667,,0,B,0.66908,0.20626,0.20920,0.03429,frames/frame_003392.jpg
3393,113.100000,,0,P,0.67087,0.20394,0.20879,0.03091,frames/frame_003393.jpg
3394,113.133333,,0,B,0.67193,0.20375,0.20600,0.02938,frames/frame_003394.jpg
3395,113.166667,,0,B,0.67316,0.20351,0.20788,0.02731,frames/frame_003395.jpg
3396,113.200000,,0,P,0.66839,0.22174,0.20666,0.03809,frames/frame_003396.jpg
3397,113.233333,,0,B,0.66857,0.21955,0.20389,0.02875,frames/frame_003397.jpg
3398,113.266667,,0,B,0.66710,0.21682,0.20381,0.03152,frames/frame_003398.jpg
3399,113.300000,,0,B,0.65823,0.22142,0.20673,0.07738,frames/frame_003399.jpg
3400,113.333333,,0,P,0.64917,0.22679,0.21236,0.07009,frames/frame_003400.jpg
3401,113.366667,,0,B,0.63393,0.23667,0.22473,0.09603,frames/frame_003401.jpg
3402,113.400000,,0,P,0.61990,0.25080,0.22089,0.11252,frames/frame_003402.jpg
3403,113.433333,,0,B,0.47317,0.38122,0.11955,0.23728,frames/frame_003403.jpg
3404,113.466667,,0,B,0.47497,0.37877,0.12034,0.00564,frames/frame_003404.jpg
3405,113.500000,,0,B,0.47758,0.37496,0.12406,0.00777,frames/frame_003405.jpg
3406,113.533333,,0,P,0.47878,0.36920,0.12536,0.00997,frames/frame_003406.jpg
3407,113.566667,,0,B,0.47980,0.36730,0.12546,0.00596,frames/frame_003407.jpg
3408,113.600000,,0,B,0.48012,0.36698,0.12732,0.02360,frames/frame_003408.jpg
3409,113.633333,,0,B,0.48641,0.38012,0.14546,0.09157,frames/frame_003409.jpg
3410,113.666667,,0,P,0.50643,0.39565,0.16718,0.12119,frames/frame_003410.jpg
3411,113.700000,,0,B,0.56832,0.41746,0.15786,0.15538,frames/frame_003411.jpg
3412,113.733333,,0,B,0.56777,0.41947,0.15775,0.01247,frames/frame_003412.jpg
3413,113.766667,,0,B,0.56861,0.41773,0.16037,0.01159,frames/frame_003413.jpg
3414,113.800000,,0,P,0.56740,0.41749,0.15907,0.01129,frames/frame_003414.jpg
3415,113.833333,,0,P,0.71738,0.16786,0.26715,0.22234,frames/frame_003415.jpg
3416,113.866667,,0,B,0.71489,0.17015,0.26819,0.05658,frames/frame_003416.jpg
3417,113.900000,,0,P,0.71351,0.17381,0.26729,0.02287,frames/frame_003417.jpg
3418,113.933333,,0,P,0.71200,0.17563,0.26841,0.01579,frames/frame_003418.jpg
3419,113.966667,,1,I,0.71026,0.17872,0.26769,0.01596,frames/frame_003419.jpg
3420,114.000000,,0,B,0.71030,0.17825,0.26919,0.01294,frames/frame_003420.jpg
3421,114.033333,,0,B,0.70891,0.17916,0.27087,0.01157,frames/frame_003421.jpg
3422,114.066667,,0,B,0.70852,0.17884,0.27031,0.00954,frames/frame_003422.jpg
3423,114.100000,,0,P,0.70770,0.17939,0.26935,0.01034,frames/frame_003423.jpg
3424,114.133333,,0,B,0.70775,0.17967,0.26857,0.00876,frames/frame_003424.jpg
3425,114.166667,,0,B,0.70714,0.17948,0.26807,0.00846,frames/frame_003425.jpg
3426,114.200000,,0,B,0.70668,0.18035,0.26675,0.00620,frames/frame_003426.jpg
3427,114.233333,,0,P,0.70634,0.18121,0.26744,0.00745,frames/frame_003427.jpg
3428,114.266667,,0,B,0.69651,0.18630,0.29275,0.08440,frames/frame_003428.jpg
3429,114.300000,,0,B,0.70318,0.18272,0.28039,0.07162,frames/frame_003429.jpg
3430,114.333333,,0,P,0.70260,0.18483,0.27009,0.07678,frames/frame_003430.jpg
3431,114.366667,,0,P,0.70501,0.18739,0.26668,0.08387,frames/frame_003431.jpg
3432,114.400000,,0,P,0.70909,0.18790,0.27306,0.08945,frames/frame_003432.jpg
3433,114.433333,,0,P,0.72256,0.18059,0.21686,0.08312,frames/frame_003433.jpg
3434,114.466667,,0,P,0.74329,0.17766,0.15061,0.06411,frames/frame_003434.jpg
3435,114.500000,,0,P,0.75517,0.17562,0.12495,0.04587,frames/frame_003435.jpg
3436,114.533333,,0,P,0.76175,0.17205,0.11957,0.03291,frames/frame_003436.jpg
3437,114.566667,,0,P,0.76694,0.16992,0.12136,0.02652,frames/frame_003437.jpg
3438,114.600000,,0,P,0.77186,0.16780,0.11960,0.01741,frames/frame_003438.jpg
3439,114.633333,,0,P,0.77737,0.16757,0.11458,0.01650,frames/frame_003439.jpg
3440,114.666667,,0,B,0.77271,0.16472,0.14161,0.02165,frames/frame_003440.jpg
3441,114.700000,,0,B,0.77215,0.16463,0.13647,0.01028,frames/frame_003441.jpg
3442,114.733333,,0,B,0.77214,0.16479,0.13148,0.00627,frames/frame_003442.jpg
3443,114.766667,,0,P,0.77158,0.16565,0.12931,0.00605,frames/frame_003443.jpg
3444,114.800000,,0,B,0.77187,0.16557,0.12912,0.00398,frames/frame_003444.jpg
3445,114.833333,,0,B,0.77168,0.16549,0.12982,0.00357,frames/frame_003445.jpg
3446,114.866667,,0,B,0.77199,0.16562,0.13032,0.00380,frames/frame_003446.jpg
3447,114.900000,,0,P,0.77137,0.16570,0.13032,0.00273,frames/frame_003447.jpg
3448,114.933333,,0,B,0.77246,0.16499,0.13006,0.00337,frames/frame_003448.jpg
3449,114.966667,,0,B,0.76962,0.16661,0.13411,0.00506,frames/frame_003449.jpg
3450,115.000000,,0,B,0.76919,0.16738,0.13601,0.00469,frames/frame_003450.jpg
3451,115.033333,,0,P,0.76915,0.16800,0.13474,0.00288,frames/frame_003451.jpg
3452,115.066667,,0,B,0.76881,0.16810,0.13617,0.00372,frames/frame_003452.jpg
3453,115.100000,,0,B,0.75450,0.18365,0.16197,0.02591,frames/frame_003453.jpg
3454,115.133333,,0,B,0.74283,0.18457,0.17904,0.02700,frames/frame_003454.jpg
3455,115.166667,,0,P,0.74680,0.18086,0.17498,0.01817,frames/frame_003455.jpg
3456,115.200000,,0,B,0.75038,0.17979,0.17347,0.01091,frames/frame_003456.jpg
3457,115.233333,,0,B,0.75140,0.17901,0.16887,0.00711,frames/frame_003457.jpg
3458,115.266667,,0,B,0.75156,0.17908,0.16786,0.00389,frames/frame_003458.jpg
3459,115.300000,,0,P,0.74979,0.18029,0.16804,0.00901,frames/frame_003459.jpg
3460,115.333333,,0,B,0.74983,0.18004,0.16802,0.00440,frames/frame_003460.jpg
3461,115.366667,,0,B,0.74948,0.18048,0.17004,0.00435,frames/frame_003461.jpg
3462,115.400000,,0,B,0.74977,0.18032,0.16977,0.00226,frames/frame_003462.jpg
3463,115.433333,,0,P,0.74952,0.18026,0.16871,0.00386,frames/frame_003463.jpg
3464,115.466667,,0,P,0.74993,0.18036,0.17046,0.00447,frames/frame_003464.jpg
3465,115.500000,,0,P,0.74814,0.17956,0.17818,0.03170,frames/frame_003465.jpg
3466,115.533333,,0,B,0.54448,0.31407,0.12357,0.25617,frames/frame_003466.jpg
3467,115.566667,,0,B,0.54328,0.31609,0.12459,0.01421,frames/frame_003467.jpg
3468,115.600000,,0,B,0.54357,0.31752,0.12669,0.01068,frames/frame_003468.jpg
3469,115.633333,,0,P,0.54306,0.31874,0.12338,0.00764,frames/frame_003469.jpg
3470,115.666667,,0,B,0.54462,0.31809,0.12532,0.00555,frames/frame_003470.jpg
3471,115.700000,,0,B,0.54397,0.31868,0.12615,0.00286,frames/frame_003471.jpg
3472,115.733333,,0,B,0.54456,0.31853,0.12580,0.00665,frames/frame_003472.jpg
3473,115.766667,,0,P,0.54403,0.31918,0.12406,0.00754,frames/frame_003473.jpg
3474,115.800000,,0,B,0.54554,0.31794,0.12524,0.00490,frames/frame_003474.jpg
3475,115.833333,,0,B,0.54511,0.31965,0.13004,0.01014,frames/frame_003475.jpg
3476,115.866667,,0,B,0.54525,0.31894,0.13005,0.00291,frames/frame_003476.jpg
3477,115.900000,,0,P,0.54382,0.32048,0.12807,0.00485,frames/frame_003477.jpg
3478,115.933333,,0,B,0.53758,0.31193,0.12955,0.01693,frames/frame_003478.jpg
3479,115.966667,,0,B,0.54028,0.31782,0.12834,0.01102,frames/frame_003479.jpg
3480,116.000000,,0,B,0.54209,0.31729,0.12838,0.00482,frames/frame_003480.jpg
3481,116.033333,,0,P,0.54194,0.31819,0.13049,0.00446,frames/frame_003481.jpg
3482,116.066667,,0,B,0.54297,0.31615,0.13053,0.00741,frames/frame_003482.jpg
3483,116.100000,,0,B,0.54321,0.31848,0.13240,0.00434,frames/frame_003483.jpg
3484,116.133333,,0,B,0.54356,0.31676,0.12802,0.00910,frames/frame_003484.jpg
3485,116.166667,,0,P,0.54321,0.31647,0.12822,0.00307,frames/frame_003485.jpg
3486,116.200000,,0,B,0.54467,0.31447,0.12876,0.00532,frames/frame_003486.jpg
3487,116.233333,,0,B,0.54419,0.31639,0.13430,0.00856,frames/frame_003487.jpg
3488,116.266667,,0,B,0.54457,0.31608,0.13268,0.00322,frames/frame_003488.jpg
3489,116.300000,,0,P,0.54316,0.31716,0.12842,0.00810,frames/frame_003489.jpg
3490,116.333333,,0,B,0.53863,0.30944,0.13811,0.01898,frames/frame_003490.jpg
3491,116.366667,,0,B,0.53982,0.31095,0.13420,0.00824,frames/frame_003491.jpg
3492,116.400000,,0,B,0.54180,0.31178,0.13294,0.00615,frames/frame_003492.jpg
3493,116.433333,,0,P,0.53996,0.31535,0.13165,0.00841,frames/frame_003493.jpg
3494,116.466667,,0,B,0.54223,0.31460,0.13169,0.00497,frames/frame_003494.jpg
3495,116.500000,,0,B,0.54315,0.31336,0.13210,0.00365,frames/frame_003495.jpg
3496,116.533333,,0,B,0.54448,0.31338,0.13020,0.00756,frames/frame_003496.jpg
3497,116.566667,,0,P,0.54311,0.31394,0.13277,0.00597,frames/frame_003497.jpg
3498,116.600000,,0,B,0.54498,0.31222,0.13270,0.00491,frames/frame_003498.jpg
3499,116.633333,,0,B,0.54430,0.31285,0.13190,0.00551,frames/frame_003499.jpg
3500,116.666667,,0,B,0.54492,0.31250,0.13105,0.00641,frames/frame_003500.jpg
3501,116.700000,,0,P,0.54307,0.31236,0.13496,0.00748,frames/frame_003501.jpg
3502,116.733333,,0,B,0.53630,0.30333,0.13888,0.01788,frames/frame_003502.jpg
3503,116.766667,,0,B,0.53845,0.30612,0.14032,0.00731,frames/frame_003503.jpg
3504,116.800000,,0,B,0.54145,0.31090,0.13897,0.00751,frames/frame_003504.jpg
3505,116.833333,,0,P,0.54205,0.31703,0.13868,0.00845,frames/frame_003505.jpg
3506,116.866667,,0,B,0.54371,0.31657,0.13739,0.00582,frames/frame_003506.jpg
3507,116.900000,,0,B,0.54493,0.31193,0.13859,0.00959,frames/frame_003507.jpg
3508,116.933333,,0,P,0.54377,0.31063,0.13733,0.00465,frames/frame_003508.jpg
3509,116.966667,,1,I,0.54271,0.31212,0.13710,0.00572,frames/frame_003509.jpg
3510,117.000000,,0,B,0.54441,0.31129,0.13668,0.00640,frames/frame_003510.jpg
3511,117.033333,,0,B,0.54347,0.31235,0.13585,0.00549,frames/frame_003511.jpg
3512,117.066667,,0,B,0.54355,0.31268,0.13607,0.00284,frames/frame_003512.jpg
3513,117.100000,,0,P,0.54343,0.31277,0.13791,0.00717,frames/frame_003513.jpg
3514,117.133333,,0,B,0.54421,0.31169,0.13747,0.00553,frames/frame_003514.jpg
3515,117.166667,,0,B,0.53724,0.30414,0.14120,0.01818,frames/frame_003515.jpg
3516,117.200000,,0,B,0.80490,0.13011,0.14432,0.29085,frames/frame_003516.jpg
3517,117.233333,,0,P,0.80270,0.13326,0.14449,0.01299,frames/frame_003517.jpg
3518,117.266667,,0,B,0.80124,0.13559,0.14288,0.00655,frames/frame_003518.jpg
3519,117.300000,,0,P,0.80412,0.14171,0.15972,0.07238,frames/frame_003519.jpg
3520,117.333333,,0,P,0.81397,0.12970,0.16258,0.06109,frames/frame_003520.jpg
3521,117.366667,,0,P,0.80411,0.14055,0.15515,0.06705,frames/frame_003521.jpg
3522,117.400000,,0,P,0.80526,0.14096,0.15377,0.05508,frames/frame_003522.jpg
3523,117.433333,,0,P,0.80823,0.13919,0.14820,0.05804,frames/frame_003523.jpg
3524,117.466667,,0,P,0.80698,0.13417,0.15370,0.04174,frames/frame_003524.jpg
3525,117.500000,,0,P,0.80508,0.13079,0.13518,0.03637,frames/frame_003525.jpg
3526,117.533333,,0,P,0.80650,0.12521,0.13832,0.02864,frames/frame_003526.jpg
3527,117.566667,,0,B,0.81320,0.11410,0.14796,0.02294,frames/frame_003527.jpg
3528,117.600000,,0,P,0.79505,0.13500,0.14810,0.04412,frames/frame_003528.jpg
3529,117.633333,,0,P,0.76983,0.16012,0.16571,0.06189,frames/frame_003529.jpg
3530,117.666667,,0,P,0.76168,0.16862,0.16334,0.04372,frames/frame_003530.jpg
3531,117.700000,,0,P,0.75437,0.17790,0.16026,0.04012,frames/frame_003531.jpg
3532,117.733333,,0,P,0.75648,0.17273,0.14935,0.03088,frames/frame_003532.jpg
3533,117.766667,,0,B,0.75272,0.18053,0.15332,0.03412,frames/frame_003533.jpg
3534,117.800000,,0,P,0.73743,0.19560,0.16432,0.05200,frames/frame_003534.jpg
3535,117.833333,,0,P,0.72123,0.21258,0.17779,0.06778,frames/frame_003535.jpg
3536,117.866667,,0,P,0.70859,0.22956,0.17708,0.06525,frames/frame_003536.jpg
3537,117.900000,,0,P,0.70069,0.24716,0.16769,0.06082,frames/frame_003537.jpg
3538,117.933333,,0,P,0.69560,0.25798,0.16141,0.04975,frames/frame_003538.jpg
3539,117.966667,,0,P,0.69913,0.24578,0.15473,0.08051,frames/frame_003539.jpg
3540,118.000000,,0,P,0.69131,0.23848,0.16227,0.08096,frames/frame_003540.jpg
3541,118.033333,,0,P,0.66856,0.25212,0.17215,0.09009,frames/frame_003541.jpg
3542,118.066667,,0,P,0.64699,0.26971,0.16485,0.07872,frames/frame_003542.jpg
3543,118.100000,,0,P,0.63377,0.28364,0.15744,0.06348,frames/frame_003543.jpg
3544,118.133333,,0,P,0.62597,0.28950,0.14430,0.04948,frames/frame_003544.jpg
3545,118.166667,,0,B,0.62758,0.28788,0.14731,0.03244,frames/frame_003545.jpg
3546,118.200000,,0,B,0.61484,0.29532,0.14078,0.02764,frames/frame_003546.jpg
3547,118.233333,,0,B,0.61627,0.29482,0.14102,0.00586,frames/frame_003547.jpg
3548,118.266667,,0,P,0.61543,0.29493,0.14184,0.00549,frames/frame_003548.jpg
3549,118.300000,,0,B,0.61554,0.29469,0.14269,0.00874,frames/frame_003549.jpg
3550,118.333333,,0,B,0.61538,0.29461,0.14273,0.00514,frames/frame_003550.jpg
3551,118.366667,,0,B,0.61540,0.29390,0.14243,0.00357,frames/frame_003551.jpg
3552,118.400000,,0,P,0.48258,0.26257,0.12686,0.26529,frames/frame_003552.jpg
3553,118.433333,,0,B,0.48361,0.26226,0.12706,0.00316,frames/frame_003553.jpg
3554,118.466667,,0,B,0.48349,0.26270,0.12632,0.00391,frames/frame_003554.jpg
3555,118.500000,,0,B,0.48396,0.26219,0.12596,0.00351,frames/frame_003555.jpg
3556,118.533333,,0,P,0.48249,0.26264,0.12647,0.00301,frames/frame_003556.jpg
3557,118.566667,,0,B,0.48351,0.26192,0.12643,0.00316,frames/frame_003557.jpg
3558,118.600000,,0,B,0.48440,0.26165,0.12644,0.00230,frames/frame_003558.jpg
3559,118.633333,,0,P,0.48354,0.26180,0.12636,0.00441,frames/frame_003559.jpg
3560,118.666667,,0,B,0.48449,0.26136,0.12662,0.00218,frames/frame_003560.jpg
3561,118.700000,,0,B,0.48437,0.26103,0.12625,0.00326,frames/frame_003561.jpg
3562,118.733333,,0,B,0.48477,0.26087,0.12600,0.00138,frames/frame_003562.jpg
3563,118.766667,,0,P,0.48385,0.26149,0.12523,0.00355,frames/frame_003563.jpg
3564,118.800000,,0,B,0.48697,0.25986,0.12407,0.00866,frames/frame_003564.jpg
3565,118.833333,,0,B,0.48623,0.26028,0.12436,0.00295,frames/frame_003565.jpg
3566,118.866667,,0,B,0.48608,0.26034,0.12464,0.00467,frames/frame_003566.jpg
3567,118.900000,,0,P,0.48519,0.26123,0.12455,0.00267,frames/frame_003567.jpg
3568,118.933333,,0,B,0.48483,0.26128,0.12520,0.00254,frames/frame_003568.jpg
3569,118.966667,,0,B,0.48581,0.26090,0.12538,0.00282,frames/frame_003569.jpg
3570,119.000000,,0,P,0.48455,0.26125,0.12631,0.00406,frames/frame_003570.jpg
3571,119.033333,,0,B,0.48527,0.26128,0.12622,0.00219,frames/frame_003571.jpg
3572,119.066667,,0,P,0.48476,0.26101,0.12595,0.00330,frames/frame_003572.jpg
3573,119.100000,,0,B,0.48637,0.26097,0.12598,0.00326,frames/frame_003573.jpg
3574,119.133333,,0,B,0.48616,0.26078,0.12577,0.00235,frames/frame_003574.jpg
3575,119.166667,,0,B,0.48639,0.26108,0.12627,0.00405,frames/frame_003575.jpg
3576,119.200000,,0,P,0.50062,0.25044,0.13719,0.01505,frames/frame_003576.jpg
3577,119.233333,,0,B,0.50245,0.25023,0.13788,0.01718,frames/frame_003577.jpg
3578,119.266667,,0,B,0.50082,0.25095,0.13607,0.01018,frames/frame_003578.jpg
3579,119.300000,,0,B,0.50071,0.25165,0.13720,0.00887,frames/frame_003579.jpg
3580,119.333333,,0,P,0.49991,0.25188,0.13605,0.00422,frames/frame_003580.jpg
3581,119.366667,,0,B,0.50215,0.25122,0.13501,0.00654,frames/frame_003581.jpg
3582,119.400000,,0,B,0.51266,0.24254,0.14634,0.01415,frames/frame_003582.jpg
3583,119.433333,,0,B,0.51247,0.24300,0.14678,0.00732,frames/frame_003583.jpg
3584,119.466667,,0,P,0.51145,0.24378,0.14535,0.00911,frames/frame_003584.jpg
3585,119.500000,,0,B,0.51164,0.24422,0.14325,0.00545,frames/frame_003585.jpg
3586,119.533333,,0,P,0.51178,0.24405,0.14244,0.00490,frames/frame_003586.jpg
3587,119.566667,,0,B,0.51406,0.24264,0.14253,0.00552,frames/frame_003587.jpg
3588,119.600000,,0,B,0.51491,0.24222,0.14276,0.00415,frames/frame_003588.jpg
3589,119.633333,,0,B,0.51601,0.25968,0.15303,0.02649,frames/frame_003589.jpg
3590,119.666667,,0,P,0.51512,0.25670,0.15086,0.01265,frames/frame_003590.jpg
3591,119.700000,,0,B,0.51639,0.25434,0.14949,0.00967,frames/frame_003591.jpg
3592,119.733333,,0,B,0.51664,0.25348,0.15164,0.00538,frames/frame_003592.jpg
3593,119.766667,,0,B,0.51799,0.25371,0.15134,0.00573,frames/frame_003593.jpg
3594,119.800000,,0,P,0.51718,0.25512,0.14980,0.00592,frames/frame_003594.jpg
3595,119.833333,,0,B,0.51910,0.25508,0.15256,0.00643,frames/frame_003595.jpg
3596,119.866667,,0,B,0.51991,0.25568,0.15292,0.00489,frames/frame_003596.jpg
3597,119.900000,,0,B,0.52096,0.25546,0.15287,0.00316,frames/frame_003597.jpg
3598,119.933333,,0,P,0.52023,0.25562,0.15245,0.00483,frames/frame_003598.jpg
3599,119.966667,,1,I,0.52034,0.25501,0.15024,0.00592,frames/frame_003599.jpg
3600,120.000000,,0,B,0.52153,0.25431,0.14994,0.00377,frames/frame_003600.jpg
3601,120.033333,,0,B,0.71475,0.20952,0.12345,0.30417,frames/frame_003601.jpg
3602,120.066667,,0,B,0.71217,0.21002,0.12269,0.01413,frames/frame_003602.jpg
3603,120.100000,,0,P,0.70660,0.21094,0.12254,0.01696,frames/frame_003603.jpg
3604,120.133333,,0,B,0.70647,0.20964,0.12162,0.00839,frames/frame_003604.jpg
3605,120.166667,,0,B,0.70636,0.20952,0.12180,0.00269,frames/frame_003605.jpg
3606,120.200000,,0,B,0.70650,0.20950,0.12172,0.00129,frames/frame_003606.jpg
3607,120.233333,,0,P,0.70581,0.20983,0.12163,0.00180,frames/frame_003607.jpg
3608,120.266667,,0,B,0.70675,0.20919,0.12137,0.00224,frames/frame_003608.jpg
3609,120.300000,,0,B,0.70618,0.20968,0.12153,0.00333,frames/frame_003609.jpg
3610,120.333333,,0,B,0.69656,0.22333,0.13584,0.01054,frames/frame_003610.jpg
3611,120.366667,,0,P,0.69605,0.22332,0.13521,0.00846,frames/frame_003611.jpg
3612,120.400000,,0,B,0.69741,0.22086,0.13438,0.00810,frames/frame_003612.jpg
3613,120.433333,,0,B,0.69803,0.21941,0.13374,0.00630,frames/frame_003613.jpg
3614,120.466667,,0,B,0.69274,0.22324,0.13268,0.02230,frames/frame_003614.jpg
3615,120.500000,,0,P,0.69320,0.22237,0.13263,0.00603,frames/frame_003615.jpg
3616,120.533333,,0,B,0.69510,0.22137,0.13298,0.00490,frames/frame_003616.jpg
3617,120.566667,,0,B,0.69524,0.22160,0.13408,0.00385,frames/frame_003617.jpg
3618,120.600000,,0,B,0.69544,0.22233,0.13529,0.00385,frames/frame_003618.jpg
3619,120.633333,,0,P,0.69360,0.22423,0.13734,0.00454,frames/frame_003619.jpg
3620,120.666667,,0,B,0.69451,0.22421,0.13717,0.00372,frames/frame_003620.jpg
3621,120.700000,,0,B,0.69404,0.22436,0.13691,0.00265,frames/frame_003621.jpg
3622,120.733333,,0,B,0.69419,0.22434,0.13681,0.00212,frames/frame_003622.jpg
3623,120.766667,,0,P,0.69297,0.22471,0.13684,0.00309,frames/frame_003623.jpg
3624,120.800000,,0,B,0.67994,0.24324,0.15709,0.01296,frames/frame_003624.jpg
3625,120.833333,,0,P,0.67794,0.24475,0.15883,0.01281,frames/frame_003625.jpg
3626,120.866667,,0,B,0.67356,0.24899,0.15621,0.01660,frames/frame_003626.jpg
3627,120.900000,,0,B,0.67096,0.24502,0.15201,0.01653,frames/frame_003627.jpg
3628,120.933333,,0,B,0.66614,0.24226,0.15228,0.01309,frames/frame_003628.jpg
3629,120.966667,,0,P,0.68344,0.24393,0.15481,0.05577,frames/frame_003629.jpg
3630,121.000000,,0,B,0.72330,0.22530,0.14375,0.06674,frames/frame_003630.jpg
3631,121.033333,,0,P,0.75918,0.19854,0.13479,0.07432,frames/frame_003631.jpg
3632,121.066667,,0,B,0.43776,0.54044,0.11068,0.31445,frames/frame_003632.jpg
3633,121.100000,,0,P,0.43844,0.54236,0.12033,0.01754,frames/frame_003633.jpg
3634,121.133333,,0,B,0.44254,0.53615,0.12396,0.02942,frames/frame_003634.jpg
3635,121.166667,,0,B,0.44543,0.53488,0.12804,0.01425,frames/frame_003635.jpg
3636,121.200000,,0,B,0.44505,0.53662,0.12644,0.00837,frames/frame_003636.jpg
3637,121.233333,,0,P,0.44223,0.53874,0.12220,0.01312,frames/frame_003637.jpg
3638,121.266667,,0,B,0.44264,0.53954,0.12202,0.00986,frames/frame_003638.jpg
3639,121.300000,,0,B,0.44069,0.55240,0.11132,0.02773,frames/frame_003639.jpg
3640,121.333333,,0,B,0.43935,0.55392,0.10831,0.01311,frames/frame_003640.jpg
3641,121.366667,,0,P,0.43838,0.55535,0.10843,0.00889,frames/frame_003641.jpg
3642,121.400000,,0,B,0.43890,0.55549,0.10753,0.00796,frames/frame_003642.jpg
3643,121.433333,,0,B,0.43875,0.55577,0.10854,0.00558,frames/frame_003643.jpg
3644,121.466667,,0,B,0.43911,0.55568,0.10818,0.00430,frames/frame_003644.jpg
3645,121.500000,,0,P,0.43826,0.55584,0.10848,0.00403,frames/frame_003645.jpg
3646,121.533333,,0,B,0.43791,0.55614,0.10852,0.00386,frames/frame_003646.jpg
3647,121.566667,,0,B,0.43854,0.55620,0.10860,0.00272,frames/frame_003647.jpg
3648,121.600000,,0,P,0.43766,0.55643,0.10838,0.00335,frames/frame_003648.jpg
3649,121.633333,,0,B,0.43883,0.55611,0.10837,0.00318,frames/frame_003649.jpg
3650,121.666667,,0,B,0.43854,0.55613,0.10819,0.00309,frames/frame_003650.jpg
3651,121.700000,,0,B,0.45422,0.54915,0.12107,0.02562,frames/frame_003651.jpg
3652,121.733333,,0,P,0.44823,0.55097,0.11958,0.01720,frames/frame_003652.jpg
3653,121.766667,,0,B,0.44788,0.55134,0.11772,0.00670,frames/frame_003653.jpg
3654,121.800000,,0,B,0.44751,0.55201,0.11774,0.00354,frames/frame_003654.jpg
3655,121.833333,,0,B,0.44692,0.55265,0.11725,0.00512,frames/frame_003655.jpg
3656,121.866667,,0,P,0.44656,0.55329,0.11748,0.00361,frames/frame_003656.jpg
3657,121.900000,,0,B,0.44778,0.55270,0.11600,0.00505,frames/frame_003657.jpg
3658,121.933333,,0,B,0.44699,0.55310,0.11608,0.00334,frames/frame_003658.jpg
3659,121.966667,,0,B,0.44662,0.55328,0.11593,0.00372,frames/frame_003659.jpg
3660,122.000000,,0,P,0.44563,0.55358,0.11675,0.00302,frames/frame_003660.jpg
3661,122.033333,,0,B,0.44644,0.55348,0.11654,0.00264,frames/frame_003661.jpg
3662,122.066667,,0,B,0.44624,0.55342,0.11655,0.00161,frames/frame_003662.jpg
3663,122.100000,,0,B,0.44634,0.55349,0.11680,0.00207,frames/frame_003663.jpg
3664,122.133333,,0,P,0.45884,0.54677,0.12855,0.02569,frames/frame_003664.jpg
3665,122.166667,,0,B,0.45497,0.54949,0.12461,0.01963,frames/frame_003665.jpg
3666,122.200000,,0,B,0.45571,0.54943,0.12517,0.01113,frames/frame_003666.jpg
3667,122.233333,,0,B,0.45500,0.55035,0.12449,0.00563,frames/frame_003667.jpg
3668,122.266667,,0,P,0.45427,0.55059,0.12432,0.00531,frames/frame_003668.jpg
3669,122.300000,,0,B,0.45515,0.55073,0.12418,0.00599,frames/frame_003669.jpg
3670,122.333333,,0,B,0.45367,0.55150,0.12407,0.00435,frames/frame_003670.jpg
3671,122.366667,,0,B,0.45381,0.55166,0.12401,0.00169,frames/frame_003671.jpg
3672,122.400000,,0,P,0.45330,0.55184,0.12392,0.00216,frames/frame_003672.jpg
3673,122.433333,,0,B,0.45440,0.55134,0.12411,0.00431,frames/frame_003673.jpg
3674,122.466667,,0,B,0.45408,0.55144,0.12360,0.00212,frames/frame_003674.jpg
3675,122.500000,,0,B,0.45511,0.55177,0.12422,0.00456,frames/frame_003675.jpg
3676,122.533333,,0,P,0.46220,0.54652,0.13063,0.02683,frames/frame_003676.jpg
3677,122.566667,,0,B,0.46081,0.54655,0.12960,0.02116,frames/frame_003677.jpg
3678,122.600000,,0,B,0.46028,0.54657,0.12858,0.01139,frames/frame_003678.jpg
3679,122.633333,,0,B,0.45961,0.54708,0.12921,0.00783,frames/frame_003679.jpg
3680,122.666667,,0,P,0.45855,0.54814,0.12842,0.00554,frames/frame_003680.jpg
3681,122.700000,,0,B,0.45964,0.54754,0.12906,0.00505,frames/frame_003681.jpg
3682,122.733333,,0,B,0.45894,0.54806,0.12877,0.00516,frames/frame_003682.jpg
3683,122.766667,,0,B,0.45959,0.54770,0.12878,0.00378,frames/frame_003683.jpg
3684,122.800000,,0,P,0.45848,0.54832,0.12854,0.00447,frames/frame_003684.jpg
3685,122.833333,,0,B,0.45979,0.54779,0.12863,0.00325,frames/frame_003685.jpg
3686,122.866667,,0,B,0.45952,0.54792,0.12785,0.00265,frames/frame_003686.jpg
3687,122.900000,,0,B,0.46010,0.54767,0.12820,0.00317,frames/frame_003687.jpg
3688,122.933333,,0,P,0.45901,0.54793,0.12830,0.00271,frames/frame_003688.jpg
3689,122.966667,,1,I,0.46115,0.54408,0.13118,0.01246,frames/frame_003689.jpg
3690,123.000000,,0,B,0.46309,0.54373,0.13169,0.00486,frames/frame_003690.jpg
3691,123.033333,,0,B,0.46301,0.54336,0.13114,0.00393,frames/frame_003691.jpg
3692,123.066667,,0,B,0.46357,0.54324,0.13135,0.00245,frames/frame_003692.jpg
3693,123.100000,,0,P,0.46260,0.54267,0.13130,0.00401,frames/frame_003693.jpg
3694,123.133333,,0,B,0.46399,0.54240,0.13135,0.00307,frames/frame_003694.jpg
3695,123.166667,,0,B,0.46441,0.54216,0.13189,0.00320,frames/frame_003695.jpg
3696,123.200000,,0,B,0.46476,0.54180,0.13196,0.00273,frames/frame_003696.jpg
3697,123.233333,,0,P,0.46397,0.54172,0.13183,0.00332,frames/frame_003697.jpg
3698,123.266667,,0,B,0.46517,0.54129,0.13279,0.00455,frames/frame_003698.jpg
3699,123.300000,,0,B,0.46475,0.54122,0.13331,0.00380,frames/frame_003699.jpg
3700,123.333333,,0,B,0.46599,0.53976,0.13349,0.00541,frames/frame_003700.jpg
3701,123.366667,,0,P,0.47130,0.53222,0.13682,0.02267,frames/frame_003701.jpg
3702,123.400000,,0,B,0.47522,0.52871,0.13659,0.01253,frames/frame_003702.jpg
3703,123.433333,,0,B,0.47538,0.52784,0.13662,0.00465,frames/frame_003703.jpg
3704,123.466667,,0,B,0.47616,0.52733,0.13689,0.00442,frames/frame_003704.jpg
3705,123.500000,,0,P,0.47552,0.52643,0.13689,0.00503,frames/frame_003705.jpg
3706,123.533333,,0,B,0.47669,0.52580,0.13668,0.00461,frames/frame_003706.jpg
3707,123.566667,,0,B,0.48681,0.51344,0.13899,0.03654,frames/frame_003707.jpg
3708,123.600000,,0,B,0.49549,0.50442,0.13881,0.02785,frames/frame_003708.jpg
3709,123.633333,,0,P,0.49696,0.50193,0.13899,0.01139,frames/frame_003709.jpg
3710,123.666667,,0,B,0.50455,0.49343,0.13840,0.02631,frames/frame_003710.jpg
3711,123.700000,,0,P,0.52270,0.47145,0.13877,0.05535,frames/frame_003711.jpg
3712,123.733333,,0,P,0.55420,0.43534,0.13577,0.07388,frames/frame_003712.jpg
3713,123.766667,,0,P,0.59666,0.38720,0.13169,0.09031,frames/frame_003713.jpg
3714,123.800000,,0,P,0.65207,0.32272,0.12986,0.10384,frames/frame_003714.jpg
3715,123.833333,,0,P,0.71980,0.24349,0.12796,0.11569,frames/frame_003715.jpg
3716,123.866667,,0,B,0.79825,0.14992,0.11568,0.12368,frames/frame_003716.jpg
3717,123.900000,,0,P,0.88838,0.06670,0.08361,0.10100,frames/frame_003717.jpg
3718,123.933333,,0,P,0.94665,0.02215,0.06133,0.05530,frames/frame_003718.jpg
3719,123.966667,,0,P,0.95143,0.01961,0.05774,0.00593,frames/frame_003719.jpg
3720,124.000000,,0,B,0.95179,0.01961,0.05769,0.00079,frames/frame_003720.jpg
3721,124.033333,,0,B,0.95240,0.01961,0.05779,0.00082,frames/frame_003721.jpg
3722,124.066667,,0,P,0.95179,0.01961,0.05781,0.00085,frames/frame_003722.jpg
3723,124.100000,,0,B,0.82423,0.09191,0.10582,0.12470,frames/frame_003723.jpg
3724,124.133333,,0,B,0.82351,0.09309,0.10515,0.00473,frames/frame_003724.jpg
3725,124.166667,,0,B,0.82353,0.09369,0.10532,0.00274,frames/frame_003725.jpg
3726,124.200000,,0,P,0.82300,0.09412,0.10532,0.00261,frames/frame_003726.jpg
3727,124.233333,,0,B,0.82335,0.09429,0.10530,0.00174,frames/frame_003727.jpg
3728,124.266667,,0,B,0.82342,0.09370,0.10622,0.00360,frames/frame_003728.jpg
3729,124.300000,,0,B,0.82294,0.09376,0.10704,0.00363,frames/frame_003729.jpg
3730,124.333333,,0,P,0.82212,0.09407,0.10754,0.00176,frames/frame_003730.jpg
3731,124.366667,,0,B,0.82245,0.09467,0.10799,0.00287,frames/frame_003731.jpg
3732,124.400000,,0,B,0.82219,0.09542,0.10786,0.00313,frames/frame_003732.jpg
3733,124.433333,,0,B,0.81781,0.09875,0.10924,0.00543,frames/frame_003733.jpg
3734,124.466667,,0,P,0.81596,0.09846,0.11330,0.00729,frames/frame_003734.jpg
3735,124.500000,,0,B,0.81515,0.09954,0.11416,0.00277,frames/frame_003735.jpg
3736,124.533333,,0,B,0.81437,0.10082,0.11316,0.00319,frames/frame_003736.jpg
3737,124.566667,,0,B,0.81438,0.10100,0.11315,0.00192,frames/frame_003737.jpg
3738,124.600000,,0,P,0.53521,0.28549,0.28678,0.31086,frames/frame_003738.jpg
3739,124.633333,,0,B,0.51579,0.30445,0.27077,0.14328,frames/frame_003739.jpg
3740,124.666667,,0,B,0.51607,0.30461,0.27019,0.00338,frames/frame_003740.jpg
3741,124.700000,,0,P,0.51569,0.30464,0.27095,0.00493,frames/frame_003741.jpg
3742,124.733333,,0,B,0.51676,0.30408,0.27102,0.00283,frames/frame_003742.jpg
3743,124.766667,,0,B,0.51669,0.30370,0.26999,0.00570,frames/frame_003743.jpg
3744,124.800000,,0,B,0.79399,0.12222,0.11569,0.31030,frames/frame_003744.jpg
3745,124.833333,,0,P,0.79362,0.12316,0.11613,0.00581,frames/frame_003745.jpg
3746,124.866667,,0,B,0.79434,0.12416,0.11701,0.00500,frames/frame_003746.jpg
3747,124.900000,,0,B,0.79301,0.12585,0.11714,0.00418,frames/frame_003747.jpg
3748,124.933333,,0,B,0.79301,0.12569,0.11902,0.00527,frames/frame_003748.jpg
3749,124.966667,,0,P,0.79077,0.12832,0.11834,0.00600,frames/frame_003749.jpg
3750,125.000000,,0,P,0.69590,0.14320,0.30787,0.20625,frames/frame_003750.jpg
3751,125.033333,,0,B,0.70688,0.13760,0.29614,0.08837,frames/frame_003751.jpg
3752,125.066667,,0,B,0.70882,0.13669,0.29812,0.02007,frames/frame_003752.jpg
3753,125.100000,,0,B,0.70866,0.13700,0.29792,0.00297,frames/frame_003753.jpg
3754,125.133333,,0,P,0.70801,0.13743,0.29799,0.00308,frames/frame_003754.jpg
3755,125.166667,,0,B,0.70830,0.13739,0.29804,0.00280,frames/frame_003755.jpg
3756,125.200000,,0,B,0.70815,0.13727,0.29801,0.00179,frames/frame_003756.jpg
3757,125.233333,,0,B,0.75635,0.16598,0.13407,0.20875,frames/frame_003757.jpg
3758,125.266667,,0,P,0.75604,0.16737,0.13503,0.00957,frames/frame_003758.jpg
3759,125.300000,,0,B,0.75527,0.16892,0.13579,0.01285,frames/frame_003759.jpg
3760,125.333333,,0,B,0.75665,0.16801,0.13616,0.00760,frames/frame_003760.jpg
3761,125.366667,,0,B,0.75874,0.16778,0.13408,0.00863,frames/frame_003761.jpg
3762,125.400000,,0,P,0.75809,0.16806,0.13511,0.00564,frames/frame_003762.jpg
3763,125.433333,,0,B,0.54034,0.29395,0.22677,0.30070,frames/frame_003763.jpg
3764,125.466667,,0,B,0.53146,0.30147,0.22084,0.05031,frames/frame_003764.jpg
3765,125.500000,,0,B,0.53068,0.30206,0.21985,0.00678,frames/frame_003765.jpg
3766,125.533333,,0,P,0.53073,0.30178,0.22039,0.00428,frames/frame_003766.jpg
3767,125.566667,,0,B,0.53091,0.30160,0.22023,0.00091,frames/frame_003767.jpg
3768,125.600000,,0,B,0.53084,0.30173,0.22019,0.00083,frames/frame_003768.jpg
3769,125.633333,,0,B,0.73564,0.21047,0.14584,0.29945,frames/frame_003769.jpg
3770,125.666667,,0,P,0.73262,0.20964,0.14658,0.01507,frames/frame_003770.jpg
3771,125.700000,,0,B,0.73315,0.21029,0.14682,0.00463,frames/frame_003771.jpg
3772,125.733333,,0,B,0.73218,0.21138,0.14754,0.00441,frames/frame_003772.jpg
3773,125.766667,,0,B,0.73127,0.21183,0.14904,0.00870,frames/frame_003773.jpg
3774,125.800000,,0,P,0.71075,0.20616,0.15235,0.02600,frames/frame_003774.jpg
3775,125.833333,,0,P,0.66790,0.17077,0.29215,0.23904,frames/frame_003775.jpg
3776,125.866667,,0,B,0.68242,0.16334,0.27786,0.09780,frames/frame_003776.jpg
3777,125.900000,,0,P,0.68639,0.16101,0.27551,0.03204,frames/frame_003777.jpg
3778,125.933333,,0,P,0.68689,0.16064,0.27464,0.00536,frames/frame_003778.jpg
3779,125.966667,,1,I,0.68686,0.16085,0.27555,0.00460,frames/frame_003779.jpg
3780,126.000000,,0,B,0.68686,0.16085,0.27556,0.00000,frames/frame_003780.jpg
3781,126.033333,,0,B,0.69411,0.21498,0.16537,0.22868,frames/frame_003781.jpg
3782,126.066667,,0,B,0.69619,0.21559,0.16684,0.01224,frames/frame_003782.jpg
3783,126.100000,,0,P,0.69499,0.21616,0.16612,0.00622,frames/frame_003783.jpg
3784,126.133333,,0,B,0.69542,0.21704,0.16544,0.00559,frames/frame_003784.jpg
3785,126.166667,,0,B,0.69440,0.21754,0.16605,0.00493,frames/frame_003785.jpg
3786,126.200000,,0,B,0.69375,0.21733,0.16552,0.01084,frames/frame_003786.jpg
3787,126.233333,,0,P,0.69236,0.21834,0.16557,0.00597,frames/frame_003787.jpg
3788,126.266667,,0,B,0.51851,0.31867,0.18341,0.29516,frames/frame_003788.jpg
3789,126.300000,,0,B,0.50590,0.32965,0.17905,0.05893,frames/frame_003789.jpg
3790,126.333333,,0,P,0.50583,0.32976,0.17944,0.00240,frames/frame_003790.jpg
3791,126.366667,,0,B,0.50614,0.32950,0.17912,0.00375,frames/frame_003791.jpg
3792,126.400000,,0,B,0.50668,0.32914,0.17899,0.00190,frames/frame_003792.jpg
3793,126.433333,,0,P,0.50611,0.32965,0.17931,0.00364,frames/frame_003793.jpg
3794,126.466667,,0,B,0.67461,0.18022,0.23516,0.29923,frames/frame_003794.jpg
3795,126.500000,,0,B,0.68408,0.17399,0.22817,0.04792,frames/frame_003795.jpg
3796,126.533333,,0,B,0.68548,0.17347,0.22695,0.00773,frames/frame_003796.jpg
3797,126.566667,,0,P,0.68461,0.17394,0.22714,0.00333,frames/frame_003797.jpg
3798,126.600000,,0,B,0.68458,0.17343,0.22729,0.00433,frames/frame_003798.jpg
3799,126.633333,,0,B,0.68458,0.17344,0.22728,0.00005,frames/frame_003799.jpg
3800,126.666667,,0,P,0.58064,0.39371,0.14850,0.26747,frames/frame_003800.jpg
3801,126.700000,,0,P,0.60111,0.38014,0.16517,0.16669,frames/frame_003801.jpg
3802,126.733333,,0,B,0.61950,0.37598,0.17559,0.13057,frames/frame_003802.jpg
3803,126.766667,,0,P,0.65678,0.37534,0.16919,0.11640,frames/frame_003803.jpg
3804,126.800000,,0,B,0.66837,0.37587,0.16551,0.04873,frames/frame_003804.jpg
3805,126.833333,,0,B,0.66713,0.37533,0.16583,0.02372,frames/frame_003805.jpg
3806,126.866667,,0,P,0.65690,0.37082,0.16959,0.06615,frames/frame_003806.jpg
3807,126.900000,,0,B,0.64504,0.36950,0.16973,0.05122,frames/frame_003807.jpg
3808,126.933333,,0,B,0.62999,0.36964,0.17144,0.07142,frames/frame_003808.jpg
3809,126.966667,,0,B,0.61815,0.37085,0.17137,0.07409,frames/frame_003809.jpg
3810,127.000000,,0,P,0.62168,0.37346,0.17473,0.05281,frames/frame_003810.jpg
3811,127.033333,,0,B,0.62849,0.37267,0.17283,0.04199,frames/frame_003811.jpg
3812,127.066667,,0,B,0.64023,0.37532,0.16805,0.04944,frames/frame_003812.jpg
3813,127.100000,,0,B,0.64275,0.37573,0.16988,0.02528,frames/frame_003813.jpg
3814,127.133333,,0,P,0.64287,0.37637,0.16961,0.02124,frames/frame_003814.jpg
3815,127.166667,,0,B,0.64265,0.37711,0.16970,0.02627,frames/frame_003815.jpg
3816,127.200000,,0,B,0.64144,0.37771,0.16954,0.02248,frames/frame_003816.jpg
3817,127.233333,,0,B,0.64044,0.37676,0.16981,0.02916,frames/frame_003817.jpg
3818,127.266667,,0,P,0.63940,0.37683,0.16995,0.02120,frames/frame_003818.jpg
3819,127.300000,,0,B,0.63887,0.37478,0.17085,0.05084,frames/frame_003819.jpg
3820,127.333333,,0,B,0.63996,0.37438,0.17034,0.02612,frames/frame_003820.jpg
3821,127.366667,,0,B,0.63961,0.37534,0.16967,0.02761,frames/frame_003821.jpg
3822,127.400000,,0,P,0.63960,0.37498,0.16978,0.01980,frames/frame_003822.jpg
3823,127.433333,,0,B,0.64032,0.37354,0.17114,0.02043,frames/frame_003823.jpg
3824,127.466667,,0,B,0.63959,0.37294,0.17082,0.02752,frames/frame_003824.jpg
3825,127.500000,,0,B,0.63987,0.37234,0.17193,0.02041,frames/frame_003825.jpg
3826,127.533333,,0,P,0.63858,0.37332,0.17094,0.02329,frames/frame_003826.jpg
3827,127.566667,,0,B,0.63901,0.37360,0.17041,0.02039,frames/frame_003827.jpg
3828,127.600000,,0,B,0.63849,0.37418,0.17044,0.02077,frames/frame_003828.jpg
3829,127.633333,,0,B,0.64056,0.37482,0.16924,0.04258,frames/frame_003829.jpg
3830,127.666667,,0,P,0.64046,0.36856,0.17017,0.03880,frames/frame_003830.jpg
3831,127.700000,,0,B,0.64087,0.36872,0.17049,0.01939,frames/frame_003831.jpg
3832,127.733333,,0,B,0.64084,0.37004,0.17077,0.02007,frames/frame_003832.jpg
3833,127.766667,,0,B,0.64057,0.37119,0.17065,0.02500,frames/frame_003833.jpg
3834,127.800000,,0,P,0.63992,0.37278,0.17032,0.01959,frames/frame_003834.jpg
3835,127.833333,,0,B,0.64055,0.37175,0.17090,0.02530,frames/frame_003835.jpg
3836,127.866667,,0,B,0.64056,0.37173,0.17068,0.01906,frames/frame_003836.jpg
3837,127.900000,,0,B,0.64080,0.37086,0.17106,0.01952,frames/frame_003837.jpg
3838,127.933333,,0,P,0.63966,0.37119,0.17289,0.02604,frames/frame_003838.jpg
3839,127.966667,,0,B,0.63975,0.36927,0.17402,0.03618,frames/frame_003839.jpg
3840,128.000000,,0,B,0.63983,0.36876,0.17444,0.01901,frames/frame_003840.jpg
3841,128.033333,,0,B,0.64035,0.36771,0.17418,0.02013,frames/frame_003841.jpg
3842,128.066667,,0,P,0.64137,0.36498,0.17517,0.03034,frames/frame_003842.jpg
3843,128.100000,,0,B,0.64199,0.36354,0.17530,0.01965,frames/frame_003843.jpg
3844,128.133333,,0,B,0.64230,0.36282,0.17443,0.02655,frames/frame_003844.jpg
3845,128.166667,,0,B,0.64245,0.36238,0.17367,0.01936,frames/frame_003845.jpg
3846,128.200000,,0,P,0.64212,0.36281,0.17137,0.01989,frames/frame_003846.jpg
3847,128.233333,,0,B,0.64296,0.36347,0.16996,0.02872,frames/frame_003847.jpg
3848,128.266667,,0,B,0.64279,0.36429,0.17042,0.01951,frames/frame_003848.jpg
3849,128.300000,,0,B,0.66271,0.35047,0.19988,0.20988,frames/frame_003849.jpg
3850,128.333333,,0,P,0.67013,0.35756,0.19452,0.04653,frames/frame_003850.jpg
3851,128.366667,,0,B,0.67443,0.35925,0.19097,0.03360,frames/frame_003851.jpg
3852,128.400000,,0,B,0.67769,0.36071,0.18880,0.02346,frames/frame_003852.jpg
3853,128.433333,,0,B,0.67809,0.36013,0.18988,0.01616,frames/frame_003853.jpg
3854,128.466667,,0,P,0.67781,0.36022,0.19001,0.01528,frames/frame_003854.jpg
3855,128.500000,,0,B,0.67894,0.36032,0.18851,0.02009,frames/frame_003855.jpg
3856,128.533333,,0,B,0.67870,0.36029,0.18916,0.01333,frames/frame_003856.jpg
3857,128.566667,,0,B,0.67722,0.36040,0.18958,0.01778,frames/frame_003857.jpg
3858,128.600000,,0,P,0.67656,0.36106,0.18960,0.01325,frames/frame_003858.jpg
3859,128.633333,,0,B,0.67473,0.36068,0.19076,0.03089,frames/frame_003859.jpg
3860,128.666667,,0,B,0.67464,0.36047,0.19160,0.01300,frames/frame_003860.jpg
3861,128.700000,,0,B,0.67447,0.35913,0.19386,0.02190,frames/frame_003861.jpg
3862,128.733333,,0,P,0.63209,0.29618,0.20557,0.08735,frames/frame_003862.jpg
3863,128.766667,,0,B,0.63404,0.29512,0.20568,0.01540,frames/frame_003863.jpg
3864,128.800000,,0,B,0.63538,0.29462,0.20780,0.02074,frames/frame_003864.jpg
3865,128.833333,,0,B,0.63628,0.29405,0.20665,0.01354,frames/frame_003865.jpg
3866,128.866667,,0,P,0.63783,0.29486,0.20502,0.02354,frames/frame_003866.jpg
3867,128.900000,,0,B,0.63814,0.29490,0.20429,0.01266,frames/frame_003867.jpg
3868,128.933333,,0,P,0.63801,0.29455,0.20386,0.01252,frames/frame_003868.jpg
3869,128.966667,,1,I,0.63810,0.29537,0.20419,0.02617,frames/frame_003869.jpg
3870,129.000000,,0,B,0.63731,0.29508,0.20238,0.01848,frames/frame_003870.jpg
3871,129.033333,,0,B,0.63689,0.29571,0.20230,0.01210,frames/frame_003871.jpg
3872,129.066667,,0,B,0.63704,0.29602,0.20320,0.01202,frames/frame_003872.jpg
3873,129.100000,,0,P,0.63500,0.29684,0.20167,0.01916,frames/frame_003873.jpg
3874,129.133333,,0,B,0.63522,0.39038,0.20349,0.14016,frames/frame_003874.jpg
3875,129.166667,,0,B,0.63610,0.39317,0.20520,0.03214,frames/frame_003875.jpg
3876,129.200000,,0,B,0.63740,0.39517,0.20376,0.02736,frames/frame_003876.jpg
3877,129.233333,,0,P,0.63768,0.39555,0.20299,0.02193,frames/frame_003877.jpg
3878,129.266667,,0,B,0.63859,0.39457,0.20009,0.02542,frames/frame_003878.jpg
3879,129.300000,,0,B,0.63875,0.39426,0.20283,0.04228,frames/frame_003879.jpg
3880,129.333333,,0,B,0.63894,0.39454,0.20244,0.02026,frames/frame_003880.jpg
3881,129.366667,,0,P,0.63875,0.39473,0.20267,0.02019,frames/frame_003881.jpg
3882,129.400000,,0,B,0.63911,0.39447,0.20170,0.02235,frames/frame_003882.jpg
3883,129.433333,,0,B,0.63893,0.39487,0.20045,0.02004,frames/frame_003883.jpg
3884,129.466667,,0,B,0.63885,0.39430,0.20075,0.02490,frames/frame_003884.jpg
3885,129.500000,,0,P,0.63803,0.39533,0.19908,0.02021,frames/frame_003885.jpg
3886,129.533333,,0,B,0.63815,0.39550,0.19921,0.01983,frames/frame_003886.jpg
3887,129.566667,,0,B,0.56663,0.27191,0.22967,0.12026,frames/frame_003887.jpg
3888,129.600000,,0,B,0.56686,0.27172,0.22838,0.02495,frames/frame_003888.jpg
3889,129.633333,,0,P,0.56879,0.26700,0.23077,0.05589,frames/frame_003889.jpg
3890,129.666667,,0,B,0.56994,0.26616,0.23010,0.02359,frames/frame_003890.jpg
3891,129.700000,,0,B,0.56942,0.26555,0.23291,0.02343,frames/frame_003891.jpg
3892,129.733333,,0,B,0.56951,0.26540,0.23295,0.02344,frames/frame_003892.jpg
3893,129.766667,,0,P,0.56827,0.26578,0.23179,0.02386,frames/frame_003893.jpg
3894,129.800000,,0,B,0.56908,0.26546,0.23317,0.02329,frames/frame_003894.jpg
3895,129.833333,,0,B,0.56902,0.26459,0.23255,0.02321,frames/frame_003895.jpg
3896,129.866667,,0,B,0.56998,0.26458,0.23287,0.02829,frames/frame_003896.jpg
3897,129.900000,,0,P,0.56979,0.26397,0.23273,0.02328,frames/frame_003897.jpg
3898,129.933333,,0,B,0.57022,0.26365,0.23143,0.02773,frames/frame_003898.jpg
3899,129.966667,,0,B,0.63736,0.22682,0.19200,0.15905,frames/frame_003899.jpg
3900,130.000000,,0,B,0.64050,0.22556,0.18910,0.02373,frames/frame_003900.jpg
3901,130.033333,,0,P,0.63966,0.22585,0.18958,0.02000,frames/frame_003901.jpg
3902,130.066667,,0,B,0.64106,0.22514,0.18950,0.01651,frames/frame_003902.jpg
3903,130.100000,,0,B,0.64099,0.22586,0.18902,0.01486,frames/frame_003903.jpg
3904,130.133333,,0,B,0.64171,0.22504,0.18846,0.01736,frames/frame_003904.jpg
3905,130.166667,,0,P,0.64111,0.22576,0.18853,0.01366,frames/frame_003905.jpg
3906,130.200000,,0,B,0.64264,0.22519,0.18747,0.01610,frames/frame_003906.jpg
3907,130.233333,,0,B,0.64225,0.22575,0.18747,0.01310,frames/frame_003907.jpg
3908,130.266667,,0,B,0.64237,0.22600,0.18773,0.01221,frames/frame_003908.jpg
3909,130.300000,,0,P,0.64334,0.22593,0.18738,0.02700,frames/frame_003909.jpg
3910,130.333333,,0,B,0.64310,0.22515,0.18691,0.01640,frames/frame_003910.jpg
3911,130.366667,,0,B,0.56651,0.20806,0.21527,0.08357,frames/frame_003911.jpg
3912,130.400000,,0,B,0.56705,0.20787,0.21491,0.02580,frames/frame_003912.jpg
3913,130.433333,,0,P,0.56576,0.20885,0.21359,0.02622,frames/frame_003913.jpg
3914,130.466667,,0,B,0.56623,0.20922,0.21396,0.02266,frames/frame_003914.jpg
3915,130.500000,,0,B,0.56526,0.20920,0.21465,0.02456,frames/frame_003915.jpg
3916,130.533333,,0,B,0.56477,0.21036,0.21276,0.02039,frames/frame_003916.jpg
3917,130.566667,,0,P,0.56304,0.21146,0.21270,0.01979,frames/frame_003917.jpg
3918,130.600000,,0,B,0.56389,0.21085,0.21215,0.02183,frames/frame_003918.jpg
3919,130.633333,,0,B,0.56533,0.21080,0.20805,0.04109,frames/frame_003919.jpg
3920,130.666667,,0,B,0.56547,0.21056,0.20653,0.01856,frames/frame_003920.jpg
3921,130.700000,,0,P,0.56433,0.21111,0.20726,0.01795,frames/frame_003921.jpg
3922,130.733333,,0,B,0.56427,0.21052,0.20728,0.02522,frames/frame_003922.jpg
3923,130.766667,,0,B,0.56427,0.21046,0.20701,0.01802,frames/frame_003923.jpg
3924,130.800000,,0,P,0.72671,0.34029,0.15906,0.25720,frames/frame_003924.jpg
3925,130.833333,,0,B,0.72788,0.34535,0.15906,0.02724,frames/frame_003925.jpg
3926,130.866667,,0,B,0.72746,0.34894,0.15708,0.02226,frames/frame_003926.jpg
3927,130.900000,,0,B,0.72787,0.34893,0.15726,0.01239,frames/frame_003927.jpg
3928,130.933333,,0,P,0.72755,0.34866,0.15705,0.01342,frames/frame_003928.jpg
3929,130.966667,,0,B,0.72783,0.34887,0.15726,0.02673,frames/frame_003929.jpg
3930,131.000000,,0,B,0.72794,0.34802,0.15770,0.01772,frames/frame_003930.jpg
3931,131.033333,,0,B,0.72846,0.34780,0.15769,0.01184,frames/frame_003931.jpg
3932,131.066667,,0,P,0.72751,0.34961,0.15700,0.01816,frames/frame_003932.jpg
3933,131.100000,,0,B,0.72800,0.34923,0.15694,0.01168,frames/frame_003933.jpg
3934,131.133333,,0,B,0.72831,0.34811,0.15740,0.01803,frames/frame_003934.jpg
3935,131.166667,,0,B,0.72852,0.34744,0.15778,0.01161,frames/frame_003935.jpg
3936,131.200000,,0,P,0.72856,0.34680,0.15802,0.01346,frames/frame_003936.jpg
3937,131.233333,,0,B,0.68994,0.28765,0.17227,0.07869,frames/frame_003937.jpg
3938,131.266667,,0,B,0.68991,0.28785,0.17252,0.01177,frames/frame_003938.jpg
3939,131.300000,,0,B,0.69141,0.28583,0.17330,0.02534,frames/frame_003939.jpg
3940,131.333333,,0,P,0.69099,0.28587,0.17350,0.01148,frames/frame_003940.jpg
3941,131.366667,,0,B,0.69110,0.28765,0.17185,0.01787,frames/frame_003941.jpg
3942,131.400000,,0,B,0.69106,0.28702,0.17172,0.01118,frames/frame_003942.jpg
3943,131.433333,,0,B,0.69198,0.28472,0.17246,0.01733,frames/frame_003943.jpg
3944,131.466667,,0,P,0.69133,0.28460,0.17356,0.01129,frames/frame_003944.jpg
3945,131.500000,,0,B,0.69199,0.28441,0.17181,0.01083,frames/frame_003945.jpg
3946,131.533333,,0,B,0.69178,0.28543,0.17057,0.01701,frames/frame_003946.jpg
3947,131.566667,,0,B,0.69206,0.28516,0.17078,0.01066,frames/frame_003947.jpg
3948,131.600000,,0,P,0.69196,0.28368,0.17184,0.01688,frames/frame_003948.jpg
3949,131.633333,,0,B,0.64618,0.36204,0.18148,0.19886,frames/frame_003949.jpg
3950,131.666667,,0,B,0.66583,0.36497,0.17219,0.09653,frames/frame_003950.jpg
3951,131.700000,,0,B,0.67667,0.36942,0.16741,0.04249,frames/frame_003951.jpg
3952,131.733333,,0,P,0.67883,0.37311,0.16584,0.05048,frames/frame_003952.jpg
3953,131.766667,,0,B,0.67585,0.37677,0.16729,0.05656,frames/frame_003953.jpg
3954,131.800000,,0,B,0.67027,0.37741,0.16735,0.05306,frames/frame_003954.jpg
3955,131.833333,,0,B,0.66752,0.37738,0.16925,0.04046,frames/frame_003955.jpg
3956,131.866667,,0,P,0.66462,0.37453,0.16968,0.03638,frames/frame_003956.jpg
3957,131.900000,,0,B,0.66624,0.37210,0.16987,0.03248,frames/frame_003957.jpg
3958,131.933333,,0,P,0.66773,0.36878,0.17071,0.03466,frames/frame_003958.jpg
3959,131.966667,,1,I,0.66863,0.36120,0.17110,0.07193,frames/frame_003959.jpg
3960,132.000000,,0,B,0.66841,0.35940,0.17505,0.04306,frames/frame_003960.jpg
3961,132.033333,,0,B,0.66545,0.34680,0.18465,0.04694,frames/frame_003961.jpg
3962,132.066667,,0,B,0.66608,0.34937,0.18154,0.03410,frames/frame_003962.jpg
3963,132.100000,,0,P,0.66486,0.35116,0.18331,0.04367,frames/frame_003963.jpg
3964,132.133333,,0,B,0.66559,0.35251,0.18369,0.03286,frames/frame_003964.jpg
3965,132.166667,,0,B,0.66509,0.35083,0.18693,0.04374,frames/frame_003965.jpg
3966,132.200000,,0,B,0.66554,0.35139,0.18744,0.03332,frames/frame_003966.jpg
3967,132.233333,,0,P,0.66460,0.35368,0.18847,0.03157,frames/frame_003967.jpg
3968,132.266667,,0,B,0.66572,0.35067,0.18845,0.04210,frames/frame_003968.jpg
3969,132.300000,,0,B,0.66592,0.34800,0.19072,0.06828,frames/frame_003969.jpg
3970,132.333333,,0,B,0.66645,0.34813,0.19069,0.03257,frames/frame_003970.jpg
3971,132.366667,,0,P,0.66519,0.34970,0.19049,0.03217,frames/frame_003971.jpg
3972,132.400000,,0,B,0.66491,0.35022,0.19183,0.04148,frames/frame_003972.jpg
3973,132.433333,,0,B,0.67943,0.24041,0.15005,0.21436,frames/frame_003973.jpg
3974,132.466667,,0,P,0.68094,0.23816,0.15645,0.03892,frames/frame_003974.jpg
3975,132.500000,,0,B,0.68205,0.23835,0.15986,0.03659,frames/frame_003975.jpg
3976,132.533333,,0,B,0.68165,0.23579,0.15820,0.02497,frames/frame_003976.jpg
3977,132.566667,,0,B,0.68090,0.23443,0.15637,0.01858,frames/frame_003977.jpg
3978,132.600000,,0,P,0.67850,0.23415,0.15588,0.01537,frames/frame_003978.jpg
3979,132.633333,,0,B,0.67478,0.23588,0.15585,0.02100,frames/frame_003979.jpg
3980,132.666667,,0,B,0.67308,0.23615,0.15680,0.00872,frames/frame_003980.jpg
3981,132.700000,,0,B,0.67215,0.23679,0.15572,0.00705,frames/frame_003981.jpg
3982,132.733333,,0,P,0.67079,0.23702,0.15446,0.00608,frames/frame_003982.jpg
3983,132.766667,,0,B,0.67083,0.23671,0.15398,0.00418,frames/frame_003983.jpg
3984,132.800000,,0,B,0.67025,0.23632,0.15302,0.00425,frames/frame_003984.jpg
3985,132.833333,,0,B,0.67020,0.23629,0.15302,0.00215,frames/frame_003985.jpg
3986,132.866667,,0,P,0.71621,0.28887,0.11929,0.17080,frames/frame_003986.jpg
3987,132.900000,,0,P,0.73007,0.26827,0.12348,0.04835,frames/frame_003987.jpg
3988,132.933333,,0,P,0.74836,0.23824,0.12061,0.05187,frames/frame_003988.jpg
3989,132.966667,,0,B,0.75485,0.22780,0.11861,0.03977,frames/frame_003989.jpg
3990,133.000000,,0,B,0.75300,0.23037,0.11995,0.00562,frames/frame_003990.jpg
3991,133.033333,,0,B,0.75082,0.23435,0.12036,0.00991,frames/frame_003991.jpg
3992,133.066667,,0,P,0.74766,0.23813,0.12053,0.00986,frames/frame_003992.jpg
3993,133.100000,,0,B,0.74664,0.24073,0.11983,0.00816,frames/frame_003993.jpg
3994,133.133333,,0,B,0.74590,0.24182,0.12082,0.00446,frames/frame_003994.jpg
3995,133.166667,,0,B,0.74641,0.24112,0.12042,0.00234,frames/frame_003995.jpg
3996,133.200000,,0,P,0.74613,0.24058,0.11959,0.00488,frames/frame_003996.jpg
3997,133.233333,,0,B,0.74702,0.23953,0.12029,0.00365,frames/frame_003997.jpg
3998,133.266667,,0,B,0.74743,0.23895,0.12117,0.00840,frames/frame_003998.jpg
3999,133.300000,,0,B,0.53435,0.26250,0.24447,0.24552,frames/frame_003999.jpg
4000,133.333333,,0,P,0.53745,0.26265,0.24810,0.07809,frames/frame_004000.jpg
4001,133.366667,,0,B,0.54265,0.26028,0.25014,0.06515,frames/frame_004001.jpg
4002,133.400000,,0,B,0.54683,0.25740,0.24501,0.08604,frames/frame_004002.jpg
4003,133.433333,,0,B,0.54857,0.25641,0.24428,0.08938,frames/frame_004003.jpg
4004,133.466667,,0,P,0.54851,0.25577,0.24575,0.06961,frames/frame_004004.jpg
4005,133.500000,,0,B,0.54825,0.25598,0.24631,0.06058,frames/frame_004005.jpg
4006,133.533333,,0,B,0.54544,0.25814,0.24881,0.05311,frames/frame_004006.jpg
4007,133.566667,,0,B,0.54265,0.26084,0.24922,0.05554,frames/frame_004007.jpg
4008,133.600000,,0,P,0.53992,0.26133,0.24880,0.06387,frames/frame_004008.jpg
4009,133.633333,,0,B,0.53697,0.26341,0.24932,0.11435,frames/frame_004009.jpg
4010,133.666667,,0,B,0.67125,0.36918,0.12848,0.24357,frames/frame_004010.jpg
4011,133.700000,,0,B,0.67541,0.36062,0.12918,0.03231,frames/frame_004011.jpg
4012,133.733333,,0,P,0.67744,0.35393,0.13177,0.03095,frames/frame_004012.jpg
4013,133.766667,,0,B,0.67965,0.35259,0.13119,0.01524,frames/frame_004013.jpg
4014,133.800000,,0,B,0.67932,0.35390,0.13241,0.01549,frames/frame_004014.jpg
4015,133.833333,,0,B,0.68069,0.35078,0.13311,0.01976,frames/frame_004015.jpg
4016,133.866667,,0,P,0.67682,0.34572,0.13562,0.02800,frames/frame_004016.jpg
4017,133.900000,,0,B,0.67963,0.33247,0.13959,0.03519,frames/frame_004017.jpg
4018,133.933333,,0,B,0.68266,0.32120,0.14535,0.03648,frames/frame_004018.jpg
4019,133.966667,,0,B,0.68013,0.31020,0.15175,0.04771,frames/frame_004019.jpg
4020,134.000000,,0,P,0.67756,0.30835,0.15313,0.02673,frames/frame_004020.jpg
4021,134.033333,,0,B,0.67638,0.30647,0.15491,0.01997,frames/frame_004021.jpg
4022,134.066667,,0,B,0.67565,0.30608,0.15465,0.00968,frames/frame_004022.jpg
4023,134.100000,,0,B,0.39580,0.45662,0.17059,0.31715,frames/frame_004023.jpg
4024,134.133333,,0,P,0.38393,0.46225,0.16812,0.06165,frames/frame_004024.jpg
4025,134.166667,,0,P,0.37377,0.46974,0.16807,0.05442,frames/frame_004025.jpg
4026,134.200000,,0,B,0.36655,0.48443,0.15662,0.05287,frames/frame_004026.jpg
4027,134.233333,,0,B,0.36815,0.48152,0.15787,0.04173,frames/frame_004027.jpg
4028,134.266667,,0,B,0.37525,0.47346,0.16319,0.04990,frames/frame_004028.jpg
4029,134.300000,,0,P,0.37378,0.47756,0.16860,0.06173,frames/frame_004029.jpg
4030,134.333333,,0,B,0.37172,0.47984,0.16524,0.03995,frames/frame_004030.jpg
4031,134.366667,,0,B,0.37614,0.47381,0.17028,0.03018,frames/frame_004031.jpg
4032,134.400000,,0,B,0.38562,0.46256,0.17738,0.03823,frames/frame_004032.jpg
4033,134.433333,,0,P,0.38511,0.46263,0.17557,0.03068,frames/frame_004033.jpg
4034,134.466667,,0,B,0.37958,0.47066,0.16778,0.03185,frames/frame_004034.jpg
4035,134.500000,,0,P,0.38346,0.46786,0.16901,0.04523,frames/frame_004035.jpg
4036,134.533333,,0,P,0.42193,0.42575,0.09104,0.17833,frames/frame_004036.jpg
4037,134.566667,,0,B,0.41227,0.42158,0.08520,0.07295,frames/frame_004037.jpg
4038,134.600000,,0,B,0.40921,0.41536,0.08805,0.04173,frames/frame_004038.jpg
4039,134.633333,,0,B,0.40683,0.41141,0.08796,0.04508,frames/frame_004039.jpg
4040,134.666667,,0,P,0.40506,0.41091,0.08769,0.02455,frames/frame_004040.jpg
4041,134.700000,,0,B,0.40585,0.41002,0.08845,0.01856,frames/frame_004041.jpg
4042,134.733333,,0,B,0.40598,0.41039,0.08781,0.01585,frames/frame_004042.jpg
4043,134.766667,,0,B,0.40670,0.41051,0.08706,0.00767,frames/frame_004043.jpg
4044,134.800000,,0,P,0.40627,0.41188,0.08758,0.00628,frames/frame_004044.jpg
4045,134.833333,,0,B,0.40787,0.41100,0.08814,0.00534,frames/frame_004045.jpg
4046,134.866667,,0,B,0.40792,0.41173,0.08760,0.00551,frames/frame_004046.jpg
4047,134.900000,,0,B,0.40924,0.40982,0.09202,0.01576,frames/frame_004047.jpg
4048,134.933333,,0,P,0.62224,0.28762,0.20212,0.26758,frames/frame_004048.jpg
4049,134.966667,,1,I,0.63645,0.29018,0.19752,0.13235,frames/frame_004049.jpg
4050,135.000000,,0,B,0.64164,0.28999,0.19642,0.02864,frames/frame_004050.jpg
4051,135.033333,,0,B,0.64314,0.29033,0.19657,0.04069,frames/frame_004051.jpg
4052,135.066667,,0,B,0.64305,0.28873,0.19742,0.05558,frames/frame_004052.jpg
4053,135.100000,,0,P,0.64230,0.28688,0.19822,0.04240,frames/frame_004053.jpg
4054,135.133333,,0,B,0.64292,0.28478,0.19736,0.03409,frames/frame_004054.jpg
4055,135.166667,,0,B,0.64312,0.28359,0.19919,0.03556,frames/frame_004055.jpg
4056,135.200000,,0,B,0.64367,0.28359,0.19813,0.02924,frames/frame_004056.jpg
4057,135.233333,,0,P,0.64405,0.28377,0.19821,0.03729,frames/frame_004057.jpg
4058,135.266667,,0,B,0.64431,0.28434,0.19969,0.03056,frames/frame_004058.jpg
4059,135.300000,,0,B,0.64282,0.28704,0.20042,0.06226,frames/frame_004059.jpg
4060,135.333333,,0,P,0.79361,0.11206,0.14555,0.17788,frames/frame_004060.jpg
4061,135.366667,,0,B,0.78846,0.11278,0.15327,0.03835,frames/frame_004061.jpg
4062,135.400000,,0,B,0.77889,0.11725,0.15544,0.08389,frames/frame_004062.jpg
4063,135.433333,,0,B,0.77865,0.11562,0.16751,0.06665,frames/frame_004063.jpg
4064,135.466667,,0,P,0.78089,0.11772,0.17078,0.03011,frames/frame_004064.jpg
4065,135.500000,,0,B,0.78175,0.11690,0.17038,0.00908,frames/frame_004065.jpg
4066,135.533333,,0,B,0.78143,0.11722,0.17027,0.00403,frames/frame_004066.jpg
4067,135.566667,,0,B,0.77677,0.11667,0.17740,0.01971,frames/frame_004067.jpg
4068,135.600000,,0,P,0.77654,0.11700,0.17923,0.02285,frames/frame_004068.jpg
4069,135.633333,,0,B,0.77762,0.11665,0.17890,0.00349,frames/frame_004069.jpg
4070,135.666667,,0,P,0.77691,0.11724,0.17882,0.00379,frames/frame_004070.jpg
4071,135.700000,,0,B,0.77707,0.11705,0.17885,0.00079,frames/frame_004071.jpg
4072,135.733333,,0,B,0.77703,0.11711,0.17922,0.00187,frames/frame_004072.jpg
4073,135.766667,,0,B,0.58725,0.37088,0.13993,0.24128,frames/frame_004073.jpg
4074,135.800000,,0,P,0.58383,0.35372,0.13136,0.05150,frames/frame_004074.jpg
4075,135.833333,,0,B,0.58464,0.34326,0.13123,0.02398,frames/frame_004075.jpg
4076,135.866667,,0,B,0.58311,0.34366,0.13078,0.01545,frames/frame_004076.jpg
4077,135.900000,,0,B,0.58462,0.34482,0.13176,0.01293,frames/frame_004077.jpg
4078,135.933333,,0,P,0.58306,0.35015,0.13308,0.01120,frames/frame_004078.jpg
4079,135.966667,,0,B,0.52256,0.25833,0.15761,0.19756,frames/frame_004079.jpg
4080,136.000000,,0,P,0.51671,0.25563,0.15542,0.03706,frames/frame_004080.jpg
4081,136.033333,,0,B,0.51695,0.25374,0.15232,0.01126,frames/frame_004081.jpg
4082,136.066667,,0,B,0.51698,0.25356,0.15278,0.00549,frames/frame_004082.jpg
4083,136.100000,,0,B,0.51777,0.25435,0.15166,0.00417,frames/frame_004083.jpg
4084,136.133333,,0,P,0.51735,0.25498,0.15121,0.00661,frames/frame_004084.jpg
4085,136.166667,,0,B,0.68505,0.41938,0.12434,0.28406,frames/frame_004085.jpg
4086,136.200000,,0,B,0.68507,0.41995,0.12437,0.01051,frames/frame_004086.jpg
4087,136.233333,,0,B,0.68593,0.41933,0.12507,0.00918,frames/frame_004087.jpg
4088,136.266667,,0,P,0.68520,0.41938,0.12575,0.00855,frames/frame_004088.jpg
4089,136.300000,,0,B,0.68621,0.41811,0.12652,0.01529,frames/frame_004089.jpg
4090,136.333333,,0,B,0.68458,0.42145,0.12404,0.01295,frames/frame_004090.jpg
4091,136.366667,,0,B,0.68503,0.42052,0.12383,0.00797,frames/frame_004091.jpg
4092,136.400000,,0,P,0.68469,0.42063,0.12404,0.00740,frames/frame_004092.jpg
4093,136.433333,,0,B,0.68540,0.41932,0.12474,0.01148,frames/frame_004093.jpg
4094,136.466667,,0,B,0.68536,0.41916,0.12479,0.00683,frames/frame_004094.jpg
4095,136.500000,,0,B,0.68675,0.41837,0.12267,0.01193,frames/frame_004095.jpg
4096,136.533333,,0,P,0.68639,0.41870,0.12239,0.00742,frames/frame_004096.jpg
4097,136.566667,,0,B,0.68749,0.41649,0.12238,0.01001,frames/frame_004097.jpg
4098,136.600000,,0,B,0.68646,0.41606,0.12386,0.01795,frames/frame_004098.jpg
4099,136.633333,,0,B,0.68731,0.41354,0.12416,0.01666,frames/frame_004099.jpg
4100,136.666667,,0,P,0.68686,0.41361,0.12429,0.00863,frames/frame_004100.jpg
4101,136.700000,,0,B,0.68767,0.41214,0.12429,0.00786,frames/frame_004101.jpg
4102,136.733333,,0,B,0.68780,0.41347,0.12352,0.01155,frames/frame_004102.jpg
4103,136.766667,,0,B,0.68798,0.41266,0.12371,0.00688,frames/frame_004103.jpg
4104,136.800000,,0,P,0.68772,0.41278,0.12305,0.01208,frames/frame_004104.jpg
4105,136.833333,,0,B,0.68865,0.41199,0.12279,0.00781,frames/frame_004105.jpg
4106,136.866667,,0,B,0.68850,0.41182,0.12302,0.00710,frames/frame_004106.jpg
4107,136.900000,,0,B,0.69044,0.40536,0.12541,0.01454,frames/frame_004107.jpg
4108,136.933333,,0,P,0.68986,0.40539,0.12537,0.00722,frames/frame_004108.jpg
4109,136.966667,,0,B,0.69027,0.40225,0.12502,0.02929,frames/frame_004109.jpg
4110,137.000000,,0,B,0.69015,0.40288,0.12467,0.00916,frames/frame_004110.jpg
4111,137.033333,,0,B,0.69061,0.40354,0.12551,0.01099,frames/frame_004111.jpg
4112,137.066667,,0,P,0.68999,0.40437,0.12501,0.00763,frames/frame_004112.jpg
4113,137.100000,,0,B,0.68726,0.41019,0.12354,0.01360,frames/frame_004113.jpg
4114,137.133333,,0,B,0.68664,0.41106,0.12381,0.00789,frames/frame_004114.jpg
4115,137.166667,,0,B,0.68679,0.41046,0.12386,0.00679,frames/frame_004115.jpg
4116,137.200000,,0,P,0.68592,0.40889,0.12455,0.01268,frames/frame_004116.jpg
4117,137.233333,,0,B,0.68636,0.40902,0.12443,0.00722,frames/frame_004117.jpg
4118,137.266667,,0,B,0.68535,0.41073,0.12408,0.01164,frames/frame_004118.jpg
4119,137.300000,,0,B,0.68548,0.41083,0.12390,0.01193,frames/frame_004119.jpg
4120,137.333333,,0,P,0.68377,0.41349,0.12378,0.01289,frames/frame_004120.jpg
4121,137.366667,,0,B,0.68424,0.41342,0.12350,0.00721,frames/frame_004121.jpg
4122,137.400000,,0,B,0.68192,0.41524,0.12272,0.02113,frames/frame_004122.jpg
4123,137.433333,,0,B,0.68256,0.41539,0.12250,0.00865,frames/frame_004123.jpg
4124,137.466667,,0,P,0.68208,0.41606,0.12251,0.00808,frames/frame_004124.jpg
4125,137.500000,,0,B,0.68203,0.41494,0.12363,0.01112,frames/frame_004125.jpg
4126,137.533333,,0,B,0.68189,0.41595,0.12363,0.00696,frames/frame_004126.jpg
4127,137.566667,,0,B,0.68052,0.41900,0.12361,0.01159,frames/frame_004127.jpg
4128,137.600000,,0,P,0.67965,0.41980,0.12358,0.00724,frames/frame_004128.jpg
4129,137.633333,,0,B,0.68044,0.41586,0.12435,0.01779,frames/frame_004129.jpg
4130,137.666667,,0,B,0.68025,0.41659,0.12454,0.00586,frames/frame_004130.jpg
4131,137.700000,,0,B,0.67919,0.41788,0.12521,0.01356,frames/frame_004131.jpg
4132,137.733333,,0,P,0.67830,0.41887,0.12492,0.00684,frames/frame_004132.jpg
4133,137.766667,,0,B,0.67858,0.41916,0.12494,0.00612,frames/frame_004133.jpg
4134,137.800000,,0,B,0.67833,0.42363,0.12337,0.01604,frames/frame_004134.jpg
4135,137.833333,,0,B,0.67689,0.42472,0.12300,0.01671,frames/frame_004135.jpg
4136,137.866667,,0,P,0.67704,0.41984,0.12497,0.01639,frames/frame_004136.jpg
4137,137.900000,,0,B,0.67695,0.42549,0.12358,0.01326,frames/frame_004137.jpg
4138,137.933333,,0,P,0.67639,0.42659,0.12306,0.00753,frames/frame_004138.jpg
4139,137.966667,,1,I,0.67728,0.42218,0.12431,0.01908,frames/frame_004139.jpg
4140,138.000000,,0,B,0.67769,0.42193,0.12462,0.00697,frames/frame_004140.jpg
4141,138.033333,,0,B,0.67698,0.42694,0.12305,0.01388,frames/frame_004141.jpg
4142,138.066667,,0,B,0.67716,0.42737,0.12309,0.00619,frames/frame_004142.jpg
4143,138.100000,,0,P,0.67695,0.42284,0.12418,0.01510,frames/frame_004143.jpg
4144,138.133333,,0,B,0.67717,0.42271,0.12434,0.00596,frames/frame_004144.jpg
4145,138.166667,,0,B,0.67705,0.42243,0.12454,0.00586,frames/frame_004145.jpg
4146,138.200000,,0,B,0.67682,0.42746,0.12306,0.01425,frames/frame_004146.jpg
4147,138.233333,,0,P,0.83421,0.08047,0.13218,0.21865,frames/frame_004147.jpg
4148,138.266667,,0,B,0.83538,0.08005,0.13252,0.01944,frames/frame_004148.jpg
4149,138.300000,,0,B,0.83625,0.07940,0.13102,0.01825,frames/frame_004149.jpg
4150,138.333333,,0,B,0.83666,0.07861,0.13100,0.01839,frames/frame_004150.jpg
4151,138.366667,,0,P,0.83763,0.07788,0.12970,0.01145,frames/frame_004151.jpg
4152,138.400000,,0,B,0.83947,0.07692,0.12742,0.01693,frames/frame_004152.jpg
4153,138.433333,,0,B,0.84033,0.07587,0.12608,0.01012,frames/frame_004153.jpg
4154,138.466667,,0,B,0.84140,0.07506,0.12584,0.01235,frames/frame_004154.jpg
4155,138.500000,,0,P,0.84225,0.07425,0.12424,0.01678,frames/frame_004155.jpg
4156,138.533333,,0,B,0.84339,0.07353,0.12324,0.01762,frames/frame_004156.jpg
4157,138.566667,,0,B,0.84316,0.07333,0.12483,0.02050,frames/frame_004157.jpg
4158,138.600000,,0,B,0.84385,0.07279,0.12398,0.01995,frames/frame_004158.jpg
4159,138.633333,,0,P,0.84458,0.07172,0.12215,0.03131,frames/frame_004159.jpg
4160,138.666667,,0,P,0.84401,0.06925,0.12363,0.02269,frames/frame_004160.jpg
4161,138.700000,,0,P,0.84364,0.07082,0.12575,0.02542,frames/frame_004161.jpg
4162,138.733333,,0,P,0.84222,0.07045,0.12847,0.02864,frames/frame_004162.jpg
4163,138.766667,,0,P,0.84301,0.06902,0.12635,0.03028,frames/frame_004163.jpg
4164,138.800000,,0,B,0.84460,0.06604,0.12423,0.02930,frames/frame_004164.jpg
4165,138.833333,,0,B,0.84714,0.06359,0.12150,0.01969,frames/frame_004165.jpg
4166,138.866667,,0,P,0.84854,0.06202,0.12007,0.02021,frames/frame_004166.jpg
4167,138.900000,,0,B,0.85076,0.06053,0.11909,0.01755,frames/frame_004167.jpg
4168,138.933333,,0,B,0.85163,0.05968,0.11798,0.01718,frames/frame_004168.jpg
4169,138.966667,,0,B,0.85123,0.06076,0.11736,0.02780,frames/frame_004169.jpg
4170,139.000000,,0,P,0.84970,0.06107,0.11883,0.01921,frames/frame_004170.jpg
4171,139.033333,,0,B,0.84892,0.06135,0.12017,0.01919,frames/frame_004171.jpg
4172,139.066667,,0,B,0.84900,0.06116,0.11921,0.01998,frames/frame_004172.jpg
4173,139.100000,,0,P,0.84326,0.06424,0.12657,0.02437,frames/frame_004173.jpg
4174,139.133333,,0,B,0.83519,0.07223,0.12590,0.02723,frames/frame_004174.jpg
4175,139.166667,,0,B,0.82545,0.08042,0.12482,0.02863,frames/frame_004175.jpg
4176,139.200000,,0,B,0.81059,0.09211,0.12431,0.03368,frames/frame_004176.jpg
4177,139.233333,,0,P,0.79329,0.10631,0.12539,0.03618,frames/frame_004177.jpg
4178,139.266667,,0,B,0.77803,0.11833,0.12702,0.03587,frames/frame_004178.jpg
4179,139.300000,,0,B,0.75317,0.13733,0.12382,0.05436,frames/frame_004179.jpg
4180,139.333333,,0,P,0.74326,0.14547,0.12298,0.03165,frames/frame_004180.jpg
4181,139.366667,,0,B,0.73509,0.15240,0.11830,0.02912,frames/frame_004181.jpg
4182,139.400000,,0,B,0.72137,0.16237,0.11754,0.03167,frames/frame_004182.jpg
4183,139.433333,,0,B,0.70462,0.17643,0.11216,0.03254,frames/frame_004183.jpg
4184,139.466667,,0,P,0.68842,0.18942,0.10929,0.03028,frames/frame_004184.jpg
4185,139.500000,,0,B,0.67450,0.20113,0.10668,0.02820,frames/frame_004185.jpg
4186,139.533333,,0,B,0.65923,0.21317,0.10806,0.02763,frames/frame_004186.jpg
4187,139.566667,,0,B,0.64408,0.22525,0.10623,0.02734,frames/frame_004187.jpg
4188,139.600000,,0,P,0.62899,0.23739,0.10488,0.02573,frames/frame_004188.jpg
4189,139.633333,,0,B,0.60339,0.25833,0.10164,0.04066,frames/frame_004189.jpg
4190,139.666667,,0,P,0.59268,0.26680,0.09948,0.01884,frames/frame_004190.jpg
4191,139.700000,,0,B,0.58513,0.27340,0.09751,0.01707,frames/frame_004191.jpg
4192,139.733333,,0,B,0.57802,0.27886,0.09552,0.01399,frames/frame_004192.jpg
4193,139.766667,,0,B,0.57289,0.28322,0.09486,0.01272,frames/frame_004193.jpg
4194,139.800000,,0,P,0.56790,0.28697,0.09476,0.01046,frames/frame_004194.jpg
4195,139.833333,,0,B,0.56620,0.28862,0.09408,0.00813,frames/frame_004195.jpg
4196,139.866667,,0,B,0.56470,0.28974,0.09353,0.00616,frames/frame_004196.jpg
4197,139.900000,,0,B,0.57351,0.28079,0.10429,0.01185,frames/frame_004197.jpg
4198,139.933333,,0,P,0.59389,0.25962,0.12256,0.02706,frames/frame_004198.jpg
4199,139.966667,,0,B,0.61168,0.24481,0.12725,0.02590,frames/frame_004199.jpg
4200,140.000000,,0,B,0.61075,0.24533,0.12718,0.01373,frames/frame_004200.jpg
4201,140.033333,,0,B,0.61018,0.24591,0.12616,0.00720,frames/frame_004201.jpg
4202,140.066667,,0,P,0.60879,0.24716,0.12568,0.00512,frames/frame_004202.jpg
4203,140.100000,,0,B,0.60932,0.24689,0.12566,0.00332,frames/frame_004203.jpg
4204,140.133333,,0,B,0.60886,0.24729,0.12575,0.00216,frames/frame_004204.jpg
4205,140.166667,,0,B,0.60873,0.24733,0.12572,0.00300,frames/frame_004205.jpg
4206,140.200000,,0,P,0.60765,0.24839,0.12578,0.00240,frames/frame_004206.jpg
4207,140.233333,,0,B,0.60819,0.24806,0.12616,0.00758,frames/frame_004207.jpg
4208,140.266667,,0,B,0.60789,0.24840,0.12636,0.00606,frames/frame_004208.jpg
4209,140.300000,,0,B,0.60778,0.24851,0.12599,0.00767,frames/frame_004209.jpg
4210,140.333333,,0,P,0.60668,0.24936,0.12605,0.00307,frames/frame_004210.jpg
4211,140.366667,,0,B,0.60732,0.24900,0.12597,0.00380,frames/frame_004211.jpg
4212,140.400000,,0,B,0.60683,0.24944,0.12585,0.00318,frames/frame_004212.jpg
4213,140.433333,,0,B,0.60675,0.24963,0.12576,0.00340,frames/frame_004213.jpg
4214,140.466667,,0,P,0.60541,0.25054,0.12609,0.00597,frames/frame_004214.jpg
4215,140.500000,,0,B,0.60550,0.25049,0.12610,0.00431,frames/frame_004215.jpg
4216,140.533333,,0,B,0.60511,0.25075,0.12592,0.00444,frames/frame_004216.jpg
4217,140.566667,,0,B,0.60491,0.25085,0.12587,0.00408,frames/frame_004217.jpg
4218,140.600000,,0,P,0.60408,0.25114,0.12589,0.00421,frames/frame_004218.jpg
4219,140.633333,,0,B,0.60436,0.25119,0.12593,0.00664,frames/frame_004219.jpg
4220,140.666667,,0,B,0.60367,0.25208,0.12549,0.00376,frames/frame_004220.jpg
4221,140.700000,,0,B,0.60351,0.25232,0.12531,0.00308,frames/frame_004221.jpg
4222,140.733333,,0,P,0.60250,0.25285,0.12534,0.00594,frames/frame_004222.jpg
4223,140.766667,,0,B,0.60299,0.25253,0.12548,0.00697,frames/frame_004223.jpg
4224,140.800000,,0,B,0.60230,0.25309,0.12488,0.00548,frames/frame_004224.jpg
4225,140.833333,,0,B,0.60193,0.25351,0.12459,0.00369,frames/frame_004225.jpg
4226,140.866667,,0,P,0.60087,0.25401,0.12420,0.00378,frames/frame_004226.jpg
4227,140.900000,,0,B,0.60099,0.25401,0.12455,0.00428,frames/frame_004227.jpg
4228,140.933333,,0,P,0.59986,0.25503,0.12402,0.00464,frames/frame_004228.jpg
4229,140.966667,,1,I,0.59912,0.25649,0.12392,0.00576,frames/frame_004229.jpg
4230,141.000000,,0,B,0.59965,0.25591,0.12387,0.00232,frames/frame_004230.jpg
4231,141.033333,,0,B,0.59920,0.25611,0.12386,0.00159,frames/frame_004231.jpg
4232,141.066667,,0,B,0.59941,0.25600,0.12403,0.00288,frames/frame_004232.jpg
4233,141.100000,,0,P,0.59832,0.25662,0.12388,0.00219,frames/frame_004233.jpg
4234,141.133333,,0,B,0.85765,0.05745,0.11248,0.26649,frames/frame_004234.jpg
4235,141.166667,,0,B,0.85765,0.05745,0.11249,0.00003,frames/frame_004235.jpg
4236,141.200000,,0,B,0.85775,0.05743,0.11242,0.00055,frames/frame_004236.jpg
4237,141.233333,,0,P,0.85753,0.05742,0.11248,0.00295,frames/frame_004237.jpg
4238,141.266667,,0,B,0.85780,0.05740,0.11250,0.00073,frames/frame_004238.jpg
4239,141.300000,,0,B,0.85784,0.05733,0.11298,0.00295,frames/frame_004239.jpg
4240,141.333333,,0,B,0.85789,0.05740,0.11300,0.00041,frames/frame_004240.jpg
4241,141.366667,,0,P,0.85737,0.05740,0.11244,0.00330,frames/frame_004241.jpg
4242,141.400000,,0,B,0.85737,0.05741,0.11233,0.00048,frames/frame_004242.jpg
4243,141.433333,,0,B,0.85770,0.05745,0.11249,0.00314,frames/frame_004243.jpg
4244,141.466667,,0,P,0.85748,0.05746,0.11256,0.00053,frames/frame_004244.jpg
