frame,timestamp_seconds,duration_seconds,keyframe,pict_type,brightness_0_1,saturation_0_1,edge_energy_0_1,frame_delta_0_1,image
0,0.000000,,1,I,0.01608,0.05129,0.00687,0.00000,frames/frame_000000.jpg
1,0.016667,,0,B,0.01635,0.05172,0.00677,0.00040,frames/frame_000001.jpg
2,0.033333,,0,B,0.01630,0.05103,0.00674,0.00022,frames/frame_000002.jpg
3,0.050000,,0,B,0.01632,0.05063,0.00673,0.00025,frames/frame_000003.jpg
4,0.066667,,0,P,0.01598,0.05076,0.00683,0.00050,frames/frame_000004.jpg
5,0.083333,,0,B,0.01637,0.04829,0.00676,0.00054,frames/frame_000005.jpg
6,0.100000,,0,B,0.01623,0.05031,0.00666,0.00034,frames/frame_000006.jpg
7,0.116667,,0,B,0.01645,0.06541,0.00726,0.00052,frames/frame_000007.jpg
8,0.133333,,0,P,0.01609,0.07423,0.00787,0.00086,frames/frame_000008.jpg
9,0.150000,,0,B,0.01648,0.08409,0.00820,0.00069,frames/frame_000009.jpg
10,0.166667,,0,B,0.01648,0.09245,0.00839,0.00053,frames/frame_000010.jpg
11,0.183333,,0,B,0.01665,0.10630,0.00859,0.00050,frames/frame_000011.jpg
12,0.200000,,0,P,0.01639,0.11400,0.00892,0.00073,frames/frame_000012.jpg
13,0.216667,,0,B,0.01668,0.12219,0.00905,0.00057,frames/frame_000013.jpg
14,0.233333,,0,B,0.01676,0.13063,0.00929,0.00041,frames/frame_000014.jpg
15,0.250000,,0,B,0.01691,0.13514,0.00956,0.00044,frames/frame_000015.jpg
16,0.266667,,0,P,0.01661,0.13975,0.00987,0.00070,frames/frame_000016.jpg
17,0.283333,,0,B,0.01687,0.14877,0.01009,0.00060,frames/frame_000017.jpg
18,0.300000,,0,B,0.01692,0.15825,0.01025,0.00046,frames/frame_000018.jpg
19,0.316667,,0,B,0.01703,0.16684,0.01057,0.00039,frames/frame_000019.jpg
20,0.333333,,0,P,0.01686,0.16651,0.01080,0.00059,frames/frame_000020.jpg
21,0.350000,,0,B,0.01719,0.17771,0.01115,0.00066,frames/frame_000021.jpg
22,0.366667,,0,B,0.01738,0.19693,0.01175,0.00068,frames/frame_000022.jpg
23,0.383333,,0,B,0.01755,0.20532,0.01209,0.00063,frames/frame_000023.jpg
24,0.400000,,0,P,0.01733,0.20282,0.01219,0.00088,frames/frame_000024.jpg
25,0.416667,,0,B,0.01779,0.21350,0.01253,0.00089,frames/frame_000025.jpg
26,0.433333,,0,B,0.01778,0.22307,0.01271,0.00068,frames/frame_000026.jpg
27,0.450000,,0,B,0.01796,0.21645,0.01296,0.00065,frames/frame_000027.jpg
28,0.466667,,0,P,0.01782,0.22865,0.01309,0.00072,frames/frame_000028.jpg
29,0.483333,,0,B,0.01818,0.23000,0.01330,0.00084,frames/frame_000029.jpg
30,0.500000,,0,B,0.01819,0.23651,0.01361,0.00057,frames/frame_000030.jpg
31,0.516667,,0,B,0.01826,0.24740,0.01369,0.00052,frames/frame_000031.jpg
32,0.533333,,0,P,0.01804,0.25086,0.01385,0.00079,frames/frame_000032.jpg
33,0.550000,,0,B,0.01820,0.25063,0.01400,0.00063,frames/frame_000033.jpg
34,0.566667,,0,B,0.01824,0.25783,0.01425,0.00057,frames/frame_000034.jpg
35,0.583333,,0,B,0.01836,0.25911,0.01442,0.00056,frames/frame_000035.jpg
36,0.600000,,0,P,0.01829,0.26891,0.01453,0.00061,frames/frame_000036.jpg
37,0.616667,,0,B,0.01856,0.26590,0.01485,0.00061,frames/frame_000037.jpg
38,0.633333,,0,B,0.01864,0.26790,0.01520,0.00052,frames/frame_000038.jpg
39,0.650000,,0,B,0.01874,0.27172,0.01535,0.00052,frames/frame_000039.jpg
40,0.666667,,0,P,0.01862,0.27486,0.01547,0.00064,frames/frame_000040.jpg
41,0.683333,,0,B,0.01881,0.27726,0.01553,0.00064,frames/frame_000041.jpg
42,0.700000,,0,B,0.01880,0.28078,0.01555,0.00042,frames/frame_000042.jpg
43,0.716667,,0,B,0.01885,0.27692,0.01557,0.00040,frames/frame_000043.jpg
44,0.733333,,0,P,0.01874,0.28250,0.01555,0.00053,frames/frame_000044.jpg
45,0.750000,,0,B,0.01894,0.28086,0.01566,0.00057,frames/frame_000045.jpg
46,0.766667,,0,B,0.01893,0.27425,0.01555,0.00035,frames/frame_000046.jpg
47,0.783333,,0,B,0.01897,0.27965,0.01564,0.00037,frames/frame_000047.jpg
48,0.800000,,0,P,0.01880,0.28371,0.01564,0.00046,frames/frame_000048.jpg
49,0.816667,,0,B,0.01895,0.28305,0.01557,0.00046,frames/frame_000049.jpg
50,0.833333,,0,B,0.01896,0.28584,0.01569,0.00044,frames/frame_000050.jpg
51,0.850000,,0,B,0.01903,0.28254,0.01568,0.00041,frames/frame_000051.jpg
52,0.866667,,0,P,0.01894,0.28989,0.01581,0.00047,frames/frame_000052.jpg
53,0.883333,,0,B,0.01910,0.28704,0.01584,0.00050,frames/frame_000053.jpg
54,0.900000,,0,B,0.01911,0.28702,0.01590,0.00039,frames/frame_000054.jpg
55,0.916667,,0,B,0.01919,0.28691,0.01609,0.00033,frames/frame_000055.jpg
56,0.933333,,0,P,0.01909,0.29195,0.01621,0.00054,frames/frame_000056.jpg
57,0.950000,,0,B,0.01929,0.28623,0.01639,0.00056,frames/frame_000057.jpg
58,0.966667,,0,B,0.01934,0.29006,0.01663,0.00046,frames/frame_000058.jpg
59,0.983333,,0,B,0.01943,0.29034,0.01678,0.00040,frames/frame_000059.jpg
60,1.000000,,0,P,0.01932,0.29008,0.01703,0.00067,frames/frame_000060.jpg
61,1.016667,,0,B,0.01957,0.28426,0.01713,0.00066,frames/frame_000061.jpg
62,1.033333,,0,B,0.01957,0.28884,0.01716,0.00041,frames/frame_000062.jpg
63,1.050000,,0,B,0.01959,0.29188,0.01714,0.00049,frames/frame_000063.jpg
64,1.066667,,0,P,0.01947,0.28882,0.01726,0.00065,frames/frame_000064.jpg
65,1.083333,,0,B,0.01965,0.28780,0.01719,0.00061,frames/frame_000065.jpg
66,1.100000,,0,B,0.01965,0.28839,0.01715,0.00048,frames/frame_000066.jpg
67,1.116667,,0,B,0.01969,0.28777,0.01722,0.00042,frames/frame_000067.jpg
68,1.133333,,0,P,0.01953,0.29390,0.01722,0.00060,frames/frame_000068.jpg
69,1.150000,,0,B,0.01968,0.28861,0.01727,0.00054,frames/frame_000069.jpg
70,1.166667,,0,B,0.01971,0.29734,0.01735,0.00047,frames/frame_000070.jpg
71,1.183333,,0,B,0.01973,0.29002,0.01737,0.00049,frames/frame_000071.jpg
72,1.200000,,0,P,0.01954,0.29523,0.01752,0.00057,frames/frame_000072.jpg
73,1.216667,,0,B,0.01970,0.29778,0.01749,0.00048,frames/frame_000073.jpg
74,1.233333,,0,B,0.01969,0.29472,0.01742,0.00036,frames/frame_000074.jpg
75,1.250000,,0,B,0.01971,0.29324,0.01754,0.00039,frames/frame_000075.jpg
76,1.266667,,0,P,0.01963,0.29525,0.01760,0.00043,frames/frame_000076.jpg
77,1.283333,,0,B,0.01973,0.29548,0.01750,0.00044,frames/frame_000077.jpg
78,1.300000,,0,B,0.01974,0.29700,0.01749,0.00035,frames/frame_000078.jpg
79,1.316667,,0,B,0.01978,0.29968,0.01747,0.00034,frames/frame_000079.jpg
80,1.333333,,0,P,0.01970,0.29700,0.01760,0.00054,frames/frame_000080.jpg
81,1.350000,,0,B,0.01981,0.29686,0.01757,0.00042,frames/frame_000081.jpg
82,1.366667,,0,B,0.01981,0.29843,0.01760,0.00027,frames/frame_000082.jpg
83,1.383333,,0,B,0.01985,0.29602,0.01759,0.00031,frames/frame_000083.jpg
84,1.400000,,0,P,0.01977,0.29891,0.01779,0.00046,frames/frame_000084.jpg
85,1.416667,,0,B,0.02002,0.30284,0.01784,0.00059,frames/frame_000085.jpg
86,1.433333,,0,B,0.02005,0.30948,0.01806,0.00043,frames/frame_000086.jpg
87,1.450000,,0,B,0.02009,0.30545,0.01804,0.00041,frames/frame_000087.jpg
88,1.466667,,0,P,0.02006,0.30835,0.01804,0.00060,frames/frame_000088.jpg
89,1.483333,,0,B,0.02019,0.30540,0.01818,0.00053,frames/frame_000089.jpg
90,1.500000,,0,B,0.02025,0.30365,0.01819,0.00046,frames/frame_000090.jpg
91,1.516667,,0,B,0.02033,0.31173,0.01836,0.00051,frames/frame_000091.jpg
92,1.533333,,0,P,0.02022,0.30873,0.01848,0.00057,frames/frame_000092.jpg
93,1.550000,,0,B,0.02035,0.30910,0.01844,0.00053,frames/frame_000093.jpg
94,1.566667,,0,B,0.02041,0.31091,0.01858,0.00041,frames/frame_000094.jpg
95,1.583333,,0,B,0.02049,0.31162,0.01875,0.00043,frames/frame_000095.jpg
96,1.600000,,0,P,0.02044,0.30857,0.01887,0.00046,frames/frame_000096.jpg
97,1.616667,,0,B,0.02055,0.30929,0.01890,0.00044,frames/frame_000097.jpg
98,1.633333,,0,B,0.02056,0.30916,0.01900,0.00037,frames/frame_000098.jpg
99,1.650000,,0,B,0.02061,0.30789,0.01895,0.00033,frames/frame_000099.jpg
100,1.666667,,0,P,0.02064,0.31028,0.01928,0.00060,frames/frame_000100.jpg
101,1.683333,,0,B,0.02088,0.31059,0.01931,0.00068,frames/frame_000101.jpg
102,1.700000,,0,B,0.02080,0.31351,0.01932,0.00041,frames/frame_000102.jpg
103,1.716667,,0,B,0.02086,0.30797,0.01932,0.00033,frames/frame_000103.jpg
104,1.733333,,0,P,0.02067,0.31654,0.01931,0.00049,frames/frame_000104.jpg
105,1.750000,,0,B,0.02080,0.31734,0.01933,0.00041,frames/frame_000105.jpg
106,1.766667,,0,B,0.02080,0.31760,0.01923,0.00040,frames/frame_000106.jpg
107,1.783333,,0,B,0.02087,0.31816,0.01940,0.00038,frames/frame_000107.jpg
108,1.800000,,0,P,0.02072,0.32261,0.01921,0.00057,frames/frame_000108.jpg
109,1.816667,,0,B,0.02082,0.31771,0.01929,0.00048,frames/frame_000109.jpg
110,1.833333,,0,B,0.02091,0.32041,0.01946,0.00047,frames/frame_000110.jpg
111,1.850000,,0,B,0.02093,0.31863,0.01948,0.00042,frames/frame_000111.jpg
112,1.866667,,0,P,0.02083,0.31860,0.01938,0.00038,frames/frame_000112.jpg
113,1.883333,,0,B,0.02091,0.31702,0.01951,0.00044,frames/frame_000113.jpg
114,1.900000,,0,B,0.02095,0.32196,0.01948,0.00033,frames/frame_000114.jpg
115,1.916667,,0,B,0.02097,0.31795,0.01957,0.00034,frames/frame_000115.jpg
116,1.933333,,0,P,0.02098,0.32186,0.01972,0.00046,frames/frame_000116.jpg
117,1.950000,,0,B,0.02117,0.32701,0.01973,0.00058,frames/frame_000117.jpg
118,1.966667,,0,B,0.02117,0.32535,0.01978,0.00037,frames/frame_000118.jpg
119,1.983333,,0,B,0.02122,0.32599,0.01976,0.00044,frames/frame_000119.jpg
120,2.000000,,0,P,0.02145,0.32736,0.02006,0.00075,frames/frame_000120.jpg
121,2.016667,,0,B,0.02173,0.32875,0.02027,0.00079,frames/frame_000121.jpg
122,2.033333,,0,B,0.02176,0.33318,0.02017,0.00050,frames/frame_000122.jpg
123,2.050000,,0,B,0.02179,0.33497,0.02030,0.00041,frames/frame_000123.jpg
124,2.066667,,0,P,0.02178,0.33611,0.02013,0.00061,frames/frame_000124.jpg
125,2.083333,,0,B,0.02198,0.33669,0.02030,0.00057,frames/frame_000125.jpg
126,2.100000,,0,B,0.02204,0.33862,0.02034,0.00044,frames/frame_000126.jpg
127,2.116667,,0,B,0.02210,0.33298,0.02045,0.00052,frames/frame_000127.jpg
128,2.133333,,0,P,0.02193,0.33704,0.02019,0.00067,frames/frame_000128.jpg
129,2.150000,,0,B,0.02203,0.33269,0.02040,0.00055,frames/frame_000129.jpg
130,2.166667,,0,B,0.02208,0.33984,0.02044,0.00048,frames/frame_000130.jpg
131,2.183333,,0,B,0.02211,0.33510,0.02053,0.00054,frames/frame_000131.jpg
132,2.200000,,0,P,0.02209,0.33786,0.02041,0.00052,frames/frame_000132.jpg
133,2.216667,,0,B,0.02216,0.33463,0.02043,0.00058,frames/frame_000133.jpg
134,2.233333,,0,B,0.02213,0.33637,0.02051,0.00038,frames/frame_000134.jpg
135,2.250000,,0,B,0.02219,0.33528,0.02046,0.00037,frames/frame_000135.jpg
136,2.266667,,0,P,0.02210,0.34312,0.02046,0.00052,frames/frame_000136.jpg
137,2.283333,,0,B,0.02217,0.34104,0.02061,0.00039,frames/frame_000137.jpg
138,2.300000,,0,B,0.02216,0.34315,0.02054,0.00036,frames/frame_000138.jpg
139,2.316667,,0,B,0.02219,0.33846,0.02069,0.00035,frames/frame_000139.jpg
140,2.333333,,0,P,0.02228,0.34072,0.02081,0.00059,frames/frame_000140.jpg
141,2.350000,,0,B,0.02226,0.34013,0.02070,0.00056,frames/frame_000141.jpg
142,2.366667,,0,B,0.02227,0.34148,0.02073,0.00036,frames/frame_000142.jpg
143,2.383333,,0,B,0.02228,0.34152,0.02070,0.00032,frames/frame_000143.jpg
144,2.400000,,0,P,0.02220,0.34258,0.02071,0.00042,frames/frame_000144.jpg
145,2.416667,,0,B,0.02235,0.33966,0.02072,0.00051,frames/frame_000145.jpg
146,2.433333,,0,B,0.02235,0.34188,0.02071,0.00035,frames/frame_000146.jpg
147,2.450000,,0,B,0.02252,0.34523,0.02107,0.00049,frames/frame_000147.jpg
148,2.466667,,0,P,0.02243,0.34925,0.02100,0.00068,frames/frame_000148.jpg
149,2.483333,,0,B,0.02258,0.35157,0.02103,0.00060,frames/frame_000149.jpg
150,2.500000,,0,B,0.02269,0.35006,0.02112,0.00054,frames/frame_000150.jpg
151,2.516667,,0,B,0.02277,0.35461,0.02115,0.00046,frames/frame_000151.jpg
152,2.533333,,0,P,0.02274,0.35603,0.02106,0.00051,frames/frame_000152.jpg
153,2.550000,,0,B,0.02282,0.35417,0.02115,0.00059,frames/frame_000153.jpg
154,2.566667,,0,B,0.02288,0.35221,0.02119,0.00037,frames/frame_000154.jpg
155,2.583333,,0,B,0.02293,0.35357,0.02133,0.00033,frames/frame_000155.jpg
156,2.600000,,0,P,0.02287,0.35442,0.02128,0.00050,frames/frame_000156.jpg
157,2.616667,,0,B,0.02306,0.35282,0.02131,0.00052,frames/frame_000157.jpg
158,2.633333,,0,B,0.02311,0.35699,0.02113,0.00039,frames/frame_000158.jpg
159,2.650000,,0,B,0.02314,0.35612,0.02125,0.00035,frames/frame_000159.jpg
160,2.666667,,0,P,0.02330,0.35858,0.02155,0.00068,frames/frame_000160.jpg
161,2.683333,,0,B,0.02329,0.35688,0.02173,0.00075,frames/frame_000161.jpg
162,2.700000,,0,B,0.02328,0.35711,0.02176,0.00044,frames/frame_000162.jpg
163,2.716667,,0,B,0.02331,0.35870,0.02179,0.00037,frames/frame_000163.jpg
164,2.733333,,0,P,0.02332,0.36735,0.02146,0.00057,frames/frame_000164.jpg
165,2.750000,,0,B,0.02350,0.36156,0.02159,0.00052,frames/frame_000165.jpg
166,2.766667,,0,B,0.02351,0.36154,0.02157,0.00036,frames/frame_000166.jpg
167,2.783333,,0,B,0.02357,0.36350,0.02158,0.00042,frames/frame_000167.jpg
168,2.800000,,0,P,0.02354,0.36562,0.02161,0.00052,frames/frame_000168.jpg
169,2.816667,,0,B,0.02365,0.36544,0.02178,0.00051,frames/frame_000169.jpg
170,2.833333,,0,B,0.02378,0.36471,0.02192,0.00053,frames/frame_000170.jpg
171,2.850000,,0,B,0.02386,0.36601,0.02192,0.00055,frames/frame_000171.jpg
172,2.866667,,0,P,0.02384,0.37358,0.02190,0.00052,frames/frame_000172.jpg
173,2.883333,,0,B,0.02411,0.37490,0.02229,0.00061,frames/frame_000173.jpg
174,2.900000,,0,B,0.02419,0.37310,0.02231,0.00042,frames/frame_000174.jpg
175,2.916667,,0,B,0.02426,0.37010,0.02240,0.00042,frames/frame_000175.jpg
176,2.933333,,0,P,0.02423,0.37128,0.02240,0.00046,frames/frame_000176.jpg
177,2.950000,,0,B,0.02435,0.37263,0.02259,0.00053,frames/frame_000177.jpg
178,2.966667,,0,B,0.02452,0.36969,0.02262,0.00055,frames/frame_000178.jpg
179,2.983333,,0,P,0.02452,0.37605,0.02271,0.00056,frames/frame_000179.jpg
180,3.000000,,1,I,0.02533,0.36986,0.02358,0.00192,frames/frame_000180.jpg
181,3.016667,,0,B,0.02527,0.37194,0.02359,0.00087,frames/frame_000181.jpg
182,3.033333,,0,B,0.02533,0.37305,0.02368,0.00052,frames/frame_000182.jpg
183,3.050000,,0,B,0.02542,0.37088,0.02392,0.00045,frames/frame_000183.jpg
184,3.066667,,0,P,0.02548,0.37449,0.02411,0.00053,frames/frame_000184.jpg
185,3.083333,,0,B,0.02560,0.37640,0.02425,0.00064,frames/frame_000185.jpg
186,3.100000,,0,B,0.02574,0.37568,0.02437,0.00052,frames/frame_000186.jpg
187,3.116667,,0,B,0.02629,0.38012,0.02503,0.00089,frames/frame_000187.jpg
188,3.133333,,0,P,0.02605,0.38079,0.02460,0.00099,frames/frame_000188.jpg
189,3.150000,,0,B,0.02620,0.38227,0.02464,0.00066,frames/frame_000189.jpg
190,3.166667,,0,B,0.02641,0.38893,0.02475,0.00080,frames/frame_000190.jpg
191,3.183333,,0,B,0.02645,0.38450,0.02463,0.00076,frames/frame_000191.jpg
192,3.200000,,0,P,0.02644,0.38600,0.02467,0.00072,frames/frame_000192.jpg
193,3.216667,,0,B,0.02683,0.38863,0.02502,0.00084,frames/frame_000193.jpg
194,3.233333,,0,B,0.02695,0.39820,0.02517,0.00062,frames/frame_000194.jpg
195,3.250000,,0,B,0.02717,0.39247,0.02552,0.00067,frames/frame_000195.jpg
196,3.266667,,0,P,0.02705,0.40146,0.02533,0.00099,frames/frame_000196.jpg
197,3.283333,,0,B,0.02721,0.39889,0.02540,0.00053,frames/frame_000197.jpg
198,3.300000,,0,B,0.02727,0.40136,0.02545,0.00044,frames/frame_000198.jpg
199,3.316667,,0,B,0.02737,0.39819,0.02558,0.00051,frames/frame_000199.jpg
200,3.333333,,0,P,0.02747,0.40110,0.02590,0.00076,frames/frame_000200.jpg
201,3.350000,,0,B,0.02759,0.40327,0.02581,0.00100,frames/frame_000201.jpg
202,3.366667,,0,B,0.02769,0.40722,0.02590,0.00049,frames/frame_000202.jpg
203,3.383333,,0,B,0.02803,0.41913,0.02634,0.00083,frames/frame_000203.jpg
204,3.400000,,0,P,0.02803,0.42135,0.02642,0.00061,frames/frame_000204.jpg
205,3.416667,,0,B,0.02827,0.42057,0.02647,0.00069,frames/frame_000205.jpg
206,3.433333,,0,B,0.02838,0.42263,0.02655,0.00061,frames/frame_000206.jpg
207,3.450000,,0,B,0.02847,0.42380,0.02664,0.00049,frames/frame_000207.jpg
208,3.466667,,0,P,0.02840,0.42578,0.02650,0.00067,frames/frame_000208.jpg
209,3.483333,,0,B,0.02882,0.42600,0.02680,0.00085,frames/frame_000209.jpg
210,3.500000,,0,B,0.02927,0.42411,0.02753,0.00135,frames/frame_000210.jpg
211,3.516667,,0,B,0.02954,0.43429,0.02802,0.00130,frames/frame_000211.jpg
212,3.533333,,0,P,0.02939,0.43894,0.02804,0.00078,frames/frame_000212.jpg
213,3.550000,,0,B,0.02961,0.43863,0.02814,0.00083,frames/frame_000213.jpg
214,3.566667,,0,B,0.02978,0.44794,0.02847,0.00070,frames/frame_000214.jpg
215,3.583333,,0,B,0.02988,0.44994,0.02871,0.00058,frames/frame_000215.jpg
216,3.600000,,0,P,0.02988,0.44947,0.02880,0.00078,frames/frame_000216.jpg
217,3.616667,,0,B,0.03023,0.44909,0.02888,0.00091,frames/frame_000217.jpg
218,3.633333,,0,B,0.03060,0.46011,0.02968,0.00204,frames/frame_000218.jpg
219,3.650000,,0,B,0.03082,0.45878,0.02988,0.00069,frames/frame_000219.jpg
220,3.666667,,0,P,0.03098,0.46133,0.03036,0.00105,frames/frame_000220.jpg
221,3.683333,,0,B,0.03107,0.46669,0.03059,0.00110,frames/frame_000221.jpg
222,3.700000,,0,B,0.03122,0.47182,0.03081,0.00079,frames/frame_000222.jpg
223,3.716667,,0,B,0.03141,0.47073,0.03084,0.00079,frames/frame_000223.jpg
224,3.733333,,0,P,0.03137,0.47779,0.03110,0.00084,frames/frame_000224.jpg
225,3.750000,,0,B,0.03139,0.45714,0.03082,0.00139,frames/frame_000225.jpg
226,3.766667,,0,B,0.03113,0.46423,0.03049,0.00148,frames/frame_000226.jpg
227,3.783333,,0,B,0.03141,0.45908,0.03096,0.00095,frames/frame_000227.jpg
228,3.800000,,0,P,0.03135,0.46847,0.03105,0.00079,frames/frame_000228.jpg
229,3.816667,,0,B,0.03164,0.46552,0.03106,0.00076,frames/frame_000229.jpg
230,3.833333,,0,B,0.03182,0.46856,0.03135,0.00079,frames/frame_000230.jpg
231,3.850000,,0,B,0.03190,0.47208,0.03150,0.00083,frames/frame_000231.jpg
232,3.866667,,0,P,0.03190,0.47473,0.03169,0.00065,frames/frame_000232.jpg
233,3.883333,,0,B,0.03263,0.47786,0.03255,0.00145,frames/frame_000233.jpg
234,3.900000,,0,B,0.03273,0.48524,0.03270,0.00062,frames/frame_000234.jpg
235,3.916667,,0,B,0.03291,0.48068,0.03302,0.00063,frames/frame_000235.jpg
236,3.933333,,0,P,0.03295,0.48864,0.03316,0.00083,frames/frame_000236.jpg
237,3.950000,,0,B,0.03321,0.49585,0.03368,0.00075,frames/frame_000237.jpg
238,3.966667,,0,B,0.03341,0.48925,0.03374,0.00083,frames/frame_000238.jpg
239,3.983333,,0,P,0.03321,0.49716,0.03323,0.00081,frames/frame_000239.jpg
240,4.000000,,0,B,0.03395,0.48279,0.03405,0.00187,frames/frame_000240.jpg
241,4.016667,,0,B,0.03376,0.49094,0.03381,0.00159,frames/frame_000241.jpg
242,4.033333,,0,B,0.03393,0.49316,0.03389,0.00079,frames/frame_000242.jpg
243,4.050000,,0,P,0.03397,0.49999,0.03401,0.00084,frames/frame_000243.jpg
244,4.066667,,0,B,0.03435,0.49414,0.03436,0.00102,frames/frame_000244.jpg
245,4.083333,,0,B,0.03449,0.49739,0.03459,0.00067,frames/frame_000245.jpg
246,4.100000,,0,B,0.03462,0.49816,0.03475,0.00072,frames/frame_000246.jpg
247,4.116667,,0,P,0.03472,0.50315,0.03485,0.00086,frames/frame_000247.jpg
248,4.133333,,0,B,0.03565,0.50537,0.03611,0.00265,frames/frame_000248.jpg
249,4.150000,,0,B,0.03577,0.50507,0.03625,0.00084,frames/frame_000249.jpg
250,4.166667,,0,B,0.03570,0.50754,0.03612,0.00112,frames/frame_000250.jpg
251,4.183333,,0,P,0.03560,0.51199,0.03615,0.00100,frames/frame_000251.jpg
252,4.200000,,0,B,0.03599,0.50732,0.03631,0.00114,frames/frame_000252.jpg
253,4.216667,,0,B,0.03597,0.50818,0.03632,0.00068,frames/frame_000253.jpg
254,4.233333,,0,B,0.03632,0.50622,0.03669,0.00086,frames/frame_000254.jpg
255,4.250000,,0,P,0.03744,0.50458,0.03926,0.00232,frames/frame_000255.jpg
256,4.266667,,0,B,0.03783,0.51547,0.03907,0.00239,frames/frame_000256.jpg
257,4.283333,,0,B,0.03803,0.52365,0.03915,0.00082,frames/frame_000257.jpg
258,4.300000,,0,B,0.03822,0.52429,0.03929,0.00080,frames/frame_000258.jpg
259,4.316667,,0,P,0.03825,0.53511,0.03927,0.00077,frames/frame_000259.jpg
260,4.333333,,0,B,0.03855,0.53460,0.03946,0.00109,frames/frame_000260.jpg
261,4.350000,,0,B,0.03866,0.53400,0.03959,0.00091,frames/frame_000261.jpg
262,4.366667,,0,B,0.03879,0.53087,0.03975,0.00059,frames/frame_000262.jpg
263,4.383333,,0,P,0.03838,0.53417,0.03898,0.00351,frames/frame_000263.jpg
264,4.400000,,0,B,0.03859,0.53274,0.03897,0.00081,frames/frame_000264.jpg
265,4.416667,,0,B,0.03883,0.53687,0.03945,0.00084,frames/frame_000265.jpg
266,4.433333,,0,B,0.03891,0.53340,0.03952,0.00064,frames/frame_000266.jpg
267,4.450000,,0,P,0.03873,0.53447,0.03906,0.00084,frames/frame_000267.jpg
268,4.466667,,0,B,0.03889,0.52763,0.03917,0.00083,frames/frame_000268.jpg
269,4.483333,,0,B,0.03910,0.53354,0.03946,0.00080,frames/frame_000269.jpg
270,4.500000,,0,B,0.03944,0.52265,0.04033,0.00200,frames/frame_000270.jpg
271,4.516667,,0,P,0.03871,0.53123,0.03852,0.00230,frames/frame_000271.jpg
272,4.533333,,0,B,0.03897,0.52695,0.03879,0.00086,frames/frame_000272.jpg
273,4.550000,,0,B,0.03906,0.53012,0.03877,0.00060,frames/frame_000273.jpg
274,4.566667,,0,B,0.03918,0.52807,0.03890,0.00062,frames/frame_000274.jpg
275,4.583333,,0,P,0.03918,0.53579,0.03890,0.00073,frames/frame_000275.jpg
276,4.600000,,0,B,0.03947,0.53882,0.03887,0.00089,frames/frame_000276.jpg
277,4.616667,,0,B,0.03951,0.53756,0.03880,0.00060,frames/frame_000277.jpg
278,4.633333,,0,B,0.04009,0.54641,0.03970,0.00365,frames/frame_000278.jpg
279,4.650000,,0,P,0.04004,0.55212,0.03976,0.00084,frames/frame_000279.jpg
280,4.666667,,0,B,0.04033,0.55265,0.03983,0.00103,frames/frame_000280.jpg
281,4.683333,,0,B,0.04034,0.55810,0.03991,0.00079,frames/frame_000281.jpg
282,4.700000,,0,B,0.04037,0.55471,0.04003,0.00068,frames/frame_000282.jpg
283,4.716667,,0,P,0.04057,0.55694,0.04035,0.00100,frames/frame_000283.jpg
284,4.733333,,0,B,0.04047,0.55265,0.04015,0.00116,frames/frame_000284.jpg
285,4.750000,,0,B,0.04060,0.54150,0.04044,0.00232,frames/frame_000285.jpg
286,4.766667,,0,B,0.03978,0.54889,0.03839,0.00249,frames/frame_000286.jpg
287,4.783333,,0,P,0.03975,0.55904,0.03838,0.00095,frames/frame_000287.jpg
288,4.800000,,0,B,0.03985,0.55381,0.03848,0.00077,frames/frame_000288.jpg
289,4.816667,,0,B,0.03983,0.55691,0.03852,0.00074,frames/frame_000289.jpg
290,4.833333,,0,B,0.03990,0.55118,0.03858,0.00061,frames/frame_000290.jpg
291,4.850000,,0,P,0.03976,0.55724,0.03857,0.00080,frames/frame_000291.jpg
292,4.866667,,0,B,0.03991,0.55524,0.03844,0.00073,frames/frame_000292.jpg
293,4.883333,,0,B,0.04101,0.55724,0.04112,0.00322,frames/frame_000293.jpg
294,4.900000,,0,B,0.04109,0.55845,0.04107,0.00053,frames/frame_000294.jpg
295,4.916667,,0,P,0.04099,0.56254,0.04106,0.00071,frames/frame_000295.jpg
296,4.933333,,0,B,0.04110,0.55945,0.04118,0.00069,frames/frame_000296.jpg
297,4.950000,,0,B,0.04091,0.56184,0.04041,0.00071,frames/frame_000297.jpg
298,4.966667,,0,B,0.04094,0.55653,0.04044,0.00055,frames/frame_000298.jpg
299,4.983333,,0,P,0.04123,0.56128,0.04140,0.00100,frames/frame_000299.jpg
300,5.000000,,0,B,0.04217,0.56021,0.04319,0.00275,frames/frame_000300.jpg
301,5.016667,,0,B,0.04132,0.56929,0.04116,0.00263,frames/frame_000301.jpg
302,5.033333,,0,B,0.04138,0.56813,0.04113,0.00052,frames/frame_000302.jpg
303,5.050000,,0,P,0.04137,0.56936,0.04112,0.00057,frames/frame_000303.jpg
304,5.066667,,0,B,0.04143,0.56451,0.04100,0.00069,frames/frame_000304.jpg
305,5.083333,,0,B,0.04142,0.56863,0.04100,0.00040,frames/frame_000305.jpg
306,5.100000,,0,B,0.04131,0.56746,0.04049,0.00066,frames/frame_000306.jpg
307,5.116667,,0,P,0.04139,0.57285,0.04123,0.00078,frames/frame_000307.jpg
308,5.133333,,0,B,0.04078,0.56850,0.03952,0.00436,frames/frame_000308.jpg
309,5.150000,,0,B,0.04095,0.56886,0.04021,0.00066,frames/frame_000309.jpg
310,5.166667,,0,B,0.04101,0.56746,0.04012,0.00071,frames/frame_000310.jpg
311,5.183333,,0,P,0.04075,0.57068,0.03956,0.00086,frames/frame_000311.jpg
312,5.200000,,0,B,0.04086,0.56172,0.03956,0.00072,frames/frame_000312.jpg
313,5.216667,,0,B,0.04085,0.56138,0.03959,0.00040,frames/frame_000313.jpg
314,5.233333,,0,B,0.04087,0.55975,0.03957,0.00048,frames/frame_000314.jpg
315,5.250000,,0,P,0.04153,0.55654,0.04142,0.00242,frames/frame_000315.jpg
316,5.266667,,0,B,0.04141,0.55596,0.04038,0.00241,frames/frame_000316.jpg
317,5.283333,,0,B,0.04144,0.55966,0.04029,0.00055,frames/frame_000317.jpg
318,5.300000,,0,B,0.04189,0.56008,0.04088,0.00083,frames/frame_000318.jpg
319,5.316667,,0,P,0.04180,0.57035,0.04093,0.00068,frames/frame_000319.jpg
320,5.333333,,0,B,0.04199,0.56783,0.04093,0.00088,frames/frame_000320.jpg
321,5.350000,,0,B,0.04191,0.56846,0.04088,0.00067,frames/frame_000321.jpg
322,5.366667,,0,B,0.04193,0.56661,0.04094,0.00047,frames/frame_000322.jpg
323,5.383333,,0,P,0.04059,0.56236,0.03899,0.00413,frames/frame_000323.jpg
324,5.400000,,0,B,0.04064,0.55775,0.03894,0.00069,frames/frame_000324.jpg
325,5.416667,,0,B,0.04063,0.56064,0.03902,0.00042,frames/frame_000325.jpg
326,5.433333,,0,B,0.04066,0.55687,0.03894,0.00044,frames/frame_000326.jpg
327,5.450000,,0,P,0.04049,0.56173,0.03906,0.00068,frames/frame_000327.jpg
328,5.466667,,0,B,0.04068,0.55930,0.03909,0.00080,frames/frame_000328.jpg
329,5.483333,,0,B,0.04065,0.55967,0.03905,0.00048,frames/frame_000329.jpg
330,5.500000,,0,B,0.04228,0.56184,0.04209,0.00286,frames/frame_000330.jpg
331,5.516667,,0,P,0.04248,0.57535,0.04208,0.00268,frames/frame_000331.jpg
332,5.533333,,0,B,0.04242,0.57493,0.04168,0.00083,frames/frame_000332.jpg
333,5.550000,,0,B,0.04239,0.57984,0.04167,0.00049,frames/frame_000333.jpg
334,5.566667,,0,B,0.04242,0.57881,0.04159,0.00040,frames/frame_000334.jpg
335,5.583333,,0,P,0.04231,0.58335,0.04168,0.00062,frames/frame_000335.jpg
336,5.600000,,0,B,0.04264,0.58031,0.04196,0.00095,frames/frame_000336.jpg
337,5.616667,,0,B,0.04257,0.58329,0.04203,0.00059,frames/frame_000337.jpg
338,5.633333,,0,B,0.04225,0.57323,0.04198,0.00499,frames/frame_000338.jpg
339,5.650000,,0,P,0.04218,0.58376,0.04199,0.00060,frames/frame_000339.jpg
340,5.666667,,0,B,0.04235,0.57976,0.04217,0.00077,frames/frame_000340.jpg
341,5.683333,,0,B,0.04228,0.57892,0.04213,0.00062,frames/frame_000341.jpg
342,5.700000,,0,B,0.04226,0.57687,0.04212,0.00041,frames/frame_000342.jpg
343,5.716667,,0,P,0.04223,0.58235,0.04213,0.00055,frames/frame_000343.jpg
344,5.733333,,0,B,0.04251,0.56818,0.04245,0.00091,frames/frame_000344.jpg
345,5.750000,,0,B,0.04291,0.56759,0.04301,0.00252,frames/frame_000345.jpg
346,5.766667,,0,B,0.04208,0.56691,0.04102,0.00287,frames/frame_000346.jpg
347,5.783333,,0,P,0.04202,0.57319,0.04104,0.00068,frames/frame_000347.jpg
348,5.800000,,0,B,0.04188,0.56791,0.04067,0.00069,frames/frame_000348.jpg
349,5.816667,,0,B,0.04165,0.56619,0.04011,0.00058,frames/frame_000349.jpg
350,5.833333,,0,B,0.04173,0.56946,0.04024,0.00055,frames/frame_000350.jpg
351,5.850000,,0,P,0.04158,0.56774,0.04010,0.00066,frames/frame_000351.jpg
352,5.866667,,0,B,0.04165,0.56764,0.04020,0.00064,frames/frame_000352.jpg
353,5.883333,,0,B,0.04080,0.56796,0.03982,0.00355,frames/frame_000353.jpg
354,5.900000,,0,B,0.04102,0.56816,0.04023,0.00070,frames/frame_000354.jpg
355,5.916667,,0,P,0.04094,0.57543,0.04007,0.00058,frames/frame_000355.jpg
356,5.933333,,0,B,0.04098,0.57006,0.04014,0.00056,frames/frame_000356.jpg
357,5.950000,,0,B,0.04078,0.57207,0.03973,0.00065,frames/frame_000357.jpg
358,5.966667,,0,B,0.04082,0.56802,0.03975,0.00035,frames/frame_000358.jpg
359,5.983333,,0,P,0.04069,0.57122,0.03977,0.00066,frames/frame_000359.jpg
360,6.000000,,1,I,0.04179,0.56734,0.04105,0.00406,frames/frame_000360.jpg
361,6.016667,,0,B,0.04171,0.57070,0.03969,0.00217,frames/frame_000361.jpg
362,6.033333,,0,B,0.04171,0.57307,0.03958,0.00047,frames/frame_000362.jpg
363,6.050000,,0,B,0.04196,0.57175,0.03996,0.00064,frames/frame_000363.jpg
364,6.066667,,0,P,0.04187,0.58278,0.03982,0.00064,frames/frame_000364.jpg
365,6.083333,,0,B,0.04191,0.57551,0.03962,0.00097,frames/frame_000365.jpg
366,6.100000,,0,B,0.04186,0.57799,0.03962,0.00051,frames/frame_000366.jpg
367,6.116667,,0,B,0.04194,0.57719,0.03955,0.00050,frames/frame_000367.jpg
368,6.133333,,0,P,0.04261,0.58969,0.04166,0.00356,frames/frame_000368.jpg
369,6.150000,,0,B,0.04278,0.57924,0.04176,0.00081,frames/frame_000369.jpg
370,6.166667,,0,B,0.04281,0.58003,0.04183,0.00056,frames/frame_000370.jpg
371,6.183333,,0,B,0.04279,0.58187,0.04171,0.00063,frames/frame_000371.jpg
372,6.200000,,0,P,0.04308,0.58966,0.04195,0.00107,frames/frame_000372.jpg
373,6.216667,,0,B,0.04324,0.58019,0.04214,0.00078,frames/frame_000373.jpg
374,6.233333,,0,B,0.04322,0.57844,0.04211,0.00054,frames/frame_000374.jpg
375,6.250000,,0,B,0.04329,0.57262,0.04267,0.00240,frames/frame_000375.jpg
376,6.266667,,0,P,0.04223,0.58273,0.04124,0.00254,frames/frame_000376.jpg
377,6.283333,,0,B,0.04242,0.57549,0.04135,0.00068,frames/frame_000377.jpg
378,6.300000,,0,B,0.04238,0.57490,0.04125,0.00041,frames/frame_000378.jpg
379,6.316667,,0,B,0.04239,0.57524,0.04122,0.00048,frames/frame_000379.jpg
380,6.333333,,0,P,0.04232,0.58152,0.04142,0.00104,frames/frame_000380.jpg
381,6.350000,,0,B,0.04241,0.57375,0.04136,0.00120,frames/frame_000381.jpg
382,6.366667,,0,B,0.04239,0.57958,0.04146,0.00064,frames/frame_000382.jpg
383,6.383333,,0,B,0.04516,0.58702,0.04395,0.00554,frames/frame_000383.jpg
384,6.400000,,0,P,0.04498,0.60466,0.04397,0.00089,frames/frame_000384.jpg
385,6.416667,,0,B,0.04519,0.59674,0.04400,0.00070,frames/frame_000385.jpg
386,6.433333,,0,B,0.04516,0.59345,0.04401,0.00045,frames/frame_000386.jpg
387,6.450000,,0,B,0.04523,0.59473,0.04399,0.00060,frames/frame_000387.jpg
388,6.466667,,0,P,0.04502,0.60540,0.04407,0.00073,frames/frame_000388.jpg
389,6.483333,,0,B,0.04517,0.59624,0.04404,0.00081,frames/frame_000389.jpg
390,6.500000,,0,B,0.04505,0.58469,0.04397,0.00304,frames/frame_000390.jpg
391,6.516667,,0,B,0.04341,0.58407,0.04176,0.00352,frames/frame_000391.jpg
392,6.533333,,0,P,0.04324,0.58846,0.04172,0.00081,frames/frame_000392.jpg
393,6.550000,,0,B,0.04329,0.57895,0.04139,0.00089,frames/frame_000393.jpg
394,6.566667,,0,B,0.04314,0.58091,0.04119,0.00067,frames/frame_000394.jpg
395,6.583333,,0,B,0.04320,0.57787,0.04131,0.00056,frames/frame_000395.jpg
396,6.600000,,0,P,0.04303,0.58114,0.04123,0.00076,frames/frame_000396.jpg
397,6.616667,,0,B,0.04304,0.58122,0.04128,0.00023,frames/frame_000397.jpg
398,6.633333,,0,P,0.53484,0.22216,0.05599,0.47849,frames/frame_000398.jpg
399,6.650000,,0,P,0.49962,0.22493,0.07928,0.04279,frames/frame_000399.jpg
400,6.666667,,0,P,0.46773,0.22478,0.08820,0.03928,frames/frame_000400.jpg
401,6.683333,,0,B,0.43870,0.22873,0.09061,0.03204,frames/frame_000401.jpg
402,6.700000,,0,B,0.40656,0.21930,0.09042,0.02914,frames/frame_000402.jpg
403,6.716667,,0,P,0.37257,0.23031,0.08969,0.03388,frames/frame_000403.jpg
404,6.733333,,0,B,0.34824,0.22616,0.08930,0.02215,frames/frame_000404.jpg
405,6.750000,,0,B,0.32204,0.23918,0.08924,0.02620,frames/frame_000405.jpg
406,6.766667,,0,B,0.29921,0.24508,0.08797,0.02245,frames/frame_000406.jpg
407,6.783333,,0,P,0.27500,0.25496,0.08707,0.02488,frames/frame_000407.jpg
408,6.800000,,0,B,0.25873,0.24762,0.08683,0.01451,frames/frame_000408.jpg
409,6.816667,,0,P,0.24122,0.26319,0.08663,0.01764,frames/frame_000409.jpg
410,6.833333,,0,B,0.22671,0.26533,0.08550,0.01395,frames/frame_000410.jpg
411,6.850000,,0,P,0.21020,0.28136,0.08494,0.01664,frames/frame_000411.jpg
412,6.866667,,0,B,0.20028,0.27850,0.08477,0.00947,frames/frame_000412.jpg
413,6.883333,,0,B,0.18877,0.29815,0.08446,0.01153,frames/frame_000413.jpg
414,6.900000,,0,B,0.17979,0.30214,0.08383,0.00843,frames/frame_000414.jpg
415,6.916667,,0,P,0.16906,0.32804,0.08339,0.01084,frames/frame_000415.jpg
416,6.933333,,0,B,0.16386,0.32177,0.08317,0.00519,frames/frame_000416.jpg
417,6.950000,,0,B,0.15685,0.34313,0.08314,0.00728,frames/frame_000417.jpg
418,6.966667,,0,B,0.15086,0.36429,0.08279,0.00622,frames/frame_000418.jpg
419,6.983333,,0,P,0.14437,0.37832,0.08234,0.00723,frames/frame_000419.jpg
420,7.000000,,0,B,0.14187,0.37127,0.08217,0.00278,frames/frame_000420.jpg
421,7.016667,,0,B,0.13734,0.39246,0.08236,0.00476,frames/frame_000421.jpg
422,7.033333,,0,B,0.13400,0.41079,0.08190,0.00361,frames/frame_000422.jpg
423,7.050000,,0,P,0.12972,0.44152,0.08169,0.00451,frames/frame_000423.jpg
424,7.066667,,0,B,0.12913,0.44416,0.08165,0.00144,frames/frame_000424.jpg
425,7.083333,,0,B,0.12712,0.46756,0.08162,0.00239,frames/frame_000425.jpg
426,7.100000,,0,B,0.12675,0.47041,0.08153,0.00088,frames/frame_000426.jpg
427,7.116667,,0,P,0.12385,0.50470,0.08123,0.00327,frames/frame_000427.jpg
428,7.133333,,0,B,0.12367,0.50626,0.08120,0.00073,frames/frame_000428.jpg
429,7.150000,,0,B,0.12309,0.51629,0.08124,0.00101,frames/frame_000429.jpg
430,7.166667,,0,B,0.12305,0.51494,0.08123,0.00037,frames/frame_000430.jpg
431,7.183333,,0,P,0.12119,0.53785,0.08133,0.00236,frames/frame_000431.jpg
432,7.200000,,0,B,0.12111,0.51257,0.08127,0.00079,frames/frame_000432.jpg
433,7.216667,,0,B,0.12089,0.49245,0.08127,0.00085,frames/frame_000433.jpg
434,7.233333,,0,B,0.12088,0.47781,0.08134,0.00056,frames/frame_000434.jpg
435,7.250000,,0,P,0.11991,0.48936,0.08131,0.00157,frames/frame_000435.jpg
436,7.266667,,0,B,0.11997,0.45940,0.08133,0.00086,frames/frame_000436.jpg
437,7.283333,,0,B,0.11982,0.45941,0.08125,0.00066,frames/frame_000437.jpg
438,7.300000,,0,B,0.11984,0.45444,0.08130,0.00041,frames/frame_000438.jpg
439,7.316667,,0,P,0.11927,0.46318,0.08129,0.00120,frames/frame_000439.jpg
440,7.333333,,0,B,0.11934,0.44865,0.08118,0.00062,frames/frame_000440.jpg
441,7.350000,,0,B,0.11923,0.44226,0.08125,0.00054,frames/frame_000441.jpg
442,7.366667,,0,B,0.11927,0.43915,0.08122,0.00046,frames/frame_000442.jpg
443,7.383333,,0,P,0.11895,0.44541,0.08129,0.00096,frames/frame_000443.jpg
444,7.400000,,0,B,0.11896,0.43755,0.08127,0.00051,frames/frame_000444.jpg
445,7.416667,,0,B,0.11893,0.43801,0.08132,0.00040,frames/frame_000445.jpg
446,7.433333,,0,B,0.11892,0.43410,0.08131,0.00029,frames/frame_000446.jpg
447,7.450000,,0,P,0.11866,0.43722,0.08118,0.00070,frames/frame_000447.jpg
448,7.466667,,0,B,0.11874,0.43812,0.08110,0.00051,frames/frame_000448.jpg
449,7.483333,,0,B,0.11872,0.44118,0.08113,0.00027,frames/frame_000449.jpg
450,7.500000,,0,B,0.11874,0.43582,0.08108,0.00028,frames/frame_000450.jpg
451,7.516667,,0,P,0.11849,0.43884,0.08118,0.00069,frames/frame_000451.jpg
452,7.533333,,0,B,0.11855,0.44062,0.08119,0.00050,frames/frame_000452.jpg
453,7.550000,,0,B,0.11850,0.44060,0.08126,0.00034,frames/frame_000453.jpg
454,7.566667,,0,B,0.11852,0.43973,0.08125,0.00022,frames/frame_000454.jpg
455,7.583333,,0,P,0.11824,0.44434,0.08134,0.00069,frames/frame_000455.jpg
456,7.600000,,0,B,0.11834,0.43713,0.08130,0.00044,frames/frame_000456.jpg
457,7.616667,,0,B,0.11831,0.44194,0.08129,0.00025,frames/frame_000457.jpg
458,7.633333,,0,B,0.11832,0.44026,0.08126,0.00027,frames/frame_000458.jpg
459,7.650000,,0,P,0.11814,0.44884,0.08126,0.00057,frames/frame_000459.jpg
460,7.666667,,0,B,0.11820,0.44329,0.08129,0.00043,frames/frame_000460.jpg
461,7.683333,,0,B,0.11818,0.43987,0.08128,0.00025,frames/frame_000461.jpg
462,7.700000,,0,B,0.11820,0.44149,0.08133,0.00016,frames/frame_000462.jpg
463,7.716667,,0,P,0.11803,0.44665,0.08134,0.00056,frames/frame_000463.jpg
464,7.733333,,0,B,0.11811,0.44078,0.08131,0.00049,frames/frame_000464.jpg
465,7.750000,,0,B,0.11807,0.43859,0.08130,0.00032,frames/frame_000465.jpg
466,7.766667,,0,B,0.11809,0.43986,0.08129,0.00029,frames/frame_000466.jpg
467,7.783333,,0,P,0.11791,0.44548,0.08134,0.00048,frames/frame_000467.jpg
468,7.800000,,0,B,0.11797,0.44234,0.08125,0.00036,frames/frame_000468.jpg
469,7.816667,,0,B,0.11794,0.44291,0.08125,0.00023,frames/frame_000469.jpg
470,7.833333,,0,B,0.11796,0.44228,0.08125,0.00024,frames/frame_000470.jpg
471,7.850000,,0,P,0.11784,0.44304,0.08131,0.00047,frames/frame_000471.jpg
472,7.866667,,0,B,0.11792,0.44029,0.08124,0.00042,frames/frame_000472.jpg
473,7.883333,,0,B,0.11792,0.44018,0.08123,0.00024,frames/frame_000473.jpg
474,7.900000,,0,B,0.11795,0.43742,0.08119,0.00022,frames/frame_000474.jpg
475,7.916667,,0,P,0.11780,0.44291,0.08125,0.00048,frames/frame_000475.jpg
476,7.933333,,0,B,0.11784,0.43753,0.08130,0.00038,frames/frame_000476.jpg
477,7.950000,,0,B,0.11780,0.43825,0.08128,0.00021,frames/frame_000477.jpg
478,7.966667,,0,B,0.11780,0.43504,0.08129,0.00024,frames/frame_000478.jpg
479,7.983333,,0,P,0.11768,0.43868,0.08125,0.00051,frames/frame_000479.jpg
480,8.000000,,0,B,0.11777,0.43507,0.08127,0.00039,frames/frame_000480.jpg
481,8.016667,,0,B,0.11775,0.43624,0.08124,0.00023,frames/frame_000481.jpg
482,8.033333,,0,B,0.11774,0.43438,0.08126,0.00023,frames/frame_000482.jpg
483,8.050000,,0,P,0.11762,0.43583,0.08130,0.00042,frames/frame_000483.jpg
484,8.066667,,0,B,0.11770,0.43289,0.08129,0.00029,frames/frame_000484.jpg
485,8.083333,,0,B,0.11766,0.43291,0.08134,0.00024,frames/frame_000485.jpg
486,8.100000,,0,B,0.11768,0.42958,0.08131,0.00025,frames/frame_000486.jpg
487,8.116667,,0,P,0.11759,0.43162,0.08131,0.00034,frames/frame_000487.jpg
488,8.133333,,0,B,0.11763,0.43138,0.08127,0.00040,frames/frame_000488.jpg
489,8.150000,,0,B,0.11761,0.43139,0.08131,0.00023,frames/frame_000489.jpg
490,8.166667,,0,B,0.11764,0.43143,0.08126,0.00019,frames/frame_000490.jpg
491,8.183333,,0,P,0.11747,0.43168,0.08128,0.00051,frames/frame_000491.jpg
492,8.200000,,0,B,0.11754,0.43399,0.08125,0.00037,frames/frame_000492.jpg
493,8.216667,,0,B,0.11751,0.43224,0.08124,0.00018,frames/frame_000493.jpg
494,8.233333,,0,B,0.11752,0.43120,0.08124,0.00019,frames/frame_000494.jpg
495,8.250000,,0,P,0.11740,0.42804,0.08128,0.00046,frames/frame_000495.jpg
496,8.266667,,0,B,0.11750,0.43080,0.08124,0.00036,frames/frame_000496.jpg
497,8.283333,,0,B,0.11749,0.43049,0.08124,0.00021,frames/frame_000497.jpg
498,8.300000,,0,B,0.11751,0.43231,0.08124,0.00023,frames/frame_000498.jpg
499,8.316667,,0,P,0.11740,0.43358,0.08124,0.00043,frames/frame_000499.jpg
500,8.333333,,0,B,0.11746,0.43102,0.08118,0.00031,frames/frame_000500.jpg
501,8.350000,,0,B,0.11742,0.43114,0.08119,0.00021,frames/frame_000501.jpg
502,8.366667,,0,B,0.11744,0.43206,0.08116,0.00014,frames/frame_000502.jpg
503,8.383333,,0,P,0.11734,0.43306,0.08121,0.00033,frames/frame_000503.jpg
504,8.400000,,0,B,0.11743,0.42926,0.08114,0.00030,frames/frame_000504.jpg
505,8.416667,,0,P,0.11733,0.43219,0.08120,0.00032,frames/frame_000505.jpg
506,8.433333,,0,P,0.60501,0.23793,0.04540,0.48332,frames/frame_000506.jpg
507,8.450000,,0,B,0.55774,0.24110,0.04455,0.04556,frames/frame_000507.jpg
508,8.466667,,0,B,0.51505,0.24387,0.04273,0.04111,frames/frame_000508.jpg
509,8.483333,,0,P,0.47243,0.25175,0.04160,0.04274,frames/frame_000509.jpg
510,8.500000,,0,B,0.43669,0.25665,0.04045,0.03420,frames/frame_000510.jpg
511,8.516667,,0,P,0.39875,0.26487,0.03892,0.03820,frames/frame_000511.jpg
512,8.533333,,0,B,0.37387,0.27538,0.04496,0.02985,frames/frame_000512.jpg
513,8.550000,,0,P,0.34045,0.28153,0.04175,0.03319,frames/frame_000513.jpg
514,8.566667,,0,P,0.32693,0.31846,0.05740,0.02781,frames/frame_000514.jpg
515,8.583333,,0,B,0.30775,0.34155,0.05259,0.03809,frames/frame_000515.jpg
516,8.600000,,0,P,0.29280,0.38155,0.06347,0.02548,frames/frame_000516.jpg
517,8.616667,,0,B,0.24848,0.33459,0.04151,0.04248,frames/frame_000517.jpg
518,8.633333,,0,P,0.25402,0.41745,0.06495,0.03450,frames/frame_000518.jpg
519,8.650000,,0,B,0.24125,0.44686,0.07167,0.02614,frames/frame_000519.jpg
520,8.666667,,0,B,0.22402,0.45660,0.06749,0.02393,frames/frame_000520.jpg
521,8.683333,,0,P,0.21667,0.50551,0.07726,0.02098,frames/frame_000521.jpg
522,8.700000,,0,B,0.20870,0.53135,0.08321,0.02282,frames/frame_000522.jpg
523,8.716667,,0,B,0.19706,0.55394,0.08554,0.02126,frames/frame_000523.jpg
524,8.733333,,0,B,0.17504,0.55470,0.07565,0.02227,frames/frame_000524.jpg
525,8.750000,,0,P,0.16269,0.59027,0.07467,0.01787,frames/frame_000525.jpg
526,8.766667,,0,B,0.15960,0.61785,0.07834,0.01434,frames/frame_000526.jpg
527,8.783333,,0,B,0.15295,0.64236,0.08036,0.01749,frames/frame_000527.jpg
528,8.800000,,0,B,0.14940,0.67211,0.08277,0.02075,frames/frame_000528.jpg
529,8.816667,,0,P,0.13942,0.70444,0.08281,0.02226,frames/frame_000529.jpg
530,8.833333,,0,B,0.14729,0.73553,0.09137,0.01219,frames/frame_000530.jpg
531,8.850000,,0,P,0.14287,0.74343,0.09080,0.01633,frames/frame_000531.jpg
532,8.866667,,0,B,0.15191,0.76305,0.09712,0.01343,frames/frame_000532.jpg
533,8.883333,,0,B,0.16164,0.79615,0.10417,0.01473,frames/frame_000533.jpg
534,8.900000,,0,B,0.16109,0.80042,0.10525,0.00474,frames/frame_000534.jpg
535,8.916667,,0,P,0.15743,0.82003,0.10710,0.00707,frames/frame_000535.jpg
536,8.933333,,0,B,0.15488,0.81673,0.10716,0.00717,frames/frame_000536.jpg
537,8.950000,,0,B,0.14781,0.82773,0.10446,0.00936,frames/frame_000537.jpg
538,8.966667,,0,B,0.14093,0.83089,0.10060,0.00869,frames/frame_000538.jpg
539,8.983333,,0,P,0.13387,0.84752,0.09908,0.00836,frames/frame_000539.jpg
540,9.000000,,1,I,0.13497,0.85398,0.09928,0.00768,frames/frame_000540.jpg
541,9.016667,,0,B,0.14597,0.85544,0.10497,0.01342,frames/frame_000541.jpg
542,9.033333,,0,B,0.14469,0.85939,0.09901,0.01536,frames/frame_000542.jpg
543,9.050000,,0,B,0.14478,0.85835,0.09921,0.00421,frames/frame_000543.jpg
544,9.066667,,0,P,0.14391,0.86429,0.09917,0.00463,frames/frame_000544.jpg
545,9.083333,,0,B,0.14323,0.85999,0.09990,0.00506,frames/frame_000545.jpg
546,9.100000,,0,B,0.14167,0.86132,0.10089,0.00544,frames/frame_000546.jpg
547,9.116667,,0,B,0.13995,0.86000,0.09984,0.00451,frames/frame_000547.jpg
548,9.133333,,0,P,0.13655,0.86626,0.09832,0.00560,frames/frame_000548.jpg
549,9.150000,,0,B,0.13554,0.86508,0.09765,0.00489,frames/frame_000549.jpg
550,9.166667,,0,B,0.14077,0.86793,0.09803,0.01133,frames/frame_000550.jpg
551,9.183333,,0,B,0.14058,0.86731,0.09770,0.01028,frames/frame_000551.jpg
552,9.200000,,0,P,0.14068,0.87103,0.09778,0.00832,frames/frame_000552.jpg
553,9.216667,,0,B,0.14079,0.86826,0.09880,0.00405,frames/frame_000553.jpg
554,9.233333,,0,B,0.14001,0.87046,0.09878,0.00413,frames/frame_000554.jpg
555,9.250000,,0,B,0.13860,0.86830,0.09785,0.00432,frames/frame_000555.jpg
556,9.266667,,0,P,0.13628,0.87290,0.09662,0.00481,frames/frame_000556.jpg
557,9.283333,,0,B,0.13520,0.86891,0.09577,0.00458,frames/frame_000557.jpg
558,9.300000,,0,B,0.13309,0.87098,0.09441,0.00472,frames/frame_000558.jpg
559,9.316667,,0,B,0.13461,0.86869,0.09669,0.00588,frames/frame_000559.jpg
560,9.333333,,0,P,0.13582,0.87393,0.09780,0.00596,frames/frame_000560.jpg
561,9.350000,,0,B,0.13628,0.87414,0.09667,0.00686,frames/frame_000561.jpg
562,9.366667,,0,B,0.13619,0.87089,0.09711,0.00369,frames/frame_000562.jpg
563,9.383333,,0,P,0.13547,0.87415,0.09759,0.00453,frames/frame_000563.jpg
564,9.400000,,0,B,0.13448,0.87010,0.09703,0.00428,frames/frame_000564.jpg
565,9.416667,,0,B,0.13183,0.87170,0.09502,0.00502,frames/frame_000565.jpg
566,9.433333,,0,B,0.13020,0.87038,0.09360,0.00399,frames/frame_000566.jpg
567,9.450000,,0,P,0.12898,0.87369,0.09298,0.00398,frames/frame_000567.jpg
568,9.466667,,0,B,0.13175,0.87163,0.09532,0.00612,frames/frame_000568.jpg
569,9.483333,,0,B,0.13887,0.87629,0.09719,0.01196,frames/frame_000569.jpg
570,9.500000,,0,B,0.13885,0.87307,0.09697,0.00392,frames/frame_000570.jpg
571,9.516667,,0,P,0.13791,0.87600,0.09706,0.00430,frames/frame_000571.jpg
572,9.533333,,0,B,0.13716,0.87301,0.09742,0.00454,frames/frame_000572.jpg
573,9.550000,,0,B,0.13604,0.87457,0.09801,0.00490,frames/frame_000573.jpg
574,9.566667,,0,B,0.13479,0.87358,0.09699,0.00383,frames/frame_000574.jpg
575,9.583333,,0,P,0.13238,0.87666,0.09596,0.00457,frames/frame_000575.jpg
576,9.600000,,0,B,0.13253,0.87307,0.09536,0.00501,frames/frame_000576.jpg
577,9.616667,,0,B,0.13446,0.87479,0.09794,0.00578,frames/frame_000577.jpg
578,9.633333,,0,B,0.15712,0.84240,0.10679,0.03029,frames/frame_000578.jpg
579,9.650000,,0,P,0.15585,0.84552,0.10589,0.00865,frames/frame_000579.jpg
580,9.666667,,0,B,0.15432,0.83916,0.10349,0.00547,frames/frame_000580.jpg
581,9.683333,,0,B,0.15280,0.84036,0.10405,0.00512,frames/frame_000581.jpg
582,9.700000,,0,B,0.15069,0.83836,0.10287,0.00506,frames/frame_000582.jpg
583,9.716667,,0,P,0.14764,0.84388,0.10047,0.00593,frames/frame_000583.jpg
584,9.733333,,0,B,0.14582,0.84068,0.09966,0.00490,frames/frame_000584.jpg
585,9.750000,,0,P,0.14296,0.84632,0.09772,0.00641,frames/frame_000585.jpg
586,9.766667,,0,B,0.14543,0.84159,0.10027,0.00739,frames/frame_000586.jpg
587,9.783333,,0,B,0.14912,0.84016,0.10444,0.01048,frames/frame_000587.jpg
588,9.800000,,0,B,0.15219,0.83800,0.10585,0.01100,frames/frame_000588.jpg
589,9.816667,,0,P,0.14921,0.84457,0.10595,0.00674,frames/frame_000589.jpg
590,9.833333,,0,B,0.14629,0.83639,0.10423,0.00714,frames/frame_000590.jpg
591,9.850000,,0,B,0.14140,0.84075,0.10147,0.00780,frames/frame_000591.jpg
592,9.866667,,0,B,0.13710,0.83812,0.09866,0.00712,frames/frame_000592.jpg
593,9.883333,,0,P,0.13263,0.84517,0.09474,0.00654,frames/frame_000593.jpg
594,9.900000,,0,B,0.13813,0.84118,0.09826,0.00784,frames/frame_000594.jpg
595,9.916667,,0,P,0.14373,0.84529,0.10235,0.00837,frames/frame_000595.jpg
596,9.933333,,0,B,0.14580,0.84303,0.10295,0.00559,frames/frame_000596.jpg
597,9.950000,,0,B,0.14485,0.84545,0.10318,0.00437,frames/frame_000597.jpg
598,9.966667,,0,B,0.14203,0.84199,0.10154,0.00610,frames/frame_000598.jpg
599,9.983333,,0,P,0.13852,0.84636,0.09981,0.00659,frames/frame_000599.jpg
600,10.000000,,0,B,0.13625,0.84407,0.09782,0.00562,frames/frame_000600.jpg
601,10.016667,,0,B,0.13384,0.84671,0.09713,0.00523,frames/frame_000601.jpg
602,10.033333,,0,B,0.13142,0.84500,0.09375,0.00474,frames/frame_000602.jpg
603,10.050000,,0,P,0.13513,0.84812,0.09686,0.00740,frames/frame_000603.jpg
604,10.066667,,0,B,0.14232,0.84401,0.10162,0.00879,frames/frame_000604.jpg
605,10.083333,,0,B,0.17300,0.81117,0.11521,0.03438,frames/frame_000605.jpg
606,10.100000,,0,B,0.17177,0.80712,0.11512,0.00406,frames/frame_000606.jpg
607,10.116667,,0,P,0.16919,0.81058,0.11482,0.00607,frames/frame_000607.jpg
608,10.133333,,0,B,0.16671,0.80619,0.11275,0.00623,frames/frame_000608.jpg
609,10.150000,,0,B,0.16284,0.80911,0.10889,0.00670,frames/frame_000609.jpg
610,10.166667,,0,B,0.15917,0.80879,0.10693,0.00567,frames/frame_000610.jpg
611,10.183333,,0,P,0.15722,0.81221,0.10768,0.00615,frames/frame_000611.jpg
612,10.200000,,0,B,0.16095,0.80719,0.11171,0.01139,frames/frame_000612.jpg
613,10.216667,,0,B,0.16923,0.81354,0.11409,0.01499,frames/frame_000613.jpg
614,10.233333,,0,B,0.17228,0.80827,0.11723,0.00860,frames/frame_000614.jpg
615,10.250000,,0,P,0.17485,0.81601,0.11721,0.01219,frames/frame_000615.jpg
616,10.266667,,0,B,0.17289,0.80632,0.11639,0.00703,frames/frame_000616.jpg
617,10.283333,,0,B,0.17077,0.80703,0.11467,0.00617,frames/frame_000617.jpg
618,10.300000,,0,B,0.16989,0.80374,0.11337,0.00488,frames/frame_000618.jpg
619,10.316667,,0,P,0.16776,0.80979,0.11443,0.00481,frames/frame_000619.jpg
620,10.333333,,0,B,0.16619,0.80153,0.11377,0.00597,frames/frame_000620.jpg
621,10.350000,,0,B,0.16540,0.80358,0.11346,0.00451,frames/frame_000621.jpg
622,10.366667,,0,B,0.16567,0.80167,0.11425,0.00467,frames/frame_000622.jpg
623,10.383333,,0,P,0.16441,0.80892,0.11454,0.00872,frames/frame_000623.jpg
624,10.400000,,0,B,0.16345,0.80667,0.11352,0.00512,frames/frame_000624.jpg
625,10.416667,,0,P,0.16016,0.81319,0.11227,0.00626,frames/frame_000625.jpg
626,10.433333,,0,B,0.15729,0.80665,0.11047,0.00549,frames/frame_000626.jpg
627,10.450000,,0,B,0.15259,0.80922,0.10743,0.00629,frames/frame_000627.jpg
628,10.466667,,0,B,0.14923,0.80762,0.10474,0.00642,frames/frame_000628.jpg
629,10.483333,,0,P,0.14434,0.81753,0.10201,0.00645,frames/frame_000629.jpg
630,10.500000,,0,B,0.14769,0.81098,0.10285,0.00595,frames/frame_000630.jpg
631,10.516667,,0,B,0.15516,0.81331,0.10901,0.00900,frames/frame_000631.jpg
632,10.533333,,0,B,0.15881,0.81085,0.11188,0.00665,frames/frame_000632.jpg
633,10.550000,,0,P,0.15919,0.81669,0.11169,0.00414,frames/frame_000633.jpg
634,10.566667,,0,B,0.15676,0.81148,0.11024,0.00590,frames/frame_000634.jpg
635,10.583333,,0,B,0.15282,0.81263,0.10824,0.00666,frames/frame_000635.jpg
636,10.600000,,0,B,0.14971,0.81042,0.10546,0.00558,frames/frame_000636.jpg
637,10.616667,,0,P,0.14525,0.81619,0.10370,0.00616,frames/frame_000637.jpg
638,10.633333,,0,B,0.14386,0.81122,0.10127,0.00494,frames/frame_000638.jpg
639,10.650000,,0,B,0.14864,0.81162,0.10455,0.00705,frames/frame_000639.jpg
640,10.666667,,0,B,0.15600,0.80900,0.10991,0.00883,frames/frame_000640.jpg
641,10.683333,,0,P,0.16947,0.81125,0.11309,0.01494,frames/frame_000641.jpg
642,10.700000,,0,B,0.16808,0.80552,0.11280,0.00481,frames/frame_000642.jpg
643,10.716667,,0,P,0.16553,0.81009,0.11134,0.00568,frames/frame_000643.jpg
644,10.733333,,0,B,0.16290,0.80236,0.10930,0.00685,frames/frame_000644.jpg
645,10.750000,,0,B,0.15912,0.80746,0.10725,0.00610,frames/frame_000645.jpg
646,10.766667,,0,B,0.15644,0.80646,0.10506,0.00579,frames/frame_000646.jpg
647,10.783333,,0,P,0.15325,0.81133,0.10305,0.00566,frames/frame_000647.jpg
648,10.800000,,0,B,0.15553,0.80577,0.10522,0.00952,frames/frame_000648.jpg
649,10.816667,,0,B,0.15937,0.80913,0.10993,0.00763,frames/frame_000649.jpg
650,10.833333,,0,B,0.17263,0.80304,0.11508,0.01473,frames/frame_000650.jpg
651,10.850000,,0,P,0.17202,0.80820,0.11466,0.01016,frames/frame_000651.jpg
652,10.866667,,0,B,0.16555,0.80265,0.10950,0.00981,frames/frame_000652.jpg
653,10.883333,,0,B,0.15992,0.80806,0.10590,0.00727,frames/frame_000653.jpg
654,10.900000,,0,B,0.15740,0.80481,0.10388,0.00486,frames/frame_000654.jpg
655,10.916667,,0,P,0.15547,0.81117,0.10281,0.00492,frames/frame_000655.jpg
656,10.933333,,0,B,0.15464,0.80836,0.10286,0.00319,frames/frame_000656.jpg
657,10.950000,,0,B,0.15307,0.81075,0.10319,0.00574,frames/frame_000657.jpg
658,10.966667,,0,B,0.15738,0.80705,0.10764,0.00780,frames/frame_000658.jpg
659,10.983333,,0,P,0.15945,0.81115,0.10983,0.00684,frames/frame_000659.jpg
660,11.000000,,0,B,0.15862,0.80899,0.10976,0.00785,frames/frame_000660.jpg
661,11.016667,,0,B,0.15692,0.81182,0.10919,0.00394,frames/frame_000661.jpg
662,11.033333,,0,B,0.15432,0.80868,0.10732,0.00500,frames/frame_000662.jpg
663,11.050000,,0,P,0.15047,0.81453,0.10476,0.00593,frames/frame_000663.jpg
664,11.066667,,0,B,0.14755,0.81162,0.10161,0.00520,frames/frame_000664.jpg
665,11.083333,,0,B,0.14515,0.81542,0.09950,0.00428,frames/frame_000665.jpg
666,11.100000,,0,B,0.15041,0.80876,0.10372,0.00724,frames/frame_000666.jpg
667,11.116667,,0,P,0.15714,0.81370,0.10925,0.00843,frames/frame_000667.jpg
668,11.133333,,0,B,0.18439,0.78294,0.12526,0.03315,frames/frame_000668.jpg
669,11.150000,,0,B,0.18235,0.78397,0.12586,0.00551,frames/frame_000669.jpg
670,11.166667,,0,B,0.17860,0.77979,0.12229,0.00722,frames/frame_000670.jpg
671,11.183333,,0,P,0.17335,0.78393,0.11963,0.00780,frames/frame_000671.jpg
672,11.200000,,0,B,0.16921,0.77920,0.11634,0.00680,frames/frame_000672.jpg
673,11.216667,,0,B,0.16495,0.78149,0.11315,0.00579,frames/frame_000673.jpg
674,11.233333,,0,B,0.16260,0.78020,0.11038,0.00480,frames/frame_000674.jpg
675,11.250000,,0,P,0.16535,0.78406,0.11355,0.00943,frames/frame_000675.jpg
676,11.266667,,0,B,0.17112,0.78266,0.11858,0.00860,frames/frame_000676.jpg
677,11.283333,,0,P,0.17284,0.78683,0.12099,0.00658,frames/frame_000677.jpg
678,11.300000,,0,B,0.17339,0.78365,0.12023,0.00922,frames/frame_000678.jpg
679,11.316667,,0,B,0.16910,0.78510,0.11703,0.00638,frames/frame_000679.jpg
680,11.333333,,0,B,0.16506,0.78203,0.11440,0.00608,frames/frame_000680.jpg
681,11.350000,,0,P,0.16026,0.78773,0.11094,0.00620,frames/frame_000681.jpg
682,11.366667,,0,B,0.15845,0.78501,0.10904,0.00509,frames/frame_000682.jpg
683,11.383333,,0,B,0.16036,0.78667,0.11022,0.00507,frames/frame_000683.jpg
684,11.400000,,0,B,0.16889,0.78578,0.11782,0.00951,frames/frame_000684.jpg
685,11.416667,,0,P,0.16657,0.81938,0.11203,0.03182,frames/frame_000685.jpg
686,11.433333,,0,B,0.16735,0.81506,0.11373,0.00467,frames/frame_000686.jpg
687,11.450000,,0,P,0.16579,0.81862,0.11299,0.00508,frames/frame_000687.jpg
688,11.466667,,0,B,0.16459,0.81342,0.11057,0.00603,frames/frame_000688.jpg
689,11.483333,,0,B,0.16334,0.81487,0.11097,0.00512,frames/frame_000689.jpg
690,11.500000,,0,B,0.16201,0.81143,0.11033,0.00470,frames/frame_000690.jpg
691,11.516667,,0,P,0.16038,0.81470,0.10969,0.00466,frames/frame_000691.jpg
692,11.533333,,0,B,0.16034,0.80925,0.10968,0.00455,frames/frame_000692.jpg
693,11.550000,,0,B,0.16017,0.81104,0.10998,0.00389,frames/frame_000693.jpg
694,11.566667,,0,B,0.16139,0.81016,0.11103,0.00427,frames/frame_000694.jpg
695,11.583333,,0,P,0.16666,0.81522,0.11530,0.01343,frames/frame_000695.jpg
696,11.600000,,0,B,0.16668,0.80384,0.11534,0.00681,frames/frame_000696.jpg
697,11.616667,,0,B,0.16356,0.80913,0.11468,0.00707,frames/frame_000697.jpg
698,11.633333,,0,B,0.16038,0.80374,0.11237,0.00662,frames/frame_000698.jpg
699,11.650000,,0,P,0.15433,0.81272,0.10893,0.00835,frames/frame_000699.jpg
700,11.666667,,0,B,0.15069,0.80357,0.10667,0.00714,frames/frame_000700.jpg
701,11.683333,,0,B,0.14750,0.80643,0.10335,0.00569,frames/frame_000701.jpg
702,11.700000,,0,B,0.14893,0.80354,0.10396,0.00536,frames/frame_000702.jpg
703,11.716667,,0,P,0.15460,0.81107,0.10904,0.00933,frames/frame_000703.jpg
704,11.733333,,0,B,0.15796,0.80876,0.11183,0.00562,frames/frame_000704.jpg
705,11.750000,,0,B,0.15837,0.81065,0.11205,0.00365,frames/frame_000705.jpg
706,11.766667,,0,B,0.15593,0.80948,0.11010,0.00504,frames/frame_000706.jpg
707,11.783333,,0,P,0.15243,0.81281,0.10747,0.00623,frames/frame_000707.jpg
708,11.800000,,0,B,0.14938,0.80867,0.10586,0.00555,frames/frame_000708.jpg
709,11.816667,,0,B,0.14640,0.81050,0.10394,0.00519,frames/frame_000709.jpg
710,11.833333,,0,B,0.14532,0.80888,0.10181,0.00444,frames/frame_000710.jpg
711,11.850000,,0,P,0.14753,0.81181,0.10346,0.00545,frames/frame_000711.jpg
712,11.866667,,0,B,0.15468,0.81088,0.10806,0.00881,frames/frame_000712.jpg
713,11.883333,,0,B,0.15696,0.81261,0.11125,0.00653,frames/frame_000713.jpg
714,11.900000,,0,B,0.15722,0.81172,0.11135,0.00348,frames/frame_000714.jpg
715,11.916667,,0,P,0.15532,0.81270,0.10991,0.00456,frames/frame_000715.jpg
716,11.933333,,0,B,0.15275,0.80884,0.10788,0.00568,frames/frame_000716.jpg
717,11.950000,,0,B,0.14880,0.80980,0.10596,0.00581,frames/frame_000717.jpg
718,11.966667,,0,B,0.14623,0.80831,0.10337,0.00497,frames/frame_000718.jpg
719,11.983333,,0,P,0.14384,0.81210,0.10118,0.00436,frames/frame_000719.jpg
720,12.000000,,1,I,0.14944,0.81094,0.10491,0.00949,frames/frame_000720.jpg
721,12.016667,,0,B,0.15595,0.80724,0.11007,0.00823,frames/frame_000721.jpg
722,12.033333,,0,B,0.17311,0.80181,0.11688,0.01912,frames/frame_000722.jpg
723,12.050000,,0,B,0.17190,0.79793,0.11713,0.00633,frames/frame_000723.jpg
724,12.066667,,0,P,0.16515,0.80301,0.11065,0.01053,frames/frame_000724.jpg
725,12.083333,,0,B,0.16158,0.79247,0.10792,0.00848,frames/frame_000725.jpg
726,12.100000,,0,B,0.15857,0.79454,0.10572,0.00564,frames/frame_000726.jpg
727,12.116667,,0,B,0.15771,0.79273,0.10527,0.00422,frames/frame_000727.jpg
728,12.133333,,0,P,0.15488,0.80139,0.10546,0.00474,frames/frame_000728.jpg
729,12.150000,,0,B,0.15349,0.79558,0.10453,0.00715,frames/frame_000729.jpg
730,12.166667,,0,B,0.15763,0.79810,0.10938,0.00901,frames/frame_000730.jpg
731,12.183333,,0,B,0.16024,0.79641,0.11169,0.00776,frames/frame_000731.jpg
732,12.200000,,0,P,0.15898,0.80624,0.11165,0.00882,frames/frame_000732.jpg
733,12.216667,,0,B,0.15769,0.80274,0.11074,0.00441,frames/frame_000733.jpg
734,12.233333,,0,B,0.15473,0.80315,0.10865,0.00547,frames/frame_000734.jpg
735,12.250000,,0,B,0.15173,0.80257,0.10697,0.00535,frames/frame_000735.jpg
736,12.266667,,0,P,0.14819,0.80804,0.10452,0.00555,frames/frame_000736.jpg
737,12.283333,,0,B,0.14756,0.80590,0.10202,0.00466,frames/frame_000737.jpg
738,12.300000,,0,B,0.15072,0.80712,0.10444,0.00587,frames/frame_000738.jpg
739,12.316667,,0,B,0.15725,0.80635,0.10952,0.00816,frames/frame_000739.jpg
740,12.333333,,0,P,0.16004,0.81010,0.11206,0.00657,frames/frame_000740.jpg
741,12.350000,,0,B,0.15963,0.80714,0.11213,0.00382,frames/frame_000741.jpg
742,12.366667,,0,B,0.15715,0.80688,0.10944,0.00533,frames/frame_000742.jpg
743,12.383333,,0,B,0.15395,0.80518,0.10737,0.00559,frames/frame_000743.jpg
744,12.400000,,0,P,0.15035,0.80900,0.10547,0.00576,frames/frame_000744.jpg
745,12.416667,,0,B,0.14808,0.80545,0.10351,0.00483,frames/frame_000745.jpg
746,12.433333,,0,B,0.14587,0.80624,0.10122,0.00416,frames/frame_000746.jpg
747,12.450000,,0,B,0.14940,0.80436,0.10402,0.00603,frames/frame_000747.jpg
748,12.466667,,0,P,0.15563,0.80798,0.10877,0.00813,frames/frame_000748.jpg
749,12.483333,,0,B,0.15841,0.80928,0.11198,0.00650,frames/frame_000749.jpg
750,12.500000,,0,B,0.15832,0.80947,0.11174,0.00331,frames/frame_000750.jpg
751,12.516667,,0,B,0.15558,0.80713,0.10980,0.00513,frames/frame_000751.jpg
752,12.533333,,0,P,0.15158,0.80907,0.10733,0.00667,frames/frame_000752.jpg
753,12.550000,,0,B,0.14887,0.80669,0.10565,0.00509,frames/frame_000753.jpg
754,12.566667,,0,B,0.14664,0.80658,0.10332,0.00443,frames/frame_000754.jpg
755,12.583333,,0,B,0.14934,0.80628,0.10452,0.00618,frames/frame_000755.jpg
756,12.600000,,0,P,0.15637,0.81031,0.11132,0.00989,frames/frame_000756.jpg
757,12.616667,,0,B,0.15508,0.84066,0.10532,0.03518,frames/frame_000757.jpg
758,12.633333,,0,B,0.15578,0.84011,0.10570,0.00480,frames/frame_000758.jpg
759,12.650000,,0,B,0.15508,0.83828,0.10712,0.00520,frames/frame_000759.jpg
760,12.666667,,0,P,0.15256,0.84045,0.10567,0.00639,frames/frame_000760.jpg
761,12.683333,,0,B,0.15216,0.83755,0.10555,0.00482,frames/frame_000761.jpg
762,12.700000,,0,B,0.15118,0.83713,0.10469,0.00438,frames/frame_000762.jpg
763,12.716667,,0,B,0.15092,0.83704,0.10500,0.00342,frames/frame_000763.jpg
764,12.733333,,0,P,0.15036,0.84093,0.10385,0.00485,frames/frame_000764.jpg
765,12.750000,,0,B,0.15001,0.83654,0.10407,0.00414,frames/frame_000765.jpg
766,12.766667,,0,B,0.15017,0.83763,0.10463,0.00406,frames/frame_000766.jpg
767,12.783333,,0,B,0.15047,0.83803,0.10532,0.00382,frames/frame_000767.jpg
768,12.800000,,0,P,0.14957,0.84010,0.10448,0.00758,frames/frame_000768.jpg
769,12.816667,,0,B,0.14762,0.83547,0.10368,0.00509,frames/frame_000769.jpg
770,12.833333,,0,B,0.14399,0.83739,0.10109,0.00566,frames/frame_000770.jpg
771,12.850000,,0,B,0.13931,0.83583,0.09775,0.00678,frames/frame_000771.jpg
772,12.866667,,0,P,0.13480,0.84117,0.09558,0.00651,frames/frame_000772.jpg
773,12.883333,,0,B,0.13411,0.83645,0.09312,0.00471,frames/frame_000773.jpg
774,12.900000,,0,B,0.13780,0.83855,0.09619,0.00667,frames/frame_000774.jpg
775,12.916667,,0,B,0.14420,0.83704,0.10106,0.00857,frames/frame_000775.jpg
776,12.933333,,0,P,0.14792,0.84135,0.10444,0.00825,frames/frame_000776.jpg
777,12.950000,,0,B,0.14740,0.83572,0.10428,0.00447,frames/frame_000777.jpg
778,12.966667,,0,B,0.14446,0.83717,0.10221,0.00601,frames/frame_000778.jpg
779,12.983333,,0,B,0.14101,0.83578,0.10036,0.00671,frames/frame_000779.jpg
780,13.000000,,0,P,0.13725,0.84148,0.09764,0.00636,frames/frame_000780.jpg
781,13.016667,,0,B,0.13500,0.83691,0.09594,0.00500,frames/frame_000781.jpg
782,13.033333,,0,B,0.13339,0.83743,0.09388,0.00406,frames/frame_000782.jpg
783,13.050000,,0,B,0.13714,0.83625,0.09784,0.00732,frames/frame_000783.jpg
784,13.066667,,0,P,0.14320,0.83964,0.10171,0.00876,frames/frame_000784.jpg
785,13.083333,,0,B,0.14544,0.83932,0.10338,0.00657,frames/frame_000785.jpg
786,13.100000,,0,B,0.14542,0.84008,0.10386,0.00371,frames/frame_000786.jpg
787,13.116667,,0,B,0.14319,0.83896,0.10160,0.00531,frames/frame_000787.jpg
788,13.133333,,0,P,0.13956,0.84131,0.10028,0.00649,frames/frame_000788.jpg
789,13.150000,,0,B,0.13650,0.83885,0.09748,0.00583,frames/frame_000789.jpg
790,13.166667,,0,B,0.13380,0.84052,0.09615,0.00497,frames/frame_000790.jpg
791,13.183333,,0,B,0.13288,0.83838,0.09395,0.00462,frames/frame_000791.jpg
792,13.200000,,0,P,0.13855,0.83991,0.09817,0.00840,frames/frame_000792.jpg
793,13.216667,,0,B,0.14389,0.83804,0.10159,0.00738,frames/frame_000793.jpg
794,13.233333,,0,B,0.17089,0.80398,0.11291,0.03402,frames/frame_000794.jpg
795,13.250000,,0,B,0.16922,0.80121,0.11097,0.00534,frames/frame_000795.jpg
796,13.266667,,0,P,0.16392,0.80254,0.10610,0.00893,frames/frame_000796.jpg
797,13.283333,,0,B,0.16100,0.79952,0.10438,0.00702,frames/frame_000797.jpg
798,13.300000,,0,B,0.15796,0.80098,0.10294,0.00497,frames/frame_000798.jpg
799,13.316667,,0,B,0.15567,0.80066,0.10259,0.00374,frames/frame_000799.jpg
800,13.333333,,0,P,0.15385,0.80531,0.10311,0.00362,frames/frame_000800.jpg
801,13.350000,,0,B,0.15215,0.80379,0.10098,0.00503,frames/frame_000801.jpg
802,13.366667,,0,P,0.15573,0.80472,0.10617,0.00839,frames/frame_000802.jpg
803,13.383333,,0,B,0.16281,0.80027,0.11135,0.01262,frames/frame_000803.jpg
804,13.400000,,0,B,0.16396,0.80082,0.11400,0.00995,frames/frame_000804.jpg
805,13.416667,,0,B,0.16240,0.79908,0.11323,0.00576,frames/frame_000805.jpg
806,13.433333,,0,P,0.15748,0.80267,0.11058,0.00756,frames/frame_000806.jpg
807,13.450000,,0,B,0.15451,0.79916,0.10826,0.00664,frames/frame_000807.jpg
808,13.466667,,0,B,0.15086,0.80179,0.10458,0.00597,frames/frame_000808.jpg
809,13.483333,,0,B,0.14860,0.80131,0.10197,0.00490,frames/frame_000809.jpg
810,13.500000,,0,P,0.15134,0.80437,0.10474,0.00749,frames/frame_000810.jpg
811,13.516667,,0,B,0.15802,0.80154,0.11182,0.00923,frames/frame_000811.jpg
812,13.533333,,0,B,0.16061,0.80330,0.11356,0.00706,frames/frame_000812.jpg
813,13.550000,,0,B,0.16050,0.80158,0.11393,0.00366,frames/frame_000813.jpg
814,13.566667,,0,P,0.15768,0.80552,0.11148,0.00541,frames/frame_000814.jpg
815,13.583333,,0,B,0.15422,0.80066,0.10959,0.00638,frames/frame_000815.jpg
816,13.600000,,0,B,0.15060,0.80519,0.10715,0.00573,frames/frame_000816.jpg
817,13.616667,,0,B,0.14726,0.80331,0.10329,0.00517,frames/frame_000817.jpg
818,13.633333,,0,P,0.14434,0.80879,0.10142,0.00453,frames/frame_000818.jpg
819,13.650000,,0,B,0.15030,0.80214,0.10432,0.00759,frames/frame_000819.jpg
820,13.666667,,0,B,0.15734,0.80355,0.11021,0.00833,frames/frame_000820.jpg
821,13.683333,,0,B,0.16020,0.80417,0.11336,0.00691,frames/frame_000821.jpg
822,13.700000,,0,P,0.16041,0.80689,0.11326,0.00342,frames/frame_000822.jpg
823,13.716667,,0,B,0.15786,0.80200,0.11105,0.00548,frames/frame_000823.jpg
824,13.733333,,0,B,0.15429,0.80360,0.10898,0.00574,frames/frame_000824.jpg
825,13.750000,,0,B,0.15013,0.80365,0.10605,0.00587,frames/frame_000825.jpg
826,13.766667,,0,P,0.14645,0.80725,0.10315,0.00581,frames/frame_000826.jpg
827,13.783333,,0,B,0.14934,0.80695,0.10530,0.00639,frames/frame_000827.jpg
828,13.800000,,0,B,0.15797,0.80519,0.11166,0.00962,frames/frame_000828.jpg
829,13.816667,,0,P,0.15554,0.84399,0.10718,0.03458,frames/frame_000829.jpg
830,13.833333,,0,B,0.15901,0.83609,0.10751,0.00905,frames/frame_000830.jpg
831,13.850000,,0,B,0.15785,0.83855,0.10931,0.00593,frames/frame_000831.jpg
832,13.866667,,0,B,0.15554,0.83394,0.10809,0.00651,frames/frame_000832.jpg
833,13.883333,,0,P,0.15281,0.83888,0.10840,0.00624,frames/frame_000833.jpg
834,13.900000,,0,B,0.15224,0.83192,0.10699,0.00537,frames/frame_000834.jpg
835,13.916667,,0,B,0.15100,0.83352,0.10721,0.00417,frames/frame_000835.jpg
836,13.933333,,0,B,0.15009,0.83107,0.10632,0.00474,frames/frame_000836.jpg
837,13.950000,,0,P,0.14902,0.83770,0.10633,0.00465,frames/frame_000837.jpg
838,13.966667,,0,B,0.14881,0.83208,0.10684,0.00464,frames/frame_000838.jpg
839,13.983333,,0,B,0.14870,0.83436,0.10518,0.00750,frames/frame_000839.jpg
840,14.000000,,0,B,0.14731,0.83309,0.10530,0.00465,frames/frame_000840.jpg
841,14.016667,,0,P,0.14377,0.84054,0.10392,0.00602,frames/frame_000841.jpg
842,14.033333,,0,B,0.14043,0.83314,0.10169,0.00610,frames/frame_000842.jpg
843,14.050000,,0,B,0.13419,0.83601,0.09865,0.00761,frames/frame_000843.jpg
844,14.066667,,0,B,0.13072,0.83508,0.09452,0.00524,frames/frame_000844.jpg
845,14.083333,,0,P,0.12919,0.84144,0.09401,0.00314,frames/frame_000845.jpg
846,14.100000,,0,B,0.13587,0.83699,0.09674,0.00805,frames/frame_000846.jpg
847,14.116667,,0,B,0.14389,0.83944,0.10207,0.00915,frames/frame_000847.jpg
848,14.133333,,0,B,0.14719,0.83949,0.10551,0.00503,frames/frame_000848.jpg
849,14.150000,,0,P,0.14712,0.84318,0.10516,0.00332,frames/frame_000849.jpg
850,14.166667,,0,B,0.14586,0.83972,0.10437,0.00594,frames/frame_000850.jpg
851,14.183333,,0,B,0.14305,0.83986,0.10238,0.00618,frames/frame_000851.jpg
852,14.200000,,0,B,0.13951,0.83875,0.10074,0.00564,frames/frame_000852.jpg
853,14.216667,,0,P,0.13579,0.84242,0.09862,0.00604,frames/frame_000853.jpg
854,14.233333,,0,B,0.13448,0.83964,0.09542,0.00456,frames/frame_000854.jpg
855,14.250000,,0,B,0.13837,0.83903,0.09849,0.00646,frames/frame_000855.jpg
856,14.266667,,0,B,0.14443,0.83808,0.10277,0.00799,frames/frame_000856.jpg
857,14.283333,,0,P,0.14773,0.84352,0.10536,0.00758,frames/frame_000857.jpg
858,14.300000,,0,B,0.14744,0.83866,0.10576,0.00394,frames/frame_000858.jpg
859,14.316667,,0,B,0.14523,0.84030,0.10434,0.00516,frames/frame_000859.jpg
860,14.333333,,0,B,0.14271,0.83816,0.10266,0.00526,frames/frame_000860.jpg
861,14.350000,,0,P,0.13928,0.84179,0.10130,0.00572,frames/frame_000861.jpg
862,14.366667,,0,B,0.13616,0.83952,0.09862,0.00590,frames/frame_000862.jpg
863,14.383333,,0,B,0.13373,0.84037,0.09572,0.00456,frames/frame_000863.jpg
864,14.400000,,0,B,0.13991,0.83879,0.09990,0.00834,frames/frame_000864.jpg
865,14.416667,,0,P,0.14496,0.84242,0.10508,0.00855,frames/frame_000865.jpg
866,14.433333,,0,B,0.17356,0.80522,0.11893,0.03493,frames/frame_000866.jpg
867,14.450000,,0,B,0.17023,0.80462,0.11754,0.00633,frames/frame_000867.jpg
868,14.466667,,0,B,0.16396,0.80245,0.11143,0.00945,frames/frame_000868.jpg
869,14.483333,,0,P,0.15884,0.80655,0.10748,0.00758,frames/frame_000869.jpg
870,14.500000,,0,B,0.15723,0.80188,0.10522,0.00461,frames/frame_000870.jpg
871,14.516667,,0,B,0.15521,0.80497,0.10547,0.00352,frames/frame_000871.jpg
872,14.533333,,0,B,0.15424,0.80332,0.10543,0.00302,frames/frame_000872.jpg
873,14.550000,,0,P,0.15469,0.80865,0.10569,0.00805,frames/frame_000873.jpg
874,14.566667,,0,B,0.15913,0.80483,0.11098,0.00841,frames/frame_000874.jpg
875,14.583333,,0,B,0.16064,0.80612,0.11393,0.00707,frames/frame_000875.jpg
876,14.600000,,0,B,0.16156,0.80498,0.11358,0.00835,frames/frame_000876.jpg
877,14.616667,,0,P,0.15998,0.80803,0.11286,0.00474,frames/frame_000877.jpg
878,14.633333,,0,B,0.15819,0.80256,0.11178,0.00510,frames/frame_000878.jpg
879,14.650000,,0,B,0.15544,0.80421,0.11014,0.00504,frames/frame_000879.jpg
880,14.666667,,0,B,0.15260,0.80414,0.10759,0.00469,frames/frame_000880.jpg
881,14.683333,,0,P,0.14991,0.80859,0.10550,0.00454,frames/frame_000881.jpg
882,14.700000,,0,B,0.15520,0.80413,0.10875,0.00774,frames/frame_000882.jpg
883,14.716667,,0,B,0.16209,0.80592,0.11458,0.00911,frames/frame_000883.jpg
884,14.733333,,0,B,0.16616,0.80459,0.11783,0.00763,frames/frame_000884.jpg
885,14.750000,,0,P,0.16528,0.80765,0.11775,0.00495,frames/frame_000885.jpg
886,14.766667,,0,B,0.16207,0.80103,0.11457,0.00688,frames/frame_000886.jpg
887,14.783333,,0,B,0.15779,0.80158,0.11281,0.00678,frames/frame_000887.jpg
888,14.800000,,0,B,0.15445,0.80130,0.11067,0.00570,frames/frame_000888.jpg
889,14.816667,,0,P,0.15002,0.80726,0.10754,0.00653,frames/frame_000889.jpg
890,14.833333,,0,B,0.14871,0.80386,0.10442,0.00394,frames/frame_000890.jpg
891,14.850000,,0,B,0.15311,0.80501,0.10881,0.00695,frames/frame_000891.jpg
892,14.866667,,0,B,0.16063,0.80335,0.11525,0.00964,frames/frame_000892.jpg
893,14.883333,,0,P,0.16334,0.80951,0.11572,0.00698,frames/frame_000893.jpg
894,14.900000,,0,B,0.16310,0.80505,0.11600,0.00395,frames/frame_000894.jpg
895,14.916667,,0,B,0.15994,0.80593,0.11415,0.00605,frames/frame_000895.jpg
896,14.933333,,0,B,0.15669,0.80418,0.11226,0.00627,frames/frame_000896.jpg
897,14.950000,,0,P,0.15249,0.80684,0.10936,0.00628,frames/frame_000897.jpg
898,14.966667,,0,B,0.14984,0.80443,0.10725,0.00490,frames/frame_000898.jpg
899,14.983333,,0,P,0.15107,0.80634,0.10716,0.00602,frames/frame_000899.jpg
900,15.000000,,1,I,0.15958,0.80713,0.11239,0.01119,frames/frame_000900.jpg
901,15.016667,,0,B,0.16443,0.80562,0.11428,0.00814,frames/frame_000901.jpg
902,15.033333,,0,B,0.15501,0.84079,0.10640,0.03288,frames/frame_000902.jpg
903,15.050000,,0,B,0.15404,0.83906,0.10575,0.00510,frames/frame_000903.jpg
904,15.066667,,0,P,0.15235,0.84228,0.10416,0.00583,frames/frame_000904.jpg
905,15.083333,,0,B,0.15173,0.83977,0.10469,0.00513,frames/frame_000905.jpg
906,15.100000,,0,B,0.14969,0.83942,0.10299,0.00500,frames/frame_000906.jpg
907,15.116667,,0,B,0.14904,0.83866,0.10217,0.00379,frames/frame_000907.jpg
908,15.133333,,0,P,0.14754,0.84218,0.10342,0.00408,frames/frame_000908.jpg
909,15.150000,,0,B,0.14807,0.83650,0.10309,0.00523,frames/frame_000909.jpg
910,15.166667,,0,B,0.14942,0.83786,0.10483,0.00487,frames/frame_000910.jpg
911,15.183333,,0,B,0.15368,0.83671,0.10818,0.00933,frames/frame_000911.jpg
912,15.200000,,0,P,0.15358,0.84185,0.10753,0.00889,frames/frame_000912.jpg
913,15.216667,,0,B,0.15209,0.83199,0.10820,0.00708,frames/frame_000913.jpg
914,15.233333,,0,B,0.14953,0.83348,0.10698,0.00674,frames/frame_000914.jpg
915,15.250000,,0,B,0.14597,0.82928,0.10471,0.00699,frames/frame_000915.jpg
916,15.266667,,0,P,0.14157,0.83669,0.10291,0.00718,frames/frame_000916.jpg
917,15.283333,,0,B,0.14029,0.83323,0.10045,0.00507,frames/frame_000917.jpg
918,15.300000,,0,B,0.14263,0.83496,0.10129,0.00650,frames/frame_000918.jpg
919,15.316667,,0,B,0.14812,0.83441,0.10494,0.00802,frames/frame_000919.jpg
920,15.333333,,0,P,0.14913,0.84035,0.10701,0.00732,frames/frame_000920.jpg
921,15.350000,,0,B,0.14885,0.83577,0.10693,0.00407,frames/frame_000921.jpg
922,15.366667,,0,B,0.14676,0.83699,0.10549,0.00558,frames/frame_000922.jpg
923,15.383333,,0,B,0.14450,0.83503,0.10476,0.00572,frames/frame_000923.jpg
924,15.400000,,0,P,0.17253,0.80429,0.11221,0.03541,frames/frame_000924.jpg
925,15.416667,,0,B,0.16897,0.79732,0.10919,0.00650,frames/frame_000925.jpg
926,15.433333,,0,B,0.16543,0.80096,0.10700,0.00566,frames/frame_000926.jpg
927,15.450000,,0,B,0.16538,0.80065,0.11187,0.00745,frames/frame_000927.jpg
928,15.466667,,0,P,0.16843,0.80642,0.11636,0.00985,frames/frame_000928.jpg
929,15.483333,,0,B,0.16987,0.80489,0.11891,0.00830,frames/frame_000929.jpg
930,15.500000,,0,B,0.16966,0.80674,0.11897,0.00416,frames/frame_000930.jpg
931,15.516667,,0,B,0.16636,0.80748,0.11492,0.00627,frames/frame_000931.jpg
932,15.533333,,0,P,0.16394,0.81175,0.11339,0.00605,frames/frame_000932.jpg
933,15.550000,,0,B,0.16137,0.80771,0.11097,0.00559,frames/frame_000933.jpg
934,15.566667,,0,B,0.15470,0.80928,0.10844,0.00829,frames/frame_000934.jpg
935,15.583333,,0,B,0.15239,0.80939,0.10565,0.00410,frames/frame_000935.jpg
936,15.600000,,0,P,0.15590,0.81129,0.10839,0.00743,frames/frame_000936.jpg
937,15.616667,,0,B,0.16093,0.81181,0.11316,0.00637,frames/frame_000937.jpg
938,15.633333,,0,P,0.57519,0.29639,0.09975,0.40382,frames/frame_000938.jpg
939,15.650000,,0,B,0.55136,0.30216,0.10091,0.02462,frames/frame_000939.jpg
940,15.666667,,0,B,0.52575,0.31378,0.09960,0.02947,frames/frame_000940.jpg
941,15.683333,,0,B,0.50182,0.32277,0.09930,0.02602,frames/frame_000941.jpg
942,15.700000,,0,P,0.47542,0.33663,0.09825,0.02833,frames/frame_000942.jpg
943,15.716667,,0,B,0.45587,0.33948,0.09854,0.01868,frames/frame_000943.jpg
944,15.733333,,0,B,0.43403,0.35258,0.09988,0.02189,frames/frame_000944.jpg
945,15.750000,,0,B,0.41036,0.36002,0.09936,0.02236,frames/frame_000945.jpg
946,15.766667,,0,P,0.38748,0.37666,0.10671,0.02547,frames/frame_000946.jpg
947,15.783333,,0,B,0.37280,0.38090,0.10978,0.01538,frames/frame_000947.jpg
948,15.800000,,0,B,0.35677,0.39542,0.11156,0.01664,frames/frame_000948.jpg
949,15.816667,,0,B,0.34175,0.40845,0.11226,0.01564,frames/frame_000949.jpg
950,15.833333,,0,P,0.32533,0.42694,0.11132,0.01874,frames/frame_000950.jpg
951,15.850000,,0,B,0.31583,0.43482,0.11074,0.01072,frames/frame_000951.jpg
952,15.866667,,0,B,0.30316,0.45028,0.10943,0.01392,frames/frame_000952.jpg
953,15.883333,,0,B,0.29179,0.46450,0.10908,0.01227,frames/frame_000953.jpg
954,15.900000,,0,P,0.27861,0.48496,0.11291,0.01555,frames/frame_000954.jpg
955,15.916667,,0,B,0.27235,0.49456,0.11819,0.01054,frames/frame_000955.jpg
956,15.933333,,0,B,0.26413,0.51023,0.12048,0.01093,frames/frame_000956.jpg
957,15.950000,,0,B,0.25751,0.52469,0.12147,0.00836,frames/frame_000957.jpg
958,15.966667,,0,P,0.24867,0.54582,0.12042,0.01102,frames/frame_000958.jpg
959,15.983333,,0,B,0.24395,0.55214,0.11975,0.00704,frames/frame_000959.jpg
960,16.000000,,0,B,0.23765,0.56891,0.11866,0.00856,frames/frame_000960.jpg
961,16.016667,,0,B,0.23194,0.57946,0.11662,0.00757,frames/frame_000961.jpg
962,16.033333,,0,P,0.22435,0.60419,0.11524,0.00961,frames/frame_000962.jpg
963,16.050000,,0,B,0.22249,0.60879,0.11863,0.00606,frames/frame_000963.jpg
964,16.066667,,0,B,0.22071,0.62779,0.12350,0.01951,frames/frame_000964.jpg
965,16.083333,,0,B,0.22106,0.63876,0.12644,0.00804,frames/frame_000965.jpg
966,16.100000,,0,P,0.21854,0.66183,0.12716,0.00623,frames/frame_000966.jpg
967,16.116667,,0,B,0.21494,0.65988,0.12593,0.00637,frames/frame_000967.jpg
968,16.133333,,0,B,0.20957,0.67202,0.12419,0.00749,frames/frame_000968.jpg
969,16.150000,,0,B,0.20347,0.67857,0.12087,0.00743,frames/frame_000969.jpg
970,16.166667,,0,P,0.19529,0.69640,0.11862,0.00919,frames/frame_000970.jpg
971,16.183333,,0,B,0.19789,0.69308,0.11980,0.00603,frames/frame_000971.jpg
972,16.200000,,0,B,0.20514,0.70326,0.12604,0.01000,frames/frame_000972.jpg
973,16.216667,,0,B,0.22003,0.70761,0.13215,0.01811,frames/frame_000973.jpg
974,16.233333,,0,P,0.21964,0.72102,0.13297,0.00598,frames/frame_000974.jpg
975,16.250000,,0,B,0.21758,0.71865,0.13380,0.00598,frames/frame_000975.jpg
976,16.266667,,0,P,0.21266,0.72967,0.13249,0.00779,frames/frame_000976.jpg
977,16.283333,,0,B,0.21048,0.72713,0.13120,0.00611,frames/frame_000977.jpg
978,16.300000,,0,B,0.20743,0.73412,0.12921,0.00590,frames/frame_000978.jpg
979,16.316667,,0,B,0.20569,0.73383,0.12822,0.00414,frames/frame_000979.jpg
980,16.333333,,0,P,0.20028,0.74826,0.12614,0.00658,frames/frame_000980.jpg
981,16.350000,,0,B,0.19979,0.74392,0.12745,0.00403,frames/frame_000981.jpg
982,16.366667,,0,B,0.19914,0.74672,0.12810,0.00450,frames/frame_000982.jpg
983,16.383333,,0,B,0.19938,0.74676,0.12754,0.00848,frames/frame_000983.jpg
984,16.400000,,0,P,0.19773,0.75344,0.12786,0.00544,frames/frame_000984.jpg
985,16.416667,,0,B,0.19571,0.74685,0.12768,0.00533,frames/frame_000985.jpg
986,16.433333,,0,B,0.19182,0.75127,0.12546,0.00562,frames/frame_000986.jpg
987,16.450000,,0,B,0.18659,0.75013,0.12165,0.00696,frames/frame_000987.jpg
988,16.466667,,0,P,0.18042,0.76162,0.11793,0.00721,frames/frame_000988.jpg
989,16.483333,,0,B,0.17863,0.75665,0.11477,0.00521,frames/frame_000989.jpg
990,16.500000,,0,B,0.18100,0.75679,0.11704,0.00621,frames/frame_000990.jpg
991,16.516667,,0,B,0.18869,0.75465,0.12422,0.00921,frames/frame_000991.jpg
992,16.533333,,0,P,0.19421,0.76139,0.12937,0.00959,frames/frame_000992.jpg
993,16.550000,,0,B,0.19437,0.75749,0.12955,0.00438,frames/frame_000993.jpg
994,16.566667,,0,P,0.19095,0.76122,0.12750,0.00615,frames/frame_000994.jpg
995,16.583333,,0,B,0.18676,0.75519,0.12511,0.00697,frames/frame_000995.jpg
996,16.600000,,0,P,0.18181,0.76258,0.12262,0.00732,frames/frame_000996.jpg
997,16.616667,,0,B,0.17846,0.75552,0.11986,0.00636,frames/frame_000997.jpg
998,16.633333,,0,B,0.17501,0.75948,0.11581,0.00518,frames/frame_000998.jpg
999,16.650000,,0,B,0.17831,0.75576,0.11800,0.00594,frames/frame_000999.jpg
1000,16.666667,,0,P,0.18568,0.76306,0.12443,0.01004,frames/frame_001000.jpg
1001,16.683333,,0,B,0.18919,0.75981,0.12764,0.00744,frames/frame_001001.jpg
1002,16.700000,,0,B,0.18963,0.76346,0.12798,0.00368,frames/frame_001002.jpg
1003,16.716667,,0,B,0.18730,0.76097,0.12617,0.00506,frames/frame_001003.jpg
1004,16.733333,,0,P,0.18344,0.76395,0.12449,0.00614,frames/frame_001004.jpg
1005,16.750000,,0,B,0.17967,0.75967,0.12128,0.00632,frames/frame_001005.jpg
1006,16.766667,,0,B,0.17552,0.76212,0.11881,0.00590,frames/frame_001006.jpg
1007,16.783333,,0,B,0.17317,0.76089,0.11517,0.00466,frames/frame_001007.jpg
1008,16.800000,,0,P,0.17951,0.76388,0.12071,0.00885,frames/frame_001008.jpg
1009,16.816667,,0,B,0.18620,0.76312,0.12559,0.00811,frames/frame_001009.jpg
1010,16.833333,,0,B,0.20140,0.75844,0.12781,0.01633,frames/frame_001010.jpg
1011,16.850000,,0,B,0.19922,0.75494,0.12547,0.00591,frames/frame_001011.jpg
1012,16.866667,,0,P,0.19249,0.75836,0.12053,0.00945,frames/frame_001012.jpg
1013,16.883333,,0,B,0.18857,0.75147,0.11781,0.00731,frames/frame_001013.jpg
1014,16.900000,,0,B,0.18465,0.75362,0.11617,0.00563,frames/frame_001014.jpg
1015,16.916667,,0,B,0.18212,0.75513,0.11598,0.00370,frames/frame_001015.jpg
1016,16.933333,,0,P,0.17970,0.76088,0.11602,0.00365,frames/frame_001016.jpg
1017,16.950000,,0,B,0.17855,0.75807,0.11453,0.00558,frames/frame_001017.jpg
1018,16.966667,,0,P,0.18318,0.76374,0.12103,0.00906,frames/frame_001018.jpg
1019,16.983333,,0,B,0.18999,0.75693,0.12763,0.01246,frames/frame_001019.jpg
1020,17.000000,,0,B,0.19148,0.76040,0.13004,0.01037,frames/frame_001020.jpg
1021,17.016667,,0,B,0.18980,0.75634,0.12891,0.00595,frames/frame_001021.jpg
1022,17.033333,,0,P,0.18552,0.76423,0.12678,0.00708,frames/frame_001022.jpg
1023,17.050000,,0,B,0.18236,0.75670,0.12438,0.00675,frames/frame_001023.jpg
1024,17.066667,,0,B,0.17787,0.76003,0.12069,0.00634,frames/frame_001024.jpg
1025,17.083333,,0,B,0.17546,0.75874,0.11739,0.00510,frames/frame_001025.jpg
1026,17.100000,,0,P,0.17852,0.76564,0.12066,0.00829,frames/frame_001026.jpg
1027,17.116667,,0,B,0.18647,0.76222,0.12706,0.00936,frames/frame_001027.jpg
1028,17.133333,,0,B,0.18919,0.76537,0.13000,0.00695,frames/frame_001028.jpg
1029,17.150000,,0,B,0.18921,0.76431,0.13005,0.00410,frames/frame_001029.jpg
1030,17.166667,,0,P,0.18575,0.76676,0.12708,0.00604,frames/frame_001030.jpg
1031,17.183333,,0,B,0.18248,0.76178,0.12502,0.00659,frames/frame_001031.jpg
1032,17.200000,,0,B,0.17778,0.76313,0.12178,0.00631,frames/frame_001032.jpg
1033,17.216667,,0,B,0.17450,0.76204,0.11933,0.00528,frames/frame_001033.jpg
1034,17.233333,,0,P,0.17085,0.76841,0.11602,0.00524,frames/frame_001034.jpg
1035,17.250000,,0,B,0.17557,0.76265,0.12003,0.00676,frames/frame_001035.jpg
1036,17.266667,,0,B,0.18352,0.76502,0.12596,0.00892,frames/frame_001036.jpg
1037,17.283333,,0,B,0.18731,0.76575,0.12755,0.00740,frames/frame_001037.jpg
1038,17.300000,,0,P,0.18782,0.76786,0.12775,0.00340,frames/frame_001038.jpg
1039,17.316667,,0,B,0.18518,0.76353,0.12623,0.00548,frames/frame_001039.jpg
1040,17.333333,,0,B,0.18117,0.76428,0.12419,0.00611,frames/frame_001040.jpg
1041,17.350000,,0,B,0.17761,0.76344,0.12044,0.00564,frames/frame_001041.jpg
1042,17.366667,,0,P,0.17318,0.76787,0.11857,0.00575,frames/frame_001042.jpg
1043,17.383333,,0,B,0.17583,0.76533,0.12039,0.00627,frames/frame_001043.jpg
1044,17.400000,,0,B,0.18442,0.76422,0.12611,0.01057,frames/frame_001044.jpg
1045,17.416667,,0,P,0.18972,0.76951,0.12846,0.00831,frames/frame_001045.jpg
1046,17.433333,,0,P,0.44496,0.24107,0.03695,0.29373,frames/frame_001046.jpg
1047,17.450000,,0,B,0.34626,0.25719,0.03458,0.09651,frames/frame_001047.jpg
1048,17.466667,,0,P,0.28588,0.30596,0.05955,0.06814,frames/frame_001048.jpg
1049,17.483333,,0,P,0.20887,0.32279,0.03528,0.07295,frames/frame_001049.jpg
1050,17.500000,,0,B,0.16836,0.35773,0.03901,0.04003,frames/frame_001050.jpg
1051,17.516667,,0,P,0.12806,0.41686,0.04034,0.04032,frames/frame_001051.jpg
1052,17.533333,,0,B,0.10755,0.45083,0.04414,0.02017,frames/frame_001052.jpg
1053,17.550000,,0,P,0.08596,0.54563,0.04942,0.02461,frames/frame_001053.jpg
1054,17.566667,,0,B,0.11153,0.61303,0.08083,0.02939,frames/frame_001054.jpg
1055,17.583333,,0,B,0.11084,0.66901,0.08711,0.01240,frames/frame_001055.jpg
1056,17.600000,,0,B,0.10453,0.67167,0.08266,0.00869,frames/frame_001056.jpg
1057,17.616667,,0,P,0.10569,0.70986,0.08779,0.01550,frames/frame_001057.jpg
1058,17.633333,,0,B,0.06052,0.69115,0.05679,0.04042,frames/frame_001058.jpg
1059,17.650000,,0,B,0.10735,0.70245,0.08799,0.03872,frames/frame_001059.jpg
1060,17.666667,,0,B,0.10699,0.69965,0.08961,0.00987,frames/frame_001060.jpg
1061,17.683333,,0,P,0.10413,0.71330,0.08988,0.01148,frames/frame_001061.jpg
1062,17.700000,,0,B,0.12345,0.69821,0.09918,0.02247,frames/frame_001062.jpg
1063,17.716667,,0,B,0.11946,0.70060,0.09618,0.00705,frames/frame_001063.jpg
1064,17.733333,,0,B,0.11327,0.70065,0.09614,0.01599,frames/frame_001064.jpg
1065,17.750000,,0,P,0.12486,0.70750,0.10182,0.01298,frames/frame_001065.jpg
1066,17.766667,,0,B,0.11912,0.71380,0.10036,0.01696,frames/frame_001066.jpg
1067,17.783333,,0,P,0.13345,0.69952,0.10641,0.02213,frames/frame_001067.jpg
1068,17.800000,,0,B,0.12717,0.70372,0.10620,0.01712,frames/frame_001068.jpg
1069,17.816667,,0,B,0.13351,0.69154,0.10668,0.01668,frames/frame_001069.jpg
1070,17.833333,,0,B,0.13205,0.69702,0.10539,0.01263,frames/frame_001070.jpg
1071,17.850000,,0,P,0.13240,0.69832,0.10655,0.01248,frames/frame_001071.jpg
1072,17.866667,,0,B,0.13955,0.69320,0.10865,0.00889,frames/frame_001072.jpg
1073,17.883333,,0,B,0.13470,0.70026,0.10812,0.01015,frames/frame_001073.jpg
1074,17.900000,,0,B,0.14753,0.69811,0.11521,0.01289,frames/frame_001074.jpg
1075,17.916667,,0,P,0.14698,0.70716,0.11411,0.00401,frames/frame_001075.jpg
1076,17.933333,,0,B,0.14742,0.69782,0.11503,0.00385,frames/frame_001076.jpg
1077,17.950000,,0,B,0.14694,0.70213,0.11485,0.00336,frames/frame_001077.jpg
1078,17.966667,,0,B,0.14696,0.69889,0.11372,0.00365,frames/frame_001078.jpg
1079,17.983333,,0,P,0.14439,0.70641,0.11239,0.00554,frames/frame_001079.jpg
1080,18.000000,,1,I,0.14390,0.70699,0.11144,0.00486,frames/frame_001080.jpg
1081,18.016667,,0,B,0.14490,0.70396,0.11150,0.00336,frames/frame_001081.jpg
1082,18.033333,,0,B,0.14775,0.70289,0.11545,0.00466,frames/frame_001082.jpg
1083,18.050000,,0,B,0.14825,0.70176,0.11484,0.00270,frames/frame_001083.jpg
1084,18.066667,,0,P,0.14817,0.70442,0.11542,0.00293,frames/frame_001084.jpg
1085,18.083333,,0,B,0.14813,0.70357,0.11590,0.00348,frames/frame_001085.jpg
1086,18.100000,,0,B,0.14858,0.69725,0.11448,0.00403,frames/frame_001086.jpg
1087,18.116667,,0,P,0.14741,0.70415,0.11458,0.00413,frames/frame_001087.jpg
1088,18.133333,,0,B,0.14533,0.69957,0.11212,0.00517,frames/frame_001088.jpg
1089,18.150000,,0,B,0.14480,0.70275,0.11129,0.00360,frames/frame_001089.jpg
1090,18.166667,,0,B,0.14468,0.70132,0.11177,0.00318,frames/frame_001090.jpg
1091,18.183333,,0,P,0.14352,0.70815,0.11029,0.00438,frames/frame_001091.jpg
1092,18.200000,,0,B,0.14440,0.70030,0.10989,0.00384,frames/frame_001092.jpg
1093,18.216667,,0,B,0.14490,0.70418,0.11201,0.00341,frames/frame_001093.jpg
1094,18.233333,,0,B,0.14545,0.70065,0.11122,0.00332,frames/frame_001094.jpg
1095,18.250000,,0,P,0.14512,0.70697,0.11122,0.00370,frames/frame_001095.jpg
1096,18.266667,,0,B,0.14576,0.70279,0.11241,0.00339,frames/frame_001096.jpg
1097,18.283333,,0,B,0.14558,0.70498,0.11166,0.00312,frames/frame_001097.jpg
1098,18.300000,,0,B,0.14590,0.70272,0.11249,0.00302,frames/frame_001098.jpg
1099,18.316667,,0,P,0.14537,0.70840,0.11231,0.00392,frames/frame_001099.jpg
1100,18.333333,,0,B,0.14723,0.69993,0.11293,0.00494,frames/frame_001100.jpg
1101,18.350000,,0,B,0.14692,0.70483,0.11410,0.00404,frames/frame_001101.jpg
1102,18.366667,,0,B,0.14706,0.70046,0.11371,0.00370,frames/frame_001102.jpg
1103,18.383333,,0,P,0.14637,0.70584,0.11289,0.00385,frames/frame_001103.jpg
1104,18.400000,,0,B,0.14882,0.70346,0.11663,0.00498,frames/frame_001104.jpg
1105,18.416667,,0,P,0.14823,0.70878,0.11579,0.00357,frames/frame_001105.jpg
1106,18.433333,,0,B,0.14848,0.70278,0.11552,0.00357,frames/frame_001106.jpg
1107,18.450000,,0,B,0.14806,0.70455,0.11588,0.00294,frames/frame_001107.jpg
1108,18.466667,,0,B,0.14804,0.70135,0.11460,0.00281,frames/frame_001108.jpg
1109,18.483333,,0,P,0.14723,0.71044,0.11477,0.00360,frames/frame_001109.jpg
1110,18.500000,,0,B,0.14559,0.70511,0.11312,0.00510,frames/frame_001110.jpg
1111,18.516667,,0,P,0.14507,0.70830,0.11157,0.00334,frames/frame_001111.jpg
1112,18.533333,,0,B,0.14540,0.70363,0.11230,0.00329,frames/frame_001112.jpg
1113,18.550000,,0,B,0.14502,0.70537,0.11214,0.00275,frames/frame_001113.jpg
1114,18.566667,,0,B,0.14516,0.70217,0.11108,0.00318,frames/frame_001114.jpg
1115,18.583333,,0,P,0.14464,0.70883,0.11198,0.00338,frames/frame_001115.jpg
1116,18.600000,,0,B,0.14517,0.70236,0.11126,0.00355,frames/frame_001116.jpg
1117,18.616667,,0,B,0.14429,0.72554,0.10858,0.01632,frames/frame_001117.jpg
1118,18.633333,,0,B,0.14726,0.71678,0.11182,0.00637,frames/frame_001118.jpg
1119,18.650000,,0,P,0.14761,0.72167,0.11083,0.00444,frames/frame_001119.jpg
1120,18.666667,,0,B,0.14820,0.71624,0.11132,0.00387,frames/frame_001120.jpg
1121,18.683333,,0,B,0.14816,0.71791,0.11189,0.00356,frames/frame_001121.jpg
1122,18.700000,,0,B,0.15242,0.70403,0.11273,0.01147,frames/frame_001122.jpg
1123,18.716667,,0,P,0.15167,0.70951,0.11381,0.00395,frames/frame_001123.jpg
1124,18.733333,,0,B,0.15005,0.69995,0.11245,0.00561,frames/frame_001124.jpg
1125,18.750000,,0,B,0.14860,0.70382,0.11138,0.00402,frames/frame_001125.jpg
1126,18.766667,,0,B,0.14842,0.69932,0.11162,0.00448,frames/frame_001126.jpg
1127,18.783333,,0,P,0.14791,0.71203,0.11243,0.00857,frames/frame_001127.jpg
1128,18.800000,,0,B,0.14807,0.69787,0.11152,0.00544,frames/frame_001128.jpg
1129,18.816667,,0,B,0.14781,0.70145,0.11270,0.00469,frames/frame_001129.jpg
1130,18.833333,,0,B,0.14846,0.69754,0.11132,0.00428,frames/frame_001130.jpg
1131,18.850000,,0,P,0.14760,0.70801,0.11263,0.00453,frames/frame_001131.jpg
1132,18.866667,,0,B,0.14821,0.69565,0.11312,0.00423,frames/frame_001132.jpg
1133,18.883333,,0,B,0.14770,0.69850,0.11192,0.00346,frames/frame_001133.jpg
1134,18.900000,,0,B,0.14774,0.69530,0.11274,0.00357,frames/frame_001134.jpg
1135,18.916667,,0,P,0.14675,0.70401,0.11229,0.00413,frames/frame_001135.jpg
1136,18.933333,,0,B,0.14764,0.69997,0.11240,0.00384,frames/frame_001136.jpg
1137,18.950000,,0,P,0.14724,0.70768,0.11376,0.00403,frames/frame_001137.jpg
1138,18.966667,,0,B,0.14766,0.70021,0.11288,0.00345,frames/frame_001138.jpg
1139,18.983333,,0,B,0.14745,0.70135,0.11258,0.00327,frames/frame_001139.jpg
1140,19.000000,,0,B,0.14776,0.70015,0.11367,0.00330,frames/frame_001140.jpg
1141,19.016667,,0,P,0.14669,0.70890,0.11240,0.00387,frames/frame_001141.jpg
1142,19.033333,,0,B,0.14714,0.70307,0.11240,0.00333,frames/frame_001142.jpg
1143,19.050000,,0,B,0.14704,0.70570,0.11352,0.00281,frames/frame_001143.jpg
1144,19.066667,,0,B,0.14721,0.70365,0.11243,0.00275,frames/frame_001144.jpg
1145,19.083333,,0,P,0.14642,0.70952,0.11292,0.00350,frames/frame_001145.jpg
1146,19.100000,,0,B,0.14680,0.70401,0.11339,0.00336,frames/frame_001146.jpg
1147,19.116667,,0,P,0.14646,0.70670,0.11241,0.00323,frames/frame_001147.jpg
1148,19.133333,,0,B,0.14694,0.69973,0.11351,0.00326,frames/frame_001148.jpg
1149,19.150000,,0,B,0.14672,0.70223,0.11369,0.00281,frames/frame_001149.jpg
1150,19.166667,,0,B,0.14662,0.70024,0.11252,0.00292,frames/frame_001150.jpg
1151,19.183333,,0,P,0.14619,0.70465,0.11386,0.00351,frames/frame_001151.jpg
1152,19.200000,,0,B,0.14630,0.70195,0.11299,0.00315,frames/frame_001152.jpg
1153,19.216667,,0,B,0.14585,0.70462,0.11224,0.00301,frames/frame_001153.jpg
1154,19.233333,,0,B,0.14954,0.69722,0.11600,0.01107,frames/frame_001154.jpg
1155,19.250000,,0,P,0.14933,0.70617,0.11528,0.00583,frames/frame_001155.jpg
1156,19.266667,,0,B,0.15078,0.69311,0.11573,0.00455,frames/frame_001156.jpg
1157,19.283333,,0,B,0.15057,0.69799,0.11604,0.00419,frames/frame_001157.jpg
1158,19.300000,,0,B,0.15150,0.69279,0.11508,0.00428,frames/frame_001158.jpg
1159,19.316667,,0,P,0.15074,0.70153,0.11626,0.00467,frames/frame_001159.jpg
1160,19.333333,,0,B,0.14937,0.69178,0.11459,0.00584,frames/frame_001160.jpg
1161,19.350000,,0,B,0.14840,0.69692,0.11319,0.00392,frames/frame_001161.jpg
1162,19.366667,,0,B,0.14823,0.69186,0.11376,0.00414,frames/frame_001162.jpg
1163,19.383333,,0,P,0.14818,0.70532,0.11479,0.00634,frames/frame_001163.jpg
1164,19.400000,,0,B,0.14789,0.70193,0.11334,0.00427,frames/frame_001164.jpg
1165,19.416667,,0,P,0.14662,0.71140,0.11353,0.00412,frames/frame_001165.jpg
1166,19.433333,,0,B,0.14648,0.70537,0.11231,0.00350,frames/frame_001166.jpg
1167,19.450000,,0,B,0.14619,0.70753,0.11253,0.00324,frames/frame_001167.jpg
1168,19.466667,,0,B,0.14605,0.70598,0.11303,0.00310,frames/frame_001168.jpg
1169,19.483333,,0,P,0.14301,0.71341,0.10936,0.00514,frames/frame_001169.jpg
1170,19.500000,,0,B,0.14367,0.70669,0.10998,0.00338,frames/frame_001170.jpg
1171,19.516667,,0,B,0.14357,0.70670,0.10960,0.00285,frames/frame_001171.jpg
1172,19.533333,,0,B,0.14621,0.70498,0.11198,0.00504,frames/frame_001172.jpg
1173,19.550000,,0,P,0.14625,0.71005,0.11356,0.00346,frames/frame_001173.jpg
1174,19.566667,,0,B,0.14652,0.70408,0.11263,0.00302,frames/frame_001174.jpg
1175,19.583333,,0,B,0.14627,0.70553,0.11273,0.00264,frames/frame_001175.jpg
1176,19.600000,,0,B,0.14620,0.70268,0.11348,0.00288,frames/frame_001176.jpg
1177,19.616667,,0,P,0.14506,0.70850,0.11246,0.00354,frames/frame_001177.jpg
1178,19.633333,,0,B,0.14402,0.69896,0.11014,0.00460,frames/frame_001178.jpg
1179,19.650000,,0,B,0.14376,0.70280,0.11104,0.00312,frames/frame_001179.jpg
1180,19.666667,,0,B,0.14400,0.70034,0.10981,0.00285,frames/frame_001180.jpg
1181,19.683333,,0,P,0.14601,0.70979,0.11370,0.00542,frames/frame_001181.jpg
1182,19.700000,,0,B,0.14639,0.70569,0.11347,0.00351,frames/frame_001182.jpg
1183,19.716667,,0,B,0.14641,0.70719,0.11243,0.00317,frames/frame_001183.jpg
1184,19.733333,,0,B,0.14641,0.70511,0.11320,0.00297,frames/frame_001184.jpg
1185,19.750000,,0,P,0.14589,0.71088,0.11262,0.00316,frames/frame_001185.jpg
1186,19.766667,,0,B,0.14617,0.70383,0.11205,0.00355,frames/frame_001186.jpg
1187,19.783333,,0,B,0.14439,0.70430,0.11111,0.00469,frames/frame_001187.jpg
1188,19.800000,,0,B,0.14484,0.70229,0.11040,0.00315,frames/frame_001188.jpg
1189,19.816667,,0,P,0.14448,0.72999,0.10900,0.01622,frames/frame_001189.jpg
1190,19.833333,,0,B,0.14743,0.71842,0.11215,0.00662,frames/frame_001190.jpg
1191,19.850000,,0,B,0.14788,0.71980,0.11136,0.00371,frames/frame_001191.jpg
1192,19.866667,,0,B,0.14855,0.71753,0.11210,0.00370,frames/frame_001192.jpg
1193,19.883333,,0,P,0.14817,0.72205,0.11276,0.00399,frames/frame_001193.jpg
1194,19.900000,,0,B,0.15254,0.70493,0.11386,0.01162,frames/frame_001194.jpg
1195,19.916667,,0,B,0.15195,0.70569,0.11488,0.00350,frames/frame_001195.jpg
1196,19.933333,,0,B,0.14948,0.70415,0.11239,0.00532,frames/frame_001196.jpg
1197,19.950000,,0,P,0.14831,0.70996,0.11158,0.00388,frames/frame_001197.jpg
1198,19.966667,,0,B,0.14800,0.70432,0.11240,0.00398,frames/frame_001198.jpg
1199,19.983333,,0,B,0.14741,0.70686,0.11123,0.00349,frames/frame_001199.jpg
1200,20.000000,,0,B,0.14663,0.70396,0.11002,0.00364,frames/frame_001200.jpg
1201,20.016667,,0,P,0.14558,0.71036,0.11078,0.00388,frames/frame_001201.jpg
1202,20.033333,,0,B,0.14556,0.70509,0.10932,0.00342,frames/frame_001202.jpg
1203,20.050000,,0,B,0.14518,0.70630,0.10941,0.00332,frames/frame_001203.jpg
1204,20.066667,,0,B,0.14545,0.70526,0.11077,0.00312,frames/frame_001204.jpg
1205,20.083333,,0,P,0.14481,0.70997,0.10962,0.00322,frames/frame_001205.jpg
1206,20.100000,,0,B,0.14541,0.70273,0.11073,0.00376,frames/frame_001206.jpg
1207,20.116667,,0,B,0.14518,0.70405,0.11093,0.00349,frames/frame_001207.jpg
1208,20.133333,,0,B,0.14913,0.70399,0.11496,0.00650,frames/frame_001208.jpg
1209,20.150000,,0,P,0.14887,0.70993,0.11660,0.00434,frames/frame_001209.jpg
1210,20.166667,,0,B,0.14911,0.70524,0.11589,0.00341,frames/frame_001210.jpg
1211,20.183333,,0,P,0.14884,0.70781,0.11531,0.00355,frames/frame_001211.jpg
1212,20.200000,,0,B,0.14879,0.70406,0.11628,0.00355,frames/frame_001212.jpg
1213,20.216667,,0,P,0.14789,0.70915,0.11447,0.00344,frames/frame_001213.jpg
1214,20.233333,,0,B,0.14649,0.70350,0.11230,0.00459,frames/frame_001214.jpg
1215,20.250000,,0,P,0.14570,0.70925,0.11277,0.00348,frames/frame_001215.jpg
1216,20.266667,,0,B,0.14624,0.70285,0.11178,0.00303,frames/frame_001216.jpg
1217,20.283333,,0,B,0.14806,0.70847,0.11480,0.00477,frames/frame_001217.jpg
1218,20.300000,,0,B,0.14825,0.70434,0.11482,0.00297,frames/frame_001218.jpg
1219,20.316667,,0,P,0.14792,0.71000,0.11395,0.00322,frames/frame_001219.jpg
1220,20.333333,,0,B,0.14815,0.70427,0.11501,0.00316,frames/frame_001220.jpg
1221,20.350000,,0,B,0.14761,0.70657,0.11477,0.00260,frames/frame_001221.jpg
1222,20.366667,,0,B,0.14767,0.70439,0.11354,0.00281,frames/frame_001222.jpg
1223,20.383333,,0,P,0.14542,0.70769,0.11260,0.00465,frames/frame_001223.jpg
1224,20.400000,,0,B,0.14572,0.70229,0.11145,0.00312,frames/frame_001224.jpg
1225,20.416667,,0,B,0.14569,0.70394,0.11130,0.00270,frames/frame_001225.jpg
1226,20.433333,,0,B,0.14883,0.69942,0.11509,0.00512,frames/frame_001226.jpg
1227,20.450000,,0,P,0.14875,0.70487,0.11359,0.00385,frames/frame_001227.jpg
1228,20.466667,,0,B,0.14903,0.69958,0.11448,0.00331,frames/frame_001228.jpg
1229,20.483333,,0,B,0.14898,0.70259,0.11530,0.00271,frames/frame_001229.jpg
1230,20.500000,,0,B,0.14927,0.70093,0.11377,0.00303,frames/frame_001230.jpg
1231,20.516667,,0,P,0.14868,0.70621,0.11494,0.00340,frames/frame_001231.jpg
1232,20.533333,,0,B,0.14699,0.69826,0.11285,0.00486,frames/frame_001232.jpg
1233,20.550000,,0,B,0.14587,0.70183,0.11188,0.00369,frames/frame_001233.jpg
1234,20.566667,,0,B,0.14564,0.69975,0.11233,0.00390,frames/frame_001234.jpg
1235,20.583333,,0,P,0.14824,0.71224,0.11519,0.00974,frames/frame_001235.jpg
1236,20.600000,,0,B,0.14882,0.69855,0.11435,0.00541,frames/frame_001236.jpg
1237,20.616667,,0,B,0.14902,0.70208,0.11617,0.00436,frames/frame_001237.jpg
1238,20.633333,,0,B,0.14929,0.69653,0.11483,0.00382,frames/frame_001238.jpg
1239,20.650000,,0,P,0.14824,0.70947,0.11556,0.00458,frames/frame_001239.jpg
1240,20.666667,,0,B,0.14875,0.69770,0.11627,0.00424,frames/frame_001240.jpg
1241,20.683333,,0,B,0.14670,0.69999,0.11243,0.00465,frames/frame_001241.jpg
1242,20.700000,,0,B,0.14677,0.69670,0.11285,0.00351,frames/frame_001242.jpg
1243,20.716667,,0,P,0.14537,0.70673,0.11273,0.00399,frames/frame_001243.jpg
1244,20.733333,,0,B,0.14765,0.70222,0.11390,0.00514,frames/frame_001244.jpg
1245,20.750000,,0,B,0.14778,0.70368,0.11533,0.00302,frames/frame_001245.jpg
1246,20.766667,,0,B,0.14777,0.70223,0.11428,0.00282,frames/frame_001246.jpg
1247,20.783333,,0,P,0.14700,0.70887,0.11355,0.00349,frames/frame_001247.jpg
1248,20.800000,,0,B,0.14732,0.70151,0.11494,0.00308,frames/frame_001248.jpg
1249,20.816667,,0,B,0.14682,0.70384,0.11402,0.00277,frames/frame_001249.jpg
1250,20.833333,,0,B,0.14526,0.70125,0.11154,0.00397,frames/frame_001250.jpg
1251,20.850000,,0,P,0.14433,0.70635,0.11233,0.00331,frames/frame_001251.jpg
1252,20.866667,,0,B,0.14470,0.70087,0.11058,0.00317,frames/frame_001252.jpg
1253,20.883333,,0,B,0.14669,0.70687,0.11437,0.00488,frames/frame_001253.jpg
1254,20.900000,,0,B,0.14699,0.70398,0.11424,0.00298,frames/frame_001254.jpg
1255,20.916667,,0,P,0.14642,0.71117,0.11304,0.00333,frames/frame_001255.jpg
1256,20.933333,,0,B,0.14662,0.70447,0.11404,0.00300,frames/frame_001256.jpg
1257,20.950000,,0,B,0.14648,0.70657,0.11411,0.00266,frames/frame_001257.jpg
1258,20.966667,,0,B,0.14654,0.70510,0.11333,0.00297,frames/frame_001258.jpg
1259,20.983333,,0,P,0.14448,0.70822,0.11224,0.00472,frames/frame_001259.jpg
1260,21.000000,,1,I,0.14411,0.70313,0.11073,0.00478,frames/frame_001260.jpg
1261,21.016667,,0,B,0.14486,0.71429,0.10875,0.01689,frames/frame_001261.jpg
1262,21.033333,,0,B,0.14733,0.71340,0.11221,0.01198,frames/frame_001262.jpg
1263,21.050000,,0,B,0.14885,0.71052,0.11220,0.00519,frames/frame_001263.jpg
1264,21.066667,,0,P,0.14881,0.72009,0.11274,0.00508,frames/frame_001264.jpg
1265,21.083333,,0,B,0.14980,0.70918,0.11323,0.00487,frames/frame_001265.jpg
1266,21.100000,,0,B,0.15407,0.69716,0.11480,0.01160,frames/frame_001266.jpg
1267,21.116667,,0,B,0.15437,0.69377,0.11618,0.00436,frames/frame_001267.jpg
1268,21.133333,,0,P,0.15126,0.70346,0.11465,0.00660,frames/frame_001268.jpg
1269,21.150000,,0,B,0.15167,0.69250,0.11392,0.00442,frames/frame_001269.jpg
1270,21.166667,,0,B,0.15036,0.69591,0.11418,0.00477,frames/frame_001270.jpg
1271,21.183333,,0,B,0.14984,0.69238,0.11273,0.00391,frames/frame_001271.jpg
1272,21.200000,,0,P,0.14731,0.70322,0.11117,0.00515,frames/frame_001272.jpg
1273,21.216667,,0,B,0.14660,0.70471,0.11094,0.00369,frames/frame_001273.jpg
1274,21.233333,,0,B,0.14635,0.69784,0.10940,0.00368,frames/frame_001274.jpg
1275,21.250000,,0,P,0.14469,0.70865,0.10907,0.00411,frames/frame_001275.jpg
1276,21.266667,,0,B,0.14473,0.69905,0.10921,0.00331,frames/frame_001276.jpg
1277,21.283333,,0,B,0.14452,0.70263,0.10868,0.00332,frames/frame_001277.jpg
1278,21.300000,,0,B,0.14442,0.69964,0.10960,0.00305,frames/frame_001278.jpg
1279,21.316667,,0,P,0.14341,0.70804,0.10906,0.00351,frames/frame_001279.jpg
1280,21.333333,,0,B,0.14564,0.70108,0.11115,0.00529,frames/frame_001280.jpg
1281,21.350000,,0,B,0.14603,0.70435,0.11270,0.00312,frames/frame_001281.jpg
1282,21.366667,,0,B,0.14623,0.70142,0.11178,0.00299,frames/frame_001282.jpg
1283,21.383333,,0,P,0.14569,0.70874,0.11185,0.00367,frames/frame_001283.jpg
1284,21.400000,,0,B,0.14608,0.70323,0.11298,0.00329,frames/frame_001284.jpg
1285,21.416667,,0,B,0.14597,0.70465,0.11227,0.00325,frames/frame_001285.jpg
1286,21.433333,,0,B,0.14454,0.70085,0.10993,0.00440,frames/frame_001286.jpg
1287,21.450000,,0,P,0.14361,0.70672,0.11036,0.00344,frames/frame_001287.jpg
1288,21.466667,,0,B,0.14382,0.70515,0.10946,0.00308,frames/frame_001288.jpg
1289,21.483333,,0,B,0.14637,0.70360,0.11326,0.00522,frames/frame_001289.jpg
1290,21.500000,,0,P,0.14607,0.70858,0.11320,0.00349,frames/frame_001290.jpg
1291,21.516667,,0,B,0.14665,0.70080,0.11221,0.00379,frames/frame_001291.jpg
1292,21.533333,,0,B,0.14643,0.70193,0.11295,0.00307,frames/frame_001292.jpg
1293,21.550000,,0,B,0.14652,0.69972,0.11230,0.00285,frames/frame_001293.jpg
1294,21.566667,,0,P,0.14586,0.70547,0.11106,0.00351,frames/frame_001294.jpg
1295,21.583333,,0,B,0.14493,0.69704,0.11072,0.00504,frames/frame_001295.jpg
1296,21.600000,,0,B,0.14476,0.70030,0.10979,0.00311,frames/frame_001296.jpg
1297,21.616667,,0,B,0.14558,0.69724,0.11016,0.00356,frames/frame_001297.jpg
1298,21.633333,,0,P,0.14829,0.70317,0.11503,0.00606,frames/frame_001298.jpg
1299,21.650000,,0,B,0.14852,0.70469,0.11375,0.00340,frames/frame_001299.jpg
1300,21.666667,,0,B,0.14916,0.69857,0.11378,0.00358,frames/frame_001300.jpg
1301,21.683333,,0,P,0.14870,0.70457,0.11495,0.00365,frames/frame_001301.jpg
1302,21.700000,,0,B,0.14907,0.69883,0.11341,0.00359,frames/frame_001302.jpg
1303,21.716667,,0,B,0.14854,0.70168,0.11391,0.00341,frames/frame_001303.jpg
1304,21.733333,,0,B,0.14617,0.70022,0.11121,0.00452,frames/frame_001304.jpg
1305,21.750000,,0,P,0.14509,0.70664,0.11048,0.00347,frames/frame_001305.jpg
1306,21.766667,,0,B,0.14496,0.69955,0.11102,0.00342,frames/frame_001306.jpg
1307,21.783333,,0,B,0.14564,0.70593,0.11181,0.00516,frames/frame_001307.jpg
1308,21.800000,,0,B,0.14577,0.70295,0.11115,0.00322,frames/frame_001308.jpg
1309,21.816667,,0,P,0.14514,0.70813,0.11206,0.00330,frames/frame_001309.jpg
1310,21.833333,,0,B,0.14534,0.70333,0.11081,0.00292,frames/frame_001310.jpg
1311,21.850000,,0,B,0.14501,0.70547,0.11081,0.00267,frames/frame_001311.jpg
1312,21.866667,,0,B,0.14497,0.70407,0.11147,0.00275,frames/frame_001312.jpg
1313,21.883333,,0,P,0.14290,0.70720,0.10836,0.00438,frames/frame_001313.jpg
1314,21.900000,,0,B,0.14351,0.70217,0.10960,0.00338,frames/frame_001314.jpg
1315,21.916667,,0,B,0.14344,0.70495,0.10974,0.00318,frames/frame_001315.jpg
1316,21.933333,,0,B,0.14727,0.70337,0.11368,0.00608,frames/frame_001316.jpg
1317,21.950000,,0,P,0.14735,0.71199,0.11501,0.00405,frames/frame_001317.jpg
1318,21.966667,,0,B,0.14756,0.70801,0.11429,0.00308,frames/frame_001318.jpg
1319,21.983333,,0,P,0.14664,0.71398,0.11342,0.00366,frames/frame_001319.jpg
1320,22.000000,,0,B,0.14700,0.70850,0.11470,0.00332,frames/frame_001320.jpg
1321,22.016667,,0,P,0.14623,0.71229,0.11315,0.00345,frames/frame_001321.jpg
1322,22.033333,,0,B,0.14482,0.70386,0.11083,0.00478,frames/frame_001322.jpg
1323,22.050000,,0,B,0.14461,0.70456,0.11175,0.00324,frames/frame_001323.jpg
1324,22.066667,,0,B,0.14484,0.70302,0.11044,0.00314,frames/frame_001324.jpg
1325,22.083333,,0,P,0.14612,0.71057,0.11342,0.00523,frames/frame_001325.jpg
1326,22.100000,,0,B,0.14682,0.70444,0.11392,0.00327,frames/frame_001326.jpg
1327,22.116667,,0,B,0.14687,0.70793,0.11300,0.00276,frames/frame_001327.jpg
1328,22.133333,,0,B,0.14700,0.70620,0.11409,0.00275,frames/frame_001328.jpg
1329,22.150000,,0,P,0.14652,0.70977,0.11346,0.00281,frames/frame_001329.jpg
1330,22.166667,,0,B,0.14675,0.70468,0.11230,0.00342,frames/frame_001330.jpg
1331,22.183333,,0,B,0.14504,0.70582,0.11135,0.00438,frames/frame_001331.jpg
1332,22.200000,,0,B,0.14517,0.70195,0.11068,0.00307,frames/frame_001332.jpg
1333,22.216667,,0,P,0.14456,0.72737,0.10808,0.01656,frames/frame_001333.jpg
1334,22.233333,,0,B,0.14738,0.71658,0.11187,0.00637,frames/frame_001334.jpg
1335,22.250000,,0,B,0.14747,0.72092,0.11056,0.00374,frames/frame_001335.jpg
1336,22.266667,,0,B,0.14830,0.71604,0.11113,0.00353,frames/frame_001336.jpg
1337,22.283333,,0,P,0.14809,0.72133,0.11181,0.00387,frames/frame_001337.jpg
1338,22.300000,,0,B,0.15252,0.70241,0.11215,0.01163,frames/frame_001338.jpg
1339,22.316667,,0,B,0.15199,0.70489,0.11329,0.00356,frames/frame_001339.jpg
1340,22.333333,,0,B,0.14985,0.70605,0.11131,0.00549,frames/frame_001340.jpg
1341,22.350000,,0,P,0.14870,0.71016,0.11083,0.00384,frames/frame_001341.jpg
1342,22.366667,,0,B,0.14871,0.70176,0.11238,0.00435,frames/frame_001342.jpg
1343,22.383333,,0,B,0.14893,0.70478,0.11259,0.00847,frames/frame_001343.jpg
1344,22.400000,,0,B,0.14875,0.69767,0.11146,0.00473,frames/frame_001344.jpg
1345,22.416667,,0,P,0.14777,0.70909,0.11209,0.00488,frames/frame_001345.jpg
1346,22.433333,,0,B,0.14861,0.69580,0.11141,0.00473,frames/frame_001346.jpg
1347,22.450000,,0,B,0.14809,0.70155,0.11203,0.00403,frames/frame_001347.jpg
1348,22.466667,,0,B,0.14848,0.69553,0.11308,0.00389,frames/frame_001348.jpg
1349,22.483333,,0,P,0.14720,0.70511,0.11207,0.00426,frames/frame_001349.jpg
1350,22.500000,,0,B,0.14763,0.69707,0.11226,0.00396,frames/frame_001350.jpg
1351,22.516667,,0,B,0.14709,0.69953,0.11236,0.00361,frames/frame_001351.jpg
1352,22.533333,,0,B,0.14929,0.69714,0.11374,0.00554,frames/frame_001352.jpg
1353,22.550000,,0,P,0.14894,0.70802,0.11502,0.00423,frames/frame_001353.jpg
1354,22.566667,,0,B,0.14906,0.70109,0.11420,0.00322,frames/frame_001354.jpg
1355,22.583333,,0,B,0.14874,0.70328,0.11409,0.00285,frames/frame_001355.jpg
1356,22.600000,,0,B,0.14871,0.70341,0.11502,0.00290,frames/frame_001356.jpg
1357,22.616667,,0,P,0.14760,0.70867,0.11412,0.00357,frames/frame_001357.jpg
1358,22.633333,,0,B,0.14645,0.70042,0.11168,0.00431,frames/frame_001358.jpg
1359,22.650000,,0,B,0.14617,0.70310,0.11269,0.00287,frames/frame_001359.jpg
1360,22.666667,,0,B,0.14636,0.69835,0.11137,0.00294,frames/frame_001360.jpg
1361,22.683333,,0,P,0.14771,0.70834,0.11504,0.00534,frames/frame_001361.jpg
1362,22.700000,,0,B,0.14830,0.70164,0.11511,0.00323,frames/frame_001362.jpg
1363,22.716667,,0,B,0.14826,0.70456,0.11405,0.00292,frames/frame_001363.jpg
1364,22.733333,,0,B,0.14828,0.70335,0.11498,0.00298,frames/frame_001364.jpg
1365,22.750000,,0,P,0.14751,0.70878,0.11512,0.00334,frames/frame_001365.jpg
1366,22.766667,,0,B,0.14760,0.70610,0.11428,0.00324,frames/frame_001366.jpg
1367,22.783333,,0,P,0.14546,0.70924,0.11285,0.00490,frames/frame_001367.jpg
1368,22.800000,,0,B,0.14575,0.70369,0.11234,0.00336,frames/frame_001368.jpg
1369,22.816667,,0,P,0.14542,0.70695,0.11153,0.00332,frames/frame_001369.jpg
1370,22.833333,,0,B,0.14939,0.69806,0.11578,0.01109,frames/frame_001370.jpg
1371,22.850000,,0,B,0.14961,0.70346,0.11487,0.00541,frames/frame_001371.jpg
1372,22.866667,,0,B,0.15069,0.69641,0.11530,0.00436,frames/frame_001372.jpg
1373,22.883333,,0,P,0.15022,0.70230,0.11585,0.00452,frames/frame_001373.jpg
1374,22.900000,,0,B,0.15139,0.69033,0.11505,0.00452,frames/frame_001374.jpg
1375,22.916667,,0,B,0.15113,0.69328,0.11651,0.00424,frames/frame_001375.jpg
1376,22.933333,,0,B,0.14935,0.69238,0.11469,0.00538,frames/frame_001376.jpg
1377,22.950000,,0,P,0.14785,0.70301,0.11358,0.00457,frames/frame_001377.jpg
1378,22.966667,,0,B,0.14793,0.69428,0.11367,0.00473,frames/frame_001378.jpg
1379,22.983333,,0,B,0.14852,0.69792,0.11395,0.00582,frames/frame_001379.jpg
1380,23.000000,,0,B,0.14784,0.69563,0.11247,0.00428,frames/frame_001380.jpg
1381,23.016667,,0,P,0.14619,0.70599,0.11286,0.00455,frames/frame_001381.jpg
1382,23.033333,,0,B,0.14620,0.70066,0.11171,0.00344,frames/frame_001382.jpg
1383,23.050000,,0,B,0.14572,0.70438,0.11179,0.00323,frames/frame_001383.jpg
1384,23.066667,,0,B,0.14576,0.70224,0.11240,0.00303,frames/frame_001384.jpg
1385,23.083333,,0,P,0.14324,0.70784,0.10837,0.00482,frames/frame_001385.jpg
1386,23.100000,,0,B,0.14377,0.70120,0.10948,0.00333,frames/frame_001386.jpg
1387,23.116667,,0,B,0.14385,0.70386,0.10968,0.00288,frames/frame_001387.jpg
1388,23.133333,,0,B,0.14615,0.69860,0.11163,0.00465,frames/frame_001388.jpg
1389,23.150000,,0,P,0.14565,0.70507,0.11311,0.00341,frames/frame_001389.jpg
1390,23.166667,,0,B,0.14627,0.69905,0.11290,0.00319,frames/frame_001390.jpg
1391,23.183333,,0,B,0.14611,0.70137,0.11236,0.00288,frames/frame_001391.jpg
1392,23.200000,,0,B,0.14640,0.69799,0.11365,0.00297,frames/frame_001392.jpg
1393,23.216667,,0,P,0.14591,0.70385,0.11266,0.00353,frames/frame_001393.jpg
1394,23.233333,,0,B,0.14449,0.69746,0.11053,0.00494,frames/frame_001394.jpg
1395,23.250000,,0,B,0.14435,0.70107,0.11140,0.00286,frames/frame_001395.jpg
1396,23.266667,,0,B,0.14475,0.69844,0.11028,0.00297,frames/frame_001396.jpg
1397,23.283333,,0,P,0.14710,0.70757,0.11440,0.00589,frames/frame_001397.jpg
1398,23.300000,,0,B,0.14781,0.70204,0.11451,0.00350,frames/frame_001398.jpg
1399,23.316667,,0,B,0.14786,0.70477,0.11326,0.00286,frames/frame_001399.jpg
1400,23.333333,,0,B,0.14806,0.70169,0.11418,0.00296,frames/frame_001400.jpg
1401,23.350000,,0,P,0.14759,0.70818,0.11389,0.00317,frames/frame_001401.jpg
1402,23.366667,,0,B,0.14771,0.70266,0.11299,0.00354,frames/frame_001402.jpg
1403,23.383333,,0,B,0.14603,0.70407,0.11228,0.00459,frames/frame_001403.jpg
1404,23.400000,,0,B,0.14655,0.69865,0.11156,0.00354,frames/frame_001404.jpg
1405,23.416667,,0,P,0.14641,0.72825,0.10948,0.01618,frames/frame_001405.jpg
1406,23.433333,,0,B,0.14914,0.71728,0.11244,0.00670,frames/frame_001406.jpg
1407,23.450000,,0,B,0.14930,0.71972,0.11151,0.00351,frames/frame_001407.jpg
1408,23.466667,,0,B,0.14973,0.71603,0.11206,0.00367,frames/frame_001408.jpg
1409,23.483333,,0,P,0.14936,0.71992,0.11269,0.00373,frames/frame_001409.jpg
1410,23.500000,,0,B,0.15342,0.70126,0.11320,0.01155,frames/frame_001410.jpg
1411,23.516667,,0,B,0.15274,0.70355,0.11436,0.00384,frames/frame_001411.jpg
1412,23.533333,,0,B,0.15052,0.69990,0.11242,0.00523,frames/frame_001412.jpg
1413,23.550000,,0,P,0.14915,0.70691,0.11127,0.00417,frames/frame_001413.jpg
1414,23.566667,,0,B,0.14887,0.70066,0.11187,0.00388,frames/frame_001414.jpg
1415,23.583333,,0,B,0.14816,0.70245,0.11091,0.00349,frames/frame_001415.jpg
1416,23.600000,,0,B,0.14700,0.70104,0.10938,0.00378,frames/frame_001416.jpg
1417,23.616667,,0,P,0.14567,0.70930,0.11014,0.00394,frames/frame_001417.jpg
1418,23.633333,,0,B,0.14519,0.70317,0.10901,0.00349,frames/frame_001418.jpg
1419,23.650000,,0,P,0.14368,0.71094,0.10872,0.00390,frames/frame_001419.jpg
1420,23.666667,,0,B,0.14349,0.70377,0.10928,0.00353,frames/frame_001420.jpg
1421,23.683333,,0,P,0.14217,0.70879,0.10800,0.00360,frames/frame_001421.jpg
1422,23.700000,,0,B,0.14177,0.70673,0.10869,0.00320,frames/frame_001422.jpg
1423,23.716667,,0,P,0.14035,0.71239,0.10860,0.00361,frames/frame_001423.jpg
1424,23.733333,,0,B,0.14535,0.70595,0.11229,0.00734,frames/frame_001424.jpg
1425,23.750000,,0,B,0.14607,0.70590,0.11439,0.00441,frames/frame_001425.jpg
1426,23.766667,,0,B,0.14711,0.70197,0.11471,0.00426,frames/frame_001426.jpg
1427,23.783333,,0,P,0.14646,0.70880,0.11369,0.00418,frames/frame_001427.jpg
1428,23.800000,,0,B,0.14733,0.70413,0.11552,0.00351,frames/frame_001428.jpg
1429,23.816667,,0,P,0.14708,0.70735,0.11424,0.00333,frames/frame_001429.jpg
1430,23.833333,,0,B,0.14532,0.70131,0.11127,0.00504,frames/frame_001430.jpg
1431,23.850000,,0,B,0.14513,0.70413,0.11228,0.00333,frames/frame_001431.jpg
1432,23.866667,,0,B,0.14549,0.70190,0.11111,0.00330,frames/frame_001432.jpg
1433,23.883333,,0,P,0.14712,0.71087,0.11434,0.00587,frames/frame_001433.jpg
1434,23.900000,,0,B,0.14807,0.70390,0.11487,0.00358,frames/frame_001434.jpg
1435,23.916667,,0,B,0.14811,0.70716,0.11352,0.00292,frames/frame_001435.jpg
1436,23.933333,,0,B,0.14852,0.70428,0.11478,0.00278,frames/frame_001436.jpg
1437,23.950000,,0,P,0.14803,0.70886,0.11417,0.00313,frames/frame_001437.jpg
1438,23.966667,,0,B,0.14798,0.70636,0.11278,0.00321,frames/frame_001438.jpg
1439,23.983333,,0,P,0.14595,0.71000,0.11187,0.00472,frames/frame_001439.jpg
1440,24.000000,,1,I,0.14616,0.70347,0.11015,0.00487,frames/frame_001440.jpg
1441,24.016667,,0,B,0.14676,0.69885,0.10998,0.00256,frames/frame_001441.jpg
1442,24.033333,,0,B,0.14961,0.69887,0.11412,0.00447,frames/frame_001442.jpg
1443,24.050000,,0,B,0.14976,0.69779,0.11333,0.00244,frames/frame_001443.jpg
1444,24.066667,,0,P,0.14976,0.70080,0.11404,0.00298,frames/frame_001444.jpg
1445,24.083333,,0,P,0.14982,0.70175,0.11461,0.00315,frames/frame_001445.jpg
1446,24.100000,,0,B,0.14998,0.69696,0.11331,0.00350,frames/frame_001446.jpg
1447,24.116667,,0,B,0.14943,0.70003,0.11415,0.00330,frames/frame_001447.jpg
1448,24.133333,,0,B,0.14721,0.69769,0.11177,0.00444,frames/frame_001448.jpg
1449,24.150000,,0,P,0.14612,0.70358,0.11079,0.00362,frames/frame_001449.jpg
1450,24.166667,,0,B,0.14608,0.69838,0.11140,0.00414,frames/frame_001450.jpg
1451,24.183333,,0,B,0.14867,0.70254,0.11478,0.00998,frames/frame_001451.jpg
1452,24.200000,,0,B,0.14855,0.69492,0.11395,0.00507,frames/frame_001452.jpg
1453,24.216667,,0,P,0.14806,0.70686,0.11532,0.00491,frames/frame_001453.jpg
1454,24.233333,,0,B,0.14899,0.69320,0.11419,0.00462,frames/frame_001454.jpg
1455,24.250000,,0,B,0.14915,0.69718,0.11504,0.00407,frames/frame_001455.jpg
1456,24.266667,,0,B,0.14932,0.69203,0.11569,0.00369,frames/frame_001456.jpg
1457,24.283333,,0,P,0.14667,0.70094,0.11201,0.00543,frames/frame_001457.jpg
1458,24.300000,,0,B,0.14736,0.69311,0.11306,0.00398,frames/frame_001458.jpg
1459,24.316667,,0,B,0.14706,0.69658,0.11264,0.00322,frames/frame_001459.jpg
1460,24.333333,,0,B,0.14904,0.69670,0.11367,0.00523,frames/frame_001460.jpg
1461,24.350000,,0,P,0.14904,0.70387,0.11555,0.00411,frames/frame_001461.jpg
1462,24.366667,,0,B,0.14953,0.69703,0.11500,0.00336,frames/frame_001462.jpg
1463,24.383333,,0,B,0.14951,0.70001,0.11465,0.00304,frames/frame_001463.jpg
1464,24.400000,,0,B,0.14972,0.69879,0.11554,0.00288,frames/frame_001464.jpg
1465,24.416667,,0,P,0.14882,0.70543,0.11455,0.00351,frames/frame_001465.jpg
1466,24.433333,,0,B,0.14767,0.69721,0.11220,0.00437,frames/frame_001466.jpg
1467,24.450000,,0,B,0.14742,0.70107,0.11325,0.00282,frames/frame_001467.jpg
1468,24.466667,,0,B,0.14779,0.69877,0.11213,0.00274,frames/frame_001468.jpg
1469,24.483333,,0,P,0.14875,0.70555,0.11511,0.00521,frames/frame_001469.jpg
1470,24.500000,,0,B,0.14943,0.69962,0.11554,0.00314,frames/frame_001470.jpg
1471,24.516667,,0,B,0.14941,0.70403,0.11442,0.00298,frames/frame_001471.jpg
1472,24.533333,,0,B,0.14959,0.70119,0.11557,0.00271,frames/frame_001472.jpg
1473,24.550000,,0,P,0.14891,0.70736,0.11535,0.00303,frames/frame_001473.jpg
1474,24.566667,,0,B,0.14916,0.70191,0.11449,0.00337,frames/frame_001474.jpg
1475,24.583333,,0,B,0.14729,0.70420,0.11347,0.00432,frames/frame_001475.jpg
1476,24.600000,,0,B,0.14748,0.70097,0.11266,0.00302,frames/frame_001476.jpg
1477,24.616667,,0,P,0.14625,0.72681,0.10957,0.01622,frames/frame_001477.jpg
1478,24.633333,,0,B,0.14894,0.71574,0.11376,0.01202,frames/frame_001478.jpg
1479,24.650000,,0,B,0.14893,0.72120,0.11362,0.00614,frames/frame_001479.jpg
1480,24.666667,,0,B,0.15000,0.71628,0.11372,0.00427,frames/frame_001480.jpg
1481,24.683333,,0,P,0.15207,0.71223,0.11649,0.00868,frames/frame_001481.jpg
1482,24.700000,,0,B,0.15481,0.69848,0.11571,0.00771,frames/frame_001482.jpg
1483,24.716667,,0,B,0.15452,0.70312,0.11683,0.00445,frames/frame_001483.jpg
1484,24.733333,,0,B,0.15280,0.69920,0.11520,0.00600,frames/frame_001484.jpg
1485,24.750000,,0,P,0.15134,0.70723,0.11399,0.00453,frames/frame_001485.jpg
1486,24.766667,,0,B,0.15139,0.69547,0.11523,0.00447,frames/frame_001486.jpg
1487,24.783333,,0,B,0.15026,0.69948,0.11343,0.00403,frames/frame_001487.jpg
1488,24.800000,,0,B,0.14936,0.69409,0.11207,0.00437,frames/frame_001488.jpg
1489,24.816667,,0,P,0.14738,0.70661,0.11210,0.00460,frames/frame_001489.jpg
1490,24.833333,,0,B,0.14732,0.69832,0.11061,0.00385,frames/frame_001490.jpg
1491,24.850000,,0,B,0.14694,0.70148,0.11095,0.00354,frames/frame_001491.jpg
1492,24.866667,,0,B,0.14721,0.69783,0.11202,0.00332,frames/frame_001492.jpg
1493,24.883333,,0,P,0.14615,0.70424,0.11064,0.00378,frames/frame_001493.jpg
1494,24.900000,,0,B,0.14651,0.70009,0.11139,0.00321,frames/frame_001494.jpg
1495,24.916667,,0,B,0.14623,0.70237,0.11153,0.00285,frames/frame_001495.jpg
1496,24.933333,,0,B,0.14865,0.70111,0.11376,0.00519,frames/frame_001496.jpg
1497,24.950000,,0,P,0.14840,0.70804,0.11530,0.00360,frames/frame_001497.jpg
1498,24.966667,,0,B,0.14888,0.70321,0.11482,0.00290,frames/frame_001498.jpg
1499,24.983333,,0,B,0.14877,0.70583,0.11420,0.00292,frames/frame_001499.jpg
1500,25.000000,,0,B,0.14889,0.70134,0.11515,0.00292,frames/frame_001500.jpg
1501,25.016667,,0,P,0.14803,0.70734,0.11383,0.00343,frames/frame_001501.jpg
1502,25.033333,,0,B,0.14682,0.70236,0.11195,0.00431,frames/frame_001502.jpg
1503,25.050000,,0,P,0.14584,0.70905,0.11263,0.00347,frames/frame_001503.jpg
1504,25.066667,,0,B,0.14676,0.70157,0.11159,0.00395,frames/frame_001504.jpg
1505,25.083333,,0,B,0.14930,0.70761,0.11581,0.00596,frames/frame_001505.jpg
1506,25.100000,,0,B,0.15000,0.70493,0.11643,0.00327,frames/frame_001506.jpg
1507,25.116667,,0,P,0.14949,0.71159,0.11552,0.00375,frames/frame_001507.jpg
1508,25.133333,,0,B,0.14979,0.70650,0.11615,0.00316,frames/frame_001508.jpg
1509,25.150000,,0,P,0.14953,0.70930,0.11581,0.00312,frames/frame_001509.jpg
1510,25.166667,,0,B,0.14956,0.70395,0.11471,0.00356,frames/frame_001510.jpg
1511,25.183333,,0,B,0.14754,0.70462,0.11343,0.00485,frames/frame_001511.jpg
1512,25.200000,,0,B,0.14835,0.69954,0.11300,0.00342,frames/frame_001512.jpg
1513,25.216667,,0,P,0.14821,0.70515,0.11263,0.00400,frames/frame_001513.jpg
1514,25.233333,,0,B,0.15156,0.69774,0.11680,0.00562,frames/frame_001514.jpg
1515,25.250000,,0,B,0.15162,0.70329,0.11569,0.00334,frames/frame_001515.jpg
1516,25.266667,,0,B,0.15177,0.69779,0.11629,0.00362,frames/frame_001516.jpg
1517,25.283333,,0,P,0.15108,0.70431,0.11678,0.00359,frames/frame_001517.jpg
1518,25.300000,,0,B,0.15113,0.69891,0.11506,0.00382,frames/frame_001518.jpg
1519,25.316667,,0,B,0.15054,0.70217,0.11583,0.00350,frames/frame_001519.jpg
1520,25.333333,,0,B,0.14830,0.70040,0.11307,0.00478,frames/frame_001520.jpg
1521,25.350000,,0,P,0.14702,0.70593,0.11187,0.00359,frames/frame_001521.jpg
1522,25.366667,,0,B,0.14693,0.70310,0.11280,0.00362,frames/frame_001522.jpg
1523,25.383333,,0,B,0.14812,0.70708,0.11423,0.00563,frames/frame_001523.jpg
1524,25.400000,,0,B,0.14823,0.70616,0.11348,0.00327,frames/frame_001524.jpg
1525,25.416667,,0,P,0.14761,0.71122,0.11436,0.00345,frames/frame_001525.jpg
1526,25.433333,,0,B,0.14803,0.70592,0.11344,0.00313,frames/frame_001526.jpg
1527,25.450000,,0,B,0.14799,0.70782,0.11386,0.00294,frames/frame_001527.jpg
1528,25.466667,,0,B,0.14848,0.70609,0.11487,0.00287,frames/frame_001528.jpg
1529,25.483333,,0,P,0.14676,0.70841,0.11159,0.00438,frames/frame_001529.jpg
1530,25.500000,,0,B,0.14742,0.70032,0.11248,0.00369,frames/frame_001530.jpg
1531,25.516667,,0,B,0.14722,0.70310,0.11233,0.00319,frames/frame_001531.jpg
1532,25.533333,,0,B,0.15091,0.70277,0.11617,0.00678,frames/frame_001532.jpg
1533,25.550000,,0,P,0.15088,0.70933,0.11754,0.00452,frames/frame_001533.jpg
1534,25.566667,,0,B,0.15153,0.70219,0.11701,0.00378,frames/frame_001534.jpg
1535,25.583333,,0,B,0.15142,0.70539,0.11622,0.00321,frames/frame_001535.jpg
1536,25.600000,,0,B,0.15148,0.70367,0.11751,0.00328,frames/frame_001536.jpg
1537,25.616667,,0,P,0.15077,0.71097,0.11658,0.00396,frames/frame_001537.jpg
1538,25.633333,,0,B,0.14934,0.70349,0.11408,0.00490,frames/frame_001538.jpg
1539,25.650000,,0,P,0.14845,0.70797,0.11433,0.00363,frames/frame_001539.jpg
1540,25.666667,,0,B,0.14877,0.70087,0.11262,0.00340,frames/frame_001540.jpg
1541,25.683333,,0,B,0.15045,0.70606,0.11649,0.00471,frames/frame_001541.jpg
1542,25.700000,,0,B,0.15046,0.70469,0.11648,0.00303,frames/frame_001542.jpg
1543,25.716667,,0,P,0.15010,0.70960,0.11568,0.00345,frames/frame_001543.jpg
1544,25.733333,,0,B,0.15037,0.70377,0.11657,0.00320,frames/frame_001544.jpg
1545,25.750000,,0,B,0.15023,0.70533,0.11631,0.00270,frames/frame_001545.jpg
1546,25.766667,,0,B,0.15035,0.70289,0.11535,0.00309,frames/frame_001546.jpg
1547,25.783333,,0,P,0.14858,0.70798,0.11446,0.00467,frames/frame_001547.jpg
1548,25.800000,,0,B,0.14926,0.70222,0.11372,0.00366,frames/frame_001548.jpg
1549,25.816667,,0,B,0.15048,0.72085,0.11249,0.01744,frames/frame_001549.jpg
1550,25.833333,,0,B,0.15058,0.71753,0.11346,0.00399,frames/frame_001550.jpg
1551,25.850000,,0,P,0.15034,0.72236,0.11244,0.00390,frames/frame_001551.jpg
1552,25.866667,,0,B,0.15112,0.71452,0.11294,0.00367,frames/frame_001552.jpg
1553,25.883333,,0,B,0.15411,0.70591,0.11644,0.00922,frames/frame_001553.jpg
1554,25.900000,,0,B,0.15501,0.70340,0.11475,0.00590,frames/frame_001554.jpg
1555,25.916667,,0,P,0.15228,0.71061,0.11344,0.00567,frames/frame_001555.jpg
1556,25.933333,,0,B,0.15207,0.69911,0.11315,0.00450,frames/frame_001556.jpg
1557,25.950000,,0,B,0.15116,0.70330,0.11331,0.00422,frames/frame_001557.jpg
1558,25.966667,,0,B,0.15039,0.69846,0.11340,0.00456,frames/frame_001558.jpg
1559,25.983333,,0,P,0.14959,0.70955,0.11418,0.00926,frames/frame_001559.jpg
1560,26.000000,,0,B,0.15044,0.69543,0.11342,0.00506,frames/frame_001560.jpg
1561,26.016667,,0,B,0.15001,0.70001,0.11457,0.00457,frames/frame_001561.jpg
1562,26.033333,,0,B,0.15054,0.69553,0.11320,0.00410,frames/frame_001562.jpg
1563,26.050000,,0,P,0.14977,0.70727,0.11416,0.00463,frames/frame_001563.jpg
1564,26.066667,,0,B,0.15055,0.69679,0.11490,0.00420,frames/frame_001564.jpg
1565,26.083333,,0,B,0.15026,0.70075,0.11391,0.00361,frames/frame_001565.jpg
1566,26.100000,,0,B,0.15031,0.69717,0.11457,0.00363,frames/frame_001566.jpg
1567,26.116667,,0,P,0.14888,0.70696,0.11434,0.00427,frames/frame_001567.jpg
1568,26.133333,,0,B,0.15109,0.69947,0.11570,0.00568,frames/frame_001568.jpg
1569,26.150000,,0,B,0.15112,0.70238,0.11742,0.00376,frames/frame_001569.jpg
1570,26.166667,,0,B,0.15119,0.69839,0.11609,0.00343,frames/frame_001570.jpg
1571,26.183333,,0,P,0.15039,0.70719,0.11533,0.00401,frames/frame_001571.jpg
1572,26.200000,,0,B,0.15068,0.70107,0.11658,0.00348,frames/frame_001572.jpg
1573,26.216667,,0,B,0.15046,0.70365,0.11571,0.00297,frames/frame_001573.jpg
1574,26.233333,,0,B,0.14929,0.69748,0.11377,0.00431,frames/frame_001574.jpg
1575,26.250000,,0,P,0.14847,0.70415,0.11477,0.00355,frames/frame_001575.jpg
1576,26.266667,,0,B,0.14885,0.69992,0.11333,0.00309,frames/frame_001576.jpg
1577,26.283333,,0,B,0.14868,0.70133,0.11447,0.00302,frames/frame_001577.jpg
1578,26.300000,,0,B,0.14871,0.69885,0.11429,0.00311,frames/frame_001578.jpg
1579,26.316667,,0,P,0.14814,0.70426,0.11357,0.00371,frames/frame_001579.jpg
1580,26.333333,,0,B,0.14859,0.70073,0.11506,0.00313,frames/frame_001580.jpg
1581,26.350000,,0,B,0.14822,0.70295,0.11500,0.00270,frames/frame_001581.jpg
1582,26.366667,,0,B,0.14829,0.70071,0.11406,0.00299,frames/frame_001582.jpg
1583,26.383333,,0,P,0.14787,0.70673,0.11511,0.00350,frames/frame_001583.jpg
1584,26.400000,,0,B,0.14787,0.70589,0.11459,0.00213,frames/frame_001584.jpg
1585,26.416667,,0,B,0.14775,0.70617,0.11384,0.00217,frames/frame_001585.jpg
1586,26.433333,,0,P,0.45430,0.29603,0.08564,0.31346,frames/frame_001586.jpg
1587,26.450000,,0,B,0.42556,0.30093,0.08627,0.02726,frames/frame_001587.jpg
1588,26.466667,,0,B,0.39467,0.31575,0.08800,0.03159,frames/frame_001588.jpg
1589,26.483333,,0,B,0.36645,0.32414,0.08868,0.02715,frames/frame_001589.jpg
1590,26.500000,,0,P,0.33641,0.34530,0.08814,0.03071,frames/frame_001590.jpg
1591,26.516667,,0,B,0.31667,0.34731,0.08880,0.01861,frames/frame_001591.jpg
1592,26.533333,,0,B,0.29517,0.36622,0.08915,0.02184,frames/frame_001592.jpg
1593,26.550000,,0,B,0.27485,0.37895,0.08862,0.01988,frames/frame_001593.jpg
1594,26.566667,,0,P,0.25247,0.40472,0.08784,0.02308,frames/frame_001594.jpg
1595,26.583333,,0,B,0.24869,0.42961,0.09573,0.01466,frames/frame_001595.jpg
1596,26.600000,,0,B,0.23444,0.44902,0.09597,0.01463,frames/frame_001596.jpg
1597,26.616667,,0,B,0.22161,0.46672,0.09714,0.01280,frames/frame_001597.jpg
1598,26.633333,,0,P,0.20691,0.49624,0.09608,0.01556,frames/frame_001598.jpg
1599,26.650000,,0,B,0.19890,0.50700,0.09694,0.00932,frames/frame_001599.jpg
1600,26.666667,,0,B,0.18875,0.53035,0.09670,0.01105,frames/frame_001600.jpg
1601,26.683333,,0,B,0.17861,0.54813,0.09299,0.01029,frames/frame_001601.jpg
1602,26.700000,,0,P,0.16786,0.58135,0.09385,0.01187,frames/frame_001602.jpg
1603,26.716667,,0,B,0.16442,0.59415,0.09495,0.00559,frames/frame_001603.jpg
1604,26.733333,,0,B,0.16975,0.61743,0.10216,0.01140,frames/frame_001604.jpg
1605,26.750000,,0,B,0.16445,0.62945,0.10347,0.00665,frames/frame_001605.jpg
1606,26.766667,,0,P,0.15617,0.65851,0.10197,0.00953,frames/frame_001606.jpg
1607,26.783333,,0,B,0.15260,0.66060,0.10128,0.00540,frames/frame_001607.jpg
1608,26.800000,,0,B,0.14679,0.67806,0.10063,0.00712,frames/frame_001608.jpg
1609,26.816667,,0,B,0.14254,0.68950,0.09933,0.00547,frames/frame_001609.jpg
1610,26.833333,,0,P,0.13557,0.71546,0.09650,0.00816,frames/frame_001610.jpg
1611,26.850000,,0,B,0.13493,0.71353,0.09716,0.00434,frames/frame_001611.jpg
1612,26.866667,,0,B,0.13306,0.72196,0.09578,0.00434,frames/frame_001612.jpg
1613,26.883333,,0,B,0.14241,0.72433,0.10415,0.01108,frames/frame_001613.jpg
1614,26.900000,,0,P,0.14060,0.73377,0.10432,0.00479,frames/frame_001614.jpg
1615,26.916667,,0,B,0.13954,0.72875,0.10338,0.00422,frames/frame_001615.jpg
1616,26.933333,,0,B,0.13669,0.73963,0.10346,0.00471,frames/frame_001616.jpg
1617,26.950000,,0,B,0.13452,0.73869,0.10138,0.00463,frames/frame_001617.jpg
1618,26.966667,,0,P,0.13043,0.75700,0.09996,0.00540,frames/frame_001618.jpg
1619,26.983333,,0,P,0.12749,0.75193,0.09872,0.00576,frames/frame_001619.jpg
1620,27.000000,,1,I,0.12494,0.75457,0.09596,0.00602,frames/frame_001620.jpg
1621,27.016667,,0,B,0.12560,0.75256,0.09602,0.00305,frames/frame_001621.jpg
1622,27.033333,,0,B,0.13554,0.75455,0.10462,0.01091,frames/frame_001622.jpg
1623,27.050000,,0,B,0.13410,0.74949,0.10292,0.00388,frames/frame_001623.jpg
1624,27.066667,,0,P,0.13178,0.75327,0.10265,0.00429,frames/frame_001624.jpg
1625,27.083333,,0,B,0.13049,0.75203,0.10186,0.00388,frames/frame_001625.jpg
1626,27.100000,,0,P,0.12917,0.76089,0.10045,0.00534,frames/frame_001626.jpg
1627,27.116667,,0,B,0.12835,0.75502,0.10040,0.00421,frames/frame_001627.jpg
1628,27.133333,,0,P,0.12539,0.75994,0.09760,0.00482,frames/frame_001628.jpg
1629,27.150000,,0,B,0.12497,0.75660,0.09631,0.00338,frames/frame_001629.jpg
1630,27.166667,,0,B,0.12387,0.76134,0.09639,0.00356,frames/frame_001630.jpg
1631,27.183333,,0,B,0.13046,0.76105,0.10262,0.00823,frames/frame_001631.jpg
1632,27.200000,,0,P,0.12904,0.76632,0.10163,0.00415,frames/frame_001632.jpg
1633,27.216667,,0,B,0.12752,0.75828,0.10086,0.00456,frames/frame_001633.jpg
1634,27.233333,,0,B,0.12590,0.76105,0.09898,0.00379,frames/frame_001634.jpg
1635,27.250000,,0,B,0.12475,0.75856,0.09781,0.00375,frames/frame_001635.jpg
1636,27.266667,,0,P,0.12296,0.76626,0.09753,0.00378,frames/frame_001636.jpg
1637,27.283333,,0,B,0.12112,0.76004,0.09354,0.00470,frames/frame_001637.jpg
1638,27.300000,,0,B,0.11995,0.76453,0.09336,0.00341,frames/frame_001638.jpg
1639,27.316667,,0,B,0.12016,0.76291,0.09383,0.00302,frames/frame_001639.jpg
1640,27.333333,,0,P,0.12533,0.76894,0.09907,0.00839,frames/frame_001640.jpg
1641,27.350000,,0,B,0.12466,0.76231,0.09913,0.00387,frames/frame_001641.jpg
1642,27.366667,,0,B,0.12345,0.76441,0.09791,0.00363,frames/frame_001642.jpg
1643,27.383333,,0,B,0.12309,0.76312,0.09708,0.00283,frames/frame_001643.jpg
1644,27.400000,,0,P,0.12189,0.76928,0.09768,0.00327,frames/frame_001644.jpg
1645,27.416667,,0,B,0.12162,0.76375,0.09655,0.00299,frames/frame_001645.jpg
1646,27.433333,,0,B,0.11913,0.76355,0.09343,0.00438,frames/frame_001646.jpg
1647,27.450000,,0,B,0.11794,0.76320,0.09274,0.00389,frames/frame_001647.jpg
1648,27.466667,,0,P,0.11702,0.76867,0.09105,0.00323,frames/frame_001648.jpg
1649,27.483333,,0,B,0.12565,0.76702,0.10049,0.00992,frames/frame_001649.jpg
1650,27.500000,,0,B,0.12462,0.76873,0.10024,0.00355,frames/frame_001650.jpg
1651,27.516667,,0,B,0.12423,0.76211,0.09832,0.00339,frames/frame_001651.jpg
1652,27.533333,,0,P,0.12275,0.76746,0.09856,0.00380,frames/frame_001652.jpg
1653,27.550000,,0,B,0.12268,0.76331,0.09760,0.00500,frames/frame_001653.jpg
1654,27.566667,,0,B,0.12183,0.76540,0.09642,0.00288,frames/frame_001654.jpg
1655,27.583333,,0,B,0.12004,0.76521,0.09416,0.00392,frames/frame_001655.jpg
1656,27.600000,,0,P,0.11902,0.77037,0.09290,0.00315,frames/frame_001656.jpg
1657,27.616667,,0,B,0.11941,0.76594,0.09255,0.00289,frames/frame_001657.jpg
1658,27.633333,,0,B,0.12579,0.76511,0.10064,0.00809,frames/frame_001658.jpg
1659,27.650000,,0,B,0.12501,0.76216,0.09893,0.00336,frames/frame_001659.jpg
1660,27.666667,,0,P,0.12273,0.76754,0.09801,0.00440,frames/frame_001660.jpg
1661,27.683333,,0,B,0.12231,0.76107,0.09751,0.00323,frames/frame_001661.jpg
1662,27.700000,,0,B,0.12065,0.76356,0.09485,0.00387,frames/frame_001662.jpg
1663,27.716667,,0,B,0.11992,0.76122,0.09471,0.00332,frames/frame_001663.jpg
1664,27.733333,,0,P,0.11713,0.76715,0.09193,0.00468,frames/frame_001664.jpg
1665,27.750000,,0,B,0.11702,0.76316,0.09055,0.00306,frames/frame_001665.jpg
1666,27.766667,,0,B,0.11638,0.76681,0.09115,0.00293,frames/frame_001666.jpg
1667,27.783333,,0,B,0.14357,0.75207,0.11744,0.02321,frames/frame_001667.jpg
1668,27.800000,,0,P,0.14327,0.75487,0.11646,0.00342,frames/frame_001668.jpg
1669,27.816667,,0,B,0.14382,0.74699,0.11772,0.00383,frames/frame_001669.jpg
1670,27.833333,,0,B,0.14379,0.75060,0.11720,0.00398,frames/frame_001670.jpg
1671,27.850000,,0,B,0.14308,0.74684,0.11633,0.00398,frames/frame_001671.jpg
1672,27.866667,,0,P,0.14228,0.75377,0.11657,0.00409,frames/frame_001672.jpg
1673,27.883333,,0,B,0.14123,0.75111,0.11390,0.00542,frames/frame_001673.jpg
1674,27.900000,,0,P,0.13976,0.75433,0.11333,0.00467,frames/frame_001674.jpg
1675,27.916667,,0,B,0.14054,0.75014,0.11377,0.00406,frames/frame_001675.jpg
1676,27.933333,,0,B,0.14156,0.75295,0.11380,0.00404,frames/frame_001676.jpg
1677,27.950000,,0,B,0.14047,0.74920,0.11268,0.00436,frames/frame_001677.jpg
1678,27.966667,,0,P,0.13966,0.75359,0.11108,0.00390,frames/frame_001678.jpg
1679,27.983333,,0,B,0.14000,0.74997,0.11065,0.00383,frames/frame_001679.jpg
1680,28.000000,,0,B,0.13965,0.75451,0.11258,0.00503,frames/frame_001680.jpg
1681,28.016667,,0,B,0.14108,0.75300,0.11301,0.00460,frames/frame_001681.jpg
1682,28.033333,,0,P,0.13952,0.75710,0.11132,0.00522,frames/frame_001682.jpg
1683,28.050000,,0,B,0.14020,0.75003,0.11235,0.00408,frames/frame_001683.jpg
1684,28.066667,,0,B,0.14025,0.75339,0.11086,0.00341,frames/frame_001684.jpg
1685,28.083333,,0,B,0.14075,0.75100,0.11243,0.00329,frames/frame_001685.jpg
1686,28.100000,,0,P,0.14167,0.75756,0.11537,0.00542,frames/frame_001686.jpg
1687,28.116667,,0,B,0.14121,0.75353,0.11152,0.00543,frames/frame_001687.jpg
1688,28.133333,,0,B,0.14350,0.75591,0.11430,0.00541,frames/frame_001688.jpg
1689,28.150000,,0,B,0.14528,0.75472,0.11548,0.00563,frames/frame_001689.jpg
1690,28.166667,,0,P,0.14326,0.75959,0.11249,0.00584,frames/frame_001690.jpg
1691,28.183333,,0,B,0.14350,0.76103,0.11290,0.00408,frames/frame_001691.jpg
1692,28.200000,,0,B,0.14377,0.76245,0.11262,0.00389,frames/frame_001692.jpg
1693,28.216667,,0,P,0.14359,0.76339,0.11245,0.00404,frames/frame_001693.jpg
1694,28.233333,,0,P,0.42413,0.26710,0.04504,0.29555,frames/frame_001694.jpg
1695,28.250000,,0,P,0.40532,0.30791,0.06446,0.03126,frames/frame_001695.jpg
1696,28.266667,,0,B,0.37833,0.30953,0.06493,0.02578,frames/frame_001696.jpg
1697,28.283333,,0,B,0.33507,0.29158,0.04714,0.04204,frames/frame_001697.jpg
1698,28.300000,,0,B,0.31785,0.32058,0.05597,0.02223,frames/frame_001698.jpg
1699,28.316667,,0,P,0.30260,0.36445,0.06704,0.02616,frames/frame_001699.jpg
1700,28.333333,,0,B,0.28423,0.37360,0.06729,0.01808,frames/frame_001700.jpg
1701,28.350000,,0,B,0.26308,0.39040,0.06806,0.02199,frames/frame_001701.jpg
1702,28.366667,,0,B,0.24782,0.40604,0.06973,0.01709,frames/frame_001702.jpg
1703,28.383333,,0,P,0.20806,0.37284,0.04914,0.03832,frames/frame_001703.jpg
1704,28.400000,,0,B,0.19462,0.39050,0.05048,0.01309,frames/frame_001704.jpg
1705,28.416667,,0,B,0.20186,0.46816,0.07143,0.02541,frames/frame_001705.jpg
1706,28.433333,,0,B,0.19099,0.48902,0.07217,0.01269,frames/frame_001706.jpg
1707,28.450000,,0,P,0.17910,0.52307,0.07345,0.01551,frames/frame_001707.jpg
1708,28.466667,,0,B,0.17258,0.53374,0.07428,0.00950,frames/frame_001708.jpg
1709,28.483333,,0,B,0.16414,0.56108,0.07493,0.00995,frames/frame_001709.jpg
1710,28.500000,,0,B,0.15838,0.58218,0.07589,0.00925,frames/frame_001710.jpg
1711,28.516667,,0,P,0.15296,0.61638,0.07988,0.01356,frames/frame_001711.jpg
1712,28.533333,,0,B,0.15139,0.62618,0.08395,0.00828,frames/frame_001712.jpg
1713,28.550000,,0,B,0.14267,0.65582,0.08108,0.01303,frames/frame_001713.jpg
1714,28.566667,,0,B,0.13944,0.66834,0.08150,0.00738,frames/frame_001714.jpg
1715,28.583333,,0,P,0.15191,0.70367,0.09574,0.02251,frames/frame_001715.jpg
1716,28.600000,,0,B,0.13277,0.70784,0.08536,0.02198,frames/frame_001716.jpg
1717,28.616667,,0,P,0.13031,0.72902,0.08510,0.00672,frames/frame_001717.jpg
1718,28.633333,,0,B,0.12945,0.72846,0.08580,0.00441,frames/frame_001718.jpg
1719,28.650000,,0,B,0.14194,0.74097,0.09678,0.02132,frames/frame_001719.jpg
1720,28.666667,,0,B,0.14359,0.74479,0.09718,0.00704,frames/frame_001720.jpg
1721,28.683333,,0,P,0.14078,0.76096,0.09809,0.00635,frames/frame_001721.jpg
1722,28.700000,,0,B,0.14187,0.76151,0.09856,0.00549,frames/frame_001722.jpg
1723,28.716667,,0,B,0.12192,0.77543,0.08822,0.02234,frames/frame_001723.jpg
1724,28.733333,,0,B,0.13884,0.76661,0.09845,0.02058,frames/frame_001724.jpg
1725,28.750000,,0,P,0.13650,0.77787,0.09875,0.00530,frames/frame_001725.jpg
1726,28.766667,,0,B,0.13428,0.77128,0.09764,0.00619,frames/frame_001726.jpg
1727,28.783333,,0,B,0.13323,0.77594,0.09723,0.00423,frames/frame_001727.jpg
1728,28.800000,,0,B,0.13177,0.77357,0.09569,0.00509,frames/frame_001728.jpg
1729,28.816667,,0,P,0.13076,0.78485,0.09713,0.00582,frames/frame_001729.jpg
1730,28.833333,,0,B,0.13292,0.78303,0.09881,0.00551,frames/frame_001730.jpg
1731,28.850000,,0,P,0.13213,0.78719,0.09854,0.00454,frames/frame_001731.jpg
1732,28.866667,,0,B,0.13232,0.78306,0.09899,0.00457,frames/frame_001732.jpg
1733,28.883333,,0,P,0.13094,0.78758,0.09889,0.00482,frames/frame_001733.jpg
1734,28.900000,,0,B,0.13113,0.78637,0.09859,0.00468,frames/frame_001734.jpg
1735,28.916667,,0,P,0.12899,0.79041,0.09697,0.00559,frames/frame_001735.jpg
1736,28.933333,,0,B,0.12882,0.78848,0.09552,0.00448,frames/frame_001736.jpg
1737,28.950000,,0,B,0.12992,0.79091,0.09711,0.00532,frames/frame_001737.jpg
1738,28.966667,,0,B,0.13012,0.78939,0.09799,0.00367,frames/frame_001738.jpg
1739,28.983333,,0,P,0.13106,0.79423,0.09861,0.00529,frames/frame_001739.jpg
1740,29.000000,,0,B,0.13128,0.79087,0.09776,0.00408,frames/frame_001740.jpg
1741,29.016667,,0,B,0.13100,0.79234,0.09757,0.00392,frames/frame_001741.jpg
1742,29.033333,,0,B,0.13095,0.78954,0.09723,0.00391,frames/frame_001742.jpg
1743,29.050000,,0,P,0.12851,0.79272,0.09621,0.00551,frames/frame_001743.jpg
1744,29.066667,,0,B,0.12871,0.79134,0.09686,0.00400,frames/frame_001744.jpg
1745,29.083333,,0,B,0.12703,0.79224,0.09522,0.00509,frames/frame_001745.jpg
1746,29.100000,,0,B,0.12701,0.79040,0.09450,0.00361,frames/frame_001746.jpg
1747,29.116667,,0,P,0.12639,0.79229,0.09410,0.00399,frames/frame_001747.jpg
1748,29.133333,,0,B,0.12740,0.78879,0.09408,0.00553,frames/frame_001748.jpg
1749,29.150000,,0,B,0.12651,0.79038,0.09432,0.00476,frames/frame_001749.jpg
1750,29.166667,,0,B,0.12637,0.78759,0.09501,0.00445,frames/frame_001750.jpg
1751,29.183333,,0,P,0.12568,0.79247,0.09501,0.00460,frames/frame_001751.jpg
1752,29.200000,,0,B,0.12557,0.79033,0.09303,0.00392,frames/frame_001752.jpg
1753,29.216667,,0,B,0.12514,0.79053,0.09186,0.00356,frames/frame_001753.jpg
1754,29.233333,,0,B,0.12478,0.78859,0.09142,0.00370,frames/frame_001754.jpg
1755,29.250000,,0,P,0.12368,0.79308,0.09155,0.00383,frames/frame_001755.jpg
1756,29.266667,,0,B,0.12358,0.79094,0.09192,0.00360,frames/frame_001756.jpg
1757,29.283333,,0,B,0.12344,0.79232,0.09195,0.00311,frames/frame_001757.jpg
1758,29.300000,,0,B,0.12361,0.79107,0.09192,0.00299,frames/frame_001758.jpg
1759,29.316667,,0,P,0.12304,0.79396,0.09189,0.00362,frames/frame_001759.jpg
1760,29.333333,,0,B,0.12340,0.79098,0.09171,0.00330,frames/frame_001760.jpg
1761,29.350000,,0,B,0.12297,0.79372,0.09158,0.00316,frames/frame_001761.jpg
1762,29.366667,,0,B,0.12339,0.79206,0.09162,0.00293,frames/frame_001762.jpg
1763,29.383333,,0,P,0.12289,0.79554,0.09189,0.00331,frames/frame_001763.jpg
1764,29.400000,,0,B,0.12344,0.79340,0.09190,0.00382,frames/frame_001764.jpg
1765,29.416667,,0,B,0.12922,0.82443,0.09297,0.01855,frames/frame_001765.jpg
1766,29.433333,,0,B,0.12911,0.82295,0.09383,0.00683,frames/frame_001766.jpg
1767,29.450000,,0,P,0.12844,0.82603,0.09340,0.00477,frames/frame_001767.jpg
1768,29.466667,,0,B,0.13024,0.82248,0.09558,0.00575,frames/frame_001768.jpg
1769,29.483333,,0,P,0.12977,0.82557,0.09592,0.00440,frames/frame_001769.jpg
1770,29.500000,,0,B,0.12902,0.82329,0.09505,0.00602,frames/frame_001770.jpg
1771,29.516667,,0,B,0.12852,0.82366,0.09443,0.00429,frames/frame_001771.jpg
1772,29.533333,,0,B,0.13021,0.82201,0.09534,0.00553,frames/frame_001772.jpg
1773,29.550000,,0,P,0.12920,0.82596,0.09506,0.00469,frames/frame_001773.jpg
1774,29.566667,,0,B,0.12882,0.81871,0.09431,0.00637,frames/frame_001774.jpg
1775,29.583333,,0,B,0.13061,0.81578,0.09638,0.00870,frames/frame_001775.jpg
1776,29.600000,,0,B,0.13295,0.79410,0.09870,0.01333,frames/frame_001776.jpg
1777,29.616667,,0,P,0.13165,0.79535,0.09767,0.00587,frames/frame_001777.jpg
1778,29.633333,,0,B,0.13108,0.79225,0.09565,0.00664,frames/frame_001778.jpg
1779,29.650000,,0,B,0.13006,0.79261,0.09550,0.00505,frames/frame_001779.jpg
1780,29.666667,,0,B,0.13135,0.79104,0.09750,0.00610,frames/frame_001780.jpg
1781,29.683333,,0,P,0.12986,0.79669,0.09753,0.00532,frames/frame_001781.jpg
1782,29.700000,,0,B,0.12707,0.79180,0.09352,0.00738,frames/frame_001782.jpg
1783,29.716667,,0,B,0.12653,0.79349,0.09266,0.00431,frames/frame_001783.jpg
1784,29.733333,,0,B,0.12743,0.79169,0.09335,0.00534,frames/frame_001784.jpg
1785,29.750000,,0,P,0.12637,0.79591,0.09277,0.00474,frames/frame_001785.jpg
1786,29.766667,,0,B,0.12537,0.79369,0.09272,0.00558,frames/frame_001786.jpg
1787,29.783333,,0,B,0.12667,0.79555,0.09581,0.00536,frames/frame_001787.jpg
1788,29.800000,,0,B,0.12779,0.79495,0.09675,0.00503,frames/frame_001788.jpg
1789,29.816667,,0,P,0.12693,0.79810,0.09463,0.00425,frames/frame_001789.jpg
1790,29.833333,,0,B,0.12602,0.79496,0.09268,0.00513,frames/frame_001790.jpg
1791,29.850000,,0,B,0.12532,0.79536,0.09264,0.00385,frames/frame_001791.jpg
1792,29.866667,,0,B,0.12616,0.79486,0.09517,0.00477,frames/frame_001792.jpg
1793,29.883333,,0,P,0.12385,0.79722,0.09274,0.00539,frames/frame_001793.jpg
1794,29.900000,,0,B,0.12306,0.79301,0.09117,0.00470,frames/frame_001794.jpg
1795,29.916667,,0,B,0.12293,0.79415,0.09148,0.00327,frames/frame_001795.jpg
1796,29.933333,,0,B,0.12397,0.79384,0.09268,0.00440,frames/frame_001796.jpg
1797,29.950000,,0,P,0.12310,0.79728,0.09262,0.00379,frames/frame_001797.jpg
1798,29.966667,,0,B,0.12226,0.79365,0.09149,0.00468,frames/frame_001798.jpg
1799,29.983333,,0,P,0.12158,0.79643,0.09158,0.00359,frames/frame_001799.jpg
1800,30.000000,,1,I,0.12252,0.79432,0.09180,0.00611,frames/frame_001800.jpg
1801,30.016667,,0,B,0.12239,0.78924,0.09029,0.00499,frames/frame_001801.jpg
1802,30.033333,,0,B,0.12598,0.78886,0.09355,0.00804,frames/frame_001802.jpg
1803,30.050000,,0,B,0.12907,0.79167,0.09486,0.00645,frames/frame_001803.jpg
1804,30.066667,,0,P,0.12923,0.79613,0.09569,0.00527,frames/frame_001804.jpg
1805,30.083333,,0,B,0.13071,0.78857,0.09613,0.00506,frames/frame_001805.jpg
1806,30.100000,,0,B,0.13036,0.78949,0.09632,0.00456,frames/frame_001806.jpg
1807,30.116667,,0,B,0.13182,0.78670,0.09610,0.00558,frames/frame_001807.jpg
1808,30.133333,,0,P,0.13095,0.79321,0.09552,0.00522,frames/frame_001808.jpg
1809,30.150000,,0,B,0.12938,0.78538,0.09594,0.00663,frames/frame_001809.jpg
1810,30.166667,,0,B,0.12992,0.78781,0.09622,0.00578,frames/frame_001810.jpg
1811,30.183333,,0,B,0.12984,0.78446,0.09599,0.00454,frames/frame_001811.jpg
1812,30.200000,,0,P,0.12847,0.79130,0.09533,0.00525,frames/frame_001812.jpg
1813,30.216667,,0,B,0.12925,0.78583,0.09474,0.00661,frames/frame_001813.jpg
1814,30.233333,,0,B,0.13144,0.77728,0.09633,0.00726,frames/frame_001814.jpg
1815,30.250000,,0,B,0.13265,0.77519,0.09704,0.00516,frames/frame_001815.jpg
1816,30.266667,,0,P,0.13077,0.77807,0.09703,0.00532,frames/frame_001816.jpg
1817,30.283333,,0,B,0.13138,0.77479,0.09750,0.00434,frames/frame_001817.jpg
1818,30.300000,,0,B,0.13107,0.77561,0.09669,0.00415,frames/frame_001818.jpg
1819,30.316667,,0,B,0.12999,0.77406,0.09624,0.00507,frames/frame_001819.jpg
1820,30.333333,,0,P,0.12948,0.77817,0.09692,0.00586,frames/frame_001820.jpg
1821,30.350000,,0,B,0.12986,0.77778,0.09721,0.00616,frames/frame_001821.jpg
1822,30.366667,,0,B,0.12866,0.78525,0.09671,0.00626,frames/frame_001822.jpg
1823,30.383333,,0,B,0.12929,0.78582,0.09755,0.00447,frames/frame_001823.jpg
1824,30.400000,,0,P,0.12880,0.78679,0.09576,0.00416,frames/frame_001824.jpg
1825,30.416667,,0,B,0.13013,0.78603,0.09439,0.00506,frames/frame_001825.jpg
1826,30.433333,,0,B,0.12971,0.78576,0.09390,0.00383,frames/frame_001826.jpg
1827,30.450000,,0,B,0.12840,0.78598,0.09461,0.00470,frames/frame_001827.jpg
1828,30.466667,,0,P,0.13010,0.78801,0.09537,0.00620,frames/frame_001828.jpg
1829,30.483333,,0,B,0.13030,0.78583,0.09575,0.00531,frames/frame_001829.jpg
1830,30.500000,,0,B,0.13127,0.78847,0.09589,0.00498,frames/frame_001830.jpg
1831,30.516667,,0,B,0.13045,0.78656,0.09599,0.00444,frames/frame_001831.jpg
1832,30.533333,,0,P,0.12999,0.78892,0.09630,0.00413,frames/frame_001832.jpg
1833,30.550000,,0,B,0.12935,0.78977,0.09649,0.00341,frames/frame_001833.jpg
1834,30.566667,,0,B,0.12685,0.78647,0.09511,0.00568,frames/frame_001834.jpg
1835,30.583333,,0,P,0.12584,0.79048,0.09505,0.00395,frames/frame_001835.jpg
1836,30.600000,,0,B,0.12498,0.78839,0.09342,0.00453,frames/frame_001836.jpg
1837,30.616667,,0,B,0.13421,0.82085,0.09830,0.02001,frames/frame_001837.jpg
1838,30.633333,,0,B,0.13295,0.82010,0.09698,0.00605,frames/frame_001838.jpg
1839,30.650000,,0,P,0.13189,0.82371,0.09752,0.00488,frames/frame_001839.jpg
1840,30.666667,,0,B,0.13374,0.82068,0.09991,0.00584,frames/frame_001840.jpg
1841,30.683333,,0,P,0.13325,0.82176,0.09988,0.00454,frames/frame_001841.jpg
1842,30.700000,,0,B,0.13195,0.81963,0.09750,0.00619,frames/frame_001842.jpg
1843,30.716667,,0,B,0.12998,0.82062,0.09484,0.00566,frames/frame_001843.jpg
1844,30.733333,,0,B,0.13206,0.81784,0.09702,0.00621,frames/frame_001844.jpg
1845,30.750000,,0,P,0.13395,0.82306,0.09977,0.00709,frames/frame_001845.jpg
1846,30.766667,,0,B,0.13285,0.81914,0.09829,0.00596,frames/frame_001846.jpg
1847,30.783333,,0,B,0.13243,0.80806,0.09873,0.00693,frames/frame_001847.jpg
1848,30.800000,,0,B,0.13308,0.79405,0.09853,0.00930,frames/frame_001848.jpg
1849,30.816667,,0,P,0.13226,0.79686,0.09833,0.00468,frames/frame_001849.jpg
1850,30.833333,,0,B,0.13010,0.79293,0.09594,0.00688,frames/frame_001850.jpg
1851,30.850000,,0,B,0.12760,0.79385,0.09516,0.00577,frames/frame_001851.jpg
1852,30.866667,,0,B,0.12871,0.78998,0.09641,0.00607,frames/frame_001852.jpg
1853,30.883333,,0,P,0.12797,0.79207,0.09608,0.00453,frames/frame_001853.jpg
1854,30.900000,,0,B,0.12709,0.78935,0.09345,0.00617,frames/frame_001854.jpg
1855,30.916667,,0,B,0.12668,0.79048,0.09285,0.00442,frames/frame_001855.jpg
1856,30.933333,,0,B,0.12888,0.78826,0.09587,0.00741,frames/frame_001856.jpg
1857,30.950000,,0,P,0.12793,0.79151,0.09668,0.00505,frames/frame_001857.jpg
1858,30.966667,,0,B,0.12753,0.78879,0.09555,0.00560,frames/frame_001858.jpg
1859,30.983333,,0,B,0.12708,0.78951,0.09440,0.00415,frames/frame_001859.jpg
1860,31.000000,,0,B,0.12803,0.78865,0.09443,0.00511,frames/frame_001860.jpg
1861,31.016667,,0,P,0.12716,0.79072,0.09375,0.00429,frames/frame_001861.jpg
1862,31.033333,,0,B,0.12608,0.78713,0.09257,0.00545,frames/frame_001862.jpg
1863,31.050000,,0,B,0.12487,0.78910,0.09237,0.00411,frames/frame_001863.jpg
1864,31.066667,,0,B,0.12572,0.78730,0.09394,0.00465,frames/frame_001864.jpg
1865,31.083333,,0,P,0.12503,0.79086,0.09376,0.00409,frames/frame_001865.jpg
1866,31.100000,,0,B,0.12428,0.78750,0.09236,0.00467,frames/frame_001866.jpg
1867,31.116667,,0,B,0.12393,0.78850,0.09243,0.00356,frames/frame_001867.jpg
1868,31.133333,,0,B,0.12527,0.78799,0.09411,0.00465,frames/frame_001868.jpg
1869,31.150000,,0,P,0.12410,0.79149,0.09350,0.00397,frames/frame_001869.jpg
1870,31.166667,,0,B,0.12337,0.78713,0.09179,0.00461,frames/frame_001870.jpg
1871,31.183333,,0,B,0.12323,0.78966,0.09197,0.00341,frames/frame_001871.jpg
1872,31.200000,,0,B,0.12420,0.78775,0.09347,0.00427,frames/frame_001872.jpg
1873,31.216667,,0,P,0.12284,0.79048,0.09154,0.00475,frames/frame_001873.jpg
1874,31.233333,,0,B,0.12449,0.78820,0.09339,0.00456,frames/frame_001874.jpg
1875,31.250000,,0,B,0.12450,0.78979,0.09352,0.00360,frames/frame_001875.jpg
1876,31.266667,,0,B,0.12492,0.78839,0.09411,0.00351,frames/frame_001876.jpg
1877,31.283333,,0,P,0.12455,0.79231,0.09453,0.00393,frames/frame_001877.jpg
1878,31.300000,,0,B,0.12473,0.78953,0.09446,0.00365,frames/frame_001878.jpg
1879,31.316667,,0,B,0.12450,0.79027,0.09405,0.00344,frames/frame_001879.jpg
1880,31.333333,,0,B,0.12492,0.78968,0.09351,0.00343,frames/frame_001880.jpg
1881,31.350000,,0,P,0.12438,0.79350,0.09352,0.00395,frames/frame_001881.jpg
1882,31.366667,,0,B,0.12497,0.79051,0.09390,0.00404,frames/frame_001882.jpg
1883,31.383333,,0,B,0.12733,0.78973,0.09577,0.00856,frames/frame_001883.jpg
1884,31.400000,,0,B,0.12935,0.78588,0.09687,0.00704,frames/frame_001884.jpg
1885,31.416667,,0,P,0.12836,0.79136,0.09621,0.00582,frames/frame_001885.jpg
1886,31.433333,,0,B,0.12893,0.78473,0.09595,0.00549,frames/frame_001886.jpg
1887,31.450000,,0,B,0.12783,0.78705,0.09605,0.00537,frames/frame_001887.jpg
1888,31.466667,,0,B,0.12809,0.78399,0.09659,0.00488,frames/frame_001888.jpg
1889,31.483333,,0,P,0.12675,0.78970,0.09662,0.00536,frames/frame_001889.jpg
1890,31.500000,,0,B,0.12558,0.78332,0.09383,0.00641,frames/frame_001890.jpg
1891,31.516667,,0,B,0.12492,0.78684,0.09246,0.00455,frames/frame_001891.jpg
1892,31.533333,,0,B,0.12534,0.78557,0.09235,0.00586,frames/frame_001892.jpg
1893,31.550000,,0,P,0.12367,0.79231,0.09272,0.00513,frames/frame_001893.jpg
1894,31.566667,,0,B,0.12394,0.79081,0.09360,0.00423,frames/frame_001894.jpg
1895,31.583333,,0,B,0.12382,0.79191,0.09397,0.00376,frames/frame_001895.jpg
1896,31.600000,,0,B,0.12378,0.78858,0.09266,0.00370,frames/frame_001896.jpg
1897,31.616667,,0,P,0.12325,0.79119,0.09094,0.00403,frames/frame_001897.jpg
1898,31.633333,,0,B,0.12498,0.79012,0.09261,0.00545,frames/frame_001898.jpg
1899,31.650000,,0,B,0.12433,0.79159,0.09305,0.00376,frames/frame_001899.jpg
1900,31.666667,,0,B,0.12419,0.79052,0.09370,0.00360,frames/frame_001900.jpg
1901,31.683333,,0,P,0.12355,0.79385,0.09360,0.00360,frames/frame_001901.jpg
1902,31.700000,,0,B,0.12386,0.79005,0.09361,0.00347,frames/frame_001902.jpg
1903,31.716667,,0,B,0.12371,0.79140,0.09378,0.00332,frames/frame_001903.jpg
1904,31.733333,,0,B,0.12233,0.78851,0.09153,0.00460,frames/frame_001904.jpg
1905,31.750000,,0,P,0.12162,0.79226,0.09113,0.00370,frames/frame_001905.jpg
1906,31.766667,,0,B,0.12185,0.79107,0.09137,0.00276,frames/frame_001906.jpg
1907,31.783333,,0,B,0.12165,0.79222,0.09151,0.00272,frames/frame_001907.jpg
1908,31.800000,,0,B,0.12208,0.79174,0.09129,0.00273,frames/frame_001908.jpg
1909,31.816667,,0,P,0.13305,0.82817,0.09832,0.02205,frames/frame_001909.jpg
1910,31.833333,,0,B,0.13437,0.81987,0.09675,0.00919,frames/frame_001910.jpg
1911,31.850000,,0,B,0.13541,0.82426,0.09843,0.00636,frames/frame_001911.jpg
1912,31.866667,,0,B,0.13750,0.81970,0.10045,0.00622,frames/frame_001912.jpg
1913,31.883333,,0,P,0.13616,0.82456,0.10012,0.00525,frames/frame_001913.jpg
1914,31.900000,,0,B,0.13536,0.82094,0.09896,0.00633,frames/frame_001914.jpg
1915,31.916667,,0,B,0.13437,0.82297,0.09731,0.00709,frames/frame_001915.jpg
1916,31.933333,,0,B,0.13562,0.81909,0.09760,0.00556,frames/frame_001916.jpg
1917,31.950000,,0,P,0.13318,0.82212,0.09825,0.00590,frames/frame_001917.jpg
1918,31.966667,,0,B,0.13371,0.81644,0.09858,0.00566,frames/frame_001918.jpg
1919,31.983333,,0,B,0.13279,0.81730,0.09772,0.00461,frames/frame_001919.jpg
1920,32.000000,,0,B,0.13321,0.78926,0.09713,0.01198,frames/frame_001920.jpg
1921,32.016667,,0,P,0.13078,0.79207,0.09619,0.00595,frames/frame_001921.jpg
1922,32.033333,,0,B,0.12957,0.78791,0.09535,0.00565,frames/frame_001922.jpg
1923,32.050000,,0,B,0.13012,0.77945,0.09697,0.00730,frames/frame_001923.jpg
1924,32.066667,,0,B,0.13003,0.77473,0.09599,0.00510,frames/frame_001924.jpg
1925,32.083333,,0,P,0.12935,0.77708,0.09587,0.00421,frames/frame_001925.jpg
1926,32.100000,,0,B,0.12813,0.77440,0.09307,0.00557,frames/frame_001926.jpg
1927,32.116667,,0,B,0.12783,0.77584,0.09302,0.00397,frames/frame_001927.jpg
1928,32.133333,,0,B,0.12920,0.77650,0.09561,0.00514,frames/frame_001928.jpg
1929,32.150000,,0,P,0.12978,0.78018,0.09851,0.00576,frames/frame_001929.jpg
1930,32.166667,,0,B,0.12795,0.78321,0.09736,0.00661,frames/frame_001930.jpg
1931,32.183333,,0,B,0.12876,0.78674,0.09599,0.00560,frames/frame_001931.jpg
1932,32.200000,,0,B,0.12974,0.78610,0.09587,0.00471,frames/frame_001932.jpg
1933,32.216667,,0,P,0.13038,0.78841,0.09479,0.00526,frames/frame_001933.jpg
1934,32.233333,,0,B,0.12978,0.78514,0.09425,0.00556,frames/frame_001934.jpg
1935,32.250000,,0,B,0.12790,0.78643,0.09491,0.00536,frames/frame_001935.jpg
1936,32.266667,,0,B,0.13200,0.78465,0.09702,0.00726,frames/frame_001936.jpg
1937,32.283333,,0,P,0.13074,0.78791,0.09646,0.00570,frames/frame_001937.jpg
1938,32.300000,,0,B,0.13148,0.78520,0.09587,0.00590,frames/frame_001938.jpg
1939,32.316667,,0,B,0.13013,0.78526,0.09565,0.00461,frames/frame_001939.jpg
1940,32.333333,,0,B,0.13113,0.78454,0.09723,0.00462,frames/frame_001940.jpg
1941,32.350000,,0,P,0.13014,0.78771,0.09710,0.00393,frames/frame_001941.jpg
1942,32.366667,,0,B,0.12661,0.78369,0.09456,0.00707,frames/frame_001942.jpg
1943,32.383333,,0,B,0.12616,0.78513,0.09462,0.00343,frames/frame_001943.jpg
1944,32.400000,,0,B,0.12586,0.78318,0.09439,0.00565,frames/frame_001944.jpg
1945,32.416667,,0,P,0.12613,0.78705,0.09444,0.00627,frames/frame_001945.jpg
1946,32.433333,,0,B,0.12758,0.78456,0.09611,0.00480,frames/frame_001946.jpg
1947,32.450000,,0,B,0.12731,0.78527,0.09586,0.00357,frames/frame_001947.jpg
1948,32.466667,,0,B,0.12757,0.78418,0.09673,0.00401,frames/frame_001948.jpg
1949,32.483333,,0,P,0.12696,0.78748,0.09682,0.00409,frames/frame_001949.jpg
1950,32.500000,,0,B,0.12879,0.78700,0.09825,0.00513,frames/frame_001950.jpg
1951,32.516667,,0,B,0.12768,0.78650,0.09670,0.00476,frames/frame_001951.jpg
1952,32.533333,,0,B,0.12786,0.78510,0.09620,0.00373,frames/frame_001952.jpg
1953,32.550000,,0,P,0.12784,0.78859,0.09669,0.00475,frames/frame_001953.jpg
1954,32.566667,,0,B,0.12876,0.78713,0.09804,0.00462,frames/frame_001954.jpg
1955,32.583333,,0,B,0.12849,0.78831,0.09760,0.00394,frames/frame_001955.jpg
1956,32.600000,,0,B,0.12733,0.78660,0.09584,0.00477,frames/frame_001956.jpg
1957,32.616667,,0,P,0.12698,0.78828,0.09538,0.00427,frames/frame_001957.jpg
1958,32.633333,,0,B,0.12718,0.78495,0.09516,0.00394,frames/frame_001958.jpg
1959,32.650000,,0,B,0.12625,0.78555,0.09555,0.00436,frames/frame_001959.jpg
1960,32.666667,,0,B,0.12535,0.78413,0.09412,0.00449,frames/frame_001960.jpg
1961,32.683333,,0,P,0.12475,0.78652,0.09467,0.00421,frames/frame_001961.jpg
1962,32.700000,,0,B,0.12531,0.78341,0.09413,0.00446,frames/frame_001962.jpg
1963,32.716667,,0,B,0.12512,0.78434,0.09339,0.00402,frames/frame_001963.jpg
1964,32.733333,,0,B,0.12620,0.78245,0.09408,0.00611,frames/frame_001964.jpg
1965,32.750000,,0,P,0.12545,0.78469,0.09493,0.00467,frames/frame_001965.jpg
1966,32.766667,,0,B,0.12578,0.78153,0.09534,0.00443,frames/frame_001966.jpg
1967,32.783333,,0,B,0.12539,0.78360,0.09514,0.00381,frames/frame_001967.jpg
1968,32.800000,,0,B,0.12552,0.78230,0.09361,0.00395,frames/frame_001968.jpg
1969,32.816667,,0,P,0.12468,0.78617,0.09246,0.00419,frames/frame_001969.jpg
1970,32.833333,,0,B,0.12473,0.78138,0.09209,0.00416,frames/frame_001970.jpg
1971,32.850000,,0,B,0.12389,0.78333,0.09279,0.00381,frames/frame_001971.jpg
1972,32.866667,,0,B,0.12344,0.78168,0.09284,0.00360,frames/frame_001972.jpg
1973,32.883333,,0,P,0.12246,0.78543,0.09247,0.00401,frames/frame_001973.jpg
1974,32.900000,,0,B,0.12265,0.78313,0.09233,0.00333,frames/frame_001974.jpg
1975,32.916667,,0,B,0.12276,0.78387,0.09265,0.00316,frames/frame_001975.jpg
1976,32.933333,,0,B,0.12289,0.78323,0.09262,0.00295,frames/frame_001976.jpg
1977,32.950000,,0,P,0.12192,0.78654,0.09208,0.00361,frames/frame_001977.jpg
1978,32.966667,,0,B,0.12215,0.78472,0.09180,0.00367,frames/frame_001978.jpg
1979,32.983333,,0,P,0.12152,0.78749,0.09159,0.00375,frames/frame_001979.jpg
1980,33.000000,,1,I,0.12118,0.78688,0.09101,0.00487,frames/frame_001980.jpg
1981,33.016667,,0,B,0.12886,0.81799,0.09278,0.01905,frames/frame_001981.jpg
1982,33.033333,,0,B,0.12850,0.81967,0.09293,0.00679,frames/frame_001982.jpg
1983,33.050000,,0,B,0.12863,0.81687,0.09299,0.00433,frames/frame_001983.jpg
1984,33.066667,,0,P,0.12962,0.82028,0.09526,0.00578,frames/frame_001984.jpg
1985,33.083333,,0,B,0.13031,0.81594,0.09576,0.00461,frames/frame_001985.jpg
1986,33.100000,,0,B,0.12861,0.81803,0.09418,0.00563,frames/frame_001986.jpg
1987,33.116667,,0,B,0.12874,0.81836,0.09389,0.00393,frames/frame_001987.jpg
1988,33.133333,,0,P,0.12970,0.82000,0.09539,0.00595,frames/frame_001988.jpg
1989,33.150000,,0,B,0.13044,0.81216,0.09560,0.00507,frames/frame_001989.jpg
1990,33.166667,,0,B,0.12898,0.81369,0.09455,0.00607,frames/frame_001990.jpg
1991,33.183333,,0,B,0.13106,0.80631,0.09539,0.00891,frames/frame_001991.jpg
1992,33.200000,,0,P,0.13248,0.79027,0.09778,0.01407,frames/frame_001992.jpg
1993,33.216667,,0,B,0.13293,0.78090,0.09723,0.00569,frames/frame_001993.jpg
1994,33.233333,,0,B,0.13118,0.78398,0.09515,0.00666,frames/frame_001994.jpg
1995,33.250000,,0,B,0.13092,0.78017,0.09593,0.00506,frames/frame_001995.jpg
1996,33.266667,,0,P,0.13070,0.78543,0.09771,0.00685,frames/frame_001996.jpg
1997,33.283333,,0,B,0.13082,0.78158,0.09792,0.00488,frames/frame_001997.jpg
1998,33.300000,,0,B,0.12739,0.78219,0.09337,0.00727,frames/frame_001998.jpg
1999,33.316667,,0,B,0.12738,0.78145,0.09264,0.00428,frames/frame_001999.jpg
2000,33.333333,,0,P,0.12742,0.78590,0.09366,0.00601,frames/frame_002000.jpg
2001,33.350000,,0,B,0.12720,0.78258,0.09412,0.00440,frames/frame_002001.jpg
2002,33.366667,,0,B,0.12598,0.78376,0.09358,0.00519,frames/frame_002002.jpg
2003,33.383333,,0,B,0.12591,0.78300,0.09341,0.00371,frames/frame_002003.jpg
2004,33.400000,,0,P,0.12631,0.78571,0.09361,0.00547,frames/frame_002004.jpg
2005,33.416667,,0,B,0.12635,0.78251,0.09263,0.00399,frames/frame_002005.jpg
2006,33.433333,,0,B,0.12475,0.78361,0.09088,0.00498,frames/frame_002006.jpg
2007,33.450000,,0,B,0.12414,0.78277,0.09129,0.00373,frames/frame_002007.jpg
2008,33.466667,,0,P,0.12415,0.78456,0.09309,0.00515,frames/frame_002008.jpg
2009,33.483333,,0,B,0.12616,0.78575,0.09517,0.00515,frames/frame_002009.jpg
2010,33.500000,,0,B,0.12502,0.78593,0.09401,0.00435,frames/frame_002010.jpg
2011,33.516667,,0,B,0.12503,0.78544,0.09397,0.00311,frames/frame_002011.jpg
2012,33.533333,,0,P,0.12571,0.78657,0.09491,0.00485,frames/frame_002012.jpg
2013,33.550000,,0,B,0.12548,0.78619,0.09493,0.00348,frames/frame_002013.jpg
2014,33.566667,,0,B,0.12447,0.78656,0.09367,0.00451,frames/frame_002014.jpg
2015,33.583333,,0,B,0.12501,0.78668,0.09446,0.00455,frames/frame_002015.jpg
2016,33.600000,,0,P,0.12554,0.78971,0.09532,0.00462,frames/frame_002016.jpg
2017,33.616667,,0,B,0.12500,0.78600,0.09375,0.00487,frames/frame_002017.jpg
2018,33.633333,,0,B,0.12921,0.78478,0.09667,0.00841,frames/frame_002018.jpg
2019,33.650000,,0,B,0.13183,0.78500,0.09807,0.00643,frames/frame_002019.jpg
2020,33.666667,,0,P,0.13105,0.78916,0.09830,0.00502,frames/frame_002020.jpg
2021,33.683333,,0,B,0.13065,0.78212,0.09701,0.00612,frames/frame_002021.jpg
2022,33.700000,,0,B,0.13039,0.78472,0.09731,0.00467,frames/frame_002022.jpg
2023,33.716667,,0,B,0.13329,0.78446,0.09753,0.00683,frames/frame_002023.jpg
2024,33.733333,,0,P,0.13203,0.78836,0.09663,0.00528,frames/frame_002024.jpg
2025,33.750000,,0,B,0.13151,0.78127,0.09761,0.00605,frames/frame_002025.jpg
2026,33.766667,,0,B,0.13061,0.78294,0.09768,0.00479,frames/frame_002026.jpg
2027,33.783333,,0,B,0.13035,0.78180,0.09691,0.00463,frames/frame_002027.jpg
2028,33.800000,,0,P,0.12890,0.78843,0.09642,0.00535,frames/frame_002028.jpg
2029,33.816667,,0,B,0.12634,0.77928,0.09362,0.00695,frames/frame_002029.jpg
2030,33.833333,,0,B,0.12585,0.78119,0.09291,0.00460,frames/frame_002030.jpg
2031,33.850000,,0,B,0.12548,0.77994,0.09359,0.00388,frames/frame_002031.jpg
2032,33.866667,,0,P,0.12705,0.77135,0.09473,0.00800,frames/frame_002032.jpg
2033,33.883333,,0,B,0.12738,0.76698,0.09503,0.00443,frames/frame_002033.jpg
2034,33.900000,,0,B,0.12700,0.76710,0.09379,0.00381,frames/frame_002034.jpg
2035,33.916667,,0,B,0.12740,0.76378,0.09355,0.00540,frames/frame_002035.jpg
2036,33.933333,,0,P,0.12663,0.76920,0.09311,0.00465,frames/frame_002036.jpg
2037,33.950000,,0,B,0.12684,0.76708,0.09387,0.00407,frames/frame_002037.jpg
2038,33.966667,,0,B,0.12661,0.76798,0.09478,0.00401,frames/frame_002038.jpg
2039,33.983333,,0,B,0.12708,0.77620,0.09681,0.00623,frames/frame_002039.jpg
2040,34.000000,,0,P,0.12569,0.77790,0.09389,0.00490,frames/frame_002040.jpg
2041,34.016667,,0,B,0.12731,0.77653,0.09314,0.00534,frames/frame_002041.jpg
2042,34.033333,,0,B,0.12680,0.77817,0.09271,0.00393,frames/frame_002042.jpg
2043,34.050000,,0,B,0.12656,0.77884,0.09299,0.00365,frames/frame_002043.jpg
2044,34.066667,,0,P,0.12848,0.78312,0.09419,0.00637,frames/frame_002044.jpg
2045,34.083333,,0,B,0.12855,0.77621,0.09419,0.00536,frames/frame_002045.jpg
2046,34.100000,,0,B,0.12970,0.77920,0.09457,0.00493,frames/frame_002046.jpg
2047,34.116667,,0,B,0.12888,0.77714,0.09466,0.00450,frames/frame_002047.jpg
2048,34.133333,,0,P,0.12858,0.78060,0.09492,0.00412,frames/frame_002048.jpg
2049,34.150000,,0,B,0.12834,0.77897,0.09468,0.00346,frames/frame_002049.jpg
2050,34.166667,,0,B,0.12569,0.77808,0.09409,0.00560,frames/frame_002050.jpg
2051,34.183333,,0,B,0.12573,0.77831,0.09396,0.00324,frames/frame_002051.jpg
2052,34.200000,,0,P,0.12382,0.78155,0.09226,0.00525,frames/frame_002052.jpg
2053,34.216667,,0,B,0.13263,0.81622,0.09518,0.01970,frames/frame_002053.jpg
2054,34.233333,,0,B,0.13247,0.81971,0.09577,0.00699,frames/frame_002054.jpg
2055,34.250000,,0,B,0.13416,0.81534,0.09699,0.00620,frames/frame_002055.jpg
2056,34.266667,,0,P,0.13497,0.81712,0.09927,0.00616,frames/frame_002056.jpg
2057,34.283333,,0,B,0.13474,0.81771,0.09969,0.00432,frames/frame_002057.jpg
2058,34.300000,,0,B,0.13339,0.81681,0.09800,0.00562,frames/frame_002058.jpg
2059,34.316667,,0,P,0.13133,0.81973,0.09610,0.00562,frames/frame_002059.jpg
2060,34.333333,,0,B,0.13308,0.81290,0.09766,0.00591,frames/frame_002060.jpg
2061,34.350000,,0,B,0.13096,0.81311,0.09569,0.00577,frames/frame_002061.jpg
2062,34.366667,,0,B,0.13128,0.81170,0.09652,0.00696,frames/frame_002062.jpg
2063,34.383333,,0,P,0.13040,0.80661,0.09698,0.00705,frames/frame_002063.jpg
2064,34.400000,,0,B,0.13117,0.78732,0.09752,0.00926,frames/frame_002064.jpg
2065,34.416667,,0,B,0.13065,0.78706,0.09678,0.00424,frames/frame_002065.jpg
2066,34.433333,,0,B,0.12931,0.78752,0.09506,0.00568,frames/frame_002066.jpg
2067,34.450000,,0,P,0.12803,0.79140,0.09482,0.00469,frames/frame_002067.jpg
2068,34.466667,,0,B,0.12801,0.78461,0.09538,0.00699,frames/frame_002068.jpg
2069,34.483333,,0,B,0.12749,0.78598,0.09545,0.00428,frames/frame_002069.jpg
2070,34.500000,,0,B,0.12604,0.78577,0.09266,0.00535,frames/frame_002070.jpg
2071,34.516667,,0,P,0.12496,0.78808,0.09173,0.00460,frames/frame_002071.jpg
2072,34.533333,,0,B,0.12793,0.78331,0.09296,0.00793,frames/frame_002072.jpg
2073,34.550000,,0,B,0.12746,0.78498,0.09442,0.00476,frames/frame_002073.jpg
2074,34.566667,,0,B,0.12655,0.78311,0.09406,0.00556,frames/frame_002074.jpg
2075,34.583333,,0,P,0.12559,0.78693,0.09409,0.00480,frames/frame_002075.jpg
2076,34.600000,,0,B,0.12675,0.78421,0.09396,0.00527,frames/frame_002076.jpg
2077,34.616667,,0,P,0.12615,0.78508,0.09259,0.00423,frames/frame_002077.jpg
2078,34.633333,,0,B,0.12521,0.78215,0.09095,0.00555,frames/frame_002078.jpg
2079,34.650000,,0,B,0.12435,0.78358,0.09165,0.00402,frames/frame_002079.jpg
2080,34.666667,,0,B,0.12478,0.78143,0.09314,0.00499,frames/frame_002080.jpg
2081,34.683333,,0,P,0.12381,0.78646,0.09281,0.00442,frames/frame_002081.jpg
2082,34.700000,,0,B,0.12301,0.78370,0.09140,0.00473,frames/frame_002082.jpg
2083,34.716667,,0,B,0.12288,0.78446,0.09132,0.00334,frames/frame_002083.jpg
2084,34.733333,,0,B,0.12398,0.78420,0.09279,0.00437,frames/frame_002084.jpg
2085,34.750000,,0,P,0.12306,0.78681,0.09255,0.00377,frames/frame_002085.jpg
2086,34.766667,,0,B,0.12207,0.78286,0.09084,0.00471,frames/frame_002086.jpg
2087,34.783333,,0,B,0.12197,0.78404,0.09087,0.00332,frames/frame_002087.jpg
2088,34.800000,,0,B,0.12298,0.78395,0.09224,0.00424,frames/frame_002088.jpg
2089,34.816667,,0,P,0.12145,0.78461,0.09031,0.00468,frames/frame_002089.jpg
2090,34.833333,,0,B,0.12305,0.78376,0.09183,0.00445,frames/frame_002090.jpg
2091,34.850000,,0,B,0.12306,0.78484,0.09207,0.00351,frames/frame_002091.jpg
2092,34.866667,,0,B,0.12352,0.78338,0.09273,0.00345,frames/frame_002092.jpg
2093,34.883333,,0,P,0.12326,0.78579,0.09322,0.00383,frames/frame_002093.jpg
2094,34.900000,,0,B,0.12336,0.78479,0.09284,0.00375,frames/frame_002094.jpg
2095,34.916667,,0,B,0.12311,0.78517,0.09255,0.00330,frames/frame_002095.jpg
2096,34.933333,,0,B,0.12354,0.78456,0.09245,0.00350,frames/frame_002096.jpg
2097,34.950000,,0,P,0.12287,0.78610,0.09260,0.00395,frames/frame_002097.jpg
2098,34.966667,,0,B,0.12337,0.78299,0.09282,0.00430,frames/frame_002098.jpg
2099,34.983333,,0,B,0.12574,0.78306,0.09400,0.00840,frames/frame_002099.jpg
2100,35.000000,,0,B,0.12756,0.78046,0.09507,0.00698,frames/frame_002100.jpg
2101,35.016667,,0,P,0.12657,0.78535,0.09436,0.00569,frames/frame_002101.jpg
2102,35.033333,,0,B,0.12719,0.77896,0.09412,0.00540,frames/frame_002102.jpg
2103,35.050000,,0,B,0.12629,0.77983,0.09410,0.00504,frames/frame_002103.jpg
2104,35.066667,,0,B,0.12640,0.77846,0.09484,0.00469,frames/frame_002104.jpg
2105,35.083333,,0,P,0.12516,0.78336,0.09477,0.00535,frames/frame_002105.jpg
2106,35.100000,,0,B,0.12431,0.77969,0.09218,0.00625,frames/frame_002106.jpg
2107,35.116667,,0,B,0.12403,0.78085,0.09134,0.00441,frames/frame_002107.jpg
2108,35.133333,,0,B,0.12440,0.78062,0.09136,0.00548,frames/frame_002108.jpg
2109,35.150000,,0,P,0.12307,0.78527,0.09208,0.00497,frames/frame_002109.jpg
2110,35.166667,,0,B,0.12342,0.78248,0.09286,0.00416,frames/frame_002110.jpg
2111,35.183333,,0,B,0.12317,0.78380,0.09272,0.00378,frames/frame_002111.jpg
2112,35.200000,,0,B,0.12335,0.78185,0.09146,0.00375,frames/frame_002112.jpg
2113,35.216667,,0,P,0.12267,0.78649,0.09003,0.00407,frames/frame_002113.jpg
2114,35.233333,,0,B,0.12270,0.78239,0.08959,0.00397,frames/frame_002114.jpg
2115,35.250000,,0,B,0.12200,0.78354,0.09032,0.00369,frames/frame_002115.jpg
2116,35.266667,,0,B,0.12183,0.78341,0.09104,0.00357,frames/frame_002116.jpg
2117,35.283333,,0,P,0.12114,0.78593,0.09080,0.00364,frames/frame_002117.jpg
2118,35.300000,,0,B,0.12133,0.78294,0.09049,0.00339,frames/frame_002118.jpg
2119,35.316667,,0,B,0.12298,0.78488,0.09262,0.00450,frames/frame_002119.jpg
2120,35.333333,,0,B,0.12466,0.78606,0.09399,0.00426,frames/frame_002120.jpg
2121,35.350000,,0,P,0.12386,0.78875,0.09397,0.00339,frames/frame_002121.jpg
2122,35.366667,,0,B,0.12406,0.78817,0.09411,0.00312,frames/frame_002122.jpg
2123,35.383333,,0,B,0.12367,0.78919,0.09411,0.00299,frames/frame_002123.jpg
2124,35.400000,,0,B,0.12407,0.78828,0.09372,0.00287,frames/frame_002124.jpg
2125,35.416667,,0,P,0.13011,0.82720,0.09313,0.02006,frames/frame_002125.jpg
2126,35.433333,,0,B,0.22823,0.52065,0.08171,0.09991,frames/frame_002126.jpg
2127,35.450000,,0,B,0.21961,0.53439,0.08244,0.01259,frames/frame_002127.jpg
2128,35.466667,,0,B,0.21385,0.54527,0.08450,0.00934,frames/frame_002128.jpg
2129,35.483333,,0,P,0.20461,0.56706,0.08603,0.01109,frames/frame_002129.jpg
2130,35.500000,,0,B,0.19913,0.58009,0.08692,0.00962,frames/frame_002130.jpg
2131,35.516667,,0,B,0.19216,0.60163,0.08847,0.01018,frames/frame_002131.jpg
2132,35.533333,,0,B,0.18667,0.61782,0.08948,0.00963,frames/frame_002132.jpg
2133,35.550000,,0,P,0.17588,0.64006,0.08951,0.01271,frames/frame_002133.jpg
2134,35.566667,,0,B,0.17058,0.64374,0.09010,0.00761,frames/frame_002134.jpg
2135,35.583333,,0,B,0.16542,0.65176,0.09098,0.00918,frames/frame_002135.jpg
2136,35.600000,,0,B,0.16245,0.65793,0.09074,0.01191,frames/frame_002136.jpg
2137,35.616667,,0,P,0.15565,0.68042,0.08903,0.00906,frames/frame_002137.jpg
2138,35.633333,,0,B,0.15185,0.68406,0.08785,0.00721,frames/frame_002138.jpg
2139,35.650000,,0,B,0.14615,0.69519,0.08824,0.00797,frames/frame_002139.jpg
2140,35.666667,,0,B,0.14431,0.70449,0.09003,0.00668,frames/frame_002140.jpg
2141,35.683333,,0,P,0.14148,0.71824,0.09198,0.00812,frames/frame_002141.jpg
2142,35.700000,,0,B,0.14163,0.71597,0.09065,0.00878,frames/frame_002142.jpg
2143,35.716667,,0,B,0.13974,0.72553,0.09056,0.00500,frames/frame_002143.jpg
2144,35.733333,,0,B,0.13971,0.72905,0.09159,0.00605,frames/frame_002144.jpg
2145,35.750000,,0,P,0.13472,0.74046,0.09159,0.00766,frames/frame_002145.jpg
2146,35.766667,,0,B,0.13390,0.73830,0.09203,0.00528,frames/frame_002146.jpg
2147,35.783333,,0,B,0.13295,0.74456,0.09228,0.00460,frames/frame_002147.jpg
2148,35.800000,,0,B,0.13359,0.74751,0.09132,0.00524,frames/frame_002148.jpg
2149,35.816667,,0,P,0.13054,0.76984,0.09128,0.00869,frames/frame_002149.jpg
2150,35.833333,,0,B,0.13013,0.76456,0.09018,0.00566,frames/frame_002150.jpg
2151,35.850000,,0,B,0.12922,0.76716,0.09095,0.00441,frames/frame_002151.jpg
2152,35.866667,,0,B,0.13275,0.76769,0.09415,0.00724,frames/frame_002152.jpg
2153,35.883333,,0,P,0.13198,0.77752,0.09410,0.00511,frames/frame_002153.jpg
2154,35.900000,,0,B,0.13236,0.77486,0.09375,0.00601,frames/frame_002154.jpg
2155,35.916667,,0,P,0.13055,0.77857,0.09300,0.00521,frames/frame_002155.jpg
2156,35.933333,,0,B,0.13147,0.77599,0.09467,0.00497,frames/frame_002156.jpg
2157,35.950000,,0,B,0.13065,0.77855,0.09470,0.00400,frames/frame_002157.jpg
2158,35.966667,,0,B,0.12703,0.77621,0.09253,0.00686,frames/frame_002158.jpg
2159,35.983333,,0,P,0.12580,0.78169,0.09231,0.00412,frames/frame_002159.jpg
2160,36.000000,,1,I,0.12415,0.78141,0.09145,0.00755,frames/frame_002160.jpg
2161,36.016667,,0,B,0.12641,0.78140,0.09278,0.00665,frames/frame_002161.jpg
2162,36.033333,,0,B,0.12790,0.78297,0.09476,0.00402,frames/frame_002162.jpg
2163,36.050000,,0,B,0.12812,0.78257,0.09494,0.00302,frames/frame_002163.jpg
2164,36.066667,,0,P,0.12816,0.78542,0.09588,0.00330,frames/frame_002164.jpg
2165,36.083333,,0,B,0.12792,0.78660,0.09609,0.00360,frames/frame_002165.jpg
2166,36.100000,,0,B,0.12811,0.78454,0.09608,0.00339,frames/frame_002166.jpg
2167,36.116667,,0,P,0.12450,0.78532,0.09229,0.00630,frames/frame_002167.jpg
2168,36.133333,,0,B,0.12469,0.78377,0.09190,0.00377,frames/frame_002168.jpg
2169,36.150000,,0,B,0.12418,0.78532,0.09225,0.00349,frames/frame_002169.jpg
2170,36.166667,,0,B,0.12604,0.78515,0.09455,0.00499,frames/frame_002170.jpg
2171,36.183333,,0,P,0.12560,0.78706,0.09417,0.00389,frames/frame_002171.jpg
2172,36.200000,,0,B,0.12581,0.78548,0.09310,0.00365,frames/frame_002172.jpg
2173,36.216667,,0,B,0.12546,0.78713,0.09259,0.00345,frames/frame_002173.jpg
2174,36.233333,,0,B,0.12560,0.78531,0.09244,0.00366,frames/frame_002174.jpg
2175,36.250000,,0,P,0.12487,0.78897,0.09297,0.00395,frames/frame_002175.jpg
2176,36.266667,,0,B,0.12347,0.78520,0.09143,0.00521,frames/frame_002176.jpg
2177,36.283333,,0,B,0.12320,0.78575,0.09200,0.00365,frames/frame_002177.jpg
2178,36.300000,,0,B,0.12334,0.78495,0.09103,0.00359,frames/frame_002178.jpg
2179,36.316667,,0,P,0.12263,0.78763,0.08998,0.00401,frames/frame_002179.jpg
2180,36.333333,,0,B,0.12392,0.78431,0.09044,0.00625,frames/frame_002180.jpg
2181,36.350000,,0,B,0.12366,0.78479,0.09191,0.00432,frames/frame_002181.jpg
2182,36.366667,,0,B,0.12411,0.78439,0.09288,0.00426,frames/frame_002182.jpg
2183,36.383333,,0,P,0.12333,0.78782,0.09274,0.00444,frames/frame_002183.jpg
2184,36.400000,,0,B,0.12359,0.78416,0.09120,0.00404,frames/frame_002184.jpg
2185,36.416667,,0,P,0.12296,0.78614,0.08976,0.00391,frames/frame_002185.jpg
2186,36.433333,,0,B,0.12298,0.78238,0.08926,0.00411,frames/frame_002186.jpg
2187,36.450000,,0,B,0.12222,0.78453,0.09004,0.00375,frames/frame_002187.jpg
2188,36.466667,,0,B,0.12151,0.78285,0.08969,0.00365,frames/frame_002188.jpg
2189,36.483333,,0,P,0.12075,0.78735,0.08929,0.00390,frames/frame_002189.jpg
2190,36.500000,,0,B,0.12105,0.78454,0.08942,0.00318,frames/frame_002190.jpg
2191,36.516667,,0,B,0.12105,0.78596,0.08959,0.00290,frames/frame_002191.jpg
2192,36.533333,,0,B,0.12129,0.78372,0.08950,0.00292,frames/frame_002192.jpg
2193,36.550000,,0,P,0.12054,0.78639,0.08974,0.00346,frames/frame_002193.jpg
2194,36.566667,,0,B,0.12064,0.78563,0.08933,0.00338,frames/frame_002194.jpg
2195,36.583333,,0,P,0.11997,0.79104,0.08947,0.00392,frames/frame_002195.jpg
2196,36.600000,,0,B,0.12017,0.78966,0.08931,0.00258,frames/frame_002196.jpg
2197,36.616667,,0,B,0.12880,0.82313,0.09196,0.02066,frames/frame_002197.jpg
2198,36.633333,,0,B,0.12729,0.82109,0.09000,0.00588,frames/frame_002198.jpg
2199,36.650000,,0,P,0.12597,0.82670,0.09046,0.00497,frames/frame_002199.jpg
2200,36.666667,,0,B,0.12816,0.81975,0.09293,0.00595,frames/frame_002200.jpg
2201,36.683333,,0,B,0.12791,0.82252,0.09314,0.00436,frames/frame_002201.jpg
2202,36.700000,,0,B,0.12643,0.82237,0.09096,0.00555,frames/frame_002202.jpg
2203,36.716667,,0,P,0.12526,0.82501,0.09023,0.00479,frames/frame_002203.jpg
2204,36.733333,,0,B,0.12781,0.81707,0.09254,0.00627,frames/frame_002204.jpg
2205,36.750000,,0,B,0.12743,0.81776,0.09319,0.00451,frames/frame_002205.jpg
2206,36.766667,,0,B,0.12639,0.81708,0.09141,0.00572,frames/frame_002206.jpg
2207,36.783333,,0,P,0.12695,0.82098,0.09157,0.00826,frames/frame_002207.jpg
2208,36.800000,,0,B,0.13155,0.78525,0.09590,0.01555,frames/frame_002208.jpg
2209,36.816667,,0,B,0.13119,0.78539,0.09563,0.00559,frames/frame_002209.jpg
2210,36.833333,,0,B,0.12973,0.78222,0.09375,0.00656,frames/frame_002210.jpg
2211,36.850000,,0,P,0.12654,0.79387,0.09335,0.00699,frames/frame_002211.jpg
2212,36.866667,,0,B,0.12841,0.78742,0.09532,0.00632,frames/frame_002212.jpg
2213,36.883333,,0,B,0.12784,0.78906,0.09503,0.00457,frames/frame_002213.jpg
2214,36.900000,,0,B,0.12608,0.78109,0.09102,0.00838,frames/frame_002214.jpg
2215,36.916667,,0,P,0.12477,0.78533,0.09038,0.00515,frames/frame_002215.jpg
2216,36.933333,,0,B,0.12618,0.78215,0.09234,0.00680,frames/frame_002216.jpg
2217,36.950000,,0,B,0.12410,0.78926,0.09222,0.00563,frames/frame_002217.jpg
2218,36.966667,,0,B,0.12295,0.78737,0.09078,0.00538,frames/frame_002218.jpg
2219,36.983333,,0,P,0.12190,0.79058,0.08988,0.00466,frames/frame_002219.jpg
2220,37.000000,,0,B,0.12470,0.78338,0.09132,0.00660,frames/frame_002220.jpg
2221,37.016667,,0,B,0.12451,0.78467,0.09069,0.00378,frames/frame_002221.jpg
2222,37.033333,,0,B,0.12325,0.78403,0.09002,0.00514,frames/frame_002222.jpg
2223,37.050000,,0,P,0.12062,0.79260,0.08917,0.00538,frames/frame_002223.jpg
2224,37.066667,,0,B,0.12212,0.78882,0.09089,0.00483,frames/frame_002224.jpg
2225,37.083333,,0,B,0.12183,0.79036,0.09059,0.00346,frames/frame_002225.jpg
2226,37.100000,,0,B,0.12373,0.78422,0.09181,0.00673,frames/frame_002226.jpg
2227,37.116667,,0,P,0.12315,0.78753,0.09200,0.00390,frames/frame_002227.jpg
2228,37.133333,,0,B,0.12492,0.78372,0.09371,0.00511,frames/frame_002228.jpg
2229,37.150000,,0,B,0.12328,0.78944,0.09296,0.00458,frames/frame_002229.jpg
2230,37.166667,,0,B,0.12369,0.78950,0.09282,0.00551,frames/frame_002230.jpg
2231,37.183333,,0,P,0.12305,0.79222,0.09267,0.00382,frames/frame_002231.jpg
2232,37.200000,,0,B,0.12457,0.78610,0.09379,0.00583,frames/frame_002232.jpg
2233,37.216667,,0,B,0.12363,0.78622,0.09225,0.00566,frames/frame_002233.jpg
2234,37.233333,,0,P,0.06483,0.77747,0.05457,0.07864,frames/frame_002234.jpg
2235,37.250000,,0,B,0.07843,0.76816,0.06899,0.01453,frames/frame_002235.jpg
2236,37.266667,,0,B,0.08547,0.78473,0.07564,0.01370,frames/frame_002236.jpg
2237,37.283333,,0,B,0.09099,0.78113,0.07846,0.01124,frames/frame_002237.jpg
2238,37.300000,,0,P,0.09518,0.80304,0.07948,0.00972,frames/frame_002238.jpg
2239,37.316667,,0,B,0.09909,0.79613,0.07984,0.00712,frames/frame_002239.jpg
2240,37.333333,,0,B,0.10105,0.80087,0.07965,0.00580,frames/frame_002240.jpg
2241,37.350000,,0,B,0.10425,0.79766,0.08189,0.00633,frames/frame_002241.jpg
2242,37.366667,,0,P,0.12311,0.81728,0.09375,0.02013,frames/frame_002242.jpg
2243,37.383333,,0,B,0.14077,0.81479,0.10097,0.01817,frames/frame_002243.jpg
2244,37.400000,,0,B,0.14671,0.81904,0.10299,0.00910,frames/frame_002244.jpg
2245,37.416667,,0,B,0.15029,0.81890,0.10484,0.00830,frames/frame_002245.jpg
2246,37.433333,,0,P,0.15385,0.82727,0.10769,0.00863,frames/frame_002246.jpg
2247,37.450000,,0,B,0.15805,0.82315,0.10932,0.00812,frames/frame_002247.jpg
2248,37.466667,,0,B,0.15898,0.82383,0.10958,0.00802,frames/frame_002248.jpg
2249,37.483333,,0,B,0.15877,0.82369,0.11005,0.00699,frames/frame_002249.jpg
2250,37.500000,,0,P,0.15833,0.82807,0.10963,0.00632,frames/frame_002250.jpg
2251,37.516667,,0,B,0.16621,0.82220,0.10510,0.01094,frames/frame_002251.jpg
2252,37.533333,,0,B,0.17192,0.82979,0.10240,0.01245,frames/frame_002252.jpg
2253,37.550000,,0,B,0.17317,0.82580,0.09890,0.00756,frames/frame_002253.jpg
2254,37.566667,,0,P,0.17027,0.83080,0.09737,0.00710,frames/frame_002254.jpg
2255,37.583333,,0,B,0.16937,0.82593,0.09885,0.00852,frames/frame_002255.jpg
2256,37.600000,,0,B,0.16492,0.82646,0.09926,0.00862,frames/frame_002256.jpg
2257,37.616667,,0,B,0.16002,0.82165,0.09974,0.00877,frames/frame_002257.jpg
2258,37.633333,,0,P,0.15434,0.82564,0.10053,0.00963,frames/frame_002258.jpg
2259,37.650000,,0,B,0.15011,0.82326,0.09981,0.00893,frames/frame_002259.jpg
2260,37.666667,,0,B,0.15638,0.82452,0.09897,0.01040,frames/frame_002260.jpg
2261,37.683333,,0,B,0.16450,0.82393,0.10059,0.01212,frames/frame_002261.jpg
2262,37.700000,,0,P,0.16316,0.82751,0.10054,0.00814,frames/frame_002262.jpg
2263,37.716667,,0,B,0.15442,0.82130,0.09849,0.01151,frames/frame_002263.jpg
2264,37.733333,,0,B,0.14519,0.81894,0.09849,0.01239,frames/frame_002264.jpg
2265,37.750000,,0,B,0.13777,0.81571,0.09698,0.01106,frames/frame_002265.jpg
2266,37.766667,,0,P,0.12888,0.81840,0.09512,0.01224,frames/frame_002266.jpg
2267,37.783333,,0,B,0.12811,0.81627,0.09545,0.01034,frames/frame_002267.jpg
2268,37.800000,,0,B,0.14871,0.82246,0.09963,0.02342,frames/frame_002268.jpg
2269,37.816667,,0,B,0.16674,0.82427,0.10079,0.02228,frames/frame_002269.jpg
2270,37.833333,,0,P,0.17327,0.83139,0.10167,0.01106,frames/frame_002270.jpg
2271,37.850000,,0,B,0.16648,0.82178,0.10129,0.01154,frames/frame_002271.jpg
2272,37.866667,,0,B,0.15569,0.82367,0.10187,0.01304,frames/frame_002272.jpg
2273,37.883333,,0,B,0.14921,0.81920,0.09864,0.00936,frames/frame_002273.jpg
2274,37.900000,,0,P,0.14489,0.82529,0.09657,0.00910,frames/frame_002274.jpg
2275,37.916667,,0,B,0.14646,0.82110,0.09594,0.00752,frames/frame_002275.jpg
2276,37.933333,,0,B,0.14644,0.82266,0.09501,0.00623,frames/frame_002276.jpg
2277,37.950000,,0,B,0.14709,0.82066,0.09501,0.00693,frames/frame_002277.jpg
2278,37.966667,,0,P,0.14804,0.82417,0.09726,0.00667,frames/frame_002278.jpg
2279,37.983333,,0,B,0.14972,0.82284,0.09859,0.00747,frames/frame_002279.jpg
2280,38.000000,,0,B,0.14924,0.82138,0.09871,0.00814,frames/frame_002280.jpg
2281,38.016667,,0,B,0.14810,0.81922,0.09935,0.00881,frames/frame_002281.jpg
2282,38.033333,,0,P,0.14794,0.82318,0.09906,0.00947,frames/frame_002282.jpg
2283,38.050000,,0,B,0.15102,0.82050,0.09797,0.00935,frames/frame_002283.jpg
2284,38.066667,,0,B,0.15405,0.82402,0.09937,0.00740,frames/frame_002284.jpg
2285,38.083333,,0,B,0.15348,0.82259,0.09907,0.00635,frames/frame_002285.jpg
2286,38.100000,,0,P,0.15310,0.82613,0.09914,0.00751,frames/frame_002286.jpg
2287,38.116667,,0,B,0.16266,0.82190,0.09855,0.01324,frames/frame_002287.jpg
2288,38.133333,,0,B,0.17024,0.82631,0.10070,0.01184,frames/frame_002288.jpg
2289,38.150000,,0,B,0.17153,0.82681,0.10192,0.00760,frames/frame_002289.jpg
2290,38.166667,,0,P,0.16971,0.83044,0.10175,0.00683,frames/frame_002290.jpg
2291,38.183333,,0,B,0.16884,0.82532,0.10239,0.00676,frames/frame_002291.jpg
2292,38.200000,,0,B,0.16689,0.82631,0.10480,0.00636,frames/frame_002292.jpg
2293,38.216667,,0,B,0.16677,0.82484,0.10657,0.00731,frames/frame_002293.jpg
2294,38.233333,,0,P,0.16607,0.82790,0.10688,0.00605,frames/frame_002294.jpg
2295,38.250000,,0,B,0.16575,0.82486,0.10630,0.00650,frames/frame_002295.jpg
2296,38.266667,,0,B,0.17055,0.82697,0.10379,0.00795,frames/frame_002296.jpg
2297,38.283333,,0,B,0.17503,0.82702,0.10058,0.00912,frames/frame_002297.jpg
2298,38.300000,,0,P,0.17387,0.83037,0.09864,0.00733,frames/frame_002298.jpg
2299,38.316667,,0,B,0.16876,0.82406,0.09790,0.00900,frames/frame_002299.jpg
2300,38.333333,,0,B,0.16361,0.82445,0.09859,0.00899,frames/frame_002300.jpg
2301,38.350000,,0,B,0.15882,0.82142,0.09921,0.00825,frames/frame_002301.jpg
2302,38.366667,,0,P,0.15670,0.82480,0.10107,0.00746,frames/frame_002302.jpg
2303,38.383333,,0,B,0.15773,0.82231,0.10250,0.00796,frames/frame_002303.jpg
2304,38.400000,,0,B,0.15894,0.82302,0.10247,0.00773,frames/frame_002304.jpg
2305,38.416667,,0,B,0.16230,0.82287,0.10054,0.00917,frames/frame_002305.jpg
2306,38.433333,,0,P,0.15975,0.82708,0.10005,0.00801,frames/frame_002306.jpg
2307,38.450000,,0,B,0.14415,0.81798,0.09909,0.01712,frames/frame_002307.jpg
2308,38.466667,,0,B,0.12256,0.81444,0.09197,0.02225,frames/frame_002308.jpg
2309,38.483333,,0,B,0.11614,0.81125,0.09003,0.00961,frames/frame_002309.jpg
2310,38.500000,,0,P,0.11166,0.81339,0.08670,0.00757,frames/frame_002310.jpg
2311,38.516667,,0,B,0.11125,0.81059,0.08578,0.00478,frames/frame_002311.jpg
2312,38.533333,,0,B,0.11076,0.81262,0.08553,0.00403,frames/frame_002312.jpg
2313,38.550000,,0,B,0.11085,0.81129,0.08534,0.00422,frames/frame_002313.jpg
2314,38.566667,,0,P,0.12555,0.81729,0.09691,0.01776,frames/frame_002314.jpg
2315,38.583333,,0,B,0.13411,0.81387,0.09875,0.01291,frames/frame_002315.jpg
2316,38.600000,,0,B,0.13753,0.81503,0.09784,0.00853,frames/frame_002316.jpg
2317,38.616667,,0,B,0.14085,0.81573,0.09750,0.00761,frames/frame_002317.jpg
2318,38.633333,,0,P,0.14545,0.82183,0.09741,0.00904,frames/frame_002318.jpg
2319,38.650000,,0,B,0.15160,0.81931,0.09772,0.00910,frames/frame_002319.jpg
2320,38.666667,,0,B,0.15408,0.82259,0.09728,0.00637,frames/frame_002320.jpg
2321,38.683333,,0,B,0.15395,0.82132,0.09886,0.00595,frames/frame_002321.jpg
2322,38.700000,,0,P,0.15370,0.82487,0.09838,0.00762,frames/frame_002322.jpg
2323,38.716667,,0,B,0.16104,0.82117,0.10056,0.01425,frames/frame_002323.jpg
2324,38.733333,,0,B,0.16377,0.82429,0.10118,0.01143,frames/frame_002324.jpg
2325,38.750000,,0,B,0.15790,0.82216,0.10066,0.00970,frames/frame_002325.jpg
2326,38.766667,,0,P,0.14809,0.82548,0.09562,0.01164,frames/frame_002326.jpg
2327,38.783333,,0,B,0.14299,0.81513,0.09288,0.01016,frames/frame_002327.jpg
2328,38.800000,,0,B,0.13632,0.81667,0.09148,0.00882,frames/frame_002328.jpg
2329,38.816667,,0,B,0.13016,0.81145,0.08964,0.00834,frames/frame_002329.jpg
2330,38.833333,,0,P,0.12291,0.81540,0.08898,0.00926,frames/frame_002330.jpg
2331,38.850000,,0,B,0.12183,0.81347,0.08966,0.00738,frames/frame_002331.jpg
2332,38.866667,,0,P,0.14671,0.82372,0.09958,0.02458,frames/frame_002332.jpg
2333,38.883333,,0,B,0.16401,0.82297,0.10139,0.01855,frames/frame_002333.jpg
2334,38.900000,,0,B,0.16561,0.82517,0.10098,0.00833,frames/frame_002334.jpg
2335,38.916667,,0,B,0.16070,0.82216,0.10145,0.00867,frames/frame_002335.jpg
2336,38.933333,,0,P,0.15754,0.82299,0.10201,0.00789,frames/frame_002336.jpg
2337,38.950000,,0,B,0.15363,0.82188,0.10067,0.00709,frames/frame_002337.jpg
2338,38.966667,,0,B,0.14868,0.81852,0.09963,0.00871,frames/frame_002338.jpg
2339,38.983333,,0,P,0.14407,0.82092,0.10044,0.00965,frames/frame_002339.jpg
2340,39.000000,,1,I,0.15552,0.82453,0.10211,0.01915,frames/frame_002340.jpg
2341,39.016667,,0,B,0.17113,0.82379,0.10113,0.02055,frames/frame_002341.jpg
2342,39.033333,,0,B,0.17057,0.82466,0.10133,0.00966,frames/frame_002342.jpg
2343,39.050000,,0,B,0.16126,0.82012,0.10127,0.01237,frames/frame_002343.jpg
2344,39.066667,,0,P,0.14997,0.82061,0.09989,0.01337,frames/frame_002344.jpg
2345,39.083333,,0,B,0.14542,0.81397,0.09648,0.00922,frames/frame_002345.jpg
2346,39.100000,,0,B,0.14342,0.81638,0.09546,0.00778,frames/frame_002346.jpg
2347,39.116667,,0,B,0.14522,0.81425,0.09622,0.00740,frames/frame_002347.jpg
2348,39.133333,,0,P,0.14618,0.82105,0.09746,0.00657,frames/frame_002348.jpg
2349,39.150000,,0,B,0.14802,0.81696,0.09765,0.00709,frames/frame_002349.jpg
2350,39.166667,,0,B,0.14907,0.81772,0.09887,0.00677,frames/frame_002350.jpg
2351,39.183333,,0,B,0.15015,0.81689,0.10114,0.00757,frames/frame_002351.jpg
2352,39.200000,,0,P,0.14993,0.82100,0.10159,0.00823,frames/frame_002352.jpg
2353,39.216667,,0,B,0.14653,0.81235,0.10084,0.01004,frames/frame_002353.jpg
2354,39.233333,,0,B,0.13907,0.81329,0.09937,0.01286,frames/frame_002354.jpg
2355,39.250000,,0,B,0.13074,0.80847,0.09598,0.01316,frames/frame_002355.jpg
2356,39.266667,,0,P,0.12279,0.81371,0.09282,0.01100,frames/frame_002356.jpg
2357,39.283333,,0,B,0.11632,0.80822,0.08796,0.00965,frames/frame_002357.jpg
2358,39.300000,,0,B,0.12088,0.81172,0.09286,0.01234,frames/frame_002358.jpg
2359,39.316667,,0,B,0.15034,0.81796,0.09762,0.02850,frames/frame_002359.jpg
2360,39.333333,,0,P,0.16862,0.82438,0.09851,0.02026,frames/frame_002360.jpg
2361,39.350000,,0,B,0.17229,0.82483,0.09916,0.00769,frames/frame_002361.jpg
2362,39.366667,,0,B,0.16960,0.82304,0.09898,0.00662,frames/frame_002362.jpg
2363,39.383333,,0,B,0.16893,0.82170,0.10071,0.00887,frames/frame_002363.jpg
2364,39.400000,,0,P,0.16615,0.82458,0.10114,0.00878,frames/frame_002364.jpg
2365,39.416667,,0,B,0.16231,0.82154,0.10112,0.00863,frames/frame_002365.jpg
2366,39.433333,,0,B,0.15659,0.82069,0.10077,0.00892,frames/frame_002366.jpg
2367,39.450000,,0,B,0.15163,0.81928,0.09943,0.00807,frames/frame_002367.jpg
2368,39.466667,,0,P,0.15916,0.82277,0.10010,0.01075,frames/frame_002368.jpg
2369,39.483333,,0,B,0.16694,0.82082,0.10085,0.01071,frames/frame_002369.jpg
2370,39.500000,,0,B,0.16517,0.82237,0.10002,0.00772,frames/frame_002370.jpg
2371,39.516667,,0,B,0.15807,0.81806,0.09906,0.01059,frames/frame_002371.jpg
2372,39.533333,,0,P,0.14959,0.81924,0.09860,0.01135,frames/frame_002372.jpg
2373,39.550000,,0,B,0.13849,0.81302,0.09674,0.01372,frames/frame_002373.jpg
2374,39.566667,,0,B,0.12639,0.81236,0.09482,0.01450,frames/frame_002374.jpg
2375,39.583333,,0,B,0.11783,0.80893,0.09084,0.01141,frames/frame_002375.jpg
2376,39.600000,,0,P,0.12639,0.81521,0.09652,0.01358,frames/frame_002376.jpg
2377,39.616667,,0,B,0.14813,0.81601,0.10129,0.02203,frames/frame_002377.jpg
2378,39.633333,,0,B,0.15412,0.82191,0.10292,0.00956,frames/frame_002378.jpg
2379,39.650000,,0,B,0.14126,0.81542,0.09964,0.01489,frames/frame_002379.jpg
2380,39.666667,,0,P,0.12100,0.81368,0.09250,0.02105,frames/frame_002380.jpg
2381,39.683333,,0,B,0.11499,0.80830,0.09000,0.01016,frames/frame_002381.jpg
2382,39.700000,,0,B,0.11122,0.80729,0.08589,0.00725,frames/frame_002382.jpg
2383,39.716667,,0,B,0.11075,0.80714,0.08574,0.00442,frames/frame_002383.jpg
2384,39.733333,,0,P,0.11001,0.80925,0.08540,0.00455,frames/frame_002384.jpg
2385,39.750000,,0,B,0.10992,0.80814,0.08486,0.00447,frames/frame_002385.jpg
2386,39.766667,,0,P,0.12463,0.81533,0.09562,0.01698,frames/frame_002386.jpg
2387,39.783333,,0,B,0.13886,0.81290,0.10000,0.01661,frames/frame_002387.jpg
2388,39.800000,,0,B,0.14329,0.81617,0.09952,0.00868,frames/frame_002388.jpg
2389,39.816667,,0,B,0.14551,0.81495,0.09948,0.00669,frames/frame_002389.jpg
2390,39.833333,,0,P,0.14906,0.82113,0.09827,0.00727,frames/frame_002390.jpg
2391,39.850000,,0,B,0.15432,0.81856,0.10007,0.00803,frames/frame_002391.jpg
2392,39.866667,,0,B,0.15689,0.82153,0.10049,0.00610,frames/frame_002392.jpg
2393,39.883333,,0,B,0.15636,0.81912,0.09895,0.00553,frames/frame_002393.jpg
2394,39.900000,,0,P,0.15492,0.82271,0.09724,0.00645,frames/frame_002394.jpg
2395,39.916667,,0,B,0.16516,0.82145,0.09828,0.01347,frames/frame_002395.jpg
2396,39.933333,,0,B,0.17355,0.82659,0.10016,0.01577,frames/frame_002396.jpg
2397,39.950000,,0,B,0.17476,0.82432,0.10004,0.00767,frames/frame_002397.jpg
2398,39.966667,,0,P,0.17108,0.82842,0.10092,0.00808,frames/frame_002398.jpg
2399,39.983333,,0,B,0.16824,0.81903,0.10264,0.00896,frames/frame_002399.jpg
2400,40.000000,,0,B,0.16184,0.81953,0.10340,0.00954,frames/frame_002400.jpg
2401,40.016667,,0,B,0.15424,0.81612,0.10297,0.01123,frames/frame_002401.jpg
2402,40.033333,,0,P,0.14581,0.81959,0.10213,0.01211,frames/frame_002402.jpg
2403,40.050000,,0,B,0.14268,0.81728,0.10021,0.00884,frames/frame_002403.jpg
2404,40.066667,,0,B,0.15407,0.81840,0.10013,0.01351,frames/frame_002404.jpg
2405,40.083333,,0,B,0.16610,0.81976,0.10129,0.01332,frames/frame_002405.jpg
2406,40.100000,,0,P,0.16563,0.82545,0.10181,0.00786,frames/frame_002406.jpg
2407,40.116667,,0,B,0.15648,0.81969,0.10023,0.01258,frames/frame_002407.jpg
2408,40.133333,,0,B,0.14510,0.81642,0.09923,0.01395,frames/frame_002408.jpg
2409,40.150000,,0,B,0.13642,0.81324,0.09914,0.01227,frames/frame_002409.jpg
2410,40.166667,,0,P,0.12701,0.81363,0.09748,0.01250,frames/frame_002410.jpg
2411,40.183333,,0,B,0.12608,0.81163,0.09841,0.01110,frames/frame_002411.jpg
2412,40.200000,,0,B,0.15001,0.82017,0.10127,0.02648,frames/frame_002412.jpg
2413,40.216667,,0,B,0.17062,0.82354,0.10273,0.02376,frames/frame_002413.jpg
2414,40.233333,,0,P,0.17692,0.83166,0.10299,0.00978,frames/frame_002414.jpg
2415,40.250000,,0,B,0.16910,0.82170,0.10315,0.01195,frames/frame_002415.jpg
2416,40.266667,,0,B,0.15608,0.82001,0.10073,0.01471,frames/frame_002416.jpg
2417,40.283333,,0,B,0.14926,0.81616,0.09748,0.01038,frames/frame_002417.jpg
2418,40.300000,,0,P,0.14582,0.81971,0.09561,0.00796,frames/frame_002418.jpg
2419,40.316667,,0,B,0.14783,0.81572,0.09651,0.00760,frames/frame_002419.jpg
2420,40.333333,,0,B,0.14828,0.81569,0.09687,0.00624,frames/frame_002420.jpg
2421,40.350000,,0,B,0.14945,0.81468,0.09804,0.00732,frames/frame_002421.jpg
2422,40.366667,,0,P,0.15020,0.81852,0.09933,0.00640,frames/frame_002422.jpg
2423,40.383333,,0,B,0.14490,0.81359,0.10058,0.01075,frames/frame_002423.jpg
2424,40.400000,,0,B,0.14502,0.81515,0.10051,0.00859,frames/frame_002424.jpg
2425,40.416667,,0,B,0.14230,0.81226,0.10096,0.01034,frames/frame_002425.jpg
2426,40.433333,,0,P,0.13737,0.81632,0.10048,0.01283,frames/frame_002426.jpg
2427,40.450000,,0,B,0.13286,0.81218,0.09944,0.01264,frames/frame_002427.jpg
2428,40.466667,,0,B,0.12977,0.81283,0.09788,0.00945,frames/frame_002428.jpg
2429,40.483333,,0,B,0.12460,0.80917,0.09466,0.00885,frames/frame_002429.jpg
2430,40.500000,,0,P,0.12721,0.81368,0.09892,0.01120,frames/frame_002430.jpg
2431,40.516667,,0,B,0.15352,0.81520,0.10305,0.02637,frames/frame_002431.jpg
2432,40.533333,,0,B,0.17050,0.82419,0.10498,0.01985,frames/frame_002432.jpg
2433,40.550000,,0,B,0.17392,0.82427,0.10393,0.00766,frames/frame_002433.jpg
2434,40.566667,,0,P,0.16992,0.82698,0.10286,0.00846,frames/frame_002434.jpg
2435,40.583333,,0,B,0.16486,0.81862,0.10289,0.01087,frames/frame_002435.jpg
2436,40.600000,,0,B,0.15631,0.81989,0.10227,0.01127,frames/frame_002436.jpg
2437,40.616667,,0,B,0.14531,0.81471,0.10126,0.01343,frames/frame_002437.jpg
2438,40.633333,,0,P,0.13341,0.81692,0.09896,0.01393,frames/frame_002438.jpg
2439,40.650000,,0,B,0.13003,0.81661,0.09845,0.00820,frames/frame_002439.jpg
2440,40.666667,,0,P,0.14687,0.81909,0.10151,0.01867,frames/frame_002440.jpg
2441,40.683333,,0,B,0.16083,0.82034,0.10240,0.01508,frames/frame_002441.jpg
2442,40.700000,,0,B,0.16257,0.82072,0.10093,0.00828,frames/frame_002442.jpg
2443,40.716667,,0,B,0.15550,0.81555,0.10095,0.01128,frames/frame_002443.jpg
2444,40.733333,,0,P,0.14499,0.81610,0.10002,0.01259,frames/frame_002444.jpg
2445,40.750000,,0,B,0.13593,0.81157,0.09861,0.01186,frames/frame_002445.jpg
2446,40.766667,,0,B,0.12770,0.81040,0.09680,0.01101,frames/frame_002446.jpg
2447,40.783333,,0,B,0.11988,0.80788,0.09339,0.01038,frames/frame_002447.jpg
2448,40.800000,,0,P,0.12743,0.81407,0.09916,0.01565,frames/frame_002448.jpg
2449,40.816667,,0,B,0.14942,0.81653,0.10382,0.02286,frames/frame_002449.jpg
2450,40.833333,,0,B,0.15157,0.81857,0.10323,0.00904,frames/frame_002450.jpg
2451,40.850000,,0,B,0.13772,0.81354,0.10003,0.01575,frames/frame_002451.jpg
2452,40.866667,,0,P,0.11968,0.81151,0.09269,0.01987,frames/frame_002452.jpg
2453,40.883333,,0,B,0.11417,0.80578,0.09029,0.00971,frames/frame_002453.jpg
2454,40.900000,,0,B,0.11068,0.80653,0.08608,0.00719,frames/frame_002454.jpg
2455,40.916667,,0,B,0.11023,0.80567,0.08566,0.00507,frames/frame_002455.jpg
2456,40.933333,,0,P,0.10922,0.80867,0.08465,0.00532,frames/frame_002456.jpg
2457,40.950000,,0,B,0.10970,0.80553,0.08443,0.00512,frames/frame_002457.jpg
2458,40.966667,,0,B,0.11851,0.81145,0.09391,0.01204,frames/frame_002458.jpg
2459,40.983333,,0,B,0.12970,0.81115,0.09883,0.01407,frames/frame_002459.jpg
2460,41.000000,,0,P,0.13276,0.81618,0.09718,0.00894,frames/frame_002460.jpg
2461,41.016667,,0,B,0.13111,0.81225,0.09599,0.00864,frames/frame_002461.jpg
2462,41.033333,,0,B,0.12909,0.81254,0.09566,0.00883,frames/frame_002462.jpg
2463,41.050000,,0,B,0.12768,0.80991,0.09536,0.00830,frames/frame_002463.jpg
2464,41.066667,,0,P,0.12407,0.81353,0.09441,0.00859,frames/frame_002464.jpg
2465,41.083333,,0,B,0.11997,0.80935,0.09127,0.00890,frames/frame_002465.jpg
2466,41.100000,,0,B,0.12448,0.81182,0.09667,0.01101,frames/frame_002466.jpg
2467,41.116667,,0,B,0.15254,0.81688,0.09842,0.02831,frames/frame_002467.jpg
2468,41.133333,,0,P,0.17064,0.82703,0.10062,0.02159,frames/frame_002468.jpg
2469,41.150000,,0,B,0.17375,0.82378,0.10162,0.00781,frames/frame_002469.jpg
2470,41.166667,,0,B,0.16921,0.82257,0.10221,0.00790,frames/frame_002470.jpg
2471,41.183333,,0,B,0.16343,0.82020,0.10135,0.00851,frames/frame_002471.jpg
2472,41.200000,,0,P,0.15824,0.82029,0.10295,0.01124,frames/frame_002472.jpg
2473,41.216667,,0,B,0.14999,0.81430,0.10301,0.01120,frames/frame_002473.jpg
2474,41.233333,,0,B,0.13916,0.81464,0.10241,0.01337,frames/frame_002474.jpg
2475,41.250000,,0,B,0.13540,0.81482,0.09940,0.00868,frames/frame_002475.jpg
2476,41.266667,,0,P,0.15510,0.82206,0.10057,0.02111,frames/frame_002476.jpg
2477,41.283333,,0,B,0.17013,0.82159,0.09999,0.01714,frames/frame_002477.jpg
2478,41.300000,,0,B,0.17201,0.82487,0.09909,0.00798,frames/frame_002478.jpg
2479,41.316667,,0,B,0.16640,0.81967,0.10038,0.00964,frames/frame_002479.jpg
2480,41.333333,,0,P,0.16027,0.82092,0.10097,0.00979,frames/frame_002480.jpg
2481,41.350000,,0,B,0.15524,0.81611,0.10055,0.00823,frames/frame_002481.jpg
2482,41.366667,,0,B,0.15087,0.81779,0.09995,0.00855,frames/frame_002482.jpg
2483,41.383333,,0,B,0.14968,0.81788,0.09989,0.00967,frames/frame_002483.jpg
2484,41.400000,,0,P,0.15590,0.82261,0.09948,0.01380,frames/frame_002484.jpg
2485,41.416667,,0,B,0.16901,0.82396,0.09986,0.01858,frames/frame_002485.jpg
2486,41.433333,,0,B,0.17376,0.82880,0.10022,0.00916,frames/frame_002486.jpg
2487,41.450000,,0,B,0.16618,0.81973,0.10147,0.01175,frames/frame_002487.jpg
2488,41.466667,,0,P,0.15494,0.82251,0.10008,0.01345,frames/frame_002488.jpg
2489,41.483333,,0,B,0.14912,0.81514,0.09729,0.00951,frames/frame_002489.jpg
2490,41.500000,,0,B,0.14652,0.81851,0.09645,0.00747,frames/frame_002490.jpg
2491,41.516667,,0,B,0.14811,0.81547,0.09660,0.00704,frames/frame_002491.jpg
2492,41.533333,,0,P,0.14821,0.82109,0.09735,0.00628,frames/frame_002492.jpg
2493,41.550000,,0,B,0.14916,0.81632,0.09756,0.00693,frames/frame_002493.jpg
2494,41.566667,,0,B,0.14924,0.81667,0.09798,0.00647,frames/frame_002494.jpg
2495,41.583333,,0,B,0.15042,0.81545,0.09938,0.00763,frames/frame_002495.jpg
2496,41.600000,,0,P,0.14960,0.81805,0.09977,0.00863,frames/frame_002496.jpg
2497,41.616667,,0,B,0.14573,0.81286,0.09922,0.01050,frames/frame_002497.jpg
2498,41.633333,,0,B,0.13888,0.81424,0.09843,0.01335,frames/frame_002498.jpg
2499,41.650000,,0,B,0.13315,0.81252,0.09747,0.01335,frames/frame_002499.jpg
2500,41.666667,,0,P,0.12981,0.81477,0.09673,0.00906,frames/frame_002500.jpg
2501,41.683333,,0,B,0.12743,0.81363,0.09596,0.00748,frames/frame_002501.jpg
2502,41.700000,,0,P,0.13028,0.81576,0.09963,0.01090,frames/frame_002502.jpg
2503,41.716667,,0,B,0.15267,0.81645,0.10025,0.02466,frames/frame_002503.jpg
2504,41.733333,,0,B,0.16734,0.82077,0.10109,0.01908,frames/frame_002504.jpg
2505,41.750000,,0,B,0.17165,0.82150,0.10145,0.00861,frames/frame_002505.jpg
2506,41.766667,,0,P,0.16931,0.82437,0.10121,0.00788,frames/frame_002506.jpg
2507,41.783333,,0,B,0.16616,0.81837,0.10277,0.00831,frames/frame_002507.jpg
2508,41.800000,,0,B,0.16241,0.82108,0.10420,0.01095,frames/frame_002508.jpg
2509,41.816667,,0,B,0.15761,0.81772,0.10230,0.00974,frames/frame_002509.jpg
2510,41.833333,,0,P,0.15075,0.82094,0.10135,0.01086,frames/frame_002510.jpg
2511,41.850000,,0,B,0.14661,0.81756,0.09896,0.00856,frames/frame_002511.jpg
2512,41.866667,,0,B,0.15373,0.82008,0.09983,0.01113,frames/frame_002512.jpg
2513,41.883333,,0,B,0.16359,0.81895,0.10166,0.01152,frames/frame_002513.jpg
2514,41.900000,,0,P,0.16357,0.82411,0.10145,0.00857,frames/frame_002514.jpg
2515,41.916667,,0,B,0.15415,0.81914,0.09992,0.01257,frames/frame_002515.jpg
2516,41.933333,,0,B,0.14329,0.81612,0.09880,0.01355,frames/frame_002516.jpg
2517,41.950000,,0,B,0.13398,0.81227,0.09641,0.01191,frames/frame_002517.jpg
2518,41.966667,,0,P,0.12713,0.81376,0.09523,0.00991,frames/frame_002518.jpg
2519,41.983333,,0,P,0.12266,0.81176,0.09165,0.00889,frames/frame_002519.jpg
2520,42.000000,,1,I,0.13188,0.81285,0.09881,0.01627,frames/frame_002520.jpg
2521,42.016667,,0,B,0.15062,0.81159,0.10179,0.01949,frames/frame_002521.jpg
2522,42.033333,,0,B,0.15479,0.81738,0.10160,0.00798,frames/frame_002522.jpg
2523,42.050000,,0,B,0.14137,0.81126,0.09926,0.01524,frames/frame_002523.jpg
2524,42.066667,,0,P,0.12078,0.80849,0.09157,0.02168,frames/frame_002524.jpg
2525,42.083333,,0,B,0.11471,0.80300,0.08882,0.00945,frames/frame_002525.jpg
2526,42.100000,,0,B,0.11061,0.80426,0.08377,0.00697,frames/frame_002526.jpg
2527,42.116667,,0,B,0.11009,0.80235,0.08299,0.00445,frames/frame_002527.jpg
2528,42.133333,,0,P,0.10918,0.80461,0.08247,0.00457,frames/frame_002528.jpg
2529,42.150000,,0,B,0.11015,0.80260,0.08332,0.00518,frames/frame_002529.jpg
2530,42.166667,,0,B,0.12654,0.80791,0.09739,0.01787,frames/frame_002530.jpg
2531,42.183333,,0,B,0.13791,0.80491,0.10266,0.01450,frames/frame_002531.jpg
2532,42.200000,,0,P,0.14363,0.81181,0.10497,0.00974,frames/frame_002532.jpg
2533,42.216667,,0,B,0.14842,0.80997,0.10619,0.00832,frames/frame_002533.jpg
2534,42.233333,,0,B,0.15308,0.81307,0.10837,0.00852,frames/frame_002534.jpg
2535,42.250000,,0,B,0.15805,0.81259,0.10892,0.00819,frames/frame_002535.jpg
2536,42.266667,,0,P,0.15908,0.81880,0.10867,0.00760,frames/frame_002536.jpg
2537,42.283333,,0,B,0.15940,0.81504,0.10916,0.00795,frames/frame_002537.jpg
2538,42.300000,,0,B,0.15959,0.81827,0.10916,0.00629,frames/frame_002538.jpg
2539,42.316667,,0,B,0.16849,0.81918,0.10537,0.01150,frames/frame_002539.jpg
2540,42.333333,,0,P,0.17521,0.82633,0.10323,0.01290,frames/frame_002540.jpg
2541,42.350000,,0,B,0.17628,0.82352,0.10051,0.00771,frames/frame_002541.jpg
2542,42.366667,,0,B,0.17372,0.82350,0.09913,0.00686,frames/frame_002542.jpg
2543,42.383333,,0,B,0.17056,0.81890,0.09837,0.00755,frames/frame_002543.jpg
2544,42.400000,,0,P,0.16700,0.82006,0.10080,0.01005,frames/frame_002544.jpg
2545,42.416667,,0,B,0.16250,0.81634,0.10056,0.00886,frames/frame_002545.jpg
2546,42.433333,,0,B,0.15717,0.81754,0.10079,0.00907,frames/frame_002546.jpg
2547,42.450000,,0,B,0.15215,0.81446,0.10059,0.00893,frames/frame_002547.jpg
2548,42.466667,,0,P,0.15830,0.81964,0.10037,0.01066,frames/frame_002548.jpg
2549,42.483333,,0,B,0.16664,0.81759,0.10133,0.01164,frames/frame_002549.jpg
2550,42.500000,,0,B,0.16622,0.82163,0.10052,0.00718,frames/frame_002550.jpg
2551,42.516667,,0,B,0.15822,0.81649,0.09929,0.01091,frames/frame_002551.jpg
2552,42.533333,,0,P,0.14769,0.81559,0.09787,0.01297,frames/frame_002552.jpg
2553,42.550000,,0,B,0.13887,0.81209,0.09495,0.01183,frames/frame_002553.jpg
2554,42.566667,,0,B,0.13053,0.81126,0.09373,0.01102,frames/frame_002554.jpg
2555,42.583333,,0,B,0.12898,0.81168,0.09528,0.00916,frames/frame_002555.jpg
2556,42.600000,,0,P,0.14951,0.81687,0.09883,0.02358,frames/frame_002556.jpg
2557,42.616667,,0,B,0.16620,0.82089,0.09945,0.02134,frames/frame_002557.jpg
2558,42.633333,,0,B,0.16541,0.82270,0.09956,0.01074,frames/frame_002558.jpg
2559,42.650000,,0,B,0.15740,0.81411,0.09973,0.01180,frames/frame_002559.jpg
2560,42.666667,,0,P,0.14836,0.81868,0.09858,0.01211,frames/frame_002560.jpg
2561,42.683333,,0,B,0.14391,0.81253,0.09548,0.00971,frames/frame_002561.jpg
2562,42.700000,,0,B,0.14168,0.81298,0.09348,0.00737,frames/frame_002562.jpg
2563,42.716667,,0,B,0.14341,0.81091,0.09379,0.00731,frames/frame_002563.jpg
2564,42.733333,,0,P,0.14410,0.81423,0.09422,0.00650,frames/frame_002564.jpg
2565,42.750000,,0,B,0.14560,0.81138,0.09472,0.00704,frames/frame_002565.jpg
2566,42.766667,,0,B,0.14682,0.81385,0.09586,0.00613,frames/frame_002566.jpg
2567,42.783333,,0,B,0.14904,0.81429,0.09804,0.00740,frames/frame_002567.jpg
2568,42.800000,,0,P,0.14950,0.81788,0.09897,0.00838,frames/frame_002568.jpg
2569,42.816667,,0,B,0.14938,0.81229,0.09979,0.00946,frames/frame_002569.jpg
2570,42.833333,,0,B,0.15054,0.81464,0.10020,0.00955,frames/frame_002570.jpg
2571,42.850000,,0,B,0.15323,0.81239,0.09885,0.00862,frames/frame_002571.jpg
2572,42.866667,,0,P,0.15487,0.82005,0.09978,0.00721,frames/frame_002572.jpg
2573,42.883333,,0,B,0.15456,0.81548,0.09921,0.00638,frames/frame_002573.jpg
2574,42.900000,,0,B,0.15399,0.81763,0.09783,0.00676,frames/frame_002574.jpg
2575,42.916667,,0,B,0.16232,0.81749,0.09960,0.01249,frames/frame_002575.jpg
2576,42.933333,,0,P,0.16994,0.82379,0.10156,0.01176,frames/frame_002576.jpg
2577,42.950000,,0,B,0.17159,0.82216,0.10309,0.00778,frames/frame_002577.jpg
2578,42.966667,,0,B,0.17010,0.82462,0.10302,0.00688,frames/frame_002578.jpg
2579,42.983333,,0,B,0.16954,0.82107,0.10433,0.00644,frames/frame_002579.jpg
2580,43.000000,,0,P,0.16808,0.82505,0.10671,0.00650,frames/frame_002580.jpg
2581,43.016667,,0,B,0.16828,0.82142,0.10770,0.00711,frames/frame_002581.jpg
2582,43.033333,,0,B,0.16719,0.82231,0.10649,0.00599,frames/frame_002582.jpg
2583,43.050000,,0,B,0.16576,0.82126,0.10662,0.00624,frames/frame_002583.jpg
2584,43.066667,,0,P,0.16996,0.82506,0.10377,0.00828,frames/frame_002584.jpg
2585,43.083333,,0,B,0.17419,0.82239,0.10202,0.00953,frames/frame_002585.jpg
2586,43.100000,,0,B,0.17282,0.82417,0.10122,0.00767,frames/frame_002586.jpg
2587,43.116667,,0,B,0.16864,0.82028,0.10100,0.00900,frames/frame_002587.jpg
2588,43.133333,,0,P,0.16433,0.82314,0.10133,0.00860,frames/frame_002588.jpg
2589,43.150000,,0,B,0.15936,0.81921,0.10096,0.00902,frames/frame_002589.jpg
2590,43.166667,,0,B,0.15657,0.82169,0.10199,0.00829,frames/frame_002590.jpg
2591,43.183333,,0,B,0.15814,0.81976,0.10340,0.00769,frames/frame_002591.jpg
2592,43.200000,,0,P,0.15873,0.82160,0.10418,0.00802,frames/frame_002592.jpg
2593,43.216667,,0,B,0.16062,0.81833,0.10190,0.00912,frames/frame_002593.jpg
2594,43.233333,,0,B,0.15662,0.81891,0.10099,0.00873,frames/frame_002594.jpg
2595,43.250000,,0,B,0.14141,0.81201,0.09986,0.01676,frames/frame_002595.jpg
2596,43.266667,,0,P,0.12119,0.81227,0.09228,0.02104,frames/frame_002596.jpg
2597,43.283333,,0,B,0.11510,0.80602,0.08956,0.00934,frames/frame_002597.jpg
2598,43.300000,,0,B,0.11127,0.80719,0.08623,0.00713,frames/frame_002598.jpg
2599,43.316667,,0,B,0.11084,0.80476,0.08553,0.00438,frames/frame_002599.jpg
2600,43.333333,,0,P,0.11019,0.80777,0.08553,0.00397,frames/frame_002600.jpg
2601,43.350000,,0,B,0.11061,0.80483,0.08573,0.00449,frames/frame_002601.jpg
2602,43.366667,,0,B,0.12307,0.80967,0.09605,0.01508,frames/frame_002602.jpg
2603,43.383333,,0,B,0.13496,0.81104,0.10100,0.01393,frames/frame_002603.jpg
2604,43.400000,,0,P,0.13871,0.81582,0.10059,0.00896,frames/frame_002604.jpg
2605,43.416667,,0,B,0.14181,0.81316,0.10042,0.00792,frames/frame_002605.jpg
2606,43.433333,,0,B,0.14671,0.81705,0.10015,0.00807,frames/frame_002606.jpg
2607,43.450000,,0,B,0.15169,0.81627,0.09896,0.00813,frames/frame_002607.jpg
2608,43.466667,,0,P,0.15355,0.82036,0.09802,0.00589,frames/frame_002608.jpg
2609,43.483333,,0,B,0.15375,0.81851,0.09883,0.00529,frames/frame_002609.jpg
2610,43.500000,,0,B,0.15408,0.81962,0.09858,0.00602,frames/frame_002610.jpg
2611,43.516667,,0,B,0.16144,0.82011,0.10105,0.01262,frames/frame_002611.jpg
2612,43.533333,,0,P,0.16108,0.82480,0.10101,0.01425,frames/frame_002612.jpg
2613,43.550000,,0,B,0.15486,0.81782,0.09920,0.01047,frames/frame_002613.jpg
2614,43.566667,,0,B,0.14574,0.81833,0.09487,0.01120,frames/frame_002614.jpg
2615,43.583333,,0,B,0.14072,0.81071,0.09129,0.00782,frames/frame_002615.jpg
2616,43.600000,,0,P,0.13604,0.81363,0.09072,0.00950,frames/frame_002616.jpg
2617,43.616667,,0,B,0.12956,0.80818,0.08939,0.00936,frames/frame_002617.jpg
2618,43.633333,,0,B,0.12306,0.81083,0.08900,0.00906,frames/frame_002618.jpg
2619,43.650000,,0,B,0.12242,0.80781,0.09109,0.00779,frames/frame_002619.jpg
2620,43.666667,,0,P,0.14750,0.81898,0.10055,0.02449,frames/frame_002620.jpg
2621,43.683333,,0,B,0.16470,0.81784,0.10310,0.01771,frames/frame_002621.jpg
2622,43.700000,,0,B,0.16730,0.82074,0.10282,0.00823,frames/frame_002622.jpg
2623,43.716667,,0,B,0.16177,0.81765,0.10160,0.00897,frames/frame_002623.jpg
2624,43.733333,,0,P,0.15758,0.81901,0.10330,0.00863,frames/frame_002624.jpg
2625,43.750000,,0,B,0.15372,0.81476,0.10237,0.00728,frames/frame_002625.jpg
2626,43.766667,,0,B,0.14829,0.81682,0.10113,0.00818,frames/frame_002626.jpg
2627,43.783333,,0,B,0.14369,0.81437,0.10102,0.00945,frames/frame_002627.jpg
2628,43.800000,,0,P,0.15253,0.81815,0.10162,0.01625,frames/frame_002628.jpg
2629,43.816667,,0,B,0.16931,0.82186,0.10125,0.02098,frames/frame_002629.jpg
2630,43.833333,,0,B,0.17484,0.82817,0.10094,0.00878,frames/frame_002630.jpg
2631,43.850000,,0,B,0.16703,0.82259,0.10225,0.01179,frames/frame_002631.jpg
2632,43.866667,,0,P,0.15512,0.82249,0.10076,0.01380,frames/frame_002632.jpg
2633,43.883333,,0,B,0.14837,0.81645,0.09760,0.01010,frames/frame_002633.jpg
2634,43.900000,,0,B,0.14538,0.81717,0.09616,0.00776,frames/frame_002634.jpg
2635,43.916667,,0,B,0.14669,0.81536,0.09662,0.00712,frames/frame_002635.jpg
2636,43.933333,,0,P,0.14706,0.81936,0.09654,0.00546,frames/frame_002636.jpg
2637,43.950000,,0,B,0.14837,0.81660,0.09672,0.00651,frames/frame_002637.jpg
2638,43.966667,,0,B,0.14908,0.81823,0.09899,0.00672,frames/frame_002638.jpg
2639,43.983333,,0,B,0.14418,0.81143,0.09926,0.01080,frames/frame_002639.jpg
2640,44.000000,,0,P,0.14429,0.81737,0.09964,0.00843,frames/frame_002640.jpg
2641,44.016667,,0,B,0.14063,0.81035,0.09987,0.00959,frames/frame_002641.jpg
2642,44.033333,,0,B,0.13337,0.81017,0.09890,0.01179,frames/frame_002642.jpg
2643,44.050000,,0,B,0.12586,0.80682,0.09586,0.01299,frames/frame_002643.jpg
2644,44.066667,,0,P,0.11975,0.81058,0.09280,0.01043,frames/frame_002644.jpg
2645,44.083333,,0,B,0.11486,0.80646,0.08762,0.00886,frames/frame_002645.jpg
2646,44.100000,,0,B,0.11896,0.81098,0.09382,0.01069,frames/frame_002646.jpg
2647,44.116667,,0,B,0.14866,0.81350,0.09785,0.02907,frames/frame_002647.jpg
2648,44.133333,,0,P,0.16720,0.82538,0.09964,0.02099,frames/frame_002648.jpg
2649,44.150000,,0,B,0.17170,0.82267,0.09927,0.00852,frames/frame_002649.jpg
2650,44.166667,,0,B,0.16993,0.82332,0.09929,0.00624,frames/frame_002650.jpg
2651,44.183333,,0,B,0.16771,0.82110,0.09993,0.00748,frames/frame_002651.jpg
2652,44.200000,,0,P,0.16571,0.82256,0.10070,0.01018,frames/frame_002652.jpg
2653,44.216667,,0,B,0.16152,0.81734,0.10170,0.00874,frames/frame_002653.jpg
2654,44.233333,,0,B,0.15548,0.81779,0.10064,0.00915,frames/frame_002654.jpg
2655,44.250000,,0,B,0.15080,0.81649,0.09997,0.00800,frames/frame_002655.jpg
2656,44.266667,,0,P,0.15774,0.81991,0.10050,0.01096,frames/frame_002656.jpg
2657,44.283333,,0,B,0.16610,0.81880,0.10042,0.01088,frames/frame_002657.jpg
2658,44.300000,,0,B,0.16484,0.82049,0.09943,0.00699,frames/frame_002658.jpg
2659,44.316667,,0,B,0.15736,0.81509,0.09844,0.01074,frames/frame_002659.jpg
2660,44.333333,,0,P,0.14850,0.81599,0.09779,0.01153,frames/frame_002660.jpg
2661,44.350000,,0,B,0.13730,0.80976,0.09706,0.01334,frames/frame_002661.jpg
2662,44.366667,,0,B,0.12491,0.80942,0.09528,0.01453,frames/frame_002662.jpg
2663,44.383333,,0,B,0.11670,0.80740,0.09080,0.01114,frames/frame_002663.jpg
2664,44.400000,,0,P,0.12553,0.81197,0.09582,0.01371,frames/frame_002664.jpg
2665,44.416667,,0,B,0.14632,0.81441,0.10012,0.02122,frames/frame_002665.jpg
2666,44.433333,,0,B,0.14871,0.81698,0.10082,0.00884,frames/frame_002666.jpg
2667,44.450000,,0,B,0.13577,0.80939,0.09711,0.01496,frames/frame_002667.jpg
2668,44.466667,,0,P,0.11887,0.80846,0.09185,0.01853,frames/frame_002668.jpg
2669,44.483333,,0,B,0.11374,0.80133,0.08960,0.00900,frames/frame_002669.jpg
2670,44.500000,,0,B,0.11024,0.80115,0.08542,0.00683,frames/frame_002670.jpg
2671,44.516667,,0,B,0.10989,0.80051,0.08494,0.00443,frames/frame_002671.jpg
2672,44.533333,,0,P,0.10906,0.80490,0.08463,0.00455,frames/frame_002672.jpg
2673,44.550000,,0,B,0.10926,0.80334,0.08401,0.00445,frames/frame_002673.jpg
2674,44.566667,,0,P,0.12295,0.81231,0.09448,0.01621,frames/frame_002674.jpg
2675,44.583333,,0,B,0.13701,0.81133,0.09879,0.01598,frames/frame_002675.jpg
2676,44.600000,,0,B,0.14140,0.81371,0.09835,0.00836,frames/frame_002676.jpg
2677,44.616667,,0,B,0.14358,0.81240,0.09887,0.00672,frames/frame_002677.jpg
2678,44.633333,,0,P,0.14708,0.81845,0.09820,0.00729,frames/frame_002678.jpg
2679,44.650000,,0,B,0.15258,0.81759,0.09964,0.00835,frames/frame_002679.jpg
2680,44.666667,,0,B,0.15482,0.81863,0.10068,0.00619,frames/frame_002680.jpg
2681,44.683333,,0,B,0.15459,0.81798,0.10033,0.00556,frames/frame_002681.jpg
2682,44.700000,,0,P,0.15301,0.82119,0.09831,0.00689,frames/frame_002682.jpg
2683,44.716667,,0,B,0.16401,0.81977,0.09875,0.01427,frames/frame_002683.jpg
2684,44.733333,,0,B,0.17386,0.82721,0.10167,0.01566,frames/frame_002684.jpg
2685,44.750000,,0,B,0.17475,0.82518,0.10198,0.00774,frames/frame_002685.jpg
2686,44.766667,,0,P,0.17163,0.82836,0.10246,0.00759,frames/frame_002686.jpg
2687,44.783333,,0,B,0.16730,0.81873,0.10330,0.00761,frames/frame_002687.jpg
2688,44.800000,,0,B,0.16215,0.81950,0.10406,0.01059,frames/frame_002688.jpg
2689,44.816667,,0,B,0.15388,0.81561,0.10289,0.01154,frames/frame_002689.jpg
2690,44.833333,,0,P,0.14548,0.81989,0.10188,0.01190,frames/frame_002690.jpg
2691,44.850000,,0,B,0.14010,0.81684,0.09922,0.00941,frames/frame_002691.jpg
2692,44.866667,,0,B,0.14941,0.81582,0.09894,0.01228,frames/frame_002692.jpg
2693,44.883333,,0,B,0.16052,0.81843,0.10093,0.01344,frames/frame_002693.jpg
2694,44.900000,,0,P,0.16077,0.82296,0.09927,0.00808,frames/frame_002694.jpg
2695,44.916667,,0,B,0.15230,0.81563,0.09839,0.01217,frames/frame_002695.jpg
2696,44.933333,,0,B,0.14176,0.81412,0.09715,0.01325,frames/frame_002696.jpg
2697,44.950000,,0,B,0.13332,0.80974,0.09612,0.01124,frames/frame_002697.jpg
2698,44.966667,,0,P,0.12499,0.81445,0.09524,0.01145,frames/frame_002698.jpg
2699,44.983333,,0,P,0.12454,0.81321,0.09810,0.01013,frames/frame_002699.jpg
2700,45.000000,,1,I,0.14724,0.81825,0.10131,0.02670,frames/frame_002700.jpg
2701,45.016667,,0,B,0.16595,0.81992,0.10126,0.02170,frames/frame_002701.jpg
2702,45.033333,,0,B,0.17170,0.82300,0.10091,0.00917,frames/frame_002702.jpg
2703,45.050000,,0,B,0.16450,0.81693,0.10097,0.01117,frames/frame_002703.jpg
2704,45.066667,,0,P,0.15331,0.81891,0.09990,0.01310,frames/frame_002704.jpg
2705,45.083333,,0,B,0.14664,0.81464,0.09674,0.00981,frames/frame_002705.jpg
2706,45.100000,,0,B,0.14349,0.81611,0.09514,0.00763,frames/frame_002706.jpg
2707,45.116667,,0,B,0.14531,0.81528,0.09582,0.00764,frames/frame_002707.jpg
2708,45.133333,,0,P,0.14554,0.81855,0.09595,0.00615,frames/frame_002708.jpg
2709,45.150000,,0,B,0.14678,0.81486,0.09687,0.00659,frames/frame_002709.jpg
2710,45.166667,,0,B,0.14742,0.81648,0.09775,0.00645,frames/frame_002710.jpg
2711,45.183333,,0,B,0.14829,0.81569,0.09979,0.00724,frames/frame_002711.jpg
2712,45.200000,,0,P,0.14745,0.81769,0.10081,0.00810,frames/frame_002712.jpg
2713,45.216667,,0,B,0.14410,0.80992,0.10049,0.01051,frames/frame_002713.jpg
2714,45.233333,,0,B,0.13849,0.81156,0.09939,0.01235,frames/frame_002714.jpg
2715,45.250000,,0,B,0.13386,0.80860,0.09869,0.01209,frames/frame_002715.jpg
2716,45.266667,,0,P,0.12968,0.81307,0.09772,0.00967,frames/frame_002716.jpg
2717,45.283333,,0,B,0.12442,0.80889,0.09474,0.00962,frames/frame_002717.jpg
2718,45.300000,,0,B,0.12648,0.81184,0.09854,0.01153,frames/frame_002718.jpg
2719,45.316667,,0,B,0.15119,0.81406,0.10182,0.02553,frames/frame_002719.jpg
2720,45.333333,,0,P,0.16619,0.82408,0.10324,0.01917,frames/frame_002720.jpg
2721,45.350000,,0,B,0.16894,0.82081,0.10304,0.00768,frames/frame_002721.jpg
2722,45.366667,,0,B,0.16524,0.81987,0.10266,0.00863,frames/frame_002722.jpg
2723,45.383333,,0,B,0.16000,0.81622,0.10248,0.01014,frames/frame_002723.jpg
2724,45.400000,,0,P,0.15261,0.82046,0.10081,0.01178,frames/frame_002724.jpg
2725,45.416667,,0,B,0.14359,0.81420,0.10018,0.01183,frames/frame_002725.jpg
2726,45.433333,,0,B,0.13249,0.81500,0.09802,0.01339,frames/frame_002726.jpg
2727,45.450000,,0,B,0.12921,0.81288,0.09628,0.00777,frames/frame_002727.jpg
2728,45.466667,,0,P,0.14696,0.81791,0.09978,0.01957,frames/frame_002728.jpg
2729,45.483333,,0,B,0.16018,0.81766,0.10132,0.01456,frames/frame_002729.jpg
2730,45.500000,,0,B,0.16152,0.81956,0.10070,0.00843,frames/frame_002730.jpg
2731,45.516667,,0,B,0.15380,0.81609,0.10056,0.01155,frames/frame_002731.jpg
2732,45.533333,,0,P,0.14339,0.81744,0.09851,0.01284,frames/frame_002732.jpg
2733,45.550000,,0,B,0.13437,0.81144,0.09786,0.01166,frames/frame_002733.jpg
2734,45.566667,,0,P,0.12597,0.81384,0.09659,0.01119,frames/frame_002734.jpg
2735,45.583333,,0,B,0.11754,0.80690,0.09192,0.01122,frames/frame_002735.jpg
2736,45.600000,,0,B,0.11774,0.81089,0.09434,0.01035,frames/frame_002736.jpg
2737,45.616667,,0,B,0.14521,0.81359,0.10045,0.02794,frames/frame_002737.jpg
2738,45.633333,,0,P,0.16164,0.82439,0.10125,0.01808,frames/frame_002738.jpg
2739,45.650000,,0,B,0.15999,0.81557,0.10010,0.00613,frames/frame_002739.jpg
2740,45.666667,,0,B,0.14627,0.81461,0.09774,0.01444,frames/frame_002740.jpg
2741,45.683333,,0,B,0.13247,0.80848,0.09607,0.01496,frames/frame_002741.jpg
2742,45.700000,,0,P,0.12572,0.81394,0.09433,0.00953,frames/frame_002742.jpg
2743,45.716667,,0,B,0.12653,0.80996,0.09477,0.00725,frames/frame_002743.jpg
2744,45.733333,,0,B,0.12724,0.81027,0.09586,0.00668,frames/frame_002744.jpg
2745,45.750000,,0,B,0.13039,0.80890,0.09611,0.00684,frames/frame_002745.jpg
2746,45.766667,,0,P,0.14834,0.81946,0.10005,0.01863,frames/frame_002746.jpg
2747,45.783333,,0,B,0.16100,0.81781,0.10170,0.01410,frames/frame_002747.jpg
2748,45.800000,,0,B,0.16065,0.81984,0.10037,0.00654,frames/frame_002748.jpg
2749,45.816667,,0,B,0.15161,0.81635,0.09946,0.01077,frames/frame_002749.jpg
2750,45.833333,,0,P,0.14082,0.81773,0.09931,0.01290,frames/frame_002750.jpg
2751,45.850000,,0,B,0.13103,0.81209,0.09665,0.01165,frames/frame_002751.jpg
2752,45.866667,,0,B,0.12224,0.80960,0.09378,0.01136,frames/frame_002752.jpg
2753,45.883333,,0,B,0.11537,0.80791,0.09025,0.00945,frames/frame_002753.jpg
2754,45.900000,,0,P,0.11799,0.81260,0.09387,0.00852,frames/frame_002754.jpg
2755,45.916667,,0,B,0.14490,0.81448,0.09640,0.02684,frames/frame_002755.jpg
2756,45.933333,,0,B,0.16014,0.82190,0.09817,0.01883,frames/frame_002756.jpg
2757,45.950000,,0,B,0.16053,0.82001,0.09885,0.00634,frames/frame_002757.jpg
2758,45.966667,,0,P,0.15111,0.82156,0.09754,0.01122,frames/frame_002758.jpg
2759,45.983333,,0,B,0.14023,0.81521,0.09697,0.01277,frames/frame_002759.jpg
2760,46.000000,,0,B,0.13195,0.81313,0.09552,0.01301,frames/frame_002760.jpg
2761,46.016667,,0,B,0.12487,0.81060,0.09478,0.01095,frames/frame_002761.jpg
2762,46.033333,,0,P,0.11833,0.81310,0.09212,0.00982,frames/frame_002762.jpg
2763,46.050000,,0,B,0.12125,0.81069,0.09483,0.00836,frames/frame_002763.jpg
2764,46.066667,,0,B,0.14656,0.81857,0.09688,0.02588,frames/frame_002764.jpg
2765,46.083333,,0,B,0.16342,0.81824,0.09908,0.01675,frames/frame_002765.jpg
2766,46.100000,,0,P,0.16491,0.82531,0.09825,0.00644,frames/frame_002766.jpg
2767,46.116667,,0,B,0.15852,0.81934,0.09613,0.00926,frames/frame_002767.jpg
2768,46.133333,,0,B,0.15365,0.82046,0.09784,0.00903,frames/frame_002768.jpg
2769,46.150000,,0,B,0.14976,0.81704,0.09797,0.00823,frames/frame_002769.jpg
2770,46.166667,,0,P,0.14485,0.82022,0.09810,0.00866,frames/frame_002770.jpg
2771,46.183333,,0,B,0.14131,0.81878,0.09855,0.00797,frames/frame_002771.jpg
2772,46.200000,,0,B,0.14057,0.81760,0.09732,0.00714,frames/frame_002772.jpg
2773,46.216667,,0,P,0.15264,0.82216,0.09725,0.01442,frames/frame_002773.jpg
2774,46.233333,,0,B,0.16691,0.81444,0.10011,0.01412,frames/frame_002774.jpg
2775,46.250000,,0,B,0.16860,0.81479,0.09971,0.00773,frames/frame_002775.jpg
2776,46.266667,,0,B,0.16186,0.81043,0.10227,0.01292,frames/frame_002776.jpg
2777,46.283333,,0,P,0.16016,0.81794,0.11054,0.02259,frames/frame_002777.jpg
2778,46.300000,,0,B,0.15117,0.81141,0.10917,0.01298,frames/frame_002778.jpg
2779,46.316667,,0,B,0.14373,0.81069,0.10709,0.01125,frames/frame_002779.jpg
2780,46.333333,,0,B,0.13680,0.80846,0.10383,0.00979,frames/frame_002780.jpg
2781,46.350000,,0,P,0.13926,0.81269,0.10818,0.01023,frames/frame_002781.jpg
2782,46.366667,,0,B,0.16906,0.81376,0.11221,0.02775,frames/frame_002782.jpg
2783,46.383333,,0,B,0.18750,0.82147,0.11177,0.01774,frames/frame_002783.jpg
2784,46.400000,,0,B,0.19019,0.81843,0.11122,0.00666,frames/frame_002784.jpg
2785,46.416667,,0,P,0.18160,0.81983,0.10998,0.01086,frames/frame_002785.jpg
2786,46.433333,,0,B,0.16911,0.81368,0.11059,0.01423,frames/frame_002786.jpg
2787,46.450000,,0,B,0.15672,0.81196,0.10928,0.01378,frames/frame_002787.jpg
2788,46.466667,,0,B,0.14738,0.80935,0.10725,0.01191,frames/frame_002788.jpg
2789,46.483333,,0,P,0.13976,0.81238,0.10491,0.01012,frames/frame_002789.jpg
2790,46.500000,,0,B,0.14321,0.80915,0.10810,0.00956,frames/frame_002790.jpg
2791,46.516667,,0,B,0.17772,0.81752,0.11091,0.03189,frames/frame_002791.jpg
2792,46.533333,,0,B,0.19747,0.81878,0.11218,0.01964,frames/frame_002792.jpg
2793,46.550000,,0,P,0.19963,0.82450,0.11146,0.00773,frames/frame_002793.jpg
2794,46.566667,,0,B,0.19146,0.81877,0.11231,0.00994,frames/frame_002794.jpg
2795,46.583333,,0,B,0.18151,0.81807,0.11288,0.01135,frames/frame_002795.jpg
2796,46.600000,,0,B,0.17488,0.81488,0.11201,0.00992,frames/frame_002796.jpg
2797,46.616667,,0,P,0.16882,0.81722,0.11246,0.00966,frames/frame_002797.jpg
2798,46.633333,,0,B,0.16386,0.81695,0.11127,0.00891,frames/frame_002798.jpg
2799,46.650000,,0,B,0.16063,0.81452,0.10983,0.00806,frames/frame_002799.jpg
2800,46.666667,,0,P,0.17378,0.81794,0.11151,0.01592,frames/frame_002800.jpg
2801,46.683333,,0,B,0.18923,0.81787,0.11479,0.01620,frames/frame_002801.jpg
2802,46.700000,,0,B,0.19247,0.82207,0.11538,0.00787,frames/frame_002802.jpg
2803,46.716667,,0,B,0.18434,0.81929,0.11458,0.01042,frames/frame_002803.jpg
2804,46.733333,,0,P,0.17291,0.81851,0.11341,0.01307,frames/frame_002804.jpg
2805,46.750000,,0,B,0.16211,0.81224,0.11223,0.01249,frames/frame_002805.jpg
2806,46.766667,,0,B,0.15253,0.81133,0.11030,0.01142,frames/frame_002806.jpg
2807,46.783333,,0,B,0.14475,0.80927,0.10685,0.00997,frames/frame_002807.jpg
2808,46.800000,,0,P,0.14525,0.81283,0.10951,0.00925,frames/frame_002808.jpg
2809,46.816667,,0,B,0.17278,0.81463,0.11394,0.02645,frames/frame_002809.jpg
2810,46.833333,,0,B,0.19098,0.82152,0.11397,0.01800,frames/frame_002810.jpg
2811,46.850000,,0,B,0.19259,0.82144,0.11250,0.00613,frames/frame_002811.jpg
2812,46.866667,,0,P,0.18429,0.82239,0.11013,0.00973,frames/frame_002812.jpg
2813,46.883333,,0,B,0.17243,0.81348,0.11107,0.01323,frames/frame_002813.jpg
2814,46.900000,,0,B,0.16140,0.81326,0.10884,0.01253,frames/frame_002814.jpg
2815,46.916667,,0,B,0.15213,0.80991,0.10624,0.01154,frames/frame_002815.jpg
2816,46.933333,,0,P,0.14307,0.81272,0.10553,0.01107,frames/frame_002816.jpg
2817,46.950000,,0,B,0.14599,0.80752,0.10957,0.01307,frames/frame_002817.jpg
2818,46.966667,,0,B,0.17619,0.81457,0.11663,0.02824,frames/frame_002818.jpg
2819,46.983333,,0,B,0.19464,0.81619,0.12115,0.01839,frames/frame_002819.jpg
2820,47.000000,,0,P,0.19672,0.82521,0.12266,0.00759,frames/frame_002820.jpg
2821,47.016667,,0,B,0.19347,0.81996,0.12375,0.00640,frames/frame_002821.jpg
2822,47.033333,,0,B,0.19166,0.81960,0.12248,0.00508,frames/frame_002822.jpg
2823,47.050000,,0,B,0.19039,0.81929,0.12254,0.00527,frames/frame_002823.jpg
2824,47.066667,,0,P,0.18879,0.82166,0.12270,0.00579,frames/frame_002824.jpg
2825,47.083333,,0,B,0.18782,0.81773,0.12350,0.00650,frames/frame_002825.jpg
2826,47.100000,,0,B,0.18808,0.81826,0.12264,0.00597,frames/frame_002826.jpg
2827,47.116667,,0,B,0.19463,0.81838,0.11827,0.00950,frames/frame_002827.jpg
2828,47.133333,,0,P,0.19892,0.82404,0.11501,0.00905,frames/frame_002828.jpg
2829,47.150000,,0,B,0.19484,0.81844,0.11194,0.00811,frames/frame_002829.jpg
2830,47.166667,,0,B,0.18666,0.82021,0.11024,0.01031,frames/frame_002830.jpg
2831,47.183333,,0,B,0.17963,0.81736,0.10983,0.00979,frames/frame_002831.jpg
2832,47.200000,,0,P,0.17382,0.81936,0.11022,0.00840,frames/frame_002832.jpg
2833,47.216667,,0,B,0.16833,0.81492,0.10952,0.00823,frames/frame_002833.jpg
2834,47.233333,,0,B,0.16331,0.81627,0.10937,0.00743,frames/frame_002834.jpg
2835,47.250000,,0,B,0.16237,0.81385,0.10852,0.00674,frames/frame_002835.jpg
2836,47.266667,,0,P,0.17705,0.81994,0.11055,0.01657,frames/frame_002836.jpg
2837,47.283333,,0,B,0.19045,0.81881,0.11218,0.01441,frames/frame_002837.jpg
2838,47.300000,,0,B,0.19028,0.82266,0.11087,0.00543,frames/frame_002838.jpg
2839,47.316667,,0,B,0.18089,0.81492,0.10981,0.01054,frames/frame_002839.jpg
2840,47.333333,,0,P,0.17183,0.81705,0.10979,0.01077,frames/frame_002840.jpg
2841,47.350000,,0,B,0.16466,0.81004,0.10930,0.00946,frames/frame_002841.jpg
2842,47.366667,,0,B,0.15671,0.81144,0.10761,0.00959,frames/frame_002842.jpg
2843,47.383333,,0,B,0.15096,0.80791,0.10688,0.00859,frames/frame_002843.jpg
2844,47.400000,,0,P,0.14921,0.81323,0.10711,0.00898,frames/frame_002844.jpg
2845,47.416667,,0,B,0.17429,0.81469,0.10993,0.02334,frames/frame_002845.jpg
2846,47.433333,,0,B,0.19257,0.82039,0.11017,0.01800,frames/frame_002846.jpg
2847,47.450000,,0,B,0.19406,0.81796,0.10894,0.00677,frames/frame_002847.jpg
2848,47.466667,,0,P,0.18651,0.82016,0.10891,0.00990,frames/frame_002848.jpg
2849,47.483333,,0,B,0.17929,0.81407,0.11015,0.01049,frames/frame_002849.jpg
2850,47.500000,,0,B,0.17395,0.81502,0.11103,0.00825,frames/frame_002850.jpg
2851,47.516667,,0,B,0.16940,0.81424,0.11099,0.00750,frames/frame_002851.jpg
2852,47.533333,,0,P,0.16435,0.81626,0.11022,0.00793,frames/frame_002852.jpg
2853,47.550000,,0,B,0.16457,0.81381,0.10971,0.00661,frames/frame_002853.jpg
2854,47.566667,,0,P,0.17895,0.81814,0.10957,0.01607,frames/frame_002854.jpg
2855,47.583333,,0,B,0.19335,0.82003,0.11036,0.01570,frames/frame_002855.jpg
2856,47.600000,,0,B,0.19526,0.81995,0.11020,0.00623,frames/frame_002856.jpg
2857,47.616667,,0,B,0.18898,0.81785,0.11179,0.00922,frames/frame_002857.jpg
2858,47.633333,,0,P,0.18082,0.81959,0.11376,0.01052,frames/frame_002858.jpg
2859,47.650000,,0,B,0.17591,0.81521,0.11348,0.00783,frames/frame_002859.jpg
2860,47.666667,,0,B,0.17215,0.81613,0.11368,0.00762,frames/frame_002860.jpg
2861,47.683333,,0,B,0.16818,0.81516,0.11294,0.00812,frames/frame_002861.jpg
2862,47.700000,,0,P,0.16719,0.81740,0.11222,0.00700,frames/frame_002862.jpg
2863,47.716667,,0,B,0.18563,0.81620,0.11342,0.01960,frames/frame_002863.jpg
2864,47.733333,,0,B,0.19977,0.82271,0.11509,0.01587,frames/frame_002864.jpg
2865,47.750000,,0,B,0.20195,0.82020,0.11562,0.00687,frames/frame_002865.jpg
2866,47.766667,,0,P,0.19916,0.82482,0.11674,0.00625,frames/frame_002866.jpg
2867,47.783333,,0,B,0.19739,0.82114,0.11670,0.00544,frames/frame_002867.jpg
2868,47.800000,,0,B,0.19661,0.82158,0.11632,0.00451,frames/frame_002868.jpg
2869,47.816667,,0,B,0.19614,0.82067,0.11546,0.00483,frames/frame_002869.jpg
2870,47.833333,,0,P,0.19572,0.82513,0.11606,0.00500,frames/frame_002870.jpg
2871,47.850000,,0,B,0.19691,0.82059,0.11623,0.00690,frames/frame_002871.jpg
2872,47.866667,,0,B,0.20289,0.82337,0.11247,0.00915,frames/frame_002872.jpg
2873,47.883333,,0,B,0.20551,0.82566,0.10979,0.01121,frames/frame_002873.jpg
2874,47.900000,,0,P,0.20514,0.83005,0.10837,0.00644,frames/frame_002874.jpg
2875,47.916667,,0,B,0.20253,0.82452,0.10856,0.00728,frames/frame_002875.jpg
2876,47.933333,,0,B,0.19948,0.82521,0.10998,0.00813,frames/frame_002876.jpg
2877,47.950000,,0,B,0.19818,0.82292,0.11014,0.00770,frames/frame_002877.jpg
2878,47.966667,,0,P,0.19625,0.82746,0.11069,0.00684,frames/frame_002878.jpg
2879,47.983333,,0,P,0.19525,0.82584,0.11044,0.00677,frames/frame_002879.jpg
2880,48.000000,,1,I,0.20048,0.82536,0.11148,0.00989,frames/frame_002880.jpg
2881,48.016667,,0,B,0.20359,0.82507,0.11130,0.00840,frames/frame_002881.jpg
2882,48.033333,,0,B,0.00956,0.70781,0.00229,0.16560,frames/frame_002882.jpg
2883,48.050000,,0,B,0.00953,0.71305,0.00222,0.00011,frames/frame_002883.jpg
2884,48.066667,,0,P,0.00947,0.72940,0.00233,0.00018,frames/frame_002884.jpg
2885,48.083333,,0,B,0.00976,0.68222,0.00243,0.00109,frames/frame_002885.jpg
2886,48.100000,,0,B,0.00977,0.67088,0.00249,0.00042,frames/frame_002886.jpg
2887,48.116667,,0,B,0.00986,0.66086,0.00264,0.00027,frames/frame_002887.jpg
2888,48.133333,,0,P,0.00986,0.69016,0.00285,0.00104,frames/frame_002888.jpg
2889,48.150000,,0,B,0.01014,0.63904,0.00335,0.00076,frames/frame_002889.jpg
2890,48.166667,,0,B,0.01013,0.64494,0.00346,0.00044,frames/frame_002890.jpg
2891,48.183333,,0,B,0.01039,0.65520,0.00367,0.00077,frames/frame_002891.jpg
2892,48.200000,,0,P,0.01391,0.70462,0.00527,0.00450,frames/frame_002892.jpg
2893,48.216667,,0,B,0.01401,0.67225,0.00540,0.00079,frames/frame_002893.jpg
2894,48.233333,,0,B,0.01024,0.65107,0.00370,0.00446,frames/frame_002894.jpg
2895,48.250000,,0,B,0.01300,0.66095,0.00549,0.00333,frames/frame_002895.jpg
2896,48.266667,,0,P,0.01493,0.71207,0.00638,0.00276,frames/frame_002896.jpg
2897,48.283333,,0,B,0.01578,0.68732,0.00788,0.00220,frames/frame_002897.jpg
2898,48.300000,,0,B,0.01580,0.68977,0.00793,0.00047,frames/frame_002898.jpg
2899,48.316667,,0,B,0.01630,0.68896,0.00857,0.00097,frames/frame_002899.jpg
2900,48.333333,,0,P,0.01629,0.72042,0.00865,0.00078,frames/frame_002900.jpg
2901,48.350000,,0,B,0.01666,0.69365,0.00896,0.00173,frames/frame_002901.jpg
2902,48.366667,,0,B,0.01780,0.71580,0.01090,0.00175,frames/frame_002902.jpg
2903,48.383333,,0,B,0.01719,0.70807,0.01006,0.00138,frames/frame_002903.jpg
2904,48.400000,,0,P,0.02179,0.72489,0.01533,0.00595,frames/frame_002904.jpg
2905,48.416667,,0,B,0.02539,0.72221,0.01957,0.00454,frames/frame_002905.jpg
2906,48.433333,,0,B,0.02544,0.73093,0.01961,0.00082,frames/frame_002906.jpg
2907,48.450000,,0,B,0.02531,0.72897,0.01962,0.00136,frames/frame_002907.jpg
2908,48.466667,,0,P,0.02333,0.72652,0.01758,0.00477,frames/frame_002908.jpg
2909,48.483333,,0,B,0.02415,0.73700,0.01831,0.00172,frames/frame_002909.jpg
2910,48.500000,,0,B,0.02413,0.73812,0.01830,0.00068,frames/frame_002910.jpg
2911,48.516667,,0,B,0.02699,0.73986,0.02198,0.00371,frames/frame_002911.jpg
2912,48.533333,,0,P,0.02705,0.75408,0.02178,0.00115,frames/frame_002912.jpg
2913,48.550000,,0,B,0.02816,0.74094,0.02317,0.00220,frames/frame_002913.jpg
2914,48.566667,,0,B,0.03116,0.75688,0.02660,0.00385,frames/frame_002914.jpg
2915,48.583333,,0,B,0.03136,0.75684,0.02668,0.00104,frames/frame_002915.jpg
2916,48.600000,,0,P,0.03112,0.76180,0.02634,0.00140,frames/frame_002916.jpg
2917,48.616667,,0,B,0.03151,0.76112,0.02669,0.00161,frames/frame_002917.jpg
2918,48.633333,,0,B,0.03650,0.75461,0.03254,0.00642,frames/frame_002918.jpg
2919,48.650000,,0,B,0.03250,0.75659,0.02871,0.00552,frames/frame_002919.jpg
2920,48.666667,,0,P,0.03679,0.76438,0.03325,0.00595,frames/frame_002920.jpg
2921,48.683333,,0,B,0.03769,0.75447,0.03376,0.00286,frames/frame_002921.jpg
2922,48.700000,,0,B,0.04334,0.77320,0.03863,0.00701,frames/frame_002922.jpg
2923,48.716667,,0,B,0.04592,0.76820,0.04022,0.00429,frames/frame_002923.jpg
2924,48.733333,,0,P,0.04378,0.78332,0.04204,0.01025,frames/frame_002924.jpg
2925,48.750000,,0,B,0.04964,0.78245,0.04685,0.00733,frames/frame_002925.jpg
2926,48.766667,,0,B,0.04974,0.79020,0.04677,0.00162,frames/frame_002926.jpg
2927,48.783333,,0,B,0.06008,0.77910,0.05118,0.02169,frames/frame_002927.jpg
2928,48.800000,,0,P,0.05005,0.79962,0.04715,0.02203,frames/frame_002928.jpg
2929,48.816667,,0,B,0.06561,0.78803,0.05580,0.01673,frames/frame_002929.jpg
2930,48.833333,,0,B,0.06571,0.79112,0.05597,0.00141,frames/frame_002930.jpg
2931,48.850000,,0,B,0.06607,0.78844,0.05606,0.00200,frames/frame_002931.jpg
2932,48.866667,,0,P,0.06588,0.79256,0.05603,0.00171,frames/frame_002932.jpg
2933,48.883333,,0,B,0.05149,0.79616,0.04902,0.01718,frames/frame_002933.jpg
2934,48.900000,,0,B,0.06618,0.79616,0.05619,0.01695,frames/frame_002934.jpg
2935,48.916667,,0,B,0.06636,0.79488,0.05646,0.00148,frames/frame_002935.jpg
2936,48.933333,,0,P,0.06619,0.79876,0.05638,0.00173,frames/frame_002936.jpg
2937,48.950000,,0,B,0.06669,0.79487,0.05682,0.00205,frames/frame_002937.jpg
2938,48.966667,,0,B,0.06725,0.79490,0.05779,0.00243,frames/frame_002938.jpg
2939,48.983333,,0,B,0.06743,0.79315,0.05791,0.00162,frames/frame_002939.jpg
2940,49.000000,,0,P,0.06722,0.79384,0.05785,0.00197,frames/frame_002940.jpg
2941,49.016667,,0,B,0.06749,0.79347,0.05813,0.00201,frames/frame_002941.jpg
2942,49.033333,,0,B,0.06737,0.79504,0.05795,0.00148,frames/frame_002942.jpg
2943,49.050000,,0,B,0.06748,0.79401,0.05813,0.00148,frames/frame_002943.jpg
2944,49.066667,,0,P,0.06722,0.79537,0.05799,0.00173,frames/frame_002944.jpg
2945,49.083333,,0,B,0.06742,0.79458,0.05810,0.00172,frames/frame_002945.jpg
2946,49.100000,,0,B,0.06739,0.79414,0.05808,0.00144,frames/frame_002946.jpg
2947,49.116667,,0,B,0.06735,0.79324,0.05796,0.00152,frames/frame_002947.jpg
2948,49.133333,,0,P,0.06699,0.79557,0.05777,0.00173,frames/frame_002948.jpg
2949,49.150000,,0,B,0.06719,0.79338,0.05763,0.00194,frames/frame_002949.jpg
2950,49.166667,,0,B,0.06704,0.79447,0.05744,0.00148,frames/frame_002950.jpg
2951,49.183333,,0,B,0.06710,0.79409,0.05750,0.00133,frames/frame_002951.jpg
2952,49.200000,,0,P,0.06685,0.79341,0.05725,0.00185,frames/frame_002952.jpg
2953,49.216667,,0,B,0.06703,0.78856,0.05743,0.00185,frames/frame_002953.jpg
2954,49.233333,,0,B,0.06695,0.78899,0.05729,0.00139,frames/frame_002954.jpg
2955,49.250000,,0,B,0.06706,0.78894,0.05761,0.00142,frames/frame_002955.jpg
2956,49.266667,,0,P,0.06683,0.79034,0.05751,0.00178,frames/frame_002956.jpg
2957,49.283333,,0,B,0.06701,0.78873,0.05783,0.00179,frames/frame_002957.jpg
2958,49.300000,,0,B,0.06696,0.78973,0.05757,0.00141,frames/frame_002958.jpg
2959,49.316667,,0,B,0.06702,0.79112,0.05747,0.00145,frames/frame_002959.jpg
2960,49.333333,,0,P,0.06671,0.79006,0.05736,0.00167,frames/frame_002960.jpg
2961,49.350000,,0,B,0.06688,0.78629,0.05721,0.00184,frames/frame_002961.jpg
2962,49.366667,,0,B,0.06690,0.78586,0.05738,0.00161,frames/frame_002962.jpg
2963,49.383333,,0,B,0.06704,0.78654,0.05754,0.00160,frames/frame_002963.jpg
2964,49.400000,,0,P,0.06686,0.79299,0.05750,0.00214,frames/frame_002964.jpg
2965,49.416667,,0,B,0.06721,0.78655,0.05785,0.00239,frames/frame_002965.jpg
2966,49.433333,,0,B,0.06713,0.79070,0.05788,0.00193,frames/frame_002966.jpg
2967,49.450000,,0,B,0.06726,0.79153,0.05806,0.00197,frames/frame_002967.jpg
2968,49.466667,,0,P,0.06697,0.79463,0.05814,0.00229,frames/frame_002968.jpg
2969,49.483333,,0,B,0.06729,0.79187,0.05822,0.00211,frames/frame_002969.jpg
2970,49.500000,,0,B,0.06736,0.79173,0.05832,0.00189,frames/frame_002970.jpg
2971,49.516667,,0,B,0.06741,0.79188,0.05844,0.00190,frames/frame_002971.jpg
2972,49.533333,,0,P,0.06718,0.79665,0.05842,0.00213,frames/frame_002972.jpg
2973,49.550000,,0,B,0.06764,0.79382,0.05844,0.00250,frames/frame_002973.jpg
2974,49.566667,,0,B,0.06759,0.79523,0.05822,0.00206,frames/frame_002974.jpg
2975,49.583333,,0,B,0.06765,0.79442,0.05841,0.00195,frames/frame_002975.jpg
2976,49.600000,,0,P,0.06733,0.79923,0.05810,0.00227,frames/frame_002976.jpg
2977,49.616667,,0,B,0.06755,0.79896,0.05832,0.00208,frames/frame_002977.jpg
2978,49.633333,,0,B,0.06734,0.80029,0.05826,0.00161,frames/frame_002978.jpg
2979,49.650000,,0,B,0.06738,0.79785,0.05812,0.00169,frames/frame_002979.jpg
2980,49.666667,,0,P,0.06695,0.79710,0.05815,0.00205,frames/frame_002980.jpg
2981,49.683333,,0,B,0.06703,0.79153,0.05805,0.00210,frames/frame_002981.jpg
2982,49.700000,,0,B,0.06677,0.79248,0.05797,0.00216,frames/frame_002982.jpg
2983,49.716667,,0,B,0.06672,0.78904,0.05811,0.00196,frames/frame_002983.jpg
2984,49.733333,,0,P,0.06616,0.79239,0.05791,0.00225,frames/frame_002984.jpg
2985,49.750000,,0,B,0.06627,0.78454,0.05769,0.00212,frames/frame_002985.jpg
2986,49.766667,,0,B,0.06611,0.78420,0.05788,0.00185,frames/frame_002986.jpg
2987,49.783333,,0,B,0.06614,0.78338,0.05776,0.00155,frames/frame_002987.jpg
2988,49.800000,,0,P,0.06572,0.78695,0.05751,0.00212,frames/frame_002988.jpg
2989,49.816667,,0,B,0.06610,0.78360,0.05770,0.00229,frames/frame_002989.jpg
2990,49.833333,,0,B,0.06611,0.78418,0.05754,0.00216,frames/frame_002990.jpg
2991,49.850000,,0,B,0.06629,0.78645,0.05773,0.00207,frames/frame_002991.jpg
2992,49.866667,,0,P,0.06607,0.78979,0.05771,0.00215,frames/frame_002992.jpg
2993,49.883333,,0,B,0.06646,0.78592,0.05765,0.00222,frames/frame_002993.jpg
2994,49.900000,,0,B,0.06641,0.78845,0.05718,0.00174,frames/frame_002994.jpg
2995,49.916667,,0,B,0.06658,0.78731,0.05740,0.00168,frames/frame_002995.jpg
2996,49.933333,,0,P,0.06635,0.79371,0.05716,0.00193,frames/frame_002996.jpg
2997,49.950000,,0,B,0.06668,0.78904,0.05704,0.00209,frames/frame_002997.jpg
2998,49.966667,,0,B,0.06661,0.78971,0.05703,0.00156,frames/frame_002998.jpg
2999,49.983333,,0,B,0.06671,0.78917,0.05716,0.00148,frames/frame_002999.jpg
3000,50.000000,,0,P,0.06652,0.79205,0.05707,0.00193,frames/frame_003000.jpg
3001,50.016667,,0,B,0.06678,0.78872,0.05747,0.00187,frames/frame_003001.jpg
3002,50.033333,,0,B,0.06676,0.79045,0.05725,0.00142,frames/frame_003002.jpg
3003,50.050000,,0,B,0.06686,0.78940,0.05754,0.00143,frames/frame_003003.jpg
3004,50.066667,,0,P,0.06648,0.79218,0.05733,0.00177,frames/frame_003004.jpg
3005,50.083333,,0,B,0.06665,0.78752,0.05736,0.00169,frames/frame_003005.jpg
3006,50.100000,,0,B,0.06662,0.78702,0.05728,0.00162,frames/frame_003006.jpg
3007,50.116667,,0,B,0.06672,0.78713,0.05758,0.00149,frames/frame_003007.jpg
3008,50.133333,,0,P,0.06642,0.78995,0.05750,0.00195,frames/frame_003008.jpg
3009,50.150000,,0,B,0.06667,0.78738,0.05752,0.00212,frames/frame_003009.jpg
3010,50.166667,,0,B,0.06652,0.78685,0.05746,0.00198,frames/frame_003010.jpg
3011,50.183333,,0,B,0.06649,0.78609,0.05765,0.00169,frames/frame_003011.jpg
3012,50.200000,,0,P,0.06622,0.78939,0.05772,0.00208,frames/frame_003012.jpg
3013,50.216667,,0,B,0.06634,0.78669,0.05814,0.00196,frames/frame_003013.jpg
3014,50.233333,,0,B,0.06630,0.78856,0.05792,0.00143,frames/frame_003014.jpg
3015,50.250000,,0,B,0.06644,0.78722,0.05810,0.00151,frames/frame_003015.jpg
3016,50.266667,,0,P,0.06618,0.79294,0.05790,0.00197,frames/frame_003016.jpg
3017,50.283333,,0,B,0.06657,0.78760,0.05789,0.00210,frames/frame_003017.jpg
3018,50.300000,,0,B,0.06653,0.78884,0.05760,0.00169,frames/frame_003018.jpg
3019,50.316667,,0,B,0.06661,0.78841,0.05759,0.00166,frames/frame_003019.jpg
3020,50.333333,,0,P,0.06623,0.79194,0.05729,0.00183,frames/frame_003020.jpg
3021,50.350000,,0,B,0.06643,0.78767,0.05706,0.00208,frames/frame_003021.jpg
3022,50.366667,,0,B,0.06627,0.79023,0.05702,0.00166,frames/frame_003022.jpg
3023,50.383333,,0,B,0.06622,0.79103,0.05699,0.00152,frames/frame_003023.jpg
3024,50.400000,,0,P,0.06598,0.79284,0.05682,0.00193,frames/frame_003024.jpg
3025,50.416667,,0,B,0.06635,0.78871,0.05716,0.00226,frames/frame_003025.jpg
3026,50.433333,,0,B,0.06646,0.79335,0.05730,0.00168,frames/frame_003026.jpg
3027,50.450000,,0,B,0.06680,0.79227,0.05772,0.00191,frames/frame_003027.jpg
3028,50.466667,,0,P,0.06674,0.79427,0.05765,0.00231,frames/frame_003028.jpg
3029,50.483333,,0,B,0.06353,0.80279,0.05407,0.00956,frames/frame_003029.jpg
3030,50.500000,,0,B,0.06382,0.80294,0.05431,0.00355,frames/frame_003030.jpg
3031,50.516667,,0,B,0.06498,0.80327,0.05576,0.00389,frames/frame_003031.jpg
3032,50.533333,,0,P,0.06487,0.81888,0.05602,0.00414,frames/frame_003032.jpg
3033,50.550000,,0,B,0.06684,0.80744,0.05709,0.00586,frames/frame_003033.jpg
3034,50.566667,,0,B,0.06799,0.80793,0.05743,0.00408,frames/frame_003034.jpg
3035,50.583333,,0,B,0.06889,0.80629,0.05796,0.00346,frames/frame_003035.jpg
3036,50.600000,,0,P,0.06992,0.81957,0.05880,0.00466,frames/frame_003036.jpg
3037,50.616667,,0,B,0.07056,0.80949,0.05924,0.00333,frames/frame_003037.jpg
3038,50.633333,,0,B,0.07019,0.81252,0.05919,0.00272,frames/frame_003038.jpg
3039,50.650000,,0,B,0.06986,0.81274,0.05840,0.00411,frames/frame_003039.jpg
3040,50.666667,,0,P,0.06854,0.81852,0.05756,0.00388,frames/frame_003040.jpg
3041,50.683333,,0,B,0.06951,0.80779,0.05804,0.00329,frames/frame_003041.jpg
3042,50.700000,,0,B,0.06927,0.80964,0.05765,0.00236,frames/frame_003042.jpg
3043,50.716667,,0,B,0.06922,0.81011,0.05762,0.00230,frames/frame_003043.jpg
3044,50.733333,,0,P,0.06964,0.81079,0.05832,0.00375,frames/frame_003044.jpg
3045,50.750000,,0,B,0.07014,0.80865,0.05848,0.00278,frames/frame_003045.jpg
3046,50.766667,,0,B,0.07028,0.80909,0.05867,0.00266,frames/frame_003046.jpg
3047,50.783333,,0,B,0.07022,0.80542,0.05822,0.00215,frames/frame_003047.jpg
3048,50.800000,,0,P,0.06957,0.81348,0.05776,0.00275,frames/frame_003048.jpg
3049,50.816667,,0,B,0.07015,0.80381,0.05824,0.00274,frames/frame_003049.jpg
3050,50.833333,,0,B,0.06996,0.80686,0.05758,0.00212,frames/frame_003050.jpg
3051,50.850000,,0,B,0.07021,0.80443,0.05792,0.00242,frames/frame_003051.jpg
3052,50.866667,,0,P,0.06958,0.80719,0.05786,0.00260,frames/frame_003052.jpg
3053,50.883333,,0,B,0.07007,0.79966,0.05768,0.00264,frames/frame_003053.jpg
3054,50.900000,,0,B,0.07031,0.80109,0.05772,0.00255,frames/frame_003054.jpg
3055,50.916667,,0,B,0.07055,0.79826,0.05785,0.00232,frames/frame_003055.jpg
3056,50.933333,,0,P,0.07030,0.80116,0.05763,0.00277,frames/frame_003056.jpg
3057,50.950000,,0,B,0.07035,0.79994,0.05752,0.00223,frames/frame_003057.jpg
3058,50.966667,,0,B,0.07078,0.79283,0.05762,0.00260,frames/frame_003058.jpg
3059,50.983333,,0,P,0.07039,0.79424,0.05743,0.00257,frames/frame_003059.jpg
3060,51.000000,,1,I,0.07058,0.78820,0.05766,0.00342,frames/frame_003060.jpg
3061,51.016667,,0,B,0.07093,0.77961,0.05791,0.00258,frames/frame_003061.jpg
3062,51.033333,,0,B,0.07069,0.78084,0.05791,0.00247,frames/frame_003062.jpg
3063,51.050000,,0,B,0.07075,0.77963,0.05816,0.00239,frames/frame_003063.jpg
3064,51.066667,,0,P,0.07007,0.78491,0.05831,0.00303,frames/frame_003064.jpg
3065,51.083333,,0,B,0.07040,0.77369,0.05829,0.00273,frames/frame_003065.jpg
3066,51.100000,,0,B,0.07029,0.77461,0.05804,0.00252,frames/frame_003066.jpg
3067,51.116667,,0,B,0.07049,0.77428,0.05804,0.00233,frames/frame_003067.jpg
3068,51.133333,,0,P,0.06991,0.78411,0.05777,0.00280,frames/frame_003068.jpg
3069,51.150000,,0,B,0.07040,0.77727,0.05804,0.00276,frames/frame_003069.jpg
3070,51.166667,,0,B,0.07035,0.78177,0.05789,0.00231,frames/frame_003070.jpg
3071,51.183333,,0,B,0.07058,0.77936,0.05792,0.00238,frames/frame_003071.jpg
3072,51.200000,,0,P,0.07029,0.78298,0.05786,0.00255,frames/frame_003072.jpg
3073,51.216667,,0,B,0.07068,0.77630,0.05794,0.00250,frames/frame_003073.jpg
3074,51.233333,,0,B,0.07071,0.77792,0.05783,0.00214,frames/frame_003074.jpg
3075,51.250000,,0,B,0.07083,0.77684,0.05804,0.00219,frames/frame_003075.jpg
3076,51.266667,,0,P,0.07054,0.78236,0.05771,0.00236,frames/frame_003076.jpg
3077,51.283333,,0,B,0.07093,0.77467,0.05790,0.00240,frames/frame_003077.jpg
3078,51.300000,,0,B,0.07083,0.77694,0.05752,0.00227,frames/frame_003078.jpg
3079,51.316667,,0,B,0.07093,0.77574,0.05743,0.00227,frames/frame_003079.jpg
3080,51.333333,,0,P,0.07045,0.78135,0.05744,0.00248,frames/frame_003080.jpg
3081,51.350000,,0,B,0.07077,0.77343,0.05745,0.00270,frames/frame_003081.jpg
3082,51.366667,,0,B,0.07054,0.77495,0.05718,0.00239,frames/frame_003082.jpg
3083,51.383333,,0,B,0.07053,0.77177,0.05722,0.00223,frames/frame_003083.jpg
3084,51.400000,,0,P,0.06996,0.77587,0.05674,0.00253,frames/frame_003084.jpg
3085,51.416667,,0,B,0.07018,0.77048,0.05682,0.00238,frames/frame_003085.jpg
3086,51.433333,,0,B,0.07005,0.77213,0.05676,0.00190,frames/frame_003086.jpg
3087,51.450000,,0,B,0.07026,0.77324,0.05686,0.00192,frames/frame_003087.jpg
3088,51.466667,,0,P,0.06995,0.77631,0.05666,0.00224,frames/frame_003088.jpg
3089,51.483333,,0,B,0.07030,0.77014,0.05700,0.00220,frames/frame_003089.jpg
3090,51.500000,,0,B,0.07033,0.77261,0.05708,0.00199,frames/frame_003090.jpg
3091,51.516667,,0,B,0.07053,0.77148,0.05738,0.00189,frames/frame_003091.jpg
3092,51.533333,,0,P,0.06998,0.77729,0.05734,0.00249,frames/frame_003092.jpg
3093,51.550000,,0,B,0.07031,0.77276,0.05732,0.00235,frames/frame_003093.jpg
3094,51.566667,,0,B,0.07011,0.77589,0.05749,0.00207,frames/frame_003094.jpg
3095,51.583333,,0,B,0.07018,0.77607,0.05760,0.00193,frames/frame_003095.jpg
3096,51.600000,,0,P,0.06967,0.77806,0.05725,0.00241,frames/frame_003096.jpg
3097,51.616667,,0,B,0.06985,0.77481,0.05749,0.00228,frames/frame_003097.jpg
3098,51.633333,,0,B,0.06503,0.79189,0.05371,0.00655,frames/frame_003098.jpg
3099,51.650000,,0,B,0.06529,0.79199,0.05386,0.00204,frames/frame_003099.jpg
3100,51.666667,,0,P,0.06534,0.79964,0.05474,0.00274,frames/frame_003100.jpg
3101,51.683333,,0,B,0.06566,0.79687,0.05472,0.00199,frames/frame_003101.jpg
3102,51.700000,,0,B,0.06566,0.79848,0.05464,0.00160,frames/frame_003102.jpg
3103,51.716667,,0,B,0.06624,0.79545,0.05533,0.00191,frames/frame_003103.jpg
3104,51.733333,,0,P,0.06587,0.80085,0.05493,0.00188,frames/frame_003104.jpg
3105,51.750000,,0,B,0.06641,0.79495,0.05538,0.00225,frames/frame_003105.jpg
3106,51.766667,,0,B,0.06637,0.79517,0.05551,0.00153,frames/frame_003106.jpg
3107,51.783333,,0,B,0.06650,0.79438,0.05548,0.00144,frames/frame_003107.jpg
3108,51.800000,,0,P,0.06669,0.79640,0.05586,0.00241,frames/frame_003108.jpg
3109,51.816667,,0,B,0.06695,0.79172,0.05614,0.00231,frames/frame_003109.jpg
3110,51.833333,,0,B,0.06709,0.79107,0.05640,0.00241,frames/frame_003110.jpg
3111,51.850000,,0,B,0.06711,0.78845,0.05640,0.00212,frames/frame_003111.jpg
3112,51.866667,,0,P,0.06657,0.79379,0.05640,0.00262,frames/frame_003112.jpg
3113,51.883333,,0,B,0.06728,0.78723,0.05663,0.00265,frames/frame_003113.jpg
3114,51.900000,,0,B,0.06731,0.78678,0.05665,0.00204,frames/frame_003114.jpg
3115,51.916667,,0,B,0.06789,0.78849,0.05721,0.00236,frames/frame_003115.jpg
3116,51.933333,,0,P,0.06771,0.79480,0.05708,0.00219,frames/frame_003116.jpg
3117,51.950000,,0,B,0.06826,0.79155,0.05748,0.00238,frames/frame_003117.jpg
3118,51.966667,,0,B,0.06854,0.79269,0.05744,0.00211,frames/frame_003118.jpg
3119,51.983333,,0,B,0.06877,0.78864,0.05757,0.00193,frames/frame_003119.jpg
3120,52.000000,,0,P,0.06905,0.79450,0.05791,0.00252,frames/frame_003120.jpg
3121,52.016667,,0,B,0.06936,0.79475,0.05787,0.00222,frames/frame_003121.jpg
3122,52.033333,,0,B,0.06928,0.79592,0.05757,0.00164,frames/frame_003122.jpg
3123,52.050000,,0,B,0.06956,0.79286,0.05792,0.00196,frames/frame_003123.jpg
3124,52.066667,,0,P,0.06932,0.79594,0.05764,0.00202,frames/frame_003124.jpg
3125,52.083333,,0,B,0.06993,0.78787,0.05800,0.00255,frames/frame_003125.jpg
3126,52.100000,,0,B,0.06981,0.78723,0.05791,0.00206,frames/frame_003126.jpg
3127,52.116667,,0,B,0.06982,0.78459,0.05778,0.00209,frames/frame_003127.jpg
3128,52.133333,,0,P,0.06907,0.78808,0.05729,0.00251,frames/frame_003128.jpg
3129,52.150000,,0,B,0.06940,0.78175,0.05716,0.00238,frames/frame_003129.jpg
3130,52.166667,,0,B,0.06919,0.77941,0.05678,0.00180,frames/frame_003130.jpg
3131,52.183333,,0,B,0.06921,0.77656,0.05669,0.00179,frames/frame_003131.jpg
3132,52.200000,,0,P,0.06883,0.78143,0.05644,0.00216,frames/frame_003132.jpg
3133,52.216667,,0,B,0.06902,0.77720,0.05635,0.00214,frames/frame_003133.jpg
3134,52.233333,,0,B,0.06904,0.77995,0.05654,0.00165,frames/frame_003134.jpg
3135,52.250000,,0,B,0.06935,0.77797,0.05660,0.00182,frames/frame_003135.jpg
3136,52.266667,,0,P,0.06917,0.78381,0.05667,0.00217,frames/frame_003136.jpg
3137,52.283333,,0,B,0.06951,0.77904,0.05707,0.00212,frames/frame_003137.jpg
3138,52.300000,,0,B,0.06965,0.78147,0.05720,0.00208,frames/frame_003138.jpg
3139,52.316667,,0,B,0.06983,0.78026,0.05736,0.00184,frames/frame_003139.jpg
3140,52.333333,,0,P,0.06957,0.78613,0.05751,0.00221,frames/frame_003140.jpg
3141,52.350000,,0,B,0.07008,0.77925,0.05766,0.00220,frames/frame_003141.jpg
3142,52.366667,,0,B,0.07013,0.78153,0.05761,0.00188,frames/frame_003142.jpg
3143,52.383333,,0,B,0.07041,0.78115,0.05800,0.00189,frames/frame_003143.jpg
3144,52.400000,,0,P,0.07015,0.78994,0.05809,0.00237,frames/frame_003144.jpg
3145,52.416667,,0,B,0.07071,0.78158,0.05815,0.00247,frames/frame_003145.jpg
3146,52.433333,,0,B,0.07068,0.78560,0.05810,0.00182,frames/frame_003146.jpg
3147,52.450000,,0,B,0.07100,0.78290,0.05801,0.00188,frames/frame_003147.jpg
3148,52.466667,,0,P,0.07082,0.78941,0.05788,0.00196,frames/frame_003148.jpg
3149,52.483333,,0,B,0.07123,0.78467,0.05801,0.00191,frames/frame_003149.jpg
3150,52.500000,,0,B,0.07123,0.78483,0.05795,0.00161,frames/frame_003150.jpg
3151,52.516667,,0,B,0.07147,0.78320,0.05816,0.00175,frames/frame_003151.jpg
3152,52.533333,,0,P,0.07128,0.79196,0.05799,0.00190,frames/frame_003152.jpg
3153,52.550000,,0,B,0.07196,0.78131,0.05813,0.00255,frames/frame_003153.jpg
3154,52.566667,,0,B,0.07192,0.78552,0.05814,0.00204,frames/frame_003154.jpg
3155,52.583333,,0,B,0.07211,0.78557,0.05810,0.00212,frames/frame_003155.jpg
3156,52.600000,,0,P,0.07187,0.79287,0.05815,0.00229,frames/frame_003156.jpg
3157,52.616667,,0,B,0.07226,0.79005,0.05855,0.00223,frames/frame_003157.jpg
3158,52.633333,,0,B,0.07225,0.79075,0.05841,0.00162,frames/frame_003158.jpg
3159,52.650000,,0,B,0.07242,0.79249,0.05840,0.00172,frames/frame_003159.jpg
3160,52.666667,,0,P,0.07225,0.79576,0.05845,0.00192,frames/frame_003160.jpg
3161,52.683333,,0,B,0.07260,0.79198,0.05846,0.00201,frames/frame_003161.jpg
3162,52.700000,,0,B,0.07256,0.79394,0.05861,0.00152,frames/frame_003162.jpg
3163,52.716667,,0,B,0.07276,0.79246,0.05894,0.00171,frames/frame_003163.jpg
3164,52.733333,,0,P,0.07234,0.79600,0.05869,0.00213,frames/frame_003164.jpg
3165,52.750000,,0,B,0.07262,0.79216,0.05878,0.00229,frames/frame_003165.jpg
3166,52.766667,,0,B,0.07242,0.79337,0.05870,0.00193,frames/frame_003166.jpg
3167,52.783333,,0,B,0.07245,0.79142,0.05876,0.00175,frames/frame_003167.jpg
3168,52.800000,,0,P,0.07204,0.79522,0.05876,0.00226,frames/frame_003168.jpg
3169,52.816667,,0,B,0.07227,0.79042,0.05860,0.00267,frames/frame_003169.jpg
3170,52.833333,,0,B,0.06867,0.81077,0.05497,0.00946,frames/frame_003170.jpg
3171,52.850000,,0,B,0.06944,0.81338,0.05604,0.00362,frames/frame_003171.jpg
3172,52.866667,,0,P,0.06981,0.81570,0.05608,0.00408,frames/frame_003172.jpg
3173,52.883333,,0,B,0.07202,0.80640,0.05680,0.00497,frames/frame_003173.jpg
3174,52.900000,,0,B,0.07203,0.81156,0.05599,0.00473,frames/frame_003174.jpg
3175,52.916667,,0,B,0.07459,0.80847,0.05711,0.00507,frames/frame_003175.jpg
3176,52.933333,,0,P,0.07516,0.81364,0.05717,0.00402,frames/frame_003176.jpg
3177,52.950000,,0,B,0.07670,0.80861,0.05748,0.00399,frames/frame_003177.jpg
3178,52.966667,,0,B,0.07780,0.80966,0.05843,0.00395,frames/frame_003178.jpg
3179,52.983333,,0,B,0.07792,0.80874,0.05873,0.00272,frames/frame_003179.jpg
3180,53.000000,,0,P,0.07771,0.81383,0.05915,0.00367,frames/frame_003180.jpg
3181,53.016667,,0,B,0.07728,0.80730,0.05841,0.00455,frames/frame_003181.jpg
3182,53.033333,,0,B,0.07604,0.80819,0.05814,0.00443,frames/frame_003182.jpg
3183,53.050000,,0,B,0.07596,0.80889,0.05832,0.00313,frames/frame_003183.jpg
3184,53.066667,,0,P,0.07511,0.81275,0.05844,0.00390,frames/frame_003184.jpg
3185,53.083333,,0,B,0.07640,0.80610,0.05959,0.00400,frames/frame_003185.jpg
3186,53.100000,,0,B,0.07614,0.80856,0.05937,0.00281,frames/frame_003186.jpg
3187,53.116667,,0,B,0.07625,0.80795,0.05958,0.00263,frames/frame_003187.jpg
3188,53.133333,,0,P,0.07547,0.81249,0.05925,0.00302,frames/frame_003188.jpg
3189,53.150000,,0,B,0.07619,0.80870,0.05952,0.00311,frames/frame_003189.jpg
3190,53.166667,,0,B,0.07586,0.81033,0.05940,0.00255,frames/frame_003190.jpg
3191,53.183333,,0,B,0.07630,0.80827,0.05964,0.00254,frames/frame_003191.jpg
3192,53.200000,,0,P,0.07569,0.81151,0.05925,0.00292,frames/frame_003192.jpg
3193,53.216667,,0,B,0.07597,0.80589,0.05904,0.00275,frames/frame_003193.jpg
3194,53.233333,,0,B,0.07594,0.80600,0.05886,0.00242,frames/frame_003194.jpg
3195,53.250000,,0,B,0.07609,0.80328,0.05902,0.00244,frames/frame_003195.jpg
3196,53.266667,,0,P,0.07583,0.80938,0.05908,0.00305,frames/frame_003196.jpg
3197,53.283333,,0,B,0.07612,0.80316,0.05909,0.00287,frames/frame_003197.jpg
3198,53.300000,,0,B,0.07605,0.80434,0.05946,0.00302,frames/frame_003198.jpg
3199,53.316667,,0,B,0.07594,0.80145,0.05956,0.00287,frames/frame_003199.jpg
3200,53.333333,,0,P,0.07525,0.80311,0.05956,0.00326,frames/frame_003200.jpg
3201,53.350000,,0,B,0.07556,0.79564,0.05985,0.00320,frames/frame_003201.jpg
3202,53.366667,,0,B,0.07536,0.79833,0.05990,0.00280,frames/frame_003202.jpg
3203,53.383333,,0,B,0.07561,0.79744,0.05993,0.00263,frames/frame_003203.jpg
3204,53.400000,,0,P,0.07520,0.80330,0.05984,0.00289,frames/frame_003204.jpg
3205,53.416667,,0,B,0.07582,0.79774,0.05993,0.00306,frames/frame_003205.jpg
3206,53.433333,,0,B,0.07587,0.80022,0.06018,0.00290,frames/frame_003206.jpg
3207,53.450000,,0,B,0.07612,0.79745,0.06018,0.00287,frames/frame_003207.jpg
3208,53.466667,,0,P,0.07609,0.80372,0.06025,0.00313,frames/frame_003208.jpg
3209,53.483333,,0,B,0.07680,0.79752,0.06035,0.00327,frames/frame_003209.jpg
3210,53.500000,,0,B,0.07694,0.79813,0.06037,0.00302,frames/frame_003210.jpg
3211,53.516667,,0,B,0.07721,0.79746,0.06029,0.00320,frames/frame_003211.jpg
3212,53.533333,,0,P,0.07703,0.80278,0.05985,0.00331,frames/frame_003212.jpg
3213,53.550000,,0,B,0.07738,0.79441,0.05959,0.00355,frames/frame_003213.jpg
3214,53.566667,,0,B,0.07728,0.79588,0.05923,0.00303,frames/frame_003214.jpg
3215,53.583333,,0,B,0.07741,0.79352,0.05892,0.00289,frames/frame_003215.jpg
3216,53.600000,,0,P,0.07697,0.79562,0.05862,0.00326,frames/frame_003216.jpg
3217,53.616667,,0,B,0.07744,0.78960,0.05857,0.00316,frames/frame_003217.jpg
3218,53.633333,,0,B,0.07723,0.78895,0.05837,0.00273,frames/frame_003218.jpg
3219,53.650000,,0,B,0.07739,0.78835,0.05835,0.00266,frames/frame_003219.jpg
3220,53.666667,,0,P,0.07690,0.79341,0.05807,0.00292,frames/frame_003220.jpg
3221,53.683333,,0,B,0.07734,0.78595,0.05803,0.00278,frames/frame_003221.jpg
3222,53.700000,,0,B,0.07731,0.78840,0.05805,0.00250,frames/frame_003222.jpg
3223,53.716667,,0,B,0.07753,0.78644,0.05826,0.00255,frames/frame_003223.jpg
3224,53.733333,,0,P,0.07707,0.79272,0.05828,0.00274,frames/frame_003224.jpg
3225,53.750000,,0,B,0.07765,0.78883,0.05865,0.00283,frames/frame_003225.jpg
3226,53.766667,,0,B,0.07748,0.79078,0.05890,0.00256,frames/frame_003226.jpg
3227,53.783333,,0,B,0.07763,0.78996,0.05924,0.00236,frames/frame_003227.jpg
3228,53.800000,,0,P,0.07712,0.79495,0.05938,0.00286,frames/frame_003228.jpg
3229,53.816667,,0,B,0.07760,0.78886,0.05961,0.00282,frames/frame_003229.jpg
3230,53.833333,,0,B,0.07770,0.79156,0.05975,0.00218,frames/frame_003230.jpg
3231,53.850000,,0,B,0.07794,0.79022,0.05997,0.00228,frames/frame_003231.jpg
3232,53.866667,,0,P,0.07770,0.79648,0.06024,0.00242,frames/frame_003232.jpg
3233,53.883333,,0,B,0.07811,0.79309,0.06022,0.00246,frames/frame_003233.jpg
3234,53.900000,,0,B,0.07802,0.79386,0.06024,0.00214,frames/frame_003234.jpg
3235,53.916667,,0,B,0.07805,0.79213,0.06016,0.00218,frames/frame_003235.jpg
3236,53.933333,,0,P,0.07749,0.79536,0.05985,0.00252,frames/frame_003236.jpg
3237,53.950000,,0,B,0.07732,0.79498,0.05922,0.00223,frames/frame_003237.jpg
3238,53.966667,,0,B,0.07735,0.79038,0.05906,0.00236,frames/frame_003238.jpg
3239,53.983333,,0,P,0.07680,0.79389,0.05879,0.00256,frames/frame_003239.jpg
3240,54.000000,,1,I,0.07677,0.79240,0.05819,0.00352,frames/frame_003240.jpg
3241,54.016667,,0,B,0.07693,0.78705,0.05776,0.00205,frames/frame_003241.jpg
3242,54.033333,,0,B,0.07674,0.78663,0.05765,0.00160,frames/frame_003242.jpg
3243,54.050000,,0,B,0.07675,0.78700,0.05754,0.00169,frames/frame_003243.jpg
3244,54.066667,,0,P,0.07642,0.78818,0.05721,0.00197,frames/frame_003244.jpg
3245,54.083333,,0,B,0.07659,0.78396,0.05712,0.00177,frames/frame_003245.jpg
3246,54.100000,,0,B,0.07646,0.78463,0.05689,0.00143,frames/frame_003246.jpg
3247,54.116667,,0,B,0.07644,0.78389,0.05697,0.00149,frames/frame_003247.jpg
3248,54.133333,,0,P,0.07611,0.78551,0.05668,0.00186,frames/frame_003248.jpg
3249,54.150000,,0,B,0.07638,0.78417,0.05688,0.00182,frames/frame_003249.jpg
3250,54.166667,,0,B,0.07640,0.78377,0.05702,0.00151,frames/frame_003250.jpg
3251,54.183333,,0,B,0.07658,0.78393,0.05725,0.00152,frames/frame_003251.jpg
3252,54.200000,,0,P,0.07647,0.78888,0.05737,0.00191,frames/frame_003252.jpg
3253,54.216667,,0,B,0.07700,0.78573,0.05791,0.00227,frames/frame_003253.jpg
3254,54.233333,,0,B,0.07699,0.78644,0.05815,0.00193,frames/frame_003254.jpg
3255,54.250000,,0,B,0.07720,0.78719,0.05843,0.00195,frames/frame_003255.jpg
3256,54.266667,,0,P,0.07676,0.79168,0.05873,0.00238,frames/frame_003256.jpg
3257,54.283333,,0,B,0.07722,0.78812,0.05920,0.00237,frames/frame_003257.jpg
3258,54.300000,,0,B,0.07719,0.79075,0.05929,0.00203,frames/frame_003258.jpg
3259,54.316667,,0,B,0.07740,0.78984,0.05950,0.00196,frames/frame_003259.jpg
3260,54.333333,,0,P,0.07709,0.79443,0.05978,0.00225,frames/frame_003260.jpg
3261,54.350000,,0,B,0.07757,0.79192,0.06026,0.00224,frames/frame_003261.jpg
3262,54.366667,,0,B,0.07773,0.79351,0.06043,0.00185,frames/frame_003262.jpg
3263,54.383333,,0,B,0.07794,0.79225,0.06047,0.00172,frames/frame_003263.jpg
3264,54.400000,,0,P,0.07783,0.79873,0.06055,0.00223,frames/frame_003264.jpg
3265,54.416667,,0,B,0.07843,0.79416,0.06071,0.00248,frames/frame_003265.jpg
3266,54.433333,,0,B,0.07838,0.79655,0.06030,0.00175,frames/frame_003266.jpg
3267,54.450000,,0,B,0.07855,0.79585,0.06051,0.00175,frames/frame_003267.jpg
3268,54.466667,,0,P,0.07829,0.79906,0.06046,0.00213,frames/frame_003268.jpg
3269,54.483333,,0,B,0.07844,0.79288,0.06057,0.00221,frames/frame_003269.jpg
3270,54.500000,,0,B,0.07811,0.79275,0.06012,0.00211,frames/frame_003270.jpg
3271,54.516667,,0,B,0.07803,0.79060,0.06024,0.00213,frames/frame_003271.jpg
3272,54.533333,,0,P,0.07741,0.79435,0.06004,0.00254,frames/frame_003272.jpg
3273,54.550000,,0,B,0.07747,0.79140,0.05974,0.00237,frames/frame_003273.jpg
3274,54.566667,,0,B,0.07726,0.79187,0.05974,0.00207,frames/frame_003274.jpg
3275,54.583333,,0,B,0.07728,0.78977,0.05980,0.00176,frames/frame_003275.jpg
3276,54.600000,,0,P,0.07678,0.79126,0.05943,0.00223,frames/frame_003276.jpg
3277,54.616667,,0,B,0.07714,0.78875,0.05943,0.00202,frames/frame_003277.jpg
3278,54.633333,,0,B,0.07703,0.79038,0.05945,0.00143,frames/frame_003278.jpg
3279,54.650000,,0,B,0.07727,0.78817,0.05952,0.00157,frames/frame_003279.jpg
3280,54.666667,,0,P,0.07692,0.78997,0.05940,0.00192,frames/frame_003280.jpg
3281,54.683333,,0,B,0.07747,0.78581,0.05916,0.00232,frames/frame_003281.jpg
3282,54.700000,,0,B,0.07743,0.78561,0.05897,0.00192,frames/frame_003282.jpg
3283,54.716667,,0,B,0.07759,0.78403,0.05886,0.00193,frames/frame_003283.jpg
3284,54.733333,,0,P,0.07715,0.78730,0.05848,0.00222,frames/frame_003284.jpg
3285,54.750000,,0,B,0.07764,0.78097,0.05820,0.00250,frames/frame_003285.jpg
3286,54.766667,,0,B,0.07751,0.78204,0.05802,0.00187,frames/frame_003286.jpg
3287,54.783333,,0,B,0.07758,0.77878,0.05797,0.00182,frames/frame_003287.jpg
3288,54.800000,,0,P,0.07725,0.78500,0.05749,0.00211,frames/frame_003288.jpg
3289,54.816667,,0,B,0.07754,0.78306,0.05777,0.00207,frames/frame_003289.jpg
3290,54.833333,,0,B,0.07744,0.78399,0.05745,0.00152,frames/frame_003290.jpg
3291,54.850000,,0,B,0.07759,0.78294,0.05781,0.00154,frames/frame_003291.jpg
3292,54.866667,,0,P,0.07727,0.78249,0.05734,0.00192,frames/frame_003292.jpg
3293,54.883333,,0,B,0.07756,0.77880,0.05769,0.00176,frames/frame_003293.jpg
3294,54.900000,,0,B,0.07759,0.78001,0.05775,0.00169,frames/frame_003294.jpg
3295,54.916667,,0,B,0.07765,0.78177,0.05791,0.00164,frames/frame_003295.jpg
3296,54.933333,,0,P,0.07738,0.78483,0.05778,0.00189,frames/frame_003296.jpg
3297,54.950000,,0,B,0.07766,0.77953,0.05830,0.00215,frames/frame_003297.jpg
3298,54.966667,,0,B,0.07736,0.78154,0.05840,0.00191,frames/frame_003298.jpg
3299,54.983333,,0,B,0.07719,0.78164,0.05834,0.00186,frames/frame_003299.jpg
3300,55.000000,,0,P,0.07651,0.78740,0.05834,0.00251,frames/frame_003300.jpg
3301,55.016667,,0,B,0.07672,0.78317,0.05869,0.00206,frames/frame_003301.jpg
3302,55.033333,,0,B,0.07653,0.78383,0.05856,0.00169,frames/frame_003302.jpg
3303,55.050000,,0,B,0.07667,0.78248,0.05876,0.00145,frames/frame_003303.jpg
3304,55.066667,,0,P,0.07632,0.78615,0.05871,0.00192,frames/frame_003304.jpg
3305,55.083333,,0,B,0.07668,0.78332,0.05888,0.00189,frames/frame_003305.jpg
3306,55.100000,,0,B,0.07663,0.78651,0.05874,0.00148,frames/frame_003306.jpg
3307,55.116667,,0,B,0.07682,0.78389,0.05872,0.00151,frames/frame_003307.jpg
3308,55.133333,,0,P,0.07658,0.78729,0.05848,0.00195,frames/frame_003308.jpg
3309,55.150000,,0,B,0.07715,0.78297,0.05848,0.00231,frames/frame_003309.jpg
3310,55.166667,,0,B,0.07719,0.78554,0.05816,0.00178,frames/frame_003310.jpg
3311,55.183333,,0,B,0.07733,0.78252,0.05804,0.00166,frames/frame_003311.jpg
3312,55.200000,,0,P,0.07702,0.78678,0.05799,0.00213,frames/frame_003312.jpg
3313,55.216667,,0,B,0.07722,0.78246,0.05791,0.00235,frames/frame_003313.jpg
3314,55.233333,,0,B,0.07291,0.79552,0.05416,0.00623,frames/frame_003314.jpg
3315,55.250000,,0,B,0.07311,0.79153,0.05418,0.00177,frames/frame_003315.jpg
3316,55.266667,,0,P,0.07327,0.79181,0.05479,0.00250,frames/frame_003316.jpg
3317,55.283333,,0,B,0.07348,0.78841,0.05458,0.00201,frames/frame_003317.jpg
3318,55.300000,,0,B,0.07327,0.78935,0.05417,0.00162,frames/frame_003318.jpg
3319,55.316667,,0,B,0.07367,0.78911,0.05451,0.00193,frames/frame_003319.jpg
3320,55.333333,,0,P,0.07350,0.79151,0.05456,0.00202,frames/frame_003320.jpg
3321,55.350000,,0,B,0.07398,0.78862,0.05473,0.00227,frames/frame_003321.jpg
3322,55.366667,,0,B,0.07394,0.78927,0.05467,0.00151,frames/frame_003322.jpg
3323,55.383333,,0,B,0.07407,0.78971,0.05495,0.00151,frames/frame_003323.jpg
3324,55.400000,,0,P,0.07430,0.79129,0.05541,0.00255,frames/frame_003324.jpg
3325,55.416667,,0,B,0.07456,0.78705,0.05583,0.00233,frames/frame_003325.jpg
3326,55.433333,,0,B,0.07456,0.78924,0.05620,0.00230,frames/frame_003326.jpg
3327,55.450000,,0,B,0.07466,0.79051,0.05660,0.00211,frames/frame_003327.jpg
3328,55.466667,,0,P,0.07416,0.79631,0.05669,0.00258,frames/frame_003328.jpg
3329,55.483333,,0,B,0.07491,0.78918,0.05728,0.00235,frames/frame_003329.jpg
3330,55.500000,,0,B,0.07502,0.79058,0.05719,0.00179,frames/frame_003330.jpg
3331,55.516667,,0,B,0.07542,0.79066,0.05771,0.00197,frames/frame_003331.jpg
3332,55.533333,,0,P,0.07525,0.79493,0.05737,0.00188,frames/frame_003332.jpg
3333,55.550000,,0,B,0.07583,0.79324,0.05752,0.00237,frames/frame_003333.jpg
3334,55.566667,,0,B,0.07608,0.79277,0.05814,0.00204,frames/frame_003334.jpg
3335,55.583333,,0,B,0.07638,0.79283,0.05844,0.00185,frames/frame_003335.jpg
3336,55.600000,,0,P,0.07653,0.79565,0.05847,0.00233,frames/frame_003336.jpg
3337,55.616667,,0,B,0.07699,0.79306,0.05883,0.00239,frames/frame_003337.jpg
3338,55.633333,,0,B,0.07708,0.79390,0.05886,0.00187,frames/frame_003338.jpg
3339,55.650000,,0,B,0.07737,0.79206,0.05936,0.00212,frames/frame_003339.jpg
3340,55.666667,,0,P,0.07716,0.79733,0.05929,0.00230,frames/frame_003340.jpg
3341,55.683333,,0,B,0.07766,0.79121,0.05978,0.00271,frames/frame_003341.jpg
3342,55.700000,,0,B,0.07741,0.79346,0.05971,0.00228,frames/frame_003342.jpg
3343,55.716667,,0,B,0.07738,0.79219,0.05968,0.00213,frames/frame_003343.jpg
3344,55.733333,,0,P,0.07664,0.79392,0.05951,0.00273,frames/frame_003344.jpg
3345,55.750000,,0,B,0.07681,0.78805,0.05964,0.00242,frames/frame_003345.jpg
3346,55.766667,,0,B,0.07660,0.78913,0.05941,0.00207,frames/frame_003346.jpg
3347,55.783333,,0,B,0.07658,0.78638,0.05929,0.00207,frames/frame_003347.jpg
3348,55.800000,,0,P,0.07608,0.79298,0.05895,0.00242,frames/frame_003348.jpg
3349,55.816667,,0,B,0.07626,0.78606,0.05934,0.00218,frames/frame_003349.jpg
3350,55.833333,,0,B,0.07619,0.78982,0.05915,0.00170,frames/frame_003350.jpg
3351,55.850000,,0,B,0.07625,0.78894,0.05909,0.00166,frames/frame_003351.jpg
3352,55.866667,,0,P,0.07593,0.79125,0.05874,0.00206,frames/frame_003352.jpg
3353,55.883333,,0,B,0.07637,0.78521,0.05904,0.00208,frames/frame_003353.jpg
3354,55.900000,,0,B,0.07627,0.78728,0.05856,0.00183,frames/frame_003354.jpg
3355,55.916667,,0,B,0.07644,0.78767,0.05839,0.00186,frames/frame_003355.jpg
3356,55.933333,,0,P,0.07609,0.79054,0.05818,0.00219,frames/frame_003356.jpg
3357,55.950000,,0,B,0.07656,0.78481,0.05802,0.00248,frames/frame_003357.jpg
3358,55.966667,,0,B,0.07652,0.78678,0.05765,0.00190,frames/frame_003358.jpg
3359,55.983333,,0,B,0.07672,0.78705,0.05762,0.00192,frames/frame_003359.jpg
3360,56.000000,,0,P,0.07648,0.78645,0.05747,0.00225,frames/frame_003360.jpg
3361,56.016667,,0,B,0.07692,0.78370,0.05742,0.00222,frames/frame_003361.jpg
3362,56.033333,,0,B,0.07681,0.78430,0.05717,0.00159,frames/frame_003362.jpg
3363,56.050000,,0,B,0.07690,0.78341,0.05737,0.00165,frames/frame_003363.jpg
3364,56.066667,,0,P,0.07661,0.78667,0.05722,0.00194,frames/frame_003364.jpg
3365,56.083333,,0,B,0.07690,0.78173,0.05723,0.00184,frames/frame_003365.jpg
3366,56.100000,,0,B,0.07684,0.78499,0.05718,0.00155,frames/frame_003366.jpg
3367,56.116667,,0,B,0.07697,0.78275,0.05721,0.00162,frames/frame_003367.jpg
3368,56.133333,,0,P,0.07667,0.78423,0.05714,0.00196,frames/frame_003368.jpg
3369,56.150000,,0,B,0.07694,0.78001,0.05739,0.00216,frames/frame_003369.jpg
3370,56.166667,,0,B,0.07670,0.78283,0.05766,0.00188,frames/frame_003370.jpg
3371,56.183333,,0,B,0.07676,0.78215,0.05800,0.00175,frames/frame_003371.jpg
3372,56.200000,,0,P,0.07616,0.78567,0.05806,0.00243,frames/frame_003372.jpg
3373,56.216667,,0,B,0.07641,0.78112,0.05825,0.00217,frames/frame_003373.jpg
3374,56.233333,,0,B,0.07642,0.78160,0.05835,0.00178,frames/frame_003374.jpg
3375,56.250000,,0,B,0.07652,0.78222,0.05858,0.00169,frames/frame_003375.jpg
3376,56.266667,,0,P,0.07620,0.78903,0.05858,0.00221,frames/frame_003376.jpg
3377,56.283333,,0,B,0.07655,0.78614,0.05863,0.00196,frames/frame_003377.jpg
3378,56.300000,,0,B,0.07667,0.78616,0.05842,0.00159,frames/frame_003378.jpg
3379,56.316667,,0,B,0.07680,0.78637,0.05866,0.00150,frames/frame_003379.jpg
3380,56.333333,,0,P,0.07664,0.78619,0.05871,0.00159,frames/frame_003380.jpg
3381,56.350000,,0,B,0.07707,0.78465,0.05861,0.00204,frames/frame_003381.jpg
3382,56.366667,,0,B,0.07711,0.78516,0.05861,0.00154,frames/frame_003382.jpg
3383,56.383333,,0,B,0.07725,0.78481,0.05868,0.00142,frames/frame_003383.jpg
3384,56.400000,,0,P,0.07713,0.78899,0.05861,0.00203,frames/frame_003384.jpg
3385,56.416667,,0,B,0.07776,0.78456,0.05855,0.00274,frames/frame_003385.jpg
3386,56.433333,,0,B,0.07765,0.78362,0.05852,0.00204,frames/frame_003386.jpg
3387,56.450000,,0,B,0.07793,0.78820,0.05857,0.00272,frames/frame_003387.jpg
3388,56.466667,,0,P,0.07506,0.80373,0.05611,0.00968,frames/frame_003388.jpg
3389,56.483333,,0,B,0.07618,0.79882,0.05683,0.00459,frames/frame_003389.jpg
3390,56.500000,,0,B,0.07665,0.80166,0.05748,0.00463,frames/frame_003390.jpg
3391,56.516667,,0,B,0.07640,0.80305,0.05665,0.00523,frames/frame_003391.jpg
3392,56.533333,,0,P,0.07804,0.80896,0.05812,0.00606,frames/frame_003392.jpg
3393,56.550000,,0,B,0.07915,0.80184,0.05850,0.00446,frames/frame_003393.jpg
3394,56.566667,,0,B,0.07957,0.80377,0.05899,0.00429,frames/frame_003394.jpg
3395,56.583333,,0,B,0.08082,0.80176,0.06000,0.00438,frames/frame_003395.jpg
3396,56.600000,,0,P,0.08015,0.81202,0.06000,0.00426,frames/frame_003396.jpg
3397,56.616667,,0,B,0.07958,0.80325,0.06008,0.00386,frames/frame_003397.jpg
3398,56.633333,,0,B,0.07791,0.80238,0.05927,0.00455,frames/frame_003398.jpg
3399,56.650000,,0,B,0.07632,0.80018,0.05849,0.00422,frames/frame_003399.jpg
3400,56.666667,,0,P,0.07474,0.80783,0.05865,0.00458,frames/frame_003400.jpg
3401,56.683333,,0,B,0.07443,0.79896,0.05915,0.00443,frames/frame_003401.jpg
3402,56.700000,,0,B,0.07107,0.79403,0.05778,0.00663,frames/frame_003402.jpg
3403,56.716667,,0,B,0.07040,0.78869,0.05689,0.00517,frames/frame_003403.jpg
3404,56.733333,,0,P,0.07030,0.79744,0.05727,0.00505,frames/frame_003404.jpg
3405,56.750000,,0,B,0.07043,0.78762,0.05687,0.00482,frames/frame_003405.jpg
3406,56.766667,,0,B,0.07098,0.78907,0.05778,0.00360,frames/frame_003406.jpg
3407,56.783333,,0,B,0.07093,0.78755,0.05779,0.00308,frames/frame_003407.jpg
3408,56.800000,,0,P,0.07008,0.79102,0.05671,0.00432,frames/frame_003408.jpg
3409,56.816667,,0,B,0.06958,0.77278,0.05670,0.00355,frames/frame_003409.jpg
3410,56.833333,,0,B,0.05452,0.76738,0.04783,0.01800,frames/frame_003410.jpg
3411,56.850000,,0,B,0.05006,0.75831,0.04299,0.00787,frames/frame_003411.jpg
3412,56.866667,,0,P,0.05084,0.76109,0.04508,0.00589,frames/frame_003412.jpg
3413,56.883333,,0,B,0.05049,0.75133,0.04466,0.00701,frames/frame_003413.jpg
3414,56.900000,,0,B,0.05296,0.76502,0.04831,0.00630,frames/frame_003414.jpg
3415,56.916667,,0,B,0.04448,0.74899,0.04446,0.01492,frames/frame_003415.jpg
3416,56.933333,,0,P,0.04998,0.77164,0.04443,0.01606,frames/frame_003416.jpg
3417,56.950000,,0,B,0.04794,0.76574,0.04317,0.01174,frames/frame_003417.jpg
3418,56.966667,,0,B,0.05176,0.76048,0.04753,0.00969,frames/frame_003418.jpg
3419,56.983333,,0,P,0.03910,0.74631,0.03909,0.01548,frames/frame_003419.jpg
3420,57.000000,,1,I,0.04508,0.74674,0.04051,0.01639,frames/frame_003420.jpg
3421,57.016667,,0,B,0.04872,0.75341,0.04458,0.00818,frames/frame_003421.jpg
3422,57.033333,,0,B,0.05994,0.79082,0.06239,0.05446,frames/frame_003422.jpg
3423,57.050000,,0,B,0.06003,0.79096,0.06243,0.00086,frames/frame_003423.jpg
3424,57.066667,,0,P,0.05987,0.79209,0.06223,0.00085,frames/frame_003424.jpg
3425,57.083333,,0,B,0.06146,0.78914,0.06418,0.00273,frames/frame_003425.jpg
3426,57.100000,,0,B,0.06131,0.79169,0.06405,0.00135,frames/frame_003426.jpg
3427,57.116667,,0,B,0.06142,0.78943,0.06413,0.00122,frames/frame_003427.jpg
3428,57.133333,,0,P,0.06221,0.79628,0.06533,0.00255,frames/frame_003428.jpg
3429,57.150000,,0,B,0.06271,0.80274,0.06500,0.00210,frames/frame_003429.jpg
3430,57.166667,,0,P,0.13515,0.86214,0.09898,0.06193,frames/frame_003430.jpg
3431,57.183333,,0,B,0.08574,0.82440,0.08053,0.07719,frames/frame_003431.jpg
3432,57.200000,,0,P,0.15131,0.87611,0.10938,0.05591,frames/frame_003432.jpg
3433,57.216667,,0,B,0.09034,0.83371,0.08173,0.05844,frames/frame_003433.jpg
3434,57.233333,,0,B,0.16205,0.87665,0.11568,0.06098,frames/frame_003434.jpg
3435,57.250000,,0,B,0.15360,0.87304,0.11039,0.00881,frames/frame_003435.jpg
3436,57.266667,,0,P,0.16561,0.88115,0.11897,0.01227,frames/frame_003436.jpg
3437,57.283333,,0,B,0.15983,0.87258,0.11278,0.01089,frames/frame_003437.jpg
3438,57.300000,,0,B,0.16299,0.87754,0.11836,0.01082,frames/frame_003438.jpg
3439,57.316667,,0,B,0.16462,0.87448,0.11699,0.00684,frames/frame_003439.jpg
3440,57.333333,,0,P,0.16798,0.87970,0.12029,0.00495,frames/frame_003440.jpg
3441,57.350000,,0,B,0.16103,0.87238,0.11585,0.00824,frames/frame_003441.jpg
3442,57.366667,,0,B,0.16466,0.87443,0.11690,0.00507,frames/frame_003442.jpg
3443,57.383333,,0,B,0.17450,0.87351,0.12653,0.01005,frames/frame_003443.jpg
3444,57.400000,,0,P,0.16810,0.88001,0.12000,0.00735,frames/frame_003444.jpg
3445,57.416667,,0,B,0.17767,0.87542,0.12868,0.00971,frames/frame_003445.jpg
3446,57.433333,,0,B,0.17766,0.87657,0.12858,0.00121,frames/frame_003446.jpg
3447,57.450000,,0,B,0.17785,0.87500,0.12882,0.00128,frames/frame_003447.jpg
3448,57.466667,,0,P,0.17767,0.87662,0.12885,0.00151,frames/frame_003448.jpg
3449,57.483333,,0,B,0.17836,0.87553,0.12947,0.00309,frames/frame_003449.jpg
3450,57.500000,,0,B,0.18033,0.87462,0.13239,0.00702,frames/frame_003450.jpg
3451,57.516667,,0,P,0.57706,0.31326,0.09996,0.39889,frames/frame_003451.jpg
3452,57.533333,,0,B,0.54555,0.32299,0.10171,0.03065,frames/frame_003452.jpg
3453,57.550000,,0,B,0.51329,0.33892,0.10325,0.03415,frames/frame_003453.jpg
3454,57.566667,,0,B,0.48185,0.34865,0.10379,0.03150,frames/frame_003454.jpg
3455,57.583333,,0,P,0.45243,0.36841,0.10719,0.03360,frames/frame_003455.jpg
3456,57.600000,,0,B,0.42995,0.37692,0.10954,0.02303,frames/frame_003456.jpg
3457,57.616667,,0,B,0.40653,0.39420,0.11048,0.02460,frames/frame_003457.jpg
3458,57.633333,,0,B,0.38263,0.40717,0.11056,0.02510,frames/frame_003458.jpg
3459,57.650000,,0,P,0.35998,0.42747,0.11355,0.02632,frames/frame_003459.jpg
3460,57.666667,,0,B,0.34407,0.43612,0.11411,0.01578,frames/frame_003460.jpg
3461,57.683333,,0,B,0.32861,0.45631,0.11610,0.01815,frames/frame_003461.jpg
3462,57.700000,,0,B,0.31305,0.47449,0.11745,0.01724,frames/frame_003462.jpg
3463,57.716667,,0,P,0.29502,0.50087,0.11907,0.02040,frames/frame_003463.jpg
3464,57.733333,,0,B,0.28278,0.51421,0.11767,0.01242,frames/frame_003464.jpg
3465,57.750000,,0,B,0.27186,0.53718,0.11872,0.01359,frames/frame_003465.jpg
3466,57.766667,,0,B,0.26356,0.56088,0.12166,0.01334,frames/frame_003466.jpg
3467,57.783333,,0,P,0.25397,0.59180,0.12363,0.01589,frames/frame_003467.jpg
3468,57.800000,,0,B,0.24707,0.60338,0.12404,0.00847,frames/frame_003468.jpg
3469,57.816667,,0,B,0.23970,0.62413,0.12434,0.01000,frames/frame_003469.jpg
3470,57.833333,,0,B,0.23032,0.64251,0.12217,0.00951,frames/frame_003470.jpg
3471,57.850000,,0,P,0.22305,0.67439,0.12560,0.01205,frames/frame_003471.jpg
3472,57.866667,,0,B,0.21761,0.68334,0.12240,0.00753,frames/frame_003472.jpg
3473,57.883333,,0,B,0.21107,0.70229,0.12279,0.00975,frames/frame_003473.jpg
3474,57.900000,,0,B,0.20757,0.71849,0.12395,0.00853,frames/frame_003474.jpg
3475,57.916667,,0,P,0.20284,0.74569,0.12566,0.00829,frames/frame_003475.jpg
3476,57.933333,,0,B,0.19985,0.76040,0.12685,0.00939,frames/frame_003476.jpg
3477,57.950000,,0,B,0.19583,0.77886,0.12607,0.00952,frames/frame_003477.jpg
3478,57.966667,,0,B,0.19410,0.78666,0.12654,0.00627,frames/frame_003478.jpg
3479,57.983333,,0,P,0.19432,0.80670,0.13086,0.00873,frames/frame_003479.jpg
3480,58.000000,,0,B,0.19283,0.80814,0.12969,0.00538,frames/frame_003480.jpg
3481,58.016667,,0,B,0.19477,0.81997,0.13173,0.00933,frames/frame_003481.jpg
3482,58.033333,,0,B,0.19655,0.82292,0.13385,0.00498,frames/frame_003482.jpg
3483,58.050000,,0,P,0.19054,0.83778,0.13292,0.00692,frames/frame_003483.jpg
3484,58.066667,,0,B,0.18773,0.83603,0.12945,0.00777,frames/frame_003484.jpg
3485,58.083333,,0,B,0.18975,0.84213,0.13259,0.00761,frames/frame_003485.jpg
3486,58.100000,,0,B,0.18769,0.84031,0.13092,0.00452,frames/frame_003486.jpg
3487,58.116667,,0,P,0.18449,0.85477,0.13025,0.00616,frames/frame_003487.jpg
3488,58.133333,,0,B,0.18159,0.85284,0.12680,0.00776,frames/frame_003488.jpg
3489,58.150000,,0,P,0.18108,0.85886,0.12939,0.00608,frames/frame_003489.jpg
3490,58.166667,,0,B,0.18213,0.85745,0.13004,0.00381,frames/frame_003490.jpg
3491,58.183333,,0,P,0.17871,0.86401,0.12903,0.00583,frames/frame_003491.jpg
3492,58.200000,,0,B,0.17762,0.86174,0.12635,0.00685,frames/frame_003492.jpg
3493,58.216667,,0,B,0.18053,0.86320,0.12970,0.00648,frames/frame_003493.jpg
3494,58.233333,,0,B,0.17802,0.86341,0.12625,0.00762,frames/frame_003494.jpg
3495,58.250000,,0,P,0.17746,0.86789,0.12794,0.00536,frames/frame_003495.jpg
3496,58.266667,,0,B,0.17604,0.86713,0.12638,0.00732,frames/frame_003496.jpg
3497,58.283333,,0,B,0.17989,0.86946,0.12885,0.00615,frames/frame_003497.jpg
3498,58.300000,,0,B,0.17925,0.86943,0.12780,0.00256,frames/frame_003498.jpg
3499,58.316667,,0,P,0.17726,0.87245,0.12718,0.00434,frames/frame_003499.jpg
3500,58.333333,,0,B,0.17798,0.86969,0.12786,0.00339,frames/frame_003500.jpg
3501,58.350000,,0,B,0.17827,0.87116,0.12852,0.00339,frames/frame_003501.jpg
3502,58.366667,,0,B,0.17677,0.86993,0.12778,0.00354,frames/frame_003502.jpg
3503,58.383333,,0,P,0.17759,0.87541,0.13009,0.00925,frames/frame_003503.jpg
3504,58.400000,,0,B,0.18224,0.86987,0.13211,0.00839,frames/frame_003504.jpg
3505,58.416667,,0,B,0.18269,0.87261,0.13321,0.00495,frames/frame_003505.jpg
3506,58.433333,,0,B,0.17866,0.86912,0.13002,0.00589,frames/frame_003506.jpg
3507,58.450000,,0,P,0.18083,0.87521,0.13113,0.00727,frames/frame_003507.jpg
3508,58.466667,,0,B,0.17990,0.87123,0.13022,0.00438,frames/frame_003508.jpg
3509,58.483333,,0,B,0.17849,0.87284,0.12874,0.00499,frames/frame_003509.jpg
3510,58.500000,,0,B,0.17910,0.87124,0.13014,0.00566,frames/frame_003510.jpg
3511,58.516667,,0,P,0.17999,0.87652,0.13214,0.00689,frames/frame_003511.jpg
3512,58.533333,,0,B,0.18214,0.87524,0.13280,0.00462,frames/frame_003512.jpg
3513,58.550000,,0,P,0.17966,0.87630,0.13018,0.00547,frames/frame_003513.jpg
3514,58.566667,,0,B,0.18028,0.87366,0.13059,0.00391,frames/frame_003514.jpg
3515,58.583333,,0,B,0.17578,0.87628,0.12854,0.00592,frames/frame_003515.jpg
3516,58.600000,,0,B,0.17989,0.87515,0.12979,0.00598,frames/frame_003516.jpg
3517,58.616667,,0,P,0.17730,0.87736,0.12736,0.00473,frames/frame_003517.jpg
3518,58.633333,,0,B,0.17655,0.87574,0.12852,0.00736,frames/frame_003518.jpg
3519,58.650000,,0,B,0.17560,0.87680,0.12942,0.00394,frames/frame_003519.jpg
3520,58.666667,,0,B,0.17711,0.87576,0.12972,0.00456,frames/frame_003520.jpg
3521,58.683333,,0,P,0.17609,0.87861,0.12769,0.00608,frames/frame_003521.jpg
3522,58.700000,,0,B,0.17624,0.87649,0.12908,0.00457,frames/frame_003522.jpg
3523,58.716667,,0,P,0.17605,0.87854,0.12808,0.00523,frames/frame_003523.jpg
3524,58.733333,,0,B,0.17467,0.87726,0.12766,0.00406,frames/frame_003524.jpg
3525,58.750000,,0,B,0.17629,0.87879,0.12828,0.00444,frames/frame_003525.jpg
3526,58.766667,,0,B,0.17693,0.87740,0.12853,0.00564,frames/frame_003526.jpg
3527,58.783333,,0,P,0.17821,0.87945,0.12996,0.00425,frames/frame_003527.jpg
3528,58.800000,,0,B,0.17895,0.87604,0.12961,0.00569,frames/frame_003528.jpg
3529,58.816667,,0,B,0.17834,0.87805,0.13044,0.00440,frames/frame_003529.jpg
3530,58.833333,,0,B,0.18242,0.87619,0.13354,0.00957,frames/frame_003530.jpg
3531,58.850000,,0,P,0.18185,0.88078,0.13307,0.00581,frames/frame_003531.jpg
3532,58.866667,,0,B,0.18223,0.87482,0.13400,0.00570,frames/frame_003532.jpg
3533,58.883333,,0,B,0.17736,0.87672,0.12955,0.00810,frames/frame_003533.jpg
3534,58.900000,,0,B,0.17984,0.87467,0.13262,0.00655,frames/frame_003534.jpg
3535,58.916667,,0,P,0.18045,0.87914,0.13288,0.00589,frames/frame_003535.jpg
3536,58.933333,,0,B,0.17791,0.87798,0.13258,0.00497,frames/frame_003536.jpg
3537,58.950000,,0,P,0.17833,0.87928,0.13035,0.00476,frames/frame_003537.jpg
3538,58.966667,,0,B,0.17816,0.87598,0.13078,0.00463,frames/frame_003538.jpg
3539,58.983333,,0,B,0.17680,0.87723,0.13131,0.00389,frames/frame_003539.jpg
3540,59.000000,,0,B,0.17787,0.87625,0.13051,0.00496,frames/frame_003540.jpg
3541,59.016667,,0,P,0.17610,0.87844,0.12869,0.00669,frames/frame_003541.jpg
3542,59.033333,,0,B,0.17284,0.87519,0.12792,0.00530,frames/frame_003542.jpg
3543,59.050000,,0,B,0.17366,0.87588,0.12652,0.00448,frames/frame_003543.jpg
3544,59.066667,,0,B,0.17381,0.87552,0.12682,0.00403,frames/frame_003544.jpg
3545,59.083333,,0,P,0.17192,0.87897,0.12547,0.00547,frames/frame_003545.jpg
3546,59.100000,,0,B,0.17605,0.87739,0.13165,0.00603,frames/frame_003546.jpg
3547,59.116667,,0,B,0.17902,0.87734,0.13281,0.00490,frames/frame_003547.jpg
3548,59.133333,,0,B,0.17896,0.87708,0.13189,0.00308,frames/frame_003548.jpg
3549,59.150000,,0,P,0.17694,0.87813,0.12997,0.00458,frames/frame_003549.jpg
3550,59.166667,,0,B,0.17846,0.87655,0.13188,0.00504,frames/frame_003550.jpg
3551,59.183333,,0,B,0.17792,0.87670,0.13271,0.00382,frames/frame_003551.jpg
3552,59.200000,,0,B,0.17785,0.87578,0.13121,0.00637,frames/frame_003552.jpg
3553,59.216667,,0,P,0.17435,0.87756,0.12857,0.00443,frames/frame_003553.jpg
3554,59.233333,,0,B,0.17628,0.87502,0.12932,0.00530,frames/frame_003554.jpg
3555,59.250000,,0,B,0.17678,0.87551,0.12977,0.00347,frames/frame_003555.jpg
3556,59.266667,,0,B,0.17417,0.87489,0.12667,0.00431,frames/frame_003556.jpg
3557,59.283333,,0,P,0.18043,0.87886,0.13311,0.00879,frames/frame_003557.jpg
3558,59.300000,,0,B,0.17811,0.87170,0.13121,0.00519,frames/frame_003558.jpg
3559,59.316667,,0,B,0.17986,0.87226,0.13226,0.00524,frames/frame_003559.jpg
3560,59.333333,,0,B,0.17983,0.86994,0.13240,0.00378,frames/frame_003560.jpg
3561,59.350000,,0,P,0.17618,0.87406,0.12916,0.00525,frames/frame_003561.jpg
3562,59.366667,,0,B,0.17587,0.87597,0.12896,0.00820,frames/frame_003562.jpg
3563,59.383333,,0,B,0.17324,0.87214,0.12718,0.00507,frames/frame_003563.jpg
3564,59.400000,,0,P,0.17396,0.87529,0.12762,0.00578,frames/frame_003564.jpg
3565,59.416667,,0,B,0.17453,0.87407,0.12834,0.00364,frames/frame_003565.jpg
3566,59.433333,,0,B,0.17739,0.87406,0.13153,0.00617,frames/frame_003566.jpg
3567,59.450000,,0,B,0.17739,0.87349,0.13108,0.00339,frames/frame_003567.jpg
3568,59.466667,,0,P,0.17698,0.87561,0.13085,0.00347,frames/frame_003568.jpg
3569,59.483333,,0,B,0.17648,0.87472,0.12950,0.00318,frames/frame_003569.jpg
3570,59.500000,,0,B,0.17364,0.87573,0.12804,0.00436,frames/frame_003570.jpg
3571,59.516667,,0,B,0.17498,0.87529,0.12817,0.00819,frames/frame_003571.jpg
3572,59.533333,,0,P,0.17443,0.87676,0.12746,0.00317,frames/frame_003572.jpg
3573,59.550000,,0,B,0.17189,0.87588,0.12472,0.00464,frames/frame_003573.jpg
3574,59.566667,,0,B,0.17248,0.87736,0.12691,0.00491,frames/frame_003574.jpg
3575,59.583333,,0,B,0.17528,0.87657,0.13139,0.00498,frames/frame_003575.jpg
3576,59.600000,,0,P,0.17599,0.87814,0.13070,0.00602,frames/frame_003576.jpg
3577,59.616667,,0,B,0.17863,0.87601,0.13419,0.00663,frames/frame_003577.jpg
3578,59.633333,,0,B,0.17437,0.87717,0.13100,0.00506,frames/frame_003578.jpg
3579,59.650000,,0,B,0.17645,0.87703,0.13154,0.00581,frames/frame_003579.jpg
3580,59.666667,,0,P,0.17786,0.87799,0.13146,0.00517,frames/frame_003580.jpg
3581,59.683333,,0,B,0.17710,0.87513,0.13119,0.00486,frames/frame_003581.jpg
3582,59.700000,,0,B,0.17461,0.87716,0.12814,0.00438,frames/frame_003582.jpg
3583,59.716667,,0,B,0.17664,0.87468,0.12995,0.00735,frames/frame_003583.jpg
3584,59.733333,,0,P,0.17823,0.87683,0.13343,0.00722,frames/frame_003584.jpg
3585,59.750000,,0,B,0.17762,0.87336,0.13064,0.00511,frames/frame_003585.jpg
3586,59.766667,,0,B,0.17758,0.87421,0.13321,0.00507,frames/frame_003586.jpg
3587,59.783333,,0,B,0.18049,0.87388,0.13394,0.00676,frames/frame_003587.jpg
3588,59.800000,,0,P,0.17742,0.87624,0.13318,0.00527,frames/frame_003588.jpg
3589,59.816667,,0,B,0.17861,0.87284,0.13123,0.00521,frames/frame_003589.jpg
3590,59.833333,,0,B,0.17845,0.87485,0.13330,0.00586,frames/frame_003590.jpg
3591,59.850000,,0,B,0.18003,0.87362,0.13303,0.00587,frames/frame_003591.jpg
3592,59.866667,,0,P,0.17612,0.87664,0.13170,0.00583,frames/frame_003592.jpg
3593,59.883333,,0,B,0.17733,0.87443,0.13267,0.00366,frames/frame_003593.jpg
3594,59.900000,,0,B,0.17803,0.87575,0.13406,0.00414,frames/frame_003594.jpg
3595,59.916667,,0,B,0.18057,0.87380,0.13398,0.00523,frames/frame_003595.jpg
3596,59.933333,,0,P,0.17915,0.87609,0.13314,0.00363,frames/frame_003596.jpg
3597,59.950000,,0,B,0.17564,0.87664,0.13000,0.00654,frames/frame_003597.jpg
3598,59.966667,,0,B,0.17660,0.87610,0.13042,0.00355,frames/frame_003598.jpg
3599,59.983333,,0,P,0.17480,0.87703,0.12960,0.00452,frames/frame_003599.jpg
3600,60.000000,,1,I,0.17163,0.87811,0.12659,0.00591,frames/frame_003600.jpg
3601,60.016667,,0,B,0.17959,0.87711,0.13310,0.00877,frames/frame_003601.jpg
3602,60.033333,,0,B,0.17851,0.87697,0.13243,0.00249,frames/frame_003602.jpg
3603,60.050000,,0,B,0.17726,0.87668,0.13119,0.00336,frames/frame_003603.jpg
3604,60.066667,,0,P,0.17848,0.87819,0.13228,0.00346,frames/frame_003604.jpg
3605,60.083333,,0,B,0.17627,0.87737,0.13197,0.00394,frames/frame_003605.jpg
3606,60.100000,,0,B,0.17655,0.87782,0.13111,0.00341,frames/frame_003606.jpg
3607,60.116667,,0,B,0.17652,0.87772,0.13087,0.00385,frames/frame_003607.jpg
3608,60.133333,,0,P,0.17666,0.87877,0.13011,0.00564,frames/frame_003608.jpg
3609,60.150000,,0,B,0.17703,0.87558,0.13093,0.00382,frames/frame_003609.jpg
3610,60.166667,,0,B,0.17557,0.87606,0.13001,0.00384,frames/frame_003610.jpg
3611,60.183333,,0,B,0.17920,0.87428,0.13525,0.00844,frames/frame_003611.jpg
3612,60.200000,,0,P,0.17842,0.87652,0.13526,0.00492,frames/frame_003612.jpg
3613,60.216667,,0,B,0.17749,0.87200,0.13232,0.00858,frames/frame_003613.jpg
3614,60.233333,,0,B,0.17584,0.87358,0.13077,0.00380,frames/frame_003614.jpg
3615,60.250000,,0,B,0.17655,0.87204,0.13166,0.00423,frames/frame_003615.jpg
3616,60.266667,,0,P,0.17570,0.87555,0.13161,0.00518,frames/frame_003616.jpg
3617,60.283333,,0,B,0.17585,0.87298,0.13068,0.00425,frames/frame_003617.jpg
3618,60.300000,,0,B,0.17487,0.87376,0.13031,0.00422,frames/frame_003618.jpg
3619,60.316667,,0,B,0.17375,0.87312,0.12771,0.00682,frames/frame_003619.jpg
3620,60.333333,,0,P,0.17244,0.87657,0.12706,0.00351,frames/frame_003620.jpg
3621,60.350000,,0,B,0.17205,0.87491,0.12726,0.00359,frames/frame_003621.jpg
3622,60.366667,,0,B,0.17352,0.87589,0.13030,0.00398,frames/frame_003622.jpg
3623,60.383333,,0,B,0.17383,0.87579,0.12992,0.00519,frames/frame_003623.jpg
3624,60.400000,,0,P,0.17405,0.87725,0.12875,0.00314,frames/frame_003624.jpg
3625,60.416667,,0,B,0.17347,0.87607,0.12933,0.00297,frames/frame_003625.jpg
3626,60.433333,,0,B,0.17329,0.87724,0.12968,0.00305,frames/frame_003626.jpg
3627,60.450000,,0,B,0.17318,0.87698,0.12813,0.00303,frames/frame_003627.jpg
3628,60.466667,,0,P,0.17162,0.87787,0.12728,0.00388,frames/frame_003628.jpg
3629,60.483333,,0,B,0.17441,0.87728,0.12809,0.00694,frames/frame_003629.jpg
3630,60.500000,,0,B,0.17253,0.87762,0.12648,0.00322,frames/frame_003630.jpg
3631,60.516667,,0,B,0.17223,0.87719,0.12701,0.00379,frames/frame_003631.jpg
3632,60.533333,,0,P,0.17425,0.87865,0.12878,0.00528,frames/frame_003632.jpg
3633,60.550000,,0,B,0.17410,0.87758,0.12877,0.00271,frames/frame_003633.jpg
3634,60.566667,,0,B,0.17359,0.87826,0.12920,0.00342,frames/frame_003634.jpg
3635,60.583333,,0,B,0.17457,0.87817,0.12907,0.00406,frames/frame_003635.jpg
3636,60.600000,,0,P,0.17379,0.87907,0.12908,0.00330,frames/frame_003636.jpg
3637,60.616667,,0,B,0.17373,0.87642,0.12897,0.00424,frames/frame_003637.jpg
3638,60.633333,,0,B,0.17933,0.87795,0.13646,0.01569,frames/frame_003638.jpg
3639,60.650000,,0,B,0.18505,0.87492,0.14112,0.00740,frames/frame_003639.jpg
3640,60.666667,,0,P,0.18050,0.87779,0.13686,0.00634,frames/frame_003640.jpg
3641,60.683333,,0,B,0.17934,0.87400,0.13536,0.00510,frames/frame_003641.jpg
3642,60.700000,,0,B,0.18230,0.87576,0.13725,0.00706,frames/frame_003642.jpg
3643,60.716667,,0,B,0.18209,0.87381,0.13567,0.00464,frames/frame_003643.jpg
3644,60.733333,,0,P,0.18146,0.87790,0.13738,0.00515,frames/frame_003644.jpg
3645,60.750000,,0,B,0.18057,0.87493,0.13540,0.00466,frames/frame_003645.jpg
3646,60.766667,,0,B,0.18105,0.86837,0.13605,0.01242,frames/frame_003646.jpg
3647,60.783333,,0,B,0.17949,0.86155,0.13704,0.01811,frames/frame_003647.jpg
3648,60.800000,,0,P,0.17816,0.86348,0.13601,0.02045,frames/frame_003648.jpg
3649,60.816667,,0,B,0.18295,0.85829,0.13649,0.02044,frames/frame_003649.jpg
3650,60.833333,,0,B,0.18197,0.86124,0.13767,0.01488,frames/frame_003650.jpg
3651,60.850000,,0,B,0.18308,0.85886,0.13617,0.01690,frames/frame_003651.jpg
3652,60.866667,,0,P,0.18122,0.86441,0.13605,0.01121,frames/frame_003652.jpg
3653,60.883333,,0,B,0.17993,0.86215,0.13804,0.00904,frames/frame_003653.jpg
3654,60.900000,,0,B,0.18614,0.86740,0.13998,0.01145,frames/frame_003654.jpg
3655,60.916667,,0,B,0.18380,0.86607,0.13906,0.00840,frames/frame_003655.jpg
3656,60.933333,,0,P,0.18001,0.86887,0.13735,0.01043,frames/frame_003656.jpg
3657,60.950000,,0,B,0.17960,0.86846,0.13688,0.01211,frames/frame_003657.jpg
3658,60.966667,,0,B,0.17917,0.87051,0.13453,0.00644,frames/frame_003658.jpg
3659,60.983333,,0,B,0.18100,0.86890,0.13732,0.00592,frames/frame_003659.jpg
3660,61.000000,,0,P,0.18214,0.87197,0.13948,0.00861,frames/frame_003660.jpg
3661,61.016667,,0,B,0.18351,0.86807,0.13854,0.00505,frames/frame_003661.jpg
3662,61.033333,,0,B,0.18399,0.86921,0.13976,0.00445,frames/frame_003662.jpg
3663,61.050000,,0,B,0.18349,0.86721,0.13819,0.00392,frames/frame_003663.jpg
3664,61.066667,,0,P,0.18256,0.87143,0.13743,0.00479,frames/frame_003664.jpg
3665,61.083333,,0,B,0.18284,0.86785,0.14057,0.00823,frames/frame_003665.jpg
3666,61.100000,,0,B,0.17949,0.86361,0.13896,0.02109,frames/frame_003666.jpg
3667,61.116667,,0,B,0.18052,0.86162,0.13979,0.02413,frames/frame_003667.jpg
3668,61.133333,,0,P,0.17786,0.86505,0.13333,0.02110,frames/frame_003668.jpg
3669,61.150000,,0,B,0.17803,0.86239,0.13383,0.01304,frames/frame_003669.jpg
3670,61.166667,,0,B,0.17991,0.86526,0.13480,0.01014,frames/frame_003670.jpg
3671,61.183333,,0,B,0.18092,0.86429,0.13669,0.01104,frames/frame_003671.jpg
3672,61.200000,,0,P,0.18045,0.86931,0.13660,0.01286,frames/frame_003672.jpg
3673,61.216667,,0,B,0.18088,0.86647,0.13646,0.01151,frames/frame_003673.jpg
3674,61.233333,,0,B,0.17926,0.86903,0.13655,0.01207,frames/frame_003674.jpg
3675,61.250000,,0,B,0.18091,0.86557,0.13825,0.00772,frames/frame_003675.jpg
3676,61.266667,,0,P,0.18123,0.87213,0.13715,0.00726,frames/frame_003676.jpg
3677,61.283333,,0,B,0.18047,0.86954,0.13717,0.00779,frames/frame_003677.jpg
3678,61.300000,,0,P,0.18056,0.87292,0.13608,0.00534,frames/frame_003678.jpg
3679,61.316667,,0,B,0.17853,0.87033,0.13383,0.00798,frames/frame_003679.jpg
3680,61.333333,,0,B,0.17770,0.87077,0.13263,0.00391,frames/frame_003680.jpg
3681,61.350000,,0,B,0.17479,0.87019,0.13022,0.00656,frames/frame_003681.jpg
3682,61.366667,,0,P,0.17983,0.87428,0.13651,0.00805,frames/frame_003682.jpg
3683,61.383333,,0,B,0.18221,0.87107,0.13948,0.00793,frames/frame_003683.jpg
3684,61.400000,,0,B,0.17925,0.87272,0.13616,0.00562,frames/frame_003684.jpg
3685,61.416667,,0,B,0.18057,0.87237,0.13834,0.00743,frames/frame_003685.jpg
3686,61.433333,,0,P,0.18068,0.87566,0.13709,0.00570,frames/frame_003686.jpg
3687,61.450000,,0,B,0.18047,0.87330,0.13778,0.00411,frames/frame_003687.jpg
3688,61.466667,,0,B,0.17995,0.87410,0.13648,0.00504,frames/frame_003688.jpg
3689,61.483333,,0,B,0.18026,0.87344,0.13606,0.00335,frames/frame_003689.jpg
3690,61.500000,,0,P,0.18245,0.87707,0.13776,0.00562,frames/frame_003690.jpg
3691,61.516667,,0,B,0.18085,0.87289,0.13564,0.00434,frames/frame_003691.jpg
3692,61.533333,,0,B,0.18297,0.87304,0.13850,0.00730,frames/frame_003692.jpg
3693,61.550000,,0,B,0.18316,0.87116,0.13833,0.00586,frames/frame_003693.jpg
3694,61.566667,,0,P,0.18158,0.87509,0.13780,0.00486,frames/frame_003694.jpg
3695,61.583333,,0,B,0.18048,0.86949,0.13621,0.00771,frames/frame_003695.jpg
3696,61.600000,,0,B,0.17826,0.87164,0.13393,0.00430,frames/frame_003696.jpg
3697,61.616667,,0,B,0.18175,0.87046,0.13926,0.00578,frames/frame_003697.jpg
3698,61.633333,,0,P,0.18215,0.87544,0.13816,0.00548,frames/frame_003698.jpg
3699,61.650000,,0,B,0.17965,0.87277,0.13540,0.00578,frames/frame_003699.jpg
3700,61.666667,,0,B,0.17984,0.87381,0.13599,0.00549,frames/frame_003700.jpg
3701,61.683333,,0,B,0.18248,0.87271,0.13879,0.00456,frames/frame_003701.jpg
3702,61.700000,,0,P,0.18070,0.87461,0.13737,0.00359,frames/frame_003702.jpg
3703,61.716667,,0,B,0.18102,0.87247,0.13747,0.00553,frames/frame_003703.jpg
3704,61.733333,,0,B,0.17684,0.85418,0.13528,0.02637,frames/frame_003704.jpg
3705,61.750000,,0,B,0.17862,0.85680,0.13660,0.02429,frames/frame_003705.jpg
3706,61.766667,,0,P,0.17961,0.86127,0.13452,0.01582,frames/frame_003706.jpg
3707,61.783333,,0,B,0.18111,0.85880,0.13813,0.01319,frames/frame_003707.jpg
3708,61.800000,,0,B,0.17895,0.85823,0.13517,0.01252,frames/frame_003708.jpg
3709,61.816667,,0,B,0.18020,0.85722,0.13680,0.01284,frames/frame_003709.jpg
3710,61.833333,,0,P,0.17696,0.86056,0.13407,0.01172,frames/frame_003710.jpg
3711,61.850000,,0,B,0.17697,0.85896,0.13313,0.01081,frames/frame_003711.jpg
3712,61.866667,,0,B,0.18149,0.86254,0.13884,0.01022,frames/frame_003712.jpg
3713,61.883333,,0,B,0.18298,0.86196,0.14037,0.00690,frames/frame_003713.jpg
3714,61.900000,,0,P,0.18041,0.86685,0.13707,0.01016,frames/frame_003714.jpg
3715,61.916667,,0,B,0.17905,0.86427,0.13602,0.00600,frames/frame_003715.jpg
3716,61.933333,,0,B,0.18063,0.86518,0.13595,0.00575,frames/frame_003716.jpg
3717,61.950000,,0,B,0.17896,0.86477,0.13490,0.00538,frames/frame_003717.jpg
3718,61.966667,,0,P,0.17968,0.86891,0.13628,0.00596,frames/frame_003718.jpg
3719,61.983333,,0,B,0.17971,0.86479,0.13649,0.00756,frames/frame_003719.jpg
3720,62.000000,,0,B,0.17724,0.86437,0.13450,0.00665,frames/frame_003720.jpg
3721,62.016667,,0,B,0.17692,0.86317,0.13581,0.00634,frames/frame_003721.jpg
3722,62.033333,,0,P,0.17731,0.86668,0.13469,0.00636,frames/frame_003722.jpg
3723,62.050000,,0,B,0.17832,0.86416,0.13633,0.00528,frames/frame_003723.jpg
3724,62.066667,,0,B,0.17479,0.86572,0.13126,0.00666,frames/frame_003724.jpg
3725,62.083333,,0,B,0.17258,0.86583,0.13104,0.00563,frames/frame_003725.jpg
3726,62.100000,,0,P,0.17885,0.86904,0.13524,0.00959,frames/frame_003726.jpg
3727,62.116667,,0,B,0.17659,0.86615,0.13467,0.00559,frames/frame_003727.jpg
3728,62.133333,,0,B,0.18283,0.86717,0.13939,0.00771,frames/frame_003728.jpg
3729,62.150000,,0,B,0.18197,0.86691,0.13801,0.00367,frames/frame_003729.jpg
3730,62.166667,,0,P,0.18031,0.87026,0.13654,0.00486,frames/frame_003730.jpg
3731,62.183333,,0,B,0.17974,0.86780,0.13667,0.00537,frames/frame_003731.jpg
3732,62.200000,,0,B,0.18005,0.86852,0.13588,0.00308,frames/frame_003732.jpg
3733,62.216667,,0,B,0.18220,0.86829,0.13836,0.00465,frames/frame_003733.jpg
3734,62.233333,,0,P,0.18084,0.87036,0.13693,0.00324,frames/frame_003734.jpg
3735,62.250000,,0,B,0.18221,0.86781,0.13785,0.00436,frames/frame_003735.jpg
3736,62.266667,,0,B,0.18017,0.86884,0.13627,0.00334,frames/frame_003736.jpg
3737,62.283333,,0,B,0.17841,0.86814,0.13437,0.00618,frames/frame_003737.jpg
3738,62.300000,,0,P,0.18027,0.87204,0.13681,0.00873,frames/frame_003738.jpg
3739,62.316667,,0,B,0.17771,0.86897,0.13442,0.00478,frames/frame_003739.jpg
3740,62.333333,,0,B,0.18072,0.86987,0.13672,0.00511,frames/frame_003740.jpg
3741,62.350000,,0,B,0.18036,0.86985,0.13620,0.00316,frames/frame_003741.jpg
3742,62.366667,,0,P,0.17543,0.86868,0.13441,0.02160,frames/frame_003742.jpg
3743,62.383333,,0,B,0.17764,0.86407,0.13312,0.01841,frames/frame_003743.jpg
3744,62.400000,,0,B,0.17542,0.86593,0.13038,0.02003,frames/frame_003744.jpg
3745,62.416667,,0,B,0.17652,0.86406,0.13179,0.01421,frames/frame_003745.jpg
3746,62.433333,,0,P,0.17895,0.86921,0.13574,0.01415,frames/frame_003746.jpg
3747,62.450000,,0,B,0.17864,0.86401,0.13659,0.01166,frames/frame_003747.jpg
3748,62.466667,,0,B,0.17944,0.86759,0.13653,0.01105,frames/frame_003748.jpg
3749,62.483333,,0,B,0.18139,0.86695,0.13736,0.00889,frames/frame_003749.jpg
3750,62.500000,,0,P,0.18234,0.87225,0.13635,0.00912,frames/frame_003750.jpg
3751,62.516667,,0,B,0.18158,0.86802,0.13544,0.00870,frames/frame_003751.jpg
3752,62.533333,,0,B,0.17891,0.86934,0.13325,0.01000,frames/frame_003752.jpg
3753,62.550000,,0,B,0.17808,0.86810,0.13355,0.00477,frames/frame_003753.jpg
3754,62.566667,,0,P,0.18127,0.87377,0.13547,0.00895,frames/frame_003754.jpg
3755,62.583333,,0,B,0.17938,0.85452,0.13652,0.02703,frames/frame_003755.jpg
3756,62.600000,,0,B,0.17919,0.85510,0.13615,0.02294,frames/frame_003756.jpg
3757,62.616667,,0,B,0.17898,0.85286,0.13312,0.02234,frames/frame_003757.jpg
3758,62.633333,,0,P,0.17759,0.85614,0.13202,0.01821,frames/frame_003758.jpg
3759,62.650000,,0,B,0.17884,0.85429,0.13257,0.01285,frames/frame_003759.jpg
3760,62.666667,,0,B,0.17868,0.85664,0.13293,0.01152,frames/frame_003760.jpg
3761,62.683333,,0,B,0.17951,0.85651,0.13506,0.01030,frames/frame_003761.jpg
3762,62.700000,,0,P,0.17961,0.86042,0.13458,0.01185,frames/frame_003762.jpg
3763,62.716667,,0,B,0.18104,0.85874,0.13533,0.01093,frames/frame_003763.jpg
3764,62.733333,,0,B,0.17718,0.86252,0.13087,0.01004,frames/frame_003764.jpg
3765,62.750000,,0,B,0.18211,0.86196,0.13631,0.00861,frames/frame_003765.jpg
3766,62.766667,,0,P,0.18068,0.86696,0.13464,0.00635,frames/frame_003766.jpg
3767,62.783333,,0,B,0.18438,0.86608,0.13836,0.00891,frames/frame_003767.jpg
3768,62.800000,,0,B,0.18276,0.86608,0.13753,0.00503,frames/frame_003768.jpg
3769,62.816667,,0,B,0.18533,0.86565,0.13933,0.00566,frames/frame_003769.jpg
3770,62.833333,,0,P,0.18077,0.86586,0.13884,0.02245,frames/frame_003770.jpg
3771,62.850000,,0,B,0.17831,0.86174,0.13276,0.02079,frames/frame_003771.jpg
3772,62.866667,,0,B,0.17748,0.86327,0.13381,0.01636,frames/frame_003772.jpg
3773,62.883333,,0,B,0.17957,0.86590,0.13495,0.01948,frames/frame_003773.jpg
3774,62.900000,,0,P,0.17990,0.87003,0.13493,0.01535,frames/frame_003774.jpg
3775,62.916667,,0,B,0.17987,0.86663,0.13537,0.01378,frames/frame_003775.jpg
3776,62.933333,,0,B,0.17812,0.86781,0.13243,0.00856,frames/frame_003776.jpg
3777,62.950000,,0,B,0.18345,0.87008,0.13535,0.01484,frames/frame_003777.jpg
3778,62.966667,,0,P,0.18287,0.87787,0.13605,0.01291,frames/frame_003778.jpg
3779,62.983333,,0,P,0.18473,0.87908,0.13747,0.00832,frames/frame_003779.jpg
3780,63.000000,,1,I,0.18459,0.87849,0.13701,0.00899,frames/frame_003780.jpg
3781,63.016667,,0,B,0.18368,0.87529,0.13467,0.00602,frames/frame_003781.jpg
3782,63.033333,,0,B,0.18628,0.87715,0.13658,0.00735,frames/frame_003782.jpg
3783,63.050000,,0,B,0.18669,0.87625,0.13760,0.00453,frames/frame_003783.jpg
3784,63.066667,,0,P,0.18139,0.87795,0.13292,0.00867,frames/frame_003784.jpg
3785,63.083333,,0,B,0.18603,0.87691,0.13578,0.00808,frames/frame_003785.jpg
3786,63.100000,,0,B,0.18445,0.87847,0.13516,0.00402,frames/frame_003786.jpg
3787,63.116667,,0,B,0.18562,0.87713,0.13587,0.00452,frames/frame_003787.jpg
3788,63.133333,,0,P,0.18374,0.88010,0.13473,0.00386,frames/frame_003788.jpg
3789,63.150000,,0,B,0.18145,0.87818,0.13215,0.00650,frames/frame_003789.jpg
3790,63.166667,,0,B,0.18115,0.88028,0.13308,0.00350,frames/frame_003790.jpg
3791,63.183333,,0,B,0.18477,0.88360,0.13502,0.00783,frames/frame_003791.jpg
3792,63.200000,,0,P,0.18396,0.88621,0.13525,0.00531,frames/frame_003792.jpg
3793,63.216667,,0,B,0.18278,0.88459,0.13201,0.00873,frames/frame_003793.jpg
3794,63.233333,,0,B,0.18236,0.88414,0.13286,0.00427,frames/frame_003794.jpg
3795,63.250000,,0,B,0.18129,0.88357,0.13177,0.00302,frames/frame_003795.jpg
3796,63.266667,,0,P,0.17889,0.88573,0.12904,0.00805,frames/frame_003796.jpg
3797,63.283333,,0,B,0.18157,0.88234,0.13324,0.00537,frames/frame_003797.jpg
3798,63.300000,,0,B,0.18163,0.88257,0.13053,0.00569,frames/frame_003798.jpg
3799,63.316667,,0,B,0.18285,0.88214,0.13217,0.00483,frames/frame_003799.jpg
3800,63.333333,,0,P,0.18179,0.88446,0.13210,0.00531,frames/frame_003800.jpg
3801,63.350000,,0,B,0.18008,0.88155,0.13087,0.00667,frames/frame_003801.jpg
3802,63.366667,,0,B,0.17869,0.88212,0.12816,0.00366,frames/frame_003802.jpg
3803,63.383333,,0,B,0.18288,0.88215,0.13178,0.00777,frames/frame_003803.jpg
3804,63.400000,,0,P,0.18434,0.88711,0.13318,0.00588,frames/frame_003804.jpg
3805,63.416667,,0,B,0.18360,0.88786,0.13042,0.00661,frames/frame_003805.jpg
3806,63.433333,,0,B,0.18253,0.88759,0.12933,0.00781,frames/frame_003806.jpg
3807,63.450000,,0,B,0.18098,0.88608,0.12869,0.00376,frames/frame_003807.jpg
3808,63.466667,,0,P,0.18427,0.88916,0.13273,0.00752,frames/frame_003808.jpg
3809,63.483333,,0,B,0.18886,0.88273,0.14014,0.02777,frames/frame_003809.jpg
3810,63.500000,,0,B,0.18815,0.88199,0.13767,0.02293,frames/frame_003810.jpg
3811,63.516667,,0,B,0.18630,0.88338,0.13359,0.02103,frames/frame_003811.jpg
3812,63.533333,,0,P,0.18672,0.88635,0.13394,0.01764,frames/frame_003812.jpg
3813,63.550000,,0,B,0.18610,0.88533,0.13272,0.00851,frames/frame_003813.jpg
3814,63.566667,,0,B,0.18682,0.89144,0.13247,0.01252,frames/frame_003814.jpg
3815,63.583333,,0,B,0.18603,0.88954,0.13253,0.00968,frames/frame_003815.jpg
3816,63.600000,,0,P,0.18799,0.89260,0.13240,0.01237,frames/frame_003816.jpg
3817,63.616667,,0,B,0.18950,0.88735,0.13436,0.01275,frames/frame_003817.jpg
3818,63.633333,,0,B,0.18672,0.88918,0.13268,0.00778,frames/frame_003818.jpg
3819,63.650000,,0,B,0.18973,0.88762,0.13661,0.00743,frames/frame_003819.jpg
3820,63.666667,,0,P,0.18808,0.89092,0.13568,0.00514,frames/frame_003820.jpg
3821,63.683333,,0,B,0.18669,0.89065,0.13274,0.01350,frames/frame_003821.jpg
3822,63.700000,,0,B,0.18799,0.88831,0.13321,0.02723,frames/frame_003822.jpg
3823,63.716667,,0,B,0.18475,0.88745,0.13118,0.02311,frames/frame_003823.jpg
3824,63.733333,,0,P,0.18502,0.88855,0.12957,0.01492,frames/frame_003824.jpg
3825,63.750000,,0,B,0.18351,0.88673,0.12689,0.01395,frames/frame_003825.jpg
3826,63.766667,,0,B,0.18440,0.88744,0.12882,0.01400,frames/frame_003826.jpg
3827,63.783333,,0,B,0.18336,0.88641,0.12923,0.01111,frames/frame_003827.jpg
3828,63.800000,,0,P,0.18469,0.88983,0.12941,0.01131,frames/frame_003828.jpg
3829,63.816667,,0,B,0.18562,0.88600,0.13106,0.01147,frames/frame_003829.jpg
3830,63.833333,,0,B,0.18366,0.88708,0.12771,0.00781,frames/frame_003830.jpg
3831,63.850000,,0,B,0.18665,0.88607,0.13223,0.00873,frames/frame_003831.jpg
3832,63.866667,,0,P,0.18547,0.89054,0.13176,0.00531,frames/frame_003832.jpg
3833,63.883333,,0,B,0.18630,0.88945,0.13059,0.00918,frames/frame_003833.jpg
3834,63.900000,,0,B,0.18878,0.89092,0.13225,0.00617,frames/frame_003834.jpg
3835,63.916667,,0,B,0.18742,0.89103,0.13150,0.00532,frames/frame_003835.jpg
3836,63.933333,,0,P,0.18928,0.90455,0.12619,0.01476,frames/frame_003836.jpg
3837,63.950000,,0,B,0.19043,0.89746,0.12960,0.00586,frames/frame_003837.jpg
3838,63.966667,,0,B,0.19017,0.89797,0.12806,0.00691,frames/frame_003838.jpg
3839,63.983333,,0,B,0.18848,0.89680,0.12788,0.00508,frames/frame_003839.jpg
3840,64.000000,,0,P,0.18549,0.90155,0.12689,0.00520,frames/frame_003840.jpg
3841,64.016667,,0,B,0.18618,0.89839,0.12660,0.00692,frames/frame_003841.jpg
3842,64.033333,,0,B,0.18850,0.89825,0.12915,0.00603,frames/frame_003842.jpg
3843,64.050000,,0,B,0.18699,0.89749,0.12836,0.00418,frames/frame_003843.jpg
3844,64.066667,,0,P,0.18668,0.89986,0.12820,0.00617,frames/frame_003844.jpg
3845,64.083333,,0,B,0.18483,0.89696,0.12871,0.00625,frames/frame_003845.jpg
3846,64.100000,,0,B,0.18322,0.89823,0.12547,0.00459,frames/frame_003846.jpg
3847,64.116667,,0,B,0.18665,0.89776,0.13052,0.00635,frames/frame_003847.jpg
3848,64.133333,,0,P,0.18712,0.89963,0.13018,0.00371,frames/frame_003848.jpg
3849,64.150000,,0,B,0.19062,0.89958,0.12946,0.01112,frames/frame_003849.jpg
3850,64.166667,,0,B,0.19274,0.90528,0.12969,0.00711,frames/frame_003850.jpg
3851,64.183333,,0,B,0.19188,0.90330,0.12883,0.00331,frames/frame_003851.jpg
3852,64.200000,,0,P,0.18782,0.88926,0.12619,0.02497,frames/frame_003852.jpg
3853,64.216667,,0,B,0.19224,0.88487,0.13076,0.02288,frames/frame_003853.jpg
3854,64.233333,,0,B,0.18905,0.88645,0.12923,0.01851,frames/frame_003854.jpg
3855,64.250000,,0,B,0.18994,0.88494,0.12955,0.01505,frames/frame_003855.jpg
3856,64.266667,,0,P,0.18885,0.88842,0.13020,0.01514,frames/frame_003856.jpg
3857,64.283333,,0,B,0.18745,0.88566,0.12776,0.01189,frames/frame_003857.jpg
3858,64.300000,,0,B,0.19225,0.89218,0.12916,0.01470,frames/frame_003858.jpg
3859,64.316667,,0,B,0.19745,0.89498,0.13053,0.01202,frames/frame_003859.jpg
3860,64.333333,,0,P,0.19440,0.90234,0.12952,0.00825,frames/frame_003860.jpg
3861,64.350000,,0,B,0.19145,0.89461,0.12616,0.00955,frames/frame_003861.jpg
3862,64.366667,,0,B,0.19305,0.89640,0.13165,0.00925,frames/frame_003862.jpg
3863,64.383333,,0,B,0.19316,0.89434,0.13149,0.00734,frames/frame_003863.jpg
3864,64.400000,,0,P,0.18614,0.89970,0.12649,0.00943,frames/frame_003864.jpg
3865,64.416667,,0,B,0.18835,0.89427,0.12750,0.00912,frames/frame_003865.jpg
3866,64.433333,,0,B,0.18739,0.89480,0.12809,0.00583,frames/frame_003866.jpg
3867,64.450000,,0,B,0.18437,0.89416,0.12691,0.00519,frames/frame_003867.jpg
3868,64.466667,,0,P,0.18164,0.90109,0.12564,0.00853,frames/frame_003868.jpg
3869,64.483333,,0,B,0.18433,0.89758,0.12810,0.00677,frames/frame_003869.jpg
3870,64.500000,,0,B,0.18096,0.89877,0.12650,0.00522,frames/frame_003870.jpg
3871,64.516667,,0,B,0.18173,0.89851,0.12662,0.00535,frames/frame_003871.jpg
3872,64.533333,,0,P,0.18661,0.90023,0.12048,0.02658,frames/frame_003872.jpg
3873,64.550000,,0,B,0.18217,0.89276,0.12018,0.01465,frames/frame_003873.jpg
3874,64.566667,,0,B,0.18474,0.89422,0.12291,0.01783,frames/frame_003874.jpg
3875,64.583333,,0,B,0.18032,0.89034,0.11915,0.02017,frames/frame_003875.jpg
3876,64.600000,,0,P,0.17702,0.89478,0.11954,0.01402,frames/frame_003876.jpg
3877,64.616667,,0,B,0.17461,0.89003,0.11903,0.01139,frames/frame_003877.jpg
3878,64.633333,,0,B,0.17448,0.89175,0.11782,0.01136,frames/frame_003878.jpg
3879,64.650000,,0,B,0.17506,0.89186,0.11902,0.01263,frames/frame_003879.jpg
3880,64.666667,,0,P,0.17454,0.89622,0.12071,0.00984,frames/frame_003880.jpg
3881,64.683333,,0,B,0.17543,0.89204,0.12262,0.00811,frames/frame_003881.jpg
3882,64.700000,,0,B,0.17345,0.89314,0.12164,0.00569,frames/frame_003882.jpg
3883,64.716667,,0,B,0.17108,0.89234,0.11759,0.00844,frames/frame_003883.jpg
3884,64.733333,,0,P,0.17325,0.89671,0.12165,0.00800,frames/frame_003884.jpg
3885,64.750000,,0,B,0.17993,0.90248,0.11802,0.01487,frames/frame_003885.jpg
3886,64.766667,,0,B,0.18305,0.90434,0.12009,0.00845,frames/frame_003886.jpg
3887,64.783333,,0,B,0.18288,0.89982,0.12166,0.00519,frames/frame_003887.jpg
3888,64.800000,,0,P,0.18152,0.90271,0.12203,0.00515,frames/frame_003888.jpg
3889,64.816667,,0,B,0.17446,0.88545,0.11645,0.02397,frames/frame_003889.jpg
3890,64.833333,,0,B,0.17477,0.88702,0.11627,0.02082,frames/frame_003890.jpg
3891,64.850000,,0,B,0.17361,0.88647,0.11692,0.01540,frames/frame_003891.jpg
3892,64.866667,,0,P,0.17008,0.89168,0.11624,0.01430,frames/frame_003892.jpg
3893,64.883333,,0,B,0.16878,0.88829,0.11679,0.01309,frames/frame_003893.jpg
3894,64.900000,,0,B,0.16834,0.88906,0.11640,0.01174,frames/frame_003894.jpg
3895,64.916667,,0,B,0.16590,0.88748,0.11467,0.01034,frames/frame_003895.jpg
3896,64.933333,,0,P,0.16786,0.89098,0.11809,0.00958,frames/frame_003896.jpg
3897,64.950000,,0,B,0.17093,0.89133,0.11975,0.01382,frames/frame_003897.jpg
3898,64.966667,,0,B,0.17033,0.89505,0.11950,0.00717,frames/frame_003898.jpg
3899,64.983333,,0,B,0.17899,0.90338,0.11572,0.01882,frames/frame_003899.jpg
3900,65.000000,,0,P,0.17634,0.90345,0.11319,0.00709,frames/frame_003900.jpg
3901,65.016667,,0,B,0.17680,0.89592,0.11471,0.00887,frames/frame_003901.jpg
3902,65.033333,,0,B,0.17462,0.89645,0.11460,0.00681,frames/frame_003902.jpg
3903,65.050000,,0,B,0.17361,0.89287,0.11468,0.00603,frames/frame_003903.jpg
3904,65.066667,,0,P,0.17041,0.89887,0.11439,0.00660,frames/frame_003904.jpg
3905,65.083333,,0,B,0.16832,0.89556,0.11206,0.00613,frames/frame_003905.jpg
3906,65.100000,,0,B,0.16805,0.89802,0.11361,0.00737,frames/frame_003906.jpg
3907,65.116667,,0,B,0.16806,0.89696,0.11309,0.00659,frames/frame_003907.jpg
3908,65.133333,,0,P,0.17774,0.90511,0.11256,0.01501,frames/frame_003908.jpg
3909,65.150000,,0,B,0.17516,0.89876,0.11059,0.00675,frames/frame_003909.jpg
3910,65.166667,,0,B,0.17189,0.90057,0.10950,0.00598,frames/frame_003910.jpg
3911,65.183333,,0,B,0.16836,0.89126,0.10677,0.02334,frames/frame_003911.jpg
3912,65.200000,,0,P,0.16624,0.89502,0.10753,0.02015,frames/frame_003912.jpg
3913,65.216667,,0,B,0.16526,0.88927,0.10758,0.01535,frames/frame_003913.jpg
3914,65.233333,,0,B,0.16243,0.89160,0.10782,0.00999,frames/frame_003914.jpg
3915,65.250000,,0,B,0.16293,0.89084,0.10986,0.00847,frames/frame_003915.jpg
3916,65.266667,,0,P,0.16103,0.89406,0.10858,0.00866,frames/frame_003916.jpg
3917,65.283333,,0,B,0.16030,0.89217,0.10845,0.00945,frames/frame_003917.jpg
3918,65.300000,,0,B,0.16224,0.89173,0.10804,0.01103,frames/frame_003918.jpg
3919,65.316667,,0,B,0.16353,0.89207,0.11033,0.00970,frames/frame_003919.jpg
3920,65.333333,,0,P,0.16286,0.89635,0.11044,0.00770,frames/frame_003920.jpg
3921,65.350000,,0,B,0.17374,0.90026,0.11013,0.01601,frames/frame_003921.jpg
3922,65.366667,,0,B,0.17193,0.90082,0.10730,0.00694,frames/frame_003922.jpg
3923,65.383333,,0,B,0.17172,0.89706,0.10885,0.00683,frames/frame_003923.jpg
3924,65.400000,,0,P,0.16890,0.90048,0.10769,0.00726,frames/frame_003924.jpg
3925,65.416667,,0,B,0.16840,0.89441,0.10860,0.00622,frames/frame_003925.jpg
3926,65.433333,,0,B,0.16742,0.89658,0.10843,0.00620,frames/frame_003926.jpg
3927,65.450000,,0,B,0.16560,0.89591,0.10780,0.00656,frames/frame_003927.jpg
3928,65.466667,,0,P,0.16250,0.90102,0.10679,0.00525,frames/frame_003928.jpg
3929,65.483333,,0,B,0.16461,0.89967,0.10915,0.00644,frames/frame_003929.jpg
3930,65.500000,,0,P,0.16513,0.90154,0.10919,0.00643,frames/frame_003930.jpg
3931,65.516667,,0,B,0.17019,0.90396,0.10568,0.01214,frames/frame_003931.jpg
3932,65.533333,,0,B,0.17008,0.90267,0.10732,0.00620,frames/frame_003932.jpg
3933,65.550000,,0,B,0.16817,0.90045,0.10629,0.00548,frames/frame_003933.jpg
3934,65.566667,,0,P,0.16661,0.90223,0.10735,0.00568,frames/frame_003934.jpg
3935,65.583333,,0,B,0.16584,0.89803,0.10750,0.00641,frames/frame_003935.jpg
3936,65.600000,,0,B,0.16500,0.89958,0.10723,0.00592,frames/frame_003936.jpg
3937,65.616667,,0,B,0.16326,0.89731,0.10590,0.00644,frames/frame_003937.jpg
3938,65.633333,,0,P,0.16349,0.90182,0.10837,0.00672,frames/frame_003938.jpg
3939,65.650000,,0,B,0.16465,0.90032,0.10712,0.00619,frames/frame_003939.jpg
3940,65.666667,,0,B,0.17068,0.90462,0.10413,0.01465,frames/frame_003940.jpg
3941,65.683333,,0,B,0.17008,0.90042,0.10493,0.00523,frames/frame_003941.jpg
3942,65.700000,,0,P,0.16596,0.90320,0.10334,0.00760,frames/frame_003942.jpg
3943,65.716667,,0,B,0.16584,0.89446,0.10460,0.00477,frames/frame_003943.jpg
3944,65.733333,,0,B,0.16381,0.89859,0.10457,0.00648,frames/frame_003944.jpg
3945,65.750000,,0,B,0.16246,0.89701,0.10377,0.00497,frames/frame_003945.jpg
3946,65.766667,,0,P,0.15909,0.90150,0.10315,0.00658,frames/frame_003946.jpg
3947,65.783333,,0,B,0.16074,0.89972,0.10393,0.00475,frames/frame_003947.jpg
3948,65.800000,,0,B,0.16631,0.90281,0.10247,0.01076,frames/frame_003948.jpg
3949,65.816667,,0,B,0.17081,0.90425,0.09992,0.01079,frames/frame_003949.jpg
3950,65.833333,,0,P,0.17369,0.90552,0.10545,0.00830,frames/frame_003950.jpg
3951,65.850000,,0,B,0.17256,0.89724,0.10574,0.00523,frames/frame_003951.jpg
3952,65.866667,,0,B,0.16779,0.90052,0.10339,0.00709,frames/frame_003952.jpg
3953,65.883333,,0,B,0.16827,0.89749,0.10644,0.00729,frames/frame_003953.jpg
3954,65.900000,,0,P,0.16481,0.90211,0.10615,0.00613,frames/frame_003954.jpg
3955,65.916667,,0,B,0.16403,0.90296,0.10631,0.00400,frames/frame_003955.jpg
3956,65.933333,,0,B,0.16250,0.89887,0.10473,0.00504,frames/frame_003956.jpg
3957,65.950000,,0,P,0.16055,0.90238,0.10553,0.00733,frames/frame_003957.jpg
3958,65.966667,,0,B,0.15983,0.88408,0.10357,0.01910,frames/frame_003958.jpg
3959,65.983333,,0,P,0.15737,0.88592,0.10469,0.01683,frames/frame_003959.jpg
3960,66.000000,,1,I,0.15719,0.88422,0.10142,0.01595,frames/frame_003960.jpg
3961,66.016667,,0,B,0.15722,0.88482,0.10402,0.01348,frames/frame_003961.jpg
3962,66.033333,,0,P,0.49989,0.35450,0.06878,0.33540,frames/frame_003962.jpg
3963,66.050000,,0,B,0.47381,0.36327,0.06892,0.02694,frames/frame_003963.jpg
3964,66.066667,,0,B,0.44694,0.37824,0.06984,0.02964,frames/frame_003964.jpg
3965,66.083333,,0,B,0.42164,0.39071,0.07028,0.02645,frames/frame_003965.jpg
3966,66.100000,,0,P,0.39049,0.39132,0.06681,0.03300,frames/frame_003966.jpg
3967,66.116667,,0,B,0.37773,0.42521,0.07316,0.01930,frames/frame_003967.jpg
3968,66.133333,,0,B,0.35924,0.44512,0.07245,0.01980,frames/frame_003968.jpg
3969,66.150000,,0,B,0.33072,0.42740,0.05721,0.02925,frames/frame_003969.jpg
3970,66.166667,,0,P,0.30972,0.44285,0.05533,0.02139,frames/frame_003970.jpg
3971,66.183333,,0,B,0.28700,0.44099,0.05377,0.02429,frames/frame_003971.jpg
3972,66.200000,,0,B,0.27975,0.47363,0.05704,0.01332,frames/frame_003972.jpg
3973,66.216667,,0,P,0.26510,0.49790,0.05594,0.01548,frames/frame_003973.jpg
3974,66.233333,,0,B,0.24973,0.50893,0.05305,0.01482,frames/frame_003974.jpg
3975,66.250000,,0,B,0.24681,0.55037,0.07893,0.03125,frames/frame_003975.jpg
3976,66.266667,,0,P,0.23681,0.56858,0.08081,0.01053,frames/frame_003976.jpg
3977,66.283333,,0,B,0.22564,0.57652,0.07796,0.01139,frames/frame_003977.jpg
3978,66.300000,,0,B,0.21293,0.58792,0.07409,0.01308,frames/frame_003978.jpg
3979,66.316667,,0,B,0.20381,0.60577,0.07377,0.00896,frames/frame_003979.jpg
3980,66.333333,,0,P,0.19435,0.62732,0.07418,0.00985,frames/frame_003980.jpg
3981,66.350000,,0,B,0.18362,0.64435,0.07179,0.01081,frames/frame_003981.jpg
3982,66.366667,,0,P,0.17531,0.66528,0.07163,0.00857,frames/frame_003982.jpg
3983,66.383333,,0,P,0.15416,0.63967,0.05477,0.02699,frames/frame_003983.jpg
3984,66.400000,,0,B,0.14684,0.65489,0.05264,0.00799,frames/frame_003984.jpg
3985,66.416667,,0,B,0.14166,0.67122,0.05280,0.00548,frames/frame_003985.jpg
3986,66.433333,,0,B,0.13662,0.68929,0.05290,0.00541,frames/frame_003986.jpg
3987,66.450000,,0,P,0.12926,0.71596,0.05289,0.00766,frames/frame_003987.jpg
3988,66.466667,,0,B,0.12689,0.72351,0.05352,0.00407,frames/frame_003988.jpg
3989,66.483333,,0,B,0.14585,0.81209,0.06518,0.04178,frames/frame_003989.jpg
3990,66.500000,,0,B,0.15193,0.81500,0.07529,0.01010,frames/frame_003990.jpg
3991,66.516667,,0,P,0.14927,0.82890,0.07565,0.00442,frames/frame_003991.jpg
3992,66.533333,,0,B,0.14848,0.83403,0.07586,0.00346,frames/frame_003992.jpg
3993,66.550000,,0,P,0.14455,0.84616,0.07578,0.00439,frames/frame_003993.jpg
3994,66.566667,,0,B,0.14385,0.84830,0.07587,0.00264,frames/frame_003994.jpg
3995,66.583333,,0,P,0.13260,0.86576,0.06591,0.01242,frames/frame_003995.jpg
3996,66.600000,,0,B,0.09714,0.87427,0.04459,0.04006,frames/frame_003996.jpg
3997,66.616667,,0,B,0.11327,0.87864,0.05320,0.01892,frames/frame_003997.jpg
3998,66.633333,,0,B,0.11649,0.88097,0.05637,0.00593,frames/frame_003998.jpg
3999,66.650000,,0,P,0.11539,0.88662,0.05624,0.00297,frames/frame_003999.jpg
4000,66.666667,,0,B,0.09647,0.90240,0.05227,0.01968,frames/frame_004000.jpg
4001,66.683333,,0,P,0.09640,0.90251,0.05226,0.00081,frames/frame_004001.jpg
4002,66.700000,,0,B,0.11762,0.89588,0.07852,0.03472,frames/frame_004002.jpg
4003,66.716667,,0,P,0.11771,0.89663,0.07884,0.00158,frames/frame_004003.jpg
4004,66.733333,,0,B,0.09949,0.90377,0.07596,0.01952,frames/frame_004004.jpg
4005,66.750000,,0,B,0.11304,0.89633,0.07695,0.01680,frames/frame_004005.jpg
4006,66.766667,,0,B,0.10715,0.89759,0.07017,0.00770,frames/frame_004006.jpg
4007,66.783333,,0,P,0.10590,0.90228,0.07023,0.00256,frames/frame_004007.jpg
4008,66.800000,,0,B,0.10612,0.89831,0.07042,0.00255,frames/frame_004008.jpg
4009,66.816667,,0,B,0.10535,0.90039,0.07019,0.00254,frames/frame_004009.jpg
4010,66.833333,,0,B,0.08382,0.89656,0.04945,0.02540,frames/frame_004010.jpg
4011,66.850000,,0,P,0.08266,0.90116,0.04919,0.00262,frames/frame_004011.jpg
4012,66.866667,,0,B,0.06990,0.90792,0.04616,0.01342,frames/frame_004012.jpg
4013,66.883333,,0,B,0.08301,0.89784,0.04934,0.01401,frames/frame_004013.jpg
4014,66.900000,,0,B,0.08305,0.89614,0.04947,0.00331,frames/frame_004014.jpg
4015,66.916667,,0,P,0.08219,0.90199,0.04902,0.00361,frames/frame_004015.jpg
4016,66.933333,,0,B,0.12801,0.91666,0.07880,0.05204,frames/frame_004016.jpg
4017,66.950000,,0,B,0.12847,0.91579,0.07783,0.00848,frames/frame_004017.jpg
4018,66.966667,,0,P,0.12802,0.91736,0.07907,0.00494,frames/frame_004018.jpg
4019,66.983333,,0,B,0.10953,0.92486,0.07385,0.02146,frames/frame_004019.jpg
4020,67.000000,,0,B,0.12876,0.91465,0.07801,0.02189,frames/frame_004020.jpg
4021,67.016667,,0,B,0.12910,0.91375,0.07701,0.00812,frames/frame_004021.jpg
4022,67.033333,,0,P,0.12842,0.91709,0.07726,0.01035,frames/frame_004022.jpg
4023,67.050000,,0,P,0.09082,0.92436,0.05122,0.04105,frames/frame_004023.jpg
4024,67.066667,,0,B,0.10770,0.91259,0.05406,0.01890,frames/frame_004024.jpg
4025,67.083333,,0,B,0.10796,0.91304,0.05610,0.00501,frames/frame_004025.jpg
4026,67.100000,,0,B,0.10823,0.91093,0.05392,0.00552,frames/frame_004026.jpg
4027,67.116667,,0,P,0.10782,0.91294,0.05434,0.00742,frames/frame_004027.jpg
4028,67.133333,,0,B,0.10745,0.91283,0.05360,0.00808,frames/frame_004028.jpg
4029,67.150000,,0,P,0.09631,0.91679,0.07123,0.04400,frames/frame_004029.jpg
4030,67.166667,,0,B,0.11358,0.91141,0.07669,0.02346,frames/frame_004030.jpg
4031,67.183333,,0,B,0.11389,0.91139,0.07771,0.01167,frames/frame_004031.jpg
4032,67.200000,,0,B,0.10976,0.90961,0.07309,0.01884,frames/frame_004032.jpg
4033,67.216667,,0,P,0.10328,0.91377,0.06999,0.01423,frames/frame_004033.jpg
4034,67.233333,,0,P,0.44248,0.44759,0.06948,0.33051,frames/frame_004034.jpg
4035,67.250000,,0,B,0.41098,0.49636,0.07270,0.04151,frames/frame_004035.jpg
4036,67.266667,,0,P,0.37533,0.53424,0.07139,0.04109,frames/frame_004036.jpg
4037,67.283333,,0,B,0.34465,0.56397,0.07690,0.03533,frames/frame_004037.jpg
4038,67.300000,,0,B,0.31662,0.59718,0.07501,0.03157,frames/frame_004038.jpg
4039,67.316667,,0,B,0.29250,0.62928,0.07507,0.02747,frames/frame_004039.jpg
4040,67.333333,,0,P,0.27007,0.66558,0.07272,0.02703,frames/frame_004040.jpg
4041,67.350000,,0,B,0.25124,0.69217,0.08013,0.02326,frames/frame_004041.jpg
4042,67.366667,,0,B,0.21805,0.71197,0.07693,0.03492,frames/frame_004042.jpg
4043,67.383333,,0,B,0.23241,0.77601,0.07802,0.03067,frames/frame_004043.jpg
4044,67.400000,,0,P,0.22277,0.80094,0.08034,0.01593,frames/frame_004044.jpg
4045,67.416667,,0,B,0.21465,0.81869,0.08140,0.01358,frames/frame_004045.jpg
4046,67.433333,,0,B,0.20708,0.83679,0.08124,0.01312,frames/frame_004046.jpg
4047,67.450000,,0,P,0.19947,0.85730,0.08451,0.01317,frames/frame_004047.jpg
4048,67.466667,,0,B,0.17430,0.87867,0.08268,0.02673,frames/frame_004048.jpg
4049,67.483333,,0,B,0.19218,0.87506,0.08570,0.02151,frames/frame_004049.jpg
4050,67.500000,,0,B,0.18875,0.88366,0.08503,0.00789,frames/frame_004050.jpg
4051,67.516667,,0,P,0.18466,0.89383,0.08600,0.00746,frames/frame_004051.jpg
4052,67.533333,,0,B,0.18426,0.89440,0.08664,0.00527,frames/frame_004052.jpg
4053,67.550000,,0,P,0.18150,0.90255,0.08614,0.00599,frames/frame_004053.jpg
4054,67.566667,,0,B,0.10374,0.90497,0.07626,0.08984,frames/frame_004054.jpg
4055,67.583333,,0,B,0.10379,0.90605,0.07574,0.00470,frames/frame_004055.jpg
4056,67.600000,,0,B,0.10280,0.89947,0.08113,0.01426,frames/frame_004056.jpg
4057,67.616667,,0,P,0.10305,0.90151,0.08080,0.00489,frames/frame_004057.jpg
4058,67.633333,,0,B,0.08794,0.90660,0.07756,0.01658,frames/frame_004058.jpg
4059,67.650000,,0,B,0.10183,0.89998,0.07917,0.01674,frames/frame_004059.jpg
4060,67.666667,,0,B,0.10158,0.90049,0.08045,0.00411,frames/frame_004060.jpg
4061,67.683333,,0,P,0.16229,0.90314,0.09003,0.08221,frames/frame_004061.jpg
4062,67.700000,,0,P,0.12766,0.90619,0.07789,0.04974,frames/frame_004062.jpg
4063,67.716667,,0,P,0.11326,0.81359,0.06372,0.06186,frames/frame_004063.jpg
4064,67.733333,,0,P,0.08852,0.79913,0.03554,0.06434,frames/frame_004064.jpg
4065,67.750000,,0,P,0.04016,0.60676,0.03192,0.06628,frames/frame_004065.jpg
4066,67.766667,,0,P,0.02473,0.36481,0.02323,0.01790,frames/frame_004066.jpg
4067,67.783333,,0,B,0.00405,0.01170,0.00071,0.02051,frames/frame_004067.jpg
4068,67.800000,,0,P,0.00397,0.00000,0.00039,0.00012,frames/frame_004068.jpg
4069,67.816667,,0,B,0.00397,0.00000,0.00039,0.00000,frames/frame_004069.jpg
4070,67.833333,,0,P,0.58368,0.23950,0.09323,0.56251,frames/frame_004070.jpg
4071,67.850000,,0,P,0.51635,0.25586,0.09338,0.07871,frames/frame_004071.jpg
4072,67.866667,,0,P,0.45910,0.27532,0.09916,0.06101,frames/frame_004072.jpg
4073,67.883333,,0,P,0.40176,0.29934,0.08628,0.07748,frames/frame_004073.jpg
4074,67.900000,,0,P,0.35962,0.32472,0.09539,0.05224,frames/frame_004074.jpg
4075,67.916667,,0,P,0.32507,0.35391,0.09614,0.03781,frames/frame_004075.jpg
4076,67.933333,,0,B,0.29605,0.38144,0.09634,0.03557,frames/frame_004076.jpg
4077,67.950000,,0,P,0.27001,0.42318,0.09160,0.03545,frames/frame_004077.jpg
4078,67.966667,,0,B,0.25296,0.45788,0.09755,0.02431,frames/frame_004078.jpg
4079,67.983333,,0,B,0.23722,0.50284,0.10019,0.02445,frames/frame_004079.jpg
4080,68.000000,,0,B,0.22783,0.53656,0.09417,0.02342,frames/frame_004080.jpg
4081,68.016667,,0,P,0.21885,0.58287,0.09499,0.01953,frames/frame_004081.jpg
4082,68.033333,,0,B,0.21317,0.61477,0.10050,0.01758,frames/frame_004082.jpg
4083,68.050000,,0,B,0.20753,0.65818,0.09812,0.02005,frames/frame_004083.jpg
4084,68.066667,,0,B,0.20528,0.67735,0.09691,0.01638,frames/frame_004084.jpg
4085,68.083333,,0,P,0.20001,0.71141,0.09890,0.01756,frames/frame_004085.jpg
4086,68.100000,,0,B,0.19986,0.71572,0.09740,0.01720,frames/frame_004086.jpg
4087,68.116667,,0,B,0.19561,0.73548,0.09686,0.01512,frames/frame_004087.jpg
4088,68.133333,,0,B,0.19359,0.73639,0.09663,0.01345,frames/frame_004088.jpg
4089,68.150000,,0,P,0.18839,0.75157,0.09113,0.01538,frames/frame_004089.jpg
4090,68.166667,,0,B,0.18626,0.74182,0.09430,0.01275,frames/frame_004090.jpg
4091,68.183333,,0,B,0.18083,0.74665,0.09097,0.01452,frames/frame_004091.jpg
4092,68.200000,,0,B,0.17949,0.74393,0.09159,0.01304,frames/frame_004092.jpg
4093,68.216667,,0,P,0.17783,0.75576,0.09839,0.01268,frames/frame_004093.jpg
4094,68.233333,,0,B,0.17865,0.74613,0.09913,0.01107,frames/frame_004094.jpg
4095,68.250000,,0,B,0.17784,0.75044,0.09907,0.01120,frames/frame_004095.jpg
4096,68.266667,,0,B,0.17735,0.74481,0.09833,0.01152,frames/frame_004096.jpg
4097,68.283333,,0,P,0.17712,0.75561,0.09836,0.01742,frames/frame_004097.jpg
4098,68.300000,,0,B,0.17808,0.74314,0.09833,0.01088,frames/frame_004098.jpg
4099,68.316667,,0,B,0.17717,0.74765,0.09866,0.01088,frames/frame_004099.jpg
4100,68.333333,,0,B,0.17755,0.74499,0.09773,0.01093,frames/frame_004100.jpg
4101,68.350000,,0,P,0.17616,0.75565,0.09815,0.01123,frames/frame_004101.jpg
4102,68.366667,,0,B,0.17727,0.74512,0.09809,0.00986,frames/frame_004102.jpg
4103,68.383333,,0,B,0.17696,0.74700,0.09717,0.00958,frames/frame_004103.jpg
4104,68.400000,,0,B,0.17769,0.74433,0.09783,0.01062,frames/frame_004104.jpg
4105,68.416667,,0,P,0.17670,0.75349,0.09925,0.01120,frames/frame_004105.jpg
4106,68.433333,,0,B,0.18375,0.74592,0.09985,0.01616,frames/frame_004106.jpg
4107,68.450000,,0,B,0.17882,0.75264,0.09738,0.01442,frames/frame_004107.jpg
4108,68.466667,,0,B,0.17616,0.75080,0.09491,0.01211,frames/frame_004108.jpg
4109,68.483333,,0,P,0.17345,0.76397,0.09469,0.01077,frames/frame_004109.jpg
4110,68.500000,,0,B,0.17360,0.75770,0.09087,0.00997,frames/frame_004110.jpg
4111,68.516667,,0,B,0.17185,0.76330,0.08912,0.00800,frames/frame_004111.jpg
4112,68.533333,,0,B,0.17216,0.76055,0.08895,0.00727,frames/frame_004112.jpg
4113,68.550000,,0,P,0.17011,0.77317,0.08897,0.00839,frames/frame_004113.jpg
4114,68.566667,,0,B,0.17335,0.76528,0.09035,0.00785,frames/frame_004114.jpg
4115,68.583333,,0,B,0.17493,0.76723,0.09060,0.00702,frames/frame_004115.jpg
4116,68.600000,,0,B,0.17857,0.76594,0.09173,0.00758,frames/frame_004116.jpg
4117,68.616667,,0,P,0.17963,0.77300,0.08934,0.01049,frames/frame_004117.jpg
4118,68.633333,,0,B,0.18386,0.76421,0.08848,0.01088,frames/frame_004118.jpg
4119,68.650000,,0,B,0.18676,0.76567,0.09056,0.01272,frames/frame_004119.jpg
4120,68.666667,,0,B,0.19051,0.76159,0.09146,0.01273,frames/frame_004120.jpg
4121,68.683333,,0,P,0.19132,0.76954,0.09382,0.01494,frames/frame_004121.jpg
4122,68.700000,,0,B,0.19389,0.76100,0.09479,0.01391,frames/frame_004122.jpg
4123,68.716667,,0,P,0.19223,0.76655,0.09581,0.01328,frames/frame_004123.jpg
4124,68.733333,,0,B,0.23600,0.84804,0.12377,0.13123,frames/frame_004124.jpg
4125,68.750000,,0,B,0.22831,0.84648,0.11756,0.02281,frames/frame_004125.jpg
4126,68.766667,,0,B,0.22113,0.84447,0.12236,0.02173,frames/frame_004126.jpg
4127,68.783333,,0,P,0.21395,0.84771,0.11766,0.02178,frames/frame_004127.jpg
4128,68.800000,,0,B,0.20896,0.84368,0.11503,0.02098,frames/frame_004128.jpg
4129,68.816667,,0,B,0.20667,0.84413,0.11824,0.01822,frames/frame_004129.jpg
4130,68.833333,,0,B,0.20729,0.84226,0.11845,0.01616,frames/frame_004130.jpg
4131,68.850000,,0,P,0.20613,0.84553,0.11964,0.01653,frames/frame_004131.jpg
4132,68.866667,,0,B,0.20944,0.84223,0.11875,0.01810,frames/frame_004132.jpg
4133,68.883333,,0,B,0.21065,0.84255,0.11955,0.01760,frames/frame_004133.jpg
4134,68.900000,,0,B,0.21086,0.84123,0.12015,0.01677,frames/frame_004134.jpg
4135,68.916667,,0,P,0.21031,0.84399,0.11880,0.01742,frames/frame_004135.jpg
4136,68.933333,,0,B,0.21105,0.84176,0.11809,0.01776,frames/frame_004136.jpg
4137,68.950000,,0,B,0.21117,0.84328,0.11771,0.01851,frames/frame_004137.jpg
4138,68.966667,,0,B,0.21173,0.84250,0.11809,0.01740,frames/frame_004138.jpg
4139,68.983333,,0,P,0.21106,0.84561,0.11760,0.01760,frames/frame_004139.jpg
4140,69.000000,,1,I,0.21092,0.84724,0.11849,0.02075,frames/frame_004140.jpg
4141,69.016667,,0,B,0.23700,0.83748,0.11999,0.03406,frames/frame_004141.jpg
4142,69.033333,,0,B,0.23066,0.84032,0.11714,0.02169,frames/frame_004142.jpg
4143,69.050000,,0,B,0.22254,0.84058,0.11250,0.02277,frames/frame_004143.jpg
4144,69.066667,,0,P,0.21345,0.84676,0.11817,0.02176,frames/frame_004144.jpg
4145,69.083333,,0,B,0.21218,0.83994,0.11217,0.02160,frames/frame_004145.jpg
4146,69.100000,,0,B,0.20756,0.84372,0.11990,0.01970,frames/frame_004146.jpg
4147,69.116667,,0,B,0.20699,0.84247,0.11862,0.01930,frames/frame_004147.jpg
4148,69.133333,,0,P,0.20513,0.84549,0.12065,0.01944,frames/frame_004148.jpg
4149,69.150000,,0,B,0.20757,0.84237,0.11892,0.01987,frames/frame_004149.jpg
4150,69.166667,,0,B,0.20764,0.84338,0.11919,0.01903,frames/frame_004150.jpg
4151,69.183333,,0,B,0.21336,0.84171,0.12573,0.03794,frames/frame_004151.jpg
4152,69.200000,,0,P,0.21127,0.84531,0.12144,0.02149,frames/frame_004152.jpg
4153,69.216667,,0,B,0.21069,0.84069,0.11916,0.02053,frames/frame_004153.jpg
4154,69.233333,,0,B,0.20962,0.84262,0.11788,0.01958,frames/frame_004154.jpg
4155,69.250000,,0,B,0.21224,0.84034,0.12062,0.02034,frames/frame_004155.jpg
4156,69.266667,,0,P,0.21266,0.84383,0.12054,0.02125,frames/frame_004156.jpg
4157,69.283333,,0,B,0.21390,0.84117,0.12261,0.02158,frames/frame_004157.jpg
4158,69.300000,,0,B,0.21158,0.84448,0.12289,0.02094,frames/frame_004158.jpg
4159,69.316667,,0,B,0.21133,0.84294,0.11993,0.02093,frames/frame_004159.jpg
4160,69.333333,,0,P,0.21419,0.85031,0.11692,0.02651,frames/frame_004160.jpg
4161,69.350000,,0,B,0.20871,0.84791,0.11444,0.02153,frames/frame_004161.jpg
4162,69.366667,,0,B,0.20325,0.85074,0.11419,0.01977,frames/frame_004162.jpg
4163,69.383333,,0,B,0.19942,0.84997,0.10846,0.01677,frames/frame_004163.jpg
4164,69.400000,,0,P,0.19265,0.85283,0.11226,0.01700,frames/frame_004164.jpg
4165,69.416667,,0,B,0.19015,0.85265,0.11202,0.01576,frames/frame_004165.jpg
4166,69.433333,,0,B,0.18934,0.85414,0.11253,0.01318,frames/frame_004166.jpg
4167,69.450000,,0,B,0.19798,0.85152,0.11520,0.01774,frames/frame_004167.jpg
4168,69.466667,,0,P,0.20067,0.85131,0.11464,0.01618,frames/frame_004168.jpg
4169,69.483333,,0,B,0.20382,0.84681,0.11563,0.01552,frames/frame_004169.jpg
4170,69.500000,,0,B,0.20363,0.84724,0.11488,0.01364,frames/frame_004170.jpg
4171,69.516667,,0,B,0.20530,0.84682,0.11336,0.01495,frames/frame_004171.jpg
4172,69.533333,,0,P,0.20477,0.84976,0.11396,0.01527,frames/frame_004172.jpg
4173,69.550000,,0,B,0.20709,0.84719,0.11348,0.01600,frames/frame_004173.jpg
4174,69.566667,,0,B,0.20806,0.84900,0.11175,0.01613,frames/frame_004174.jpg
4175,69.583333,,0,B,0.20966,0.84788,0.11145,0.01473,frames/frame_004175.jpg
4176,69.600000,,0,P,0.20910,0.84989,0.10923,0.01663,frames/frame_004176.jpg
4177,69.616667,,0,B,0.20818,0.85208,0.10814,0.01462,frames/frame_004177.jpg
4178,69.633333,,0,P,0.34101,0.53570,0.10521,0.13449,frames/frame_004178.jpg
4179,69.650000,,0,B,0.32546,0.55805,0.10589,0.02894,frames/frame_004179.jpg
4180,69.666667,,0,B,0.31084,0.58973,0.10995,0.03275,frames/frame_004180.jpg
4181,69.683333,,0,B,0.29997,0.61496,0.11535,0.02698,frames/frame_004181.jpg
4182,69.700000,,0,P,0.28550,0.65138,0.11843,0.02965,frames/frame_004182.jpg
4183,69.716667,,0,B,0.27687,0.67578,0.11660,0.02760,frames/frame_004183.jpg
4184,69.733333,,0,B,0.26440,0.70534,0.11843,0.02783,frames/frame_004184.jpg
4185,69.750000,,0,B,0.25836,0.72444,0.12060,0.02577,frames/frame_004185.jpg
4186,69.766667,,0,P,0.24983,0.75288,0.11723,0.02930,frames/frame_004186.jpg
4187,69.783333,,0,B,0.24607,0.76671,0.12514,0.02489,frames/frame_004187.jpg
4188,69.800000,,0,B,0.23949,0.78422,0.11836,0.02629,frames/frame_004188.jpg
4189,69.816667,,0,B,0.23728,0.79741,0.12291,0.02613,frames/frame_004189.jpg
4190,69.833333,,0,P,0.23444,0.81469,0.12368,0.02523,frames/frame_004190.jpg
4191,69.850000,,0,B,0.23452,0.81816,0.12187,0.02497,frames/frame_004191.jpg
4192,69.866667,,0,B,0.23135,0.82524,0.12362,0.02579,frames/frame_004192.jpg
4193,69.883333,,0,B,0.23124,0.82933,0.12307,0.02613,frames/frame_004193.jpg
4194,69.900000,,0,P,0.22874,0.83630,0.12320,0.02361,frames/frame_004194.jpg
4195,69.916667,,0,B,0.22641,0.83468,0.12324,0.02195,frames/frame_004195.jpg
4196,69.933333,,0,B,0.22068,0.83672,0.12357,0.02176,frames/frame_004196.jpg
4197,69.950000,,0,B,0.21411,0.83617,0.12165,0.01965,frames/frame_004197.jpg
4198,69.966667,,0,P,0.20414,0.84003,0.12123,0.02118,frames/frame_004198.jpg
4199,69.983333,,0,B,0.19805,0.84025,0.12134,0.01924,frames/frame_004199.jpg
4200,70.000000,,0,B,0.19245,0.84071,0.11491,0.01833,frames/frame_004200.jpg
4201,70.016667,,0,B,0.19135,0.84011,0.12070,0.01470,frames/frame_004201.jpg
4202,70.033333,,0,P,0.19009,0.84257,0.12164,0.01299,frames/frame_004202.jpg
4203,70.050000,,0,B,0.19122,0.83975,0.11853,0.01285,frames/frame_004203.jpg
4204,70.066667,,0,B,0.19015,0.84388,0.11862,0.01303,frames/frame_004204.jpg
4205,70.083333,,0,B,0.19144,0.84355,0.11815,0.01748,frames/frame_004205.jpg
4206,70.100000,,0,P,0.18964,0.84861,0.11789,0.01065,frames/frame_004206.jpg
4207,70.116667,,0,B,0.19010,0.84378,0.11781,0.01022,frames/frame_004207.jpg
4208,70.133333,,0,B,0.19036,0.84466,0.11915,0.01136,frames/frame_004208.jpg
4209,70.150000,,0,B,0.19123,0.84401,0.11908,0.01119,frames/frame_004209.jpg
4210,70.166667,,0,P,0.18982,0.84808,0.11835,0.00932,frames/frame_004210.jpg
4211,70.183333,,0,B,0.19040,0.84686,0.11812,0.00915,frames/frame_004211.jpg
4212,70.200000,,0,B,0.19071,0.84903,0.11885,0.01152,frames/frame_004212.jpg
4213,70.216667,,0,B,0.20123,0.84704,0.11533,0.02146,frames/frame_004213.jpg
4214,70.233333,,0,P,0.21682,0.84406,0.11558,0.02480,frames/frame_004214.jpg
4215,70.250000,,0,B,0.21238,0.84256,0.11578,0.01778,frames/frame_004215.jpg
4216,70.266667,,0,B,0.20697,0.84441,0.11386,0.01763,frames/frame_004216.jpg
4217,70.283333,,0,B,0.20429,0.84508,0.11116,0.01542,frames/frame_004217.jpg
4218,70.300000,,0,P,0.20224,0.84931,0.11208,0.01429,frames/frame_004218.jpg
4219,70.316667,,0,B,0.20573,0.84534,0.11608,0.01366,frames/frame_004219.jpg
4220,70.333333,,0,B,0.20766,0.84620,0.11623,0.01510,frames/frame_004220.jpg
4221,70.350000,,0,B,0.21021,0.84389,0.11820,0.01660,frames/frame_004221.jpg
4222,70.366667,,0,P,0.20975,0.84714,0.11645,0.01633,frames/frame_004222.jpg
4223,70.383333,,0,B,0.21180,0.84361,0.11648,0.01656,frames/frame_004223.jpg
4224,70.400000,,0,B,0.21192,0.84590,0.11639,0.01534,frames/frame_004224.jpg
4225,70.416667,,0,B,0.21292,0.84567,0.11763,0.01821,frames/frame_004225.jpg
4226,70.433333,,0,P,0.21405,0.84756,0.11820,0.01821,frames/frame_004226.jpg
4227,70.450000,,0,B,0.21749,0.84362,0.11799,0.01995,frames/frame_004227.jpg
4228,70.466667,,0,B,0.21897,0.84572,0.12343,0.02036,frames/frame_004228.jpg
4229,70.483333,,0,B,0.22061,0.84368,0.12053,0.02123,frames/frame_004229.jpg
4230,70.500000,,0,P,0.22054,0.84680,0.12220,0.02005,frames/frame_004230.jpg
4231,70.516667,,0,B,0.22514,0.84216,0.12343,0.01979,frames/frame_004231.jpg
4232,70.533333,,0,B,0.22466,0.84480,0.12563,0.02728,frames/frame_004232.jpg
4233,70.550000,,0,B,0.21999,0.84256,0.12540,0.01871,frames/frame_004233.jpg
4234,70.566667,,0,P,0.21344,0.84668,0.11491,0.01890,frames/frame_004234.jpg
4235,70.583333,,0,B,0.21050,0.84433,0.11719,0.01755,frames/frame_004235.jpg
4236,70.600000,,0,B,0.20791,0.84468,0.11629,0.01857,frames/frame_004236.jpg
4237,70.616667,,0,B,0.20946,0.83974,0.12369,0.01548,frames/frame_004237.jpg
4238,70.633333,,0,P,0.20817,0.84391,0.12543,0.01414,frames/frame_004238.jpg
4239,70.650000,,0,B,0.21045,0.84199,0.12374,0.01371,frames/frame_004239.jpg
4240,70.666667,,0,B,0.20988,0.84518,0.12437,0.01578,frames/frame_004240.jpg
4241,70.683333,,0,B,0.21077,0.84359,0.12177,0.01526,frames/frame_004241.jpg
4242,70.700000,,0,P,0.21056,0.84692,0.12413,0.01454,frames/frame_004242.jpg
4243,70.716667,,0,B,0.21206,0.84259,0.12221,0.01499,frames/frame_004243.jpg
4244,70.733333,,0,B,0.21165,0.84703,0.12345,0.01639,frames/frame_004244.jpg
4245,70.750000,,0,B,0.21406,0.84323,0.12267,0.01601,frames/frame_004245.jpg
4246,70.766667,,0,P,0.21306,0.84747,0.12258,0.01455,frames/frame_004246.jpg
4247,70.783333,,0,B,0.21443,0.84508,0.12216,0.01507,frames/frame_004247.jpg
4248,70.800000,,0,B,0.21246,0.84734,0.12223,0.01574,frames/frame_004248.jpg
4249,70.816667,,0,B,0.21116,0.84741,0.12321,0.01653,frames/frame_004249.jpg
4250,70.833333,,0,P,0.23229,0.84195,0.12967,0.02773,frames/frame_004250.jpg
4251,70.850000,,0,B,0.22627,0.83656,0.11940,0.02211,frames/frame_004251.jpg
4252,70.866667,,0,B,0.21801,0.84187,0.12569,0.02212,frames/frame_004252.jpg
4253,70.883333,,0,B,0.21989,0.83173,0.11744,0.01768,frames/frame_004253.jpg
4254,70.900000,,0,P,0.21933,0.83560,0.12296,0.01845,frames/frame_004254.jpg
4255,70.916667,,0,B,0.22136,0.82920,0.12258,0.01777,frames/frame_004255.jpg
4256,70.933333,,0,B,0.22171,0.83171,0.12156,0.01984,frames/frame_004256.jpg
4257,70.950000,,0,B,0.22489,0.82814,0.12083,0.01971,frames/frame_004257.jpg
4258,70.966667,,0,P,0.22641,0.83434,0.12134,0.02072,frames/frame_004258.jpg
4259,70.983333,,0,B,0.23807,0.82808,0.12540,0.04494,frames/frame_004259.jpg
4260,71.000000,,0,B,0.23816,0.83220,0.12589,0.02151,frames/frame_004260.jpg
4261,71.016667,,0,B,0.23905,0.83174,0.12338,0.02284,frames/frame_004261.jpg
4262,71.033333,,0,P,0.23728,0.83913,0.12375,0.02070,frames/frame_004262.jpg
4263,71.050000,,0,B,0.23794,0.83722,0.12320,0.02344,frames/frame_004263.jpg
4264,71.066667,,0,B,0.23690,0.84053,0.12254,0.02285,frames/frame_004264.jpg
4265,71.083333,,0,B,0.23671,0.84018,0.12265,0.02443,frames/frame_004265.jpg
4266,71.100000,,0,P,0.23383,0.84705,0.12446,0.02414,frames/frame_004266.jpg
4267,71.116667,,0,B,0.23504,0.84185,0.12563,0.02161,frames/frame_004267.jpg
4268,71.133333,,0,B,0.23912,0.84189,0.13042,0.02248,frames/frame_004268.jpg
4269,71.150000,,0,B,0.23005,0.84151,0.12838,0.02113,frames/frame_004269.jpg
4270,71.166667,,0,P,0.21982,0.84439,0.11950,0.02145,frames/frame_004270.jpg
4271,71.183333,,0,B,0.21412,0.84488,0.12739,0.01886,frames/frame_004271.jpg
4272,71.200000,,0,B,0.20927,0.84429,0.11992,0.02016,frames/frame_004272.jpg
4273,71.216667,,0,B,0.20774,0.84369,0.12524,0.01701,frames/frame_004273.jpg
4274,71.233333,,0,P,0.20616,0.84695,0.12598,0.01517,frames/frame_004274.jpg
4275,71.250000,,0,B,0.20878,0.84346,0.12481,0.01468,frames/frame_004275.jpg
4276,71.266667,,0,B,0.21149,0.84347,0.12768,0.01603,frames/frame_004276.jpg
4277,71.283333,,0,B,0.21362,0.84155,0.12595,0.01606,frames/frame_004277.jpg
4278,71.300000,,0,P,0.20972,0.84616,0.12498,0.01672,frames/frame_004278.jpg
4279,71.316667,,0,B,0.21068,0.84340,0.12350,0.01775,frames/frame_004279.jpg
4280,71.333333,,0,B,0.20883,0.84598,0.12224,0.01753,frames/frame_004280.jpg
4281,71.350000,,0,B,0.20998,0.84572,0.12108,0.01755,frames/frame_004281.jpg
4282,71.366667,,0,P,0.20910,0.84847,0.12057,0.01668,frames/frame_004282.jpg
4283,71.383333,,0,B,0.21105,0.84663,0.12100,0.01786,frames/frame_004283.jpg
4284,71.400000,,0,B,0.21171,0.84883,0.12196,0.01963,frames/frame_004284.jpg
4285,71.416667,,0,B,0.22036,0.84634,0.11941,0.02660,frames/frame_004285.jpg
4286,71.433333,,0,P,0.24478,0.84648,0.12794,0.05274,frames/frame_004286.jpg
4287,71.450000,,0,B,0.23414,0.84223,0.12346,0.02581,frames/frame_004287.jpg
4288,71.466667,,0,B,0.22300,0.84303,0.12339,0.02793,frames/frame_004288.jpg
4289,71.483333,,0,B,0.21779,0.84028,0.11802,0.01959,frames/frame_004289.jpg
4290,71.500000,,0,P,0.21446,0.84215,0.12120,0.02011,frames/frame_004290.jpg
4291,71.516667,,0,B,0.21373,0.83853,0.12170,0.02018,frames/frame_004291.jpg
4292,71.533333,,0,B,0.21304,0.83911,0.12255,0.02024,frames/frame_004292.jpg
4293,71.550000,,0,B,0.21440,0.83788,0.12616,0.02131,frames/frame_004293.jpg
4294,71.566667,,0,P,0.21312,0.84191,0.12568,0.02027,frames/frame_004294.jpg
4295,71.583333,,0,B,0.21445,0.83685,0.12339,0.02115,frames/frame_004295.jpg
4296,71.600000,,0,B,0.21442,0.83829,0.12352,0.01978,frames/frame_004296.jpg
4297,71.616667,,0,B,0.21606,0.83569,0.12150,0.02184,frames/frame_004297.jpg
4298,71.633333,,0,P,0.21689,0.84094,0.12365,0.02170,frames/frame_004298.jpg
4299,71.650000,,0,B,0.22023,0.83627,0.12199,0.02228,frames/frame_004299.jpg
4300,71.666667,,0,B,0.21961,0.83841,0.12303,0.02294,frames/frame_004300.jpg
4301,71.683333,,0,B,0.21957,0.83645,0.12077,0.02322,frames/frame_004301.jpg
4302,71.700000,,0,P,0.21801,0.84170,0.12257,0.02277,frames/frame_004302.jpg
4303,71.716667,,0,B,0.21731,0.83854,0.12439,0.02014,frames/frame_004303.jpg
4304,71.733333,,0,B,0.21473,0.84144,0.12496,0.02090,frames/frame_004304.jpg
4305,71.750000,,0,B,0.21112,0.84175,0.12468,0.01880,frames/frame_004305.jpg
4306,71.766667,,0,P,0.20362,0.84389,0.11418,0.01852,frames/frame_004306.jpg
4307,71.783333,,0,B,0.19910,0.84291,0.11666,0.01633,frames/frame_004307.jpg
4308,71.800000,,0,B,0.19219,0.84671,0.11527,0.01810,frames/frame_004308.jpg
4309,71.816667,,0,B,0.18961,0.84422,0.11719,0.01423,frames/frame_004309.jpg
4310,71.833333,,0,P,0.18679,0.84887,0.12031,0.01230,frames/frame_004310.jpg
4311,71.850000,,0,B,0.18743,0.84683,0.11904,0.01082,frames/frame_004311.jpg
4312,71.866667,,0,B,0.18830,0.84788,0.12052,0.01205,frames/frame_004312.jpg
4313,71.883333,,0,B,0.19177,0.84444,0.12126,0.01685,frames/frame_004313.jpg
4314,71.900000,,0,P,0.19069,0.84892,0.12150,0.01012,frames/frame_004314.jpg
4315,71.916667,,0,B,0.19074,0.84461,0.12105,0.01049,frames/frame_004315.jpg
4316,71.933333,,0,B,0.18837,0.84792,0.11889,0.01200,frames/frame_004316.jpg
4317,71.950000,,0,B,0.18771,0.84599,0.11824,0.01163,frames/frame_004317.jpg
4318,71.966667,,0,P,0.18682,0.85032,0.11803,0.00954,frames/frame_004318.jpg
4319,71.983333,,0,P,0.18666,0.85083,0.11652,0.00830,frames/frame_004319.jpg
4320,72.000000,,1,I,0.18501,0.85275,0.11579,0.01244,frames/frame_004320.jpg
4321,72.016667,,0,B,0.18733,0.84928,0.11510,0.01149,frames/frame_004321.jpg
4322,72.033333,,0,B,0.20153,0.84538,0.11779,0.02190,frames/frame_004322.jpg
4323,72.050000,,0,B,0.20059,0.84313,0.11480,0.01484,frames/frame_004323.jpg
4324,72.066667,,0,P,0.19670,0.84854,0.11144,0.01731,frames/frame_004324.jpg
4325,72.083333,,0,B,0.19958,0.84305,0.11216,0.01374,frames/frame_004325.jpg
4326,72.100000,,0,B,0.20068,0.84457,0.11274,0.01402,frames/frame_004326.jpg
4327,72.116667,,0,B,0.20324,0.84174,0.11243,0.01376,frames/frame_004327.jpg
4328,72.133333,,0,P,0.20412,0.84838,0.11415,0.01611,frames/frame_004328.jpg
4329,72.150000,,0,B,0.20761,0.84452,0.11435,0.01727,frames/frame_004329.jpg
4330,72.166667,,0,B,0.21373,0.84444,0.11727,0.02154,frames/frame_004330.jpg
4331,72.183333,,0,B,0.21956,0.84157,0.11776,0.01959,frames/frame_004331.jpg
4332,72.200000,,0,P,0.22043,0.84672,0.12061,0.02104,frames/frame_004332.jpg
4333,72.216667,,0,B,0.22390,0.84208,0.11996,0.02384,frames/frame_004333.jpg
4334,72.233333,,0,B,0.22438,0.84557,0.11929,0.02095,frames/frame_004334.jpg
4335,72.250000,,0,B,0.22753,0.84300,0.12005,0.02323,frames/frame_004335.jpg
4336,72.266667,,0,P,0.22385,0.84946,0.11891,0.02404,frames/frame_004336.jpg
4337,72.283333,,0,B,0.22434,0.84732,0.11816,0.02589,frames/frame_004337.jpg
4338,72.300000,,0,B,0.22383,0.84887,0.11886,0.02161,frames/frame_004338.jpg
4339,72.316667,,0,B,0.22235,0.84864,0.11976,0.02104,frames/frame_004339.jpg
4340,72.333333,,0,P,0.22595,0.85118,0.11899,0.03066,frames/frame_004340.jpg
4341,72.350000,,0,B,0.21777,0.84739,0.11791,0.01977,frames/frame_004341.jpg
4342,72.366667,,0,B,0.20736,0.84903,0.11275,0.02050,frames/frame_004342.jpg
4343,72.383333,,0,B,0.19927,0.84692,0.11385,0.01924,frames/frame_004343.jpg
4344,72.400000,,0,P,0.19296,0.84920,0.10920,0.01719,frames/frame_004344.jpg
4345,72.416667,,0,B,0.19109,0.84618,0.11378,0.01516,frames/frame_004345.jpg
4346,72.433333,,0,B,0.18922,0.84735,0.11227,0.01336,frames/frame_004346.jpg
4347,72.450000,,0,B,0.18922,0.84639,0.11198,0.01211,frames/frame_004347.jpg
4348,72.466667,,0,P,0.19121,0.84859,0.11365,0.01414,frames/frame_004348.jpg
4349,72.483333,,0,B,0.19440,0.84541,0.11569,0.01375,frames/frame_004349.jpg
4350,72.500000,,0,B,0.19316,0.84649,0.11487,0.01171,frames/frame_004350.jpg
4351,72.516667,,0,B,0.19225,0.84593,0.11370,0.01115,frames/frame_004351.jpg
4352,72.533333,,0,P,0.18977,0.84816,0.11283,0.01328,frames/frame_004352.jpg
4353,72.550000,,0,B,0.18847,0.84681,0.11144,0.01240,frames/frame_004353.jpg
4354,72.566667,,0,B,0.18712,0.84906,0.11174,0.01054,frames/frame_004354.jpg
4355,72.583333,,0,B,0.18725,0.84895,0.11097,0.01041,frames/frame_004355.jpg
4356,72.600000,,0,P,0.18710,0.85185,0.11122,0.01252,frames/frame_004356.jpg
4357,72.616667,,0,B,0.19438,0.85220,0.10640,0.01961,frames/frame_004357.jpg
4358,72.633333,,0,B,0.20822,0.85007,0.11166,0.02215,frames/frame_004358.jpg
4359,72.650000,,0,B,0.20603,0.84809,0.11030,0.01409,frames/frame_004359.jpg
4360,72.666667,,0,P,0.20435,0.84874,0.11122,0.01508,frames/frame_004360.jpg
4361,72.683333,,0,B,0.20488,0.84586,0.11074,0.01467,frames/frame_004361.jpg
4362,72.700000,,0,B,0.20366,0.84745,0.11246,0.01384,frames/frame_004362.jpg
4363,72.716667,,0,B,0.20554,0.84373,0.11380,0.01329,frames/frame_004363.jpg
4364,72.733333,,0,P,0.20541,0.84666,0.11497,0.01506,frames/frame_004364.jpg
4365,72.750000,,0,B,0.20921,0.84489,0.11780,0.01606,frames/frame_004365.jpg
4366,72.766667,,0,P,0.20982,0.84561,0.11675,0.01717,frames/frame_004366.jpg
4367,72.783333,,0,B,0.21880,0.84079,0.11972,0.03694,frames/frame_004367.jpg
4368,72.800000,,0,B,0.22169,0.84204,0.12171,0.01871,frames/frame_004368.jpg
4369,72.816667,,0,B,0.22414,0.83969,0.11911,0.02012,frames/frame_004369.jpg
4370,72.833333,,0,P,0.22309,0.84329,0.12096,0.01865,frames/frame_004370.jpg
4371,72.850000,,0,B,0.22409,0.84094,0.11896,0.02232,frames/frame_004371.jpg
4372,72.866667,,0,B,0.22203,0.84349,0.12052,0.02076,frames/frame_004372.jpg
4373,72.883333,,0,B,0.22102,0.84296,0.11972,0.02054,frames/frame_004373.jpg
4374,72.900000,,0,P,0.21912,0.84777,0.12046,0.02036,frames/frame_004374.jpg
4375,72.916667,,0,B,0.22018,0.84368,0.12249,0.01960,frames/frame_004375.jpg
4376,72.933333,,0,B,0.22301,0.84499,0.12534,0.01989,frames/frame_004376.jpg
4377,72.950000,,0,B,0.21984,0.84410,0.12688,0.01934,frames/frame_004377.jpg
4378,72.966667,,0,P,0.21466,0.84748,0.11648,0.01936,frames/frame_004378.jpg
4379,72.983333,,0,B,0.21090,0.84564,0.11953,0.01764,frames/frame_004379.jpg
4380,73.000000,,0,B,0.20558,0.84829,0.11832,0.01950,frames/frame_004380.jpg
4381,73.016667,,0,B,0.20474,0.84483,0.11801,0.01584,frames/frame_004381.jpg
4382,73.033333,,0,P,0.20222,0.84909,0.12192,0.01550,frames/frame_004382.jpg
4383,73.050000,,0,B,0.20589,0.84564,0.12058,0.01588,frames/frame_004383.jpg
4384,73.066667,,0,B,0.20950,0.84693,0.12358,0.01681,frames/frame_004384.jpg
4385,73.083333,,0,B,0.21687,0.84367,0.12080,0.02103,frames/frame_004385.jpg
4386,73.100000,,0,P,0.21501,0.84821,0.12003,0.01827,frames/frame_004386.jpg
4387,73.116667,,0,B,0.21692,0.84459,0.11785,0.01882,frames/frame_004387.jpg
4388,73.133333,,0,B,0.21671,0.84546,0.11791,0.01928,frames/frame_004388.jpg
4389,73.150000,,0,B,0.21701,0.84631,0.11658,0.01863,frames/frame_004389.jpg
4390,73.166667,,0,P,0.21636,0.84834,0.11430,0.01799,frames/frame_004390.jpg
4391,73.183333,,0,B,0.21691,0.84951,0.11589,0.01812,frames/frame_004391.jpg
4392,73.200000,,0,B,0.21657,0.84829,0.11340,0.01704,frames/frame_004392.jpg
4393,73.216667,,0,P,0.21567,0.85067,0.11288,0.01757,frames/frame_004393.jpg
4394,73.233333,,0,P,0.35025,0.54188,0.11222,0.13551,frames/frame_004394.jpg
4395,73.250000,,0,B,0.32784,0.56192,0.10799,0.02740,frames/frame_004395.jpg
4396,73.266667,,0,B,0.30080,0.58665,0.10669,0.03464,frames/frame_004396.jpg
4397,73.283333,,0,B,0.28513,0.61121,0.10166,0.02474,frames/frame_004397.jpg
4398,73.300000,,0,P,0.26977,0.64998,0.10758,0.02714,frames/frame_004398.jpg
4399,73.316667,,0,B,0.26345,0.67199,0.10816,0.02058,frames/frame_004399.jpg
4400,73.333333,,0,B,0.25447,0.70221,0.11178,0.02355,frames/frame_004400.jpg
4401,73.350000,,0,B,0.25201,0.72295,0.11304,0.02264,frames/frame_004401.jpg
4402,73.366667,,0,P,0.25021,0.75808,0.11823,0.02579,frames/frame_004402.jpg
4403,73.383333,,0,B,0.25466,0.76640,0.11947,0.02276,frames/frame_004403.jpg
4404,73.400000,,0,B,0.25074,0.78715,0.12219,0.02169,frames/frame_004404.jpg
4405,73.416667,,0,B,0.24880,0.79781,0.12195,0.02579,frames/frame_004405.jpg
4406,73.433333,,0,P,0.24370,0.81824,0.12271,0.02550,frames/frame_004406.jpg
4407,73.450000,,0,B,0.24281,0.82289,0.12245,0.02618,frames/frame_004407.jpg
4408,73.466667,,0,B,0.24058,0.83107,0.12122,0.02711,frames/frame_004408.jpg
4409,73.483333,,0,B,0.23963,0.83430,0.12136,0.02722,frames/frame_004409.jpg
4410,73.500000,,0,P,0.23707,0.84114,0.12383,0.02539,frames/frame_004410.jpg
4411,73.516667,,0,B,0.24071,0.83976,0.12631,0.02532,frames/frame_004411.jpg
4412,73.533333,,0,B,0.25136,0.83991,0.12574,0.02934,frames/frame_004412.jpg
4413,73.550000,,0,B,0.24203,0.84081,0.12784,0.02285,frames/frame_004413.jpg
4414,73.566667,,0,P,0.22928,0.84509,0.11943,0.02314,frames/frame_004414.jpg
4415,73.583333,,0,B,0.22318,0.84365,0.12179,0.02047,frames/frame_004415.jpg
4416,73.600000,,0,B,0.21891,0.84216,0.12177,0.02182,frames/frame_004416.jpg
4417,73.616667,,0,B,0.21717,0.83855,0.12085,0.01934,frames/frame_004417.jpg
4418,73.633333,,0,P,0.21614,0.84066,0.12459,0.01710,frames/frame_004418.jpg
4419,73.650000,,0,B,0.21660,0.83884,0.12581,0.01767,frames/frame_004419.jpg
4420,73.666667,,0,B,0.21814,0.84079,0.12560,0.01957,frames/frame_004420.jpg
4421,73.683333,,0,B,0.22655,0.83688,0.12302,0.02706,frames/frame_004421.jpg
4422,73.700000,,0,P,0.22558,0.84013,0.12452,0.01985,frames/frame_004422.jpg
4423,73.716667,,0,B,0.22596,0.83757,0.12474,0.02015,frames/frame_004423.jpg
4424,73.733333,,0,B,0.22576,0.83795,0.12431,0.02093,frames/frame_004424.jpg
4425,73.750000,,0,B,0.22468,0.83866,0.12126,0.02023,frames/frame_004425.jpg
4426,73.766667,,0,P,0.22297,0.84235,0.12090,0.01972,frames/frame_004426.jpg
4427,73.783333,,0,B,0.22468,0.84023,0.11795,0.02058,frames/frame_004427.jpg
4428,73.800000,,0,B,0.22537,0.84416,0.11846,0.02045,frames/frame_004428.jpg
4429,73.816667,,0,B,0.23256,0.84339,0.11628,0.02479,frames/frame_004429.jpg
4430,73.833333,,0,P,0.25268,0.83970,0.11939,0.02876,frames/frame_004430.jpg
4431,73.850000,,0,B,0.24298,0.83543,0.11627,0.02307,frames/frame_004431.jpg
4432,73.866667,,0,B,0.23249,0.83623,0.11314,0.02612,frames/frame_004432.jpg
4433,73.883333,,0,B,0.23072,0.83146,0.11369,0.01908,frames/frame_004433.jpg
4434,73.900000,,0,P,0.22675,0.83251,0.11673,0.01953,frames/frame_004434.jpg
4435,73.916667,,0,B,0.22620,0.82950,0.11915,0.01955,frames/frame_004435.jpg
4436,73.933333,,0,B,0.22401,0.83421,0.11987,0.02139,frames/frame_004436.jpg
4437,73.950000,,0,B,0.22478,0.83212,0.12079,0.02089,frames/frame_004437.jpg
4438,73.966667,,0,P,0.22415,0.83599,0.12157,0.02063,frames/frame_004438.jpg
4439,73.983333,,0,B,0.22522,0.83383,0.12189,0.02014,frames/frame_004439.jpg
4440,74.000000,,0,B,0.22527,0.83612,0.12235,0.02104,frames/frame_004440.jpg
4441,74.016667,,0,B,0.22645,0.83613,0.12089,0.02280,frames/frame_004441.jpg
4442,74.033333,,0,P,0.22659,0.83890,0.12446,0.02175,frames/frame_004442.jpg
4443,74.050000,,0,B,0.22944,0.83727,0.12260,0.02278,frames/frame_004443.jpg
4444,74.066667,,0,B,0.22796,0.83972,0.12518,0.02430,frames/frame_004444.jpg
4445,74.083333,,0,B,0.22743,0.83992,0.12398,0.02464,frames/frame_004445.jpg
4446,74.100000,,0,P,0.22617,0.84436,0.12405,0.02298,frames/frame_004446.jpg
4447,74.116667,,0,B,0.22686,0.84128,0.12540,0.02109,frames/frame_004447.jpg
4448,74.133333,,0,B,0.23441,0.84291,0.12991,0.03023,frames/frame_004448.jpg
4449,74.150000,,0,B,0.23179,0.84016,0.12931,0.02122,frames/frame_004449.jpg
4450,74.166667,,0,P,0.22593,0.84425,0.11984,0.02099,frames/frame_004450.jpg
4451,74.183333,,0,B,0.22075,0.84438,0.12412,0.01945,frames/frame_004451.jpg
4452,74.200000,,0,B,0.21718,0.84504,0.12216,0.02008,frames/frame_004452.jpg
4453,74.216667,,0,B,0.21729,0.84262,0.12551,0.01755,frames/frame_004453.jpg
4454,74.233333,,0,P,0.21532,0.84775,0.12730,0.01698,frames/frame_004454.jpg
4455,74.250000,,0,B,0.21806,0.84524,0.12583,0.01746,frames/frame_004455.jpg
4456,74.266667,,0,B,0.21864,0.84606,0.12534,0.01799,frames/frame_004456.jpg
4457,74.283333,,0,B,0.22093,0.84360,0.12486,0.01840,frames/frame_004457.jpg
4458,74.300000,,0,P,0.21584,0.84848,0.12254,0.02002,frames/frame_004458.jpg
4459,74.316667,,0,B,0.21956,0.84641,0.12281,0.02247,frames/frame_004459.jpg
4460,74.333333,,0,B,0.22039,0.84677,0.12421,0.02071,frames/frame_004460.jpg
4461,74.350000,,0,B,0.22306,0.84566,0.12340,0.01877,frames/frame_004461.jpg
4462,74.366667,,0,P,0.22164,0.84924,0.12237,0.01902,frames/frame_004462.jpg
4463,74.383333,,0,B,0.22439,0.84500,0.12130,0.02002,frames/frame_004463.jpg
4464,74.400000,,0,B,0.22260,0.84826,0.12200,0.02051,frames/frame_004464.jpg
4465,74.416667,,0,B,0.22538,0.84737,0.12029,0.02023,frames/frame_004465.jpg
4466,74.433333,,0,P,0.24983,0.84640,0.12954,0.03000,frames/frame_004466.jpg
4467,74.450000,,0,B,0.24001,0.84164,0.12447,0.02353,frames/frame_004467.jpg
4468,74.466667,,0,B,0.22464,0.84264,0.11541,0.02815,frames/frame_004468.jpg
4469,74.483333,,0,B,0.22145,0.83926,0.12192,0.02039,frames/frame_004469.jpg
4470,74.500000,,0,P,0.21808,0.83743,0.11871,0.02047,frames/frame_004470.jpg
4471,74.516667,,0,B,0.22041,0.83329,0.12372,0.02117,frames/frame_004471.jpg
4472,74.533333,,0,B,0.21922,0.83540,0.12222,0.02234,frames/frame_004472.jpg
4473,74.550000,,0,B,0.22167,0.83318,0.12241,0.02131,frames/frame_004473.jpg
4474,74.566667,,0,P,0.22485,0.83888,0.12435,0.02456,frames/frame_004474.jpg
4475,74.583333,,0,B,0.23578,0.83380,0.12463,0.04608,frames/frame_004475.jpg
4476,74.600000,,0,B,0.23554,0.83921,0.12360,0.02301,frames/frame_004476.jpg
4477,74.616667,,0,B,0.23549,0.83873,0.12368,0.02420,frames/frame_004477.jpg
4478,74.633333,,0,P,0.23244,0.84443,0.12390,0.02464,frames/frame_004478.jpg
4479,74.650000,,0,B,0.23151,0.84168,0.12252,0.02443,frames/frame_004479.jpg
4480,74.666667,,0,B,0.23047,0.84467,0.12054,0.02519,frames/frame_004480.jpg
4481,74.683333,,0,B,0.22960,0.84208,0.12030,0.02501,frames/frame_004481.jpg
4482,74.700000,,0,P,0.23038,0.84556,0.12194,0.02488,frames/frame_004482.jpg
4483,74.716667,,0,B,0.23357,0.84483,0.12391,0.02624,frames/frame_004483.jpg
4484,74.733333,,0,B,0.23743,0.84511,0.12048,0.02950,frames/frame_004484.jpg
4485,74.750000,,0,B,0.22638,0.84526,0.12040,0.02337,frames/frame_004485.jpg
4486,74.766667,,0,P,0.21446,0.84835,0.11096,0.02204,frames/frame_004486.jpg
4487,74.783333,,0,B,0.20710,0.84779,0.11426,0.01956,frames/frame_004487.jpg
4488,74.800000,,0,B,0.20205,0.84537,0.11187,0.01877,frames/frame_004488.jpg
4489,74.816667,,0,B,0.20005,0.84357,0.11634,0.01670,frames/frame_004489.jpg
4490,74.833333,,0,P,0.20267,0.84594,0.11710,0.01843,frames/frame_004490.jpg
4491,74.850000,,0,B,0.20265,0.84510,0.11639,0.01566,frames/frame_004491.jpg
4492,74.866667,,0,B,0.20464,0.84587,0.11751,0.01613,frames/frame_004492.jpg
4493,74.883333,,0,B,0.20624,0.84316,0.11728,0.01566,frames/frame_004493.jpg
4494,74.900000,,0,P,0.20576,0.84596,0.11652,0.01499,frames/frame_004494.jpg
4495,74.916667,,0,B,0.20601,0.84319,0.11537,0.01446,frames/frame_004495.jpg
4496,74.933333,,0,B,0.20402,0.84452,0.11424,0.01559,frames/frame_004496.jpg
4497,74.950000,,0,B,0.20291,0.84364,0.11375,0.01557,frames/frame_004497.jpg
4498,74.966667,,0,P,0.20178,0.84531,0.11388,0.01477,frames/frame_004498.jpg
4499,74.983333,,0,P,0.20139,0.84758,0.11236,0.01558,frames/frame_004499.jpg
4500,75.000000,,1,I,0.20510,0.84815,0.11430,0.01696,frames/frame_004500.jpg
4501,75.016667,,0,B,0.21417,0.84648,0.11191,0.02326,frames/frame_004501.jpg
4502,75.033333,,0,B,0.23741,0.84370,0.12002,0.04853,frames/frame_004502.jpg
4503,75.050000,,0,B,0.23600,0.84321,0.11978,0.02365,frames/frame_004503.jpg
4504,75.066667,,0,P,0.23438,0.84319,0.12227,0.02395,frames/frame_004504.jpg
4505,75.083333,,0,B,0.23429,0.83691,0.12356,0.02203,frames/frame_004505.jpg
4506,75.100000,,0,B,0.23057,0.83887,0.12214,0.02127,frames/frame_004506.jpg
4507,75.116667,,0,B,0.22676,0.83846,0.12326,0.02000,frames/frame_004507.jpg
4508,75.133333,,0,P,0.22144,0.83965,0.11869,0.02278,frames/frame_004508.jpg
4509,75.150000,,0,B,0.21943,0.83815,0.12593,0.02401,frames/frame_004509.jpg
4510,75.166667,,0,B,0.21835,0.83779,0.12329,0.02090,frames/frame_004510.jpg
4511,75.183333,,0,B,0.21989,0.83395,0.12498,0.02162,frames/frame_004511.jpg
4512,75.200000,,0,P,0.21907,0.83763,0.12419,0.02099,frames/frame_004512.jpg
4513,75.216667,,0,B,0.21917,0.83579,0.12071,0.02282,frames/frame_004513.jpg
4514,75.233333,,0,B,0.21973,0.83817,0.12055,0.02232,frames/frame_004514.jpg
4515,75.250000,,0,B,0.22050,0.83737,0.12251,0.02350,frames/frame_004515.jpg
4516,75.266667,,0,P,0.21932,0.84138,0.12453,0.02386,frames/frame_004516.jpg
4517,75.283333,,0,B,0.21875,0.83918,0.12232,0.02426,frames/frame_004517.jpg
4518,75.300000,,0,B,0.21907,0.84087,0.12357,0.02298,frames/frame_004518.jpg
4519,75.316667,,0,B,0.21947,0.84007,0.12352,0.02129,frames/frame_004519.jpg
4520,75.333333,,0,P,0.22474,0.83999,0.12655,0.02196,frames/frame_004520.jpg
4521,75.350000,,0,B,0.22232,0.83826,0.12791,0.02142,frames/frame_004521.jpg
4522,75.366667,,0,B,0.21786,0.84003,0.11928,0.02132,frames/frame_004522.jpg
4523,75.383333,,0,B,0.21249,0.84121,0.12153,0.01994,frames/frame_004523.jpg
4524,75.400000,,0,P,0.20828,0.84309,0.12125,0.02130,frames/frame_004524.jpg
4525,75.416667,,0,B,0.20838,0.83701,0.12262,0.01948,frames/frame_004525.jpg
4526,75.433333,,0,B,0.20756,0.84057,0.12571,0.01753,frames/frame_004526.jpg
4527,75.450000,,0,B,0.20963,0.84075,0.12486,0.01665,frames/frame_004527.jpg
4528,75.466667,,0,P,0.21424,0.84204,0.12661,0.02073,frames/frame_004528.jpg
4529,75.483333,,0,B,0.22267,0.84010,0.12415,0.02801,frames/frame_004529.jpg
4530,75.500000,,0,B,0.22270,0.84189,0.12089,0.01863,frames/frame_004530.jpg
4531,75.516667,,0,B,0.22139,0.84191,0.12055,0.01922,frames/frame_004531.jpg
4532,75.533333,,0,P,0.21740,0.84580,0.11753,0.02048,frames/frame_004532.jpg
4533,75.550000,,0,B,0.21701,0.84460,0.11781,0.01945,frames/frame_004533.jpg
4534,75.566667,,0,B,0.21805,0.84437,0.11541,0.01829,frames/frame_004534.jpg
4535,75.583333,,0,B,0.21776,0.84358,0.11544,0.01834,frames/frame_004535.jpg
4536,75.600000,,0,P,0.21674,0.84529,0.11673,0.01919,frames/frame_004536.jpg
4537,75.616667,,0,B,0.21906,0.84223,0.11873,0.01990,frames/frame_004537.jpg
4538,75.633333,,0,B,0.23954,0.83529,0.12459,0.02971,frames/frame_004538.jpg
4539,75.650000,,0,B,0.23204,0.83219,0.11993,0.02344,frames/frame_004539.jpg
4540,75.666667,,0,P,0.22331,0.83386,0.11578,0.02809,frames/frame_004540.jpg
4541,75.683333,,0,B,0.22058,0.82728,0.11131,0.02086,frames/frame_004541.jpg
4542,75.700000,,0,B,0.21938,0.82613,0.11236,0.02155,frames/frame_004542.jpg
4543,75.716667,,0,B,0.22056,0.82492,0.11305,0.01907,frames/frame_004543.jpg
4544,75.733333,,0,P,0.22010,0.83003,0.11467,0.02029,frames/frame_004544.jpg
4545,75.750000,,0,B,0.22191,0.82940,0.11570,0.02018,frames/frame_004545.jpg
4546,75.766667,,0,B,0.22777,0.83202,0.11918,0.02431,frames/frame_004546.jpg
4547,75.783333,,0,B,0.23267,0.83106,0.11744,0.02311,frames/frame_004547.jpg
4548,75.800000,,0,P,0.23411,0.83757,0.11878,0.02146,frames/frame_004548.jpg
4549,75.816667,,0,B,0.23644,0.83513,0.11813,0.02459,frames/frame_004549.jpg
4550,75.833333,,0,B,0.23632,0.83938,0.11754,0.02274,frames/frame_004550.jpg
4551,75.850000,,0,B,0.23551,0.83972,0.11797,0.02475,frames/frame_004551.jpg
4552,75.866667,,0,P,0.23241,0.84396,0.11867,0.02646,frames/frame_004552.jpg
4553,75.883333,,0,B,0.23170,0.84150,0.11735,0.02662,frames/frame_004553.jpg
4554,75.900000,,0,B,0.23116,0.84392,0.11949,0.02400,frames/frame_004554.jpg
4555,75.916667,,0,B,0.23397,0.84049,0.12132,0.02412,frames/frame_004555.jpg
4556,75.933333,,0,P,0.24565,0.83776,0.12453,0.03535,frames/frame_004556.jpg
4557,75.950000,,0,B,0.23619,0.83630,0.12098,0.02489,frames/frame_004557.jpg
4558,75.966667,,0,B,0.22670,0.83816,0.11307,0.02307,frames/frame_004558.jpg
4559,75.983333,,0,B,0.22154,0.83746,0.11546,0.02043,frames/frame_004559.jpg
4560,76.000000,,0,P,0.21540,0.83946,0.11425,0.02172,frames/frame_004560.jpg
4561,76.016667,,0,B,0.21346,0.83642,0.11383,0.01910,frames/frame_004561.jpg
4562,76.033333,,0,B,0.21261,0.83866,0.11710,0.01658,frames/frame_004562.jpg
4563,76.050000,,0,B,0.21305,0.83757,0.11796,0.01673,frames/frame_004563.jpg
4564,76.066667,,0,P,0.21470,0.84024,0.11800,0.01831,frames/frame_004564.jpg
4565,76.083333,,0,B,0.22006,0.83757,0.11584,0.02039,frames/frame_004565.jpg
4566,76.100000,,0,B,0.22072,0.83791,0.11823,0.01699,frames/frame_004566.jpg
4567,76.116667,,0,B,0.22030,0.83872,0.11822,0.01731,frames/frame_004567.jpg
4568,76.133333,,0,P,0.21710,0.84232,0.11732,0.01853,frames/frame_004568.jpg
4569,76.150000,,0,B,0.21529,0.84128,0.11562,0.01809,frames/frame_004569.jpg
4570,76.166667,,0,B,0.21491,0.84320,0.11531,0.01800,frames/frame_004570.jpg
4571,76.183333,,0,B,0.21549,0.84319,0.11421,0.01766,frames/frame_004571.jpg
4572,76.200000,,0,P,0.21900,0.84402,0.11779,0.02060,frames/frame_004572.jpg
4573,76.216667,,0,B,0.22735,0.83784,0.11920,0.02472,frames/frame_004573.jpg
4574,76.233333,,0,B,0.24636,0.83362,0.12178,0.02881,frames/frame_004574.jpg
4575,76.250000,,0,B,0.23702,0.83213,0.11913,0.02413,frames/frame_004575.jpg
4576,76.266667,,0,P,0.22830,0.83414,0.11649,0.02677,frames/frame_004576.jpg
4577,76.283333,,0,B,0.22318,0.83265,0.11359,0.02127,frames/frame_004577.jpg
4578,76.300000,,0,B,0.21928,0.83280,0.11549,0.02084,frames/frame_004578.jpg
4579,76.316667,,0,B,0.21931,0.83162,0.11591,0.01896,frames/frame_004579.jpg
4580,76.333333,,0,P,0.21667,0.83827,0.11807,0.01957,frames/frame_004580.jpg
4581,76.350000,,0,B,0.21835,0.83446,0.12114,0.01978,frames/frame_004581.jpg
4582,76.366667,,0,B,0.21764,0.83820,0.12094,0.01938,frames/frame_004582.jpg
4583,76.383333,,0,B,0.22365,0.83607,0.12058,0.03769,frames/frame_004583.jpg
4584,76.400000,,0,P,0.22335,0.84021,0.12312,0.02068,frames/frame_004584.jpg
4585,76.416667,,0,B,0.22383,0.83757,0.11883,0.02084,frames/frame_004585.jpg
4586,76.433333,,0,B,0.22165,0.84144,0.12067,0.02011,frames/frame_004586.jpg
4587,76.450000,,0,B,0.22334,0.84013,0.11976,0.02109,frames/frame_004587.jpg
4588,76.466667,,0,P,0.22233,0.84435,0.12402,0.02155,frames/frame_004588.jpg
4589,76.483333,,0,B,0.22548,0.84044,0.12498,0.02186,frames/frame_004589.jpg
4590,76.500000,,0,B,0.22526,0.84132,0.12625,0.02009,frames/frame_004590.jpg
4591,76.516667,,0,B,0.22655,0.83883,0.12852,0.01895,frames/frame_004591.jpg
4592,76.533333,,0,P,0.22907,0.84116,0.13188,0.02170,frames/frame_004592.jpg
4593,76.550000,,0,B,0.22495,0.83745,0.12823,0.02213,frames/frame_004593.jpg
4594,76.566667,,0,B,0.21976,0.84056,0.12428,0.02138,frames/frame_004594.jpg
4595,76.583333,,0,B,0.21559,0.84116,0.12798,0.01933,frames/frame_004595.jpg
4596,76.600000,,0,P,0.21279,0.84276,0.12332,0.02079,frames/frame_004596.jpg
4597,76.616667,,0,B,0.21335,0.83976,0.12559,0.01903,frames/frame_004597.jpg
4598,76.633333,,0,B,0.21272,0.84408,0.12731,0.01652,frames/frame_004598.jpg
4599,76.650000,,0,B,0.21309,0.84509,0.12437,0.01551,frames/frame_004599.jpg
4600,76.666667,,0,P,0.21413,0.84686,0.12710,0.01725,frames/frame_004600.jpg
4601,76.683333,,0,B,0.21690,0.84258,0.12466,0.01828,frames/frame_004601.jpg
4602,76.700000,,0,B,0.21369,0.84609,0.12303,0.01735,frames/frame_004602.jpg
4603,76.716667,,0,B,0.21454,0.84568,0.12115,0.01786,frames/frame_004603.jpg
4604,76.733333,,0,P,0.21336,0.84948,0.12156,0.01748,frames/frame_004604.jpg
4605,76.750000,,0,B,0.21469,0.84766,0.12041,0.01796,frames/frame_004605.jpg
4606,76.766667,,0,B,0.21385,0.84949,0.11963,0.01616,frames/frame_004606.jpg
4607,76.783333,,0,B,0.21414,0.84843,0.12008,0.01666,frames/frame_004607.jpg
4608,76.800000,,0,P,0.21052,0.85226,0.11828,0.01726,frames/frame_004608.jpg
4609,76.816667,,0,B,0.20981,0.85131,0.12042,0.01734,frames/frame_004609.jpg
4610,76.833333,,0,B,0.34146,0.53963,0.11478,0.13349,frames/frame_004610.jpg
4611,76.850000,,0,P,0.31588,0.56146,0.11316,0.03312,frames/frame_004611.jpg
4612,76.866667,,0,P,0.29451,0.58327,0.11670,0.03061,frames/frame_004612.jpg
4613,76.883333,,0,B,0.28005,0.60961,0.11248,0.02478,frames/frame_004613.jpg
4614,76.900000,,0,B,0.26845,0.63832,0.11536,0.02543,frames/frame_004614.jpg
4615,76.916667,,0,P,0.25721,0.67590,0.11831,0.02532,frames/frame_004615.jpg
4616,76.933333,,0,B,0.25109,0.70081,0.11739,0.02367,frames/frame_004616.jpg
4617,76.950000,,0,B,0.24507,0.72933,0.11944,0.02349,frames/frame_004617.jpg
4618,76.966667,,0,B,0.24247,0.75229,0.12006,0.02189,frames/frame_004618.jpg
4619,76.983333,,0,P,0.23592,0.78110,0.12026,0.02259,frames/frame_004619.jpg
4620,77.000000,,0,B,0.23435,0.79334,0.11944,0.02244,frames/frame_004620.jpg
4621,77.016667,,0,B,0.23172,0.80848,0.11973,0.02331,frames/frame_004621.jpg
4622,77.033333,,0,B,0.23290,0.81439,0.12020,0.02075,frames/frame_004622.jpg
4623,77.050000,,0,P,0.23006,0.83055,0.12211,0.02353,frames/frame_004623.jpg
4624,77.066667,,0,B,0.22992,0.83135,0.12096,0.02398,frames/frame_004624.jpg
4625,77.083333,,0,B,0.22716,0.83638,0.12115,0.02521,frames/frame_004625.jpg
4626,77.100000,,0,B,0.22653,0.83759,0.12097,0.02156,frames/frame_004626.jpg
4627,77.116667,,0,P,0.22135,0.84235,0.12202,0.02138,frames/frame_004627.jpg
4628,77.133333,,0,B,0.21553,0.84137,0.12293,0.02068,frames/frame_004628.jpg
4629,77.150000,,0,B,0.20684,0.84308,0.11422,0.02177,frames/frame_004629.jpg
4630,77.166667,,0,B,0.20054,0.84168,0.11853,0.01867,frames/frame_004630.jpg
4631,77.183333,,0,P,0.19237,0.84812,0.11772,0.01997,frames/frame_004631.jpg
4632,77.200000,,0,B,0.19136,0.84437,0.11760,0.01781,frames/frame_004632.jpg
4633,77.216667,,0,B,0.18989,0.84673,0.12154,0.01536,frames/frame_004633.jpg
4634,77.233333,,0,B,0.18863,0.84764,0.12097,0.01225,frames/frame_004634.jpg
4635,77.250000,,0,P,0.18724,0.85146,0.11976,0.01102,frames/frame_004635.jpg
4636,77.266667,,0,B,0.18748,0.84784,0.11783,0.01266,frames/frame_004636.jpg
4637,77.283333,,0,B,0.18568,0.84945,0.11721,0.01736,frames/frame_004637.jpg
4638,77.300000,,0,B,0.18481,0.84915,0.11619,0.00934,frames/frame_004638.jpg
4639,77.316667,,0,P,0.18241,0.85463,0.11550,0.00947,frames/frame_004639.jpg
4640,77.333333,,0,B,0.18347,0.84969,0.11521,0.01019,frames/frame_004640.jpg
4641,77.350000,,0,B,0.18258,0.85228,0.11506,0.01001,frames/frame_004641.jpg
4642,77.366667,,0,B,0.18258,0.84991,0.11448,0.00852,frames/frame_004642.jpg
4643,77.383333,,0,P,0.18094,0.85568,0.11425,0.00893,frames/frame_004643.jpg
4644,77.400000,,0,B,0.18397,0.85283,0.11598,0.01127,frames/frame_004644.jpg
4645,77.416667,,0,B,0.19333,0.85313,0.11374,0.01953,frames/frame_004645.jpg
4646,77.433333,,0,B,0.21153,0.84502,0.11682,0.02467,frames/frame_004646.jpg
4647,77.450000,,0,P,0.20850,0.84468,0.11784,0.01763,frames/frame_004647.jpg
4648,77.466667,,0,B,0.20600,0.84186,0.11752,0.01942,frames/frame_004648.jpg
4649,77.483333,,0,B,0.20385,0.84566,0.11530,0.01739,frames/frame_004649.jpg
4650,77.500000,,0,B,0.20218,0.84465,0.11384,0.01566,frames/frame_004650.jpg
4651,77.516667,,0,P,0.20030,0.84873,0.11384,0.01415,frames/frame_004651.jpg
4652,77.533333,,0,B,0.20115,0.84702,0.11385,0.01668,frames/frame_004652.jpg
4653,77.550000,,0,B,0.20068,0.84938,0.11556,0.01542,frames/frame_004653.jpg
4654,77.566667,,0,B,0.20360,0.84628,0.11575,0.01687,frames/frame_004654.jpg
4655,77.583333,,0,P,0.20488,0.84896,0.11754,0.01706,frames/frame_004655.jpg
4656,77.600000,,0,B,0.20527,0.84576,0.11521,0.01699,frames/frame_004656.jpg
4657,77.616667,,0,B,0.20388,0.84860,0.11459,0.01807,frames/frame_004657.jpg
4658,77.633333,,0,B,0.20663,0.84677,0.11629,0.01771,frames/frame_004658.jpg
4659,77.650000,,0,P,0.20823,0.85021,0.11846,0.01773,frames/frame_004659.jpg
4660,77.666667,,0,B,0.21264,0.84342,0.12133,0.02118,frames/frame_004660.jpg
4661,77.683333,,0,B,0.21480,0.84517,0.12067,0.01973,frames/frame_004661.jpg
4662,77.700000,,0,B,0.21513,0.84329,0.12087,0.01917,frames/frame_004662.jpg
4663,77.716667,,0,P,0.21091,0.84938,0.12084,0.01822,frames/frame_004663.jpg
4664,77.733333,,0,B,0.20887,0.84449,0.12097,0.02711,frames/frame_004664.jpg
4665,77.750000,,0,B,0.20187,0.84777,0.11282,0.02063,frames/frame_004665.jpg
4666,77.766667,,0,B,0.19872,0.84454,0.11650,0.01572,frames/frame_004666.jpg
4667,77.783333,,0,P,0.19146,0.85186,0.11448,0.01646,frames/frame_004667.jpg
4668,77.800000,,0,B,0.19140,0.84250,0.11498,0.01614,frames/frame_004668.jpg
4669,77.816667,,0,B,0.18978,0.84663,0.11994,0.01498,frames/frame_004669.jpg
4670,77.833333,,0,B,0.18942,0.84614,0.11931,0.01062,frames/frame_004670.jpg
4671,77.850000,,0,P,0.18779,0.85163,0.11885,0.01090,frames/frame_004671.jpg
4672,77.866667,,0,B,0.18949,0.84854,0.11797,0.01276,frames/frame_004672.jpg
4673,77.883333,,0,B,0.18932,0.85107,0.11812,0.01180,frames/frame_004673.jpg
4674,77.900000,,0,B,0.18897,0.85079,0.11694,0.00963,frames/frame_004674.jpg
4675,77.916667,,0,P,0.18737,0.85380,0.11710,0.00913,frames/frame_004675.jpg
4676,77.933333,,0,B,0.18726,0.85005,0.11546,0.01096,frames/frame_004676.jpg
4677,77.950000,,0,B,0.18631,0.85297,0.11498,0.01048,frames/frame_004677.jpg
4678,77.966667,,0,B,0.18684,0.85171,0.11480,0.00833,frames/frame_004678.jpg
4679,77.983333,,0,P,0.18645,0.85477,0.11517,0.00809,frames/frame_004679.jpg
4680,78.000000,,1,I,0.18643,0.85239,0.11463,0.01125,frames/frame_004680.jpg
4681,78.016667,,0,B,0.18769,0.84899,0.11420,0.01061,frames/frame_004681.jpg
4682,78.033333,,0,B,0.20580,0.84413,0.12075,0.02351,frames/frame_004682.jpg
4683,78.050000,,0,B,0.20711,0.83982,0.11845,0.01605,frames/frame_004683.jpg
4684,78.066667,,0,P,0.20428,0.84109,0.11681,0.01772,frames/frame_004684.jpg
4685,78.083333,,0,B,0.20684,0.83595,0.11704,0.01562,frames/frame_004685.jpg
4686,78.100000,,0,B,0.20882,0.83796,0.11620,0.01537,frames/frame_004686.jpg
4687,78.116667,,0,B,0.21033,0.83657,0.11463,0.01494,frames/frame_004687.jpg
4688,78.133333,,0,P,0.21132,0.84119,0.11522,0.01704,frames/frame_004688.jpg
4689,78.150000,,0,B,0.21451,0.83614,0.11458,0.01580,frames/frame_004689.jpg
4690,78.166667,,0,B,0.21679,0.83979,0.11563,0.01840,frames/frame_004690.jpg
4691,78.183333,,0,B,0.22891,0.83624,0.11997,0.04023,frames/frame_004691.jpg
4692,78.200000,,0,P,0.22874,0.84241,0.12104,0.02033,frames/frame_004692.jpg
4693,78.216667,,0,B,0.22929,0.83883,0.11902,0.02186,frames/frame_004693.jpg
4694,78.233333,,0,B,0.22923,0.84304,0.11954,0.01945,frames/frame_004694.jpg
4695,78.250000,,0,B,0.23019,0.84212,0.12026,0.02108,frames/frame_004695.jpg
4696,78.266667,,0,P,0.22792,0.84803,0.11985,0.02061,frames/frame_004696.jpg
4697,78.283333,,0,B,0.22616,0.84337,0.11943,0.02274,frames/frame_004697.jpg
4698,78.300000,,0,B,0.22469,0.84609,0.11953,0.02078,frames/frame_004698.jpg
4699,78.316667,,0,B,0.22219,0.84541,0.12085,0.01975,frames/frame_004699.jpg
4700,78.333333,,0,P,0.22657,0.85023,0.12016,0.02670,frames/frame_004700.jpg
4701,78.350000,,0,B,0.22005,0.84651,0.11760,0.01998,frames/frame_004701.jpg
4702,78.366667,,0,B,0.21368,0.84783,0.11760,0.01910,frames/frame_004702.jpg
4703,78.383333,,0,B,0.20556,0.84783,0.11868,0.01980,frames/frame_004703.jpg
4704,78.400000,,0,P,0.19839,0.84866,0.11227,0.01853,frames/frame_004704.jpg
4705,78.416667,,0,B,0.19513,0.84623,0.11513,0.01578,frames/frame_004705.jpg
4706,78.433333,,0,B,0.19354,0.84931,0.11537,0.01316,frames/frame_004706.jpg
4707,78.450000,,0,B,0.19271,0.84952,0.11329,0.01327,frames/frame_004707.jpg
4708,78.466667,,0,P,0.19355,0.85133,0.11427,0.01311,frames/frame_004708.jpg
4709,78.483333,,0,B,0.19550,0.84853,0.11487,0.01318,frames/frame_004709.jpg
4710,78.500000,,0,B,0.19480,0.84974,0.11364,0.01168,frames/frame_004710.jpg
4711,78.516667,,0,B,0.19389,0.84896,0.11277,0.01109,frames/frame_004711.jpg
4712,78.533333,,0,P,0.19254,0.84961,0.11262,0.01247,frames/frame_004712.jpg
4713,78.550000,,0,B,0.19289,0.84960,0.11262,0.01235,frames/frame_004713.jpg
4714,78.566667,,0,B,0.19313,0.84860,0.11182,0.01011,frames/frame_004714.jpg
4715,78.583333,,0,P,0.19197,0.85053,0.11235,0.00984,frames/frame_004715.jpg
4716,78.600000,,0,B,0.19193,0.84825,0.11137,0.01210,frames/frame_004716.jpg
4717,78.616667,,0,B,0.21236,0.84654,0.11274,0.02764,frames/frame_004717.jpg
4718,78.633333,,0,B,0.21815,0.84734,0.12075,0.03882,frames/frame_004718.jpg
4719,78.650000,,0,P,0.21376,0.84907,0.11886,0.02102,frames/frame_004719.jpg
4720,78.666667,,0,B,0.21230,0.84476,0.11931,0.01848,frames/frame_004720.jpg
4721,78.683333,,0,B,0.20937,0.84772,0.11802,0.01817,frames/frame_004721.jpg
4722,78.700000,,0,B,0.20791,0.84532,0.11806,0.01732,frames/frame_004722.jpg
4723,78.716667,,0,P,0.20400,0.85117,0.11738,0.01608,frames/frame_004723.jpg
4724,78.733333,,0,B,0.20583,0.84528,0.12035,0.01775,frames/frame_004724.jpg
4725,78.750000,,0,B,0.20660,0.84640,0.12075,0.01799,frames/frame_004725.jpg
4726,78.766667,,0,B,0.20896,0.84268,0.11986,0.01769,frames/frame_004726.jpg
4727,78.783333,,0,P,0.20699,0.84857,0.12046,0.01750,frames/frame_004727.jpg
4728,78.800000,,0,B,0.20688,0.84258,0.11684,0.01780,frames/frame_004728.jpg
4729,78.816667,,0,B,0.20558,0.84461,0.11570,0.01748,frames/frame_004729.jpg
4730,78.833333,,0,B,0.20705,0.84355,0.11643,0.01713,frames/frame_004730.jpg
4731,78.850000,,0,P,0.20767,0.84708,0.12040,0.01961,frames/frame_004731.jpg
4732,78.866667,,0,B,0.21050,0.84254,0.12063,0.01987,frames/frame_004732.jpg
4733,78.883333,,0,B,0.21128,0.84479,0.12082,0.02115,frames/frame_004733.jpg
4734,78.900000,,0,B,0.21025,0.84341,0.11927,0.01851,frames/frame_004734.jpg
4735,78.916667,,0,P,0.20686,0.84959,0.11893,0.01885,frames/frame_004735.jpg
4736,78.933333,,0,B,0.21528,0.84262,0.12028,0.02601,frames/frame_004736.jpg
4737,78.950000,,0,B,0.20999,0.84438,0.11359,0.02128,frames/frame_004737.jpg
4738,78.966667,,0,B,0.20674,0.84406,0.11637,0.01938,frames/frame_004738.jpg
4739,78.983333,,0,P,0.20155,0.84759,0.11225,0.01861,frames/frame_004739.jpg
4740,79.000000,,0,B,0.19941,0.84410,0.11401,0.01843,frames/frame_004740.jpg
4741,79.016667,,0,B,0.19724,0.84685,0.11620,0.01706,frames/frame_004741.jpg
4742,79.033333,,0,B,0.19705,0.84692,0.11638,0.01519,frames/frame_004742.jpg
4743,79.050000,,0,P,0.19761,0.84730,0.11806,0.01559,frames/frame_004743.jpg
4744,79.066667,,0,B,0.20256,0.84327,0.11782,0.01882,frames/frame_004744.jpg
4745,79.083333,,0,B,0.20560,0.84380,0.11840,0.02227,frames/frame_004745.jpg
4746,79.100000,,0,B,0.20525,0.84148,0.11769,0.01541,frames/frame_004746.jpg
4747,79.116667,,0,P,0.20323,0.84554,0.11711,0.01592,frames/frame_004747.jpg
4748,79.133333,,0,B,0.20548,0.84154,0.11599,0.01769,frames/frame_004748.jpg
4749,79.150000,,0,B,0.20642,0.84289,0.11703,0.01762,frames/frame_004749.jpg
4750,79.166667,,0,B,0.20740,0.84171,0.11852,0.01517,frames/frame_004750.jpg
4751,79.183333,,0,P,0.20584,0.84634,0.11780,0.01699,frames/frame_004751.jpg
4752,79.200000,,0,B,0.20501,0.84183,0.11726,0.01811,frames/frame_004752.jpg
4753,79.216667,,0,B,0.20317,0.84414,0.11695,0.01816,frames/frame_004753.jpg
4754,79.233333,,0,B,0.21564,0.83810,0.12041,0.02343,frames/frame_004754.jpg
4755,79.250000,,0,P,0.21268,0.84070,0.11412,0.02207,frames/frame_004755.jpg
4756,79.266667,,0,B,0.21126,0.83521,0.11807,0.02188,frames/frame_004756.jpg
4757,79.283333,,0,B,0.20846,0.83550,0.11419,0.02069,frames/frame_004757.jpg
4758,79.300000,,0,B,0.20983,0.83118,0.12120,0.02076,frames/frame_004758.jpg
4759,79.316667,,0,P,0.20859,0.83820,0.12110,0.01961,frames/frame_004759.jpg
4760,79.333333,,0,B,0.20894,0.83864,0.11820,0.02052,frames/frame_004760.jpg
4761,79.350000,,0,B,0.20841,0.84294,0.11723,0.01969,frames/frame_004761.jpg
4762,79.366667,,0,B,0.21258,0.84114,0.11741,0.02135,frames/frame_004762.jpg
4763,79.383333,,0,P,0.21242,0.84573,0.11798,0.01980,frames/frame_004763.jpg
4764,79.400000,,0,B,0.21493,0.84365,0.11867,0.02061,frames/frame_004764.jpg
4765,79.416667,,0,B,0.21722,0.84519,0.11997,0.02240,frames/frame_004765.jpg
4766,79.433333,,0,B,0.21957,0.84336,0.12008,0.02091,frames/frame_004766.jpg
4767,79.450000,,0,P,0.21850,0.84617,0.12126,0.02187,frames/frame_004767.jpg
4768,79.466667,,0,B,0.22036,0.84197,0.12060,0.02298,frames/frame_004768.jpg
4769,79.483333,,0,B,0.22000,0.84469,0.12067,0.02312,frames/frame_004769.jpg
4770,79.500000,,0,B,0.22010,0.84311,0.12017,0.02174,frames/frame_004770.jpg
4771,79.516667,,0,P,0.21654,0.84736,0.12073,0.02175,frames/frame_004771.jpg
4772,79.533333,,0,B,0.21499,0.84383,0.12233,0.03001,frames/frame_004772.jpg
4773,79.550000,,0,B,0.20700,0.84551,0.11940,0.01967,frames/frame_004773.jpg
4774,79.566667,,0,B,0.19996,0.84443,0.11935,0.01817,frames/frame_004774.jpg
4775,79.583333,,0,P,0.19176,0.84921,0.11941,0.01878,frames/frame_004775.jpg
4776,79.600000,,0,B,0.18928,0.84146,0.11421,0.01704,frames/frame_004776.jpg
4777,79.616667,,0,B,0.18698,0.84415,0.11808,0.01526,frames/frame_004777.jpg
4778,79.633333,,0,B,0.18634,0.84299,0.11797,0.01123,frames/frame_004778.jpg
4779,79.650000,,0,P,0.18446,0.84987,0.11620,0.01053,frames/frame_004779.jpg
4780,79.666667,,0,B,0.18478,0.84489,0.11431,0.01076,frames/frame_004780.jpg
4781,79.683333,,0,B,0.18337,0.84825,0.11347,0.01008,frames/frame_004781.jpg
4782,79.700000,,0,B,0.18289,0.84713,0.11252,0.00855,frames/frame_004782.jpg
4783,79.716667,,0,P,0.18116,0.85075,0.11220,0.00834,frames/frame_004783.jpg
4784,79.733333,,0,B,0.18403,0.84636,0.11283,0.01018,frames/frame_004784.jpg
4785,79.750000,,0,B,0.18522,0.84792,0.11405,0.00903,frames/frame_004785.jpg
4786,79.766667,,0,B,0.18540,0.84757,0.11347,0.00789,frames/frame_004786.jpg
4787,79.783333,,0,P,0.18445,0.85133,0.11403,0.00733,frames/frame_004787.jpg
4788,79.800000,,0,B,0.18441,0.85112,0.11318,0.01022,frames/frame_004788.jpg
4789,79.816667,,0,B,0.20578,0.85009,0.11323,0.02953,frames/frame_004789.jpg
4790,79.833333,,0,B,0.20548,0.84802,0.11274,0.01523,frames/frame_004790.jpg
4791,79.850000,,0,P,0.20250,0.84916,0.11229,0.01569,frames/frame_004791.jpg
4792,79.866667,,0,B,0.20589,0.84182,0.11572,0.01723,frames/frame_004792.jpg
4793,79.883333,,0,B,0.20708,0.83958,0.11430,0.01553,frames/frame_004793.jpg
4794,79.900000,,0,B,0.20721,0.83918,0.11666,0.01526,frames/frame_004794.jpg
4795,79.916667,,0,P,0.20637,0.84215,0.11703,0.01454,frames/frame_004795.jpg
4796,79.933333,,0,B,0.20773,0.83905,0.11817,0.01643,frames/frame_004796.jpg
4797,79.950000,,0,B,0.20798,0.84186,0.11701,0.01636,frames/frame_004797.jpg
4798,79.966667,,0,B,0.21044,0.84117,0.11696,0.01798,frames/frame_004798.jpg
4799,79.983333,,0,P,0.21637,0.84384,0.12108,0.03527,frames/frame_004799.jpg
4800,80.000000,,0,B,0.21593,0.84165,0.11919,0.01937,frames/frame_004800.jpg
4801,80.016667,,0,B,0.21411,0.84292,0.11876,0.01915,frames/frame_004801.jpg
4802,80.033333,,0,B,0.21587,0.84026,0.11906,0.01732,frames/frame_004802.jpg
4803,80.050000,,0,P,0.21650,0.84431,0.12119,0.01788,frames/frame_004803.jpg
4804,80.066667,,0,B,0.21783,0.84065,0.12104,0.01814,frames/frame_004804.jpg
4805,80.083333,,0,B,0.21733,0.84194,0.12125,0.01842,frames/frame_004805.jpg
4806,80.100000,,0,B,0.21721,0.83990,0.12046,0.01727,frames/frame_004806.jpg
4807,80.116667,,0,P,0.21374,0.84480,0.12014,0.01868,frames/frame_004807.jpg
4808,80.133333,,0,B,0.21901,0.83528,0.12514,0.02013,frames/frame_004808.jpg
4809,80.150000,,0,B,0.21115,0.83976,0.11689,0.01689,frames/frame_004809.jpg
4810,80.166667,,0,B,0.20613,0.83861,0.11874,0.01550,frames/frame_004810.jpg
4811,80.183333,,0,P,0.19837,0.84585,0.11557,0.01700,frames/frame_004811.jpg
4812,80.200000,,0,B,0.19942,0.84074,0.11890,0.01485,frames/frame_004812.jpg
4813,80.216667,,0,B,0.19927,0.84367,0.12364,0.01342,frames/frame_004813.jpg
4814,80.233333,,0,B,0.19906,0.84333,0.12187,0.00965,frames/frame_004814.jpg
4815,80.250000,,0,P,0.19735,0.84706,0.12126,0.00988,frames/frame_004815.jpg
4816,80.266667,,0,B,0.19668,0.84521,0.11912,0.01160,frames/frame_004816.jpg
4817,80.283333,,0,B,0.19513,0.84717,0.11839,0.01072,frames/frame_004817.jpg
4818,80.300000,,0,B,0.19484,0.84612,0.11729,0.00792,frames/frame_004818.jpg
4819,80.316667,,0,P,0.19344,0.84938,0.11696,0.00803,frames/frame_004819.jpg
4820,80.333333,,0,B,0.19353,0.84611,0.11548,0.00880,frames/frame_004820.jpg
4821,80.350000,,0,B,0.19221,0.84845,0.11499,0.00835,frames/frame_004821.jpg
4822,80.366667,,0,B,0.19319,0.84685,0.11575,0.00702,frames/frame_004822.jpg
4823,80.383333,,0,P,0.19328,0.85012,0.11705,0.00791,frames/frame_004823.jpg
4824,80.400000,,0,B,0.19351,0.84862,0.11665,0.00933,frames/frame_004824.jpg
4825,80.416667,,0,P,0.19275,0.85058,0.11715,0.00956,frames/frame_004825.jpg
4826,80.433333,,0,P,0.33172,0.52020,0.11361,0.13946,frames/frame_004826.jpg
4827,80.450000,,0,B,0.31232,0.54432,0.11370,0.02563,frames/frame_004827.jpg
4828,80.466667,,0,P,0.28766,0.57832,0.11212,0.03243,frames/frame_004828.jpg
4829,80.483333,,0,B,0.27448,0.60506,0.11056,0.02241,frames/frame_004829.jpg
4830,80.500000,,0,P,0.26072,0.63893,0.11202,0.02390,frames/frame_004830.jpg
4831,80.516667,,0,B,0.25206,0.66928,0.11415,0.02063,frames/frame_004831.jpg
4832,80.533333,,0,B,0.24461,0.69963,0.11596,0.02202,frames/frame_004832.jpg
4833,80.550000,,0,B,0.23998,0.72854,0.11507,0.02225,frames/frame_004833.jpg
4834,80.566667,,0,P,0.23582,0.75290,0.11479,0.02230,frames/frame_004834.jpg
4835,80.583333,,0,B,0.23637,0.76804,0.11424,0.01967,frames/frame_004835.jpg
4836,80.600000,,0,B,0.23267,0.79423,0.11603,0.02012,frames/frame_004836.jpg
4837,80.616667,,0,B,0.23080,0.80450,0.11532,0.02179,frames/frame_004837.jpg
4838,80.633333,,0,P,0.22556,0.82177,0.11624,0.02132,frames/frame_004838.jpg
4839,80.650000,,0,B,0.22675,0.82486,0.11691,0.02254,frames/frame_004839.jpg
4840,80.666667,,0,B,0.22651,0.83227,0.11726,0.02279,frames/frame_004840.jpg
4841,80.683333,,0,B,0.22677,0.83279,0.11679,0.02249,frames/frame_004841.jpg
4842,80.700000,,0,P,0.22501,0.84096,0.11782,0.02121,frames/frame_004842.jpg
4843,80.716667,,0,B,0.22446,0.84045,0.11901,0.02085,frames/frame_004843.jpg
4844,80.733333,,0,B,0.22779,0.84255,0.12076,0.02421,frames/frame_004844.jpg
4845,80.750000,,0,B,0.22023,0.84122,0.12066,0.01840,frames/frame_004845.jpg
4846,80.766667,,0,P,0.21087,0.84449,0.11225,0.01878,frames/frame_004846.jpg
4847,80.783333,,0,B,0.20563,0.84381,0.11723,0.01707,frames/frame_004847.jpg
4848,80.800000,,0,B,0.20149,0.84442,0.11473,0.01813,frames/frame_004848.jpg
4849,80.816667,,0,B,0.20237,0.84228,0.11681,0.01541,frames/frame_004849.jpg
4850,80.833333,,0,P,0.20103,0.84490,0.11753,0.01350,frames/frame_004850.jpg
4851,80.850000,,0,B,0.20305,0.84206,0.11563,0.01339,frames/frame_004851.jpg
4852,80.866667,,0,B,0.20499,0.84253,0.11800,0.01389,frames/frame_004852.jpg
4853,80.883333,,0,B,0.20835,0.84102,0.11807,0.01948,frames/frame_004853.jpg
4854,80.900000,,0,P,0.20635,0.84619,0.11656,0.01451,frames/frame_004854.jpg
4855,80.916667,,0,B,0.20685,0.84228,0.11447,0.01430,frames/frame_004855.jpg
4856,80.933333,,0,B,0.20566,0.84379,0.11314,0.01426,frames/frame_004856.jpg
4857,80.950000,,0,B,0.20562,0.84295,0.11181,0.01398,frames/frame_004857.jpg
4858,80.966667,,0,P,0.20565,0.84613,0.11378,0.01469,frames/frame_004858.jpg
4859,80.983333,,0,P,0.20757,0.84661,0.11367,0.01667,frames/frame_004859.jpg
4860,81.000000,,1,I,0.20979,0.84671,0.11616,0.01857,frames/frame_004860.jpg
4861,81.016667,,0,B,0.22007,0.84205,0.11615,0.02492,frames/frame_004861.jpg
4862,81.033333,,0,B,0.23739,0.83803,0.12101,0.02948,frames/frame_004862.jpg
4863,81.050000,,0,B,0.23472,0.83566,0.11869,0.02290,frames/frame_004863.jpg
4864,81.066667,,0,P,0.23328,0.83536,0.12155,0.02471,frames/frame_004864.jpg
4865,81.083333,,0,B,0.23074,0.83383,0.12035,0.02230,frames/frame_004865.jpg
4866,81.100000,,0,B,0.22601,0.83599,0.12180,0.02292,frames/frame_004866.jpg
4867,81.116667,,0,B,0.22046,0.83472,0.11690,0.02244,frames/frame_004867.jpg
4868,81.133333,,0,P,0.21401,0.83911,0.11991,0.02393,frames/frame_004868.jpg
4869,81.150000,,0,B,0.21363,0.83370,0.12229,0.02337,frames/frame_004869.jpg
4870,81.166667,,0,B,0.21378,0.83362,0.11951,0.02372,frames/frame_004870.jpg
4871,81.183333,,0,B,0.21286,0.83435,0.12127,0.02404,frames/frame_004871.jpg
4872,81.200000,,0,P,0.21171,0.83908,0.12119,0.02075,frames/frame_004872.jpg
4873,81.216667,,0,B,0.21210,0.83694,0.11833,0.02274,frames/frame_004873.jpg
4874,81.233333,,0,B,0.21242,0.83958,0.12021,0.02102,frames/frame_004874.jpg
4875,81.250000,,0,B,0.21439,0.83794,0.12084,0.02178,frames/frame_004875.jpg
4876,81.266667,,0,P,0.21557,0.84172,0.12324,0.02235,frames/frame_004876.jpg
4877,81.283333,,0,B,0.21821,0.83775,0.12301,0.02235,frames/frame_004877.jpg
4878,81.300000,,0,B,0.21714,0.83957,0.12284,0.02106,frames/frame_004878.jpg
4879,81.316667,,0,B,0.21621,0.83804,0.12363,0.01941,frames/frame_004879.jpg
4880,81.333333,,0,P,0.21329,0.84265,0.12544,0.02976,frames/frame_004880.jpg
4881,81.350000,,0,B,0.20855,0.83891,0.12648,0.01946,frames/frame_004881.jpg
4882,81.366667,,0,B,0.20261,0.84105,0.11482,0.01853,frames/frame_004882.jpg
4883,81.383333,,0,B,0.19844,0.83958,0.11754,0.01692,frames/frame_004883.jpg
4884,81.400000,,0,P,0.19221,0.84523,0.11667,0.01823,frames/frame_004884.jpg
4885,81.416667,,0,B,0.19092,0.84095,0.11981,0.01449,frames/frame_004885.jpg
4886,81.433333,,0,B,0.18921,0.84296,0.12192,0.01189,frames/frame_004886.jpg
4887,81.450000,,0,B,0.18972,0.84223,0.12106,0.01034,frames/frame_004887.jpg
4888,81.466667,,0,P,0.18883,0.84670,0.12095,0.01179,frames/frame_004888.jpg
4889,81.483333,,0,B,0.18939,0.84334,0.12018,0.01193,frames/frame_004889.jpg
4890,81.500000,,0,B,0.18873,0.84742,0.11897,0.01010,frames/frame_004890.jpg
4891,81.516667,,0,B,0.18871,0.84590,0.11841,0.00970,frames/frame_004891.jpg
4892,81.533333,,0,P,0.18989,0.84676,0.11965,0.01248,frames/frame_004892.jpg
4893,81.550000,,0,B,0.19338,0.84201,0.12142,0.01213,frames/frame_004893.jpg
4894,81.566667,,0,B,0.19328,0.84466,0.12040,0.00881,frames/frame_004894.jpg
4895,81.583333,,0,B,0.19390,0.84435,0.12186,0.00909,frames/frame_004895.jpg
4896,81.600000,,0,P,0.19168,0.84813,0.11946,0.01247,frames/frame_004896.jpg
4897,81.616667,,0,B,0.19013,0.84598,0.11650,0.01277,frames/frame_004897.jpg
4898,81.633333,,0,B,0.20560,0.84260,0.12047,0.02197,frames/frame_004898.jpg
4899,81.650000,,0,B,0.20542,0.83784,0.12032,0.01414,frames/frame_004899.jpg
4900,81.666667,,0,P,0.20098,0.84277,0.11720,0.01809,frames/frame_004900.jpg
4901,81.683333,,0,B,0.20402,0.83580,0.11677,0.01609,frames/frame_004901.jpg
4902,81.700000,,0,B,0.20488,0.83725,0.11593,0.01437,frames/frame_004902.jpg
4903,81.716667,,0,B,0.20773,0.83575,0.11470,0.01476,frames/frame_004903.jpg
4904,81.733333,,0,P,0.20757,0.83977,0.11688,0.01752,frames/frame_004904.jpg
4905,81.750000,,0,B,0.21272,0.83411,0.11523,0.01870,frames/frame_004905.jpg
4906,81.766667,,0,B,0.21534,0.84088,0.11648,0.02039,frames/frame_004906.jpg
4907,81.783333,,0,B,0.22635,0.84006,0.11993,0.04092,frames/frame_004907.jpg
4908,81.800000,,0,P,0.22779,0.84345,0.12064,0.02121,frames/frame_004908.jpg
4909,81.816667,,0,B,0.22992,0.83767,0.11990,0.02170,frames/frame_004909.jpg
4910,81.833333,,0,B,0.22934,0.84272,0.12035,0.02106,frames/frame_004910.jpg
4911,81.850000,,0,B,0.22858,0.84191,0.12098,0.02176,frames/frame_004911.jpg
4912,81.866667,,0,P,0.22560,0.84763,0.11930,0.02173,frames/frame_004912.jpg
4913,81.883333,,0,B,0.22561,0.84340,0.11827,0.02291,frames/frame_004913.jpg
4914,81.900000,,0,B,0.22460,0.84609,0.11973,0.02010,frames/frame_004914.jpg
4915,81.916667,,0,B,0.22284,0.84486,0.11899,0.01978,frames/frame_004915.jpg
4916,81.933333,,0,P,0.22565,0.84880,0.11877,0.02586,frames/frame_004916.jpg
4917,81.950000,,0,B,0.21629,0.84690,0.11603,0.02073,frames/frame_004917.jpg
4918,81.966667,,0,B,0.20830,0.84743,0.11589,0.01909,frames/frame_004918.jpg
4919,81.983333,,0,B,0.20173,0.84498,0.11532,0.01842,frames/frame_004919.jpg
4920,82.000000,,0,P,0.19791,0.84433,0.11278,0.01797,frames/frame_004920.jpg
4921,82.016667,,0,B,0.19715,0.84298,0.11950,0.01539,frames/frame_004921.jpg
4922,82.033333,,0,B,0.19554,0.84471,0.11621,0.01298,frames/frame_004922.jpg
4923,82.050000,,0,B,0.19413,0.84470,0.11626,0.01207,frames/frame_004923.jpg
4924,82.066667,,0,P,0.19214,0.84857,0.11531,0.01245,frames/frame_004924.jpg
4925,82.083333,,0,B,0.19127,0.84693,0.11264,0.01233,frames/frame_004925.jpg
4926,82.100000,,0,B,0.18978,0.84908,0.11133,0.01029,frames/frame_004926.jpg
4927,82.116667,,0,B,0.18933,0.84744,0.11050,0.00973,frames/frame_004927.jpg
4928,82.133333,,0,P,0.18816,0.85123,0.11061,0.01063,frames/frame_004928.jpg
4929,82.150000,,0,B,0.18728,0.84712,0.10934,0.01024,frames/frame_004929.jpg
4930,82.166667,,0,B,0.18628,0.84871,0.10956,0.00925,frames/frame_004930.jpg
4931,82.183333,,0,B,0.18711,0.84690,0.11009,0.00908,frames/frame_004931.jpg
4932,82.200000,,0,P,0.18776,0.85009,0.11191,0.01081,frames/frame_004932.jpg
4933,82.216667,,0,B,0.19638,0.84601,0.11051,0.01971,frames/frame_004933.jpg
4934,82.233333,,0,B,0.21713,0.84413,0.11896,0.04333,frames/frame_004934.jpg
4935,82.250000,,0,B,0.21614,0.84252,0.11760,0.01657,frames/frame_004935.jpg
4936,82.266667,,0,P,0.21518,0.84186,0.12080,0.01885,frames/frame_004936.jpg
4937,82.283333,,0,B,0.21464,0.83705,0.12054,0.01823,frames/frame_004937.jpg
4938,82.300000,,0,B,0.21452,0.83638,0.11945,0.01647,frames/frame_004938.jpg
4939,82.316667,,0,B,0.21332,0.83716,0.11789,0.01645,frames/frame_004939.jpg
4940,82.333333,,0,P,0.21303,0.84079,0.11869,0.01829,frames/frame_004940.jpg
4941,82.350000,,0,B,0.21593,0.83567,0.11986,0.01828,frames/frame_004941.jpg
4942,82.366667,,0,B,0.21738,0.83791,0.11901,0.01707,frames/frame_004942.jpg
4943,82.383333,,0,B,0.21928,0.83513,0.11859,0.01807,frames/frame_004943.jpg
4944,82.400000,,0,P,0.21864,0.84066,0.11782,0.01688,frames/frame_004944.jpg
4945,82.416667,,0,B,0.21890,0.83893,0.11659,0.01928,frames/frame_004945.jpg
4946,82.433333,,0,B,0.21975,0.84047,0.11918,0.01969,frames/frame_004946.jpg
4947,82.450000,,0,B,0.22219,0.83831,0.11990,0.02137,frames/frame_004947.jpg
4948,82.466667,,0,P,0.22336,0.84237,0.12601,0.02135,frames/frame_004948.jpg
4949,82.483333,,0,B,0.22452,0.83872,0.12204,0.02283,frames/frame_004949.jpg
4950,82.500000,,0,B,0.22419,0.84110,0.12245,0.02132,frames/frame_004950.jpg
4951,82.516667,,0,B,0.22709,0.83829,0.12544,0.02018,frames/frame_004951.jpg
4952,82.533333,,0,P,0.22651,0.84284,0.12087,0.02301,frames/frame_004952.jpg
4953,82.550000,,0,B,0.21965,0.84148,0.12115,0.01959,frames/frame_004953.jpg
4954,82.566667,,0,B,0.21622,0.84282,0.11340,0.01848,frames/frame_004954.jpg
4955,82.583333,,0,B,0.21112,0.84240,0.11492,0.01800,frames/frame_004955.jpg
4956,82.600000,,0,P,0.20479,0.84699,0.11378,0.01780,frames/frame_004956.jpg
4957,82.616667,,0,B,0.20479,0.84201,0.11587,0.01521,frames/frame_004957.jpg
4958,82.633333,,0,B,0.20257,0.84383,0.11969,0.01325,frames/frame_004958.jpg
4959,82.650000,,0,B,0.20330,0.84364,0.11839,0.01176,frames/frame_004959.jpg
4960,82.666667,,0,P,0.20448,0.84737,0.11864,0.01393,frames/frame_004960.jpg
4961,82.683333,,0,B,0.20974,0.84341,0.11565,0.02128,frames/frame_004961.jpg
4962,82.700000,,0,B,0.20823,0.84621,0.11354,0.01304,frames/frame_004962.jpg
4963,82.716667,,0,B,0.20752,0.84398,0.11211,0.01190,frames/frame_004963.jpg
4964,82.733333,,0,P,0.20551,0.84674,0.11133,0.01255,frames/frame_004964.jpg
4965,82.750000,,0,B,0.20563,0.84235,0.11015,0.01253,frames/frame_004965.jpg
4966,82.766667,,0,B,0.20405,0.84537,0.11022,0.01127,frames/frame_004966.jpg
4967,82.783333,,0,B,0.20381,0.84390,0.10886,0.01093,frames/frame_004967.jpg
4968,82.800000,,0,P,0.20353,0.84568,0.11077,0.01175,frames/frame_004968.jpg
4969,82.816667,,0,B,0.20752,0.84202,0.11257,0.01310,frames/frame_004969.jpg
4970,82.833333,,0,B,0.22653,0.83532,0.11845,0.02493,frames/frame_004970.jpg
4971,82.850000,,0,B,0.22633,0.83124,0.11677,0.01636,frames/frame_004971.jpg
4972,82.866667,,0,P,0.21819,0.83609,0.11296,0.02301,frames/frame_004972.jpg
4973,82.883333,,0,B,0.21844,0.83037,0.11357,0.01719,frames/frame_004973.jpg
4974,82.900000,,0,B,0.21961,0.82934,0.11097,0.01587,frames/frame_004974.jpg
4975,82.916667,,0,B,0.22044,0.82849,0.10797,0.01502,frames/frame_004975.jpg
4976,82.933333,,0,P,0.21869,0.83417,0.10960,0.01690,frames/frame_004976.jpg
4977,82.950000,,0,B,0.22139,0.83206,0.11132,0.01683,frames/frame_004977.jpg
4978,82.966667,,0,B,0.22719,0.83362,0.11468,0.02127,frames/frame_004978.jpg
4979,82.983333,,0,B,0.23595,0.82929,0.11780,0.02060,frames/frame_004979.jpg
4980,83.000000,,0,P,0.23616,0.83563,0.11974,0.01764,frames/frame_004980.jpg
4981,83.016667,,0,B,0.23689,0.83459,0.11849,0.02181,frames/frame_004981.jpg
4982,83.033333,,0,B,0.23484,0.83931,0.11991,0.02101,frames/frame_004982.jpg
4983,83.050000,,0,B,0.23441,0.84082,0.12238,0.02242,frames/frame_004983.jpg
4984,83.066667,,0,P,0.23193,0.84717,0.12199,0.02425,frames/frame_004984.jpg
4985,83.083333,,0,B,0.23040,0.84533,0.12040,0.02559,frames/frame_004985.jpg
4986,83.100000,,0,B,0.22989,0.84700,0.12042,0.02252,frames/frame_004986.jpg
4987,83.116667,,0,B,0.23064,0.84601,0.12333,0.02145,frames/frame_004987.jpg
4988,83.133333,,0,P,0.24783,0.84423,0.12853,0.03555,frames/frame_004988.jpg
4989,83.150000,,0,B,0.24028,0.84198,0.12827,0.02012,frames/frame_004989.jpg
4990,83.166667,,0,B,0.23189,0.84165,0.12061,0.02127,frames/frame_004990.jpg
4991,83.183333,,0,B,0.22459,0.84146,0.12298,0.02101,frames/frame_004991.jpg
4992,83.200000,,0,P,0.21868,0.84308,0.11989,0.02340,frames/frame_004992.jpg
4993,83.216667,,0,B,0.21893,0.83806,0.12216,0.01921,frames/frame_004993.jpg
4994,83.233333,,0,B,0.21874,0.83815,0.12278,0.01635,frames/frame_004994.jpg
4995,83.250000,,0,B,0.21794,0.83663,0.12257,0.01576,frames/frame_004995.jpg
4996,83.266667,,0,P,0.21795,0.84113,0.12373,0.01835,frames/frame_004996.jpg
4997,83.283333,,0,B,0.22426,0.83738,0.12149,0.02218,frames/frame_004997.jpg
4998,83.300000,,0,B,0.22429,0.83765,0.12330,0.01756,frames/frame_004998.jpg
4999,83.316667,,0,B,0.22489,0.83724,0.12091,0.01754,frames/frame_004999.jpg
5000,83.333333,,0,P,0.22208,0.84155,0.12091,0.01885,frames/frame_005000.jpg
5001,83.350000,,0,B,0.22083,0.84024,0.11906,0.01890,frames/frame_005001.jpg
5002,83.366667,,0,B,0.22018,0.84087,0.11903,0.01910,frames/frame_005002.jpg
5003,83.383333,,0,B,0.22059,0.84065,0.11661,0.01886,frames/frame_005003.jpg
5004,83.400000,,0,P,0.22312,0.84255,0.12001,0.02008,frames/frame_005004.jpg
5005,83.416667,,0,B,0.23002,0.83937,0.11977,0.02538,frames/frame_005005.jpg
5006,83.433333,,0,B,0.25057,0.83263,0.12313,0.02925,frames/frame_005006.jpg
5007,83.450000,,0,B,0.24082,0.83121,0.12034,0.02356,frames/frame_005007.jpg
5008,83.466667,,0,P,0.23396,0.83116,0.12144,0.02803,frames/frame_005008.jpg
5009,83.483333,,0,B,0.22967,0.82644,0.11715,0.02224,frames/frame_005009.jpg
5010,83.500000,,0,B,0.22606,0.82809,0.11791,0.02152,frames/frame_005010.jpg
5011,83.516667,,0,B,0.22437,0.82943,0.11775,0.02012,frames/frame_005011.jpg
5012,83.533333,,0,P,0.22272,0.83471,0.11727,0.02074,frames/frame_005012.jpg
5013,83.550000,,0,B,0.22310,0.83158,0.11924,0.02090,frames/frame_005013.jpg
5014,83.566667,,0,B,0.22325,0.83531,0.12000,0.01832,frames/frame_005014.jpg
5015,83.583333,,0,B,0.23006,0.83211,0.12258,0.03843,frames/frame_005015.jpg
5016,83.600000,,0,P,0.22897,0.83710,0.12712,0.02139,frames/frame_005016.jpg
5017,83.616667,,0,B,0.22836,0.83566,0.12343,0.02266,frames/frame_005017.jpg
5018,83.633333,,0,B,0.22751,0.83841,0.12434,0.01945,frames/frame_005018.jpg
5019,83.650000,,0,B,0.22847,0.83677,0.12453,0.02026,frames/frame_005019.jpg
5020,83.666667,,0,P,0.22575,0.84256,0.12658,0.02202,frames/frame_005020.jpg
5021,83.683333,,0,B,0.22543,0.83886,0.12492,0.02191,frames/frame_005021.jpg
5022,83.700000,,0,B,0.22417,0.84098,0.12505,0.02142,frames/frame_005022.jpg
5023,83.716667,,0,B,0.22288,0.84016,0.12734,0.01881,frames/frame_005023.jpg
5024,83.733333,,0,P,0.22853,0.83593,0.13154,0.02305,frames/frame_005024.jpg
5025,83.750000,,0,B,0.22315,0.83585,0.12503,0.02027,frames/frame_005025.jpg
5026,83.766667,,0,P,0.21702,0.84197,0.13046,0.02129,frames/frame_005026.jpg
5027,83.783333,,0,B,0.21197,0.84125,0.12677,0.01970,frames/frame_005027.jpg
5028,83.800000,,0,P,0.20532,0.84434,0.12309,0.02028,frames/frame_005028.jpg
5029,83.816667,,0,B,0.20311,0.84463,0.12745,0.01576,frames/frame_005029.jpg
5030,83.833333,,0,B,0.20095,0.84749,0.12718,0.01233,frames/frame_005030.jpg
5031,83.850000,,0,B,0.20024,0.84846,0.12522,0.01048,frames/frame_005031.jpg
5032,83.866667,,0,P,0.19799,0.85244,0.12356,0.01152,frames/frame_005032.jpg
5033,83.883333,,0,B,0.19712,0.84877,0.12154,0.01476,frames/frame_005033.jpg
5034,83.900000,,0,B,0.19560,0.84918,0.11917,0.01467,frames/frame_005034.jpg
5035,83.916667,,0,B,0.19533,0.84876,0.11917,0.01155,frames/frame_005035.jpg
5036,83.933333,,0,P,0.19251,0.85374,0.11804,0.01060,frames/frame_005036.jpg
5037,83.950000,,0,B,0.19142,0.85469,0.11729,0.00819,frames/frame_005037.jpg
5038,83.966667,,0,B,0.19181,0.85260,0.11651,0.00727,frames/frame_005038.jpg
5039,83.983333,,0,P,0.19098,0.85450,0.11621,0.00722,frames/frame_005039.jpg
5040,84.000000,,1,I,0.19106,0.85310,0.11604,0.01123,frames/frame_005040.jpg
5041,84.016667,,0,B,0.19256,0.85308,0.11734,0.00933,frames/frame_005041.jpg
5042,84.033333,,0,B,0.32827,0.53024,0.11203,0.13571,frames/frame_005042.jpg
5043,84.050000,,0,P,0.31110,0.55579,0.11617,0.02733,frames/frame_005043.jpg
5044,84.066667,,0,P,0.29036,0.58075,0.11568,0.02900,frames/frame_005044.jpg
5045,84.083333,,0,B,0.27700,0.60742,0.11298,0.02417,frames/frame_005045.jpg
5046,84.100000,,0,B,0.26477,0.63712,0.11166,0.02384,frames/frame_005046.jpg
5047,84.116667,,0,P,0.25145,0.67665,0.11467,0.02377,frames/frame_005047.jpg
5048,84.133333,,0,B,0.24550,0.70135,0.11267,0.02041,frames/frame_005048.jpg
5049,84.150000,,0,B,0.23820,0.73435,0.11352,0.02096,frames/frame_005049.jpg
5050,84.166667,,0,B,0.23899,0.75636,0.11532,0.02183,frames/frame_005050.jpg
5051,84.183333,,0,P,0.24071,0.77637,0.11943,0.02217,frames/frame_005051.jpg
5052,84.200000,,0,B,0.23902,0.79063,0.11846,0.02068,frames/frame_005052.jpg
5053,84.216667,,0,B,0.23720,0.80903,0.12090,0.02346,frames/frame_005053.jpg
5054,84.233333,,0,B,0.23383,0.81971,0.12103,0.02353,frames/frame_005054.jpg
5055,84.250000,,0,P,0.22833,0.83281,0.11968,0.02418,frames/frame_005055.jpg
5056,84.266667,,0,B,0.22818,0.83430,0.11710,0.02340,frames/frame_005056.jpg
5057,84.283333,,0,B,0.22637,0.83901,0.11742,0.02233,frames/frame_005057.jpg
5058,84.300000,,0,B,0.22898,0.83728,0.12004,0.02201,frames/frame_005058.jpg
5059,84.316667,,0,P,0.22988,0.84142,0.12169,0.02219,frames/frame_005059.jpg
5060,84.333333,,0,B,0.23782,0.83975,0.12108,0.02881,frames/frame_005060.jpg
5061,84.350000,,0,B,0.22628,0.84114,0.12158,0.02310,frames/frame_005061.jpg
5062,84.366667,,0,B,0.21737,0.83892,0.11406,0.02110,frames/frame_005062.jpg
5063,84.383333,,0,P,0.20935,0.84222,0.11756,0.02074,frames/frame_005063.jpg
5064,84.400000,,0,B,0.20335,0.83999,0.11177,0.01957,frames/frame_005064.jpg
5065,84.416667,,0,B,0.20012,0.84219,0.11743,0.01689,frames/frame_005065.jpg
5066,84.433333,,0,B,0.20018,0.84093,0.11860,0.01409,frames/frame_005066.jpg
5067,84.450000,,0,P,0.19953,0.84387,0.11685,0.01431,frames/frame_005067.jpg
5068,84.466667,,0,B,0.20297,0.84041,0.11866,0.01698,frames/frame_005068.jpg
5069,84.483333,,0,B,0.20565,0.84288,0.11904,0.02033,frames/frame_005069.jpg
5070,84.500000,,0,B,0.20603,0.84123,0.11963,0.01420,frames/frame_005070.jpg
5071,84.516667,,0,P,0.20268,0.84526,0.11671,0.01564,frames/frame_005071.jpg
5072,84.533333,,0,B,0.20401,0.84160,0.11711,0.01639,frames/frame_005072.jpg
5073,84.550000,,0,B,0.20149,0.84340,0.11604,0.01550,frames/frame_005073.jpg
5074,84.566667,,0,B,0.20115,0.84208,0.11685,0.01489,frames/frame_005074.jpg
5075,84.583333,,0,P,0.20113,0.84486,0.11767,0.01613,frames/frame_005075.jpg
5076,84.600000,,0,B,0.20620,0.84176,0.11914,0.01812,frames/frame_005076.jpg
5077,84.616667,,0,B,0.21401,0.84129,0.11700,0.02404,frames/frame_005077.jpg
5078,84.633333,,0,B,0.23269,0.83255,0.12221,0.02650,frames/frame_005078.jpg
5079,84.650000,,0,P,0.22689,0.83307,0.12222,0.02144,frames/frame_005079.jpg
5080,84.666667,,0,B,0.22235,0.83147,0.12182,0.02542,frames/frame_005080.jpg
5081,84.683333,,0,B,0.21644,0.83443,0.11869,0.02168,frames/frame_005081.jpg
5082,84.700000,,0,B,0.21254,0.83460,0.11736,0.01912,frames/frame_005082.jpg
5083,84.716667,,0,P,0.21005,0.83905,0.11924,0.01796,frames/frame_005083.jpg
5084,84.733333,,0,B,0.21070,0.83851,0.11789,0.01884,frames/frame_005084.jpg
5085,84.750000,,0,B,0.21186,0.83917,0.11929,0.01769,frames/frame_005085.jpg
5086,84.766667,,0,B,0.21376,0.83767,0.11752,0.01774,frames/frame_005086.jpg
5087,84.783333,,0,P,0.21408,0.84118,0.11850,0.01946,frames/frame_005087.jpg
5088,84.800000,,0,B,0.21749,0.83781,0.11783,0.01848,frames/frame_005088.jpg
5089,84.816667,,0,B,0.21776,0.84016,0.11978,0.02148,frames/frame_005089.jpg
5090,84.833333,,0,B,0.22055,0.83715,0.12001,0.02047,frames/frame_005090.jpg
5091,84.850000,,0,P,0.22190,0.83973,0.12295,0.02190,frames/frame_005091.jpg
5092,84.866667,,0,B,0.22244,0.83891,0.12314,0.02350,frames/frame_005092.jpg
5093,84.883333,,0,B,0.22716,0.84107,0.12468,0.02438,frames/frame_005093.jpg
5094,84.900000,,0,B,0.22801,0.84032,0.12234,0.02313,frames/frame_005094.jpg
5095,84.916667,,0,P,0.22789,0.84207,0.12423,0.02198,frames/frame_005095.jpg
5096,84.933333,,0,B,0.23470,0.83760,0.12370,0.03285,frames/frame_005096.jpg
5097,84.950000,,0,B,0.23327,0.83602,0.12749,0.02184,frames/frame_005097.jpg
5098,84.966667,,0,B,0.22966,0.83521,0.12146,0.02140,frames/frame_005098.jpg
5099,84.983333,,0,P,0.22287,0.84106,0.12170,0.02273,frames/frame_005099.jpg
5100,85.000000,,0,B,0.20114,0.89539,0.11073,0.03634,frames/frame_005100.jpg
5101,85.016667,,0,B,0.19825,0.89763,0.10911,0.01904,frames/frame_005101.jpg
5102,85.033333,,0,B,0.19862,0.89711,0.11226,0.01786,frames/frame_005102.jpg
5103,85.050000,,0,P,0.19808,0.90169,0.11234,0.01768,frames/frame_005103.jpg
5104,85.066667,,0,B,0.21713,0.84769,0.11829,0.03490,frames/frame_005104.jpg
5105,85.083333,,0,B,0.22307,0.84664,0.11462,0.02213,frames/frame_005105.jpg
5106,85.100000,,0,B,0.22352,0.84570,0.11481,0.01923,frames/frame_005106.jpg
5107,85.116667,,0,P,0.22205,0.84980,0.11389,0.01895,frames/frame_005107.jpg
5108,85.133333,,0,B,0.20871,0.90134,0.10596,0.03517,frames/frame_005108.jpg
5109,85.150000,,0,B,0.21006,0.90333,0.10695,0.01936,frames/frame_005109.jpg
5110,85.166667,,0,B,0.20944,0.90293,0.10650,0.01728,frames/frame_005110.jpg
5111,85.183333,,0,P,0.20526,0.90819,0.10609,0.01817,frames/frame_005111.jpg
5112,85.200000,,0,B,0.22011,0.85066,0.11371,0.03246,frames/frame_005112.jpg
5113,85.216667,,0,B,0.21875,0.85038,0.10910,0.01745,frames/frame_005113.jpg
5114,85.233333,,0,B,0.23424,0.84540,0.11928,0.02532,frames/frame_005114.jpg
5115,85.250000,,0,P,0.23301,0.84316,0.11517,0.02036,frames/frame_005115.jpg
5116,85.266667,,0,B,0.21910,0.89622,0.10759,0.03722,frames/frame_005116.jpg
5117,85.283333,,0,B,0.21988,0.89871,0.10554,0.02028,frames/frame_005117.jpg
5118,85.300000,,0,B,0.22118,0.89839,0.10111,0.01773,frames/frame_005118.jpg
5119,85.316667,,0,P,0.22212,0.90377,0.10124,0.01662,frames/frame_005119.jpg
5120,85.333333,,0,B,0.23456,0.85118,0.10910,0.03557,frames/frame_005120.jpg
5121,85.350000,,0,B,0.23815,0.84839,0.11177,0.01903,frames/frame_005121.jpg
5122,85.366667,,0,P,0.24309,0.85145,0.11421,0.02255,frames/frame_005122.jpg
5123,85.383333,,0,B,0.25896,0.84724,0.11882,0.04230,frames/frame_005123.jpg
5124,85.400000,,0,B,0.24983,0.90710,0.10921,0.04028,frames/frame_005124.jpg
5125,85.416667,,0,B,0.25008,0.90720,0.10728,0.02263,frames/frame_005125.jpg
5126,85.433333,,0,P,0.24799,0.91348,0.10799,0.01957,frames/frame_005126.jpg
5127,85.450000,,0,B,0.24514,0.91345,0.10769,0.02168,frames/frame_005127.jpg
5128,85.466667,,0,B,0.25453,0.86404,0.11713,0.04088,frames/frame_005128.jpg
5129,85.483333,,0,B,0.25267,0.86317,0.11568,0.02415,frames/frame_005129.jpg
5130,85.500000,,0,P,0.25089,0.86808,0.11538,0.02150,frames/frame_005130.jpg
5131,85.516667,,0,B,0.25386,0.86617,0.11886,0.02050,frames/frame_005131.jpg
5132,85.533333,,0,B,0.26415,0.90900,0.10819,0.05877,frames/frame_005132.jpg
5133,85.550000,,0,B,0.25809,0.90880,0.10795,0.02033,frames/frame_005133.jpg
5134,85.566667,,0,P,0.25049,0.91284,0.10253,0.01986,frames/frame_005134.jpg
5135,85.583333,,0,B,0.24408,0.91324,0.10456,0.01856,frames/frame_005135.jpg
5136,85.600000,,0,B,0.24787,0.86584,0.11062,0.04512,frames/frame_005136.jpg
5137,85.616667,,0,B,0.24535,0.86605,0.11333,0.01750,frames/frame_005137.jpg
5138,85.633333,,0,P,0.24456,0.86856,0.11109,0.01537,frames/frame_005138.jpg
5139,85.650000,,0,B,0.24681,0.86749,0.11180,0.01603,frames/frame_005139.jpg
5140,85.666667,,0,B,0.23891,0.91768,0.09686,0.04933,frames/frame_005140.jpg
5141,85.683333,,0,B,0.24163,0.91480,0.09603,0.01615,frames/frame_005141.jpg
5142,85.700000,,0,P,0.24123,0.91784,0.09386,0.01396,frames/frame_005142.jpg
5143,85.716667,,0,B,0.24165,0.91691,0.09271,0.01545,frames/frame_005143.jpg
5144,85.733333,,0,B,0.25194,0.86884,0.10665,0.04575,frames/frame_005144.jpg
5145,85.750000,,0,B,0.25288,0.86799,0.10698,0.01667,frames/frame_005145.jpg
5146,85.766667,,0,P,0.25110,0.87086,0.10618,0.01638,frames/frame_005146.jpg
5147,85.783333,,0,B,0.25433,0.86974,0.10407,0.01798,frames/frame_005147.jpg
5148,85.800000,,0,B,0.24630,0.91218,0.08483,0.05945,frames/frame_005148.jpg
5149,85.816667,,0,P,0.25082,0.91109,0.08385,0.01714,frames/frame_005149.jpg
5150,85.833333,,0,P,0.68054,0.30517,0.12905,0.41689,frames/frame_005150.jpg
5151,85.850000,,0,P,0.62145,0.33396,0.13476,0.07388,frames/frame_005151.jpg
5152,85.866667,,0,B,0.56919,0.36162,0.13623,0.06507,frames/frame_005152.jpg
5153,85.883333,,0,P,0.51054,0.38907,0.13944,0.08932,frames/frame_005153.jpg
5154,85.900000,,0,B,0.47129,0.41445,0.13239,0.06748,frames/frame_005154.jpg
5155,85.916667,,0,P,0.43128,0.44721,0.13457,0.06109,frames/frame_005155.jpg
5156,85.933333,,0,B,0.40415,0.46156,0.13008,0.03032,frames/frame_005156.jpg
5157,85.950000,,0,B,0.37560,0.48552,0.14454,0.05667,frames/frame_005157.jpg
5158,85.966667,,0,B,0.35185,0.50748,0.12937,0.04651,frames/frame_005158.jpg
5159,85.983333,,0,P,0.32758,0.53744,0.13160,0.03302,frames/frame_005159.jpg
5160,86.000000,,0,B,0.31361,0.55483,0.13618,0.03124,frames/frame_005160.jpg
5161,86.016667,,0,B,0.30029,0.57688,0.13686,0.03041,frames/frame_005161.jpg
5162,86.033333,,0,B,0.28503,0.60039,0.13604,0.03108,frames/frame_005162.jpg
5163,86.050000,,0,P,0.27455,0.62339,0.13859,0.01750,frames/frame_005163.jpg
5164,86.066667,,0,B,0.26837,0.63785,0.14204,0.01763,frames/frame_005164.jpg
5165,86.083333,,0,B,0.26111,0.65484,0.14077,0.02249,frames/frame_005165.jpg
5166,86.100000,,0,B,0.25611,0.66942,0.14085,0.01369,frames/frame_005166.jpg
5167,86.116667,,0,P,0.24980,0.68707,0.14289,0.01280,frames/frame_005167.jpg
5168,86.133333,,0,B,0.11397,0.88151,0.09968,0.15668,frames/frame_005168.jpg
5169,86.150000,,0,B,0.10913,0.89853,0.09893,0.01053,frames/frame_005169.jpg
5170,86.166667,,0,B,0.10723,0.89839,0.09607,0.00940,frames/frame_005170.jpg
5171,86.183333,,0,P,0.10466,0.90677,0.09595,0.00755,frames/frame_005171.jpg
5172,86.200000,,0,B,0.10307,0.90664,0.09590,0.00841,frames/frame_005172.jpg
5173,86.216667,,0,B,0.10217,0.90801,0.09621,0.00787,frames/frame_005173.jpg
5174,86.233333,,0,B,0.10156,0.91031,0.09672,0.00634,frames/frame_005174.jpg
5175,86.250000,,0,P,0.09918,0.92185,0.09848,0.00826,frames/frame_005175.jpg
5176,86.266667,,0,B,0.09945,0.91916,0.09875,0.00678,frames/frame_005176.jpg
5177,86.283333,,0,B,0.10079,0.92000,0.09543,0.00978,frames/frame_005177.jpg
5178,86.300000,,0,B,0.10167,0.91807,0.09602,0.00627,frames/frame_005178.jpg
5179,86.316667,,0,P,0.10172,0.92373,0.09741,0.00654,frames/frame_005179.jpg
5180,86.333333,,0,B,0.10355,0.91939,0.09861,0.00713,frames/frame_005180.jpg
5181,86.350000,,0,B,0.10462,0.92008,0.10017,0.00667,frames/frame_005181.jpg
5182,86.366667,,0,B,0.10650,0.91899,0.10291,0.00691,frames/frame_005182.jpg
5183,86.383333,,0,P,0.10701,0.92302,0.10413,0.00656,frames/frame_005183.jpg
5184,86.400000,,0,B,0.10825,0.92208,0.10537,0.00639,frames/frame_005184.jpg
5185,86.416667,,0,B,0.10817,0.92586,0.10556,0.00591,frames/frame_005185.jpg
5186,86.433333,,0,B,0.14375,0.79165,0.12954,0.13291,frames/frame_005186.jpg
5187,86.450000,,0,P,0.14138,0.79020,0.12430,0.01881,frames/frame_005187.jpg
5188,86.466667,,0,B,0.13975,0.78583,0.12399,0.01810,frames/frame_005188.jpg
5189,86.483333,,0,B,0.13831,0.78811,0.12243,0.00687,frames/frame_005189.jpg
5190,86.500000,,0,B,0.13807,0.78540,0.12085,0.01335,frames/frame_005190.jpg
5191,86.516667,,0,P,0.13643,0.79040,0.12207,0.01115,frames/frame_005191.jpg
5192,86.533333,,0,B,0.13701,0.78457,0.12164,0.01034,frames/frame_005192.jpg
5193,86.550000,,0,B,0.13630,0.78673,0.12090,0.00896,frames/frame_005193.jpg
5194,86.566667,,0,B,0.13689,0.78462,0.12161,0.00706,frames/frame_005194.jpg
5195,86.583333,,0,P,0.13543,0.78889,0.12218,0.01051,frames/frame_005195.jpg
5196,86.600000,,0,B,0.13691,0.78608,0.12254,0.00742,frames/frame_005196.jpg
5197,86.616667,,0,B,0.13762,0.78635,0.12333,0.00619,frames/frame_005197.jpg
5198,86.633333,,0,B,0.13813,0.78736,0.12452,0.00749,frames/frame_005198.jpg
5199,86.650000,,0,P,0.13782,0.79301,0.12497,0.00614,frames/frame_005199.jpg
5200,86.666667,,0,B,0.13782,0.79340,0.12464,0.00644,frames/frame_005200.jpg
5201,86.683333,,0,B,0.13783,0.79264,0.12429,0.00634,frames/frame_005201.jpg
5202,86.700000,,0,P,0.13752,0.79526,0.12481,0.00606,frames/frame_005202.jpg
5203,86.716667,,0,B,0.13862,0.79173,0.12444,0.00694,frames/frame_005203.jpg
5204,86.733333,,0,B,0.13875,0.79111,0.12384,0.00992,frames/frame_005204.jpg
5205,86.750000,,0,B,0.13861,0.79010,0.12335,0.00692,frames/frame_005205.jpg
5206,86.766667,,0,P,0.13645,0.79433,0.12265,0.00648,frames/frame_005206.jpg
5207,86.783333,,0,B,0.13696,0.78874,0.12241,0.00579,frames/frame_005207.jpg
5208,86.800000,,0,B,0.13663,0.79128,0.12287,0.00577,frames/frame_005208.jpg
5209,86.816667,,0,B,0.13706,0.78957,0.12371,0.00511,frames/frame_005209.jpg
5210,86.833333,,0,P,0.13593,0.79333,0.12323,0.00605,frames/frame_005210.jpg
5211,86.850000,,0,B,0.13689,0.78891,0.12346,0.00567,frames/frame_005211.jpg
5212,86.866667,,0,B,0.13660,0.79041,0.12341,0.00513,frames/frame_005212.jpg
5213,86.883333,,0,B,0.13714,0.79077,0.12308,0.00499,frames/frame_005213.jpg
5214,86.900000,,0,P,0.13608,0.79378,0.12313,0.00523,frames/frame_005214.jpg
5215,86.916667,,0,B,0.13716,0.79122,0.12365,0.00513,frames/frame_005215.jpg
5216,86.933333,,0,B,0.13722,0.79174,0.12372,0.00440,frames/frame_005216.jpg
5217,86.950000,,0,B,0.13756,0.79228,0.12366,0.00464,frames/frame_005217.jpg
5218,86.966667,,0,P,0.13690,0.79381,0.12346,0.00474,frames/frame_005218.jpg
5219,86.983333,,0,P,0.13716,0.79553,0.12346,0.00469,frames/frame_005219.jpg
5220,87.000000,,1,I,0.13830,0.79463,0.12403,0.00622,frames/frame_005220.jpg
5221,87.016667,,0,B,0.16441,0.79800,0.12588,0.06632,frames/frame_005221.jpg
5222,87.033333,,0,B,0.16650,0.80239,0.12677,0.01639,frames/frame_005222.jpg
5223,87.050000,,0,B,0.16622,0.80122,0.12532,0.02228,frames/frame_005223.jpg
5224,87.066667,,0,P,0.16424,0.80660,0.12252,0.01613,frames/frame_005224.jpg
5225,87.083333,,0,B,0.16357,0.80310,0.12090,0.01876,frames/frame_005225.jpg
5226,87.100000,,0,B,0.16377,0.80580,0.12164,0.01668,frames/frame_005226.jpg
5227,87.116667,,0,B,0.16571,0.80354,0.12416,0.00869,frames/frame_005227.jpg
5228,87.133333,,0,P,0.16396,0.80472,0.12355,0.01668,frames/frame_005228.jpg
5229,87.150000,,0,B,0.16432,0.80290,0.12417,0.01104,frames/frame_005229.jpg
5230,87.166667,,0,P,0.15075,0.78545,0.13056,0.05599,frames/frame_005230.jpg
5231,87.183333,,0,B,0.14497,0.78294,0.12547,0.02106,frames/frame_005231.jpg
5232,87.200000,,0,B,0.14387,0.78468,0.12402,0.01180,frames/frame_005232.jpg
5233,87.216667,,0,B,0.14588,0.78479,0.12476,0.01078,frames/frame_005233.jpg
5234,87.233333,,0,P,0.14733,0.79102,0.12608,0.01044,frames/frame_005234.jpg
5235,87.250000,,0,B,0.14901,0.79032,0.12750,0.01000,frames/frame_005235.jpg
5236,87.266667,,0,B,0.14927,0.79046,0.12818,0.00779,frames/frame_005236.jpg
5237,87.283333,,0,B,0.14486,0.79221,0.12644,0.01137,frames/frame_005237.jpg
5238,87.300000,,0,P,0.14253,0.79812,0.12646,0.00906,frames/frame_005238.jpg
5239,87.316667,,0,B,0.14336,0.79412,0.12567,0.00674,frames/frame_005239.jpg
5240,87.333333,,0,B,0.14227,0.79471,0.12566,0.00804,frames/frame_005240.jpg
5241,87.350000,,0,B,0.14126,0.79354,0.12482,0.00659,frames/frame_005241.jpg
5242,87.366667,,0,P,0.13944,0.79633,0.12464,0.00584,frames/frame_005242.jpg
5243,87.383333,,0,B,0.13911,0.79328,0.12357,0.00677,frames/frame_005243.jpg
5244,87.400000,,0,B,0.13827,0.79364,0.12256,0.00538,frames/frame_005244.jpg
5245,87.416667,,0,B,0.13807,0.79206,0.12248,0.00512,frames/frame_005245.jpg
5246,87.433333,,0,P,0.13725,0.79739,0.12242,0.00559,frames/frame_005246.jpg
5247,87.450000,,0,B,0.13789,0.79413,0.12272,0.00535,frames/frame_005247.jpg
5248,87.466667,,0,B,0.13859,0.79456,0.12307,0.00571,frames/frame_005248.jpg
5249,87.483333,,0,B,0.13896,0.79481,0.12295,0.00570,frames/frame_005249.jpg
5250,87.500000,,0,P,0.13861,0.79724,0.12306,0.00532,frames/frame_005250.jpg
5251,87.516667,,0,B,0.13878,0.79386,0.12295,0.00533,frames/frame_005251.jpg
5252,87.533333,,0,B,0.13859,0.79426,0.12280,0.00432,frames/frame_005252.jpg
5253,87.550000,,0,B,0.13870,0.79407,0.12291,0.00452,frames/frame_005253.jpg
5254,87.566667,,0,P,0.13799,0.79552,0.12288,0.00471,frames/frame_005254.jpg
5255,87.583333,,0,B,0.13835,0.79444,0.12231,0.00445,frames/frame_005255.jpg
5256,87.600000,,0,B,0.13793,0.79510,0.12215,0.00467,frames/frame_005256.jpg
5257,87.616667,,0,B,0.13826,0.79440,0.12211,0.00460,frames/frame_005257.jpg
5258,87.633333,,0,P,0.14094,0.79898,0.12607,0.01735,frames/frame_005258.jpg
5259,87.650000,,0,B,0.13805,0.79086,0.11947,0.02023,frames/frame_005259.jpg
5260,87.666667,,0,B,0.13317,0.79191,0.11543,0.01072,frames/frame_005260.jpg
5261,87.683333,,0,B,0.13182,0.79188,0.11582,0.01538,frames/frame_005261.jpg
5262,87.700000,,0,P,0.13006,0.79364,0.11426,0.01106,frames/frame_005262.jpg
5263,87.716667,,0,B,0.13075,0.78869,0.11381,0.01013,frames/frame_005263.jpg
5264,87.733333,,0,B,0.13030,0.78991,0.11447,0.01020,frames/frame_005264.jpg
5265,87.750000,,0,B,0.13127,0.78872,0.11641,0.00860,frames/frame_005265.jpg
5266,87.766667,,0,P,0.13138,0.79323,0.11650,0.01038,frames/frame_005266.jpg
5267,87.783333,,0,B,0.13411,0.78937,0.11818,0.00881,frames/frame_005267.jpg
5268,87.800000,,0,B,0.13458,0.79171,0.11926,0.00777,frames/frame_005268.jpg
5269,87.816667,,0,B,0.13679,0.79134,0.12079,0.00794,frames/frame_005269.jpg
5270,87.833333,,0,P,0.13730,0.79638,0.12215,0.00676,frames/frame_005270.jpg
5271,87.850000,,0,B,0.13978,0.79079,0.12353,0.00777,frames/frame_005271.jpg
5272,87.866667,,0,B,0.14046,0.79269,0.12466,0.00585,frames/frame_005272.jpg
5273,87.883333,,0,B,0.14069,0.79113,0.12479,0.00689,frames/frame_005273.jpg
5274,87.900000,,0,P,0.13859,0.79440,0.12346,0.00686,frames/frame_005274.jpg
5275,87.916667,,0,B,0.14003,0.79346,0.12416,0.00580,frames/frame_005275.jpg
5276,87.933333,,0,B,0.16457,0.79729,0.12519,0.06864,frames/frame_005276.jpg
5277,87.950000,,0,B,0.16568,0.79896,0.12560,0.01675,frames/frame_005277.jpg
5278,87.966667,,0,P,0.16454,0.80071,0.12515,0.01320,frames/frame_005278.jpg
5279,87.983333,,0,B,0.16591,0.80213,0.12512,0.01494,frames/frame_005279.jpg
5280,88.000000,,0,B,0.16537,0.80365,0.12461,0.00948,frames/frame_005280.jpg
5281,88.016667,,0,B,0.16740,0.80308,0.12564,0.01541,frames/frame_005281.jpg
5282,88.033333,,0,P,0.16690,0.80857,0.12739,0.01008,frames/frame_005282.jpg
5283,88.050000,,0,B,0.16877,0.80237,0.12811,0.00996,frames/frame_005283.jpg
5284,88.066667,,0,B,0.16845,0.80369,0.12747,0.01184,frames/frame_005284.jpg
5285,88.083333,,0,B,0.15536,0.77893,0.13350,0.05692,frames/frame_005285.jpg
5286,88.100000,,0,P,0.15000,0.78438,0.12749,0.01429,frames/frame_005286.jpg
5287,88.116667,,0,B,0.14989,0.78283,0.12747,0.00971,frames/frame_005287.jpg
5288,88.133333,,0,B,0.15000,0.78575,0.12767,0.00907,frames/frame_005288.jpg
5289,88.150000,,0,B,0.15270,0.78633,0.12848,0.01219,frames/frame_005289.jpg
5290,88.166667,,0,P,0.15297,0.79144,0.12840,0.00825,frames/frame_005290.jpg
5291,88.183333,,0,B,0.14869,0.79078,0.12712,0.01212,frames/frame_005291.jpg
5292,88.200000,,0,B,0.14529,0.79508,0.12517,0.00971,frames/frame_005292.jpg
5293,88.216667,,0,B,0.16638,0.79872,0.12564,0.06652,frames/frame_005293.jpg
5294,88.233333,,0,P,0.16620,0.80177,0.12528,0.02252,frames/frame_005294.jpg
5295,88.250000,,0,B,0.16368,0.80066,0.12282,0.01669,frames/frame_005295.jpg
5296,88.266667,,0,B,0.16102,0.80214,0.12064,0.02149,frames/frame_005296.jpg
5297,88.283333,,0,B,0.16006,0.80158,0.11904,0.01468,frames/frame_005297.jpg
5298,88.300000,,0,P,0.15908,0.80479,0.11922,0.01130,frames/frame_005298.jpg
5299,88.316667,,0,B,0.16108,0.80211,0.12131,0.01612,frames/frame_005299.jpg
5300,88.333333,,0,B,0.16040,0.80173,0.12117,0.01122,frames/frame_005300.jpg
5301,88.350000,,0,B,0.16115,0.79766,0.12193,0.01052,frames/frame_005301.jpg
5302,88.366667,,0,P,0.14681,0.78877,0.12718,0.05641,frames/frame_005302.jpg
5303,88.383333,,0,B,0.14427,0.78399,0.12328,0.01406,frames/frame_005303.jpg
5304,88.400000,,0,B,0.14269,0.78591,0.12148,0.01171,frames/frame_005304.jpg
5305,88.416667,,0,B,0.14526,0.78524,0.12229,0.00989,frames/frame_005305.jpg
5306,88.433333,,0,P,0.14816,0.79223,0.12463,0.01252,frames/frame_005306.jpg
5307,88.450000,,0,B,0.15077,0.78979,0.12631,0.01061,frames/frame_005307.jpg
5308,88.466667,,0,B,0.14983,0.79296,0.12676,0.00690,frames/frame_005308.jpg
5309,88.483333,,0,B,0.14410,0.79258,0.12326,0.01320,frames/frame_005309.jpg
5310,88.500000,,0,P,0.14063,0.79695,0.12163,0.00890,frames/frame_005310.jpg
5311,88.516667,,0,B,0.14313,0.79500,0.12331,0.00754,frames/frame_005311.jpg
5312,88.533333,,0,B,0.16537,0.80072,0.12486,0.06987,frames/frame_005312.jpg
5313,88.550000,,0,B,0.16550,0.79747,0.12528,0.00897,frames/frame_005313.jpg
5314,88.566667,,0,P,0.16391,0.80370,0.12501,0.01981,frames/frame_005314.jpg
5315,88.583333,,0,B,0.16499,0.80200,0.12424,0.01357,frames/frame_005315.jpg
5316,88.600000,,0,B,0.16355,0.80251,0.12287,0.01087,frames/frame_005316.jpg
5317,88.616667,,0,B,0.16563,0.80323,0.12461,0.01580,frames/frame_005317.jpg
5318,88.633333,,0,P,0.16619,0.80544,0.12585,0.01072,frames/frame_005318.jpg
5319,88.650000,,0,B,0.16803,0.80099,0.12708,0.01287,frames/frame_005319.jpg
5320,88.666667,,0,B,0.16647,0.80301,0.12525,0.00979,frames/frame_005320.jpg
5321,88.683333,,0,B,0.15323,0.78363,0.13023,0.05554,frames/frame_005321.jpg
5322,88.700000,,0,P,0.14789,0.78988,0.12630,0.01636,frames/frame_005322.jpg
5323,88.716667,,0,B,0.14745,0.78659,0.12455,0.00773,frames/frame_005323.jpg
5324,88.733333,,0,B,0.15085,0.78664,0.12654,0.01249,frames/frame_005324.jpg
5325,88.750000,,0,B,0.15287,0.78885,0.12772,0.01133,frames/frame_005325.jpg
5326,88.766667,,0,P,0.15372,0.79226,0.12866,0.00881,frames/frame_005326.jpg
5327,88.783333,,0,B,0.15010,0.78991,0.12792,0.01135,frames/frame_005327.jpg
5328,88.800000,,0,B,0.14504,0.79090,0.12480,0.01054,frames/frame_005328.jpg
5329,88.816667,,0,B,0.14550,0.78963,0.12431,0.00814,frames/frame_005329.jpg
5330,88.833333,,0,P,0.14619,0.79463,0.12642,0.01091,frames/frame_005330.jpg
5331,88.850000,,0,B,0.14215,0.78824,0.12200,0.01407,frames/frame_005331.jpg
5332,88.866667,,0,B,0.13879,0.79039,0.11916,0.01841,frames/frame_005332.jpg
5333,88.883333,,0,B,0.13770,0.78794,0.11840,0.01129,frames/frame_005333.jpg
5334,88.900000,,0,P,0.13624,0.79172,0.11805,0.01330,frames/frame_005334.jpg
5335,88.916667,,0,B,0.13636,0.78777,0.11759,0.01004,frames/frame_005335.jpg
5336,88.933333,,0,B,0.13598,0.78872,0.11794,0.00933,frames/frame_005336.jpg
5337,88.950000,,0,B,0.13571,0.78723,0.11823,0.01146,frames/frame_005337.jpg
5338,88.966667,,0,P,0.13502,0.79342,0.11813,0.00748,frames/frame_005338.jpg
5339,88.983333,,0,B,0.13587,0.79082,0.11646,0.01860,frames/frame_005339.jpg
5340,89.000000,,0,B,0.13708,0.79226,0.11879,0.01017,frames/frame_005340.jpg
5341,89.016667,,0,B,0.13817,0.79115,0.11937,0.00919,frames/frame_005341.jpg
5342,89.033333,,0,P,0.13815,0.79549,0.12015,0.00700,frames/frame_005342.jpg
5343,89.050000,,0,B,0.13951,0.79228,0.12127,0.00666,frames/frame_005343.jpg
5344,89.066667,,0,B,0.13931,0.79584,0.12199,0.00762,frames/frame_005344.jpg
5345,89.083333,,0,B,0.13949,0.79586,0.12139,0.00565,frames/frame_005345.jpg
5346,89.100000,,0,P,0.13870,0.79994,0.12163,0.00528,frames/frame_005346.jpg
5347,89.116667,,0,B,0.14111,0.79632,0.12277,0.00700,frames/frame_005347.jpg
5348,89.133333,,0,B,0.14230,0.79856,0.12447,0.00872,frames/frame_005348.jpg
5349,89.150000,,0,B,0.14230,0.79533,0.12333,0.01043,frames/frame_005349.jpg
5350,89.166667,,0,P,0.13946,0.79966,0.12259,0.01002,frames/frame_005350.jpg
5351,89.183333,,0,B,0.13976,0.79452,0.12216,0.00770,frames/frame_005351.jpg
5352,89.200000,,0,B,0.13900,0.79434,0.12065,0.00975,frames/frame_005352.jpg
5353,89.216667,,0,B,0.13891,0.79501,0.12022,0.00610,frames/frame_005353.jpg
5354,89.233333,,0,P,0.13803,0.79869,0.12133,0.00675,frames/frame_005354.jpg
5355,89.250000,,0,B,0.13956,0.79246,0.12101,0.00819,frames/frame_005355.jpg
5356,89.266667,,0,B,0.13968,0.79479,0.12112,0.00585,frames/frame_005356.jpg
5357,89.283333,,0,B,0.13981,0.79140,0.12121,0.00611,frames/frame_005357.jpg
5358,89.300000,,0,P,0.13823,0.79783,0.12017,0.00572,frames/frame_005358.jpg
5359,89.316667,,0,B,0.13917,0.79459,0.12046,0.00604,frames/frame_005359.jpg
5360,89.333333,,0,B,0.13889,0.79408,0.12040,0.00539,frames/frame_005360.jpg
5361,89.350000,,0,B,0.13929,0.79366,0.12060,0.00390,frames/frame_005361.jpg
5362,89.366667,,0,P,0.13854,0.79659,0.12089,0.00533,frames/frame_005362.jpg
5363,89.383333,,0,B,0.13901,0.79342,0.12048,0.00488,frames/frame_005363.jpg
5364,89.400000,,0,B,0.13982,0.79574,0.12155,0.00546,frames/frame_005364.jpg
5365,89.416667,,0,B,0.16548,0.80269,0.12556,0.07038,frames/frame_005365.jpg
5366,89.433333,,0,P,0.16513,0.80627,0.12455,0.01712,frames/frame_005366.jpg
5367,89.450000,,0,B,0.16545,0.80504,0.12476,0.02481,frames/frame_005367.jpg
5368,89.466667,,0,B,0.16334,0.80627,0.12134,0.01656,frames/frame_005368.jpg
5369,89.483333,,0,B,0.16195,0.80527,0.11914,0.01283,frames/frame_005369.jpg
5370,89.500000,,0,P,0.16190,0.80874,0.11983,0.02079,frames/frame_005370.jpg
5371,89.516667,,0,B,0.16362,0.80654,0.12112,0.01159,frames/frame_005371.jpg
5372,89.533333,,0,B,0.16247,0.80451,0.12250,0.01237,frames/frame_005372.jpg
5373,89.550000,,0,B,0.16289,0.80388,0.12284,0.01099,frames/frame_005373.jpg
5374,89.566667,,0,P,0.14887,0.78775,0.12852,0.05689,frames/frame_005374.jpg
5375,89.583333,,0,B,0.14357,0.78597,0.12234,0.01716,frames/frame_005375.jpg
5376,89.600000,,0,B,0.14226,0.78619,0.12078,0.00795,frames/frame_005376.jpg
5377,89.616667,,0,B,0.14571,0.78643,0.12234,0.01372,frames/frame_005377.jpg
5378,89.633333,,0,P,0.14869,0.79127,0.12550,0.01155,frames/frame_005378.jpg
5379,89.650000,,0,B,0.15113,0.78828,0.12698,0.00803,frames/frame_005379.jpg
5380,89.666667,,0,B,0.14977,0.79120,0.12747,0.00840,frames/frame_005380.jpg
5381,89.683333,,0,B,0.14515,0.78865,0.12446,0.01131,frames/frame_005381.jpg
5382,89.700000,,0,P,0.14340,0.79145,0.12433,0.00789,frames/frame_005382.jpg
5383,89.716667,,0,B,0.14467,0.78800,0.12405,0.00634,frames/frame_005383.jpg
5384,89.733333,,0,B,0.14355,0.78788,0.12407,0.00730,frames/frame_005384.jpg
5385,89.750000,,0,B,0.14397,0.78549,0.12425,0.00660,frames/frame_005385.jpg
5386,89.766667,,0,P,0.14240,0.78914,0.12361,0.00566,frames/frame_005386.jpg
5387,89.783333,,0,B,0.14291,0.78828,0.12437,0.00512,frames/frame_005387.jpg
5388,89.800000,,0,B,0.14337,0.78668,0.12443,0.00539,frames/frame_005388.jpg
5389,89.816667,,0,P,0.14299,0.78908,0.12439,0.00496,frames/frame_005389.jpg
5390,89.833333,,0,B,0.14288,0.78948,0.12437,0.00520,frames/frame_005390.jpg
5391,89.850000,,0,B,0.14331,0.78823,0.12389,0.00477,frames/frame_005391.jpg
5392,89.866667,,0,P,0.14326,0.79144,0.12392,0.00495,frames/frame_005392.jpg
5393,89.883333,,0,B,0.14403,0.78946,0.12395,0.00753,frames/frame_005393.jpg
5394,89.900000,,0,B,0.14280,0.79109,0.12370,0.00518,frames/frame_005394.jpg
5395,89.916667,,0,B,0.14238,0.79061,0.12249,0.00547,frames/frame_005395.jpg
5396,89.933333,,0,P,0.14105,0.79294,0.12187,0.00546,frames/frame_005396.jpg
5397,89.950000,,0,B,0.14089,0.79492,0.12206,0.00500,frames/frame_005397.jpg
5398,89.966667,,0,B,0.14125,0.79320,0.12213,0.00433,frames/frame_005398.jpg
5399,89.983333,,0,P,0.14035,0.79511,0.12237,0.00454,frames/frame_005399.jpg
5400,90.000000,,1,I,0.14022,0.79638,0.12180,0.00602,frames/frame_005400.jpg
5401,90.016667,,0,B,0.14239,0.79156,0.12318,0.00568,frames/frame_005401.jpg
5402,90.033333,,0,B,0.14337,0.79247,0.12338,0.01368,frames/frame_005402.jpg
5403,90.050000,,0,B,0.14092,0.79223,0.12387,0.01852,frames/frame_005403.jpg
5404,90.066667,,0,P,0.13599,0.79576,0.11927,0.01442,frames/frame_005404.jpg
5405,90.083333,,0,B,0.13444,0.78950,0.11542,0.01469,frames/frame_005405.jpg
5406,90.100000,,0,B,0.13177,0.79195,0.11438,0.00917,frames/frame_005406.jpg
5407,90.116667,,0,B,0.13195,0.78866,0.11391,0.00960,frames/frame_005407.jpg
5408,90.133333,,0,P,0.12990,0.79360,0.11292,0.01113,frames/frame_005408.jpg
5409,90.150000,,0,B,0.13051,0.78781,0.11310,0.00669,frames/frame_005409.jpg
5410,90.166667,,0,B,0.12997,0.79046,0.11301,0.01015,frames/frame_005410.jpg
5411,90.183333,,0,B,0.13132,0.78674,0.11295,0.00862,frames/frame_005411.jpg
5412,90.200000,,0,P,0.13142,0.79234,0.11345,0.00767,frames/frame_005412.jpg
5413,90.216667,,0,B,0.13257,0.79005,0.11506,0.00741,frames/frame_005413.jpg
5414,90.233333,,0,P,0.13196,0.79520,0.11547,0.00573,frames/frame_005414.jpg
5415,90.250000,,0,B,0.13384,0.79208,0.11671,0.00745,frames/frame_005415.jpg
5416,90.266667,,0,B,0.13390,0.79332,0.11697,0.00625,frames/frame_005416.jpg
5417,90.283333,,0,B,0.13477,0.79298,0.11713,0.00551,frames/frame_005417.jpg
5418,90.300000,,0,P,0.13412,0.79792,0.11780,0.00600,frames/frame_005418.jpg
5419,90.316667,,0,B,0.13651,0.79332,0.11840,0.00646,frames/frame_005419.jpg
5420,90.333333,,0,B,0.13730,0.79531,0.11865,0.00750,frames/frame_005420.jpg
5421,90.350000,,0,B,0.13875,0.79529,0.11986,0.00801,frames/frame_005421.jpg
5422,90.366667,,0,P,0.13759,0.79908,0.11942,0.00785,frames/frame_005422.jpg
5423,90.383333,,0,B,0.13856,0.79548,0.12013,0.01018,frames/frame_005423.jpg
5424,90.400000,,0,B,0.13812,0.79672,0.11987,0.00579,frames/frame_005424.jpg
5425,90.416667,,0,B,0.13784,0.79348,0.11895,0.00721,frames/frame_005425.jpg
5426,90.433333,,0,P,0.13666,0.79784,0.11938,0.00792,frames/frame_005426.jpg
5427,90.450000,,0,B,0.13805,0.79329,0.11979,0.00608,frames/frame_005427.jpg
5428,90.466667,,0,B,0.13812,0.79397,0.11996,0.00594,frames/frame_005428.jpg
5429,90.483333,,0,B,0.13845,0.79384,0.12018,0.00550,frames/frame_005429.jpg
5430,90.500000,,0,P,0.13738,0.79686,0.11994,0.00678,frames/frame_005430.jpg
5431,90.516667,,0,B,0.13745,0.79242,0.11948,0.00654,frames/frame_005431.jpg
5432,90.533333,,0,B,0.13762,0.79420,0.11962,0.00448,frames/frame_005432.jpg
5433,90.550000,,0,B,0.13762,0.79233,0.11958,0.00559,frames/frame_005433.jpg
5434,90.566667,,0,P,0.13648,0.79504,0.11912,0.00524,frames/frame_005434.jpg
5435,90.583333,,0,B,0.13771,0.79220,0.12005,0.00520,frames/frame_005435.jpg
5436,90.600000,,0,P,0.13902,0.79502,0.12112,0.00672,frames/frame_005436.jpg
5437,90.616667,,0,B,0.16433,0.79879,0.12235,0.06788,frames/frame_005437.jpg
5438,90.633333,,0,B,0.16719,0.80112,0.12513,0.02160,frames/frame_005438.jpg
5439,90.650000,,0,B,0.16667,0.80294,0.12315,0.01465,frames/frame_005439.jpg
5440,90.666667,,0,P,0.16424,0.80453,0.12181,0.01760,frames/frame_005440.jpg
5441,90.683333,,0,B,0.16372,0.80406,0.11847,0.02036,frames/frame_005441.jpg
5442,90.700000,,0,B,0.16407,0.80397,0.11954,0.01362,frames/frame_005442.jpg
5443,90.716667,,0,B,0.16495,0.80369,0.12060,0.01462,frames/frame_005443.jpg
5444,90.733333,,0,P,0.16380,0.80696,0.12083,0.01161,frames/frame_005444.jpg
5445,90.750000,,0,B,0.16515,0.80163,0.12183,0.01356,frames/frame_005445.jpg
5446,90.766667,,0,B,0.15135,0.78685,0.12879,0.05738,frames/frame_005446.jpg
5447,90.783333,,0,B,0.14604,0.78300,0.12390,0.02215,frames/frame_005447.jpg
5448,90.800000,,0,P,0.14431,0.78925,0.12205,0.01239,frames/frame_005448.jpg
5449,90.816667,,0,B,0.14766,0.78585,0.12303,0.01343,frames/frame_005449.jpg
5450,90.833333,,0,B,0.14932,0.78905,0.12445,0.01126,frames/frame_005450.jpg
5451,90.850000,,0,B,0.15057,0.78911,0.12505,0.00837,frames/frame_005451.jpg
5452,90.866667,,0,P,0.14975,0.79317,0.12581,0.00709,frames/frame_005452.jpg
5453,90.883333,,0,B,0.14628,0.79222,0.12420,0.01630,frames/frame_005453.jpg
5454,90.900000,,0,B,0.14383,0.79428,0.12396,0.00988,frames/frame_005454.jpg
5455,90.916667,,0,B,0.14373,0.79209,0.12246,0.00747,frames/frame_005455.jpg
5456,90.933333,,0,P,0.14105,0.79704,0.12311,0.01225,frames/frame_005456.jpg
5457,90.950000,,0,B,0.14201,0.79154,0.12295,0.00641,frames/frame_005457.jpg
5458,90.966667,,0,B,0.14088,0.79365,0.12170,0.00728,frames/frame_005458.jpg
5459,90.983333,,0,B,0.14081,0.79126,0.12124,0.00678,frames/frame_005459.jpg
5460,91.000000,,0,P,0.13975,0.79499,0.12184,0.00695,frames/frame_005460.jpg
5461,91.016667,,0,B,0.14086,0.79078,0.12169,0.00699,frames/frame_005461.jpg
5462,91.033333,,0,B,0.14083,0.79236,0.12163,0.00471,frames/frame_005462.jpg
5463,91.050000,,0,B,0.14099,0.79071,0.12246,0.00593,frames/frame_005463.jpg
5464,91.066667,,0,P,0.13960,0.79568,0.12116,0.00595,frames/frame_005464.jpg
5465,91.083333,,0,B,0.14007,0.79336,0.12049,0.00550,frames/frame_005465.jpg
5466,91.100000,,0,B,0.13968,0.79349,0.12067,0.00525,frames/frame_005466.jpg
5467,91.116667,,0,B,0.14014,0.79286,0.12120,0.00498,frames/frame_005467.jpg
5468,91.133333,,0,P,0.13904,0.79637,0.12110,0.00568,frames/frame_005468.jpg
5469,91.150000,,0,B,0.13940,0.79284,0.12077,0.00516,frames/frame_005469.jpg
5470,91.166667,,0,B,0.13827,0.79398,0.11985,0.00550,frames/frame_005470.jpg
5471,91.183333,,0,B,0.13784,0.79414,0.11893,0.00532,frames/frame_005471.jpg
5472,91.200000,,0,P,0.13711,0.79627,0.11893,0.00567,frames/frame_005472.jpg
5473,91.216667,,0,B,0.13875,0.79382,0.11971,0.00608,frames/frame_005473.jpg
5474,91.233333,,0,B,0.14075,0.79695,0.12036,0.01969,frames/frame_005474.jpg
5475,91.250000,,0,B,0.13784,0.79375,0.11678,0.01622,frames/frame_005475.jpg
5476,91.266667,,0,P,0.13276,0.79733,0.11495,0.01917,frames/frame_005476.jpg
5477,91.283333,,0,B,0.13167,0.79335,0.11266,0.00905,frames/frame_005477.jpg
5478,91.300000,,0,B,0.12992,0.79362,0.11148,0.01264,frames/frame_005478.jpg
5479,91.316667,,0,B,0.12970,0.79074,0.11200,0.01256,frames/frame_005479.jpg
5480,91.333333,,0,P,0.12836,0.79489,0.11178,0.00745,frames/frame_005480.jpg
5481,91.350000,,0,B,0.13013,0.79086,0.11281,0.01020,frames/frame_005481.jpg
5482,91.366667,,0,B,0.13256,0.79291,0.11522,0.01166,frames/frame_005482.jpg
5483,91.383333,,0,B,0.13551,0.79352,0.11684,0.01082,frames/frame_005483.jpg
5484,91.400000,,0,P,0.13627,0.79759,0.11738,0.00772,frames/frame_005484.jpg
5485,91.416667,,0,B,0.13717,0.79366,0.11797,0.00704,frames/frame_005485.jpg
5486,91.433333,,0,B,0.13726,0.79506,0.11903,0.00812,frames/frame_005486.jpg
5487,91.450000,,0,B,0.13723,0.79494,0.11854,0.00676,frames/frame_005487.jpg
5488,91.466667,,0,P,0.13767,0.79671,0.12000,0.00667,frames/frame_005488.jpg
5489,91.483333,,0,B,0.13904,0.79194,0.12084,0.00733,frames/frame_005489.jpg
5490,91.500000,,0,B,0.13904,0.79230,0.12088,0.00648,frames/frame_005490.jpg
5491,91.516667,,0,B,0.14161,0.78957,0.12251,0.00762,frames/frame_005491.jpg
5492,91.533333,,0,P,0.14302,0.79202,0.12391,0.00997,frames/frame_005492.jpg
5493,91.550000,,0,B,0.14404,0.78892,0.12434,0.00647,frames/frame_005493.jpg
5494,91.566667,,0,P,0.14309,0.78926,0.12349,0.00649,frames/frame_005494.jpg
5495,91.583333,,0,B,0.14324,0.78610,0.12293,0.00629,frames/frame_005495.jpg
5496,91.600000,,0,B,0.14234,0.78839,0.12260,0.00630,frames/frame_005496.jpg
5497,91.616667,,0,B,0.14219,0.78654,0.12226,0.00569,frames/frame_005497.jpg
5498,91.633333,,0,P,0.14094,0.78933,0.12158,0.00582,frames/frame_005498.jpg
5499,91.650000,,0,B,0.14152,0.78701,0.12148,0.00586,frames/frame_005499.jpg
5500,91.666667,,0,B,0.14150,0.79046,0.12124,0.00696,frames/frame_005500.jpg
5501,91.683333,,0,B,0.14445,0.78784,0.12289,0.00883,frames/frame_005501.jpg
5502,91.700000,,0,P,0.14336,0.79172,0.12285,0.00628,frames/frame_005502.jpg
5503,91.716667,,0,B,0.14327,0.78977,0.12224,0.00627,frames/frame_005503.jpg
5504,91.733333,,0,B,0.14182,0.79282,0.12179,0.00644,frames/frame_005504.jpg
5505,91.750000,,0,B,0.14129,0.79251,0.12141,0.00667,frames/frame_005505.jpg
5506,91.766667,,0,P,0.13966,0.79615,0.12117,0.00663,frames/frame_005506.jpg
5507,91.783333,,0,B,0.14006,0.79421,0.12117,0.00537,frames/frame_005507.jpg
5508,91.800000,,0,B,0.14214,0.79603,0.12256,0.00724,frames/frame_005508.jpg
5509,91.816667,,0,B,0.16571,0.79883,0.12259,0.06708,frames/frame_005509.jpg
5510,91.833333,,0,P,0.16782,0.80204,0.12475,0.01031,frames/frame_005510.jpg
5511,91.850000,,0,B,0.16762,0.80102,0.12370,0.02236,frames/frame_005511.jpg
5512,91.866667,,0,B,0.16404,0.80548,0.12119,0.02326,frames/frame_005512.jpg
5513,91.883333,,0,B,0.16412,0.80325,0.11953,0.01297,frames/frame_005513.jpg
5514,91.900000,,0,P,0.16392,0.80657,0.12115,0.01758,frames/frame_005514.jpg
5515,91.916667,,0,B,0.16458,0.80332,0.12075,0.01283,frames/frame_005515.jpg
5516,91.933333,,0,P,0.16298,0.80346,0.11886,0.01387,frames/frame_005516.jpg
5517,91.950000,,0,B,0.16318,0.79969,0.12027,0.01206,frames/frame_005517.jpg
5518,91.966667,,0,B,0.15057,0.78402,0.12695,0.05433,frames/frame_005518.jpg
5519,91.983333,,0,B,0.14706,0.78683,0.12245,0.01839,frames/frame_005519.jpg
5520,92.000000,,0,P,0.14494,0.79055,0.12084,0.01155,frames/frame_005520.jpg
5521,92.016667,,0,B,0.14938,0.78643,0.12164,0.01493,frames/frame_005521.jpg
5522,92.033333,,0,B,0.15250,0.79167,0.12478,0.01197,frames/frame_005522.jpg
5523,92.050000,,0,B,0.15239,0.79115,0.12451,0.00901,frames/frame_005523.jpg
5524,92.066667,,0,P,0.15088,0.79597,0.12455,0.00921,frames/frame_005524.jpg
5525,92.083333,,0,B,0.14530,0.79424,0.12173,0.01246,frames/frame_005525.jpg
5526,92.100000,,0,B,0.14227,0.79700,0.12108,0.00980,frames/frame_005526.jpg
5527,92.116667,,0,B,0.14315,0.79471,0.12074,0.00869,frames/frame_005527.jpg
5528,92.133333,,0,P,0.14103,0.79651,0.12083,0.01381,frames/frame_005528.jpg
5529,92.150000,,0,B,0.14096,0.79336,0.12109,0.00728,frames/frame_005529.jpg
5530,92.166667,,0,B,0.13914,0.79374,0.11945,0.00721,frames/frame_005530.jpg
5531,92.183333,,0,B,0.13862,0.79222,0.11846,0.00602,frames/frame_005531.jpg
5532,92.200000,,0,P,0.13694,0.79979,0.11808,0.00723,frames/frame_005532.jpg
5533,92.216667,,0,B,0.13759,0.79660,0.11843,0.00599,frames/frame_005533.jpg
5534,92.233333,,0,B,0.13730,0.79731,0.11798,0.00569,frames/frame_005534.jpg
5535,92.250000,,0,B,0.13774,0.79596,0.11835,0.00607,frames/frame_005535.jpg
5536,92.266667,,0,P,0.13881,0.80031,0.11953,0.00709,frames/frame_005536.jpg
5537,92.283333,,0,B,0.14108,0.79717,0.12088,0.00647,frames/frame_005537.jpg
5538,92.300000,,0,B,0.14132,0.79781,0.12114,0.00502,frames/frame_005538.jpg
5539,92.316667,,0,B,0.14127,0.79769,0.12074,0.00490,frames/frame_005539.jpg
5540,92.333333,,0,P,0.14008,0.79980,0.12058,0.00560,frames/frame_005540.jpg
5541,92.350000,,0,B,0.14055,0.79761,0.12072,0.00589,frames/frame_005541.jpg
5542,92.366667,,0,B,0.14004,0.79789,0.12055,0.00540,frames/frame_005542.jpg
5543,92.383333,,0,B,0.13991,0.79792,0.12038,0.00538,frames/frame_005543.jpg
5544,92.400000,,0,P,0.13902,0.79902,0.11987,0.00563,frames/frame_005544.jpg
5545,92.416667,,0,B,0.13996,0.79619,0.12018,0.00718,frames/frame_005545.jpg
5546,92.433333,,0,B,0.14414,0.79372,0.12335,0.01630,frames/frame_005546.jpg
5547,92.450000,,0,B,0.14145,0.79066,0.11949,0.01954,frames/frame_005547.jpg
5548,92.466667,,0,P,0.13591,0.79314,0.11586,0.01211,frames/frame_005548.jpg
5549,92.483333,,0,B,0.13368,0.78843,0.11351,0.01502,frames/frame_005549.jpg
5550,92.500000,,0,B,0.13305,0.79112,0.11358,0.01375,frames/frame_005550.jpg
5551,92.516667,,0,B,0.13329,0.78729,0.11295,0.00745,frames/frame_005551.jpg
5552,92.533333,,0,P,0.13075,0.79173,0.11185,0.01034,frames/frame_005552.jpg
5553,92.550000,,0,B,0.13268,0.78861,0.11412,0.00969,frames/frame_005553.jpg
5554,92.566667,,0,P,0.13546,0.79480,0.11728,0.01312,frames/frame_005554.jpg
5555,92.583333,,0,B,0.14005,0.78811,0.11818,0.01800,frames/frame_005555.jpg
5556,92.600000,,0,B,0.14049,0.79174,0.11925,0.00805,frames/frame_005556.jpg
5557,92.616667,,0,B,0.14127,0.78941,0.11968,0.00900,frames/frame_005557.jpg
5558,92.633333,,0,P,0.14080,0.79487,0.12056,0.00760,frames/frame_005558.jpg
5559,92.650000,,0,B,0.14224,0.79220,0.12194,0.00817,frames/frame_005559.jpg
5560,92.666667,,0,B,0.14122,0.79377,0.12067,0.00828,frames/frame_005560.jpg
5561,92.683333,,0,B,0.14121,0.79276,0.12124,0.00656,frames/frame_005561.jpg
5562,92.700000,,0,P,0.13968,0.79797,0.12113,0.00805,frames/frame_005562.jpg
5563,92.716667,,0,B,0.14117,0.79487,0.12132,0.00744,frames/frame_005563.jpg
5564,92.733333,,0,B,0.14152,0.79652,0.12075,0.01275,frames/frame_005564.jpg
5565,92.750000,,0,B,0.14190,0.79482,0.12238,0.01431,frames/frame_005565.jpg
5566,92.766667,,0,P,0.14011,0.79808,0.12238,0.00713,frames/frame_005566.jpg
5567,92.783333,,0,B,0.14088,0.79259,0.12087,0.01142,frames/frame_005567.jpg
5568,92.800000,,0,B,0.13971,0.79523,0.12024,0.00929,frames/frame_005568.jpg
5569,92.816667,,0,B,0.13953,0.79455,0.12001,0.00871,frames/frame_005569.jpg
5570,92.833333,,0,P,0.13888,0.79834,0.11985,0.00845,frames/frame_005570.jpg
5571,92.850000,,0,B,0.14009,0.79419,0.12009,0.00693,frames/frame_005571.jpg
5572,92.866667,,0,B,0.14164,0.79572,0.12152,0.00963,frames/frame_005572.jpg
5573,92.883333,,0,B,0.14276,0.79505,0.12139,0.00763,frames/frame_005573.jpg
5574,92.900000,,0,P,0.14261,0.79860,0.12207,0.00686,frames/frame_005574.jpg
5575,92.916667,,0,B,0.14208,0.79363,0.12110,0.00830,frames/frame_005575.jpg
5576,92.933333,,0,B,0.14092,0.79536,0.12102,0.00637,frames/frame_005576.jpg
5577,92.950000,,0,B,0.14036,0.79397,0.11968,0.00657,frames/frame_005577.jpg
5578,92.966667,,0,P,0.13840,0.79816,0.11922,0.00682,frames/frame_005578.jpg
5579,92.983333,,0,P,0.13917,0.79666,0.11977,0.00623,frames/frame_005579.jpg
5580,93.000000,,1,I,0.13920,0.79862,0.11931,0.00872,frames/frame_005580.jpg
5581,93.016667,,0,B,0.16325,0.80058,0.12186,0.06716,frames/frame_005581.jpg
5582,93.033333,,0,B,0.16574,0.80577,0.12469,0.01855,frames/frame_005582.jpg
5583,93.050000,,0,B,0.16540,0.80637,0.12377,0.02417,frames/frame_005583.jpg
5584,93.066667,,0,P,0.16353,0.80916,0.12059,0.01738,frames/frame_005584.jpg
5585,93.083333,,0,B,0.16377,0.80542,0.12028,0.01976,frames/frame_005585.jpg
5586,93.100000,,0,B,0.16435,0.80782,0.12055,0.01254,frames/frame_005586.jpg
5587,93.116667,,0,B,0.16570,0.80569,0.12159,0.01691,frames/frame_005587.jpg
5588,93.133333,,0,P,0.16469,0.80738,0.12239,0.01417,frames/frame_005588.jpg
5589,93.150000,,0,B,0.16562,0.80510,0.12393,0.00860,frames/frame_005589.jpg
5590,93.166667,,0,B,0.15077,0.78867,0.12751,0.05862,frames/frame_005590.jpg
5591,93.183333,,0,B,0.14556,0.78814,0.12213,0.01583,frames/frame_005591.jpg
5592,93.200000,,0,P,0.14318,0.79334,0.12055,0.01153,frames/frame_005592.jpg
5593,93.216667,,0,B,0.14848,0.78820,0.12265,0.01357,frames/frame_005593.jpg
5594,93.233333,,0,B,0.15114,0.79318,0.12498,0.01067,frames/frame_005594.jpg
5595,93.250000,,0,B,0.15389,0.79229,0.12691,0.01098,frames/frame_005595.jpg
5596,93.266667,,0,P,0.15300,0.79609,0.12771,0.00685,frames/frame_005596.jpg
5597,93.283333,,0,B,0.14925,0.78936,0.12478,0.01337,frames/frame_005597.jpg
5598,93.300000,,0,B,0.14803,0.79060,0.12469,0.00833,frames/frame_005598.jpg
5599,93.316667,,0,B,0.14931,0.78783,0.12554,0.00642,frames/frame_005599.jpg
5600,93.333333,,0,P,0.14759,0.79076,0.12559,0.01229,frames/frame_005600.jpg
5601,93.350000,,0,B,0.14892,0.78580,0.12613,0.00973,frames/frame_005601.jpg
5602,93.366667,,0,B,0.14815,0.78738,0.12555,0.01114,frames/frame_005602.jpg
5603,93.383333,,0,B,0.14852,0.78460,0.12503,0.00963,frames/frame_005603.jpg
5604,93.400000,,0,P,0.14716,0.78881,0.12479,0.00648,frames/frame_005604.jpg
5605,93.416667,,0,B,0.14743,0.78505,0.12414,0.01051,frames/frame_005605.jpg
5606,93.433333,,0,B,0.14732,0.78652,0.12438,0.00757,frames/frame_005606.jpg
5607,93.450000,,0,B,0.14748,0.78645,0.12408,0.00702,frames/frame_005607.jpg
5608,93.466667,,0,P,0.14634,0.79080,0.12435,0.00777,frames/frame_005608.jpg
5609,93.483333,,0,B,0.14572,0.78814,0.12237,0.00845,frames/frame_005609.jpg
5610,93.500000,,0,B,0.14408,0.79195,0.12172,0.00899,frames/frame_005610.jpg
5611,93.516667,,0,B,0.14353,0.79117,0.12223,0.00726,frames/frame_005611.jpg
5612,93.533333,,0,P,0.14223,0.79575,0.12196,0.00721,frames/frame_005612.jpg
5613,93.550000,,0,B,0.14198,0.79472,0.12135,0.00717,frames/frame_005613.jpg
5614,93.566667,,0,B,0.14104,0.79434,0.12082,0.00603,frames/frame_005614.jpg
5615,93.583333,,0,B,0.14058,0.79331,0.12051,0.00595,frames/frame_005615.jpg
5616,93.600000,,0,P,0.13931,0.79648,0.12047,0.00688,frames/frame_005616.jpg
5617,93.616667,,0,B,0.14234,0.79322,0.12168,0.00856,frames/frame_005617.jpg
5618,93.633333,,0,B,0.14392,0.79571,0.12424,0.01179,frames/frame_005618.jpg
5619,93.650000,,0,B,0.14181,0.79432,0.12310,0.00976,frames/frame_005619.jpg
5620,93.666667,,0,P,0.13504,0.79589,0.11608,0.02176,frames/frame_005620.jpg
5621,93.683333,,0,B,0.13333,0.79241,0.11525,0.01527,frames/frame_005621.jpg
5622,93.700000,,0,B,0.13155,0.79423,0.11267,0.00947,frames/frame_005622.jpg
5623,93.716667,,0,B,0.13057,0.79069,0.11204,0.01159,frames/frame_005623.jpg
5624,93.733333,,0,P,0.12850,0.79604,0.11137,0.00903,frames/frame_005624.jpg
5625,93.750000,,0,B,0.13005,0.78992,0.11247,0.01106,frames/frame_005625.jpg
5626,93.766667,,0,B,0.13361,0.79177,0.11643,0.01208,frames/frame_005626.jpg
5627,93.783333,,0,B,0.13859,0.78833,0.11996,0.01247,frames/frame_005627.jpg
5628,93.800000,,0,P,0.13837,0.79348,0.12092,0.00936,frames/frame_005628.jpg
5629,93.816667,,0,B,0.13841,0.78954,0.12126,0.00738,frames/frame_005629.jpg
5630,93.833333,,0,B,0.13704,0.79007,0.12029,0.00828,frames/frame_005630.jpg
5631,93.850000,,0,B,0.13658,0.78960,0.12014,0.00778,frames/frame_005631.jpg
5632,93.866667,,0,P,0.13502,0.79396,0.11986,0.00749,frames/frame_005632.jpg
5633,93.883333,,0,B,0.13384,0.79530,0.11744,0.00766,frames/frame_005633.jpg
5634,93.900000,,0,B,0.13501,0.79419,0.11939,0.00779,frames/frame_005634.jpg
5635,93.916667,,0,P,0.13668,0.79876,0.11924,0.01022,frames/frame_005635.jpg
5636,93.933333,,0,P,0.15790,0.79353,0.11842,0.06606,frames/frame_005636.jpg
5637,93.950000,,0,B,0.15993,0.79380,0.11884,0.00762,frames/frame_005637.jpg
5638,93.966667,,0,B,0.15902,0.79357,0.11891,0.00988,frames/frame_005638.jpg
5639,93.983333,,0,B,0.15912,0.79689,0.11850,0.01016,frames/frame_005639.jpg
5640,94.000000,,0,P,0.15826,0.80014,0.11854,0.01004,frames/frame_005640.jpg
5641,94.016667,,0,B,0.15915,0.79904,0.12026,0.00870,frames/frame_005641.jpg
5642,94.033333,,0,B,0.15971,0.80119,0.12081,0.01065,frames/frame_005642.jpg
5643,94.050000,,0,B,0.16035,0.79945,0.12148,0.00886,frames/frame_005643.jpg
5644,94.066667,,0,P,0.15662,0.79846,0.11705,0.01304,frames/frame_005644.jpg
5645,94.083333,,0,B,0.14458,0.79488,0.12258,0.05986,frames/frame_005645.jpg
5646,94.100000,,0,B,0.14421,0.79269,0.12135,0.01453,frames/frame_005646.jpg
5647,94.116667,,0,P,0.14265,0.79560,0.12023,0.01010,frames/frame_005647.jpg
5648,94.133333,,0,B,0.14230,0.79392,0.12153,0.01153,frames/frame_005648.jpg
5649,94.150000,,0,B,0.14178,0.79380,0.12127,0.00862,frames/frame_005649.jpg
5650,94.166667,,0,P,0.13947,0.79429,0.11889,0.01108,frames/frame_005650.jpg
5651,94.183333,,0,B,0.14112,0.79327,0.12048,0.01029,frames/frame_005651.jpg
5652,94.200000,,0,B,0.14386,0.79588,0.12220,0.00826,frames/frame_005652.jpg
5653,94.216667,,0,B,0.16761,0.80057,0.12249,0.06882,frames/frame_005653.jpg
5654,94.233333,,0,P,0.16885,0.80448,0.12465,0.01842,frames/frame_005654.jpg
5655,94.250000,,0,B,0.16784,0.80417,0.12137,0.02066,frames/frame_005655.jpg
5656,94.266667,,0,B,0.16646,0.80616,0.12123,0.02124,frames/frame_005656.jpg
5657,94.283333,,0,B,0.16594,0.80487,0.11994,0.01300,frames/frame_005657.jpg
5658,94.300000,,0,P,0.16599,0.80872,0.12044,0.01957,frames/frame_005658.jpg
5659,94.316667,,0,B,0.16673,0.80697,0.12179,0.01333,frames/frame_005659.jpg
5660,94.333333,,0,B,0.16675,0.80580,0.12244,0.01012,frames/frame_005660.jpg
5661,94.350000,,0,B,0.16611,0.80637,0.12081,0.01396,frames/frame_005661.jpg
5662,94.366667,,0,P,0.15271,0.78843,0.12884,0.05615,frames/frame_005662.jpg
5663,94.383333,,0,B,0.14847,0.78576,0.12236,0.02652,frames/frame_005663.jpg
5664,94.400000,,0,B,0.14800,0.78676,0.12258,0.01302,frames/frame_005664.jpg
5665,94.416667,,0,B,0.14963,0.78723,0.12186,0.01476,frames/frame_005665.jpg
5666,94.433333,,0,P,0.15054,0.79293,0.12276,0.01203,frames/frame_005666.jpg
5667,94.450000,,0,B,0.15075,0.79116,0.12254,0.00878,frames/frame_005667.jpg
5668,94.466667,,0,B,0.14965,0.79411,0.12391,0.00923,frames/frame_005668.jpg
5669,94.483333,,0,B,0.14535,0.79393,0.12166,0.01331,frames/frame_005669.jpg
5670,94.500000,,0,P,0.14342,0.79762,0.12222,0.00947,frames/frame_005670.jpg
5671,94.516667,,0,B,0.14565,0.79560,0.12264,0.00888,frames/frame_005671.jpg
5672,94.533333,,0,B,0.14402,0.79793,0.12381,0.01253,frames/frame_005672.jpg
5673,94.550000,,0,B,0.14396,0.79451,0.12212,0.01450,frames/frame_005673.jpg
5674,94.566667,,0,P,0.14210,0.79863,0.12214,0.01149,frames/frame_005674.jpg
5675,94.583333,,0,B,0.14221,0.79191,0.12163,0.00781,frames/frame_005675.jpg
5676,94.600000,,0,B,0.14117,0.79556,0.12058,0.01216,frames/frame_005676.jpg
5677,94.616667,,0,B,0.14166,0.79538,0.12061,0.00825,frames/frame_005677.jpg
5678,94.633333,,0,P,0.13967,0.79823,0.11977,0.00907,frames/frame_005678.jpg
5679,94.650000,,0,B,0.14117,0.79337,0.12008,0.00877,frames/frame_005679.jpg
5680,94.666667,,0,B,0.14176,0.79364,0.11975,0.00982,frames/frame_005680.jpg
5681,94.683333,,0,B,0.14286,0.79369,0.12022,0.00925,frames/frame_005681.jpg
5682,94.700000,,0,P,0.14156,0.79865,0.11984,0.00628,frames/frame_005682.jpg
5683,94.716667,,0,B,0.14228,0.79529,0.12000,0.00769,frames/frame_005683.jpg
5684,94.733333,,0,B,0.14108,0.79637,0.11984,0.00775,frames/frame_005684.jpg
5685,94.750000,,0,B,0.14126,0.79491,0.11997,0.00710,frames/frame_005685.jpg
5686,94.766667,,0,P,0.14040,0.79890,0.12035,0.00727,frames/frame_005686.jpg
5687,94.783333,,0,B,0.14071,0.79481,0.12012,0.00611,frames/frame_005687.jpg
5688,94.800000,,0,B,0.13990,0.79650,0.11987,0.00651,frames/frame_005688.jpg
5689,94.816667,,0,B,0.14089,0.79393,0.11978,0.00739,frames/frame_005689.jpg
5690,94.833333,,0,P,0.14162,0.79947,0.11986,0.02094,frames/frame_005690.jpg
5691,94.850000,,0,B,0.13921,0.79532,0.11798,0.01927,frames/frame_005691.jpg
5692,94.866667,,0,B,0.13371,0.79570,0.11475,0.01599,frames/frame_005692.jpg
5693,94.883333,,0,B,0.13132,0.79372,0.11180,0.01107,frames/frame_005693.jpg
5694,94.900000,,0,P,0.12906,0.79764,0.11151,0.01320,frames/frame_005694.jpg
5695,94.916667,,0,B,0.12783,0.79387,0.10928,0.01046,frames/frame_005695.jpg
5696,94.933333,,0,B,0.12657,0.79304,0.10781,0.01039,frames/frame_005696.jpg
5697,94.950000,,0,B,0.12819,0.79280,0.10951,0.00877,frames/frame_005697.jpg
5698,94.966667,,0,P,0.13114,0.79781,0.11341,0.01294,frames/frame_005698.jpg
5699,94.983333,,0,B,0.13670,0.79110,0.11733,0.01389,frames/frame_005699.jpg
5700,95.000000,,0,B,0.13754,0.79258,0.11882,0.00679,frames/frame_005700.jpg
5701,95.016667,,0,B,0.13885,0.79126,0.12067,0.00787,frames/frame_005701.jpg
5702,95.033333,,0,P,0.13809,0.79659,0.12036,0.00753,frames/frame_005702.jpg
5703,95.050000,,0,B,0.14102,0.79199,0.12180,0.00766,frames/frame_005703.jpg
5704,95.066667,,0,B,0.14087,0.79479,0.12163,0.00699,frames/frame_005704.jpg
5705,95.083333,,0,B,0.14137,0.79186,0.12226,0.00630,frames/frame_005705.jpg
5706,95.100000,,0,P,0.14071,0.79591,0.12248,0.00727,frames/frame_005706.jpg
5707,95.116667,,0,B,0.14221,0.79118,0.12279,0.00820,frames/frame_005707.jpg
5708,95.133333,,0,P,0.14356,0.79176,0.12401,0.01165,frames/frame_005708.jpg
5709,95.150000,,0,B,0.14446,0.78840,0.12267,0.01364,frames/frame_005709.jpg
5710,95.166667,,0,B,0.14244,0.78883,0.12096,0.01088,frames/frame_005710.jpg
5711,95.183333,,0,B,0.14249,0.78739,0.12155,0.01106,frames/frame_005711.jpg
5712,95.200000,,0,P,0.14085,0.79037,0.11976,0.00905,frames/frame_005712.jpg
5713,95.216667,,0,B,0.14162,0.78636,0.11878,0.00851,frames/frame_005713.jpg
5714,95.233333,,0,B,0.14190,0.78785,0.12065,0.00998,frames/frame_005714.jpg
5715,95.250000,,0,B,0.14297,0.78748,0.12140,0.00762,frames/frame_005715.jpg
5716,95.266667,,0,P,0.14494,0.79114,0.12320,0.00941,frames/frame_005716.jpg
5717,95.283333,,0,B,0.14714,0.78853,0.12437,0.00993,frames/frame_005717.jpg
5718,95.300000,,0,B,0.14712,0.79161,0.12515,0.00768,frames/frame_005718.jpg
5719,95.316667,,0,B,0.14682,0.79140,0.12447,0.00739,frames/frame_005719.jpg
5720,95.333333,,0,P,0.14486,0.79558,0.12384,0.00727,frames/frame_005720.jpg
5721,95.350000,,0,B,0.14543,0.79381,0.12410,0.00778,frames/frame_005721.jpg
5722,95.366667,,0,B,0.14391,0.79378,0.12354,0.00726,frames/frame_005722.jpg
5723,95.383333,,0,B,0.14409,0.79357,0.12321,0.00619,frames/frame_005723.jpg
5724,95.400000,,0,P,0.14572,0.79699,0.12530,0.01324,frames/frame_005724.jpg
5725,95.416667,,0,B,0.16658,0.80162,0.12362,0.06764,frames/frame_005725.jpg
5726,95.433333,,0,B,0.16662,0.80189,0.12376,0.01674,frames/frame_005726.jpg
5727,95.450000,,0,B,0.16570,0.80362,0.12132,0.01471,frames/frame_005727.jpg
5728,95.466667,,0,P,0.16427,0.80674,0.12127,0.01250,frames/frame_005728.jpg
5729,95.483333,,0,B,0.16428,0.80431,0.11977,0.01599,frames/frame_005729.jpg
5730,95.500000,,0,B,0.16499,0.80775,0.12118,0.01184,frames/frame_005730.jpg
5731,95.516667,,0,B,0.16697,0.80653,0.12301,0.01107,frames/frame_005731.jpg
5732,95.533333,,0,P,0.16562,0.80631,0.12341,0.01256,frames/frame_005732.jpg
5733,95.550000,,0,B,0.16620,0.80342,0.12375,0.00801,frames/frame_005733.jpg
5734,95.566667,,0,B,0.15174,0.78903,0.12814,0.05591,frames/frame_005734.jpg
5735,95.583333,,0,B,0.14724,0.78847,0.12278,0.01385,frames/frame_005735.jpg
5736,95.600000,,0,P,0.14486,0.79175,0.12096,0.00980,frames/frame_005736.jpg
5737,95.616667,,0,B,0.14909,0.78897,0.12265,0.01267,frames/frame_005737.jpg
5738,95.633333,,0,B,0.15191,0.79227,0.12488,0.00902,frames/frame_005738.jpg
5739,95.650000,,0,B,0.15375,0.79316,0.12633,0.00878,frames/frame_005739.jpg
5740,95.666667,,0,P,0.15059,0.79914,0.12435,0.00884,frames/frame_005740.jpg
5741,95.683333,,0,B,0.14639,0.79618,0.12161,0.01234,frames/frame_005741.jpg
5742,95.700000,,0,B,0.14494,0.79780,0.12054,0.00757,frames/frame_005742.jpg
5743,95.716667,,0,B,0.14660,0.79749,0.12243,0.01125,frames/frame_005743.jpg
5744,95.733333,,0,P,0.14473,0.80263,0.12295,0.01645,frames/frame_005744.jpg
5745,95.750000,,0,B,0.14616,0.79585,0.12226,0.01075,frames/frame_005745.jpg
5746,95.766667,,0,B,0.14571,0.79591,0.12235,0.00867,frames/frame_005746.jpg
5747,95.783333,,0,B,0.14556,0.79705,0.12298,0.01171,frames/frame_005747.jpg
5748,95.800000,,0,P,0.14446,0.80122,0.12236,0.00793,frames/frame_005748.jpg
5749,95.816667,,0,B,0.14461,0.79590,0.12161,0.00847,frames/frame_005749.jpg
5750,95.833333,,0,B,0.14390,0.79850,0.12232,0.00818,frames/frame_005750.jpg
5751,95.850000,,0,B,0.14476,0.79775,0.12259,0.00757,frames/frame_005751.jpg
5752,95.866667,,0,P,0.14367,0.79990,0.12229,0.00776,frames/frame_005752.jpg
5753,95.883333,,0,B,0.14369,0.79718,0.12157,0.00655,frames/frame_005753.jpg
5754,95.900000,,0,B,0.14209,0.79806,0.12104,0.00754,frames/frame_005754.jpg
5755,95.916667,,0,B,0.14062,0.79652,0.11869,0.00806,frames/frame_005755.jpg
5756,95.933333,,0,P,0.13945,0.79985,0.11832,0.00588,frames/frame_005756.jpg
5757,95.950000,,0,B,0.13941,0.79810,0.11851,0.00641,frames/frame_005757.jpg
5758,95.966667,,0,B,0.13943,0.79697,0.11829,0.00591,frames/frame_005758.jpg
5759,95.983333,,0,P,0.13889,0.79834,0.11812,0.00608,frames/frame_005759.jpg
5760,96.000000,,1,I,0.13852,0.79991,0.11802,0.00774,frames/frame_005760.jpg
5761,96.016667,,0,B,0.14286,0.79479,0.12134,0.00823,frames/frame_005761.jpg
5762,96.033333,,0,B,0.14512,0.79526,0.12274,0.01518,frames/frame_005762.jpg
5763,96.050000,,0,B,0.14303,0.79581,0.12120,0.01452,frames/frame_005763.jpg
5764,96.066667,,0,P,0.13871,0.79871,0.11903,0.01476,frames/frame_005764.jpg
5765,96.083333,,0,B,0.13876,0.79423,0.11838,0.01430,frames/frame_005765.jpg
5766,96.100000,,0,B,0.13812,0.79519,0.11777,0.01059,frames/frame_005766.jpg
5767,96.116667,,0,B,0.13855,0.79334,0.11885,0.01216,frames/frame_005767.jpg
5768,96.133333,,0,P,0.13726,0.79774,0.11852,0.00753,frames/frame_005768.jpg
5769,96.150000,,0,B,0.13797,0.79483,0.11793,0.00998,frames/frame_005769.jpg
5770,96.166667,,0,P,0.13694,0.79871,0.11705,0.01129,frames/frame_005770.jpg
5771,96.183333,,0,B,0.13808,0.79481,0.11622,0.01655,frames/frame_005771.jpg
5772,96.200000,,0,B,0.13827,0.79732,0.11651,0.00714,frames/frame_005772.jpg
5773,96.216667,,0,B,0.13983,0.79538,0.11778,0.00956,frames/frame_005773.jpg
5774,96.233333,,0,P,0.13907,0.79900,0.11797,0.00797,frames/frame_005774.jpg
5775,96.250000,,0,B,0.14091,0.79716,0.11943,0.00757,frames/frame_005775.jpg
5776,96.266667,,0,B,0.14115,0.79740,0.12014,0.00637,frames/frame_005776.jpg
5777,96.283333,,0,B,0.14164,0.79816,0.12077,0.00735,frames/frame_005777.jpg
5778,96.300000,,0,P,0.14040,0.80179,0.12083,0.00651,frames/frame_005778.jpg
5779,96.316667,,0,B,0.14213,0.79950,0.12158,0.00641,frames/frame_005779.jpg
5780,96.333333,,0,B,0.14218,0.80077,0.12146,0.00621,frames/frame_005780.jpg
5781,96.350000,,0,B,0.14212,0.79915,0.12114,0.00601,frames/frame_005781.jpg
5782,96.366667,,0,P,0.14050,0.80157,0.12026,0.00625,frames/frame_005782.jpg
5783,96.383333,,0,B,0.14028,0.79923,0.11970,0.00560,frames/frame_005783.jpg
5784,96.400000,,0,B,0.13982,0.79919,0.11914,0.00527,frames/frame_005784.jpg
5785,96.416667,,0,B,0.13834,0.80023,0.11725,0.00616,frames/frame_005785.jpg
5786,96.433333,,0,P,0.13691,0.80278,0.11670,0.00542,frames/frame_005786.jpg
5787,96.450000,,0,B,0.13740,0.80098,0.11708,0.00490,frames/frame_005787.jpg
5788,96.466667,,0,B,0.13788,0.80212,0.11685,0.00519,frames/frame_005788.jpg
5789,96.483333,,0,B,0.13828,0.80170,0.11721,0.00448,frames/frame_005789.jpg
5790,96.500000,,0,P,0.13823,0.80373,0.11783,0.00527,frames/frame_005790.jpg
5791,96.516667,,0,B,0.13855,0.80241,0.11809,0.00520,frames/frame_005791.jpg
5792,96.533333,,0,B,0.13802,0.80188,0.11819,0.00450,frames/frame_005792.jpg
5793,96.550000,,0,B,0.13785,0.80182,0.11781,0.00466,frames/frame_005793.jpg
5794,96.566667,,0,P,0.13747,0.80318,0.11767,0.00463,frames/frame_005794.jpg
5795,96.583333,,0,B,0.13791,0.80412,0.11804,0.00405,frames/frame_005795.jpg
5796,96.600000,,0,B,0.13909,0.80349,0.11847,0.00488,frames/frame_005796.jpg
5797,96.616667,,0,B,0.16462,0.80257,0.12103,0.07082,frames/frame_005797.jpg
5798,96.633333,,0,P,0.16542,0.80239,0.12158,0.02529,frames/frame_005798.jpg
5799,96.650000,,0,B,0.16548,0.80395,0.12133,0.01770,frames/frame_005799.jpg
5800,96.666667,,0,P,0.16287,0.80755,0.11918,0.02376,frames/frame_005800.jpg
5801,96.683333,,0,B,0.16252,0.80452,0.11751,0.00928,frames/frame_005801.jpg
5802,96.700000,,0,B,0.16325,0.80662,0.11747,0.01491,frames/frame_005802.jpg
5803,96.716667,,0,B,0.16411,0.80645,0.11956,0.01609,frames/frame_005803.jpg
5804,96.733333,,0,P,0.16256,0.80671,0.11897,0.01127,frames/frame_005804.jpg
5805,96.750000,,0,B,0.16366,0.80308,0.12067,0.01229,frames/frame_005805.jpg
5806,96.766667,,0,B,0.15001,0.78832,0.12618,0.05568,frames/frame_005806.jpg
5807,96.783333,,0,B,0.14644,0.78890,0.12250,0.01649,frames/frame_005807.jpg
5808,96.800000,,0,P,0.14400,0.79050,0.11914,0.01110,frames/frame_005808.jpg
5809,96.816667,,0,B,0.14836,0.78793,0.12083,0.01172,frames/frame_005809.jpg
5810,96.833333,,0,B,0.15115,0.79343,0.12399,0.01220,frames/frame_005810.jpg
5811,96.850000,,0,B,0.15255,0.79239,0.12472,0.00903,frames/frame_005811.jpg
5812,96.866667,,0,P,0.15198,0.79451,0.12506,0.00711,frames/frame_005812.jpg
5813,96.883333,,0,B,0.14817,0.79238,0.12377,0.01267,frames/frame_005813.jpg
5814,96.900000,,0,B,0.14577,0.79262,0.12305,0.00813,frames/frame_005814.jpg
5815,96.916667,,0,B,0.14601,0.79093,0.12133,0.00864,frames/frame_005815.jpg
5816,96.933333,,0,P,0.14410,0.79407,0.12083,0.00783,frames/frame_005816.jpg
5817,96.950000,,0,B,0.14499,0.79136,0.12228,0.00687,frames/frame_005817.jpg
5818,96.966667,,0,B,0.14384,0.79126,0.12096,0.00649,frames/frame_005818.jpg
5819,96.983333,,0,B,0.14416,0.79133,0.12125,0.00573,frames/frame_005819.jpg
5820,97.000000,,0,P,0.14419,0.79311,0.12210,0.00644,frames/frame_005820.jpg
5821,97.016667,,0,B,0.14488,0.79058,0.12249,0.00616,frames/frame_005821.jpg
5822,97.033333,,0,B,0.14454,0.79271,0.12230,0.00572,frames/frame_005822.jpg
5823,97.050000,,0,B,0.14502,0.78975,0.12251,0.00542,frames/frame_005823.jpg
5824,97.066667,,0,P,0.14440,0.79241,0.12206,0.00561,frames/frame_005824.jpg
5825,97.083333,,0,B,0.14544,0.79114,0.12185,0.00884,frames/frame_005825.jpg
5826,97.100000,,0,B,0.14431,0.79349,0.12183,0.00611,frames/frame_005826.jpg
5827,97.116667,,0,B,0.14496,0.79193,0.12180,0.00551,frames/frame_005827.jpg
5828,97.133333,,0,P,0.14404,0.79661,0.12154,0.00569,frames/frame_005828.jpg
5829,97.150000,,0,B,0.14438,0.79523,0.12179,0.00578,frames/frame_005829.jpg
5830,97.166667,,0,B,0.14211,0.79749,0.11887,0.00701,frames/frame_005830.jpg
5831,97.183333,,0,B,0.14251,0.79689,0.11907,0.00539,frames/frame_005831.jpg
5832,97.200000,,0,P,0.14160,0.79856,0.11890,0.00595,frames/frame_005832.jpg
5833,97.216667,,0,B,0.14313,0.79657,0.11986,0.00621,frames/frame_005833.jpg
5834,97.233333,,0,B,0.14497,0.79986,0.12274,0.01168,frames/frame_005834.jpg
5835,97.250000,,0,B,0.14346,0.79559,0.11969,0.01722,frames/frame_005835.jpg
5836,97.266667,,0,P,0.13832,0.80006,0.11965,0.01694,frames/frame_005836.jpg
5837,97.283333,,0,B,0.13760,0.79543,0.11809,0.01363,frames/frame_005837.jpg
5838,97.300000,,0,B,0.13588,0.79582,0.11615,0.01347,frames/frame_005838.jpg
5839,97.316667,,0,B,0.13535,0.79326,0.11578,0.00675,frames/frame_005839.jpg
5840,97.333333,,0,P,0.13413,0.79680,0.11590,0.01151,frames/frame_005840.jpg
5841,97.350000,,0,B,0.13475,0.79307,0.11611,0.01077,frames/frame_005841.jpg
5842,97.366667,,0,B,0.13413,0.79450,0.11470,0.00760,frames/frame_005842.jpg
5843,97.383333,,0,B,0.13598,0.79277,0.11566,0.00917,frames/frame_005843.jpg
5844,97.400000,,0,P,0.13508,0.79710,0.11544,0.00721,frames/frame_005844.jpg
5845,97.416667,,0,B,0.13547,0.79372,0.11336,0.00868,frames/frame_005845.jpg
5846,97.433333,,0,B,0.13491,0.79618,0.11363,0.00656,frames/frame_005846.jpg
5847,97.450000,,0,B,0.13660,0.79469,0.11533,0.00588,frames/frame_005847.jpg
5848,97.466667,,0,P,0.13619,0.79902,0.11481,0.00679,frames/frame_005848.jpg
5849,97.483333,,0,B,0.13681,0.79659,0.11500,0.00655,frames/frame_005849.jpg
5850,97.500000,,0,B,0.13730,0.79951,0.11681,0.00663,frames/frame_005850.jpg
5851,97.516667,,0,B,0.13963,0.79687,0.11819,0.00736,frames/frame_005851.jpg
5852,97.533333,,0,P,0.14059,0.79903,0.11804,0.01031,frames/frame_005852.jpg
5853,97.550000,,0,B,0.14149,0.79753,0.11911,0.00991,frames/frame_005853.jpg
5854,97.566667,,0,B,0.14052,0.79817,0.11862,0.00640,frames/frame_005854.jpg
5855,97.583333,,0,B,0.14102,0.79567,0.11815,0.00795,frames/frame_005855.jpg
5856,97.600000,,0,P,0.14001,0.80050,0.11941,0.00853,frames/frame_005856.jpg
5857,97.616667,,0,B,0.14093,0.79771,0.11959,0.00659,frames/frame_005857.jpg
5858,97.633333,,0,B,0.14075,0.79829,0.11963,0.00663,frames/frame_005858.jpg
5859,97.650000,,0,B,0.14066,0.79697,0.11919,0.00629,frames/frame_005859.jpg
5860,97.666667,,0,P,0.13941,0.80042,0.11805,0.00751,frames/frame_005860.jpg
5861,97.683333,,0,B,0.14036,0.79781,0.11821,0.00602,frames/frame_005861.jpg
5862,97.700000,,0,B,0.14013,0.79846,0.11767,0.00512,frames/frame_005862.jpg
5863,97.716667,,0,B,0.14050,0.79594,0.11797,0.00610,frames/frame_005863.jpg
5864,97.733333,,0,P,0.13921,0.79822,0.11698,0.00578,frames/frame_005864.jpg
5865,97.750000,,0,B,0.14091,0.79720,0.11849,0.00654,frames/frame_005865.jpg
5866,97.766667,,0,B,0.14161,0.79797,0.11990,0.00615,frames/frame_005866.jpg
5867,97.783333,,0,B,0.14181,0.79739,0.11964,0.00502,frames/frame_005867.jpg
5868,97.800000,,0,P,0.14239,0.79984,0.12044,0.00605,frames/frame_005868.jpg
5869,97.816667,,0,B,0.16665,0.80613,0.12010,0.06645,frames/frame_005869.jpg
5870,97.833333,,0,B,0.17015,0.80747,0.12332,0.02265,frames/frame_005870.jpg
5871,97.850000,,0,B,0.17005,0.80663,0.12198,0.02756,frames/frame_005871.jpg
5872,97.866667,,0,P,0.16822,0.80822,0.12096,0.01090,frames/frame_005872.jpg
5873,97.883333,,0,B,0.16767,0.80652,0.12009,0.01865,frames/frame_005873.jpg
5874,97.900000,,0,B,0.16812,0.80970,0.12003,0.01815,frames/frame_005874.jpg
5875,97.916667,,0,B,0.16757,0.80657,0.11818,0.01434,frames/frame_005875.jpg
5876,97.933333,,0,P,0.16698,0.80906,0.11854,0.01350,frames/frame_005876.jpg
5877,97.950000,,0,B,0.16710,0.80612,0.11833,0.00886,frames/frame_005877.jpg
5878,97.966667,,0,B,0.15399,0.78894,0.12482,0.05702,frames/frame_005878.jpg
5879,97.983333,,0,B,0.14893,0.78506,0.12020,0.01807,frames/frame_005879.jpg
5880,98.000000,,0,P,0.14789,0.78829,0.12001,0.01138,frames/frame_005880.jpg
5881,98.016667,,0,B,0.15106,0.78766,0.12096,0.01260,frames/frame_005881.jpg
5882,98.033333,,0,B,0.15312,0.79066,0.12293,0.01133,frames/frame_005882.jpg
5883,98.050000,,0,B,0.15368,0.79137,0.12415,0.01033,frames/frame_005883.jpg
5884,98.066667,,0,P,0.15275,0.79507,0.12430,0.00718,frames/frame_005884.jpg
5885,98.083333,,0,B,0.14907,0.79494,0.12203,0.01231,frames/frame_005885.jpg
5886,98.100000,,0,B,0.14652,0.79660,0.12180,0.00996,frames/frame_005886.jpg
5887,98.116667,,0,B,0.14722,0.79452,0.12207,0.00600,frames/frame_005887.jpg
5888,98.133333,,0,P,0.14676,0.79667,0.12369,0.01086,frames/frame_005888.jpg
5889,98.150000,,0,B,0.14660,0.79378,0.12342,0.00741,frames/frame_005889.jpg
5890,98.166667,,0,B,0.14455,0.79628,0.12139,0.00732,frames/frame_005890.jpg
5891,98.183333,,0,B,0.14388,0.79410,0.12071,0.00592,frames/frame_005891.jpg
5892,98.200000,,0,P,0.14173,0.79862,0.11967,0.00631,frames/frame_005892.jpg
5893,98.216667,,0,B,0.14207,0.79689,0.11965,0.00600,frames/frame_005893.jpg
5894,98.233333,,0,B,0.14116,0.79672,0.11856,0.00565,frames/frame_005894.jpg
5895,98.250000,,0,B,0.14183,0.79582,0.11928,0.00563,frames/frame_005895.jpg
5896,98.266667,,0,P,0.14164,0.79918,0.12008,0.00598,frames/frame_005896.jpg
5897,98.283333,,0,B,0.14126,0.79766,0.11900,0.00563,frames/frame_005897.jpg
5898,98.300000,,0,B,0.14033,0.79918,0.11800,0.00492,frames/frame_005898.jpg
5899,98.316667,,0,B,0.14067,0.79831,0.11852,0.00462,frames/frame_005899.jpg
5900,98.333333,,0,P,0.14013,0.80064,0.11846,0.00491,frames/frame_005900.jpg
5901,98.350000,,0,B,0.14012,0.79934,0.11826,0.00455,frames/frame_005901.jpg
5902,98.366667,,0,B,0.13960,0.79962,0.11781,0.00437,frames/frame_005902.jpg
5903,98.383333,,0,B,0.13953,0.79955,0.11775,0.00433,frames/frame_005903.jpg
5904,98.400000,,0,P,0.13873,0.80087,0.11720,0.00550,frames/frame_005904.jpg
5905,98.416667,,0,B,0.13864,0.80065,0.11596,0.00657,frames/frame_005905.jpg
5906,98.433333,,0,B,0.14226,0.80205,0.11900,0.01552,frames/frame_005906.jpg
5907,98.450000,,0,B,0.14024,0.79873,0.11498,0.01672,frames/frame_005907.jpg
5908,98.466667,,0,P,0.13513,0.80125,0.11166,0.01636,frames/frame_005908.jpg
5909,98.483333,,0,B,0.13484,0.79852,0.11186,0.01505,frames/frame_005909.jpg
5910,98.500000,,0,B,0.13532,0.79918,0.11373,0.00769,frames/frame_005910.jpg
5911,98.516667,,0,B,0.13619,0.79562,0.11372,0.01146,frames/frame_005911.jpg
5912,98.533333,,0,P,0.13557,0.79987,0.11438,0.01113,frames/frame_005912.jpg
5913,98.550000,,0,B,0.13689,0.79592,0.11569,0.00830,frames/frame_005913.jpg
5914,98.566667,,0,B,0.13671,0.79550,0.11489,0.00882,frames/frame_005914.jpg
5915,98.583333,,0,B,0.13816,0.79537,0.11562,0.00835,frames/frame_005915.jpg
5916,98.600000,,0,P,0.13795,0.80007,0.11616,0.00900,frames/frame_005916.jpg
5917,98.616667,,0,B,0.13972,0.79605,0.11651,0.00670,frames/frame_005917.jpg
5918,98.633333,,0,B,0.14054,0.79859,0.11702,0.00607,frames/frame_005918.jpg
5919,98.650000,,0,B,0.14174,0.79755,0.11856,0.00716,frames/frame_005919.jpg
5920,98.666667,,0,P,0.13988,0.79951,0.11657,0.00702,frames/frame_005920.jpg
5921,98.683333,,0,B,0.14176,0.79671,0.11774,0.00626,frames/frame_005921.jpg
5922,98.700000,,0,B,0.14138,0.79715,0.11784,0.00577,frames/frame_005922.jpg
5923,98.716667,,0,B,0.14335,0.79528,0.11933,0.00597,frames/frame_005923.jpg
5924,98.733333,,0,P,0.14402,0.79615,0.11915,0.00910,frames/frame_005924.jpg
5925,98.750000,,0,B,0.14563,0.79138,0.12065,0.00763,frames/frame_005925.jpg
5926,98.766667,,0,B,0.14540,0.79287,0.12219,0.01041,frames/frame_005926.jpg
5927,98.783333,,0,B,0.14586,0.79089,0.12232,0.00926,frames/frame_005927.jpg
5928,98.800000,,0,P,0.14521,0.79267,0.12142,0.00602,frames/frame_005928.jpg
5929,98.816667,,0,B,0.14648,0.78876,0.12259,0.00796,frames/frame_005929.jpg
5930,98.833333,,0,B,0.14563,0.79018,0.12212,0.00666,frames/frame_005930.jpg
5931,98.850000,,0,B,0.14662,0.78858,0.12233,0.00703,frames/frame_005931.jpg
5932,98.866667,,0,P,0.14622,0.79266,0.12251,0.00664,frames/frame_005932.jpg
5933,98.883333,,0,B,0.14711,0.79047,0.12249,0.00806,frames/frame_005933.jpg
5934,98.900000,,0,B,0.14612,0.79195,0.12182,0.00670,frames/frame_005934.jpg
5935,98.916667,,0,B,0.14533,0.79273,0.12041,0.00677,frames/frame_005935.jpg
5936,98.933333,,0,P,0.14463,0.79719,0.12052,0.00596,frames/frame_005936.jpg
5937,98.950000,,0,B,0.14413,0.79746,0.12022,0.00589,frames/frame_005937.jpg
5938,98.966667,,0,B,0.14439,0.79535,0.11976,0.00501,frames/frame_005938.jpg
5939,98.983333,,0,P,0.14336,0.79764,0.11992,0.00539,frames/frame_005939.jpg
5940,99.000000,,1,I,0.14387,0.79945,0.12050,0.00711,frames/frame_005940.jpg
5941,99.016667,,0,B,0.16991,0.80616,0.12346,0.07265,frames/frame_005941.jpg
5942,99.033333,,0,B,0.16983,0.80742,0.12269,0.02488,frames/frame_005942.jpg
5943,99.050000,,0,B,0.16931,0.80602,0.12139,0.00891,frames/frame_005943.jpg
5944,99.066667,,0,P,0.16729,0.80892,0.12087,0.02084,frames/frame_005944.jpg
5945,99.083333,,0,B,0.16694,0.80773,0.11912,0.01595,frames/frame_005945.jpg
5946,99.100000,,0,B,0.16726,0.80858,0.11974,0.01597,frames/frame_005946.jpg
5947,99.116667,,0,B,0.16845,0.80768,0.12076,0.01425,frames/frame_005947.jpg
5948,99.133333,,0,P,0.16742,0.80741,0.12088,0.00975,frames/frame_005948.jpg
5949,99.150000,,0,P,0.19211,0.82662,0.11235,0.03852,frames/frame_005949.jpg
5950,99.166667,,0,B,0.19451,0.77583,0.12700,0.07413,frames/frame_005950.jpg
5951,99.183333,,0,B,0.18933,0.77429,0.12375,0.01495,frames/frame_005951.jpg
5952,99.200000,,0,B,0.18825,0.76983,0.12112,0.01276,frames/frame_005952.jpg
5953,99.216667,,0,P,0.18941,0.77197,0.12168,0.01241,frames/frame_005953.jpg
5954,99.233333,,0,B,0.19343,0.77392,0.12456,0.01177,frames/frame_005954.jpg
5955,99.250000,,0,B,0.19515,0.77701,0.12634,0.01057,frames/frame_005955.jpg
5956,99.266667,,0,B,0.19562,0.77642,0.12687,0.00790,frames/frame_005956.jpg
5957,99.283333,,0,P,0.18947,0.78143,0.12486,0.01303,frames/frame_005957.jpg
5958,99.300000,,0,B,0.18827,0.77855,0.12330,0.00783,frames/frame_005958.jpg
5959,99.316667,,0,B,0.18783,0.77859,0.12381,0.00639,frames/frame_005959.jpg
5960,99.333333,,0,B,0.18841,0.77812,0.12345,0.01333,frames/frame_005960.jpg
5961,99.350000,,0,P,0.18620,0.77858,0.12278,0.00663,frames/frame_005961.jpg
5962,99.366667,,0,B,0.18649,0.77866,0.12294,0.00631,frames/frame_005962.jpg
5963,99.383333,,0,B,0.18506,0.78033,0.12263,0.00531,frames/frame_005963.jpg
5964,99.400000,,0,B,0.14405,0.79226,0.12013,0.04643,frames/frame_005964.jpg
5965,99.416667,,0,P,0.14071,0.79790,0.11778,0.00716,frames/frame_005965.jpg
5966,99.433333,,0,B,0.14135,0.79619,0.11757,0.00486,frames/frame_005966.jpg
5967,99.450000,,0,B,0.14124,0.79658,0.11728,0.00506,frames/frame_005967.jpg
5968,99.466667,,0,B,0.14188,0.79554,0.11725,0.00473,frames/frame_005968.jpg
5969,99.483333,,0,P,0.14109,0.80058,0.11753,0.00489,frames/frame_005969.jpg
5970,99.500000,,0,B,0.14273,0.79710,0.11908,0.00561,frames/frame_005970.jpg
5971,99.516667,,0,B,0.14291,0.79704,0.11990,0.00493,frames/frame_005971.jpg
5972,99.533333,,0,B,0.14335,0.79804,0.12021,0.00421,frames/frame_005972.jpg
5973,99.550000,,0,P,0.14242,0.79974,0.12022,0.00461,frames/frame_005973.jpg
5974,99.566667,,0,B,0.14283,0.79900,0.11967,0.00470,frames/frame_005974.jpg
5975,99.583333,,0,B,0.14261,0.79939,0.11969,0.00386,frames/frame_005975.jpg
5976,99.600000,,0,B,0.14309,0.79819,0.11987,0.00412,frames/frame_005976.jpg
5977,99.616667,,0,P,0.14323,0.80003,0.12031,0.00508,frames/frame_005977.jpg
5978,99.633333,,0,B,0.14735,0.79421,0.12378,0.01325,frames/frame_005978.jpg
5979,99.650000,,0,B,0.17988,0.79010,0.12071,0.05290,frames/frame_005979.jpg
5980,99.666667,,0,B,0.18174,0.77960,0.11978,0.02312,frames/frame_005980.jpg
5981,99.683333,,0,P,0.17972,0.77863,0.11802,0.00828,frames/frame_005981.jpg
5982,99.700000,,0,B,0.17957,0.77255,0.11730,0.01512,frames/frame_005982.jpg
5983,99.716667,,0,B,0.17820,0.77238,0.11677,0.01058,frames/frame_005983.jpg
5984,99.733333,,0,B,0.17847,0.77224,0.11688,0.00871,frames/frame_005984.jpg
5985,99.750000,,0,P,0.17825,0.77413,0.11928,0.01150,frames/frame_005985.jpg
5986,99.766667,,0,B,0.18013,0.77238,0.12012,0.00957,frames/frame_005986.jpg
5987,99.783333,,0,B,0.18071,0.77326,0.11947,0.02134,frames/frame_005987.jpg
5988,99.800000,,0,B,0.18184,0.77269,0.11973,0.00864,frames/frame_005988.jpg
5989,99.816667,,0,P,0.18102,0.77667,0.12018,0.00999,frames/frame_005989.jpg
5990,99.833333,,0,B,0.18235,0.77543,0.12031,0.00749,frames/frame_005990.jpg
5991,99.850000,,0,B,0.18232,0.77669,0.12088,0.00716,frames/frame_005991.jpg
5992,99.866667,,0,B,0.18324,0.77593,0.12094,0.00748,frames/frame_005992.jpg
5993,99.883333,,0,P,0.18197,0.77905,0.12095,0.00615,frames/frame_005993.jpg
5994,99.900000,,0,B,0.14307,0.79114,0.11937,0.04703,frames/frame_005994.jpg
5995,99.916667,,0,B,0.14192,0.79377,0.11766,0.00838,frames/frame_005995.jpg
5996,99.933333,,0,B,0.14432,0.79468,0.11918,0.01052,frames/frame_005996.jpg
5997,99.950000,,0,P,0.14357,0.79623,0.11815,0.01418,frames/frame_005997.jpg
5998,99.966667,,0,B,0.14360,0.79519,0.11803,0.01141,frames/frame_005998.jpg
5999,99.983333,,0,B,0.14324,0.79591,0.11850,0.00683,frames/frame_005999.jpg
6000,100.000000,,0,B,0.14443,0.79255,0.11879,0.01041,frames/frame_006000.jpg
6001,100.016667,,0,P,0.14367,0.79766,0.11982,0.00812,frames/frame_006001.jpg
6002,100.033333,,0,B,0.14423,0.79379,0.11982,0.00847,frames/frame_006002.jpg
6003,100.050000,,0,B,0.14408,0.79339,0.11986,0.00651,frames/frame_006003.jpg
6004,100.066667,,0,B,0.14435,0.79215,0.11994,0.00601,frames/frame_006004.jpg
6005,100.083333,,0,P,0.14256,0.79746,0.11976,0.00737,frames/frame_006005.jpg
6006,100.100000,,0,B,0.14307,0.79419,0.11955,0.00593,frames/frame_006006.jpg
6007,100.116667,,0,B,0.14239,0.79367,0.11910,0.00624,frames/frame_006007.jpg
6008,100.133333,,0,B,0.14269,0.79481,0.11944,0.00575,frames/frame_006008.jpg
6009,100.150000,,0,P,0.14154,0.79713,0.11938,0.00569,frames/frame_006009.jpg
6010,100.166667,,0,B,0.13940,0.79715,0.11575,0.00722,frames/frame_006010.jpg
6011,100.183333,,0,B,0.13974,0.79750,0.11618,0.00467,frames/frame_006011.jpg
6012,100.200000,,0,P,0.14068,0.79980,0.11707,0.00655,frames/frame_006012.jpg
6013,100.216667,,0,B,0.16299,0.79856,0.11776,0.06633,frames/frame_006013.jpg
6014,100.233333,,0,B,0.16585,0.80031,0.11810,0.02233,frames/frame_006014.jpg
6015,100.250000,,0,B,0.16657,0.80203,0.12215,0.02478,frames/frame_006015.jpg
6016,100.266667,,0,P,0.16495,0.80325,0.12045,0.01859,frames/frame_006016.jpg
6017,100.283333,,0,B,0.16413,0.80175,0.11797,0.01684,frames/frame_006017.jpg
6018,100.300000,,0,B,0.16539,0.80434,0.12003,0.01719,frames/frame_006018.jpg
6019,100.316667,,0,B,0.16599,0.80257,0.12000,0.01191,frames/frame_006019.jpg
6020,100.333333,,0,P,0.16483,0.80268,0.11934,0.01544,frames/frame_006020.jpg
6021,100.350000,,0,B,0.16560,0.80045,0.12098,0.01018,frames/frame_006021.jpg
6022,100.366667,,0,B,0.15063,0.79089,0.12592,0.05725,frames/frame_006022.jpg
6023,100.383333,,0,B,0.14746,0.78710,0.12271,0.01530,frames/frame_006023.jpg
6024,100.400000,,0,P,0.14457,0.78955,0.11970,0.01023,frames/frame_006024.jpg
6025,100.416667,,0,B,0.14796,0.78573,0.11928,0.01554,frames/frame_006025.jpg
6026,100.433333,,0,B,0.15180,0.78895,0.12189,0.00972,frames/frame_006026.jpg
6027,100.450000,,0,B,0.15300,0.78670,0.12292,0.00967,frames/frame_006027.jpg
6028,100.466667,,0,P,0.15227,0.79165,0.12373,0.00852,frames/frame_006028.jpg
6029,100.483333,,0,B,0.14838,0.78725,0.12118,0.01075,frames/frame_006029.jpg
6030,100.500000,,0,B,0.14718,0.78862,0.12193,0.00917,frames/frame_006030.jpg
6031,100.516667,,0,B,0.14846,0.78528,0.12336,0.00672,frames/frame_006031.jpg
6032,100.533333,,0,P,0.14765,0.78665,0.12423,0.01210,frames/frame_006032.jpg
6033,100.550000,,0,B,0.14761,0.78446,0.12358,0.01058,frames/frame_006033.jpg
6034,100.566667,,0,B,0.14702,0.78453,0.12298,0.00704,frames/frame_006034.jpg
6035,100.583333,,0,B,0.14681,0.78253,0.12344,0.00999,frames/frame_006035.jpg
6036,100.600000,,0,P,0.14555,0.78690,0.12267,0.00728,frames/frame_006036.jpg
6037,100.616667,,0,B,0.14711,0.78296,0.12289,0.00655,frames/frame_006037.jpg
6038,100.633333,,0,B,0.14657,0.78562,0.12324,0.00797,frames/frame_006038.jpg
6039,100.650000,,0,B,0.14720,0.78543,0.12357,0.00611,frames/frame_006039.jpg
6040,100.666667,,0,P,0.14471,0.78877,0.12063,0.00793,frames/frame_006040.jpg
6041,100.683333,,0,B,0.14502,0.78826,0.12027,0.00677,frames/frame_006041.jpg
6042,100.700000,,0,B,0.14414,0.79027,0.12028,0.00622,frames/frame_006042.jpg
6043,100.716667,,0,B,0.14457,0.78865,0.11985,0.00658,frames/frame_006043.jpg
6044,100.733333,,0,P,0.14342,0.79237,0.11960,0.00600,frames/frame_006044.jpg
6045,100.750000,,0,B,0.14495,0.79104,0.12127,0.00758,frames/frame_006045.jpg
6046,100.766667,,0,B,0.14457,0.79117,0.12179,0.00641,frames/frame_006046.jpg
6047,100.783333,,0,B,0.14462,0.79101,0.12115,0.00539,frames/frame_006047.jpg
6048,100.800000,,0,P,0.14337,0.79504,0.12128,0.00635,frames/frame_006048.jpg
6049,100.816667,,0,B,0.14385,0.79403,0.12140,0.00656,frames/frame_006049.jpg
6050,100.833333,,0,B,0.14228,0.79321,0.12068,0.00698,frames/frame_006050.jpg
6051,100.850000,,0,B,0.14031,0.79316,0.11886,0.00697,frames/frame_006051.jpg
6052,100.866667,,0,P,0.13733,0.79619,0.11795,0.00722,frames/frame_006052.jpg
6053,100.883333,,0,B,0.13599,0.79467,0.11753,0.00630,frames/frame_006053.jpg
6054,100.900000,,0,B,0.13489,0.79483,0.11642,0.00539,frames/frame_006054.jpg
6055,100.916667,,0,B,0.13319,0.79478,0.11298,0.00645,frames/frame_006055.jpg
6056,100.933333,,0,P,0.13178,0.79646,0.11180,0.00540,frames/frame_006056.jpg
6057,100.950000,,0,B,0.13165,0.79553,0.11178,0.00542,frames/frame_006057.jpg
6058,100.966667,,0,P,0.13205,0.79652,0.11235,0.00608,frames/frame_006058.jpg
6059,100.983333,,0,B,0.15447,0.79615,0.11338,0.06520,frames/frame_006059.jpg
6060,101.000000,,0,B,0.15641,0.79664,0.11619,0.00957,frames/frame_006060.jpg
6061,101.016667,,0,B,0.15776,0.79713,0.11713,0.00903,frames/frame_006061.jpg
6062,101.033333,,0,P,0.15691,0.79991,0.11712,0.00793,frames/frame_006062.jpg
6063,101.050000,,0,B,0.15726,0.79945,0.11676,0.00903,frames/frame_006063.jpg
6064,101.066667,,0,B,0.15569,0.79890,0.11593,0.00739,frames/frame_006064.jpg
6065,101.083333,,0,B,0.15665,0.79780,0.11589,0.01035,frames/frame_006065.jpg
6066,101.100000,,0,P,0.15612,0.80102,0.11733,0.00808,frames/frame_006066.jpg
6067,101.116667,,0,B,0.15455,0.79474,0.11443,0.01804,frames/frame_006067.jpg
6068,101.133333,,0,B,0.13846,0.79108,0.11861,0.05999,frames/frame_006068.jpg
6069,101.150000,,0,B,0.13391,0.79249,0.11375,0.01702,frames/frame_006069.jpg
6070,101.166667,,0,P,0.13066,0.79496,0.10869,0.01241,frames/frame_006070.jpg
6071,101.183333,,0,B,0.13095,0.79121,0.11035,0.01338,frames/frame_006071.jpg
6072,101.200000,,0,B,0.13042,0.79272,0.11161,0.01008,frames/frame_006072.jpg
6073,101.216667,,0,B,0.13066,0.78992,0.10977,0.01152,frames/frame_006073.jpg
6074,101.233333,,0,P,0.12935,0.79547,0.11042,0.00817,frames/frame_006074.jpg
6075,101.250000,,0,B,0.13188,0.79275,0.11404,0.01029,frames/frame_006075.jpg
6076,101.266667,,0,P,0.13572,0.79503,0.11712,0.01337,frames/frame_006076.jpg
6077,101.283333,,0,B,0.15666,0.79350,0.11671,0.06436,frames/frame_006077.jpg
6078,101.300000,,0,B,0.15644,0.79595,0.11715,0.01351,frames/frame_006078.jpg
6079,101.316667,,0,B,0.15720,0.79693,0.11711,0.01156,frames/frame_006079.jpg
6080,101.333333,,0,P,0.15789,0.80198,0.11878,0.01128,frames/frame_006080.jpg
6081,101.350000,,0,B,0.15784,0.80077,0.11806,0.01104,frames/frame_006081.jpg
6082,101.366667,,0,B,0.15713,0.80218,0.11753,0.00908,frames/frame_006082.jpg
6083,101.383333,,0,B,0.15777,0.79937,0.11848,0.01253,frames/frame_006083.jpg
6084,101.400000,,0,P,0.15683,0.80111,0.11855,0.00912,frames/frame_006084.jpg
6085,101.416667,,0,B,0.15218,0.79775,0.11229,0.01153,frames/frame_006085.jpg
6086,101.433333,,0,B,0.13709,0.78300,0.11671,0.05611,frames/frame_006086.jpg
6087,101.450000,,0,B,0.13393,0.78376,0.11277,0.00954,frames/frame_006087.jpg
6088,101.466667,,0,P,0.13278,0.78747,0.11217,0.00857,frames/frame_006088.jpg
6089,101.483333,,0,B,0.13137,0.78917,0.10957,0.00732,frames/frame_006089.jpg
6090,101.500000,,0,B,0.13202,0.79066,0.11181,0.00647,frames/frame_006090.jpg
6091,101.516667,,0,B,0.13268,0.78961,0.11277,0.00660,frames/frame_006091.jpg
6092,101.533333,,0,P,0.13164,0.79411,0.11242,0.00587,frames/frame_006092.jpg
6093,101.550000,,0,B,0.13392,0.79333,0.11460,0.00745,frames/frame_006093.jpg
6094,101.566667,,0,P,0.13699,0.79751,0.11618,0.00985,frames/frame_006094.jpg
6095,101.583333,,0,B,0.15256,0.71228,0.12899,0.03549,frames/frame_006095.jpg
6096,101.600000,,0,B,0.14997,0.72502,0.12909,0.01764,frames/frame_006096.jpg
6097,101.616667,,0,B,0.15024,0.72529,0.13022,0.00713,frames/frame_006097.jpg
6098,101.633333,,0,P,0.15197,0.70764,0.13360,0.01692,frames/frame_006098.jpg
6099,101.650000,,0,B,0.15209,0.70473,0.13341,0.00817,frames/frame_006099.jpg
6100,101.666667,,0,B,0.15065,0.74874,0.12960,0.02822,frames/frame_006100.jpg
6101,101.683333,,0,B,0.14996,0.74787,0.12899,0.00787,frames/frame_006101.jpg
6102,101.700000,,0,P,0.14521,0.75018,0.12655,0.02104,frames/frame_006102.jpg
6103,101.716667,,0,B,0.14626,0.74737,0.12763,0.00801,frames/frame_006103.jpg
6104,101.733333,,0,B,0.14771,0.66027,0.13261,0.03552,frames/frame_006104.jpg
6105,101.750000,,0,B,0.14778,0.66212,0.13306,0.00780,frames/frame_006105.jpg
6106,101.766667,,0,P,0.14378,0.64087,0.13097,0.01286,frames/frame_006106.jpg
6107,101.783333,,0,B,0.14425,0.63474,0.13198,0.00825,frames/frame_006107.jpg
6108,101.800000,,0,B,0.14541,0.73906,0.13279,0.03196,frames/frame_006108.jpg
6109,101.816667,,0,B,0.13714,0.74075,0.13550,0.02271,frames/frame_006109.jpg
6110,101.833333,,0,P,0.13606,0.74440,0.13604,0.00824,frames/frame_006110.jpg
6111,101.850000,,0,B,0.13583,0.73800,0.13557,0.00863,frames/frame_006111.jpg
6112,101.866667,,0,B,0.13273,0.59766,0.13450,0.04193,frames/frame_006112.jpg
6113,101.883333,,0,B,0.13742,0.54212,0.14590,0.02780,frames/frame_006113.jpg
6114,101.900000,,0,P,0.13499,0.54015,0.14498,0.00897,frames/frame_006114.jpg
6115,101.916667,,0,B,0.13398,0.53128,0.14508,0.00893,frames/frame_006115.jpg
6116,101.933333,,0,B,0.13486,0.72477,0.14691,0.05015,frames/frame_006116.jpg
6117,101.950000,,0,B,0.12364,0.75761,0.14246,0.03414,frames/frame_006117.jpg
6118,101.966667,,0,P,0.12304,0.76806,0.14269,0.00988,frames/frame_006118.jpg
6119,101.983333,,0,P,0.12046,0.76713,0.14031,0.00864,frames/frame_006119.jpg
6120,102.000000,,1,I,0.11409,0.50378,0.13507,0.06358,frames/frame_006120.jpg
6121,102.016667,,0,B,0.11251,0.51167,0.13218,0.00534,frames/frame_006121.jpg
6122,102.033333,,0,B,0.08875,0.73313,0.08811,0.08509,frames/frame_006122.jpg
6123,102.050000,,0,B,0.08923,0.72710,0.08894,0.00350,frames/frame_006123.jpg
6124,102.066667,,0,P,0.08883,0.73149,0.08924,0.00340,frames/frame_006124.jpg
6125,102.083333,,0,B,0.08958,0.72328,0.08946,0.00387,frames/frame_006125.jpg
6126,102.100000,,0,B,0.08928,0.72827,0.08959,0.00363,frames/frame_006126.jpg
6127,102.116667,,0,B,0.09001,0.72194,0.08954,0.00388,frames/frame_006127.jpg
6128,102.133333,,0,P,0.08891,0.73109,0.08949,0.00413,frames/frame_006128.jpg
6129,102.150000,,0,B,0.08934,0.72640,0.08982,0.00409,frames/frame_006129.jpg
6130,102.166667,,0,P,0.09107,0.73439,0.09218,0.00568,frames/frame_006130.jpg
6131,102.183333,,0,B,0.09474,0.72762,0.09254,0.00646,frames/frame_006131.jpg
6132,102.200000,,0,B,0.09517,0.73183,0.09337,0.00458,frames/frame_006132.jpg
6133,102.216667,,0,B,0.09539,0.72894,0.09280,0.00474,frames/frame_006133.jpg
6134,102.233333,,0,P,0.09482,0.73633,0.09240,0.00514,frames/frame_006134.jpg
6135,102.250000,,0,B,0.09522,0.72869,0.09264,0.00517,frames/frame_006135.jpg
6136,102.266667,,0,P,0.09472,0.73292,0.09280,0.00514,frames/frame_006136.jpg
6137,102.283333,,0,B,0.09695,0.72361,0.09512,0.00771,frames/frame_006137.jpg
6138,102.300000,,0,B,0.09525,0.72757,0.09514,0.00560,frames/frame_006138.jpg
6139,102.316667,,0,B,0.09640,0.72358,0.09501,0.00550,frames/frame_006139.jpg
6140,102.333333,,0,P,0.09701,0.72853,0.09563,0.00621,frames/frame_006140.jpg
6141,102.350000,,0,B,0.09761,0.72470,0.09617,0.00528,frames/frame_006141.jpg
6142,102.366667,,0,B,0.09655,0.72816,0.09545,0.00547,frames/frame_006142.jpg
6143,102.383333,,0,B,0.09586,0.72115,0.09451,0.00538,frames/frame_006143.jpg
6144,102.400000,,0,P,0.09371,0.72631,0.09330,0.00598,frames/frame_006144.jpg
6145,102.416667,,0,B,0.09321,0.71995,0.09220,0.00571,frames/frame_006145.jpg
6146,102.433333,,0,B,0.09187,0.72561,0.09180,0.00551,frames/frame_006146.jpg
6147,102.450000,,0,B,0.09200,0.72224,0.09186,0.00517,frames/frame_006147.jpg
6148,102.466667,,0,P,0.09416,0.72690,0.09312,0.00682,frames/frame_006148.jpg
6149,102.483333,,0,B,0.09732,0.71767,0.09514,0.00737,frames/frame_006149.jpg
6150,102.500000,,0,B,0.09747,0.72436,0.09542,0.00554,frames/frame_006150.jpg
6151,102.516667,,0,B,0.09703,0.71921,0.09478,0.00587,frames/frame_006151.jpg
6152,102.533333,,0,P,0.09506,0.72590,0.09441,0.00641,frames/frame_006152.jpg
6153,102.550000,,0,B,0.09427,0.71839,0.09387,0.00601,frames/frame_006153.jpg
6154,102.566667,,0,B,0.09247,0.72500,0.09314,0.00578,frames/frame_006154.jpg
6155,102.583333,,0,B,0.09193,0.72160,0.09241,0.00535,frames/frame_006155.jpg
6156,102.600000,,0,P,0.09123,0.72793,0.09294,0.00525,frames/frame_006156.jpg
6157,102.616667,,0,B,0.09491,0.72461,0.09411,0.00722,frames/frame_006157.jpg
6158,102.633333,,0,B,0.09788,0.73192,0.09477,0.00693,frames/frame_006158.jpg
6159,102.650000,,0,B,0.09961,0.72965,0.09385,0.00655,frames/frame_006159.jpg
6160,102.666667,,0,P,0.10045,0.73750,0.09402,0.00642,frames/frame_006160.jpg
6161,102.683333,,0,B,0.10140,0.73321,0.09433,0.00612,frames/frame_006161.jpg
6162,102.700000,,0,P,0.10111,0.74147,0.09571,0.00615,frames/frame_006162.jpg
6163,102.716667,,0,B,0.10137,0.73331,0.09801,0.00641,frames/frame_006163.jpg
6164,102.733333,,0,B,0.10050,0.73967,0.10097,0.00671,frames/frame_006164.jpg
6165,102.750000,,0,B,0.10078,0.73482,0.10462,0.00692,frames/frame_006165.jpg
6166,102.766667,,0,P,0.10170,0.74430,0.10653,0.00771,frames/frame_006166.jpg
6167,102.783333,,0,B,0.10446,0.73646,0.10582,0.00788,frames/frame_006167.jpg
6168,102.800000,,0,B,0.10433,0.74182,0.10520,0.00657,frames/frame_006168.jpg
6169,102.816667,,0,B,0.10423,0.73815,0.10449,0.00687,frames/frame_006169.jpg
6170,102.833333,,0,P,0.10298,0.74849,0.10295,0.00734,frames/frame_006170.jpg
6171,102.850000,,0,B,0.10267,0.74298,0.09975,0.00735,frames/frame_006171.jpg
6172,102.866667,,0,P,0.10148,0.74678,0.10056,0.00755,frames/frame_006172.jpg
6173,102.883333,,0,B,0.10003,0.74322,0.09906,0.00758,frames/frame_006173.jpg
6174,102.900000,,0,P,0.09834,0.74958,0.09630,0.00725,frames/frame_006174.jpg
6175,102.916667,,0,B,0.10025,0.74138,0.09602,0.00850,frames/frame_006175.jpg
6176,102.933333,,0,B,0.10276,0.74400,0.09651,0.00859,frames/frame_006176.jpg
6177,102.950000,,0,B,0.10281,0.73940,0.09577,0.00681,frames/frame_006177.jpg
6178,102.966667,,0,P,0.10125,0.75107,0.09436,0.00744,frames/frame_006178.jpg
6179,102.983333,,0,B,0.10056,0.74148,0.09290,0.00751,frames/frame_006179.jpg
6180,103.000000,,0,B,0.09850,0.74624,0.09180,0.00764,frames/frame_006180.jpg
6181,103.016667,,0,B,0.09748,0.74169,0.09170,0.00704,frames/frame_006181.jpg
6182,103.033333,,0,P,0.09517,0.75428,0.08984,0.00720,frames/frame_006182.jpg
6183,103.050000,,0,B,0.09502,0.74500,0.08818,0.00662,frames/frame_006183.jpg
6184,103.066667,,0,B,0.09683,0.75303,0.08965,0.00729,frames/frame_006184.jpg
6185,103.083333,,0,B,0.09940,0.75171,0.09011,0.00695,frames/frame_006185.jpg
6186,103.100000,,0,P,0.09880,0.76048,0.09003,0.00573,frames/frame_006186.jpg
6187,103.116667,,0,B,0.09835,0.75478,0.08951,0.00631,frames/frame_006187.jpg
6188,103.133333,,0,B,0.09630,0.75726,0.08901,0.00636,frames/frame_006188.jpg
6189,103.150000,,0,B,0.09537,0.75449,0.08747,0.00598,frames/frame_006189.jpg
6190,103.166667,,0,P,0.09393,0.76334,0.08622,0.00611,frames/frame_006190.jpg
6191,103.183333,,0,B,0.09337,0.75562,0.08451,0.00592,frames/frame_006191.jpg
6192,103.200000,,0,B,0.09276,0.75979,0.08595,0.00551,frames/frame_006192.jpg
6193,103.216667,,0,B,0.09474,0.75759,0.08774,0.00649,frames/frame_006193.jpg
6194,103.233333,,0,P,0.09727,0.76663,0.08855,0.00711,frames/frame_006194.jpg
6195,103.250000,,0,B,0.09857,0.75888,0.08945,0.00545,frames/frame_006195.jpg
6196,103.266667,,0,P,0.09875,0.76679,0.09083,0.00623,frames/frame_006196.jpg
6197,103.283333,,0,B,0.10060,0.75965,0.09408,0.00682,frames/frame_006197.jpg
6198,103.300000,,0,B,0.09970,0.76494,0.09357,0.00626,frames/frame_006198.jpg
6199,103.316667,,0,B,0.09949,0.75954,0.09265,0.00658,frames/frame_006199.jpg
6200,103.333333,,0,P,0.09867,0.76733,0.09235,0.00676,frames/frame_006200.jpg
6201,103.350000,,0,B,0.09934,0.76242,0.09281,0.00668,frames/frame_006201.jpg
6202,103.366667,,0,P,0.10068,0.77254,0.09317,0.00719,frames/frame_006202.jpg
6203,103.383333,,0,B,0.10422,0.76261,0.09609,0.00853,frames/frame_006203.jpg
6204,103.400000,,0,B,0.10508,0.76620,0.09569,0.00732,frames/frame_006204.jpg
6205,103.416667,,0,B,0.10501,0.76818,0.09644,0.00728,frames/frame_006205.jpg
6206,103.433333,,0,P,0.10349,0.77739,0.09628,0.00772,frames/frame_006206.jpg
6207,103.450000,,0,B,0.10270,0.76845,0.09489,0.00747,frames/frame_006207.jpg
6208,103.466667,,0,B,0.10094,0.77352,0.09352,0.00745,frames/frame_006208.jpg
6209,103.483333,,0,B,0.10082,0.77147,0.09246,0.00662,frames/frame_006209.jpg
6210,103.500000,,0,P,0.10023,0.78128,0.09386,0.00676,frames/frame_006210.jpg
6211,103.516667,,0,B,0.10260,0.77703,0.09483,0.00788,frames/frame_006211.jpg
6212,103.533333,,0,B,0.10556,0.78078,0.09612,0.00796,frames/frame_006212.jpg
6213,103.550000,,0,B,0.10668,0.78011,0.09621,0.00673,frames/frame_006213.jpg
6214,103.566667,,0,P,0.10598,0.78958,0.09566,0.00700,frames/frame_006214.jpg
6215,103.583333,,0,B,0.10633,0.78385,0.09719,0.00775,frames/frame_006215.jpg
6216,103.600000,,0,B,0.10519,0.78863,0.09575,0.00722,frames/frame_006216.jpg
6217,103.616667,,0,B,0.10448,0.78744,0.09407,0.00707,frames/frame_006217.jpg
6218,103.633333,,0,P,0.10320,0.79538,0.09389,0.00763,frames/frame_006218.jpg
6219,103.650000,,0,B,0.10365,0.79253,0.09296,0.00746,frames/frame_006219.jpg
6220,103.666667,,0,B,0.10610,0.80130,0.09552,0.00841,frames/frame_006220.jpg
6221,103.683333,,0,B,0.11004,0.80106,0.09681,0.00891,frames/frame_006221.jpg
6222,103.700000,,0,P,0.11068,0.80930,0.09693,0.00718,frames/frame_006222.jpg
6223,103.716667,,0,B,0.11092,0.80716,0.09567,0.00735,frames/frame_006223.jpg
6224,103.733333,,0,B,0.11044,0.81359,0.09657,0.00718,frames/frame_006224.jpg
6225,103.750000,,0,B,0.11061,0.81198,0.09611,0.00727,frames/frame_006225.jpg
6226,103.766667,,0,P,0.10963,0.82146,0.09587,0.00747,frames/frame_006226.jpg
6227,103.783333,,0,B,0.11005,0.81768,0.09646,0.00783,frames/frame_006227.jpg
6228,103.800000,,0,B,0.11032,0.82379,0.09707,0.00728,frames/frame_006228.jpg
6229,103.816667,,0,B,0.11158,0.82365,0.09745,0.00769,frames/frame_006229.jpg
6230,103.833333,,0,P,0.11294,0.83324,0.09837,0.00875,frames/frame_006230.jpg
6231,103.850000,,0,B,0.11383,0.82728,0.09866,0.00698,frames/frame_006231.jpg
6232,103.866667,,0,B,0.11325,0.83290,0.09928,0.00726,frames/frame_006232.jpg
6233,103.883333,,0,B,0.11292,0.83072,0.09832,0.00700,frames/frame_006233.jpg
6234,103.900000,,0,P,0.11158,0.84058,0.09876,0.00734,frames/frame_006234.jpg
6235,103.916667,,0,B,0.11119,0.83435,0.09625,0.00711,frames/frame_006235.jpg
6236,103.933333,,0,B,0.11035,0.84139,0.09590,0.00698,frames/frame_006236.jpg
6237,103.950000,,0,B,0.11061,0.83821,0.09538,0.00669,frames/frame_006237.jpg
6238,103.966667,,0,P,0.11277,0.84714,0.09795,0.00782,frames/frame_006238.jpg
6239,103.983333,,0,B,0.11631,0.84307,0.09859,0.00810,frames/frame_006239.jpg
6240,104.000000,,0,B,0.11700,0.84742,0.09952,0.00670,frames/frame_006240.jpg
6241,104.016667,,0,B,0.11723,0.84425,0.09943,0.00720,frames/frame_006241.jpg
6242,104.033333,,0,P,0.11653,0.85207,0.09982,0.00712,frames/frame_006242.jpg
6243,104.050000,,0,B,0.11617,0.84668,0.09896,0.00722,frames/frame_006243.jpg
6244,104.066667,,0,B,0.11496,0.85049,0.09889,0.00716,frames/frame_006244.jpg
6245,104.083333,,0,B,0.11423,0.84802,0.09816,0.00710,frames/frame_006245.jpg
6246,104.100000,,0,P,0.11392,0.85505,0.09823,0.00655,frames/frame_006246.jpg
6247,104.116667,,0,B,0.11760,0.85153,0.09909,0.00840,frames/frame_006247.jpg
6248,104.133333,,0,B,0.11990,0.85498,0.10043,0.00760,frames/frame_006248.jpg
6249,104.150000,,0,B,0.12049,0.85445,0.09985,0.00685,frames/frame_006249.jpg
6250,104.166667,,0,P,0.11976,0.85865,0.10030,0.00689,frames/frame_006250.jpg
6251,104.183333,,0,B,0.11936,0.85546,0.09958,0.00707,frames/frame_006251.jpg
6252,104.200000,,0,B,0.11799,0.85849,0.09906,0.00732,frames/frame_006252.jpg
6253,104.216667,,0,B,0.11718,0.85618,0.09822,0.00710,frames/frame_006253.jpg
6254,104.233333,,0,P,0.11601,0.86105,0.09835,0.00698,frames/frame_006254.jpg
6255,104.250000,,0,B,0.11655,0.85465,0.09843,0.00693,frames/frame_006255.jpg
6256,104.266667,,0,B,0.11828,0.86012,0.09903,0.00799,frames/frame_006256.jpg
6257,104.283333,,0,B,0.12145,0.85863,0.10147,0.00865,frames/frame_006257.jpg
6258,104.300000,,0,P,0.12114,0.86376,0.10232,0.00664,frames/frame_006258.jpg
6259,104.316667,,0,B,0.12069,0.85778,0.10218,0.00713,frames/frame_006259.jpg
6260,104.333333,,0,B,0.11902,0.86119,0.10123,0.00713,frames/frame_006260.jpg
6261,104.350000,,0,B,0.11832,0.85787,0.10112,0.00672,frames/frame_006261.jpg
6262,104.366667,,0,P,0.11661,0.86448,0.10027,0.00700,frames/frame_006262.jpg
6263,104.383333,,0,B,0.11677,0.86021,0.09772,0.00676,frames/frame_006263.jpg
6264,104.400000,,0,B,0.11722,0.86122,0.09525,0.00694,frames/frame_006264.jpg
6265,104.416667,,0,B,0.11911,0.86234,0.09682,0.00702,frames/frame_006265.jpg
6266,104.433333,,0,P,0.12082,0.86886,0.09844,0.00761,frames/frame_006266.jpg
6267,104.450000,,0,B,0.12237,0.86517,0.10053,0.00685,frames/frame_006267.jpg
6268,104.466667,,0,B,0.12149,0.86887,0.10173,0.00662,frames/frame_006268.jpg
6269,104.483333,,0,B,0.12075,0.86710,0.10142,0.00668,frames/frame_006269.jpg
6270,104.500000,,0,P,0.12013,0.87161,0.10231,0.00661,frames/frame_006270.jpg
6271,104.516667,,0,B,0.12032,0.86647,0.10248,0.00668,frames/frame_006271.jpg
6272,104.533333,,0,B,0.11961,0.86723,0.10111,0.00632,frames/frame_006272.jpg
6273,104.550000,,0,B,0.12054,0.86690,0.10114,0.00642,frames/frame_006273.jpg
6274,104.566667,,0,P,0.12287,0.87308,0.10313,0.00798,frames/frame_006274.jpg
6275,104.583333,,0,B,0.12732,0.87101,0.10477,0.00861,frames/frame_006275.jpg
6276,104.600000,,0,B,0.12810,0.87149,0.10459,0.00686,frames/frame_006276.jpg
6277,104.616667,,0,B,0.12880,0.86933,0.10246,0.00692,frames/frame_006277.jpg
6278,104.633333,,0,P,0.12870,0.87400,0.10170,0.00743,frames/frame_006278.jpg
6279,104.650000,,0,B,0.12910,0.87157,0.10114,0.00722,frames/frame_006279.jpg
6280,104.666667,,0,B,0.12836,0.87376,0.10180,0.00706,frames/frame_006280.jpg
6281,104.683333,,0,B,0.12744,0.87187,0.10170,0.00687,frames/frame_006281.jpg
6282,104.700000,,0,P,0.12548,0.87504,0.10111,0.00700,frames/frame_006282.jpg
6283,104.716667,,0,B,0.12510,0.87046,0.10072,0.00655,frames/frame_006283.jpg
6284,104.733333,,0,B,0.12471,0.87179,0.10136,0.00652,frames/frame_006284.jpg
6285,104.750000,,0,B,0.12484,0.86922,0.10152,0.00621,frames/frame_006285.jpg
6286,104.766667,,0,P,0.12370,0.87360,0.10128,0.00627,frames/frame_006286.jpg
6287,104.783333,,0,B,0.12301,0.86790,0.10093,0.00633,frames/frame_006287.jpg
6288,104.800000,,0,B,0.12200,0.87020,0.10103,0.00614,frames/frame_006288.jpg
6289,104.816667,,0,B,0.12129,0.86820,0.10059,0.00604,frames/frame_006289.jpg
6290,104.833333,,0,P,0.11953,0.87202,0.09986,0.00646,frames/frame_006290.jpg
6291,104.850000,,0,B,0.11897,0.86641,0.09852,0.00605,frames/frame_006291.jpg
6292,104.866667,,0,B,0.11775,0.86874,0.09761,0.00583,frames/frame_006292.jpg
6293,104.883333,,0,B,0.11617,0.86514,0.09733,0.00678,frames/frame_006293.jpg
6294,104.900000,,0,P,0.11507,0.86961,0.09666,0.00573,frames/frame_006294.jpg
6295,104.916667,,0,B,0.11484,0.86636,0.09575,0.00540,frames/frame_006295.jpg
6296,104.933333,,0,B,0.11435,0.86701,0.09544,0.00524,frames/frame_006296.jpg
6297,104.950000,,0,B,0.11432,0.86652,0.09480,0.00508,frames/frame_006297.jpg
6298,104.966667,,0,P,0.11383,0.86955,0.09526,0.00520,frames/frame_006298.jpg
6299,104.983333,,0,P,0.11379,0.86907,0.09510,0.00507,frames/frame_006299.jpg
6300,105.000000,,1,I,0.11405,0.86663,0.09532,0.00607,frames/frame_006300.jpg
6301,105.016667,,0,B,0.11679,0.86301,0.09659,0.00645,frames/frame_006301.jpg
6302,105.033333,,0,B,0.11876,0.86561,0.09753,0.00619,frames/frame_006302.jpg
6303,105.050000,,0,B,0.11989,0.86359,0.09820,0.00579,frames/frame_006303.jpg
6304,105.066667,,0,P,0.11910,0.86809,0.09840,0.00604,frames/frame_006304.jpg
6305,105.083333,,0,B,0.11899,0.86551,0.09847,0.00602,frames/frame_006305.jpg
6306,105.100000,,0,B,0.11783,0.86690,0.09850,0.00590,frames/frame_006306.jpg
6307,105.116667,,0,B,0.11806,0.86409,0.09872,0.00567,frames/frame_006307.jpg
6308,105.133333,,0,P,0.11690,0.86872,0.09924,0.00593,frames/frame_006308.jpg
6309,105.150000,,0,B,0.11734,0.86421,0.09837,0.00594,frames/frame_006309.jpg
6310,105.166667,,0,B,0.11873,0.86682,0.09907,0.00645,frames/frame_006310.jpg
6311,105.183333,,0,B,0.12361,0.86276,0.10338,0.00847,frames/frame_006311.jpg
6312,105.200000,,0,P,0.12364,0.86769,0.10421,0.00601,frames/frame_006312.jpg
6313,105.216667,,0,B,0.12357,0.86259,0.10372,0.00632,frames/frame_006313.jpg
6314,105.233333,,0,B,0.12281,0.86432,0.10400,0.00613,frames/frame_006314.jpg
6315,105.250000,,0,B,0.12276,0.86208,0.10426,0.00616,frames/frame_006315.jpg
6316,105.266667,,0,P,0.12170,0.86631,0.10467,0.00652,frames/frame_006316.jpg
6317,105.283333,,0,B,0.12150,0.86320,0.10506,0.00632,frames/frame_006317.jpg
6318,105.300000,,0,B,0.12072,0.86502,0.10470,0.00640,frames/frame_006318.jpg
6319,105.316667,,0,B,0.12280,0.86371,0.10487,0.00713,frames/frame_006319.jpg
6320,105.333333,,0,P,0.12355,0.86718,0.10565,0.00697,frames/frame_006320.jpg
6321,105.350000,,0,B,0.12466,0.86472,0.10499,0.00665,frames/frame_006321.jpg
6322,105.366667,,0,B,0.12440,0.86613,0.10495,0.00658,frames/frame_006322.jpg
6323,105.383333,,0,B,0.12452,0.86373,0.10437,0.00660,frames/frame_006323.jpg
6324,105.400000,,0,P,0.12387,0.86588,0.10311,0.00675,frames/frame_006324.jpg
6325,105.416667,,0,B,0.12435,0.86371,0.10232,0.00667,frames/frame_006325.jpg
6326,105.433333,,0,B,0.12371,0.86570,0.10171,0.00688,frames/frame_006326.jpg
6327,105.450000,,0,B,0.12379,0.86340,0.10077,0.00669,frames/frame_006327.jpg
6328,105.466667,,0,P,0.12334,0.86670,0.10036,0.00691,frames/frame_006328.jpg
6329,105.483333,,0,B,0.12336,0.86388,0.09953,0.00704,frames/frame_006329.jpg
6330,105.500000,,0,B,0.12297,0.86659,0.09928,0.00704,frames/frame_006330.jpg
6331,105.516667,,0,B,0.12313,0.86638,0.09826,0.00655,frames/frame_006331.jpg
6332,105.533333,,0,P,0.12286,0.86814,0.09751,0.00663,frames/frame_006332.jpg
6333,105.550000,,0,B,0.12289,0.86584,0.09768,0.00644,frames/frame_006333.jpg
6334,105.566667,,0,B,0.12197,0.86923,0.09699,0.00622,frames/frame_006334.jpg
6335,105.583333,,0,B,0.12198,0.86664,0.09707,0.00626,frames/frame_006335.jpg
6336,105.600000,,0,P,0.12081,0.86799,0.09641,0.00633,frames/frame_006336.jpg
6337,105.616667,,0,B,0.12074,0.86777,0.09572,0.00578,frames/frame_006337.jpg
6338,105.633333,,0,P,0.62282,0.25912,0.09598,0.49093,frames/frame_006338.jpg
6339,105.650000,,0,P,0.55612,0.27201,0.10164,0.06862,frames/frame_006339.jpg
6340,105.666667,,0,P,0.49983,0.28902,0.10276,0.05915,frames/frame_006340.jpg
6341,105.683333,,0,P,0.44703,0.30768,0.10222,0.05655,frames/frame_006341.jpg
6342,105.700000,,0,P,0.40351,0.32822,0.10653,0.04945,frames/frame_006342.jpg
6343,105.716667,,0,P,0.36496,0.35154,0.10814,0.03952,frames/frame_006343.jpg
6344,105.733333,,0,B,0.33455,0.36871,0.10949,0.03361,frames/frame_006344.jpg
6345,105.750000,,0,P,0.30189,0.40001,0.10959,0.03724,frames/frame_006345.jpg
6346,105.766667,,0,B,0.28091,0.41964,0.11183,0.02447,frames/frame_006346.jpg
6347,105.783333,,0,P,0.24662,0.45207,0.10991,0.03540,frames/frame_006347.jpg
6348,105.800000,,0,B,0.22605,0.47993,0.10828,0.02358,frames/frame_006348.jpg
6349,105.816667,,0,P,0.20737,0.52266,0.10970,0.02237,frames/frame_006349.jpg
6350,105.833333,,0,B,0.19639,0.54963,0.10987,0.01341,frames/frame_006350.jpg
6351,105.850000,,0,B,0.18930,0.55760,0.11324,0.02008,frames/frame_006351.jpg
6352,105.866667,,0,B,0.18084,0.58584,0.11410,0.01062,frames/frame_006352.jpg
6353,105.883333,,0,P,0.17251,0.62132,0.11407,0.01259,frames/frame_006353.jpg
6354,105.900000,,0,B,0.16743,0.64185,0.11498,0.00929,frames/frame_006354.jpg
6355,105.916667,,0,B,0.16222,0.67303,0.11750,0.00976,frames/frame_006355.jpg
6356,105.933333,,0,B,0.15935,0.68307,0.11739,0.00684,frames/frame_006356.jpg
6357,105.950000,,0,P,0.15558,0.70811,0.11661,0.00890,frames/frame_006357.jpg
6358,105.966667,,0,B,0.15249,0.73787,0.11690,0.01211,frames/frame_006358.jpg
6359,105.983333,,0,B,0.15136,0.75119,0.11774,0.00719,frames/frame_006359.jpg
6360,106.000000,,0,B,0.15175,0.75140,0.11749,0.00715,frames/frame_006360.jpg
6361,106.016667,,0,P,0.15017,0.76639,0.11662,0.00687,frames/frame_006361.jpg
6362,106.033333,,0,B,0.15066,0.75835,0.11797,0.00705,frames/frame_006362.jpg
6363,106.050000,,0,B,0.14920,0.76273,0.11905,0.00687,frames/frame_006363.jpg
6364,106.066667,,0,B,0.14783,0.75712,0.11772,0.00750,frames/frame_006364.jpg
6365,106.083333,,0,P,0.14932,0.73825,0.11880,0.00827,frames/frame_006365.jpg
6366,106.100000,,0,B,0.15054,0.73334,0.12054,0.00743,frames/frame_006366.jpg
6367,106.116667,,0,B,0.15022,0.73524,0.12103,0.00691,frames/frame_006367.jpg
6368,106.133333,,0,B,0.15029,0.73480,0.12023,0.00721,frames/frame_006368.jpg
6369,106.150000,,0,P,0.14933,0.74166,0.12048,0.00755,frames/frame_006369.jpg
6370,106.166667,,0,B,0.15002,0.73739,0.12045,0.00772,frames/frame_006370.jpg
6371,106.183333,,0,B,0.14943,0.74365,0.12075,0.00812,frames/frame_006371.jpg
6372,106.200000,,0,B,0.14483,0.76685,0.11815,0.01089,frames/frame_006372.jpg
6373,106.216667,,0,P,0.14496,0.77767,0.11716,0.00924,frames/frame_006373.jpg
6374,106.233333,,0,P,0.56017,0.30606,0.07875,0.40721,frames/frame_006374.jpg
6375,106.250000,,0,P,0.49649,0.33557,0.08555,0.06651,frames/frame_006375.jpg
6376,106.266667,,0,P,0.44057,0.36587,0.08754,0.05736,frames/frame_006376.jpg
6377,106.283333,,0,P,0.39557,0.40415,0.09110,0.05135,frames/frame_006377.jpg
6378,106.300000,,0,P,0.35435,0.43835,0.09408,0.04766,frames/frame_006378.jpg
6379,106.316667,,0,P,0.31991,0.46578,0.10036,0.04452,frames/frame_006379.jpg
6380,106.333333,,0,P,0.28895,0.50481,0.10058,0.03734,frames/frame_006380.jpg
6381,106.350000,,0,B,0.26386,0.53771,0.09765,0.03503,frames/frame_006381.jpg
6382,106.366667,,0,P,0.24080,0.58086,0.09910,0.03046,frames/frame_006382.jpg
6383,106.383333,,0,B,0.22429,0.62822,0.10241,0.02537,frames/frame_006383.jpg
6384,106.400000,,0,P,0.19041,0.67116,0.09660,0.03806,frames/frame_006384.jpg
6385,106.416667,,0,B,0.18021,0.70883,0.09743,0.01847,frames/frame_006385.jpg
6386,106.433333,,0,B,0.16901,0.74823,0.09773,0.01873,frames/frame_006386.jpg
6387,106.450000,,0,B,0.15922,0.78048,0.09637,0.01651,frames/frame_006387.jpg
6388,106.466667,,0,P,0.15294,0.81388,0.09845,0.01560,frames/frame_006388.jpg
6389,106.483333,,0,B,0.14746,0.82441,0.09840,0.01225,frames/frame_006389.jpg
6390,106.500000,,0,B,0.14335,0.84065,0.09791,0.01391,frames/frame_006390.jpg
6391,106.516667,,0,B,0.14295,0.84531,0.09933,0.01271,frames/frame_006391.jpg
6392,106.533333,,0,P,0.14073,0.85686,0.10198,0.01365,frames/frame_006392.jpg
6393,106.550000,,0,B,0.14070,0.85256,0.10276,0.01180,frames/frame_006393.jpg
6394,106.566667,,0,B,0.13978,0.85741,0.10387,0.01211,frames/frame_006394.jpg
6395,106.583333,,0,B,0.13957,0.85574,0.10387,0.01108,frames/frame_006395.jpg
6396,106.600000,,0,P,0.13825,0.86332,0.10512,0.01159,frames/frame_006396.jpg
6397,106.616667,,0,B,0.13693,0.85952,0.10358,0.01294,frames/frame_006397.jpg
6398,106.633333,,0,B,0.13604,0.86290,0.10497,0.01252,frames/frame_006398.jpg
6399,106.650000,,0,B,0.13529,0.86099,0.10553,0.01329,frames/frame_006399.jpg
6400,106.666667,,0,P,0.13538,0.86650,0.10741,0.01478,frames/frame_006400.jpg
6401,106.683333,,0,B,0.13718,0.86408,0.10529,0.01635,frames/frame_006401.jpg
6402,106.700000,,0,B,0.13577,0.86601,0.10303,0.01559,frames/frame_006402.jpg
6403,106.716667,,0,B,0.13317,0.86415,0.10205,0.01539,frames/frame_006403.jpg
6404,106.733333,,0,P,0.13010,0.86596,0.10183,0.01323,frames/frame_006404.jpg
6405,106.750000,,0,B,0.13055,0.86323,0.10174,0.01338,frames/frame_006405.jpg
6406,106.766667,,0,B,0.12855,0.86228,0.10184,0.01266,frames/frame_006406.jpg
6407,106.783333,,0,B,0.12930,0.85865,0.10061,0.01148,frames/frame_006407.jpg
6408,106.800000,,0,P,0.12937,0.86485,0.10080,0.01248,frames/frame_006408.jpg
6409,106.816667,,0,B,0.13403,0.86356,0.10217,0.01301,frames/frame_006409.jpg
6410,106.833333,,0,B,0.19360,0.87708,0.10757,0.05125,frames/frame_006410.jpg
6411,106.850000,,0,B,0.19427,0.87372,0.10721,0.01746,frames/frame_006411.jpg
6412,106.866667,,0,P,0.18982,0.87268,0.10651,0.02351,frames/frame_006412.jpg
6413,106.883333,,0,B,0.18662,0.86652,0.10583,0.01745,frames/frame_006413.jpg
6414,106.900000,,0,B,0.17771,0.86316,0.10977,0.02330,frames/frame_006414.jpg
6415,106.916667,,0,B,0.17237,0.85716,0.11196,0.02016,frames/frame_006415.jpg
6416,106.933333,,0,P,0.16387,0.85885,0.10394,0.02219,frames/frame_006416.jpg
6417,106.950000,,0,B,0.15728,0.85162,0.10291,0.01863,frames/frame_006417.jpg
6418,106.966667,,0,B,0.15642,0.85611,0.10667,0.01851,frames/frame_006418.jpg
6419,106.983333,,0,B,0.13214,0.85593,0.10308,0.03320,frames/frame_006419.jpg
6420,107.000000,,0,P,0.12965,0.86186,0.10092,0.01277,frames/frame_006420.jpg
6421,107.016667,,0,B,0.12818,0.85848,0.09913,0.01174,frames/frame_006421.jpg
6422,107.033333,,0,B,0.12650,0.85899,0.09920,0.01005,frames/frame_006422.jpg
6423,107.050000,,0,B,0.12585,0.85497,0.09777,0.00937,frames/frame_006423.jpg
6424,107.066667,,0,P,0.12452,0.86212,0.09836,0.00897,frames/frame_006424.jpg
6425,107.083333,,0,B,0.12465,0.85460,0.09747,0.00911,frames/frame_006425.jpg
6426,107.100000,,0,B,0.12343,0.85974,0.09670,0.00910,frames/frame_006426.jpg
6427,107.116667,,0,B,0.12459,0.85854,0.09700,0.00929,frames/frame_006427.jpg
6428,107.133333,,0,P,0.13872,0.87565,0.09624,0.01593,frames/frame_006428.jpg
6429,107.150000,,0,B,0.14390,0.87218,0.10057,0.01437,frames/frame_006429.jpg
6430,107.166667,,0,B,0.14689,0.87644,0.09852,0.01423,frames/frame_006430.jpg
6431,107.183333,,0,B,0.14680,0.86801,0.10053,0.01471,frames/frame_006431.jpg
6432,107.200000,,0,P,0.14401,0.87232,0.10306,0.01648,frames/frame_006432.jpg
6433,107.216667,,0,B,0.14130,0.86455,0.10315,0.01709,frames/frame_006433.jpg
6434,107.233333,,0,B,0.13557,0.86433,0.09823,0.01745,frames/frame_006434.jpg
6435,107.250000,,0,B,0.13192,0.85982,0.09853,0.01406,frames/frame_006435.jpg
6436,107.266667,,0,P,0.13343,0.86521,0.10268,0.01517,frames/frame_006436.jpg
6437,107.283333,,0,B,0.13387,0.85945,0.10475,0.01297,frames/frame_006437.jpg
6438,107.300000,,0,B,0.13423,0.86143,0.10366,0.01240,frames/frame_006438.jpg
6439,107.316667,,0,B,0.13283,0.86092,0.10216,0.01249,frames/frame_006439.jpg
6440,107.333333,,0,P,0.13172,0.86462,0.10171,0.01189,frames/frame_006440.jpg
6441,107.350000,,0,B,0.13200,0.85994,0.10198,0.01158,frames/frame_006441.jpg
6442,107.366667,,0,B,0.13073,0.85981,0.10215,0.01197,frames/frame_006442.jpg
6443,107.383333,,0,B,0.13062,0.85909,0.10344,0.01216,frames/frame_006443.jpg
6444,107.400000,,0,P,0.13298,0.86439,0.10443,0.01468,frames/frame_006444.jpg
6445,107.416667,,0,B,0.17846,0.86592,0.10373,0.04356,frames/frame_006445.jpg
6446,107.433333,,0,B,0.18149,0.86947,0.10898,0.01852,frames/frame_006446.jpg
6447,107.450000,,0,B,0.18461,0.86720,0.11140,0.02127,frames/frame_006447.jpg
6448,107.466667,,0,P,0.18368,0.86731,0.11435,0.02016,frames/frame_006448.jpg
6449,107.483333,,0,B,0.18166,0.86046,0.11008,0.02493,frames/frame_006449.jpg
6450,107.500000,,0,B,0.17529,0.86226,0.10688,0.02059,frames/frame_006450.jpg
6451,107.516667,,0,B,0.17144,0.85660,0.11142,0.02060,frames/frame_006451.jpg
6452,107.533333,,0,P,0.16360,0.85652,0.11010,0.01593,frames/frame_006452.jpg
6453,107.550000,,0,B,0.16339,0.85175,0.10866,0.01498,frames/frame_006453.jpg
6454,107.566667,,0,B,0.16209,0.85437,0.10836,0.01374,frames/frame_006454.jpg
6455,107.583333,,0,B,0.14418,0.86325,0.10368,0.02657,frames/frame_006455.jpg
6456,107.600000,,0,P,0.14318,0.86753,0.10430,0.01404,frames/frame_006456.jpg
6457,107.616667,,0,B,0.14382,0.86313,0.10460,0.01451,frames/frame_006457.jpg
6458,107.633333,,0,B,0.14255,0.86395,0.10442,0.01381,frames/frame_006458.jpg
6459,107.650000,,0,B,0.14032,0.86054,0.10333,0.01337,frames/frame_006459.jpg
6460,107.666667,,0,P,0.13633,0.86452,0.10104,0.01335,frames/frame_006460.jpg
6461,107.683333,,0,B,0.13538,0.85922,0.10080,0.01227,frames/frame_006461.jpg
6462,107.700000,,0,B,0.13450,0.86178,0.10289,0.01197,frames/frame_006462.jpg
6463,107.716667,,0,B,0.13680,0.85979,0.10457,0.01362,frames/frame_006463.jpg
6464,107.733333,,0,P,0.15114,0.87482,0.10139,0.01721,frames/frame_006464.jpg
6465,107.750000,,0,B,0.15637,0.87490,0.10034,0.01511,frames/frame_006465.jpg
6466,107.766667,,0,B,0.15987,0.87882,0.10550,0.01727,frames/frame_006466.jpg
6467,107.783333,,0,B,0.16013,0.87334,0.10351,0.01749,frames/frame_006467.jpg
6468,107.800000,,0,P,0.15444,0.87626,0.10042,0.01837,frames/frame_006468.jpg
6469,107.816667,,0,B,0.14768,0.86778,0.10183,0.01746,frames/frame_006469.jpg
6470,107.833333,,0,B,0.14071,0.86415,0.10350,0.01550,frames/frame_006470.jpg
6471,107.850000,,0,B,0.13570,0.86010,0.10118,0.01442,frames/frame_006471.jpg
6472,107.866667,,0,P,0.13440,0.86509,0.10208,0.01417,frames/frame_006472.jpg
6473,107.883333,,0,B,0.13592,0.85729,0.10442,0.01419,frames/frame_006473.jpg
6474,107.900000,,0,B,0.13780,0.85995,0.10607,0.01160,frames/frame_006474.jpg
6475,107.916667,,0,B,0.13697,0.85736,0.10677,0.01348,frames/frame_006475.jpg
6476,107.933333,,0,P,0.13634,0.86235,0.10626,0.01349,frames/frame_006476.jpg
6477,107.950000,,0,B,0.13607,0.86133,0.10482,0.01202,frames/frame_006477.jpg
6478,107.966667,,0,B,0.13454,0.85767,0.10433,0.01186,frames/frame_006478.jpg
6479,107.983333,,0,P,0.13302,0.85943,0.10422,0.01188,frames/frame_006479.jpg
6480,108.000000,,1,I,0.13269,0.86395,0.10733,0.01501,frames/frame_006480.jpg
6481,108.016667,,0,P,0.15784,0.87182,0.11249,0.02610,frames/frame_006481.jpg
6482,108.033333,,0,B,0.19355,0.87532,0.10972,0.03689,frames/frame_006482.jpg
6483,108.050000,,0,P,0.19636,0.87427,0.11243,0.02370,frames/frame_006483.jpg
6484,108.066667,,0,B,0.19164,0.86621,0.10816,0.02508,frames/frame_006484.jpg
6485,108.083333,,0,B,0.18403,0.86345,0.10982,0.01856,frames/frame_006485.jpg
6486,108.100000,,0,B,0.17548,0.85509,0.10613,0.02081,frames/frame_006486.jpg
6487,108.116667,,0,P,0.16567,0.85600,0.10600,0.01749,frames/frame_006487.jpg
6488,108.133333,,0,B,0.16118,0.84829,0.10783,0.01488,frames/frame_006488.jpg
6489,108.150000,,0,B,0.15694,0.84835,0.10792,0.01498,frames/frame_006489.jpg
6490,108.166667,,0,B,0.15462,0.84665,0.10633,0.01510,frames/frame_006490.jpg
6491,108.183333,,0,P,0.13347,0.86135,0.10213,0.02738,frames/frame_006491.jpg
6492,108.200000,,0,B,0.13260,0.85762,0.10377,0.01276,frames/frame_006492.jpg
6493,108.216667,,0,B,0.13023,0.85914,0.10289,0.01283,frames/frame_006493.jpg
6494,108.233333,,0,B,0.12949,0.85425,0.10206,0.01243,frames/frame_006494.jpg
6495,108.250000,,0,P,0.12688,0.85965,0.10041,0.01320,frames/frame_006495.jpg
6496,108.266667,,0,B,0.12512,0.85446,0.09990,0.01181,frames/frame_006496.jpg
6497,108.283333,,0,B,0.12293,0.85491,0.09906,0.01166,frames/frame_006497.jpg
6498,108.300000,,0,B,0.12341,0.85252,0.10039,0.01208,frames/frame_006498.jpg
6499,108.316667,,0,P,0.12568,0.85857,0.10398,0.01513,frames/frame_006499.jpg
6500,108.333333,,0,B,0.14283,0.87057,0.10053,0.02326,frames/frame_006500.jpg
6501,108.350000,,0,B,0.14620,0.87645,0.09760,0.01510,frames/frame_006501.jpg
6502,108.366667,,0,B,0.14975,0.87150,0.10098,0.01416,frames/frame_006502.jpg
6503,108.383333,,0,P,0.14611,0.86805,0.10311,0.01564,frames/frame_006503.jpg
6504,108.400000,,0,B,0.14268,0.86232,0.10170,0.01393,frames/frame_006504.jpg
6505,108.416667,,0,B,0.13709,0.85969,0.10149,0.01408,frames/frame_006505.jpg
6506,108.433333,,0,B,0.13316,0.85533,0.10206,0.01326,frames/frame_006506.jpg
6507,108.450000,,0,P,0.13069,0.85809,0.10395,0.01288,frames/frame_006507.jpg
6508,108.466667,,0,B,0.13176,0.85626,0.10237,0.01369,frames/frame_006508.jpg
6509,108.483333,,0,B,0.13354,0.85876,0.10372,0.01256,frames/frame_006509.jpg
6510,108.500000,,0,B,0.13573,0.85650,0.10662,0.01218,frames/frame_006510.jpg
6511,108.516667,,0,P,0.13636,0.86116,0.10845,0.01281,frames/frame_006511.jpg
6512,108.533333,,0,B,0.13722,0.85633,0.10812,0.01447,frames/frame_006512.jpg
6513,108.550000,,0,B,0.13735,0.85934,0.10733,0.01469,frames/frame_006513.jpg
6514,108.566667,,0,B,0.13609,0.85745,0.10766,0.01456,frames/frame_006514.jpg
6515,108.583333,,0,P,0.13484,0.86058,0.10948,0.01526,frames/frame_006515.jpg
6516,108.600000,,0,B,0.13865,0.86216,0.11141,0.01906,frames/frame_006516.jpg
6517,108.616667,,0,P,0.13702,0.86901,0.10845,0.02008,frames/frame_006517.jpg
6518,108.633333,,0,B,0.18477,0.86792,0.10470,0.04817,frames/frame_006518.jpg
6519,108.650000,,0,P,0.18631,0.87210,0.10552,0.02029,frames/frame_006519.jpg
6520,108.666667,,0,B,0.18482,0.86446,0.10347,0.01944,frames/frame_006520.jpg
6521,108.683333,,0,B,0.18345,0.86387,0.10773,0.01721,frames/frame_006521.jpg
6522,108.700000,,0,B,0.18148,0.85701,0.10939,0.01705,frames/frame_006522.jpg
6523,108.716667,,0,P,0.17336,0.85869,0.10607,0.01915,frames/frame_006523.jpg
6524,108.733333,,0,B,0.17253,0.85257,0.10933,0.01396,frames/frame_006524.jpg
6525,108.750000,,0,B,0.17109,0.85330,0.11136,0.01698,frames/frame_006525.jpg
6526,108.766667,,0,B,0.16931,0.85149,0.11262,0.01651,frames/frame_006526.jpg
6527,108.783333,,0,P,0.14872,0.86469,0.10918,0.03393,frames/frame_006527.jpg
6528,108.800000,,0,B,0.14830,0.86149,0.11177,0.01752,frames/frame_006528.jpg
6529,108.816667,,0,B,0.14714,0.86140,0.11130,0.01865,frames/frame_006529.jpg
6530,108.833333,,0,B,0.14580,0.86031,0.10997,0.01917,frames/frame_006530.jpg
6531,108.850000,,0,P,0.14273,0.86528,0.10487,0.01870,frames/frame_006531.jpg
6532,108.866667,,0,B,0.13955,0.86177,0.10131,0.01740,frames/frame_006532.jpg
6533,108.883333,,0,B,0.13543,0.86089,0.09942,0.01474,frames/frame_006533.jpg
6534,108.900000,,0,B,0.13540,0.86018,0.09838,0.01404,frames/frame_006534.jpg
6535,108.916667,,0,P,0.13407,0.86141,0.10062,0.01360,frames/frame_006535.jpg
6536,108.933333,,0,B,0.13476,0.85784,0.09946,0.01128,frames/frame_006536.jpg
6537,108.950000,,0,B,0.13342,0.85984,0.10028,0.00996,frames/frame_006537.jpg
6538,108.966667,,0,B,0.13308,0.85819,0.10021,0.00958,frames/frame_006538.jpg
6539,108.983333,,0,P,0.13238,0.86169,0.10079,0.00978,frames/frame_006539.jpg
6540,109.000000,,0,B,0.13243,0.85802,0.10209,0.01047,frames/frame_006540.jpg
6541,109.016667,,0,B,0.12955,0.85802,0.10255,0.01081,frames/frame_006541.jpg
6542,109.033333,,0,B,0.12811,0.85496,0.10187,0.01096,frames/frame_006542.jpg
6543,109.050000,,0,P,0.12679,0.85983,0.10204,0.01019,frames/frame_006543.jpg
6544,109.066667,,0,B,0.12957,0.85571,0.10384,0.01195,frames/frame_006544.jpg
6545,109.083333,,0,B,0.13148,0.85811,0.10549,0.01174,frames/frame_006545.jpg
6546,109.100000,,0,B,0.13207,0.85666,0.10678,0.01115,frames/frame_006546.jpg
6547,109.116667,,0,P,0.12960,0.85898,0.10676,0.01278,frames/frame_006547.jpg
6548,109.133333,,0,B,0.12845,0.85532,0.10616,0.01281,frames/frame_006548.jpg
6549,109.150000,,0,B,0.12746,0.85837,0.10511,0.01290,frames/frame_006549.jpg
6550,109.166667,,0,B,0.12704,0.85577,0.10563,0.01237,frames/frame_006550.jpg
6551,109.183333,,0,P,0.12744,0.85811,0.10688,0.01345,frames/frame_006551.jpg
6552,109.200000,,0,P,0.13092,0.85987,0.11023,0.01566,frames/frame_006552.jpg
6553,109.216667,,0,B,0.13607,0.85799,0.11274,0.01918,frames/frame_006553.jpg
6554,109.233333,,0,P,0.20022,0.87647,0.11106,0.05948,frames/frame_006554.jpg
6555,109.250000,,0,B,0.19925,0.86941,0.11171,0.01953,frames/frame_006555.jpg
6556,109.266667,,0,B,0.19370,0.86733,0.10904,0.02227,frames/frame_006556.jpg
6557,109.283333,,0,B,0.18918,0.86017,0.10999,0.01770,frames/frame_006557.jpg
6558,109.300000,,0,P,0.18006,0.86026,0.11116,0.02091,frames/frame_006558.jpg
6559,109.316667,,0,B,0.17122,0.85104,0.11071,0.01930,frames/frame_006559.jpg
6560,109.333333,,0,B,0.16561,0.85291,0.10947,0.01664,frames/frame_006560.jpg
6561,109.350000,,0,B,0.16177,0.84747,0.11019,0.01591,frames/frame_006561.jpg
6562,109.366667,,0,P,0.15865,0.85227,0.11315,0.01770,frames/frame_006562.jpg
6563,109.383333,,0,B,0.14196,0.85377,0.10908,0.02808,frames/frame_006563.jpg
6564,109.400000,,0,B,0.13735,0.85988,0.10864,0.01946,frames/frame_006564.jpg
6565,109.416667,,0,B,0.13704,0.85926,0.10913,0.01702,frames/frame_006565.jpg
6566,109.433333,,0,P,0.13626,0.86431,0.10604,0.01766,frames/frame_006566.jpg
6567,109.450000,,0,B,0.13427,0.85995,0.10189,0.01727,frames/frame_006567.jpg
6568,109.466667,,0,B,0.13132,0.86168,0.09908,0.01388,frames/frame_006568.jpg
6569,109.483333,,0,B,0.12986,0.85719,0.09900,0.01125,frames/frame_006569.jpg
6570,109.500000,,0,P,0.13144,0.86180,0.10057,0.01204,frames/frame_006570.jpg
6571,109.516667,,0,B,0.12849,0.85271,0.10096,0.01171,frames/frame_006571.jpg
6572,109.533333,,0,B,0.12644,0.85413,0.09984,0.00915,frames/frame_006572.jpg
6573,109.550000,,0,B,0.12581,0.85410,0.09974,0.00834,frames/frame_006573.jpg
6574,109.566667,,0,P,0.12521,0.85823,0.10053,0.00849,frames/frame_006574.jpg
6575,109.583333,,0,B,0.12598,0.85315,0.10114,0.00821,frames/frame_006575.jpg
6576,109.600000,,0,B,0.12596,0.85491,0.10231,0.00877,frames/frame_006576.jpg
6577,109.616667,,0,B,0.12600,0.85280,0.10345,0.00936,frames/frame_006577.jpg
6578,109.633333,,0,P,0.12471,0.85709,0.10254,0.01028,frames/frame_006578.jpg
6579,109.650000,,0,B,0.12543,0.85331,0.10284,0.01028,frames/frame_006579.jpg
6580,109.666667,,0,P,0.12652,0.85648,0.10413,0.01008,frames/frame_006580.jpg
6581,109.683333,,0,B,0.13061,0.85055,0.10813,0.01232,frames/frame_006581.jpg
6582,109.700000,,0,B,0.13169,0.85374,0.10938,0.01137,frames/frame_006582.jpg
6583,109.716667,,0,B,0.13100,0.85036,0.10949,0.01313,frames/frame_006583.jpg
6584,109.733333,,0,P,0.13003,0.85313,0.10762,0.01311,frames/frame_006584.jpg
6585,109.750000,,0,B,0.13013,0.85199,0.10644,0.01332,frames/frame_006585.jpg
6586,109.766667,,0,B,0.12980,0.85466,0.10629,0.01303,frames/frame_006586.jpg
6587,109.783333,,0,B,0.13017,0.85347,0.10925,0.01455,frames/frame_006587.jpg
6588,109.800000,,0,P,0.13372,0.85931,0.11123,0.01829,frames/frame_006588.jpg
6589,109.816667,,0,B,0.18326,0.86609,0.10999,0.04957,frames/frame_006589.jpg
6590,109.833333,,0,B,0.18510,0.86571,0.10284,0.01885,frames/frame_006590.jpg
6591,109.850000,,0,P,0.18444,0.86774,0.10774,0.01832,frames/frame_006591.jpg
6592,109.866667,,0,B,0.18259,0.86149,0.10728,0.01900,frames/frame_006592.jpg
6593,109.883333,,0,B,0.17944,0.85703,0.10810,0.01807,frames/frame_006593.jpg
6594,109.900000,,0,B,0.17684,0.85136,0.11064,0.01652,frames/frame_006594.jpg
6595,109.916667,,0,P,0.16943,0.85526,0.10787,0.01835,frames/frame_006595.jpg
6596,109.933333,,0,B,0.16793,0.84777,0.11037,0.01429,frames/frame_006596.jpg
6597,109.950000,,0,B,0.16739,0.84799,0.10954,0.01525,frames/frame_006597.jpg
6598,109.966667,,0,B,0.16751,0.84687,0.11264,0.01478,frames/frame_006598.jpg
6599,109.983333,,0,P,0.14760,0.86090,0.10788,0.02914,frames/frame_006599.jpg
6600,110.000000,,0,B,0.14795,0.85963,0.10871,0.01591,frames/frame_006600.jpg
6601,110.016667,,0,B,0.14750,0.86020,0.11041,0.01707,frames/frame_006601.jpg
6602,110.033333,,0,B,0.14734,0.86041,0.10977,0.01782,frames/frame_006602.jpg
6603,110.050000,,0,P,0.14533,0.86189,0.10973,0.01783,frames/frame_006603.jpg
6604,110.066667,,0,B,0.14296,0.85791,0.10509,0.01846,frames/frame_006604.jpg
6605,110.083333,,0,B,0.13931,0.86141,0.10153,0.01725,frames/frame_006605.jpg
6606,110.100000,,0,B,0.13774,0.86074,0.09979,0.01462,frames/frame_006606.jpg
6607,110.116667,,0,P,0.15195,0.87533,0.09923,0.01855,frames/frame_006607.jpg
6608,110.133333,,0,B,0.15403,0.86987,0.10050,0.01635,frames/frame_006608.jpg
6609,110.150000,,0,B,0.15570,0.87330,0.10044,0.01265,frames/frame_006609.jpg
6610,110.166667,,0,B,0.15619,0.86553,0.10369,0.01415,frames/frame_006610.jpg
6611,110.183333,,0,P,0.15351,0.86758,0.10634,0.01442,frames/frame_006611.jpg
6612,110.200000,,0,B,0.15073,0.86195,0.10572,0.01417,frames/frame_006612.jpg
6613,110.216667,,0,B,0.14579,0.86102,0.10617,0.01420,frames/frame_006613.jpg
6614,110.233333,,0,B,0.14207,0.85676,0.10798,0.01380,frames/frame_006614.jpg
6615,110.250000,,0,P,0.13907,0.86036,0.10907,0.01368,frames/frame_006615.jpg
6616,110.266667,,0,B,0.13938,0.85696,0.11073,0.01493,frames/frame_006616.jpg
6617,110.283333,,0,B,0.13816,0.85800,0.10856,0.01489,frames/frame_006617.jpg
6618,110.300000,,0,B,0.13789,0.85765,0.10780,0.01446,frames/frame_006618.jpg
6619,110.316667,,0,P,0.13754,0.86142,0.10905,0.01533,frames/frame_006619.jpg
6620,110.333333,,0,B,0.14076,0.85894,0.11050,0.01636,frames/frame_006620.jpg
6621,110.350000,,0,B,0.14161,0.86013,0.11069,0.01804,frames/frame_006621.jpg
6622,110.366667,,0,B,0.14260,0.85826,0.10717,0.01846,frames/frame_006622.jpg
6623,110.383333,,0,P,0.14081,0.86234,0.10447,0.01808,frames/frame_006623.jpg
6624,110.400000,,0,B,0.13972,0.85942,0.10329,0.01626,frames/frame_006624.jpg
6625,110.416667,,0,B,0.14113,0.86220,0.10556,0.01528,frames/frame_006625.jpg
6626,110.433333,,0,B,0.20023,0.87040,0.10803,0.05029,frames/frame_006626.jpg
6627,110.450000,,0,P,0.19951,0.87353,0.10595,0.01626,frames/frame_006627.jpg
6628,110.466667,,0,B,0.19693,0.86434,0.11085,0.02176,frames/frame_006628.jpg
6629,110.483333,,0,P,0.18911,0.86387,0.11171,0.02150,frames/frame_006629.jpg
6630,110.500000,,0,B,0.18290,0.85847,0.11189,0.02112,frames/frame_006630.jpg
6631,110.516667,,0,B,0.17551,0.85070,0.10901,0.01887,frames/frame_006631.jpg
6632,110.533333,,0,P,0.16745,0.85265,0.11298,0.01960,frames/frame_006632.jpg
6633,110.550000,,0,B,0.16472,0.84896,0.11428,0.01887,frames/frame_006633.jpg
6634,110.566667,,0,B,0.16179,0.84833,0.11518,0.02277,frames/frame_006634.jpg
6635,110.583333,,0,B,0.13978,0.85690,0.10772,0.04178,frames/frame_006635.jpg
6636,110.600000,,0,P,0.13477,0.86085,0.10437,0.01891,frames/frame_006636.jpg
6637,110.616667,,0,B,0.13180,0.85621,0.10161,0.01752,frames/frame_006637.jpg
6638,110.633333,,0,B,0.13211,0.85771,0.10206,0.01558,frames/frame_006638.jpg
6639,110.650000,,0,B,0.12755,0.85066,0.10145,0.01289,frames/frame_006639.jpg
6640,110.666667,,0,P,0.12549,0.85512,0.10143,0.00990,frames/frame_006640.jpg
6641,110.683333,,0,B,0.12393,0.85051,0.09812,0.00946,frames/frame_006641.jpg
6642,110.700000,,0,B,0.12223,0.85302,0.09761,0.00839,frames/frame_006642.jpg
6643,110.716667,,0,B,0.12469,0.85907,0.09743,0.01138,frames/frame_006643.jpg
6644,110.733333,,0,P,0.12439,0.86448,0.09851,0.01107,frames/frame_006644.jpg
6645,110.750000,,0,B,0.12608,0.85938,0.09948,0.01146,frames/frame_006645.jpg
6646,110.766667,,0,B,0.12469,0.86053,0.09830,0.01296,frames/frame_006646.jpg
6647,110.783333,,0,B,0.12317,0.85734,0.09716,0.01230,frames/frame_006647.jpg
6648,110.800000,,0,P,0.12153,0.85916,0.09903,0.01149,frames/frame_006648.jpg
6649,110.816667,,0,B,0.12081,0.85380,0.10066,0.01096,frames/frame_006649.jpg
6650,110.833333,,0,B,0.11891,0.85511,0.09888,0.01098,frames/frame_006650.jpg
6651,110.850000,,0,B,0.11894,0.85256,0.09984,0.00946,frames/frame_006651.jpg
6652,110.866667,,0,P,0.12205,0.85597,0.10367,0.01185,frames/frame_006652.jpg
6653,110.883333,,0,B,0.12502,0.85313,0.10408,0.01164,frames/frame_006653.jpg
6654,110.900000,,0,B,0.12562,0.85601,0.10614,0.01145,frames/frame_006654.jpg
6655,110.916667,,0,B,0.12536,0.85424,0.10748,0.01161,frames/frame_006655.jpg
6656,110.933333,,0,P,0.12494,0.85520,0.10891,0.01262,frames/frame_006656.jpg
6657,110.950000,,0,B,0.12650,0.85855,0.10975,0.01443,frames/frame_006657.jpg
6658,110.966667,,0,B,0.12746,0.85519,0.10963,0.01647,frames/frame_006658.jpg
6659,110.983333,,0,P,0.12694,0.85771,0.10649,0.01769,frames/frame_006659.jpg
6660,111.000000,,1,I,0.12959,0.86624,0.10194,0.02236,frames/frame_006660.jpg
6661,111.016667,,0,B,0.17944,0.86890,0.10269,0.04927,frames/frame_006661.jpg
6662,111.033333,,0,B,0.18369,0.86329,0.10942,0.02194,frames/frame_006662.jpg
6663,111.050000,,0,P,0.18424,0.86796,0.10739,0.01683,frames/frame_006663.jpg
6664,111.066667,,0,B,0.18334,0.85776,0.11007,0.01731,frames/frame_006664.jpg
6665,111.083333,,0,B,0.18028,0.85679,0.11031,0.01785,frames/frame_006665.jpg
6666,111.100000,,0,B,0.17543,0.85064,0.11306,0.01657,frames/frame_006666.jpg
6667,111.116667,,0,P,0.17098,0.85272,0.11385,0.01653,frames/frame_006667.jpg
6668,111.133333,,0,B,0.16910,0.84514,0.11202,0.01530,frames/frame_006668.jpg
6669,111.150000,,0,B,0.16850,0.84996,0.11473,0.01542,frames/frame_006669.jpg
6670,111.166667,,0,B,0.16782,0.84651,0.11519,0.01670,frames/frame_006670.jpg
6671,111.183333,,0,P,0.14726,0.86269,0.11078,0.03188,frames/frame_006671.jpg
6672,111.200000,,0,B,0.14763,0.85866,0.11062,0.01808,frames/frame_006672.jpg
6673,111.216667,,0,B,0.14870,0.86028,0.11055,0.01887,frames/frame_006673.jpg
6674,111.233333,,0,B,0.14579,0.86033,0.10577,0.01892,frames/frame_006674.jpg
6675,111.250000,,0,P,0.14148,0.86346,0.10213,0.01680,frames/frame_006675.jpg
6676,111.266667,,0,B,0.13912,0.85873,0.10155,0.01481,frames/frame_006676.jpg
6677,111.283333,,0,B,0.13828,0.86109,0.10166,0.01483,frames/frame_006677.jpg
6678,111.300000,,0,B,0.13444,0.85550,0.10151,0.01361,frames/frame_006678.jpg
6679,111.316667,,0,P,0.13559,0.85992,0.10258,0.01205,frames/frame_006679.jpg
6680,111.333333,,0,B,0.15160,0.87034,0.09982,0.01764,frames/frame_006680.jpg
6681,111.350000,,0,B,0.15495,0.87343,0.10205,0.01211,frames/frame_006681.jpg
6682,111.366667,,0,B,0.15747,0.86763,0.10386,0.01446,frames/frame_006682.jpg
6683,111.383333,,0,P,0.15484,0.87085,0.10367,0.01444,frames/frame_006683.jpg
6684,111.400000,,0,B,0.15238,0.86329,0.10683,0.01446,frames/frame_006684.jpg
6685,111.416667,,0,B,0.14811,0.86145,0.10762,0.01446,frames/frame_006685.jpg
6686,111.433333,,0,B,0.14364,0.85809,0.10849,0.01590,frames/frame_006686.jpg
6687,111.450000,,0,P,0.13824,0.86012,0.10791,0.01580,frames/frame_006687.jpg
6688,111.466667,,0,B,0.13812,0.85474,0.11088,0.01633,frames/frame_006688.jpg
6689,111.483333,,0,B,0.13916,0.85777,0.11383,0.01723,frames/frame_006689.jpg
6690,111.500000,,0,B,0.14089,0.85426,0.11636,0.01774,frames/frame_006690.jpg
6691,111.516667,,0,P,0.14094,0.85837,0.11413,0.02048,frames/frame_006691.jpg
6692,111.533333,,0,B,0.14002,0.85471,0.10867,0.02108,frames/frame_006692.jpg
6693,111.550000,,0,B,0.13663,0.85759,0.10349,0.01845,frames/frame_006693.jpg
6694,111.566667,,0,B,0.13531,0.85524,0.10342,0.01579,frames/frame_006694.jpg
6695,111.583333,,0,P,0.13688,0.86048,0.10393,0.01672,frames/frame_006695.jpg
6696,111.600000,,0,B,0.13341,0.85327,0.10482,0.01586,frames/frame_006696.jpg
6697,111.616667,,0,P,0.13455,0.85638,0.10660,0.01345,frames/frame_006697.jpg
6698,111.633333,,0,B,0.19489,0.88895,0.10853,0.05133,frames/frame_006698.jpg
6699,111.650000,,0,B,0.19619,0.89038,0.11293,0.01837,frames/frame_006699.jpg
6700,111.666667,,0,B,0.19250,0.88221,0.10937,0.02090,frames/frame_006700.jpg
6701,111.683333,,0,P,0.18773,0.87919,0.11134,0.01949,frames/frame_006701.jpg
6702,111.700000,,0,B,0.18020,0.87308,0.11158,0.02133,frames/frame_006702.jpg
6703,111.716667,,0,B,0.17117,0.87041,0.11515,0.01930,frames/frame_006703.jpg
6704,111.733333,,0,B,0.16712,0.86561,0.11512,0.02149,frames/frame_006704.jpg
6705,111.750000,,0,P,0.16149,0.86669,0.10922,0.02010,frames/frame_006705.jpg
6706,111.766667,,0,B,0.15574,0.86645,0.10812,0.01872,frames/frame_006706.jpg
6707,111.783333,,0,B,0.14014,0.86579,0.10462,0.02726,frames/frame_006707.jpg
6708,111.800000,,0,P,0.13137,0.86079,0.10279,0.01685,frames/frame_006708.jpg
6709,111.816667,,0,B,0.13036,0.85428,0.10234,0.01193,frames/frame_006709.jpg
6710,111.833333,,0,B,0.12885,0.85428,0.10162,0.01080,frames/frame_006710.jpg
6711,111.850000,,0,B,0.12712,0.85278,0.09911,0.00864,frames/frame_006711.jpg
6712,111.866667,,0,P,0.12615,0.85431,0.09984,0.00818,frames/frame_006712.jpg
6713,111.883333,,0,B,0.12638,0.85115,0.09975,0.00906,frames/frame_006713.jpg
6714,111.900000,,0,B,0.12527,0.85155,0.10182,0.00920,frames/frame_006714.jpg
6715,111.916667,,0,B,0.12686,0.85184,0.10203,0.00992,frames/frame_006715.jpg
6716,111.933333,,0,P,0.14223,0.86767,0.09944,0.01766,frames/frame_006716.jpg
6717,111.950000,,0,B,0.14773,0.86562,0.10409,0.01406,frames/frame_006717.jpg
6718,111.966667,,0,B,0.15127,0.86439,0.10750,0.01424,frames/frame_006718.jpg
6719,111.983333,,0,B,0.15107,0.86047,0.10434,0.01609,frames/frame_006719.jpg
6720,112.000000,,0,P,0.14732,0.86139,0.10635,0.01605,frames/frame_006720.jpg
6721,112.016667,,0,B,0.14433,0.85720,0.10888,0.01630,frames/frame_006721.jpg
6722,112.033333,,0,B,0.14074,0.85495,0.10823,0.01883,frames/frame_006722.jpg
6723,112.050000,,0,B,0.13789,0.85306,0.10388,0.01827,frames/frame_006723.jpg
6724,112.066667,,0,P,0.13627,0.85678,0.10372,0.01767,frames/frame_006724.jpg
6725,112.083333,,0,B,0.13750,0.85625,0.10650,0.01405,frames/frame_006725.jpg
6726,112.100000,,0,B,0.13710,0.85486,0.10770,0.01256,frames/frame_006726.jpg
6727,112.116667,,0,B,0.13621,0.85080,0.10751,0.01260,frames/frame_006727.jpg
6728,112.133333,,0,P,0.13490,0.85333,0.10551,0.01240,frames/frame_006728.jpg
6729,112.150000,,0,B,0.13489,0.85110,0.10391,0.01204,frames/frame_006729.jpg
6730,112.166667,,0,B,0.13419,0.85385,0.10416,0.01195,frames/frame_006730.jpg
6731,112.183333,,0,B,0.13523,0.85420,0.10522,0.01220,frames/frame_006731.jpg
6732,112.200000,,0,P,0.17900,0.86477,0.11290,0.03807,frames/frame_006732.jpg
6733,112.216667,,0,B,0.18612,0.86098,0.10840,0.02105,frames/frame_006733.jpg
6734,112.233333,,0,B,0.18755,0.86161,0.10967,0.01965,frames/frame_006734.jpg
6735,112.250000,,0,B,0.18872,0.85927,0.11116,0.02059,frames/frame_006735.jpg
6736,112.266667,,0,P,0.18417,0.86056,0.11450,0.01955,frames/frame_006736.jpg
6737,112.283333,,0,B,0.18150,0.85327,0.11321,0.02281,frames/frame_006737.jpg
6738,112.300000,,0,P,0.17673,0.85790,0.10852,0.02076,frames/frame_006738.jpg
6739,112.316667,,0,B,0.17077,0.84762,0.11112,0.02030,frames/frame_006739.jpg
6740,112.333333,,0,B,0.16844,0.85091,0.11092,0.01788,frames/frame_006740.jpg
6741,112.350000,,0,B,0.16434,0.84498,0.11051,0.01742,frames/frame_006741.jpg
6742,112.366667,,0,P,0.14331,0.85899,0.10341,0.02795,frames/frame_006742.jpg
6743,112.383333,,0,P,0.63963,0.25733,0.07452,0.49147,frames/frame_006743.jpg
6744,112.400000,,0,P,0.58265,0.27012,0.07670,0.05603,frames/frame_006744.jpg
6745,112.416667,,0,B,0.53304,0.27934,0.07592,0.04914,frames/frame_006745.jpg
6746,112.433333,,0,P,0.48265,0.29266,0.08004,0.05088,frames/frame_006746.jpg
6747,112.450000,,0,B,0.44298,0.30312,0.08061,0.03912,frames/frame_006747.jpg
6748,112.466667,,0,P,0.40193,0.32013,0.07973,0.04127,frames/frame_006748.jpg
6749,112.483333,,0,B,0.36821,0.33117,0.08037,0.03332,frames/frame_006749.jpg
6750,112.500000,,0,P,0.33496,0.35417,0.08345,0.03466,frames/frame_006750.jpg
6751,112.516667,,0,P,0.30981,0.37781,0.08708,0.02794,frames/frame_006751.jpg
6752,112.533333,,0,P,0.29090,0.41316,0.08751,0.02372,frames/frame_006752.jpg
6753,112.550000,,0,P,0.27242,0.44714,0.08839,0.02268,frames/frame_006753.jpg
6754,112.566667,,0,P,0.25673,0.47742,0.09326,0.02249,frames/frame_006754.jpg
6755,112.583333,,0,B,0.24107,0.49937,0.09634,0.02205,frames/frame_006755.jpg
6756,112.600000,,0,B,0.22376,0.52353,0.09432,0.02363,frames/frame_006756.jpg
6757,112.616667,,0,B,0.20718,0.53961,0.09337,0.02056,frames/frame_006757.jpg
6758,112.633333,,0,P,0.19091,0.56486,0.09586,0.02075,frames/frame_006758.jpg
6759,112.650000,,0,P,0.17727,0.59278,0.09534,0.01804,frames/frame_006759.jpg
6760,112.666667,,0,B,0.17073,0.61604,0.09664,0.01506,frames/frame_006760.jpg
6761,112.683333,,0,B,0.16519,0.64620,0.09862,0.01500,frames/frame_006761.jpg
6762,112.700000,,0,B,0.15991,0.67400,0.10044,0.01230,frames/frame_006762.jpg
6763,112.716667,,0,P,0.15312,0.70877,0.09967,0.01348,frames/frame_006763.jpg
6764,112.733333,,0,B,0.14958,0.72778,0.10034,0.01200,frames/frame_006764.jpg
6765,112.750000,,0,B,0.14591,0.75215,0.10118,0.01234,frames/frame_006765.jpg
6766,112.766667,,0,B,0.14276,0.76312,0.10046,0.01125,frames/frame_006766.jpg
6767,112.783333,,0,P,0.13805,0.78017,0.09994,0.01182,frames/frame_006767.jpg
6768,112.800000,,0,B,0.13838,0.78395,0.10362,0.01152,frames/frame_006768.jpg
6769,112.816667,,0,P,0.14170,0.80212,0.10340,0.01032,frames/frame_006769.jpg
6770,112.833333,,0,B,0.11377,0.75885,0.09958,0.10065,frames/frame_006770.jpg
6771,112.850000,,0,B,0.11594,0.76054,0.10051,0.00685,frames/frame_006771.jpg
6772,112.866667,,0,P,0.11459,0.76190,0.09963,0.00644,frames/frame_006772.jpg
6773,112.883333,,0,B,0.11281,0.75198,0.09906,0.00685,frames/frame_006773.jpg
6774,112.900000,,0,B,0.10955,0.74917,0.09785,0.00686,frames/frame_006774.jpg
6775,112.916667,,0,B,0.10729,0.74484,0.09596,0.00594,frames/frame_006775.jpg
6776,112.933333,,0,P,0.10541,0.75390,0.09519,0.00486,frames/frame_006776.jpg
6777,112.950000,,0,B,0.10598,0.74673,0.09507,0.00384,frames/frame_006777.jpg
6778,112.966667,,0,B,0.10688,0.74956,0.09590,0.00424,frames/frame_006778.jpg
6779,112.983333,,0,B,0.10961,0.74830,0.09710,0.00518,frames/frame_006779.jpg
6780,113.000000,,0,P,0.11286,0.75894,0.09788,0.00672,frames/frame_006780.jpg
6781,113.016667,,0,B,0.11558,0.75448,0.09871,0.00594,frames/frame_006781.jpg
6782,113.033333,,0,B,0.11647,0.76049,0.09841,0.00499,frames/frame_006782.jpg
6783,113.050000,,0,B,0.11596,0.75948,0.09831,0.00557,frames/frame_006783.jpg
6784,113.066667,,0,P,0.11382,0.76407,0.09722,0.00596,frames/frame_006784.jpg
6785,113.083333,,0,B,0.11214,0.75779,0.09663,0.00512,frames/frame_006785.jpg
6786,113.100000,,0,B,0.11127,0.75914,0.09642,0.00413,frames/frame_006786.jpg
6787,113.116667,,0,B,0.11242,0.75920,0.09605,0.00453,frames/frame_006787.jpg
6788,113.133333,,0,P,0.11595,0.76454,0.09733,0.00627,frames/frame_006788.jpg
6789,113.150000,,0,B,0.11940,0.76961,0.09716,0.00935,frames/frame_006789.jpg
6790,113.166667,,0,B,0.12009,0.77406,0.09697,0.00437,frames/frame_006790.jpg
6791,113.183333,,0,B,0.11951,0.77030,0.09627,0.00449,frames/frame_006791.jpg
6792,113.200000,,0,P,0.11840,0.77343,0.09590,0.00534,frames/frame_006792.jpg
6793,113.216667,,0,B,0.11799,0.76574,0.09714,0.00612,frames/frame_006793.jpg
6794,113.233333,,0,B,0.11567,0.76466,0.09703,0.00608,frames/frame_006794.jpg
6795,113.250000,,0,B,0.11377,0.76278,0.09610,0.00461,frames/frame_006795.jpg
6796,113.266667,,0,P,0.11373,0.76350,0.09640,0.00338,frames/frame_006796.jpg
6797,113.283333,,0,B,0.11607,0.76238,0.09735,0.00563,frames/frame_006797.jpg
6798,113.300000,,0,B,0.11884,0.76516,0.09852,0.00602,frames/frame_006798.jpg
6799,113.316667,,0,B,0.11946,0.76673,0.09841,0.00659,frames/frame_006799.jpg
6800,113.333333,,0,P,0.11960,0.77159,0.09861,0.00618,frames/frame_006800.jpg
6801,113.350000,,0,B,0.11959,0.76697,0.09823,0.00506,frames/frame_006801.jpg
6802,113.366667,,0,B,0.11944,0.76797,0.09855,0.00477,frames/frame_006802.jpg
6803,113.383333,,0,B,0.11926,0.76512,0.09831,0.00372,frames/frame_006803.jpg
6804,113.400000,,0,P,0.12059,0.76814,0.09907,0.00533,frames/frame_006804.jpg
6805,113.416667,,0,B,0.12105,0.77020,0.09786,0.00792,frames/frame_006805.jpg
6806,113.433333,,0,B,0.12189,0.77836,0.09814,0.00761,frames/frame_006806.jpg
6807,113.450000,,0,B,0.12197,0.77659,0.09742,0.00562,frames/frame_006807.jpg
6808,113.466667,,0,P,0.12100,0.78012,0.09741,0.00577,frames/frame_006808.jpg
6809,113.483333,,0,B,0.11992,0.77505,0.09772,0.00673,frames/frame_006809.jpg
6810,113.500000,,0,P,0.11852,0.77951,0.09779,0.00624,frames/frame_006810.jpg
6811,113.516667,,0,B,0.11754,0.77478,0.09641,0.00499,frames/frame_006811.jpg
6812,113.533333,,0,B,0.11736,0.77500,0.09730,0.00442,frames/frame_006812.jpg
6813,113.550000,,0,B,0.11652,0.77464,0.09583,0.00439,frames/frame_006813.jpg
6814,113.566667,,0,P,0.11633,0.77610,0.09642,0.00397,frames/frame_006814.jpg
6815,113.583333,,0,B,0.11670,0.77229,0.09656,0.00335,frames/frame_006815.jpg
6816,113.600000,,0,B,0.11685,0.77202,0.09629,0.00355,frames/frame_006816.jpg
6817,113.616667,,0,B,0.11821,0.77090,0.09793,0.00461,frames/frame_006817.jpg
6818,113.633333,,0,P,0.11829,0.77380,0.09739,0.00576,frames/frame_006818.jpg
6819,113.650000,,0,B,0.11876,0.76856,0.09889,0.00729,frames/frame_006819.jpg
6820,113.666667,,0,B,0.11738,0.76858,0.09831,0.00573,frames/frame_006820.jpg
6821,113.683333,,0,B,0.11522,0.76490,0.09657,0.00556,frames/frame_006821.jpg
6822,113.700000,,0,P,0.11381,0.76898,0.09689,0.00501,frames/frame_006822.jpg
6823,113.716667,,0,B,0.11518,0.76295,0.09660,0.00489,frames/frame_006823.jpg
6824,113.733333,,0,B,0.11795,0.76135,0.09903,0.00706,frames/frame_006824.jpg
6825,113.750000,,0,B,0.12099,0.76668,0.09936,0.00877,frames/frame_006825.jpg
6826,113.766667,,0,P,0.12164,0.77560,0.09917,0.00635,frames/frame_006826.jpg
6827,113.783333,,0,B,0.12162,0.77037,0.09792,0.00535,frames/frame_006827.jpg
6828,113.800000,,0,B,0.12117,0.77245,0.09841,0.00616,frames/frame_006828.jpg
6829,113.816667,,0,B,0.12063,0.76602,0.09917,0.00649,frames/frame_006829.jpg
6830,113.833333,,0,P,0.11799,0.76902,0.09834,0.00696,frames/frame_006830.jpg
6831,113.850000,,0,B,0.11687,0.76508,0.09753,0.00552,frames/frame_006831.jpg
6832,113.866667,,0,B,0.11676,0.76715,0.09726,0.00402,frames/frame_006832.jpg
6833,113.883333,,0,B,0.11842,0.76679,0.09716,0.00486,frames/frame_006833.jpg
6834,113.900000,,0,P,0.12023,0.77356,0.09826,0.00656,frames/frame_006834.jpg
6835,113.916667,,0,B,0.12071,0.77132,0.09820,0.00456,frames/frame_006835.jpg
6836,113.933333,,0,B,0.12047,0.77169,0.09830,0.00519,frames/frame_006836.jpg
6837,113.950000,,0,B,0.11871,0.76672,0.09806,0.00474,frames/frame_006837.jpg
6838,113.966667,,0,P,0.11426,0.76942,0.09578,0.00681,frames/frame_006838.jpg
6839,113.983333,,0,P,0.11185,0.76431,0.09541,0.00558,frames/frame_006839.jpg
6840,114.000000,,1,I,0.11111,0.76166,0.09457,0.00495,frames/frame_006840.jpg
6841,114.016667,,0,B,0.11241,0.76026,0.09531,0.00449,frames/frame_006841.jpg
6842,114.033333,,0,B,0.11519,0.76210,0.09588,0.00698,frames/frame_006842.jpg
6843,114.050000,,0,B,0.11695,0.76350,0.09621,0.00644,frames/frame_006843.jpg
6844,114.066667,,0,P,0.11634,0.76717,0.09692,0.00602,frames/frame_006844.jpg
6845,114.083333,,0,B,0.11318,0.75989,0.09631,0.00688,frames/frame_006845.jpg
6846,114.100000,,0,B,0.10983,0.75753,0.09582,0.00669,frames/frame_006846.jpg
6847,114.116667,,0,B,0.10780,0.75468,0.09506,0.00507,frames/frame_006847.jpg
6848,114.133333,,0,P,0.10602,0.75850,0.09454,0.00407,frames/frame_006848.jpg
6849,114.150000,,0,B,0.10640,0.75214,0.09442,0.00327,frames/frame_006849.jpg
6850,114.166667,,0,B,0.10690,0.75269,0.09447,0.00355,frames/frame_006850.jpg
6851,114.183333,,0,B,0.10864,0.74701,0.09697,0.01014,frames/frame_006851.jpg
6852,114.200000,,0,P,0.11185,0.75536,0.09834,0.00763,frames/frame_006852.jpg
6853,114.216667,,0,B,0.11724,0.74733,0.09951,0.00847,frames/frame_006853.jpg
6854,114.233333,,0,B,0.11933,0.75321,0.09897,0.00658,frames/frame_006854.jpg
6855,114.250000,,0,B,0.12102,0.75062,0.09957,0.00664,frames/frame_006855.jpg
6856,114.266667,,0,P,0.12077,0.76553,0.09819,0.00579,frames/frame_006856.jpg
6857,114.283333,,0,B,0.12171,0.75958,0.09866,0.00537,frames/frame_006857.jpg
6858,114.300000,,0,B,0.12177,0.76279,0.09863,0.00416,frames/frame_006858.jpg
6859,114.316667,,0,B,0.12156,0.76092,0.09770,0.00540,frames/frame_006859.jpg
6860,114.333333,,0,P,0.12105,0.77078,0.09700,0.00543,frames/frame_006860.jpg
6861,114.350000,,0,B,0.12186,0.76721,0.09769,0.00495,frames/frame_006861.jpg
6862,114.366667,,0,B,0.12187,0.76895,0.09733,0.00390,frames/frame_006862.jpg
6863,114.383333,,0,B,0.12220,0.76820,0.09772,0.00368,frames/frame_006863.jpg
6864,114.400000,,0,P,0.12151,0.77097,0.09770,0.00423,frames/frame_006864.jpg
6865,114.416667,,0,B,0.12152,0.76614,0.09877,0.00490,frames/frame_006865.jpg
6866,114.433333,,0,B,0.12054,0.76350,0.09892,0.00605,frames/frame_006866.jpg
6867,114.450000,,0,B,0.11926,0.75789,0.09857,0.00439,frames/frame_006867.jpg
6868,114.466667,,0,P,0.11828,0.76039,0.09871,0.00405,frames/frame_006868.jpg
6869,114.483333,,0,B,0.11742,0.75663,0.09751,0.00451,frames/frame_006869.jpg
6870,114.500000,,0,B,0.11688,0.75951,0.09722,0.00441,frames/frame_006870.jpg
6871,114.516667,,0,B,0.11658,0.75918,0.09729,0.00381,frames/frame_006871.jpg
6872,114.533333,,0,P,0.11539,0.75813,0.09773,0.00520,frames/frame_006872.jpg
6873,114.550000,,0,B,0.11244,0.75348,0.09688,0.00524,frames/frame_006873.jpg
6874,114.566667,,0,B,0.11009,0.75247,0.09646,0.00475,frames/frame_006874.jpg
6875,114.583333,,0,B,0.11009,0.75054,0.09645,0.00301,frames/frame_006875.jpg
6876,114.600000,,0,P,0.11130,0.75568,0.09640,0.00498,frames/frame_006876.jpg
6877,114.616667,,0,B,0.11715,0.75640,0.09838,0.01016,frames/frame_006877.jpg
6878,114.633333,,0,B,0.11986,0.76876,0.10054,0.01193,frames/frame_006878.jpg
6879,114.650000,,0,B,0.12202,0.76587,0.10113,0.00670,frames/frame_006879.jpg
6880,114.666667,,0,P,0.12083,0.77457,0.10005,0.00667,frames/frame_006880.jpg
6881,114.683333,,0,B,0.12074,0.76705,0.10034,0.00630,frames/frame_006881.jpg
6882,114.700000,,0,B,0.11906,0.76627,0.09896,0.00592,frames/frame_006882.jpg
6883,114.716667,,0,B,0.11887,0.76323,0.09843,0.00478,frames/frame_006883.jpg
6884,114.733333,,0,P,0.11868,0.76635,0.09884,0.00527,frames/frame_006884.jpg
6885,114.750000,,0,B,0.11905,0.76035,0.09819,0.00445,frames/frame_006885.jpg
6886,114.766667,,0,B,0.11889,0.76461,0.09837,0.00391,frames/frame_006886.jpg
6887,114.783333,,0,B,0.11912,0.76175,0.09805,0.00404,frames/frame_006887.jpg
6888,114.800000,,0,P,0.11937,0.76658,0.09824,0.00522,frames/frame_006888.jpg
6889,114.816667,,0,B,0.12098,0.76430,0.09879,0.00544,frames/frame_006889.jpg
6890,114.833333,,0,B,0.12108,0.76760,0.09849,0.00584,frames/frame_006890.jpg
6891,114.850000,,0,B,0.12128,0.76347,0.09944,0.00688,frames/frame_006891.jpg
6892,114.866667,,0,P,0.12025,0.77234,0.09904,0.00703,frames/frame_006892.jpg
6893,114.883333,,0,B,0.11975,0.76560,0.09918,0.00448,frames/frame_006893.jpg
6894,114.900000,,0,B,0.11879,0.76772,0.09889,0.00438,frames/frame_006894.jpg
6895,114.916667,,0,B,0.11992,0.76514,0.09958,0.00407,frames/frame_006895.jpg
6896,114.933333,,0,P,0.12080,0.77074,0.09913,0.00540,frames/frame_006896.jpg
6897,114.950000,,0,B,0.12267,0.77241,0.09826,0.00806,frames/frame_006897.jpg
6898,114.966667,,0,B,0.12333,0.77696,0.09809,0.00437,frames/frame_006898.jpg
6899,114.983333,,0,B,0.12369,0.77594,0.09794,0.00395,frames/frame_006899.jpg
6900,115.000000,,0,P,0.12342,0.77999,0.09814,0.00400,frames/frame_006900.jpg
6901,115.016667,,0,B,0.12314,0.77499,0.09879,0.00447,frames/frame_006901.jpg
6902,115.033333,,0,B,0.12274,0.77710,0.09896,0.00417,frames/frame_006902.jpg
6903,115.050000,,0,B,0.12317,0.77398,0.09952,0.00483,frames/frame_006903.jpg
6904,115.066667,,0,P,0.12287,0.77658,0.10000,0.00449,frames/frame_006904.jpg
6905,115.083333,,0,B,0.12342,0.76905,0.10066,0.00631,frames/frame_006905.jpg
6906,115.100000,,0,B,0.12280,0.76786,0.10015,0.00503,frames/frame_006906.jpg
6907,115.116667,,0,B,0.12293,0.76496,0.10028,0.00457,frames/frame_006907.jpg
6908,115.133333,,0,P,0.12103,0.77075,0.09913,0.00532,frames/frame_006908.jpg
6909,115.150000,,0,B,0.12057,0.76435,0.09972,0.00418,frames/frame_006909.jpg
6910,115.166667,,0,B,0.11964,0.76627,0.09907,0.00445,frames/frame_006910.jpg
6911,115.183333,,0,B,0.11920,0.76423,0.09874,0.00397,frames/frame_006911.jpg
6912,115.200000,,0,P,0.11857,0.76791,0.09878,0.00369,frames/frame_006912.jpg
6913,115.216667,,0,B,0.11964,0.76291,0.09946,0.00472,frames/frame_006913.jpg
6914,115.233333,,0,B,0.12057,0.76266,0.09975,0.00589,frames/frame_006914.jpg
6915,115.250000,,0,B,0.12058,0.76153,0.09941,0.00614,frames/frame_006915.jpg
6916,115.266667,,0,P,0.11838,0.76414,0.09947,0.00692,frames/frame_006916.jpg
6917,115.283333,,0,B,0.11500,0.75741,0.09876,0.00701,frames/frame_006917.jpg
6918,115.300000,,0,B,0.11061,0.75593,0.09750,0.00708,frames/frame_006918.jpg
6919,115.316667,,0,B,0.10929,0.75387,0.09694,0.00489,frames/frame_006919.jpg
6920,115.333333,,0,P,0.10787,0.75806,0.09606,0.00394,frames/frame_006920.jpg
6921,115.350000,,0,B,0.10767,0.75738,0.09649,0.00299,frames/frame_006921.jpg
6922,115.366667,,0,B,0.10814,0.75749,0.09664,0.00351,frames/frame_006922.jpg
6923,115.383333,,0,B,0.11037,0.76236,0.09648,0.00554,frames/frame_006923.jpg
6924,115.400000,,0,P,0.11468,0.77333,0.09760,0.00725,frames/frame_006924.jpg
6925,115.416667,,0,B,0.11814,0.77203,0.09941,0.00553,frames/frame_006925.jpg
6926,115.433333,,0,B,0.11953,0.77461,0.09929,0.00428,frames/frame_006926.jpg
6927,115.450000,,0,B,0.11995,0.77509,0.09911,0.00408,frames/frame_006927.jpg
6928,115.466667,,0,P,0.11948,0.77710,0.09870,0.00394,frames/frame_006928.jpg
6929,115.483333,,0,B,0.11961,0.77306,0.09871,0.00407,frames/frame_006929.jpg
6930,115.500000,,0,B,0.11929,0.77285,0.09857,0.00381,frames/frame_006930.jpg
6931,115.516667,,0,B,0.12022,0.77185,0.09891,0.00545,frames/frame_006931.jpg
6932,115.533333,,0,P,0.11982,0.78008,0.09967,0.00792,frames/frame_006932.jpg
6933,115.550000,,0,B,0.11925,0.77514,0.09908,0.00603,frames/frame_006933.jpg
6934,115.566667,,0,B,0.11863,0.77732,0.09924,0.00497,frames/frame_006934.jpg
6935,115.583333,,0,B,0.11804,0.77360,0.09943,0.00423,frames/frame_006935.jpg
6936,115.600000,,0,P,0.11625,0.77617,0.09820,0.00488,frames/frame_006936.jpg
6937,115.616667,,0,B,0.11620,0.76877,0.09846,0.00489,frames/frame_006937.jpg
6938,115.633333,,0,B,0.11467,0.77048,0.09763,0.00450,frames/frame_006938.jpg
6939,115.650000,,0,B,0.11418,0.76882,0.09782,0.00472,frames/frame_006939.jpg
6940,115.666667,,0,P,0.11438,0.77099,0.09811,0.00414,frames/frame_006940.jpg
6941,115.683333,,0,B,0.11744,0.76994,0.09878,0.00565,frames/frame_006941.jpg
6942,115.700000,,0,B,0.12110,0.77754,0.10009,0.00702,frames/frame_006942.jpg
6943,115.716667,,0,B,0.12185,0.77819,0.10048,0.00500,frames/frame_006943.jpg
6944,115.733333,,0,P,0.12169,0.78186,0.10052,0.00551,frames/frame_006944.jpg
6945,115.750000,,0,B,0.12148,0.77690,0.10027,0.00416,frames/frame_006945.jpg
6946,115.766667,,0,B,0.12119,0.77839,0.10026,0.00368,frames/frame_006946.jpg
6947,115.783333,,0,B,0.12109,0.77605,0.09984,0.00358,frames/frame_006947.jpg
6948,115.800000,,0,P,0.12269,0.78022,0.10087,0.00494,frames/frame_006948.jpg
6949,115.816667,,0,B,0.12397,0.78161,0.09952,0.01041,frames/frame_006949.jpg
6950,115.833333,,0,B,0.12440,0.78803,0.09905,0.00615,frames/frame_006950.jpg
6951,115.850000,,0,B,0.12433,0.78659,0.09877,0.00404,frames/frame_006951.jpg
6952,115.866667,,0,P,0.12300,0.78892,0.09842,0.00450,frames/frame_006952.jpg
6953,115.883333,,0,B,0.12237,0.78276,0.09852,0.00526,frames/frame_006953.jpg
6954,115.900000,,0,B,0.12075,0.78402,0.09797,0.00491,frames/frame_006954.jpg
6955,115.916667,,0,B,0.12044,0.78223,0.09905,0.00385,frames/frame_006955.jpg
6956,115.933333,,0,P,0.11940,0.78351,0.09840,0.00393,frames/frame_006956.jpg
6957,115.950000,,0,B,0.11977,0.77716,0.09884,0.00394,frames/frame_006957.jpg
6958,115.966667,,0,B,0.11951,0.77781,0.09872,0.00329,frames/frame_006958.jpg
6959,115.983333,,0,B,0.11827,0.77239,0.10184,0.01186,frames/frame_006959.jpg
6960,116.000000,,0,P,0.11923,0.77647,0.10192,0.00548,frames/frame_006960.jpg
6961,116.016667,,0,B,0.12169,0.76847,0.10317,0.00636,frames/frame_006961.jpg
6962,116.033333,,0,B,0.12262,0.77428,0.10308,0.00594,frames/frame_006962.jpg
6963,116.050000,,0,B,0.12396,0.76600,0.10334,0.00744,frames/frame_006963.jpg
6964,116.066667,,0,P,0.12204,0.77633,0.10259,0.00696,frames/frame_006964.jpg
6965,116.083333,,0,B,0.12160,0.76781,0.10198,0.00589,frames/frame_006965.jpg
6966,116.100000,,0,B,0.12082,0.76940,0.10159,0.00511,frames/frame_006966.jpg
6967,116.116667,,0,B,0.12145,0.76772,0.10168,0.00467,frames/frame_006967.jpg
6968,116.133333,,0,P,0.12300,0.77492,0.10178,0.00580,frames/frame_006968.jpg
6969,116.150000,,0,B,0.12509,0.77859,0.10099,0.00886,frames/frame_006969.jpg
6970,116.166667,,0,B,0.12583,0.78247,0.10093,0.00462,frames/frame_006970.jpg
6971,116.183333,,0,B,0.12561,0.78293,0.10100,0.00499,frames/frame_006971.jpg
6972,116.200000,,0,P,0.12569,0.78815,0.10129,0.00477,frames/frame_006972.jpg
6973,116.216667,,0,B,0.12612,0.78003,0.10259,0.00509,frames/frame_006973.jpg
6974,116.233333,,0,B,0.12566,0.77974,0.10290,0.00622,frames/frame_006974.jpg
6975,116.250000,,0,B,0.12438,0.77729,0.10226,0.00454,frames/frame_006975.jpg
6976,116.266667,,0,P,0.12322,0.77984,0.10173,0.00453,frames/frame_006976.jpg
6977,116.283333,,0,B,0.12423,0.77841,0.10208,0.00434,frames/frame_006977.jpg
6978,116.300000,,0,B,0.12431,0.78135,0.10196,0.00476,frames/frame_006978.jpg
6979,116.316667,,0,B,0.12441,0.78157,0.10175,0.00387,frames/frame_006979.jpg
6980,116.333333,,0,P,0.12394,0.78252,0.10105,0.00538,frames/frame_006980.jpg
6981,116.350000,,0,B,0.12230,0.77516,0.10057,0.00511,frames/frame_006981.jpg
6982,116.366667,,0,B,0.11895,0.77463,0.09997,0.00616,frames/frame_006982.jpg
6983,116.383333,,0,B,0.11449,0.77384,0.09673,0.00665,frames/frame_006983.jpg
6984,116.400000,,0,P,0.11262,0.77376,0.09581,0.00480,frames/frame_006984.jpg
6985,116.416667,,0,B,0.11355,0.77317,0.09599,0.00345,frames/frame_006985.jpg
6986,116.433333,,0,P,0.39862,0.36457,0.08339,0.28283,frames/frame_006986.jpg
6987,116.450000,,0,B,0.38064,0.37227,0.08596,0.02554,frames/frame_006987.jpg
6988,116.466667,,0,P,0.36031,0.38338,0.08268,0.02947,frames/frame_006988.jpg
6989,116.483333,,0,P,0.34217,0.39008,0.08311,0.01880,frames/frame_006989.jpg
6990,116.500000,,0,B,0.32633,0.39057,0.08383,0.01767,frames/frame_006990.jpg
6991,116.516667,,0,P,0.30978,0.40101,0.08422,0.01729,frames/frame_006991.jpg
6992,116.533333,,0,B,0.29692,0.40276,0.08360,0.01329,frames/frame_006992.jpg
6993,116.550000,,0,B,0.28300,0.41747,0.08443,0.01530,frames/frame_006993.jpg
6994,116.566667,,0,B,0.27195,0.43016,0.08452,0.01381,frames/frame_006994.jpg
6995,116.583333,,0,P,0.26114,0.45079,0.08595,0.01539,frames/frame_006995.jpg
6996,116.600000,,0,B,0.25435,0.47340,0.08715,0.01264,frames/frame_006996.jpg
6997,116.616667,,0,P,0.24569,0.49478,0.08840,0.01257,frames/frame_006997.jpg
6998,116.633333,,0,B,0.23911,0.50412,0.08919,0.00938,frames/frame_006998.jpg
6999,116.650000,,0,B,0.23159,0.51978,0.09002,0.00966,frames/frame_006999.jpg
7000,116.666667,,0,B,0.22364,0.53561,0.08991,0.00943,frames/frame_007000.jpg
7001,116.683333,,0,P,0.21465,0.55488,0.08972,0.01079,frames/frame_007001.jpg
7002,116.700000,,0,B,0.20955,0.56316,0.09003,0.00803,frames/frame_007002.jpg
7003,116.716667,,0,B,0.20381,0.58053,0.09061,0.00817,frames/frame_007003.jpg
7004,116.733333,,0,B,0.19943,0.59600,0.09124,0.00723,frames/frame_007004.jpg
7005,116.750000,,0,P,0.19253,0.62214,0.09110,0.01030,frames/frame_007005.jpg
7006,116.766667,,0,B,0.18916,0.62731,0.09134,0.00628,frames/frame_007006.jpg
7007,116.783333,,0,B,0.18443,0.64089,0.09158,0.00639,frames/frame_007007.jpg
7008,116.800000,,0,B,0.18071,0.64944,0.09238,0.00599,frames/frame_007008.jpg
7009,116.816667,,0,P,0.17332,0.66390,0.09267,0.01026,frames/frame_007009.jpg
7010,116.833333,,0,B,0.16936,0.65846,0.09187,0.00749,frames/frame_007010.jpg
7011,116.850000,,0,B,0.16499,0.66628,0.09217,0.00639,frames/frame_007011.jpg
7012,116.866667,,0,B,0.16279,0.67654,0.09260,0.00475,frames/frame_007012.jpg
7013,116.883333,,0,P,0.14057,0.68367,0.09677,0.03443,frames/frame_007013.jpg
7014,116.900000,,0,B,0.14217,0.68913,0.09810,0.00783,frames/frame_007014.jpg
7015,116.916667,,0,B,0.14026,0.70198,0.09823,0.00585,frames/frame_007015.jpg
7016,116.933333,,0,B,0.13900,0.69965,0.09812,0.00620,frames/frame_007016.jpg
7017,116.950000,,0,P,0.13407,0.71780,0.09792,0.00810,frames/frame_007017.jpg
7018,116.966667,,0,B,0.13084,0.70965,0.09719,0.00612,frames/frame_007018.jpg
7019,116.983333,,0,P,0.12767,0.71692,0.09669,0.00538,frames/frame_007019.jpg
7020,117.000000,,1,I,0.12532,0.73004,0.09675,0.00650,frames/frame_007020.jpg
7021,117.016667,,0,B,0.12832,0.73040,0.09748,0.00712,frames/frame_007021.jpg
7022,117.033333,,0,B,0.12938,0.74206,0.09663,0.00932,frames/frame_007022.jpg
7023,117.050000,,0,B,0.12942,0.74630,0.09600,0.00525,frames/frame_007023.jpg
7024,117.066667,,0,P,0.12887,0.75501,0.09691,0.00513,frames/frame_007024.jpg
7025,117.083333,,0,B,0.12739,0.74835,0.09626,0.00529,frames/frame_007025.jpg
7026,117.100000,,0,B,0.12439,0.75504,0.09491,0.00609,frames/frame_007026.jpg
7027,117.116667,,0,B,0.12352,0.74758,0.09493,0.00506,frames/frame_007027.jpg
7028,117.133333,,0,P,0.12105,0.76346,0.09543,0.00555,frames/frame_007028.jpg
7029,117.150000,,0,B,0.12090,0.75775,0.09589,0.00393,frames/frame_007029.jpg
7030,117.166667,,0,B,0.12057,0.75845,0.09597,0.00333,frames/frame_007030.jpg
7031,117.183333,,0,B,0.12067,0.75897,0.09598,0.00312,frames/frame_007031.jpg
7032,117.200000,,0,P,0.11990,0.76321,0.09580,0.00427,frames/frame_007032.jpg
7033,117.216667,,0,B,0.12131,0.75940,0.09735,0.00472,frames/frame_007033.jpg
7034,117.233333,,0,B,0.12199,0.76145,0.09809,0.00523,frames/frame_007034.jpg
7035,117.250000,,0,B,0.12186,0.75694,0.09841,0.00652,frames/frame_007035.jpg
7036,117.266667,,0,P,0.12002,0.76440,0.09898,0.00586,frames/frame_007036.jpg
7037,117.283333,,0,B,0.11859,0.75496,0.09857,0.00594,frames/frame_007037.jpg
7038,117.300000,,0,B,0.11678,0.75603,0.09821,0.00488,frames/frame_007038.jpg
7039,117.316667,,0,B,0.11764,0.75455,0.09815,0.00470,frames/frame_007039.jpg
7040,117.333333,,0,P,0.11961,0.76035,0.09987,0.00733,frames/frame_007040.jpg
7041,117.350000,,0,B,0.12269,0.76212,0.09928,0.00888,frames/frame_007041.jpg
7042,117.366667,,0,B,0.12329,0.76698,0.09975,0.00660,frames/frame_007042.jpg
7043,117.383333,,0,B,0.12378,0.76414,0.10012,0.00508,frames/frame_007043.jpg
7044,117.400000,,0,P,0.12261,0.77206,0.09890,0.00547,frames/frame_007044.jpg
7045,117.416667,,0,B,0.12277,0.76001,0.10023,0.00645,frames/frame_007045.jpg
7046,117.433333,,0,B,0.12010,0.76007,0.09873,0.00723,frames/frame_007046.jpg
7047,117.450000,,0,B,0.11835,0.75422,0.09847,0.00534,frames/frame_007047.jpg
7048,117.466667,,0,P,0.11758,0.76037,0.09825,0.00477,frames/frame_007048.jpg
7049,117.483333,,0,B,0.11950,0.75844,0.09895,0.00466,frames/frame_007049.jpg
7050,117.500000,,0,B,0.12118,0.76287,0.09930,0.00628,frames/frame_007050.jpg
7051,117.516667,,0,B,0.12166,0.76318,0.09898,0.00535,frames/frame_007051.jpg
7052,117.533333,,0,P,0.12111,0.76665,0.09881,0.00595,frames/frame_007052.jpg
7053,117.550000,,0,B,0.11908,0.76413,0.09723,0.00571,frames/frame_007053.jpg
7054,117.566667,,0,B,0.11674,0.76171,0.09789,0.00602,frames/frame_007054.jpg
7055,117.583333,,0,B,0.11415,0.75605,0.09670,0.00520,frames/frame_007055.jpg
7056,117.600000,,0,P,0.11297,0.75751,0.09691,0.00428,frames/frame_007056.jpg
7057,117.616667,,0,B,0.11453,0.75405,0.09767,0.00544,frames/frame_007057.jpg
7058,117.633333,,0,B,0.11729,0.75903,0.09745,0.00764,frames/frame_007058.jpg
7059,117.650000,,0,B,0.11886,0.76178,0.09742,0.00744,frames/frame_007059.jpg
7060,117.666667,,0,P,0.11776,0.76442,0.09777,0.00707,frames/frame_007060.jpg
7061,117.683333,,0,B,0.11483,0.75616,0.09703,0.00691,frames/frame_007061.jpg
7062,117.700000,,0,B,0.11121,0.75545,0.09706,0.00737,frames/frame_007062.jpg
7063,117.716667,,0,B,0.10911,0.75192,0.09623,0.00503,frames/frame_007063.jpg
7064,117.733333,,0,P,0.10754,0.75391,0.09584,0.00420,frames/frame_007064.jpg
7065,117.750000,,0,B,0.10697,0.75084,0.09525,0.00328,frames/frame_007065.jpg
7066,117.766667,,0,B,0.10746,0.75334,0.09572,0.00352,frames/frame_007066.jpg
7067,117.783333,,0,B,0.10823,0.74255,0.09730,0.00967,frames/frame_007067.jpg
7068,117.800000,,0,P,0.11072,0.75024,0.09874,0.00768,frames/frame_007068.jpg
7069,117.816667,,0,B,0.11429,0.74530,0.09903,0.00711,frames/frame_007069.jpg
7070,117.833333,,0,B,0.11565,0.74870,0.09841,0.00599,frames/frame_007070.jpg
7071,117.850000,,0,B,0.11597,0.74562,0.09858,0.00665,frames/frame_007071.jpg
7072,117.866667,,0,P,0.11383,0.75400,0.09750,0.00633,frames/frame_007072.jpg
7073,117.883333,,0,B,0.11234,0.74863,0.09647,0.00610,frames/frame_007073.jpg
7074,117.900000,,0,B,0.11175,0.74944,0.09714,0.00533,frames/frame_007074.jpg
7075,117.916667,,0,B,0.11339,0.74802,0.09743,0.00479,frames/frame_007075.jpg
7076,117.933333,,0,P,0.11665,0.75863,0.09862,0.00660,frames/frame_007076.jpg
7077,117.950000,,0,B,0.11945,0.76366,0.09762,0.00975,frames/frame_007077.jpg
7078,117.966667,,0,B,0.12003,0.76909,0.09729,0.00519,frames/frame_007078.jpg
7079,117.983333,,0,B,0.12004,0.76773,0.09774,0.00392,frames/frame_007079.jpg
7080,118.000000,,0,P,0.11914,0.76940,0.09731,0.00550,frames/frame_007080.jpg
7081,118.016667,,0,B,0.11798,0.76467,0.09724,0.00544,frames/frame_007081.jpg
7082,118.033333,,0,B,0.11568,0.76153,0.09717,0.00647,frames/frame_007082.jpg
7083,118.050000,,0,B,0.11432,0.75894,0.09703,0.00455,frames/frame_007083.jpg
7084,118.066667,,0,P,0.11417,0.76257,0.09722,0.00331,frames/frame_007084.jpg
7085,118.083333,,0,B,0.11612,0.76166,0.09735,0.00461,frames/frame_007085.jpg
7086,118.100000,,0,B,0.11808,0.76635,0.09758,0.00581,frames/frame_007086.jpg
7087,118.116667,,0,B,0.11850,0.76867,0.09732,0.00571,frames/frame_007087.jpg
7088,118.133333,,0,P,0.11871,0.77257,0.09773,0.00506,frames/frame_007088.jpg
7089,118.150000,,0,B,0.11956,0.76878,0.09851,0.00513,frames/frame_007089.jpg
7090,118.166667,,0,B,0.11898,0.76870,0.09819,0.00412,frames/frame_007090.jpg
7091,118.183333,,0,B,0.11913,0.76916,0.09822,0.00331,frames/frame_007091.jpg
7092,118.200000,,0,P,0.11887,0.77002,0.09856,0.00395,frames/frame_007092.jpg
7093,118.216667,,0,B,0.12019,0.77055,0.09827,0.00776,frames/frame_007093.jpg
7094,118.233333,,0,B,0.12135,0.77227,0.10073,0.01250,frames/frame_007094.jpg
7095,118.250000,,0,B,0.12151,0.77001,0.10078,0.00570,frames/frame_007095.jpg
7096,118.266667,,0,P,0.11924,0.77532,0.09982,0.00701,frames/frame_007096.jpg
7097,118.283333,,0,B,0.11899,0.76942,0.10015,0.00676,frames/frame_007097.jpg
7098,118.300000,,0,B,0.11781,0.76726,0.09908,0.00637,frames/frame_007098.jpg
7099,118.316667,,0,B,0.11818,0.76755,0.09957,0.00530,frames/frame_007099.jpg
7100,118.333333,,0,P,0.11651,0.77144,0.09835,0.00529,frames/frame_007100.jpg
7101,118.350000,,0,B,0.11752,0.76570,0.09918,0.00488,frames/frame_007101.jpg
7102,118.366667,,0,B,0.11650,0.76578,0.09735,0.00439,frames/frame_007102.jpg
7103,118.383333,,0,B,0.11717,0.76250,0.09806,0.00413,frames/frame_007103.jpg
7104,118.400000,,0,P,0.11647,0.76873,0.09740,0.00502,frames/frame_007104.jpg
7105,118.416667,,0,B,0.11842,0.76308,0.09895,0.00512,frames/frame_007105.jpg
7106,118.433333,,0,B,0.11861,0.76458,0.09885,0.00528,frames/frame_007106.jpg
7107,118.450000,,0,B,0.11898,0.76282,0.09920,0.00637,frames/frame_007107.jpg
7108,118.466667,,0,P,0.11703,0.76777,0.09880,0.00663,frames/frame_007108.jpg
7109,118.483333,,0,B,0.11521,0.76205,0.09786,0.00559,frames/frame_007109.jpg
7110,118.500000,,0,B,0.11441,0.76243,0.09832,0.00483,frames/frame_007110.jpg
7111,118.516667,,0,B,0.11578,0.76192,0.09862,0.00411,frames/frame_007111.jpg
7112,118.533333,,0,P,0.11801,0.76803,0.09840,0.00573,frames/frame_007112.jpg
7113,118.550000,,0,B,0.12083,0.77298,0.09829,0.00932,frames/frame_007113.jpg
7114,118.566667,,0,B,0.12146,0.77642,0.09819,0.00504,frames/frame_007114.jpg
7115,118.583333,,0,B,0.12084,0.77459,0.09749,0.00474,frames/frame_007115.jpg
7116,118.600000,,0,P,0.12075,0.77490,0.09776,0.00521,frames/frame_007116.jpg
7117,118.616667,,0,B,0.12059,0.77034,0.09886,0.00649,frames/frame_007117.jpg
7118,118.633333,,0,B,0.11876,0.76764,0.09912,0.00648,frames/frame_007118.jpg
7119,118.650000,,0,B,0.11674,0.76518,0.09789,0.00470,frames/frame_007119.jpg
7120,118.666667,,0,P,0.11659,0.76685,0.09826,0.00416,frames/frame_007120.jpg
7121,118.683333,,0,B,0.11873,0.76274,0.09946,0.00607,frames/frame_007121.jpg
7122,118.700000,,0,B,0.12078,0.76846,0.09968,0.00646,frames/frame_007122.jpg
7123,118.716667,,0,B,0.12159,0.76611,0.10001,0.00501,frames/frame_007123.jpg
7124,118.733333,,0,P,0.12067,0.76897,0.09900,0.00574,frames/frame_007124.jpg
7125,118.750000,,0,B,0.11838,0.76188,0.09798,0.00573,frames/frame_007125.jpg
7126,118.766667,,0,B,0.11535,0.76149,0.09770,0.00554,frames/frame_007126.jpg
7127,118.783333,,0,B,0.11376,0.75941,0.09758,0.00533,frames/frame_007127.jpg
7128,118.800000,,0,P,0.11286,0.76210,0.09733,0.00405,frames/frame_007128.jpg
7129,118.816667,,0,B,0.11414,0.75920,0.09802,0.00443,frames/frame_007129.jpg
7130,118.833333,,0,B,0.11657,0.75989,0.09899,0.00766,frames/frame_007130.jpg
7131,118.850000,,0,B,0.11839,0.76138,0.09915,0.00667,frames/frame_007131.jpg
7132,118.866667,,0,P,0.11660,0.76235,0.09894,0.00621,frames/frame_007132.jpg
7133,118.883333,,0,B,0.11433,0.75611,0.09790,0.00704,frames/frame_007133.jpg
7134,118.900000,,0,B,0.11073,0.75837,0.09758,0.00644,frames/frame_007134.jpg
7135,118.916667,,0,B,0.10850,0.75784,0.09663,0.00481,frames/frame_007135.jpg
7136,118.933333,,0,P,0.10621,0.76845,0.09478,0.00526,frames/frame_007136.jpg
7137,118.950000,,0,B,0.10651,0.76455,0.09530,0.00297,frames/frame_007137.jpg
7138,118.966667,,0,B,0.10718,0.76471,0.09546,0.00325,frames/frame_007138.jpg
7139,118.983333,,0,B,0.11050,0.76549,0.09614,0.00526,frames/frame_007139.jpg
7140,119.000000,,0,P,0.11469,0.77310,0.09734,0.00706,frames/frame_007140.jpg
7141,119.016667,,0,B,0.11748,0.77525,0.09780,0.00622,frames/frame_007141.jpg
7142,119.033333,,0,B,0.11891,0.78061,0.09802,0.00515,frames/frame_007142.jpg
7143,119.050000,,0,B,0.11947,0.78128,0.09754,0.00484,frames/frame_007143.jpg
7144,119.066667,,0,P,0.12026,0.78869,0.09811,0.00392,frames/frame_007144.jpg
7145,119.083333,,0,B,0.12084,0.78347,0.09890,0.00427,frames/frame_007145.jpg
7146,119.100000,,0,B,0.12001,0.78771,0.09819,0.00404,frames/frame_007146.jpg
7147,119.116667,,0,B,0.12042,0.78472,0.09769,0.00516,frames/frame_007147.jpg
7148,119.133333,,0,P,0.12163,0.78685,0.10012,0.00722,frames/frame_007148.jpg
7149,119.150000,,0,B,0.12224,0.78080,0.10012,0.00481,frames/frame_007149.jpg
7150,119.166667,,0,B,0.12176,0.78122,0.09986,0.00437,frames/frame_007150.jpg
7151,119.183333,,0,B,0.12197,0.77958,0.10008,0.00387,frames/frame_007151.jpg
7152,119.200000,,0,P,0.12175,0.78452,0.10005,0.00482,frames/frame_007152.jpg
7153,119.216667,,0,B,0.12188,0.77419,0.10059,0.00553,frames/frame_007153.jpg
7154,119.233333,,0,B,0.12001,0.77332,0.10016,0.00586,frames/frame_007154.jpg
7155,119.250000,,0,B,0.11901,0.76981,0.09981,0.00504,frames/frame_007155.jpg
7156,119.266667,,0,P,0.11762,0.77677,0.09939,0.00458,frames/frame_007156.jpg
7157,119.283333,,0,B,0.11714,0.77135,0.09863,0.00421,frames/frame_007157.jpg
7158,119.300000,,0,B,0.11677,0.77353,0.09869,0.00482,frames/frame_007158.jpg
7159,119.316667,,0,B,0.11543,0.77099,0.09822,0.00400,frames/frame_007159.jpg
7160,119.333333,,0,P,0.11396,0.77335,0.09790,0.00534,frames/frame_007160.jpg
7161,119.350000,,0,B,0.11222,0.76559,0.09783,0.00475,frames/frame_007161.jpg
7162,119.366667,,0,B,0.10976,0.76633,0.09724,0.00425,frames/frame_007162.jpg
7163,119.383333,,0,B,0.10964,0.76517,0.09784,0.00292,frames/frame_007163.jpg
7164,119.400000,,0,P,0.11121,0.76727,0.09829,0.00454,frames/frame_007164.jpg
7165,119.416667,,0,B,0.11737,0.77011,0.09898,0.00841,frames/frame_007165.jpg
7166,119.433333,,0,B,0.12101,0.77870,0.09834,0.01154,frames/frame_007166.jpg
7167,119.450000,,0,B,0.12263,0.78226,0.09826,0.00635,frames/frame_007167.jpg
7168,119.466667,,0,P,0.12236,0.78611,0.09848,0.00446,frames/frame_007168.jpg
7169,119.483333,,0,B,0.12139,0.78152,0.09821,0.00449,frames/frame_007169.jpg
7170,119.500000,,0,B,0.11988,0.78208,0.09792,0.00564,frames/frame_007170.jpg
7171,119.516667,,0,B,0.11860,0.77811,0.09778,0.00426,frames/frame_007171.jpg
7172,119.533333,,0,P,0.11814,0.78016,0.09749,0.00411,frames/frame_007172.jpg
7173,119.550000,,0,B,0.11816,0.77580,0.09805,0.00393,frames/frame_007173.jpg
7174,119.566667,,0,B,0.11813,0.77746,0.09856,0.00344,frames/frame_007174.jpg
7175,119.583333,,0,B,0.11737,0.77215,0.10201,0.01137,frames/frame_007175.jpg
7176,119.600000,,0,P,0.11767,0.78003,0.10190,0.00573,frames/frame_007176.jpg
7177,119.616667,,0,B,0.12017,0.76636,0.10281,0.00588,frames/frame_007177.jpg
7178,119.633333,,0,B,0.12083,0.77147,0.10260,0.00624,frames/frame_007178.jpg
7179,119.650000,,0,B,0.12200,0.76450,0.10309,0.00682,frames/frame_007179.jpg
7180,119.666667,,0,P,0.12059,0.77353,0.10234,0.00611,frames/frame_007180.jpg
7181,119.683333,,0,B,0.12089,0.76898,0.10201,0.00589,frames/frame_007181.jpg
7182,119.700000,,0,B,0.11956,0.77036,0.10098,0.00457,frames/frame_007182.jpg
7183,119.716667,,0,B,0.12105,0.76836,0.10110,0.00503,frames/frame_007183.jpg
7184,119.733333,,0,P,0.12197,0.77937,0.10126,0.00612,frames/frame_007184.jpg
7185,119.750000,,0,B,0.12357,0.77863,0.10069,0.00775,frames/frame_007185.jpg
7186,119.766667,,0,B,0.12366,0.78318,0.10042,0.00486,frames/frame_007186.jpg
7187,119.783333,,0,B,0.12385,0.78297,0.10009,0.00395,frames/frame_007187.jpg
7188,119.800000,,0,P,0.12376,0.78908,0.10091,0.00372,frames/frame_007188.jpg
7189,119.816667,,0,B,0.12344,0.78633,0.10096,0.00410,frames/frame_007189.jpg
7190,119.833333,,0,B,0.12382,0.78726,0.10156,0.00430,frames/frame_007190.jpg
7191,119.850000,,0,B,0.12370,0.78441,0.10194,0.00396,frames/frame_007191.jpg
7192,119.866667,,0,P,0.12315,0.78635,0.10192,0.00363,frames/frame_007192.jpg
7193,119.883333,,0,B,0.12290,0.78408,0.10128,0.00386,frames/frame_007193.jpg
7194,119.900000,,0,B,0.12320,0.78481,0.10134,0.00400,frames/frame_007194.jpg
7195,119.916667,,0,B,0.12310,0.78297,0.10128,0.00386,frames/frame_007195.jpg
7196,119.933333,,0,P,0.12248,0.78272,0.10076,0.00527,frames/frame_007196.jpg
7197,119.950000,,0,B,0.12153,0.78260,0.10028,0.00423,frames/frame_007197.jpg
7198,119.966667,,0,B,0.12050,0.77948,0.10023,0.00391,frames/frame_007198.jpg
7199,119.983333,,0,P,0.11616,0.78174,0.09625,0.00656,frames/frame_007199.jpg
7200,120.000000,,1,I,0.11495,0.77800,0.09606,0.00619,frames/frame_007200.jpg
7201,120.016667,,0,B,0.11566,0.77754,0.09640,0.00287,frames/frame_007201.jpg
7202,120.033333,,0,P,0.39855,0.36689,0.08358,0.28154,frames/frame_007202.jpg
7203,120.050000,,0,B,0.38055,0.36929,0.08500,0.02304,frames/frame_007203.jpg
7204,120.066667,,0,P,0.35987,0.38048,0.08318,0.02364,frames/frame_007204.jpg
7205,120.083333,,0,B,0.34287,0.38433,0.08469,0.02125,frames/frame_007205.jpg
7206,120.100000,,0,P,0.32339,0.39522,0.08385,0.02503,frames/frame_007206.jpg
7207,120.116667,,0,B,0.30907,0.39718,0.08301,0.01659,frames/frame_007207.jpg
7208,120.133333,,0,P,0.29369,0.41060,0.08385,0.01852,frames/frame_007208.jpg
7209,120.150000,,0,B,0.28246,0.41558,0.08418,0.01163,frames/frame_007209.jpg
7210,120.166667,,0,B,0.27026,0.42997,0.08422,0.01361,frames/frame_007210.jpg
7211,120.183333,,0,B,0.26090,0.44692,0.08487,0.01156,frames/frame_007211.jpg
7212,120.200000,,0,P,0.25150,0.47071,0.08619,0.01529,frames/frame_007212.jpg
7213,120.216667,,0,B,0.24464,0.48393,0.08663,0.00958,frames/frame_007213.jpg
7214,120.233333,,0,B,0.23701,0.50151,0.08775,0.01022,frames/frame_007214.jpg
7215,120.250000,,0,B,0.22986,0.51504,0.08843,0.00927,frames/frame_007215.jpg
7216,120.266667,,0,P,0.22139,0.53604,0.08919,0.01041,frames/frame_007216.jpg
7217,120.283333,,0,B,0.21524,0.54451,0.08922,0.00805,frames/frame_007217.jpg
7218,120.300000,,0,B,0.20898,0.55966,0.08976,0.00842,frames/frame_007218.jpg
7219,120.316667,,0,B,0.20310,0.57432,0.08997,0.00803,frames/frame_007219.jpg
7220,120.333333,,0,P,0.19619,0.59508,0.09000,0.00968,frames/frame_007220.jpg
7221,120.350000,,0,B,0.19053,0.60459,0.08929,0.00773,frames/frame_007221.jpg
7222,120.366667,,0,B,0.18465,0.61568,0.08925,0.00731,frames/frame_007222.jpg
7223,120.383333,,0,B,0.17864,0.62705,0.08947,0.00720,frames/frame_007223.jpg
7224,120.400000,,0,P,0.17305,0.64097,0.08991,0.00644,frames/frame_007224.jpg
7225,120.416667,,0,B,0.16823,0.64154,0.08934,0.00695,frames/frame_007225.jpg
7226,120.433333,,0,B,0.16347,0.65283,0.08895,0.00643,frames/frame_007226.jpg
7227,120.450000,,0,B,0.16006,0.66231,0.08982,0.00557,frames/frame_007227.jpg
7228,120.466667,,0,P,0.15612,0.67651,0.09024,0.00585,frames/frame_007228.jpg
7229,120.483333,,0,B,0.13621,0.67308,0.09519,0.03319,frames/frame_007229.jpg
7230,120.500000,,0,B,0.13691,0.68886,0.09654,0.00735,frames/frame_007230.jpg
7231,120.516667,,0,B,0.13699,0.69488,0.09684,0.00600,frames/frame_007231.jpg
7232,120.533333,,0,P,0.13491,0.70980,0.09762,0.00641,frames/frame_007232.jpg
7233,120.550000,,0,B,0.13422,0.70513,0.09750,0.00447,frames/frame_007233.jpg
7234,120.566667,,0,B,0.13220,0.71784,0.09788,0.00446,frames/frame_007234.jpg
7235,120.583333,,0,B,0.13159,0.71717,0.09763,0.00390,frames/frame_007235.jpg
7236,120.600000,,0,P,0.12949,0.73704,0.09802,0.00614,frames/frame_007236.jpg
7237,120.616667,,0,B,0.13021,0.73896,0.09713,0.00974,frames/frame_007237.jpg
7238,120.633333,,0,B,0.12971,0.74686,0.09643,0.00620,frames/frame_007238.jpg
7239,120.650000,,0,B,0.12900,0.74775,0.09533,0.00480,frames/frame_007239.jpg
7240,120.666667,,0,P,0.12753,0.75805,0.09588,0.00531,frames/frame_007240.jpg
7241,120.683333,,0,B,0.12599,0.75318,0.09590,0.00547,frames/frame_007241.jpg
7242,120.700000,,0,B,0.12324,0.76011,0.09466,0.00616,frames/frame_007242.jpg
7243,120.716667,,0,B,0.12169,0.75815,0.09421,0.00450,frames/frame_007243.jpg
7244,120.733333,,0,P,0.11874,0.77533,0.09443,0.00570,frames/frame_007244.jpg
7245,120.750000,,0,B,0.11880,0.76989,0.09461,0.00382,frames/frame_007245.jpg
7246,120.766667,,0,B,0.11890,0.76512,0.09528,0.00439,frames/frame_007246.jpg
7247,120.783333,,0,B,0.11915,0.76428,0.09557,0.00341,frames/frame_007247.jpg
7248,120.800000,,0,P,0.11927,0.76704,0.09624,0.00419,frames/frame_007248.jpg
7249,120.816667,,0,B,0.12016,0.76223,0.09689,0.00444,frames/frame_007249.jpg
7250,120.833333,,0,B,0.12044,0.76295,0.09676,0.00606,frames/frame_007250.jpg
7251,120.850000,,0,B,0.12152,0.76080,0.09868,0.00694,frames/frame_007251.jpg
7252,120.866667,,0,P,0.11995,0.76491,0.09821,0.00594,frames/frame_007252.jpg
7253,120.883333,,0,B,0.11887,0.75780,0.09829,0.00585,frames/frame_007253.jpg
7254,120.900000,,0,B,0.11747,0.76027,0.09736,0.00513,frames/frame_007254.jpg
7255,120.916667,,0,B,0.11821,0.75866,0.09815,0.00474,frames/frame_007255.jpg
7256,120.933333,,0,P,0.11847,0.77239,0.09948,0.00839,frames/frame_007256.jpg
7257,120.950000,,0,B,0.12181,0.77123,0.09928,0.00882,frames/frame_007257.jpg
7258,120.966667,,0,B,0.12228,0.77588,0.09816,0.00590,frames/frame_007258.jpg
7259,120.983333,,0,B,0.12275,0.77295,0.09804,0.00467,frames/frame_007259.jpg
7260,121.000000,,0,P,0.12277,0.77983,0.09852,0.00462,frames/frame_007260.jpg
7261,121.016667,,0,B,0.12275,0.77150,0.09924,0.00653,frames/frame_007261.jpg
7262,121.033333,,0,B,0.12246,0.77609,0.09996,0.00603,frames/frame_007262.jpg
7263,121.050000,,0,B,0.12221,0.77236,0.09971,0.00534,frames/frame_007263.jpg
7264,121.066667,,0,P,0.12138,0.77729,0.09927,0.00426,frames/frame_007264.jpg
7265,121.083333,,0,B,0.12204,0.77577,0.09947,0.00436,frames/frame_007265.jpg
7266,121.100000,,0,B,0.12195,0.77751,0.09847,0.00536,frames/frame_007266.jpg
7267,121.116667,,0,B,0.12197,0.77522,0.09853,0.00409,frames/frame_007267.jpg
7268,121.133333,,0,P,0.12175,0.77620,0.09919,0.00575,frames/frame_007268.jpg
7269,121.150000,,0,B,0.12074,0.77023,0.09862,0.00493,frames/frame_007269.jpg
7270,121.166667,,0,B,0.11791,0.77139,0.09764,0.00532,frames/frame_007270.jpg
7271,121.183333,,0,B,0.11561,0.76590,0.09795,0.00501,frames/frame_007271.jpg
7272,121.200000,,0,P,0.11481,0.76933,0.09838,0.00398,frames/frame_007272.jpg
7273,121.216667,,0,B,0.11522,0.76752,0.09811,0.00503,frames/frame_007273.jpg
7274,121.233333,,0,B,0.11811,0.76954,0.09905,0.00603,frames/frame_007274.jpg
7275,121.250000,,0,B,0.11962,0.77183,0.09936,0.00630,frames/frame_007275.jpg
7276,121.266667,,0,P,0.11904,0.77528,0.09984,0.00614,frames/frame_007276.jpg
7277,121.283333,,0,B,0.11580,0.76791,0.09948,0.00643,frames/frame_007277.jpg
7278,121.300000,,0,B,0.11215,0.76941,0.09843,0.00622,frames/frame_007278.jpg
7279,121.316667,,0,B,0.11031,0.76567,0.09807,0.00434,frames/frame_007279.jpg
7280,121.333333,,0,P,0.10890,0.76805,0.09757,0.00376,frames/frame_007280.jpg
7281,121.350000,,0,B,0.10867,0.76401,0.09764,0.00333,frames/frame_007281.jpg
7282,121.366667,,0,P,0.10502,0.76818,0.09346,0.00575,frames/frame_007282.jpg
7283,121.383333,,0,P,0.39303,0.35347,0.08361,0.28577,frames/frame_007283.jpg
7284,121.400000,,0,P,0.37672,0.36828,0.08582,0.02354,frames/frame_007284.jpg
7285,121.416667,,0,B,0.36177,0.37693,0.08711,0.01650,frames/frame_007285.jpg
7286,121.433333,,0,P,0.34531,0.39309,0.08833,0.01808,frames/frame_007286.jpg
7287,121.450000,,0,B,0.33126,0.40505,0.08783,0.01890,frames/frame_007287.jpg
7288,121.466667,,0,P,0.31545,0.42265,0.08742,0.01807,frames/frame_007288.jpg
7289,121.483333,,0,B,0.30424,0.42685,0.08761,0.01148,frames/frame_007289.jpg
7290,121.500000,,0,B,0.29110,0.44109,0.08801,0.01484,frames/frame_007290.jpg
7291,121.516667,,0,B,0.27968,0.45598,0.08816,0.01291,frames/frame_007291.jpg
7292,121.533333,,0,P,0.26638,0.47639,0.08917,0.01572,frames/frame_007292.jpg
7293,121.550000,,0,B,0.25717,0.48979,0.08861,0.01268,frames/frame_007293.jpg
7294,121.566667,,0,B,0.24844,0.50513,0.08898,0.01079,frames/frame_007294.jpg
7295,121.583333,,0,B,0.23973,0.51905,0.08915,0.00979,frames/frame_007295.jpg
7296,121.600000,,0,P,0.22942,0.53819,0.08900,0.01347,frames/frame_007296.jpg
7297,121.616667,,0,B,0.22290,0.53941,0.08885,0.00847,frames/frame_007297.jpg
7298,121.633333,,0,B,0.21417,0.55021,0.08922,0.01033,frames/frame_007298.jpg
7299,121.650000,,0,B,0.20589,0.55801,0.08917,0.00993,frames/frame_007299.jpg
7300,121.666667,,0,P,0.19811,0.57912,0.08999,0.00950,frames/frame_007300.jpg
7301,121.683333,,0,B,0.19576,0.58744,0.09052,0.00689,frames/frame_007301.jpg
7302,121.700000,,0,B,0.19205,0.60854,0.09140,0.00915,frames/frame_007302.jpg
7303,121.716667,,0,B,0.18802,0.62370,0.09122,0.00795,frames/frame_007303.jpg
7304,121.733333,,0,P,0.18222,0.64394,0.09225,0.00969,frames/frame_007304.jpg
7305,121.750000,,0,B,0.17778,0.64560,0.09202,0.00706,frames/frame_007305.jpg
7306,121.766667,,0,B,0.16991,0.65323,0.09114,0.00884,frames/frame_007306.jpg
7307,121.783333,,0,B,0.16530,0.66205,0.09064,0.00594,frames/frame_007307.jpg
7308,121.800000,,0,P,0.16157,0.67937,0.09113,0.00639,frames/frame_007308.jpg
7309,121.816667,,0,B,0.16414,0.68527,0.09220,0.00600,frames/frame_007309.jpg
7310,121.833333,,0,P,0.18840,0.41309,0.03818,0.10683,frames/frame_007310.jpg
7311,121.850000,,0,B,0.17998,0.42845,0.03807,0.00853,frames/frame_007311.jpg
7312,121.866667,,0,P,0.16759,0.45656,0.03938,0.01273,frames/frame_007312.jpg
7313,121.883333,,0,B,0.16808,0.46957,0.04720,0.01275,frames/frame_007313.jpg
7314,121.900000,,0,P,0.15227,0.49086,0.03969,0.01581,frames/frame_007314.jpg
7315,121.916667,,0,B,0.15203,0.51208,0.04782,0.01406,frames/frame_007315.jpg
7316,121.933333,,0,P,0.13542,0.54338,0.04072,0.01686,frames/frame_007316.jpg
7317,121.950000,,0,B,0.13963,0.55074,0.04821,0.01088,frames/frame_007317.jpg
7318,121.966667,,0,B,0.13484,0.56946,0.04834,0.00532,frames/frame_007318.jpg
7319,121.983333,,0,B,0.13083,0.58683,0.04905,0.00464,frames/frame_007319.jpg
7320,122.000000,,0,P,0.12531,0.62229,0.05165,0.00768,frames/frame_007320.jpg
7321,122.016667,,0,B,0.12101,0.63726,0.05016,0.00532,frames/frame_007321.jpg
7322,122.033333,,0,B,0.11675,0.66073,0.04994,0.00485,frames/frame_007322.jpg
7323,122.050000,,0,B,0.11359,0.68031,0.05182,0.00469,frames/frame_007323.jpg
7324,122.066667,,0,P,0.10881,0.71526,0.05173,0.00623,frames/frame_007324.jpg
7325,122.083333,,0,B,0.10803,0.71614,0.05202,0.00446,frames/frame_007325.jpg
7326,122.100000,,0,B,0.10506,0.73897,0.05395,0.00488,frames/frame_007326.jpg
7327,122.116667,,0,B,0.10045,0.75361,0.05075,0.00523,frames/frame_007327.jpg
7328,122.133333,,0,P,0.09844,0.78337,0.05439,0.00592,frames/frame_007328.jpg
7329,122.150000,,0,B,0.10100,0.78001,0.05714,0.00521,frames/frame_007329.jpg
7330,122.166667,,0,B,0.09809,0.79639,0.05580,0.00395,frames/frame_007330.jpg
7331,122.183333,,0,B,0.09703,0.80117,0.05735,0.00547,frames/frame_007331.jpg
7332,122.200000,,0,P,0.09398,0.82247,0.05763,0.00386,frames/frame_007332.jpg
7333,122.216667,,0,B,0.10059,0.81813,0.06287,0.00817,frames/frame_007333.jpg
7334,122.233333,,0,B,0.10000,0.82389,0.06270,0.00224,frames/frame_007334.jpg
7335,122.250000,,0,B,0.09538,0.82221,0.05861,0.00586,frames/frame_007335.jpg
7336,122.266667,,0,P,0.09275,0.84110,0.05892,0.00364,frames/frame_007336.jpg
7337,122.283333,,0,B,0.10063,0.83384,0.06618,0.00888,frames/frame_007337.jpg
7338,122.300000,,0,B,0.09751,0.83880,0.06321,0.00441,frames/frame_007338.jpg
7339,122.316667,,0,B,0.09760,0.83725,0.06292,0.00186,frames/frame_007339.jpg
7340,122.333333,,0,P,0.09639,0.84884,0.06308,0.00281,frames/frame_007340.jpg
7341,122.350000,,0,B,0.09948,0.84234,0.06609,0.00486,frames/frame_007341.jpg
7342,122.366667,,0,B,0.09912,0.84436,0.06591,0.00208,frames/frame_007342.jpg
7343,122.383333,,0,B,0.09923,0.84362,0.06595,0.00189,frames/frame_007343.jpg
7344,122.400000,,0,P,0.09829,0.85098,0.06592,0.00261,frames/frame_007344.jpg
7345,122.416667,,0,B,0.09886,0.84499,0.06614,0.00249,frames/frame_007345.jpg
7346,122.433333,,0,B,0.09867,0.84756,0.06632,0.00185,frames/frame_007346.jpg
7347,122.450000,,0,B,0.09891,0.84638,0.06633,0.00185,frames/frame_007347.jpg
7348,122.466667,,0,P,0.09812,0.85418,0.06618,0.00256,frames/frame_007348.jpg
7349,122.483333,,0,B,0.09869,0.84854,0.06641,0.00235,frames/frame_007349.jpg
7350,122.500000,,0,B,0.09845,0.85172,0.06634,0.00168,frames/frame_007350.jpg
7351,122.516667,,0,B,0.09864,0.85001,0.06644,0.00169,frames/frame_007351.jpg
7352,122.533333,,0,P,0.09790,0.85585,0.06628,0.00237,frames/frame_007352.jpg
7353,122.550000,,0,B,0.09840,0.85042,0.06663,0.00247,frames/frame_007353.jpg
7354,122.566667,,0,B,0.09825,0.85191,0.06649,0.00185,frames/frame_007354.jpg
7355,122.583333,,0,B,0.09850,0.84985,0.06657,0.00191,frames/frame_007355.jpg
7356,122.600000,,0,P,0.09772,0.85700,0.06658,0.00251,frames/frame_007356.jpg
7357,122.616667,,0,B,0.09830,0.85054,0.06679,0.00238,frames/frame_007357.jpg
7358,122.633333,,0,B,0.09825,0.85315,0.06674,0.00196,frames/frame_007358.jpg
7359,122.650000,,0,B,0.09840,0.85148,0.06692,0.00196,frames/frame_007359.jpg
7360,122.666667,,0,P,0.09767,0.85942,0.06660,0.00258,frames/frame_007360.jpg
7361,122.683333,,0,B,0.09831,0.85379,0.06702,0.00246,frames/frame_007361.jpg
7362,122.700000,,0,B,0.09811,0.85396,0.06676,0.00193,frames/frame_007362.jpg
7363,122.716667,,0,B,0.09827,0.85313,0.06668,0.00192,frames/frame_007363.jpg
7364,122.733333,,0,P,0.09761,0.86001,0.06664,0.00245,frames/frame_007364.jpg
7365,122.750000,,0,B,0.09838,0.85500,0.06699,0.00251,frames/frame_007365.jpg
7366,122.766667,,0,B,0.09843,0.85627,0.06698,0.00191,frames/frame_007366.jpg
7367,122.783333,,0,B,0.09869,0.85575,0.06723,0.00189,frames/frame_007367.jpg
7368,122.800000,,0,P,0.09818,0.85946,0.06710,0.00227,frames/frame_007368.jpg
7369,122.816667,,0,B,0.09872,0.85472,0.06748,0.00232,frames/frame_007369.jpg
7370,122.833333,,0,B,0.09854,0.85753,0.06738,0.00195,frames/frame_007370.jpg
7371,122.850000,,0,B,0.09872,0.85578,0.06766,0.00189,frames/frame_007371.jpg
7372,122.866667,,0,P,0.09821,0.86086,0.06769,0.00239,frames/frame_007372.jpg
7373,122.883333,,0,B,0.09888,0.85605,0.06805,0.00239,frames/frame_007373.jpg
7374,122.900000,,0,B,0.09880,0.85689,0.06812,0.00180,frames/frame_007374.jpg
7375,122.916667,,0,B,0.09910,0.85608,0.06802,0.00196,frames/frame_007375.jpg
7376,122.933333,,0,P,0.09868,0.86061,0.06792,0.00234,frames/frame_007376.jpg
7377,122.950000,,0,B,0.09886,0.86034,0.06798,0.00178,frames/frame_007377.jpg
7378,122.966667,,0,B,0.09936,0.85595,0.06818,0.00219,frames/frame_007378.jpg
7379,122.983333,,0,P,0.09901,0.85950,0.06843,0.00213,frames/frame_007379.jpg
7380,123.000000,,1,I,0.09855,0.86293,0.06800,0.00348,frames/frame_007380.jpg
7381,123.016667,,0,B,0.09925,0.85885,0.06818,0.00213,frames/frame_007381.jpg
7382,123.033333,,0,B,0.09927,0.86012,0.06819,0.00160,frames/frame_007382.jpg
7383,123.050000,,0,B,0.09951,0.85843,0.06840,0.00160,frames/frame_007383.jpg
7384,123.066667,,0,P,0.09926,0.86287,0.06827,0.00211,frames/frame_007384.jpg
7385,123.083333,,0,B,0.09998,0.85686,0.06851,0.00249,frames/frame_007385.jpg
7386,123.100000,,0,B,0.09991,0.85890,0.06844,0.00188,frames/frame_007386.jpg
7387,123.116667,,0,B,0.10004,0.85614,0.06823,0.00188,frames/frame_007387.jpg
7388,123.133333,,0,P,0.09938,0.86226,0.06823,0.00239,frames/frame_007388.jpg
7389,123.150000,,0,B,0.10006,0.85579,0.06844,0.00260,frames/frame_007389.jpg
7390,123.166667,,0,B,0.10000,0.85908,0.06827,0.00200,frames/frame_007390.jpg
7391,123.183333,,0,B,0.10032,0.85665,0.06854,0.00195,frames/frame_007391.jpg
7392,123.200000,,0,P,0.09993,0.86284,0.06853,0.00254,frames/frame_007392.jpg
7393,123.216667,,0,B,0.10063,0.85789,0.06900,0.00256,frames/frame_007393.jpg
7394,123.233333,,0,B,0.10067,0.85956,0.06901,0.00195,frames/frame_007394.jpg
7395,123.250000,,0,B,0.10074,0.85769,0.06893,0.00186,frames/frame_007395.jpg
7396,123.266667,,0,P,0.10026,0.86178,0.06903,0.00240,frames/frame_007396.jpg
7397,123.283333,,0,B,0.10098,0.85661,0.06941,0.00252,frames/frame_007397.jpg
7398,123.300000,,0,B,0.10094,0.85828,0.06916,0.00204,frames/frame_007398.jpg
7399,123.316667,,0,B,0.10127,0.85697,0.06938,0.00209,frames/frame_007399.jpg
7400,123.333333,,0,P,0.10098,0.86158,0.06939,0.00245,frames/frame_007400.jpg
7401,123.350000,,0,B,0.10166,0.85748,0.06943,0.00249,frames/frame_007401.jpg
7402,123.366667,,0,B,0.10181,0.85842,0.06933,0.00209,frames/frame_007402.jpg
7403,123.383333,,0,B,0.10219,0.85709,0.06938,0.00215,frames/frame_007403.jpg
7404,123.400000,,0,P,0.10180,0.86244,0.06950,0.00252,frames/frame_007404.jpg
7405,123.416667,,0,B,0.10235,0.85690,0.06956,0.00254,frames/frame_007405.jpg
7406,123.433333,,0,B,0.10224,0.85891,0.06926,0.00214,frames/frame_007406.jpg
7407,123.450000,,0,B,0.10238,0.85618,0.06918,0.00210,frames/frame_007407.jpg
7408,123.466667,,0,P,0.10165,0.86120,0.06878,0.00252,frames/frame_007408.jpg
7409,123.483333,,0,B,0.10245,0.85576,0.06911,0.00258,frames/frame_007409.jpg
7410,123.500000,,0,B,0.10262,0.85846,0.06918,0.00222,frames/frame_007410.jpg
7411,123.516667,,0,B,0.10291,0.85605,0.06961,0.00212,frames/frame_007411.jpg
7412,123.533333,,0,P,0.10264,0.86135,0.06948,0.00239,frames/frame_007412.jpg
7413,123.550000,,0,B,0.10311,0.85682,0.06963,0.00258,frames/frame_007413.jpg
7414,123.566667,,0,B,0.10283,0.85939,0.06923,0.00226,frames/frame_007414.jpg
7415,123.583333,,0,B,0.10288,0.85636,0.06961,0.00210,frames/frame_007415.jpg
7416,123.600000,,0,P,0.10242,0.86162,0.06975,0.00265,frames/frame_007416.jpg
7417,123.616667,,0,B,0.10305,0.85684,0.06948,0.00265,frames/frame_007417.jpg
7418,123.633333,,0,B,0.10304,0.85952,0.06944,0.00209,frames/frame_007418.jpg
7419,123.650000,,0,B,0.10359,0.85700,0.07006,0.00236,frames/frame_007419.jpg
7420,123.666667,,0,P,0.10334,0.86230,0.07034,0.00283,frames/frame_007420.jpg
7421,123.683333,,0,B,0.10412,0.85741,0.07058,0.00274,frames/frame_007421.jpg
7422,123.700000,,0,B,0.10404,0.85795,0.07004,0.00225,frames/frame_007422.jpg
7423,123.716667,,0,B,0.10415,0.85583,0.07003,0.00225,frames/frame_007423.jpg
7424,123.733333,,0,P,0.10347,0.86252,0.06976,0.00261,frames/frame_007424.jpg
7425,123.750000,,0,B,0.10403,0.85719,0.06999,0.00274,frames/frame_007425.jpg
7426,123.766667,,0,B,0.10397,0.85913,0.07004,0.00212,frames/frame_007426.jpg
7427,123.783333,,0,B,0.10436,0.85757,0.07024,0.00229,frames/frame_007427.jpg
7428,123.800000,,0,P,0.10417,0.86384,0.07083,0.00266,frames/frame_007428.jpg
7429,123.816667,,0,B,0.10500,0.85701,0.07088,0.00299,frames/frame_007429.jpg
7430,123.833333,,0,B,0.10528,0.85824,0.07131,0.00248,frames/frame_007430.jpg
7431,123.850000,,0,B,0.10569,0.85555,0.07149,0.00235,frames/frame_007431.jpg
7432,123.866667,,0,P,0.10531,0.86152,0.07146,0.00255,frames/frame_007432.jpg
7433,123.883333,,0,B,0.10585,0.85397,0.07169,0.00282,frames/frame_007433.jpg
7434,123.900000,,0,B,0.10552,0.85638,0.07154,0.00224,frames/frame_007434.jpg
7435,123.916667,,0,B,0.10557,0.85488,0.07133,0.00218,frames/frame_007435.jpg
7436,123.933333,,0,P,0.10509,0.85897,0.07131,0.00272,frames/frame_007436.jpg
7437,123.950000,,0,B,0.10587,0.85395,0.07149,0.00273,frames/frame_007437.jpg
7438,123.966667,,0,B,0.10587,0.85586,0.07146,0.00243,frames/frame_007438.jpg
7439,123.983333,,0,B,0.10623,0.85383,0.07178,0.00241,frames/frame_007439.jpg
7440,124.000000,,0,P,0.10585,0.85930,0.07157,0.00264,frames/frame_007440.jpg
7441,124.016667,,0,B,0.10617,0.85352,0.07153,0.00285,frames/frame_007441.jpg
7442,124.033333,,0,B,0.10577,0.85504,0.07138,0.00230,frames/frame_007442.jpg
7443,124.050000,,0,B,0.10581,0.85351,0.07155,0.00213,frames/frame_007443.jpg
7444,124.066667,,0,P,0.10528,0.85902,0.07157,0.00274,frames/frame_007444.jpg
7445,124.083333,,0,B,0.10549,0.85409,0.07152,0.00267,frames/frame_007445.jpg
7446,124.100000,,0,B,0.10522,0.85479,0.07136,0.00230,frames/frame_007446.jpg
7447,124.116667,,0,B,0.10527,0.85355,0.07129,0.00208,frames/frame_007447.jpg
7448,124.133333,,0,P,0.10462,0.85868,0.07101,0.00260,frames/frame_007448.jpg
7449,124.150000,,0,B,0.10498,0.85291,0.07107,0.00254,frames/frame_007449.jpg
7450,124.166667,,0,B,0.10456,0.85429,0.07068,0.00225,frames/frame_007450.jpg
7451,124.183333,,0,B,0.10455,0.85306,0.07057,0.00222,frames/frame_007451.jpg
7452,124.200000,,0,P,0.10400,0.85964,0.07026,0.00260,frames/frame_007452.jpg
7453,124.216667,,0,B,0.10469,0.85271,0.07041,0.00276,frames/frame_007453.jpg
7454,124.233333,,0,B,0.10478,0.85554,0.07029,0.00217,frames/frame_007454.jpg
7455,124.250000,,0,B,0.10510,0.85382,0.07064,0.00234,frames/frame_007455.jpg
7456,124.266667,,0,P,0.10479,0.85837,0.07078,0.00254,frames/frame_007456.jpg
7457,124.283333,,0,B,0.10521,0.85350,0.07071,0.00265,frames/frame_007457.jpg
7458,124.300000,,0,B,0.10498,0.85514,0.07069,0.00214,frames/frame_007458.jpg
7459,124.316667,,0,B,0.10513,0.85207,0.07087,0.00212,frames/frame_007459.jpg
7460,124.333333,,0,P,0.10464,0.85716,0.07069,0.00248,frames/frame_007460.jpg
7461,124.350000,,0,B,0.10498,0.85198,0.07068,0.00260,frames/frame_007461.jpg
7462,124.366667,,0,B,0.10476,0.85508,0.07043,0.00220,frames/frame_007462.jpg
7463,124.383333,,0,B,0.10487,0.85242,0.07045,0.00220,frames/frame_007463.jpg
7464,124.400000,,0,P,0.10446,0.85735,0.07041,0.00244,frames/frame_007464.jpg
7465,124.416667,,0,B,0.10480,0.85291,0.07037,0.00251,frames/frame_007465.jpg
7466,124.433333,,0,B,0.10464,0.85414,0.07025,0.00205,frames/frame_007466.jpg
7467,124.450000,,0,B,0.10480,0.85184,0.07034,0.00221,frames/frame_007467.jpg
7468,124.466667,,0,P,0.10402,0.85693,0.07022,0.00264,frames/frame_007468.jpg
7469,124.483333,,0,B,0.10452,0.85113,0.07017,0.00252,frames/frame_007469.jpg
7470,124.500000,,0,B,0.10450,0.85415,0.07037,0.00214,frames/frame_007470.jpg
7471,124.516667,,0,B,0.10483,0.85163,0.07050,0.00219,frames/frame_007471.jpg
7472,124.533333,,0,P,0.10437,0.85644,0.07023,0.00240,frames/frame_007472.jpg
7473,124.550000,,0,B,0.10491,0.85156,0.07054,0.00244,frames/frame_007473.jpg
7474,124.566667,,0,B,0.10478,0.85439,0.07040,0.00218,frames/frame_007474.jpg
7475,124.583333,,0,B,0.10495,0.85302,0.07055,0.00193,frames/frame_007475.jpg
7476,124.600000,,0,P,0.10449,0.85777,0.07048,0.00231,frames/frame_007476.jpg
7477,124.616667,,0,B,0.10498,0.85161,0.07047,0.00222,frames/frame_007477.jpg
7478,124.633333,,0,B,0.10480,0.85397,0.07047,0.00178,frames/frame_007478.jpg
7479,124.650000,,0,B,0.10501,0.85200,0.07056,0.00189,frames/frame_007479.jpg
7480,124.666667,,0,P,0.10437,0.85690,0.07023,0.00224,frames/frame_007480.jpg
7481,124.683333,,0,B,0.10496,0.85137,0.07046,0.00239,frames/frame_007481.jpg
7482,124.700000,,0,B,0.10481,0.85342,0.07040,0.00193,frames/frame_007482.jpg
7483,124.716667,,0,B,0.10500,0.85137,0.07050,0.00185,frames/frame_007483.jpg
7484,124.733333,,0,P,0.10458,0.85643,0.07036,0.00224,frames/frame_007484.jpg
7485,124.750000,,0,B,0.10518,0.85180,0.07065,0.00231,frames/frame_007485.jpg
7486,124.766667,,0,B,0.10491,0.85245,0.07051,0.00182,frames/frame_007486.jpg
7487,124.783333,,0,B,0.10515,0.85098,0.07069,0.00177,frames/frame_007487.jpg
7488,124.800000,,0,P,0.10471,0.85601,0.07056,0.00215,frames/frame_007488.jpg
7489,124.816667,,0,B,0.10517,0.85041,0.07067,0.00224,frames/frame_007489.jpg
7490,124.833333,,0,B,0.10497,0.85259,0.07069,0.00196,frames/frame_007490.jpg
7491,124.850000,,0,B,0.10510,0.85020,0.07088,0.00193,frames/frame_007491.jpg
7492,124.866667,,0,P,0.10461,0.85708,0.07034,0.00223,frames/frame_007492.jpg
7493,124.883333,,0,B,0.10500,0.85137,0.07052,0.00215,frames/frame_007493.jpg
7494,124.900000,,0,B,0.10472,0.85455,0.07034,0.00189,frames/frame_007494.jpg
7495,124.916667,,0,B,0.10467,0.85090,0.07017,0.00196,frames/frame_007495.jpg
7496,124.933333,,0,P,0.10412,0.85597,0.06991,0.00230,frames/frame_007496.jpg
7497,124.950000,,0,B,0.10437,0.85120,0.07003,0.00236,frames/frame_007497.jpg
7498,124.966667,,0,B,0.10412,0.85379,0.06978,0.00206,frames/frame_007498.jpg
7499,124.983333,,0,B,0.10429,0.85222,0.06993,0.00193,frames/frame_007499.jpg
7500,125.000000,,0,P,0.10374,0.85675,0.06968,0.00229,frames/frame_007500.jpg
7501,125.016667,,0,B,0.10406,0.85111,0.06967,0.00238,frames/frame_007501.jpg
7502,125.033333,,0,B,0.10354,0.85279,0.06922,0.00211,frames/frame_007502.jpg
7503,125.050000,,0,B,0.10364,0.85080,0.06926,0.00189,frames/frame_007503.jpg
7504,125.066667,,0,P,0.10292,0.85719,0.06883,0.00247,frames/frame_007504.jpg
7505,125.083333,,0,B,0.10331,0.85114,0.06929,0.00242,frames/frame_007505.jpg
7506,125.100000,,0,B,0.10295,0.85388,0.06900,0.00217,frames/frame_007506.jpg
7507,125.116667,,0,B,0.10307,0.85264,0.06901,0.00191,frames/frame_007507.jpg
7508,125.133333,,0,P,0.10250,0.85802,0.06902,0.00242,frames/frame_007508.jpg
7509,125.150000,,0,B,0.10284,0.85145,0.06905,0.00253,frames/frame_007509.jpg
7510,125.166667,,0,B,0.10259,0.85397,0.06881,0.00201,frames/frame_007510.jpg
7511,125.183333,,0,B,0.10269,0.85216,0.06910,0.00196,frames/frame_007511.jpg
7512,125.200000,,0,P,0.10212,0.85605,0.06867,0.00245,frames/frame_007512.jpg
7513,125.216667,,0,B,0.10245,0.85157,0.06901,0.00234,frames/frame_007513.jpg
7514,125.233333,,0,B,0.10225,0.85432,0.06892,0.00193,frames/frame_007514.jpg
7515,125.250000,,0,B,0.10238,0.85291,0.06897,0.00180,frames/frame_007515.jpg
7516,125.266667,,0,P,0.10194,0.85667,0.06867,0.00224,frames/frame_007516.jpg
7517,125.283333,,0,B,0.10246,0.85234,0.06908,0.00218,frames/frame_007517.jpg
7518,125.300000,,0,B,0.10233,0.85424,0.06893,0.00184,frames/frame_007518.jpg
7519,125.316667,,0,B,0.10254,0.85165,0.06918,0.00185,frames/frame_007519.jpg
7520,125.333333,,0,P,0.10210,0.85672,0.06889,0.00224,frames/frame_007520.jpg
7521,125.350000,,0,B,0.10251,0.85158,0.06922,0.00224,frames/frame_007521.jpg
7522,125.366667,,0,B,0.10225,0.85352,0.06891,0.00197,frames/frame_007522.jpg
7523,125.383333,,0,B,0.10237,0.85073,0.06905,0.00181,frames/frame_007523.jpg
7524,125.400000,,0,P,0.10196,0.85672,0.06891,0.00228,frames/frame_007524.jpg
7525,125.416667,,0,B,0.10247,0.85121,0.06907,0.00220,frames/frame_007525.jpg
7526,125.433333,,0,B,0.10231,0.85366,0.06909,0.00188,frames/frame_007526.jpg
7527,125.450000,,0,B,0.10252,0.85124,0.06930,0.00193,frames/frame_007527.jpg
7528,125.466667,,0,P,0.10210,0.85750,0.06916,0.00227,frames/frame_007528.jpg
7529,125.483333,,0,B,0.10257,0.85152,0.06950,0.00227,frames/frame_007529.jpg
7530,125.500000,,0,B,0.10235,0.85435,0.06930,0.00194,frames/frame_007530.jpg
7531,125.516667,,0,B,0.10247,0.85285,0.06919,0.00186,frames/frame_007531.jpg
7532,125.533333,,0,P,0.10194,0.85667,0.06909,0.00228,frames/frame_007532.jpg
7533,125.550000,,0,B,0.10240,0.85229,0.06921,0.00222,frames/frame_007533.jpg
7534,125.566667,,0,B,0.10227,0.85361,0.06939,0.00187,frames/frame_007534.jpg
7535,125.583333,,0,B,0.10252,0.85183,0.06950,0.00191,frames/frame_007535.jpg
7536,125.600000,,0,P,0.10214,0.85691,0.06940,0.00230,frames/frame_007536.jpg
7537,125.616667,,0,B,0.10255,0.85220,0.06946,0.00220,frames/frame_007537.jpg
7538,125.633333,,0,B,0.10242,0.85535,0.06963,0.00183,frames/frame_007538.jpg
7539,125.650000,,0,B,0.10257,0.85313,0.06956,0.00173,frames/frame_007539.jpg
7540,125.666667,,0,P,0.10191,0.85720,0.06921,0.00234,frames/frame_007540.jpg
7541,125.683333,,0,B,0.10229,0.85142,0.06935,0.00220,frames/frame_007541.jpg
7542,125.700000,,0,B,0.10206,0.85408,0.06920,0.00185,frames/frame_007542.jpg
7543,125.716667,,0,B,0.10226,0.85235,0.06936,0.00185,frames/frame_007543.jpg
7544,125.733333,,0,P,0.10184,0.85663,0.06924,0.00226,frames/frame_007544.jpg
7545,125.750000,,0,B,0.10229,0.85311,0.06956,0.00216,frames/frame_007545.jpg
7546,125.766667,,0,B,0.10202,0.85462,0.06922,0.00176,frames/frame_007546.jpg
7547,125.783333,,0,B,0.10218,0.85396,0.06946,0.00173,frames/frame_007547.jpg
7548,125.800000,,0,P,0.10178,0.85691,0.06955,0.00211,frames/frame_007548.jpg
7549,125.816667,,0,B,0.10217,0.85213,0.06941,0.00228,frames/frame_007549.jpg
7550,125.833333,,0,B,0.10193,0.85467,0.06924,0.00200,frames/frame_007550.jpg
7551,125.850000,,0,B,0.10215,0.85139,0.06941,0.00189,frames/frame_007551.jpg
7552,125.866667,,0,P,0.10176,0.85721,0.06907,0.00235,frames/frame_007552.jpg
7553,125.883333,,0,B,0.10228,0.85261,0.06963,0.00233,frames/frame_007553.jpg
7554,125.900000,,0,B,0.10212,0.85421,0.06926,0.00186,frames/frame_007554.jpg
7555,125.916667,,0,B,0.10230,0.85192,0.06961,0.00183,frames/frame_007555.jpg
7556,125.933333,,0,P,0.10190,0.85798,0.06923,0.00219,frames/frame_007556.jpg
7557,125.950000,,0,B,0.10191,0.85866,0.06950,0.00161,frames/frame_007557.jpg
7558,125.966667,,0,B,0.10227,0.85366,0.06960,0.00215,frames/frame_007558.jpg
7559,125.983333,,0,P,0.10190,0.85860,0.06934,0.00209,frames/frame_007559.jpg
7560,126.000000,,1,I,0.10160,0.86015,0.06934,0.00324,frames/frame_007560.jpg
7561,126.016667,,0,B,0.10217,0.85433,0.06970,0.00203,frames/frame_007561.jpg
7562,126.033333,,0,B,0.10199,0.85538,0.06949,0.00151,frames/frame_007562.jpg
7563,126.050000,,0,B,0.10219,0.85392,0.06943,0.00151,frames/frame_007563.jpg
7564,126.066667,,0,P,0.10171,0.85950,0.06946,0.00197,frames/frame_007564.jpg
7565,126.083333,,0,B,0.10235,0.85293,0.06965,0.00231,frames/frame_007565.jpg
7566,126.100000,,0,B,0.10209,0.85415,0.06944,0.00158,frames/frame_007566.jpg
7567,126.116667,,0,B,0.10223,0.85271,0.06957,0.00178,frames/frame_007567.jpg
7568,126.133333,,0,P,0.10168,0.85753,0.06949,0.00218,frames/frame_007568.jpg
7569,126.150000,,0,B,0.10222,0.85105,0.06956,0.00237,frames/frame_007569.jpg
7570,126.166667,,0,B,0.10211,0.85269,0.06950,0.00193,frames/frame_007570.jpg
7571,126.183333,,0,B,0.10232,0.85051,0.06979,0.00182,frames/frame_007571.jpg
7572,126.200000,,0,P,0.10181,0.85649,0.06952,0.00228,frames/frame_007572.jpg
7573,126.216667,,0,B,0.10229,0.85033,0.06958,0.00227,frames/frame_007573.jpg
7574,126.233333,,0,B,0.10205,0.85243,0.06948,0.00180,frames/frame_007574.jpg
7575,126.250000,,0,B,0.10219,0.85091,0.06966,0.00181,frames/frame_007575.jpg
7576,126.266667,,0,P,0.10156,0.85600,0.06935,0.00234,frames/frame_007576.jpg
7577,126.283333,,0,B,0.10198,0.85035,0.06926,0.00236,frames/frame_007577.jpg
7578,126.300000,,0,B,0.10185,0.85243,0.06935,0.00178,frames/frame_007578.jpg
7579,126.316667,,0,B,0.10208,0.85033,0.06963,0.00185,frames/frame_007579.jpg
7580,126.333333,,0,P,0.10164,0.85590,0.06949,0.00225,frames/frame_007580.jpg
7581,126.350000,,0,B,0.10214,0.85016,0.06959,0.00229,frames/frame_007581.jpg
7582,126.366667,,0,B,0.10198,0.85198,0.06951,0.00183,frames/frame_007582.jpg
7583,126.383333,,0,B,0.10220,0.85043,0.06957,0.00175,frames/frame_007583.jpg
7584,126.400000,,0,P,0.10183,0.85741,0.06969,0.00219,frames/frame_007584.jpg
7585,126.416667,,0,B,0.10231,0.84991,0.06999,0.00235,frames/frame_007585.jpg
7586,126.433333,,0,B,0.10208,0.85195,0.06978,0.00189,frames/frame_007586.jpg
7587,126.450000,,0,B,0.10226,0.85091,0.06987,0.00195,frames/frame_007587.jpg
7588,126.466667,,0,P,0.10179,0.85629,0.06984,0.00244,frames/frame_007588.jpg
7589,126.483333,,0,B,0.10239,0.85107,0.07035,0.00233,frames/frame_007589.jpg
7590,126.500000,,0,B,0.10228,0.85373,0.07024,0.00190,frames/frame_007590.jpg
7591,126.516667,,0,B,0.10253,0.85203,0.07042,0.00192,frames/frame_007591.jpg
7592,126.533333,,0,P,0.10211,0.85697,0.07041,0.00233,frames/frame_007592.jpg
7593,126.550000,,0,B,0.10249,0.85087,0.07037,0.00245,frames/frame_007593.jpg
7594,126.566667,,0,B,0.10222,0.85261,0.07003,0.00205,frames/frame_007594.jpg
7595,126.583333,,0,B,0.10241,0.85213,0.07010,0.00200,frames/frame_007595.jpg
7596,126.600000,,0,P,0.10195,0.85719,0.07007,0.00232,frames/frame_007596.jpg
7597,126.616667,,0,B,0.10245,0.85104,0.07019,0.00227,frames/frame_007597.jpg
7598,126.633333,,0,B,0.10228,0.85373,0.07008,0.00189,frames/frame_007598.jpg
7599,126.650000,,0,B,0.10254,0.85229,0.07032,0.00185,frames/frame_007599.jpg
7600,126.666667,,0,P,0.10211,0.85661,0.07018,0.00238,frames/frame_007600.jpg
7601,126.683333,,0,B,0.10268,0.85234,0.07031,0.00242,frames/frame_007601.jpg
7602,126.700000,,0,B,0.10251,0.85415,0.07006,0.00199,frames/frame_007602.jpg
7603,126.716667,,0,B,0.10264,0.85222,0.07009,0.00193,frames/frame_007603.jpg
7604,126.733333,,0,P,0.10206,0.85679,0.06970,0.00247,frames/frame_007604.jpg
7605,126.750000,,0,B,0.10255,0.85212,0.07008,0.00232,frames/frame_007605.jpg
7606,126.766667,,0,B,0.10248,0.85420,0.07009,0.00200,frames/frame_007606.jpg
7607,126.783333,,0,B,0.10283,0.85200,0.07033,0.00192,frames/frame_007607.jpg
7608,126.800000,,0,P,0.10252,0.85722,0.07048,0.00232,frames/frame_007608.jpg
7609,126.816667,,0,B,0.10295,0.85320,0.07051,0.00234,frames/frame_007609.jpg
7610,126.833333,,0,B,0.10285,0.85507,0.07026,0.00179,frames/frame_007610.jpg
7611,126.850000,,0,B,0.10295,0.85164,0.07017,0.00189,frames/frame_007611.jpg
7612,126.866667,,0,P,0.10240,0.85652,0.07015,0.00244,frames/frame_007612.jpg
7613,126.883333,,0,B,0.10293,0.84954,0.07004,0.00260,frames/frame_007613.jpg
7614,126.900000,,0,B,0.10277,0.85243,0.07000,0.00212,frames/frame_007614.jpg
7615,126.916667,,0,B,0.10296,0.85065,0.06993,0.00205,frames/frame_007615.jpg
7616,126.933333,,0,P,0.10242,0.85673,0.06998,0.00237,frames/frame_007616.jpg
7617,126.950000,,0,B,0.10294,0.85221,0.07006,0.00242,frames/frame_007617.jpg
7618,126.966667,,0,B,0.10281,0.85417,0.06997,0.00197,frames/frame_007618.jpg
7619,126.983333,,0,B,0.10312,0.85353,0.07008,0.00192,frames/frame_007619.jpg
7620,127.000000,,0,P,0.10271,0.85803,0.07012,0.00237,frames/frame_007620.jpg
7621,127.016667,,0,B,0.10316,0.85183,0.07016,0.00252,frames/frame_007621.jpg
7622,127.033333,,0,B,0.10295,0.85445,0.07006,0.00200,frames/frame_007622.jpg
7623,127.050000,,0,B,0.10309,0.85162,0.07021,0.00198,frames/frame_007623.jpg
7624,127.066667,,0,P,0.10265,0.85835,0.06994,0.00255,frames/frame_007624.jpg
7625,127.083333,,0,B,0.10322,0.85186,0.06998,0.00253,frames/frame_007625.jpg
7626,127.100000,,0,B,0.10315,0.85411,0.07008,0.00205,frames/frame_007626.jpg
7627,127.116667,,0,B,0.10328,0.85202,0.07015,0.00198,frames/frame_007627.jpg
7628,127.133333,,0,P,0.10284,0.85721,0.06997,0.00248,frames/frame_007628.jpg
7629,127.150000,,0,B,0.10321,0.85210,0.06994,0.00250,frames/frame_007629.jpg
7630,127.166667,,0,B,0.10290,0.85366,0.06962,0.00210,frames/frame_007630.jpg
7631,127.183333,,0,B,0.10316,0.85250,0.06935,0.00213,frames/frame_007631.jpg
7632,127.200000,,0,P,0.10277,0.85654,0.06910,0.00256,frames/frame_007632.jpg
7633,127.216667,,0,B,0.10369,0.85258,0.06984,0.00280,frames/frame_007633.jpg
7634,127.233333,,0,B,0.10401,0.85465,0.07042,0.00223,frames/frame_007634.jpg
7635,127.250000,,0,B,0.10432,0.85331,0.07058,0.00209,frames/frame_007635.jpg
7636,127.266667,,0,P,0.10400,0.85813,0.07060,0.00249,frames/frame_007636.jpg
7637,127.283333,,0,B,0.10467,0.85251,0.07099,0.00266,frames/frame_007637.jpg
7638,127.300000,,0,B,0.10476,0.85448,0.07107,0.00212,frames/frame_007638.jpg
7639,127.316667,,0,B,0.10488,0.85088,0.07103,0.00226,frames/frame_007639.jpg
7640,127.333333,,0,P,0.10440,0.85656,0.07079,0.00270,frames/frame_007640.jpg
7641,127.350000,,0,B,0.10471,0.85224,0.07102,0.00254,frames/frame_007641.jpg
7642,127.366667,,0,B,0.10453,0.85411,0.07070,0.00225,frames/frame_007642.jpg
7643,127.383333,,0,B,0.10496,0.85188,0.07092,0.00229,frames/frame_007643.jpg
7644,127.400000,,0,P,0.10461,0.85619,0.07111,0.00262,frames/frame_007644.jpg
7645,127.416667,,0,B,0.10512,0.85117,0.07121,0.00258,frames/frame_007645.jpg
7646,127.433333,,0,B,0.10496,0.85288,0.07152,0.00222,frames/frame_007646.jpg
7647,127.450000,,0,B,0.10532,0.85107,0.07176,0.00224,frames/frame_007647.jpg
7648,127.466667,,0,P,0.10472,0.85755,0.07123,0.00277,frames/frame_007648.jpg
7649,127.483333,,0,B,0.10512,0.85227,0.07105,0.00274,frames/frame_007649.jpg
7650,127.500000,,0,B,0.10489,0.85385,0.07074,0.00227,frames/frame_007650.jpg
7651,127.516667,,0,B,0.10502,0.85210,0.07091,0.00241,frames/frame_007651.jpg
7652,127.533333,,0,P,0.10457,0.85763,0.07088,0.00262,frames/frame_007652.jpg
7653,127.550000,,0,B,0.10529,0.85215,0.07074,0.00264,frames/frame_007653.jpg
7654,127.566667,,0,B,0.10526,0.85515,0.07080,0.00238,frames/frame_007654.jpg
7655,127.583333,,0,B,0.10556,0.85292,0.07107,0.00220,frames/frame_007655.jpg
7656,127.600000,,0,P,0.10498,0.85912,0.07097,0.00270,frames/frame_007656.jpg
7657,127.616667,,0,B,0.10543,0.85219,0.07094,0.00272,frames/frame_007657.jpg
7658,127.633333,,0,B,0.10510,0.85379,0.07097,0.00221,frames/frame_007658.jpg
7659,127.650000,,0,B,0.10513,0.85249,0.07112,0.00231,frames/frame_007659.jpg
7660,127.666667,,0,P,0.10480,0.85824,0.07085,0.00270,frames/frame_007660.jpg
7661,127.683333,,0,B,0.10554,0.85199,0.07096,0.00270,frames/frame_007661.jpg
7662,127.700000,,0,B,0.10548,0.85491,0.07111,0.00213,frames/frame_007662.jpg
7663,127.716667,,0,B,0.10566,0.85247,0.07121,0.00216,frames/frame_007663.jpg
7664,127.733333,,0,P,0.10505,0.85842,0.07111,0.00258,frames/frame_007664.jpg
7665,127.750000,,0,B,0.10540,0.85230,0.07110,0.00257,frames/frame_007665.jpg
7666,127.766667,,0,B,0.10502,0.85451,0.07076,0.00230,frames/frame_007666.jpg
7667,127.783333,,0,B,0.10518,0.85243,0.07109,0.00221,frames/frame_007667.jpg
7668,127.800000,,0,P,0.10469,0.85616,0.07117,0.00267,frames/frame_007668.jpg
7669,127.816667,,0,B,0.10503,0.85142,0.07111,0.00267,frames/frame_007669.jpg
7670,127.833333,,0,B,0.10476,0.85326,0.07113,0.00230,frames/frame_007670.jpg
7671,127.850000,,0,B,0.10502,0.85139,0.07101,0.00214,frames/frame_007671.jpg
7672,127.866667,,0,P,0.10453,0.85635,0.07064,0.00263,frames/frame_007672.jpg
7673,127.883333,,0,B,0.10490,0.85136,0.07067,0.00265,frames/frame_007673.jpg
7674,127.900000,,0,B,0.10472,0.85443,0.07081,0.00230,frames/frame_007674.jpg
7675,127.916667,,0,B,0.10482,0.85161,0.07064,0.00222,frames/frame_007675.jpg
7676,127.933333,,0,P,0.10414,0.85678,0.07042,0.00262,frames/frame_007676.jpg
7677,127.950000,,0,B,0.10462,0.85173,0.07035,0.00265,frames/frame_007677.jpg
7678,127.966667,,0,B,0.10435,0.85381,0.07038,0.00219,frames/frame_007678.jpg
7679,127.983333,,0,B,0.10472,0.85190,0.07087,0.00234,frames/frame_007679.jpg
7680,128.000000,,0,P,0.10425,0.85598,0.07071,0.00259,frames/frame_007680.jpg
7681,128.016667,,0,B,0.10458,0.85121,0.07083,0.00261,frames/frame_007681.jpg
7682,128.033333,,0,B,0.10434,0.85378,0.07078,0.00208,frames/frame_007682.jpg
7683,128.050000,,0,B,0.10436,0.85188,0.07062,0.00211,frames/frame_007683.jpg
7684,128.066667,,0,P,0.10358,0.85643,0.07039,0.00264,frames/frame_007684.jpg
7685,128.083333,,0,B,0.10395,0.85139,0.07048,0.00241,frames/frame_007685.jpg
7686,128.100000,,0,B,0.10353,0.85400,0.07009,0.00190,frames/frame_007686.jpg
7687,128.116667,,0,B,0.10380,0.85332,0.07022,0.00193,frames/frame_007687.jpg
7688,128.133333,,0,P,0.10310,0.85651,0.06988,0.00238,frames/frame_007688.jpg
7689,128.150000,,0,B,0.10363,0.85178,0.06997,0.00230,frames/frame_007689.jpg
7690,128.166667,,0,B,0.10339,0.85399,0.06991,0.00194,frames/frame_007690.jpg
7691,128.183333,,0,B,0.10352,0.85181,0.07011,0.00190,frames/frame_007691.jpg
7692,128.200000,,0,P,0.10297,0.85592,0.06985,0.00230,frames/frame_007692.jpg
7693,128.216667,,0,B,0.10333,0.85226,0.06993,0.00229,frames/frame_007693.jpg
7694,128.233333,,0,B,0.10296,0.85360,0.06955,0.00190,frames/frame_007694.jpg
7695,128.250000,,0,B,0.10309,0.85263,0.06954,0.00191,frames/frame_007695.jpg
7696,128.266667,,0,P,0.10260,0.85586,0.06957,0.00241,frames/frame_007696.jpg
7697,128.283333,,0,B,0.10310,0.85171,0.06968,0.00228,frames/frame_007697.jpg
7698,128.300000,,0,B,0.10292,0.85295,0.06961,0.00180,frames/frame_007698.jpg
7699,128.316667,,0,B,0.10312,0.85191,0.06964,0.00180,frames/frame_007699.jpg
7700,128.333333,,0,P,0.10260,0.85658,0.06973,0.00227,frames/frame_007700.jpg
7701,128.350000,,0,B,0.10312,0.85228,0.06961,0.00231,frames/frame_007701.jpg
7702,128.366667,,0,B,0.10286,0.85427,0.06962,0.00204,frames/frame_007702.jpg
7703,128.383333,,0,B,0.10301,0.85163,0.06989,0.00193,frames/frame_007703.jpg
7704,128.400000,,0,P,0.10234,0.85782,0.06963,0.00242,frames/frame_007704.jpg
7705,128.416667,,0,B,0.10307,0.85185,0.06969,0.00241,frames/frame_007705.jpg
7706,128.433333,,0,B,0.10307,0.85440,0.06966,0.00201,frames/frame_007706.jpg
7707,128.450000,,0,B,0.10330,0.85203,0.06983,0.00183,frames/frame_007707.jpg
7708,128.466667,,0,P,0.10283,0.85664,0.06964,0.00216,frames/frame_007708.jpg
7709,128.483333,,0,B,0.10338,0.85138,0.07001,0.00234,frames/frame_007709.jpg
7710,128.500000,,0,B,0.10325,0.85349,0.06989,0.00184,frames/frame_007710.jpg
7711,128.516667,,0,B,0.10325,0.85160,0.06977,0.00201,frames/frame_007711.jpg
7712,128.533333,,0,P,0.10279,0.85595,0.06964,0.00224,frames/frame_007712.jpg
7713,128.550000,,0,B,0.10320,0.85083,0.06990,0.00230,frames/frame_007713.jpg
7714,128.566667,,0,B,0.10297,0.85267,0.06969,0.00194,frames/frame_007714.jpg
7715,128.583333,,0,B,0.10320,0.85001,0.07006,0.00197,frames/frame_007715.jpg
7716,128.600000,,0,P,0.10271,0.85574,0.06998,0.00234,frames/frame_007716.jpg
7717,128.616667,,0,B,0.10327,0.85005,0.07010,0.00244,frames/frame_007717.jpg
7718,128.633333,,0,B,0.10295,0.85174,0.06970,0.00190,frames/frame_007718.jpg
7719,128.650000,,0,B,0.10316,0.85006,0.06981,0.00175,frames/frame_007719.jpg
7720,128.666667,,0,P,0.10250,0.85560,0.06959,0.00244,frames/frame_007720.jpg
7721,128.683333,,0,B,0.10287,0.85106,0.06964,0.00233,frames/frame_007721.jpg
7722,128.700000,,0,B,0.10264,0.85397,0.06956,0.00186,frames/frame_007722.jpg
7723,128.716667,,0,B,0.10289,0.85139,0.06983,0.00188,frames/frame_007723.jpg
7724,128.733333,,0,P,0.10238,0.85679,0.06927,0.00230,frames/frame_007724.jpg
7725,128.750000,,0,B,0.10281,0.85222,0.06964,0.00220,frames/frame_007725.jpg
7726,128.766667,,0,B,0.10270,0.85371,0.06958,0.00178,frames/frame_007726.jpg
7727,128.783333,,0,B,0.10295,0.85244,0.06974,0.00180,frames/frame_007727.jpg
7728,128.800000,,0,P,0.10241,0.85655,0.06940,0.00223,frames/frame_007728.jpg
7729,128.816667,,0,B,0.10281,0.85224,0.06948,0.00226,frames/frame_007729.jpg
7730,128.833333,,0,B,0.10268,0.85367,0.06935,0.00191,frames/frame_007730.jpg
7731,128.850000,,0,B,0.10281,0.85247,0.06923,0.00185,frames/frame_007731.jpg
7732,128.866667,,0,P,0.10237,0.85646,0.06927,0.00234,frames/frame_007732.jpg
7733,128.883333,,0,B,0.10302,0.85191,0.06978,0.00225,frames/frame_007733.jpg
7734,128.900000,,0,B,0.10300,0.85451,0.06985,0.00196,frames/frame_007734.jpg
7735,128.916667,,0,B,0.10319,0.85344,0.06988,0.00177,frames/frame_007735.jpg
7736,128.933333,,0,P,0.10281,0.85610,0.07000,0.00215,frames/frame_007736.jpg
7737,128.950000,,0,B,0.10291,0.85656,0.06988,0.00176,frames/frame_007737.jpg
7738,128.966667,,0,B,0.10319,0.85236,0.06996,0.00223,frames/frame_007738.jpg
7739,128.983333,,0,P,0.10284,0.85600,0.06990,0.00225,frames/frame_007739.jpg
7740,129.000000,,1,I,0.10236,0.85780,0.06947,0.00323,frames/frame_007740.jpg
7741,129.016667,,0,B,0.10296,0.85343,0.06949,0.00214,frames/frame_007741.jpg
7742,129.033333,,0,B,0.10286,0.85420,0.06938,0.00159,frames/frame_007742.jpg
7743,129.050000,,0,B,0.10303,0.85257,0.06941,0.00154,frames/frame_007743.jpg
7744,129.066667,,0,P,0.10281,0.85566,0.06936,0.00217,frames/frame_007744.jpg
7745,129.083333,,0,B,0.10337,0.85138,0.06952,0.00226,frames/frame_007745.jpg
7746,129.100000,,0,B,0.10318,0.85264,0.06960,0.00174,frames/frame_007746.jpg
7747,129.116667,,0,B,0.10319,0.85151,0.06955,0.00175,frames/frame_007747.jpg
7748,129.133333,,0,P,0.10276,0.85518,0.06951,0.00219,frames/frame_007748.jpg
7749,129.150000,,0,B,0.10328,0.84979,0.06951,0.00233,frames/frame_007749.jpg
7750,129.166667,,0,B,0.10328,0.85175,0.06944,0.00192,frames/frame_007750.jpg
7751,129.183333,,0,B,0.10355,0.85003,0.06973,0.00181,frames/frame_007751.jpg
7752,129.200000,,0,P,0.10321,0.85399,0.06968,0.00229,frames/frame_007752.jpg
7753,129.216667,,0,B,0.10382,0.85018,0.07000,0.00238,frames/frame_007753.jpg
7754,129.233333,,0,B,0.10363,0.85208,0.06986,0.00190,frames/frame_007754.jpg
7755,129.250000,,0,B,0.10391,0.85034,0.06990,0.00186,frames/frame_007755.jpg
7756,129.266667,,0,P,0.10340,0.85441,0.06966,0.00227,frames/frame_007756.jpg
7757,129.283333,,0,B,0.10368,0.84920,0.06981,0.00239,frames/frame_007757.jpg
7758,129.300000,,0,B,0.10344,0.85144,0.06966,0.00188,frames/frame_007758.jpg
7759,129.316667,,0,B,0.10378,0.84937,0.06962,0.00198,frames/frame_007759.jpg
7760,129.333333,,0,P,0.10332,0.85345,0.06956,0.00224,frames/frame_007760.jpg
7761,129.350000,,0,B,0.10385,0.84950,0.06982,0.00230,frames/frame_007761.jpg
7762,129.366667,,0,B,0.10372,0.85213,0.06966,0.00192,frames/frame_007762.jpg
7763,129.383333,,0,B,0.10388,0.85012,0.07004,0.00179,frames/frame_007763.jpg
7764,129.400000,,0,P,0.10342,0.85468,0.06993,0.00217,frames/frame_007764.jpg
7765,129.416667,,0,B,0.10383,0.85062,0.06994,0.00224,frames/frame_007765.jpg
7766,129.433333,,0,B,0.10359,0.85224,0.06978,0.00181,frames/frame_007766.jpg
7767,129.450000,,0,B,0.10380,0.85022,0.07019,0.00193,frames/frame_007767.jpg
7768,129.466667,,0,P,0.10330,0.85608,0.07010,0.00229,frames/frame_007768.jpg
7769,129.483333,,0,B,0.10389,0.85093,0.07012,0.00235,frames/frame_007769.jpg
7770,129.500000,,0,B,0.10374,0.85308,0.07033,0.00178,frames/frame_007770.jpg
7771,129.516667,,0,B,0.10397,0.85089,0.07037,0.00186,frames/frame_007771.jpg
7772,129.533333,,0,P,0.10360,0.85664,0.07020,0.00237,frames/frame_007772.jpg
7773,129.550000,,0,B,0.10405,0.85153,0.07059,0.00230,frames/frame_007773.jpg
7774,129.566667,,0,B,0.10377,0.85276,0.07039,0.00192,frames/frame_007774.jpg
7775,129.583333,,0,B,0.10388,0.85086,0.07064,0.00186,frames/frame_007775.jpg
7776,129.600000,,0,P,0.10353,0.85624,0.07029,0.00226,frames/frame_007776.jpg
7777,129.616667,,0,B,0.10402,0.85133,0.07051,0.00242,frames/frame_007777.jpg
7778,129.633333,,0,B,0.10389,0.85331,0.07054,0.00189,frames/frame_007778.jpg
7779,129.650000,,0,B,0.10417,0.85212,0.07040,0.00177,frames/frame_007779.jpg
7780,129.666667,,0,P,0.10375,0.85583,0.07072,0.00229,frames/frame_007780.jpg
7781,129.683333,,0,B,0.10424,0.85117,0.07098,0.00235,frames/frame_007781.jpg
7782,129.700000,,0,B,0.10412,0.85223,0.07080,0.00187,frames/frame_007782.jpg
7783,129.716667,,0,B,0.10428,0.85080,0.07097,0.00179,frames/frame_007783.jpg
7784,129.733333,,0,P,0.10371,0.85587,0.07082,0.00228,frames/frame_007784.jpg
7785,129.750000,,0,B,0.10416,0.85068,0.07099,0.00231,frames/frame_007785.jpg
7786,129.766667,,0,B,0.10392,0.85240,0.07085,0.00190,frames/frame_007786.jpg
7787,129.783333,,0,B,0.10428,0.85172,0.07094,0.00193,frames/frame_007787.jpg
7788,129.800000,,0,P,0.10386,0.85616,0.07100,0.00216,frames/frame_007788.jpg
7789,129.816667,,0,B,0.10433,0.85029,0.07102,0.00232,frames/frame_007789.jpg
7790,129.833333,,0,B,0.10422,0.85249,0.07101,0.00189,frames/frame_007790.jpg
7791,129.850000,,0,B,0.10434,0.85035,0.07123,0.00175,frames/frame_007791.jpg
7792,129.866667,,0,P,0.10373,0.85442,0.07095,0.00237,frames/frame_007792.jpg
7793,129.883333,,0,B,0.10411,0.84959,0.07120,0.00236,frames/frame_007793.jpg
7794,129.900000,,0,B,0.10402,0.85202,0.07104,0.00186,frames/frame_007794.jpg
7795,129.916667,,0,B,0.10424,0.84857,0.07125,0.00191,frames/frame_007795.jpg
7796,129.933333,,0,P,0.10374,0.85350,0.07116,0.00232,frames/frame_007796.jpg
7797,129.950000,,0,B,0.10432,0.84883,0.07150,0.00246,frames/frame_007797.jpg
7798,129.966667,,0,B,0.10425,0.85066,0.07147,0.00208,frames/frame_007798.jpg
7799,129.983333,,0,B,0.10440,0.84988,0.07173,0.00215,frames/frame_007799.jpg
7800,130.000000,,0,P,0.10402,0.85430,0.07162,0.00257,frames/frame_007800.jpg
7801,130.016667,,0,B,0.10443,0.85045,0.07191,0.00261,frames/frame_007801.jpg
7802,130.033333,,0,B,0.10426,0.85311,0.07199,0.00223,frames/frame_007802.jpg
7803,130.050000,,0,B,0.10446,0.85095,0.07199,0.00202,frames/frame_007803.jpg
7804,130.066667,,0,P,0.10421,0.85498,0.07181,0.00256,frames/frame_007804.jpg
7805,130.083333,,0,B,0.10483,0.85177,0.07210,0.00263,frames/frame_007805.jpg
7806,130.100000,,0,B,0.10480,0.85327,0.07196,0.00212,frames/frame_007806.jpg
7807,130.116667,,0,B,0.10500,0.85117,0.07237,0.00215,frames/frame_007807.jpg
7808,130.133333,,0,P,0.10454,0.85617,0.07196,0.00259,frames/frame_007808.jpg
7809,130.150000,,0,B,0.10506,0.85036,0.07228,0.00260,frames/frame_007809.jpg
7810,130.166667,,0,B,0.10486,0.85335,0.07212,0.00238,frames/frame_007810.jpg
7811,130.183333,,0,B,0.10505,0.85169,0.07229,0.00230,frames/frame_007811.jpg
7812,130.200000,,0,P,0.10463,0.85695,0.07209,0.00267,frames/frame_007812.jpg
7813,130.216667,,0,B,0.10509,0.85196,0.07213,0.00260,frames/frame_007813.jpg
7814,130.233333,,0,B,0.10503,0.85321,0.07249,0.00222,frames/frame_007814.jpg
7815,130.250000,,0,B,0.10533,0.85195,0.07234,0.00216,frames/frame_007815.jpg
7816,130.266667,,0,P,0.10502,0.85663,0.07205,0.00260,frames/frame_007816.jpg
7817,130.283333,,0,B,0.10555,0.85162,0.07256,0.00258,frames/frame_007817.jpg
7818,130.300000,,0,B,0.10540,0.85377,0.07264,0.00228,frames/frame_007818.jpg
7819,130.316667,,0,B,0.10549,0.85188,0.07243,0.00233,frames/frame_007819.jpg
7820,130.333333,,0,P,0.10500,0.85579,0.07214,0.00272,frames/frame_007820.jpg
7821,130.350000,,0,B,0.10550,0.85086,0.07248,0.00266,frames/frame_007821.jpg
7822,130.366667,,0,B,0.10555,0.85390,0.07258,0.00227,frames/frame_007822.jpg
7823,130.383333,,0,B,0.10604,0.85187,0.07277,0.00236,frames/frame_007823.jpg
7824,130.400000,,0,P,0.10607,0.85731,0.07281,0.00271,frames/frame_007824.jpg
7825,130.416667,,0,B,0.10680,0.85300,0.07337,0.00285,frames/frame_007825.jpg
7826,130.433333,,0,B,0.10671,0.85441,0.07370,0.00225,frames/frame_007826.jpg
7827,130.450000,,0,B,0.10688,0.85206,0.07357,0.00228,frames/frame_007827.jpg
7828,130.466667,,0,P,0.10641,0.85799,0.07353,0.00271,frames/frame_007828.jpg
7829,130.483333,,0,B,0.10665,0.85351,0.07362,0.00279,frames/frame_007829.jpg
7830,130.500000,,0,B,0.10631,0.85444,0.07316,0.00239,frames/frame_007830.jpg
7831,130.516667,,0,B,0.10656,0.85241,0.07321,0.00232,frames/frame_007831.jpg
7832,130.533333,,0,P,0.10619,0.85651,0.07319,0.00273,frames/frame_007832.jpg
7833,130.550000,,0,B,0.10965,0.84991,0.07619,0.00519,frames/frame_007833.jpg
7834,130.566667,,0,B,0.10943,0.85237,0.07607,0.00259,frames/frame_007834.jpg
7835,130.583333,,0,B,0.10943,0.84986,0.07602,0.00248,frames/frame_007835.jpg
7836,130.600000,,0,P,0.10867,0.85465,0.07581,0.00286,frames/frame_007836.jpg
7837,130.616667,,0,B,0.10895,0.85018,0.07576,0.00289,frames/frame_007837.jpg
7838,130.633333,,0,B,0.10824,0.85213,0.07563,0.00256,frames/frame_007838.jpg
7839,130.650000,,0,B,0.10840,0.84966,0.07541,0.00241,frames/frame_007839.jpg
7840,130.666667,,0,P,0.10800,0.85577,0.07540,0.00308,frames/frame_007840.jpg
7841,130.683333,,0,B,0.10892,0.84941,0.07565,0.00298,frames/frame_007841.jpg
7842,130.700000,,0,B,0.10884,0.85184,0.07546,0.00235,frames/frame_007842.jpg
7843,130.716667,,0,B,0.10916,0.85075,0.07564,0.00241,frames/frame_007843.jpg
7844,130.733333,,0,P,0.10866,0.85565,0.07561,0.00279,frames/frame_007844.jpg
7845,130.750000,,0,B,0.10897,0.85065,0.07594,0.00273,frames/frame_007845.jpg
7846,130.766667,,0,B,0.10849,0.85247,0.07581,0.00257,frames/frame_007846.jpg
7847,130.783333,,0,B,0.10854,0.85108,0.07589,0.00238,frames/frame_007847.jpg
7848,130.800000,,0,P,0.10786,0.85493,0.07572,0.00276,frames/frame_007848.jpg
7849,130.816667,,0,B,0.10843,0.85020,0.07545,0.00285,frames/frame_007849.jpg
7850,130.833333,,0,B,0.10844,0.85185,0.07530,0.00231,frames/frame_007850.jpg
7851,130.850000,,0,B,0.10886,0.85087,0.07540,0.00229,frames/frame_007851.jpg
7852,130.866667,,0,P,0.10860,0.85672,0.07582,0.00257,frames/frame_007852.jpg
7853,130.883333,,0,B,0.10911,0.85140,0.07593,0.00276,frames/frame_007853.jpg
7854,130.900000,,0,B,0.10881,0.85241,0.07558,0.00225,frames/frame_007854.jpg
7855,130.916667,,0,B,0.10892,0.85136,0.07533,0.00233,frames/frame_007855.jpg
7856,130.933333,,0,P,0.10827,0.85641,0.07548,0.00275,frames/frame_007856.jpg
7857,130.950000,,0,B,0.10848,0.85102,0.07538,0.00258,frames/frame_007857.jpg
7858,130.966667,,0,B,0.10824,0.85223,0.07502,0.00229,frames/frame_007858.jpg
7859,130.983333,,0,B,0.10849,0.85023,0.07485,0.00227,frames/frame_007859.jpg
7860,131.000000,,0,P,0.10783,0.85586,0.07461,0.00270,frames/frame_007860.jpg
7861,131.016667,,0,B,0.10797,0.85196,0.07462,0.00248,frames/frame_007861.jpg
7862,131.033333,,0,B,0.10769,0.85268,0.07435,0.00227,frames/frame_007862.jpg
7863,131.050000,,0,B,0.10761,0.85117,0.07435,0.00223,frames/frame_007863.jpg
7864,131.066667,,0,P,0.10685,0.85477,0.07402,0.00267,frames/frame_007864.jpg
7865,131.083333,,0,B,0.10710,0.85090,0.07400,0.00258,frames/frame_007865.jpg
7866,131.100000,,0,B,0.10677,0.85311,0.07387,0.00218,frames/frame_007866.jpg
7867,131.116667,,0,B,0.10688,0.85144,0.07392,0.00207,frames/frame_007867.jpg
7868,131.133333,,0,P,0.10641,0.85507,0.07400,0.00243,frames/frame_007868.jpg
7869,131.150000,,0,B,0.10685,0.85156,0.07410,0.00242,frames/frame_007869.jpg
7870,131.166667,,0,B,0.10865,0.85161,0.07570,0.00383,frames/frame_007870.jpg
7871,131.183333,,0,B,0.10872,0.84980,0.07591,0.00215,frames/frame_007871.jpg
7872,131.200000,,0,P,0.10813,0.85383,0.07591,0.00248,frames/frame_007872.jpg
7873,131.216667,,0,B,0.10824,0.84946,0.07571,0.00270,frames/frame_007873.jpg
7874,131.233333,,0,B,0.10765,0.85237,0.07500,0.00245,frames/frame_007874.jpg
7875,131.250000,,0,B,0.10764,0.84983,0.07494,0.00210,frames/frame_007875.jpg
7876,131.266667,,0,P,0.10720,0.85509,0.07509,0.00272,frames/frame_007876.jpg
7877,131.283333,,0,B,0.10772,0.85093,0.07530,0.00251,frames/frame_007877.jpg
7878,131.300000,,0,B,0.10754,0.85255,0.07534,0.00203,frames/frame_007878.jpg
7879,131.316667,,0,B,0.10771,0.85089,0.07549,0.00219,frames/frame_007879.jpg
7880,131.333333,,0,P,0.10715,0.85549,0.07532,0.00243,frames/frame_007880.jpg
7881,131.350000,,0,B,0.10743,0.85049,0.07520,0.00245,frames/frame_007881.jpg
7882,131.366667,,0,B,0.10703,0.85222,0.07496,0.00216,frames/frame_007882.jpg
7883,131.383333,,0,B,0.10687,0.85129,0.07459,0.00224,frames/frame_007883.jpg
7884,131.400000,,0,P,0.10617,0.85528,0.07420,0.00254,frames/frame_007884.jpg
7885,131.416667,,0,B,0.10648,0.85145,0.07417,0.00256,frames/frame_007885.jpg
7886,131.433333,,0,B,0.10624,0.85256,0.07411,0.00206,frames/frame_007886.jpg
7887,131.450000,,0,B,0.10652,0.85025,0.07436,0.00199,frames/frame_007887.jpg
7888,131.466667,,0,P,0.10602,0.85555,0.07438,0.00243,frames/frame_007888.jpg
7889,131.483333,,0,B,0.10652,0.85054,0.07453,0.00238,frames/frame_007889.jpg
7890,131.500000,,0,B,0.10631,0.85269,0.07419,0.00196,frames/frame_007890.jpg
7891,131.516667,,0,B,0.10630,0.85120,0.07386,0.00220,frames/frame_007891.jpg
7892,131.533333,,0,P,0.10565,0.85679,0.07364,0.00252,frames/frame_007892.jpg
7893,131.550000,,0,B,0.10604,0.85164,0.07349,0.00240,frames/frame_007893.jpg
7894,131.566667,,0,B,0.10584,0.85428,0.07334,0.00204,frames/frame_007894.jpg
7895,131.583333,,0,B,0.10627,0.85183,0.07366,0.00215,frames/frame_007895.jpg
7896,131.600000,,0,P,0.10586,0.85727,0.07395,0.00246,frames/frame_007896.jpg
7897,131.616667,,0,B,0.10626,0.85127,0.07399,0.00236,frames/frame_007897.jpg
7898,131.633333,,0,B,0.10612,0.85361,0.07396,0.00211,frames/frame_007898.jpg
7899,131.650000,,0,B,0.10610,0.85100,0.07377,0.00212,frames/frame_007899.jpg
7900,131.666667,,0,P,0.10536,0.85622,0.07332,0.00262,frames/frame_007900.jpg
7901,131.683333,,0,B,0.10567,0.85198,0.07321,0.00240,frames/frame_007901.jpg
7902,131.700000,,0,B,0.10523,0.85415,0.07294,0.00205,frames/frame_007902.jpg
7903,131.716667,,0,B,0.10540,0.85201,0.07310,0.00191,frames/frame_007903.jpg
7904,131.733333,,0,P,0.10498,0.85706,0.07312,0.00240,frames/frame_007904.jpg
7905,131.750000,,0,B,0.10541,0.85242,0.07313,0.00227,frames/frame_007905.jpg
7906,131.766667,,0,B,0.10724,0.85189,0.07467,0.00369,frames/frame_007906.jpg
7907,131.783333,,0,B,0.10733,0.84822,0.07474,0.00227,frames/frame_007907.jpg
7908,131.800000,,0,P,0.10671,0.85444,0.07470,0.00249,frames/frame_007908.jpg
7909,131.816667,,0,B,0.10665,0.84997,0.07458,0.00261,frames/frame_007909.jpg
7910,131.833333,,0,B,0.10621,0.85222,0.07437,0.00224,frames/frame_007910.jpg
7911,131.850000,,0,B,0.10623,0.84950,0.07461,0.00203,frames/frame_007911.jpg
7912,131.866667,,0,P,0.10564,0.85494,0.07439,0.00254,frames/frame_007912.jpg
7913,131.883333,,0,B,0.10611,0.84928,0.07440,0.00250,frames/frame_007913.jpg
7914,131.900000,,0,B,0.10588,0.85215,0.07453,0.00208,frames/frame_007914.jpg
7915,131.916667,,0,B,0.10603,0.84966,0.07480,0.00197,frames/frame_007915.jpg
7916,131.933333,,0,P,0.10560,0.85483,0.07444,0.00237,frames/frame_007916.jpg
7917,131.950000,,0,B,0.10552,0.85588,0.07418,0.00184,frames/frame_007917.jpg
7918,131.966667,,0,B,0.10566,0.85066,0.07432,0.00244,frames/frame_007918.jpg
7919,131.983333,,0,P,0.10520,0.85463,0.07420,0.00236,frames/frame_007919.jpg
7920,132.000000,,1,I,0.10471,0.85629,0.07358,0.00361,frames/frame_007920.jpg
7921,132.016667,,0,B,0.10520,0.85317,0.07380,0.00204,frames/frame_007921.jpg
7922,132.033333,,0,B,0.10515,0.85408,0.07372,0.00150,frames/frame_007922.jpg
7923,132.050000,,0,B,0.10528,0.85337,0.07405,0.00154,frames/frame_007923.jpg
7924,132.066667,,0,P,0.10499,0.85711,0.07379,0.00206,frames/frame_007924.jpg
7925,132.083333,,0,B,0.10550,0.85262,0.07397,0.00227,frames/frame_007925.jpg
7926,132.100000,,0,B,0.10523,0.85337,0.07376,0.00181,frames/frame_007926.jpg
7927,132.116667,,0,B,0.10520,0.85224,0.07369,0.00205,frames/frame_007927.jpg
7928,132.133333,,0,P,0.10464,0.85592,0.07352,0.00223,frames/frame_007928.jpg
7929,132.150000,,0,B,0.10513,0.85046,0.07368,0.00226,frames/frame_007929.jpg
7930,132.166667,,0,B,0.10495,0.85239,0.07334,0.00188,frames/frame_007930.jpg
7931,132.183333,,0,B,0.10516,0.85022,0.07358,0.00193,frames/frame_007931.jpg
7932,132.200000,,0,P,0.10471,0.85727,0.07345,0.00232,frames/frame_007932.jpg
7933,132.216667,,0,B,0.10712,0.84973,0.07512,0.00403,frames/frame_007933.jpg
7934,132.233333,,0,B,0.10691,0.85104,0.07539,0.00216,frames/frame_007934.jpg
7935,132.250000,,0,B,0.10683,0.84896,0.07523,0.00210,frames/frame_007935.jpg
7936,132.266667,,0,P,0.10609,0.85405,0.07496,0.00271,frames/frame_007936.jpg
7937,132.283333,,0,B,0.10639,0.84786,0.07496,0.00250,frames/frame_007937.jpg
7938,132.300000,,0,B,0.10594,0.84994,0.07479,0.00206,frames/frame_007938.jpg
7939,132.316667,,0,B,0.10612,0.84709,0.07488,0.00199,frames/frame_007939.jpg
7940,132.333333,,0,P,0.10552,0.85357,0.07494,0.00247,frames/frame_007940.jpg
7941,132.350000,,0,B,0.10595,0.84802,0.07523,0.00245,frames/frame_007941.jpg
7942,132.366667,,0,B,0.10579,0.85131,0.07544,0.00219,frames/frame_007942.jpg
7943,132.383333,,0,B,0.10598,0.84849,0.07571,0.00194,frames/frame_007943.jpg
7944,132.400000,,0,P,0.10549,0.85436,0.07517,0.00238,frames/frame_007944.jpg
7945,132.416667,,0,B,0.10570,0.84862,0.07515,0.00255,frames/frame_007945.jpg
7946,132.433333,,0,B,0.10533,0.85143,0.07478,0.00223,frames/frame_007946.jpg
7947,132.450000,,0,B,0.10556,0.84859,0.07457,0.00213,frames/frame_007947.jpg
7948,132.466667,,0,P,0.10517,0.85440,0.07463,0.00257,frames/frame_007948.jpg
7949,132.483333,,0,B,0.10574,0.84864,0.07503,0.00241,frames/frame_007949.jpg
7950,132.500000,,0,B,0.10554,0.85155,0.07497,0.00199,frames/frame_007950.jpg
7951,132.516667,,0,B,0.10589,0.85052,0.07514,0.00216,frames/frame_007951.jpg
7952,132.533333,,0,P,0.10549,0.85544,0.07476,0.00218,frames/frame_007952.jpg
7953,132.550000,,0,B,0.10585,0.85046,0.07492,0.00227,frames/frame_007953.jpg
7954,132.566667,,0,B,0.10558,0.85257,0.07480,0.00208,frames/frame_007954.jpg
7955,132.583333,,0,B,0.10572,0.85109,0.07462,0.00197,frames/frame_007955.jpg
7956,132.600000,,0,P,0.10516,0.85517,0.07441,0.00229,frames/frame_007956.jpg
7957,132.616667,,0,B,0.10561,0.84981,0.07439,0.00244,frames/frame_007957.jpg
7958,132.633333,,0,B,0.10547,0.85176,0.07447,0.00206,frames/frame_007958.jpg
7959,132.650000,,0,B,0.10558,0.85021,0.07436,0.00201,frames/frame_007959.jpg
7960,132.666667,,0,P,0.10520,0.85526,0.07426,0.00244,frames/frame_007960.jpg
7961,132.683333,,0,B,0.10571,0.85028,0.07442,0.00252,frames/frame_007961.jpg
7962,132.700000,,0,B,0.10548,0.85165,0.07403,0.00196,frames/frame_007962.jpg
7963,132.716667,,0,B,0.10552,0.85015,0.07388,0.00219,frames/frame_007963.jpg
7964,132.733333,,0,P,0.10478,0.85443,0.07346,0.00251,frames/frame_007964.jpg
7965,132.750000,,0,B,0.10527,0.85025,0.07359,0.00246,frames/frame_007965.jpg
7966,132.766667,,0,B,0.10512,0.85205,0.07332,0.00207,frames/frame_007966.jpg
7967,132.783333,,0,B,0.10545,0.85099,0.07339,0.00200,frames/frame_007967.jpg
7968,132.800000,,0,P,0.10510,0.85669,0.07340,0.00242,frames/frame_007968.jpg
7969,132.816667,,0,B,0.10572,0.85069,0.07360,0.00258,frames/frame_007969.jpg
7970,132.833333,,0,B,0.10551,0.85280,0.07361,0.00196,frames/frame_007970.jpg
7971,132.850000,,0,B,0.10565,0.85139,0.07354,0.00187,frames/frame_007971.jpg
7972,132.866667,,0,P,0.10510,0.85732,0.07319,0.00251,frames/frame_007972.jpg
7973,132.883333,,0,B,0.10547,0.85117,0.07328,0.00247,frames/frame_007973.jpg
7974,132.900000,,0,B,0.10513,0.85337,0.07304,0.00199,frames/frame_007974.jpg
7975,132.916667,,0,B,0.10478,0.85056,0.07252,0.00255,frames/frame_007975.jpg
7976,132.933333,,0,P,0.10439,0.85542,0.07277,0.00236,frames/frame_007976.jpg
7977,132.950000,,0,B,0.11188,0.79754,0.08023,0.01126,frames/frame_007977.jpg
7978,132.966667,,0,B,0.11179,0.79766,0.08011,0.00252,frames/frame_007978.jpg
7979,132.983333,,0,B,0.11229,0.79396,0.08027,0.00263,frames/frame_007979.jpg
7980,133.000000,,0,P,0.11282,0.79114,0.08088,0.00365,frames/frame_007980.jpg
7981,133.016667,,0,B,0.11340,0.78106,0.08107,0.00313,frames/frame_007981.jpg
7982,133.033333,,0,B,0.12319,0.73092,0.08391,0.01664,frames/frame_007982.jpg
7983,133.050000,,0,B,0.12342,0.72971,0.08426,0.00281,frames/frame_007983.jpg
7984,133.066667,,0,P,0.11968,0.73779,0.08150,0.00640,frames/frame_007984.jpg
7985,133.083333,,0,B,0.12040,0.73230,0.08190,0.00288,frames/frame_007985.jpg
7986,133.100000,,0,B,0.12010,0.73355,0.08168,0.00245,frames/frame_007986.jpg
7987,133.116667,,0,B,0.12036,0.73237,0.08188,0.00250,frames/frame_007987.jpg
7988,133.133333,,0,P,0.11975,0.73680,0.08161,0.00277,frames/frame_007988.jpg
7989,133.150000,,0,B,0.12028,0.73098,0.08206,0.00296,frames/frame_007989.jpg
7990,133.166667,,0,B,0.11987,0.73121,0.08157,0.00266,frames/frame_007990.jpg
7991,133.183333,,0,B,0.11996,0.72799,0.08143,0.00264,frames/frame_007991.jpg
7992,133.200000,,0,P,0.12284,0.72688,0.08417,0.00650,frames/frame_007992.jpg
7993,133.216667,,0,B,0.12331,0.72292,0.08454,0.00326,frames/frame_007993.jpg
7994,133.233333,,0,B,0.12295,0.72632,0.08457,0.00282,frames/frame_007994.jpg
7995,133.250000,,0,B,0.12293,0.72499,0.08470,0.00279,frames/frame_007995.jpg
7996,133.266667,,0,P,0.12226,0.72804,0.08478,0.00329,frames/frame_007996.jpg
7997,133.283333,,0,B,0.12282,0.72255,0.08480,0.00313,frames/frame_007997.jpg
7998,133.300000,,0,B,0.12229,0.72591,0.08491,0.00282,frames/frame_007998.jpg
7999,133.316667,,0,B,0.12229,0.72396,0.08485,0.00285,frames/frame_007999.jpg
8000,133.333333,,0,P,0.12049,0.73259,0.08401,0.00419,frames/frame_008000.jpg
8001,133.350000,,0,B,0.12095,0.72931,0.08395,0.00288,frames/frame_008001.jpg
8002,133.366667,,0,B,0.12061,0.73093,0.08398,0.00260,frames/frame_008002.jpg
8003,133.383333,,0,B,0.12069,0.72982,0.08404,0.00263,frames/frame_008003.jpg
8004,133.400000,,0,P,0.11993,0.73485,0.08393,0.00307,frames/frame_008004.jpg
8005,133.416667,,0,B,0.12043,0.73122,0.08407,0.00310,frames/frame_008005.jpg
8006,133.433333,,0,B,0.12011,0.73362,0.08422,0.00291,frames/frame_008006.jpg
8007,133.450000,,0,B,0.12019,0.73180,0.08440,0.00278,frames/frame_008007.jpg
8008,133.466667,,0,P,0.11610,0.74159,0.08144,0.00672,frames/frame_008008.jpg
8009,133.483333,,0,B,0.11643,0.73559,0.08173,0.00322,frames/frame_008009.jpg
8010,133.500000,,0,B,0.11683,0.73452,0.08250,0.00372,frames/frame_008010.jpg
8011,133.516667,,0,B,0.11723,0.73186,0.08270,0.00278,frames/frame_008011.jpg
8012,133.533333,,0,P,0.11665,0.73687,0.08250,0.00308,frames/frame_008012.jpg
8013,133.550000,,0,B,0.11715,0.72934,0.08245,0.00322,frames/frame_008013.jpg
8014,133.566667,,0,B,0.11714,0.73226,0.08282,0.00295,frames/frame_008014.jpg
8015,133.583333,,0,B,0.11753,0.72762,0.08336,0.00289,frames/frame_008015.jpg
8016,133.600000,,0,P,0.12050,0.72881,0.08602,0.00662,frames/frame_008016.jpg
8017,133.616667,,0,B,0.12094,0.72491,0.08597,0.00334,frames/frame_008017.jpg
8018,133.633333,,0,B,0.12054,0.72714,0.08565,0.00292,frames/frame_008018.jpg
8019,133.650000,,0,B,0.12083,0.72775,0.08572,0.00281,frames/frame_008019.jpg
8020,133.666667,,0,P,0.12035,0.73122,0.08576,0.00321,frames/frame_008020.jpg
8021,133.683333,,0,B,0.12111,0.72878,0.08591,0.00325,frames/frame_008021.jpg
8022,133.700000,,0,B,0.12106,0.72960,0.08579,0.00278,frames/frame_008022.jpg
8023,133.716667,,0,B,0.12145,0.72715,0.08609,0.00280,frames/frame_008023.jpg
8024,133.733333,,0,P,0.12103,0.73187,0.08665,0.00315,frames/frame_008024.jpg
8025,133.750000,,0,B,0.12151,0.72827,0.08678,0.00310,frames/frame_008025.jpg
8026,133.766667,,0,B,0.12134,0.72865,0.08625,0.00279,frames/frame_008026.jpg
8027,133.783333,,0,B,0.12143,0.72737,0.08636,0.00291,frames/frame_008027.jpg
8028,133.800000,,0,P,0.12100,0.73076,0.08663,0.00309,frames/frame_008028.jpg
8029,133.816667,,0,B,0.12145,0.72985,0.08634,0.00334,frames/frame_008029.jpg
8030,133.833333,,0,B,0.12014,0.73829,0.08554,0.00399,frames/frame_008030.jpg
8031,133.850000,,0,B,0.12028,0.73811,0.08554,0.00288,frames/frame_008031.jpg
8032,133.866667,,0,P,0.11639,0.75046,0.08304,0.00677,frames/frame_008032.jpg
8033,133.883333,,0,B,0.11686,0.74619,0.08306,0.00305,frames/frame_008033.jpg
8034,133.900000,,0,B,0.11673,0.74921,0.08302,0.00285,frames/frame_008034.jpg
8035,133.916667,,0,B,0.11685,0.74764,0.08242,0.00290,frames/frame_008035.jpg
8036,133.933333,,0,P,0.11631,0.75096,0.08247,0.00320,frames/frame_008036.jpg
8037,133.950000,,0,B,0.11678,0.74706,0.08240,0.00319,frames/frame_008037.jpg
8038,133.966667,,0,B,0.11655,0.74812,0.08219,0.00282,frames/frame_008038.jpg
8039,133.983333,,0,B,0.11714,0.74562,0.08249,0.00290,frames/frame_008039.jpg
8040,134.000000,,0,P,0.12097,0.73983,0.08633,0.00771,frames/frame_008040.jpg
8041,134.016667,,0,B,0.12146,0.73512,0.08600,0.00320,frames/frame_008041.jpg
8042,134.033333,,0,B,0.12143,0.73788,0.08589,0.00268,frames/frame_008042.jpg
8043,134.050000,,0,B,0.12163,0.73566,0.08601,0.00281,frames/frame_008043.jpg
8044,134.066667,,0,P,0.12103,0.73910,0.08563,0.00334,frames/frame_008044.jpg
8045,134.083333,,0,B,0.12145,0.73391,0.08541,0.00329,frames/frame_008045.jpg
8046,134.100000,,0,B,0.12113,0.73586,0.08557,0.00279,frames/frame_008046.jpg
8047,134.116667,,0,B,0.12334,0.72532,0.08626,0.00472,frames/frame_008047.jpg
8048,134.133333,,0,P,0.12299,0.72868,0.08622,0.00307,frames/frame_008048.jpg
8049,134.150000,,0,B,0.12796,0.71514,0.08692,0.00865,frames/frame_008049.jpg
8050,134.166667,,0,B,0.12801,0.71582,0.08694,0.00311,frames/frame_008050.jpg
8051,134.183333,,0,B,0.12858,0.71338,0.08724,0.00314,frames/frame_008051.jpg
8052,134.200000,,0,P,0.12802,0.71808,0.08730,0.00339,frames/frame_008052.jpg
8053,134.216667,,0,B,0.12856,0.71146,0.08709,0.00341,frames/frame_008053.jpg
8054,134.233333,,0,B,0.12814,0.71487,0.08691,0.00297,frames/frame_008054.jpg
8055,134.250000,,0,B,0.12813,0.71271,0.08689,0.00300,frames/frame_008055.jpg
8056,134.266667,,0,P,0.12404,0.72068,0.08431,0.00681,frames/frame_008056.jpg
8057,134.283333,,0,B,0.12490,0.71716,0.08504,0.00341,frames/frame_008057.jpg
8058,134.300000,,0,B,0.12448,0.71919,0.08463,0.00299,frames/frame_008058.jpg
8059,134.316667,,0,B,0.12477,0.71833,0.08523,0.00289,frames/frame_008059.jpg
8060,134.333333,,0,P,0.12322,0.72601,0.08440,0.00442,frames/frame_008060.jpg
8061,134.350000,,0,B,0.12356,0.72335,0.08453,0.00315,frames/frame_008061.jpg
8062,134.366667,,0,B,0.12293,0.72428,0.08413,0.00294,frames/frame_008062.jpg
8063,134.383333,,0,B,0.12291,0.72264,0.08423,0.00303,frames/frame_008063.jpg
8064,134.400000,,0,P,0.12545,0.72292,0.08684,0.00691,frames/frame_008064.jpg
8065,134.416667,,0,B,0.12552,0.72395,0.08696,0.00259,frames/frame_008065.jpg
8066,134.433333,,0,P,0.57955,0.24091,0.04909,0.44565,frames/frame_008066.jpg
8067,134.450000,,0,B,0.53825,0.24531,0.04785,0.03953,frames/frame_008067.jpg
8068,134.466667,,0,B,0.49442,0.25407,0.04578,0.04457,frames/frame_008068.jpg
8069,134.483333,,0,B,0.45632,0.25920,0.04566,0.03665,frames/frame_008069.jpg
8070,134.500000,,0,P,0.43397,0.29679,0.06684,0.04329,frames/frame_008070.jpg
8071,134.516667,,0,B,0.38633,0.27768,0.04574,0.04421,frames/frame_008071.jpg
8072,134.533333,,0,P,0.37570,0.32416,0.07231,0.03760,frames/frame_008072.jpg
8073,134.550000,,0,B,0.34952,0.32078,0.06861,0.02458,frames/frame_008073.jpg
8074,134.566667,,0,B,0.32623,0.33890,0.07039,0.02863,frames/frame_008074.jpg
8075,134.583333,,0,B,0.30898,0.36463,0.07356,0.02253,frames/frame_008075.jpg
8076,134.600000,,0,P,0.28422,0.38518,0.07156,0.02657,frames/frame_008076.jpg
8077,134.616667,,0,B,0.26977,0.39862,0.07442,0.01757,frames/frame_008077.jpg
8078,134.633333,,0,B,0.25290,0.42599,0.07654,0.02238,frames/frame_008078.jpg
8079,134.650000,,0,B,0.23648,0.44156,0.07550,0.01757,frames/frame_008079.jpg
8080,134.666667,,0,P,0.23786,0.50236,0.09568,0.02477,frames/frame_008080.jpg
8081,134.683333,,0,B,0.22246,0.50577,0.09105,0.01764,frames/frame_008081.jpg
8082,134.700000,,0,B,0.21295,0.53553,0.09412,0.01333,frames/frame_008082.jpg
8083,134.716667,,0,B,0.20274,0.55489,0.09207,0.01525,frames/frame_008083.jpg
8084,134.733333,,0,P,0.18507,0.57762,0.08872,0.02208,frames/frame_008084.jpg
8085,134.750000,,0,B,0.18761,0.60818,0.09574,0.01411,frames/frame_008085.jpg
8086,134.766667,,0,B,0.18782,0.63797,0.10249,0.01389,frames/frame_008086.jpg
8087,134.783333,,0,B,0.18201,0.65725,0.10332,0.00804,frames/frame_008087.jpg
8088,134.800000,,0,P,0.17452,0.69086,0.10276,0.00953,frames/frame_008088.jpg
8089,134.816667,,0,B,0.17205,0.70633,0.10328,0.01223,frames/frame_008089.jpg
8090,134.833333,,0,B,0.16503,0.72743,0.10222,0.00952,frames/frame_008090.jpg
8091,134.850000,,0,B,0.16047,0.74147,0.10088,0.00630,frames/frame_008091.jpg
8092,134.866667,,0,P,0.15880,0.76943,0.10222,0.00932,frames/frame_008092.jpg
8093,134.883333,,0,B,0.16151,0.77638,0.10746,0.00691,frames/frame_008093.jpg
8094,134.900000,,0,B,0.15891,0.78918,0.10741,0.00514,frames/frame_008094.jpg
8095,134.916667,,0,B,0.15778,0.79383,0.10782,0.00597,frames/frame_008095.jpg
8096,134.933333,,0,P,0.15478,0.81438,0.10852,0.00831,frames/frame_008096.jpg
8097,134.950000,,0,B,0.15460,0.81779,0.10755,0.00650,frames/frame_008097.jpg
8098,134.966667,,0,P,0.15101,0.83587,0.10718,0.00450,frames/frame_008098.jpg
8099,134.983333,,0,P,0.14878,0.83905,0.10706,0.00856,frames/frame_008099.jpg
8100,135.000000,,1,I,0.15097,0.84391,0.10874,0.00872,frames/frame_008100.jpg
8101,135.016667,,0,B,0.14979,0.83909,0.10513,0.00472,frames/frame_008101.jpg
8102,135.033333,,0,B,0.14879,0.84109,0.10380,0.00675,frames/frame_008102.jpg
8103,135.050000,,0,B,0.15023,0.84100,0.10593,0.00933,frames/frame_008103.jpg
8104,135.066667,,0,P,0.14670,0.85898,0.10548,0.00410,frames/frame_008104.jpg
8105,135.083333,,0,B,0.14308,0.85278,0.10316,0.00810,frames/frame_008105.jpg
8106,135.100000,,0,B,0.14419,0.85363,0.10390,0.00541,frames/frame_008106.jpg
8107,135.116667,,0,B,0.14366,0.85256,0.10330,0.00351,frames/frame_008107.jpg
8108,135.133333,,0,P,0.14268,0.85573,0.10323,0.00274,frames/frame_008108.jpg
8109,135.150000,,0,B,0.14306,0.85363,0.10349,0.00516,frames/frame_008109.jpg
8110,135.166667,,0,P,0.14383,0.85617,0.10432,0.00652,frames/frame_008110.jpg
8111,135.183333,,0,B,0.14530,0.85288,0.10549,0.00453,frames/frame_008111.jpg
8112,135.200000,,0,B,0.14388,0.85453,0.10410,0.00655,frames/frame_008112.jpg
8113,135.216667,,0,B,0.14595,0.85285,0.10605,0.00633,frames/frame_008113.jpg
8114,135.233333,,0,P,0.14683,0.85689,0.10744,0.00999,frames/frame_008114.jpg
8115,135.250000,,0,B,0.14275,0.85251,0.10486,0.00817,frames/frame_008115.jpg
8116,135.266667,,0,B,0.14387,0.85401,0.10572,0.00549,frames/frame_008116.jpg
8117,135.283333,,0,B,0.14309,0.85274,0.10514,0.00396,frames/frame_008117.jpg
8118,135.300000,,0,P,0.14252,0.85598,0.10538,0.00354,frames/frame_008118.jpg
8119,135.316667,,0,B,0.14403,0.85247,0.10513,0.00482,frames/frame_008119.jpg
8120,135.333333,,0,B,0.14781,0.85754,0.11008,0.00982,frames/frame_008120.jpg
8121,135.350000,,0,B,0.14905,0.85508,0.10968,0.00565,frames/frame_008121.jpg
8122,135.366667,,0,P,0.14821,0.85733,0.10945,0.00265,frames/frame_008122.jpg
8123,135.383333,,0,B,0.14672,0.85342,0.11016,0.00782,frames/frame_008123.jpg
8124,135.400000,,0,B,0.14963,0.85416,0.11249,0.00717,frames/frame_008124.jpg
8125,135.416667,,0,B,0.14938,0.85281,0.11209,0.00207,frames/frame_008125.jpg
8126,135.433333,,0,P,0.14707,0.85517,0.11050,0.00629,frames/frame_008126.jpg
8127,135.450000,,0,B,0.14705,0.85134,0.10993,0.01312,frames/frame_008127.jpg
8128,135.466667,,0,B,0.14787,0.85321,0.11031,0.00298,frames/frame_008128.jpg
8129,135.483333,,0,B,0.14342,0.84925,0.10507,0.01183,frames/frame_008129.jpg
8130,135.500000,,0,P,0.14463,0.85287,0.10595,0.00580,frames/frame_008130.jpg
8131,135.516667,,0,B,0.14427,0.84785,0.10586,0.00225,frames/frame_008131.jpg
8132,135.533333,,0,B,0.14311,0.84926,0.10469,0.00418,frames/frame_008132.jpg
8133,135.550000,,0,B,0.14319,0.84837,0.10460,0.00467,frames/frame_008133.jpg
8134,135.566667,,0,P,0.14250,0.85116,0.10560,0.00480,frames/frame_008134.jpg
8135,135.583333,,0,B,0.14237,0.84720,0.10535,0.00370,frames/frame_008135.jpg
8136,135.600000,,0,B,0.14306,0.84944,0.10455,0.00560,frames/frame_008136.jpg
8137,135.616667,,0,B,0.15468,0.77451,0.11117,0.02125,frames/frame_008137.jpg
8138,135.633333,,0,P,0.16369,0.75780,0.11298,0.01874,frames/frame_008138.jpg
8139,135.650000,,0,B,0.15261,0.82976,0.11182,0.02190,frames/frame_008139.jpg
8140,135.666667,,0,B,0.14914,0.83243,0.10980,0.01077,frames/frame_008140.jpg
8141,135.683333,,0,B,0.15056,0.82949,0.11249,0.00619,frames/frame_008141.jpg
8142,135.700000,,0,P,0.15030,0.84079,0.11039,0.00880,frames/frame_008142.jpg
8143,135.716667,,0,B,0.15292,0.83260,0.11267,0.01283,frames/frame_008143.jpg
8144,135.733333,,0,B,0.15140,0.83507,0.11216,0.00419,frames/frame_008144.jpg
8145,135.750000,,0,B,0.14824,0.83253,0.11044,0.00772,frames/frame_008145.jpg
8146,135.766667,,0,P,0.14968,0.84069,0.11048,0.00767,frames/frame_008146.jpg
8147,135.783333,,0,B,0.15238,0.83831,0.11448,0.00889,frames/frame_008147.jpg
8148,135.800000,,0,B,0.15027,0.83777,0.11240,0.00684,frames/frame_008148.jpg
8149,135.816667,,0,B,0.14994,0.83608,0.11224,0.00326,frames/frame_008149.jpg
8150,135.833333,,0,P,0.14853,0.84257,0.11241,0.00590,frames/frame_008150.jpg
8151,135.850000,,0,B,0.14914,0.83880,0.11163,0.00609,frames/frame_008151.jpg
8152,135.866667,,0,B,0.14720,0.83966,0.11136,0.00750,frames/frame_008152.jpg
8153,135.883333,,0,B,0.15003,0.83924,0.11384,0.00715,frames/frame_008153.jpg
8154,135.900000,,0,P,0.14820,0.84172,0.11238,0.00652,frames/frame_008154.jpg
8155,135.916667,,0,B,0.14891,0.83713,0.11126,0.00375,frames/frame_008155.jpg
8156,135.933333,,0,B,0.14633,0.83605,0.10690,0.01652,frames/frame_008156.jpg
8157,135.950000,,0,B,0.14269,0.83273,0.10488,0.00827,frames/frame_008157.jpg
8158,135.966667,,0,P,0.14328,0.83567,0.10562,0.00653,frames/frame_008158.jpg
8159,135.983333,,0,B,0.14281,0.82967,0.10479,0.00461,frames/frame_008159.jpg
8160,136.000000,,0,B,0.14257,0.83201,0.10491,0.00532,frames/frame_008160.jpg
8161,136.016667,,0,B,0.14237,0.82993,0.10598,0.00611,frames/frame_008161.jpg
8162,136.033333,,0,P,0.14238,0.83244,0.10510,0.00655,frames/frame_008162.jpg
8163,136.050000,,0,B,0.14260,0.82723,0.10521,0.00263,frames/frame_008163.jpg
8164,136.066667,,0,B,0.14199,0.82859,0.10563,0.00848,frames/frame_008164.jpg
8165,136.083333,,0,B,0.14596,0.82864,0.10795,0.00811,frames/frame_008165.jpg
8166,136.100000,,0,P,0.14569,0.83284,0.10697,0.01042,frames/frame_008166.jpg
8167,136.116667,,0,B,0.14412,0.82628,0.10562,0.00693,frames/frame_008167.jpg
8168,136.133333,,0,B,0.14394,0.82738,0.10632,0.00405,frames/frame_008168.jpg
8169,136.150000,,0,B,0.14288,0.82550,0.10558,0.00548,frames/frame_008169.jpg
8170,136.166667,,0,P,0.14539,0.82866,0.10758,0.00772,frames/frame_008170.jpg
8171,136.183333,,0,B,0.14361,0.82273,0.10603,0.00676,frames/frame_008171.jpg
8172,136.200000,,0,B,0.14450,0.82342,0.10745,0.00841,frames/frame_008172.jpg
8173,136.216667,,0,B,0.14350,0.82099,0.10675,0.00610,frames/frame_008173.jpg
8174,136.233333,,0,P,0.14348,0.81936,0.10910,0.01161,frames/frame_008174.jpg
8175,136.250000,,0,B,0.14507,0.81649,0.11010,0.00578,frames/frame_008175.jpg
8176,136.266667,,0,P,0.14408,0.81829,0.10886,0.00434,frames/frame_008176.jpg
8177,136.283333,,0,B,0.14414,0.81526,0.10908,0.00532,frames/frame_008177.jpg
8178,136.300000,,0,P,0.14345,0.81659,0.10948,0.00639,frames/frame_008178.jpg
8179,136.316667,,0,B,0.14381,0.81210,0.10872,0.00607,frames/frame_008179.jpg
8180,136.333333,,0,B,0.14153,0.81304,0.10868,0.00786,frames/frame_008180.jpg
8181,136.350000,,0,B,0.14492,0.81111,0.11099,0.00695,frames/frame_008181.jpg
8182,136.366667,,0,P,0.14368,0.81454,0.10809,0.00800,frames/frame_008182.jpg
8183,136.383333,,0,B,0.14449,0.81311,0.10657,0.00949,frames/frame_008183.jpg
8184,136.400000,,0,P,0.14080,0.81499,0.10468,0.00962,frames/frame_008184.jpg
8185,136.416667,,0,B,0.14231,0.81087,0.10564,0.00607,frames/frame_008185.jpg
8186,136.433333,,0,B,0.14133,0.81044,0.10475,0.00447,frames/frame_008186.jpg
8187,136.450000,,0,B,0.14132,0.80814,0.10486,0.00511,frames/frame_008187.jpg
8188,136.466667,,0,P,0.14059,0.81041,0.10519,0.00630,frames/frame_008188.jpg
8189,136.483333,,0,B,0.14128,0.80501,0.10436,0.00604,frames/frame_008189.jpg
8190,136.500000,,0,B,0.13984,0.80602,0.10442,0.00742,frames/frame_008190.jpg
8191,136.516667,,0,B,0.14458,0.80352,0.10723,0.00796,frames/frame_008191.jpg
8192,136.533333,,0,P,0.15863,0.71223,0.10794,0.02615,frames/frame_008192.jpg
8193,136.550000,,0,B,0.15833,0.71298,0.10855,0.01682,frames/frame_008193.jpg
8194,136.566667,,0,B,0.14801,0.79018,0.10888,0.02034,frames/frame_008194.jpg
8195,136.583333,,0,B,0.14707,0.78545,0.10933,0.01174,frames/frame_008195.jpg
8196,136.600000,,0,P,0.14489,0.79243,0.10901,0.00796,frames/frame_008196.jpg
8197,136.616667,,0,B,0.14838,0.78419,0.11174,0.00838,frames/frame_008197.jpg
8198,136.633333,,0,B,0.14558,0.78724,0.10968,0.00717,frames/frame_008198.jpg
8199,136.650000,,0,B,0.14549,0.78373,0.10881,0.01350,frames/frame_008199.jpg
8200,136.666667,,0,P,0.14212,0.78997,0.10709,0.00930,frames/frame_008200.jpg
8201,136.683333,,0,B,0.14587,0.78177,0.11216,0.00961,frames/frame_008201.jpg
8202,136.700000,,0,B,0.14520,0.78265,0.11127,0.00506,frames/frame_008202.jpg
8203,136.716667,,0,B,0.14504,0.77965,0.11068,0.00569,frames/frame_008203.jpg
8204,136.733333,,0,P,0.14362,0.78567,0.11129,0.00704,frames/frame_008204.jpg
8205,136.750000,,0,B,0.14416,0.77954,0.11013,0.00652,frames/frame_008205.jpg
8206,136.766667,,0,B,0.14192,0.78019,0.10979,0.00819,frames/frame_008206.jpg
8207,136.783333,,0,B,0.14478,0.77967,0.11222,0.00746,frames/frame_008207.jpg
8208,136.800000,,0,P,0.14215,0.78209,0.11034,0.00699,frames/frame_008208.jpg
8209,136.816667,,0,B,0.14717,0.78130,0.11106,0.01581,frames/frame_008209.jpg
8210,136.833333,,0,B,0.14400,0.78149,0.10841,0.00968,frames/frame_008210.jpg
8211,136.850000,,0,B,0.14491,0.77933,0.10866,0.00572,frames/frame_008211.jpg
8212,136.866667,,0,P,0.14414,0.78064,0.10844,0.00607,frames/frame_008212.jpg
8213,136.883333,,0,B,0.14440,0.77642,0.11011,0.00611,frames/frame_008213.jpg
8214,136.900000,,0,B,0.14318,0.77778,0.10877,0.00672,frames/frame_008214.jpg
8215,136.916667,,0,B,0.14638,0.77415,0.11082,0.00742,frames/frame_008215.jpg
8216,136.933333,,0,P,0.14389,0.77601,0.10936,0.00674,frames/frame_008216.jpg
8217,136.950000,,0,B,0.14380,0.77168,0.11023,0.00950,frames/frame_008217.jpg
8218,136.966667,,0,P,0.14080,0.77245,0.10837,0.00923,frames/frame_008218.jpg
8219,136.983333,,0,B,0.15837,0.67463,0.11170,0.02783,frames/frame_008219.jpg
8220,137.000000,,0,B,0.16073,0.67336,0.11323,0.00850,frames/frame_008220.jpg
8221,137.016667,,0,B,0.14944,0.75249,0.11459,0.02625,frames/frame_008221.jpg
8222,137.033333,,0,P,0.14240,0.76128,0.10932,0.01707,frames/frame_008222.jpg
8223,137.050000,,0,B,0.14325,0.75114,0.10958,0.00659,frames/frame_008223.jpg
8224,137.066667,,0,B,0.14250,0.75403,0.10969,0.00566,frames/frame_008224.jpg
8225,137.083333,,0,B,0.14298,0.74976,0.10886,0.00669,frames/frame_008225.jpg
8226,137.100000,,0,P,0.14136,0.75522,0.10986,0.00753,frames/frame_008226.jpg
8227,137.116667,,0,B,0.14361,0.74745,0.10954,0.00784,frames/frame_008227.jpg
8228,137.133333,,0,B,0.15971,0.66726,0.11360,0.03211,frames/frame_008228.jpg
8229,137.150000,,0,B,0.16257,0.66897,0.11252,0.00881,frames/frame_008229.jpg
8230,137.166667,,0,P,0.14741,0.75082,0.11132,0.02499,frames/frame_008230.jpg
8231,137.183333,,0,B,0.14910,0.74198,0.11281,0.00669,frames/frame_008231.jpg
8232,137.200000,,0,B,0.14584,0.74178,0.11119,0.01333,frames/frame_008232.jpg
8233,137.216667,,0,B,0.14639,0.73770,0.11063,0.00690,frames/frame_008233.jpg
8234,137.233333,,0,P,0.14502,0.74501,0.11032,0.00669,frames/frame_008234.jpg
8235,137.250000,,0,B,0.14596,0.73300,0.11139,0.00752,frames/frame_008235.jpg
8236,137.266667,,0,B,0.14705,0.72374,0.11078,0.01081,frames/frame_008236.jpg
8237,137.283333,,0,B,0.16258,0.65415,0.11255,0.02762,frames/frame_008237.jpg
8238,137.300000,,0,P,0.14728,0.74165,0.11231,0.02427,frames/frame_008238.jpg
8239,137.316667,,0,B,0.14777,0.73050,0.11448,0.01161,frames/frame_008239.jpg
8240,137.333333,,0,B,0.14792,0.73227,0.11279,0.01633,frames/frame_008240.jpg
8241,137.350000,,0,B,0.14554,0.72900,0.11154,0.00817,frames/frame_008241.jpg
8242,137.366667,,0,P,0.14334,0.73514,0.11047,0.00753,frames/frame_008242.jpg
8243,137.383333,,0,B,0.14414,0.72322,0.11065,0.00735,frames/frame_008243.jpg
8244,137.400000,,0,B,0.14409,0.72130,0.11208,0.00613,frames/frame_008244.jpg
8245,137.416667,,0,B,0.14757,0.72068,0.11271,0.00707,frames/frame_008245.jpg
8246,137.433333,,0,P,0.16846,0.63195,0.11646,0.03607,frames/frame_008246.jpg
8247,137.450000,,0,B,0.16531,0.63280,0.11618,0.00954,frames/frame_008247.jpg
8248,137.466667,,0,B,0.14904,0.71563,0.11499,0.02648,frames/frame_008248.jpg
8249,137.483333,,0,B,0.14819,0.71310,0.11357,0.01443,frames/frame_008249.jpg
8250,137.500000,,0,P,0.14702,0.72199,0.11300,0.00778,frames/frame_008250.jpg
8251,137.516667,,0,B,0.14648,0.71247,0.11225,0.00716,frames/frame_008251.jpg
8252,137.533333,,0,B,0.14852,0.71411,0.11431,0.00827,frames/frame_008252.jpg
8253,137.550000,,0,B,0.14619,0.71181,0.11188,0.01530,frames/frame_008253.jpg
8254,137.566667,,0,P,0.14220,0.71636,0.10979,0.00990,frames/frame_008254.jpg
8255,137.583333,,0,B,0.15561,0.64933,0.11270,0.02470,frames/frame_008255.jpg
8256,137.600000,,0,B,0.15026,0.69736,0.11277,0.01773,frames/frame_008256.jpg
8257,137.616667,,0,B,0.14654,0.70976,0.11137,0.01382,frames/frame_008257.jpg
8258,137.633333,,0,P,0.14560,0.71963,0.11289,0.01028,frames/frame_008258.jpg
8259,137.650000,,0,B,0.14595,0.70713,0.11308,0.00672,frames/frame_008259.jpg
8260,137.666667,,0,B,0.14393,0.70791,0.11151,0.00700,frames/frame_008260.jpg
8261,137.683333,,0,B,0.14550,0.70624,0.11234,0.00726,frames/frame_008261.jpg
8262,137.700000,,0,P,0.14251,0.71202,0.11176,0.01372,frames/frame_008262.jpg
8263,137.716667,,0,B,0.14522,0.70079,0.11197,0.00824,frames/frame_008263.jpg
8264,137.733333,,0,B,0.15417,0.64794,0.11462,0.01783,frames/frame_008264.jpg
8265,137.750000,,0,B,0.15942,0.62806,0.11632,0.01831,frames/frame_008265.jpg
8266,137.766667,,0,P,0.14748,0.70413,0.11251,0.02030,frames/frame_008266.jpg
8267,137.783333,,0,B,0.15061,0.69571,0.11533,0.01069,frames/frame_008267.jpg
8268,137.800000,,0,B,0.14614,0.69475,0.11381,0.01034,frames/frame_008268.jpg
8269,137.816667,,0,B,0.14496,0.69194,0.11279,0.00710,frames/frame_008269.jpg
8270,137.833333,,0,P,0.14583,0.69978,0.11331,0.00825,frames/frame_008270.jpg
8271,137.850000,,0,B,0.15197,0.69142,0.11795,0.01474,frames/frame_008271.jpg
8272,137.866667,,0,B,0.15129,0.69126,0.11669,0.00795,frames/frame_008272.jpg
8273,137.883333,,0,B,0.16877,0.61013,0.11724,0.02888,frames/frame_008273.jpg
8274,137.900000,,0,P,0.15835,0.62225,0.11532,0.02514,frames/frame_008274.jpg
8275,137.916667,,0,B,0.15240,0.67519,0.11526,0.02311,frames/frame_008275.jpg
8276,137.933333,,0,B,0.15082,0.68008,0.11339,0.00911,frames/frame_008276.jpg
8277,137.950000,,0,B,0.15179,0.67738,0.11305,0.00787,frames/frame_008277.jpg
8278,137.966667,,0,P,0.15223,0.68501,0.11507,0.00688,frames/frame_008278.jpg
8279,137.983333,,0,P,0.15208,0.68370,0.11521,0.01179,frames/frame_008279.jpg
8280,138.000000,,1,I,0.14940,0.67443,0.11380,0.00989,frames/frame_008280.jpg
8281,138.016667,,0,B,0.15219,0.65404,0.11232,0.01044,frames/frame_008281.jpg
8282,138.033333,,0,B,0.16750,0.59177,0.11814,0.02937,frames/frame_008282.jpg
8283,138.050000,,0,B,0.15727,0.66146,0.11718,0.02666,frames/frame_008283.jpg
8284,138.066667,,0,P,0.15740,0.66742,0.11772,0.00827,frames/frame_008284.jpg
8285,138.083333,,0,B,0.15646,0.65940,0.11846,0.01044,frames/frame_008285.jpg
8286,138.100000,,0,B,0.15707,0.66091,0.11817,0.01306,frames/frame_008286.jpg
8287,138.116667,,0,B,0.15417,0.65582,0.11585,0.00805,frames/frame_008287.jpg
8288,138.133333,,0,P,0.15327,0.66246,0.11667,0.00596,frames/frame_008288.jpg
8289,138.150000,,0,B,0.15555,0.65745,0.11852,0.00705,frames/frame_008289.jpg
8290,138.166667,,0,B,0.15302,0.66007,0.11527,0.01680,frames/frame_008290.jpg
8291,138.183333,,0,B,0.16342,0.57930,0.11454,0.02520,frames/frame_008291.jpg
8292,138.200000,,0,P,0.16549,0.57788,0.11361,0.01402,frames/frame_008292.jpg
8293,138.216667,,0,B,0.15439,0.64541,0.11544,0.02295,frames/frame_008293.jpg
8294,138.233333,,0,B,0.15262,0.64122,0.11632,0.01080,frames/frame_008294.jpg
8295,138.250000,,0,B,0.15360,0.64203,0.11489,0.01367,frames/frame_008295.jpg
8296,138.266667,,0,P,0.15394,0.64837,0.11344,0.00800,frames/frame_008296.jpg
8297,138.283333,,0,B,0.15488,0.64358,0.11413,0.00759,frames/frame_008297.jpg
8298,138.300000,,0,B,0.15323,0.64434,0.11470,0.00873,frames/frame_008298.jpg
8299,138.316667,,0,B,0.15247,0.64091,0.11507,0.01423,frames/frame_008299.jpg
8300,138.333333,,0,P,0.15288,0.65298,0.11457,0.00897,frames/frame_008300.jpg
8301,138.350000,,0,B,0.15280,0.64694,0.11528,0.00715,frames/frame_008301.jpg
8302,138.366667,,0,B,0.15309,0.64938,0.11320,0.01685,frames/frame_008302.jpg
8303,138.383333,,0,B,0.15024,0.64581,0.11130,0.00791,frames/frame_008303.jpg
8304,138.400000,,0,P,0.15015,0.64958,0.11125,0.00770,frames/frame_008304.jpg
8305,138.416667,,0,B,0.15137,0.64783,0.11356,0.00640,frames/frame_008305.jpg
8306,138.433333,,0,B,0.15128,0.64909,0.11390,0.01579,frames/frame_008306.jpg
8307,138.450000,,0,B,0.15262,0.64739,0.11379,0.00641,frames/frame_008307.jpg
8308,138.466667,,0,P,0.15398,0.65317,0.11440,0.00746,frames/frame_008308.jpg
8309,138.483333,,0,B,0.16695,0.56242,0.11722,0.02998,frames/frame_008309.jpg
8310,138.500000,,0,B,0.16725,0.61800,0.12110,0.03154,frames/frame_008310.jpg
8311,138.516667,,0,B,0.16217,0.64114,0.12077,0.02483,frames/frame_008311.jpg
8312,138.533333,,0,P,0.16330,0.64663,0.12126,0.01396,frames/frame_008312.jpg
8313,138.550000,,0,B,0.16140,0.63828,0.11775,0.01032,frames/frame_008313.jpg
8314,138.566667,,0,B,0.16040,0.64145,0.11735,0.00679,frames/frame_008314.jpg
8315,138.583333,,0,B,0.16292,0.63827,0.11907,0.00708,frames/frame_008315.jpg
8316,138.600000,,0,P,0.15859,0.64195,0.11789,0.01541,frames/frame_008316.jpg
8317,138.616667,,0,B,0.16067,0.63628,0.11774,0.00729,frames/frame_008317.jpg
8318,138.633333,,0,B,0.17800,0.55291,0.12211,0.03095,frames/frame_008318.jpg
8319,138.650000,,0,B,0.17676,0.57012,0.11729,0.02325,frames/frame_008319.jpg
8320,138.666667,,0,P,0.16321,0.65164,0.11469,0.03249,frames/frame_008320.jpg
8321,138.683333,,0,B,0.16824,0.64660,0.11898,0.01679,frames/frame_008321.jpg
8322,138.700000,,0,B,0.16432,0.64819,0.11629,0.01038,frames/frame_008322.jpg
8323,138.716667,,0,B,0.16457,0.64429,0.11728,0.00686,frames/frame_008323.jpg
8324,138.733333,,0,P,0.16472,0.64998,0.11726,0.00614,frames/frame_008324.jpg
8325,138.750000,,0,B,0.16013,0.63858,0.11463,0.01924,frames/frame_008325.jpg
8326,138.766667,,0,B,0.16142,0.64239,0.11412,0.00720,frames/frame_008326.jpg
8327,138.783333,,0,B,0.17700,0.55092,0.11586,0.02961,frames/frame_008327.jpg
8328,138.800000,,0,P,0.17164,0.55355,0.11286,0.02006,frames/frame_008328.jpg
8329,138.816667,,0,B,0.16099,0.62638,0.11277,0.02324,frames/frame_008329.jpg
8330,138.833333,,0,B,0.16220,0.63016,0.11316,0.01079,frames/frame_008330.jpg
8331,138.850000,,0,B,0.16083,0.62656,0.11095,0.00961,frames/frame_008331.jpg
8332,138.866667,,0,P,0.16067,0.63142,0.11136,0.00840,frames/frame_008332.jpg
8333,138.883333,,0,B,0.15997,0.62530,0.11446,0.01346,frames/frame_008333.jpg
8334,138.900000,,0,B,0.16029,0.62716,0.11386,0.00785,frames/frame_008334.jpg
8335,138.916667,,0,B,0.16174,0.62697,0.11435,0.00836,frames/frame_008335.jpg
8336,138.933333,,0,P,0.15857,0.63148,0.11118,0.01785,frames/frame_008336.jpg
8337,138.950000,,0,B,0.16196,0.63363,0.11128,0.00864,frames/frame_008337.jpg
8338,138.966667,,0,P,0.16578,0.63936,0.11485,0.01599,frames/frame_008338.jpg
8339,138.983333,,0,B,0.16152,0.63303,0.11434,0.00943,frames/frame_008339.jpg
8340,139.000000,,0,P,0.16263,0.63641,0.11658,0.00676,frames/frame_008340.jpg
8341,139.016667,,0,B,0.15817,0.63138,0.11306,0.01086,frames/frame_008341.jpg
8342,139.033333,,0,B,0.15905,0.63239,0.11455,0.00590,frames/frame_008342.jpg
8343,139.050000,,0,B,0.16203,0.63343,0.11607,0.00618,frames/frame_008343.jpg
8344,139.066667,,0,P,0.16147,0.63416,0.11449,0.01641,frames/frame_008344.jpg
8345,139.083333,,0,B,0.17936,0.54117,0.11945,0.03139,frames/frame_008345.jpg
8346,139.100000,,0,B,0.17509,0.54212,0.11578,0.02551,frames/frame_008346.jpg
8347,139.116667,,0,B,0.16537,0.61982,0.11616,0.02560,frames/frame_008347.jpg
8348,139.133333,,0,P,0.16517,0.63002,0.11743,0.01022,frames/frame_008348.jpg
8349,139.150000,,0,B,0.16506,0.62189,0.11709,0.00884,frames/frame_008349.jpg
8350,139.166667,,0,B,0.16384,0.62142,0.11465,0.01273,frames/frame_008350.jpg
8351,139.183333,,0,B,0.16505,0.61892,0.11550,0.00712,frames/frame_008351.jpg
8352,139.200000,,0,P,0.16646,0.62404,0.11608,0.00677,frames/frame_008352.jpg
8353,139.216667,,0,B,0.16583,0.60307,0.11336,0.02137,frames/frame_008353.jpg
8354,139.233333,,0,B,0.18380,0.55710,0.11946,0.03550,frames/frame_008354.jpg
8355,139.250000,,0,B,0.17327,0.63820,0.11525,0.03269,frames/frame_008355.jpg
8356,139.266667,,0,P,0.17071,0.63827,0.11502,0.01249,frames/frame_008356.jpg
8357,139.283333,,0,B,0.17006,0.63125,0.11436,0.01260,frames/frame_008357.jpg
8358,139.300000,,0,B,0.17286,0.63337,0.11662,0.01409,frames/frame_008358.jpg
8359,139.316667,,0,B,0.17387,0.62984,0.11666,0.00975,frames/frame_008359.jpg
8360,139.333333,,0,P,0.16941,0.63125,0.11464,0.00941,frames/frame_008360.jpg
8361,139.350000,,0,B,0.17232,0.63098,0.12030,0.01158,frames/frame_008361.jpg
8362,139.366667,,0,P,0.17082,0.63394,0.11844,0.01161,frames/frame_008362.jpg
8363,139.383333,,0,B,0.17028,0.62967,0.11635,0.01490,frames/frame_008363.jpg
8364,139.400000,,0,P,0.16632,0.63013,0.11179,0.01253,frames/frame_008364.jpg
8365,139.416667,,0,B,0.16995,0.62979,0.11338,0.01443,frames/frame_008365.jpg
8366,139.433333,,0,P,0.16676,0.62341,0.11202,0.00748,frames/frame_008366.jpg
8367,139.450000,,0,B,0.16672,0.62008,0.11384,0.00887,frames/frame_008367.jpg
8368,139.466667,,0,B,0.18052,0.52844,0.11649,0.02858,frames/frame_008368.jpg
8369,139.483333,,0,B,0.18306,0.53115,0.11499,0.01169,frames/frame_008369.jpg
8370,139.500000,,0,P,0.17240,0.61206,0.11558,0.02504,frames/frame_008370.jpg
8371,139.516667,,0,B,0.17293,0.60509,0.11786,0.01170,frames/frame_008371.jpg
8372,139.533333,,0,B,0.17363,0.60880,0.11695,0.01267,frames/frame_008372.jpg
8373,139.550000,,0,B,0.17649,0.60779,0.11914,0.00655,frames/frame_008373.jpg
8374,139.566667,,0,P,0.16900,0.60712,0.11341,0.01901,frames/frame_008374.jpg
8375,139.583333,,0,B,0.17152,0.60507,0.11415,0.00698,frames/frame_008375.jpg
8376,139.600000,,0,B,0.17106,0.60474,0.11398,0.01332,frames/frame_008376.jpg
8377,139.616667,,0,B,0.17291,0.60514,0.11588,0.00847,frames/frame_008377.jpg
8378,139.633333,,0,P,0.16948,0.60739,0.11444,0.00854,frames/frame_008378.jpg
8379,139.650000,,0,B,0.17277,0.60709,0.11288,0.01273,frames/frame_008379.jpg
8380,139.666667,,0,P,0.16977,0.60649,0.11211,0.00728,frames/frame_008380.jpg
8381,139.683333,,0,B,0.16991,0.60486,0.11470,0.01147,frames/frame_008381.jpg
8382,139.700000,,0,B,0.16990,0.60600,0.11558,0.00466,frames/frame_008382.jpg
8383,139.716667,,0,B,0.17054,0.60522,0.11363,0.01107,frames/frame_008383.jpg
8384,139.733333,,0,P,0.17264,0.61048,0.11480,0.00635,frames/frame_008384.jpg
8385,139.750000,,0,B,0.17122,0.62199,0.11190,0.01960,frames/frame_008385.jpg
8386,139.766667,,0,B,0.17584,0.63166,0.11486,0.01655,frames/frame_008386.jpg
8387,139.783333,,0,B,0.17121,0.62568,0.11311,0.01577,frames/frame_008387.jpg
8388,139.800000,,0,P,0.17376,0.62642,0.11391,0.01491,frames/frame_008388.jpg
8389,139.816667,,0,P,0.17495,0.62451,0.11381,0.00904,frames/frame_008389.jpg
8390,139.833333,,0,B,0.17452,0.60843,0.11373,0.01961,frames/frame_008390.jpg
8391,139.850000,,0,B,0.17348,0.60625,0.11202,0.01685,frames/frame_008391.jpg
8392,139.866667,,0,B,0.17310,0.60202,0.11195,0.00599,frames/frame_008392.jpg
8393,139.883333,,0,P,0.17606,0.60440,0.11291,0.01590,frames/frame_008393.jpg
8394,139.900000,,0,B,0.17860,0.60058,0.11361,0.00761,frames/frame_008394.jpg
8395,139.916667,,0,B,0.18692,0.51737,0.12014,0.03043,frames/frame_008395.jpg
8396,139.933333,,0,B,0.17980,0.52699,0.11351,0.02202,frames/frame_008396.jpg
8397,139.950000,,0,P,0.17636,0.58513,0.11489,0.02301,frames/frame_008397.jpg
8398,139.966667,,0,B,0.17726,0.57745,0.11625,0.01183,frames/frame_008398.jpg
8399,139.983333,,0,B,0.17970,0.59833,0.11638,0.01053,frames/frame_008399.jpg
8400,140.000000,,0,B,0.18377,0.59619,0.11608,0.01651,frames/frame_008400.jpg
8401,140.016667,,0,P,0.17953,0.59699,0.11348,0.01352,frames/frame_008401.jpg
8402,140.033333,,0,B,0.18206,0.59411,0.11850,0.01134,frames/frame_008402.jpg
8403,140.050000,,0,B,0.17918,0.59400,0.11319,0.01470,frames/frame_008403.jpg
8404,140.066667,,0,B,0.18340,0.59372,0.11925,0.01328,frames/frame_008404.jpg
8405,140.083333,,0,P,0.18145,0.59342,0.11626,0.01143,frames/frame_008405.jpg
8406,140.100000,,0,B,0.17974,0.59101,0.11444,0.00981,frames/frame_008406.jpg
8407,140.116667,,0,B,0.18286,0.59266,0.11467,0.01419,frames/frame_008407.jpg
8408,140.133333,,0,B,0.18238,0.59209,0.11491,0.00662,frames/frame_008408.jpg
8409,140.150000,,0,P,0.17564,0.59021,0.11277,0.01937,frames/frame_008409.jpg
8410,140.166667,,0,B,0.17601,0.58970,0.10984,0.01343,frames/frame_008410.jpg
8411,140.183333,,0,B,0.17830,0.58284,0.11123,0.00855,frames/frame_008411.jpg
8412,140.200000,,0,P,0.17604,0.58453,0.11102,0.00824,frames/frame_008412.jpg
8413,140.216667,,0,B,0.18705,0.49863,0.11702,0.03087,frames/frame_008413.jpg
8414,140.233333,,0,B,0.18788,0.49881,0.11993,0.01339,frames/frame_008414.jpg
8415,140.250000,,0,B,0.18448,0.56877,0.12028,0.02488,frames/frame_008415.jpg
8416,140.266667,,0,P,0.18356,0.57333,0.11711,0.01488,frames/frame_008416.jpg
8417,140.283333,,0,B,0.18599,0.57062,0.11816,0.00922,frames/frame_008417.jpg
8418,140.300000,,0,B,0.18379,0.56973,0.11809,0.01261,frames/frame_008418.jpg
8419,140.316667,,0,B,0.18411,0.56801,0.11834,0.01167,frames/frame_008419.jpg
8420,140.333333,,0,P,0.18369,0.57312,0.11807,0.01341,frames/frame_008420.jpg
8421,140.350000,,0,B,0.18437,0.56895,0.11686,0.01848,frames/frame_008421.jpg
8422,140.366667,,0,B,0.18499,0.57021,0.11676,0.00535,frames/frame_008422.jpg
8423,140.383333,,0,B,0.18837,0.57075,0.11915,0.01724,frames/frame_008423.jpg
8424,140.400000,,0,P,0.18553,0.57185,0.11757,0.00985,frames/frame_008424.jpg
8425,140.416667,,0,B,0.18185,0.56917,0.11463,0.01742,frames/frame_008425.jpg
8426,140.433333,,0,B,0.17927,0.58798,0.11186,0.02025,frames/frame_008426.jpg
8427,140.450000,,0,B,0.18170,0.58861,0.11338,0.01178,frames/frame_008427.jpg
8428,140.466667,,0,P,0.18228,0.58866,0.11601,0.00731,frames/frame_008428.jpg
8429,140.483333,,0,B,0.18131,0.58307,0.11390,0.01147,frames/frame_008429.jpg
8430,140.500000,,0,P,0.18375,0.55850,0.11561,0.01557,frames/frame_008430.jpg
8431,140.516667,,0,B,0.19213,0.50181,0.11765,0.02231,frames/frame_008431.jpg
8432,140.533333,,0,B,0.19101,0.57783,0.11851,0.02715,frames/frame_008432.jpg
8433,140.550000,,0,B,0.18619,0.57106,0.11522,0.01500,frames/frame_008433.jpg
8434,140.566667,,0,P,0.18491,0.57282,0.11506,0.01205,frames/frame_008434.jpg
8435,140.583333,,0,B,0.18624,0.56903,0.11610,0.01000,frames/frame_008435.jpg
8436,140.600000,,0,B,0.18649,0.56846,0.11640,0.00997,frames/frame_008436.jpg
8437,140.616667,,0,B,0.18490,0.56547,0.11532,0.01363,frames/frame_008437.jpg
8438,140.633333,,0,P,0.18608,0.56392,0.11709,0.01506,frames/frame_008438.jpg
8439,140.650000,,0,B,0.18484,0.56079,0.11554,0.00798,frames/frame_008439.jpg
8440,140.666667,,0,P,0.18567,0.56091,0.11730,0.01171,frames/frame_008440.jpg
8441,140.683333,,0,B,0.18147,0.55657,0.11295,0.01551,frames/frame_008441.jpg
8442,140.700000,,0,P,0.18205,0.56081,0.11293,0.01098,frames/frame_008442.jpg
8443,140.716667,,0,B,0.18240,0.55881,0.11393,0.00694,frames/frame_008443.jpg
8444,140.733333,,0,B,0.18271,0.55933,0.11276,0.00969,frames/frame_008444.jpg
8445,140.750000,,0,B,0.18270,0.55999,0.11375,0.00846,frames/frame_008445.jpg
8446,140.766667,,0,P,0.18247,0.56231,0.11458,0.01008,frames/frame_008446.jpg
8447,140.783333,,0,B,0.18145,0.55885,0.11300,0.01369,frames/frame_008447.jpg
8448,140.800000,,0,B,0.19049,0.50549,0.11987,0.02564,frames/frame_008448.jpg
8449,140.816667,,0,B,0.19664,0.48339,0.11893,0.02046,frames/frame_008449.jpg
8450,140.833333,,0,P,0.18533,0.55927,0.11474,0.02894,frames/frame_008450.jpg
8451,140.850000,,0,B,0.18754,0.55560,0.11692,0.00734,frames/frame_008451.jpg
8452,140.866667,,0,B,0.18920,0.55757,0.11891,0.01415,frames/frame_008452.jpg
8453,140.883333,,0,B,0.18922,0.57303,0.11567,0.01896,frames/frame_008453.jpg
8454,140.900000,,0,P,0.18948,0.57496,0.11791,0.01314,frames/frame_008454.jpg
8455,140.916667,,0,B,0.18629,0.56664,0.11543,0.01724,frames/frame_008455.jpg
8456,140.933333,,0,B,0.18856,0.56784,0.11671,0.01428,frames/frame_008456.jpg
8457,140.950000,,0,B,0.19026,0.56725,0.11739,0.00858,frames/frame_008457.jpg
8458,140.966667,,0,P,0.19558,0.49015,0.11843,0.02924,frames/frame_008458.jpg
8459,140.983333,,0,P,0.19910,0.48871,0.12117,0.01830,frames/frame_008459.jpg
8460,141.000000,,1,I,0.19136,0.55747,0.11709,0.02622,frames/frame_008460.jpg
8461,141.016667,,0,B,0.19024,0.55140,0.11844,0.01193,frames/frame_008461.jpg
8462,141.033333,,0,B,0.19164,0.55210,0.11757,0.01106,frames/frame_008462.jpg
8463,141.050000,,0,B,0.19116,0.55045,0.11748,0.00792,frames/frame_008463.jpg
8464,141.066667,,0,P,0.18980,0.55437,0.11837,0.01303,frames/frame_008464.jpg
8465,141.083333,,0,B,0.18811,0.54408,0.11650,0.01760,frames/frame_008465.jpg
8466,141.100000,,0,B,0.19307,0.55604,0.12001,0.01653,frames/frame_008466.jpg
8467,141.116667,,0,B,0.19018,0.56582,0.11870,0.02172,frames/frame_008467.jpg
8468,141.133333,,0,P,0.18866,0.56757,0.11988,0.01186,frames/frame_008468.jpg
8469,141.150000,,0,B,0.18525,0.56123,0.11431,0.01431,frames/frame_008469.jpg
8470,141.166667,,0,B,0.19167,0.48824,0.11619,0.02511,frames/frame_008470.jpg
8471,141.183333,,0,B,0.19370,0.48843,0.12002,0.01479,frames/frame_008471.jpg
8472,141.200000,,0,P,0.18762,0.56147,0.12072,0.02522,frames/frame_008472.jpg
8473,141.216667,,0,B,0.18757,0.55323,0.11519,0.01539,frames/frame_008473.jpg
8474,141.233333,,0,B,0.18741,0.55527,0.11566,0.01140,frames/frame_008474.jpg
8475,141.250000,,0,B,0.18944,0.55671,0.11678,0.01015,frames/frame_008475.jpg
8476,141.266667,,0,P,0.19065,0.56781,0.11721,0.01094,frames/frame_008476.jpg
8477,141.283333,,0,B,0.18867,0.56497,0.11596,0.01015,frames/frame_008477.jpg
8478,141.300000,,0,P,0.18744,0.56832,0.11706,0.01198,frames/frame_008478.jpg
8479,141.316667,,0,B,0.18779,0.56232,0.11722,0.00973,frames/frame_008479.jpg
8480,141.333333,,0,P,0.18558,0.56235,0.11518,0.00944,frames/frame_008480.jpg
8481,141.350000,,0,B,0.18933,0.56380,0.11792,0.01400,frames/frame_008481.jpg
8482,141.366667,,0,P,0.18911,0.56624,0.11879,0.01263,frames/frame_008482.jpg
8483,141.383333,,0,B,0.18834,0.56440,0.11391,0.01460,frames/frame_008483.jpg
8484,141.400000,,0,P,0.18703,0.56621,0.11610,0.00937,frames/frame_008484.jpg
8485,141.416667,,0,B,0.18614,0.56429,0.11545,0.00800,frames/frame_008485.jpg
8486,141.433333,,0,B,0.18673,0.56576,0.11650,0.00942,frames/frame_008486.jpg
8487,141.450000,,0,B,0.18879,0.56254,0.11751,0.01179,frames/frame_008487.jpg
8488,141.466667,,0,P,0.18551,0.55904,0.11554,0.01530,frames/frame_008488.jpg
8489,141.483333,,0,B,0.18314,0.55707,0.11499,0.01579,frames/frame_008489.jpg
8490,141.500000,,0,B,0.18306,0.55733,0.11410,0.01028,frames/frame_008490.jpg
8491,141.516667,,0,B,0.18369,0.55589,0.11397,0.00681,frames/frame_008491.jpg
8492,141.533333,,0,P,0.18500,0.55990,0.11497,0.01027,frames/frame_008492.jpg
8493,141.550000,,0,B,0.19656,0.47524,0.11985,0.02866,frames/frame_008493.jpg
8494,141.566667,,0,B,0.19679,0.47642,0.12009,0.01550,frames/frame_008494.jpg
8495,141.583333,,0,B,0.19188,0.54906,0.12168,0.02743,frames/frame_008495.jpg
8496,141.600000,,0,P,0.19123,0.54378,0.11942,0.01300,frames/frame_008496.jpg
8497,141.616667,,0,B,0.19312,0.54025,0.12285,0.01106,frames/frame_008497.jpg
8498,141.633333,,0,P,0.49886,0.21524,0.07565,0.32304,frames/frame_008498.jpg
8499,141.650000,,0,B,0.47099,0.21577,0.07515,0.02676,frames/frame_008499.jpg
8500,141.666667,,0,B,0.44156,0.22222,0.07560,0.02901,frames/frame_008500.jpg
8501,141.683333,,0,B,0.41473,0.22604,0.07562,0.02533,frames/frame_008501.jpg
8502,141.700000,,0,P,0.38583,0.23460,0.07542,0.02926,frames/frame_008502.jpg
8503,141.716667,,0,B,0.36641,0.23414,0.07620,0.01773,frames/frame_008503.jpg
8504,141.733333,,0,B,0.34535,0.24297,0.07664,0.02076,frames/frame_008504.jpg
8505,141.750000,,0,B,0.32517,0.24668,0.07759,0.01898,frames/frame_008505.jpg
8506,141.766667,,0,P,0.30361,0.25384,0.07757,0.02208,frames/frame_008506.jpg
8507,141.783333,,0,B,0.29051,0.25350,0.07875,0.01197,frames/frame_008507.jpg
8508,141.800000,,0,B,0.27516,0.26087,0.07981,0.01529,frames/frame_008508.jpg
8509,141.816667,,0,B,0.26136,0.26723,0.08052,0.01321,frames/frame_008509.jpg
8510,141.833333,,0,P,0.24632,0.27516,0.08246,0.01761,frames/frame_008510.jpg
8511,141.850000,,0,B,0.23828,0.27289,0.08322,0.00762,frames/frame_008511.jpg
8512,141.866667,,0,B,0.22796,0.28315,0.08418,0.01057,frames/frame_008512.jpg
8513,141.883333,,0,B,0.21915,0.28802,0.08494,0.00861,frames/frame_008513.jpg
8514,141.900000,,0,P,0.20782,0.29467,0.08571,0.01221,frames/frame_008514.jpg
8515,141.916667,,0,B,0.20140,0.29451,0.08686,0.00625,frames/frame_008515.jpg
8516,141.933333,,0,B,0.19290,0.30586,0.08776,0.00854,frames/frame_008516.jpg
8517,141.950000,,0,B,0.18295,0.31345,0.08881,0.00934,frames/frame_008517.jpg
8518,141.966667,,0,P,0.17142,0.32459,0.08912,0.01213,frames/frame_008518.jpg
8519,141.983333,,0,B,0.16399,0.32470,0.09000,0.00750,frames/frame_008519.jpg
8520,142.000000,,0,P,0.15490,0.33668,0.09074,0.00923,frames/frame_008520.jpg
8521,142.016667,,0,P,0.14814,0.34827,0.09087,0.00685,frames/frame_008521.jpg
8522,142.033333,,0,B,0.14275,0.35990,0.09123,0.00572,frames/frame_008522.jpg
8523,142.050000,,0,B,0.14072,0.36531,0.09194,0.00351,frames/frame_008523.jpg
8524,142.066667,,0,P,0.13670,0.38002,0.09211,0.00501,frames/frame_008524.jpg
8525,142.083333,,0,B,0.14594,0.38276,0.09315,0.01072,frames/frame_008525.jpg
8526,142.100000,,0,P,0.15156,0.38852,0.09230,0.01208,frames/frame_008526.jpg
8527,142.116667,,0,B,0.15141,0.39325,0.09298,0.00277,frames/frame_008527.jpg
8528,142.133333,,0,P,0.14959,0.40369,0.09345,0.00335,frames/frame_008528.jpg
8529,142.150000,,0,B,0.14932,0.40680,0.09347,0.00241,frames/frame_008529.jpg
8530,142.166667,,0,P,0.14740,0.41653,0.09350,0.00348,frames/frame_008530.jpg
8531,142.183333,,0,B,0.14730,0.41910,0.09345,0.00224,frames/frame_008531.jpg
8532,142.200000,,0,P,0.14632,0.42412,0.09381,0.00262,frames/frame_008532.jpg
8533,142.216667,,0,B,0.14613,0.42506,0.09379,0.00217,frames/frame_008533.jpg
8534,142.233333,,0,P,0.14413,0.43358,0.09394,0.00326,frames/frame_008534.jpg
8535,142.250000,,0,B,0.14428,0.43453,0.09409,0.00201,frames/frame_008535.jpg
8536,142.266667,,0,P,0.14380,0.43890,0.09406,0.00204,frames/frame_008536.jpg
8537,142.283333,,0,B,0.14526,0.43935,0.09509,0.00391,frames/frame_008537.jpg
8538,142.300000,,0,P,0.14446,0.44504,0.09541,0.00236,frames/frame_008538.jpg
8539,142.316667,,0,B,0.14457,0.44124,0.09542,0.00173,frames/frame_008539.jpg
8540,142.333333,,0,P,0.14422,0.44515,0.09535,0.00183,frames/frame_008540.jpg
8541,142.350000,,0,B,0.14431,0.44264,0.09534,0.00179,frames/frame_008541.jpg
8542,142.366667,,0,P,0.14369,0.44724,0.09541,0.00221,frames/frame_008542.jpg
8543,142.383333,,0,B,0.14323,0.44295,0.09554,0.00237,frames/frame_008543.jpg
8544,142.400000,,0,P,0.14131,0.44649,0.09608,0.00303,frames/frame_008544.jpg
8545,142.416667,,0,B,0.13568,0.44853,0.09640,0.00622,frames/frame_008545.jpg
8546,142.433333,,0,P,0.12849,0.45685,0.09603,0.00757,frames/frame_008546.jpg
8547,142.450000,,0,B,0.12458,0.45828,0.09621,0.00468,frames/frame_008547.jpg
8548,142.466667,,0,P,0.11969,0.46366,0.09601,0.00541,frames/frame_008548.jpg
8549,142.483333,,0,B,0.11929,0.46212,0.09584,0.00201,frames/frame_008549.jpg
8550,142.500000,,0,B,0.11836,0.46324,0.09576,0.00207,frames/frame_008550.jpg
8551,142.516667,,0,B,0.12073,0.46125,0.09610,0.00322,frames/frame_008551.jpg
8552,142.533333,,0,P,0.13365,0.45374,0.09603,0.01256,frames/frame_008552.jpg
8553,142.550000,,0,B,0.13925,0.44920,0.09446,0.00954,frames/frame_008553.jpg
8554,142.566667,,0,P,0.13940,0.45426,0.09450,0.00144,frames/frame_008554.jpg
8555,142.583333,,0,B,0.13969,0.45010,0.09448,0.00167,frames/frame_008555.jpg
8556,142.600000,,0,P,0.13950,0.45133,0.09443,0.00165,frames/frame_008556.jpg
8557,142.616667,,0,B,0.13969,0.44963,0.09455,0.00153,frames/frame_008557.jpg
8558,142.633333,,0,B,0.13961,0.45048,0.09443,0.00108,frames/frame_008558.jpg
8559,142.650000,,0,B,0.13971,0.44983,0.09449,0.00113,frames/frame_008559.jpg
8560,142.666667,,0,P,0.13948,0.45153,0.09459,0.00155,frames/frame_008560.jpg
8561,142.683333,,0,B,0.13966,0.44971,0.09452,0.00150,frames/frame_008561.jpg
8562,142.700000,,0,B,0.13953,0.44993,0.09460,0.00120,frames/frame_008562.jpg
8563,142.716667,,0,B,0.13963,0.44913,0.09442,0.00116,frames/frame_008563.jpg
8564,142.733333,,0,P,0.14099,0.45414,0.09578,0.00381,frames/frame_008564.jpg
8565,142.750000,,0,B,0.14138,0.45089,0.09573,0.00184,frames/frame_008565.jpg
8566,142.766667,,0,P,0.14119,0.45428,0.09559,0.00187,frames/frame_008566.jpg
8567,142.783333,,0,B,0.14144,0.45257,0.09551,0.00176,frames/frame_008567.jpg
8568,142.800000,,0,P,0.14127,0.45359,0.09550,0.00139,frames/frame_008568.jpg
8569,142.816667,,0,B,0.14145,0.45103,0.09557,0.00160,frames/frame_008569.jpg
8570,142.833333,,0,P,0.14116,0.45358,0.09575,0.00186,frames/frame_008570.jpg
8571,142.850000,,0,B,0.13737,0.45058,0.09584,0.00454,frames/frame_008571.jpg
8572,142.866667,,0,B,0.13231,0.45379,0.09596,0.00526,frames/frame_008572.jpg
8573,142.883333,,0,B,0.12757,0.45756,0.09602,0.00497,frames/frame_008573.jpg
8574,142.900000,,0,P,0.12175,0.46475,0.09609,0.00631,frames/frame_008574.jpg
8575,142.916667,,0,B,0.12004,0.46462,0.09595,0.00259,frames/frame_008575.jpg
8576,142.933333,,0,P,0.11802,0.46572,0.09590,0.00292,frames/frame_008576.jpg
8577,142.950000,,0,B,0.11858,0.46531,0.09588,0.00168,frames/frame_008577.jpg
8578,142.966667,,0,P,0.12009,0.46637,0.09587,0.00307,frames/frame_008578.jpg
8579,142.983333,,0,B,0.13009,0.45730,0.09602,0.00993,frames/frame_008579.jpg
8580,143.000000,,0,P,0.13791,0.45468,0.09532,0.00941,frames/frame_008580.jpg
8581,143.016667,,0,B,0.13768,0.45265,0.09438,0.00255,frames/frame_008581.jpg
8582,143.033333,,0,P,0.13768,0.45401,0.09454,0.00131,frames/frame_008582.jpg
8583,143.050000,,0,B,0.13829,0.45096,0.09443,0.00188,frames/frame_008583.jpg
8584,143.066667,,0,P,0.13834,0.45373,0.09449,0.00180,frames/frame_008584.jpg
8585,143.083333,,0,B,0.13877,0.45184,0.09434,0.00181,frames/frame_008585.jpg
8586,143.100000,,0,P,0.13865,0.45380,0.09432,0.00157,frames/frame_008586.jpg
8587,143.116667,,0,B,0.13892,0.45167,0.09417,0.00154,frames/frame_008587.jpg
8588,143.133333,,0,B,0.13891,0.45274,0.09419,0.00109,frames/frame_008588.jpg
8589,143.150000,,0,B,0.13896,0.45166,0.09428,0.00117,frames/frame_008589.jpg
8590,143.166667,,0,P,0.13883,0.45337,0.09427,0.00144,frames/frame_008590.jpg
8591,143.183333,,0,B,0.14038,0.45401,0.09548,0.00374,frames/frame_008591.jpg
8592,143.200000,,0,P,0.14033,0.45481,0.09552,0.00152,frames/frame_008592.jpg
8593,143.216667,,0,B,0.14046,0.45120,0.09551,0.00158,frames/frame_008593.jpg
8594,143.233333,,0,B,0.14047,0.45136,0.09564,0.00091,frames/frame_008594.jpg
8595,143.250000,,0,B,0.14053,0.45127,0.09558,0.00096,frames/frame_008595.jpg
8596,143.266667,,0,P,0.14032,0.45397,0.09555,0.00176,frames/frame_008596.jpg
8597,143.283333,,0,B,0.13865,0.45357,0.09563,0.00269,frames/frame_008597.jpg
8598,143.300000,,0,P,0.13532,0.45634,0.09598,0.00389,frames/frame_008598.jpg
8599,143.316667,,0,B,0.13052,0.45790,0.09618,0.00504,frames/frame_008599.jpg
8600,143.333333,,0,P,0.12466,0.46391,0.09613,0.00610,frames/frame_008600.jpg
8601,143.350000,,0,B,0.12162,0.46591,0.09586,0.00359,frames/frame_008601.jpg
8602,143.366667,,0,P,0.11789,0.46804,0.09571,0.00420,frames/frame_008602.jpg
8603,143.383333,,0,B,0.11785,0.46735,0.09579,0.00050,frames/frame_008603.jpg
8604,143.400000,,0,B,0.11778,0.46770,0.09578,0.00044,frames/frame_008604.jpg
8605,143.416667,,0,B,0.11777,0.46766,0.09585,0.00026,frames/frame_008605.jpg
8606,143.433333,,0,P,0.19230,0.49025,0.11676,0.07548,frames/frame_008606.jpg
8607,143.450000,,0,B,0.19331,0.49270,0.11706,0.01152,frames/frame_008607.jpg
8608,143.466667,,0,P,0.17552,0.53998,0.11288,0.03536,frames/frame_008608.jpg
8609,143.483333,,0,B,0.17631,0.53832,0.11284,0.00873,frames/frame_008609.jpg
8610,143.500000,,0,B,0.18664,0.56205,0.11510,0.08412,frames/frame_008610.jpg
8611,143.516667,,0,B,0.18770,0.56270,0.11688,0.01091,frames/frame_008611.jpg
8612,143.533333,,0,P,0.18375,0.56232,0.11275,0.01821,frames/frame_008612.jpg
8613,143.550000,,0,B,0.18386,0.56031,0.11283,0.00256,frames/frame_008613.jpg
8614,143.566667,,0,B,0.19186,0.50122,0.11742,0.06488,frames/frame_008614.jpg
8615,143.583333,,0,P,0.19180,0.50003,0.11705,0.00471,frames/frame_008615.jpg
8616,143.600000,,0,B,0.15551,0.65874,0.10583,0.07924,frames/frame_008616.jpg
8617,143.616667,,0,B,0.15472,0.66563,0.10510,0.00694,frames/frame_008617.jpg
8618,143.633333,,0,B,0.19120,0.49619,0.11661,0.07910,frames/frame_008618.jpg
8619,143.650000,,0,P,0.19005,0.49712,0.11666,0.01147,frames/frame_008619.jpg
8620,143.666667,,0,B,0.19154,0.49540,0.11870,0.01820,frames/frame_008620.jpg
8621,143.683333,,0,B,0.19101,0.49552,0.11825,0.00834,frames/frame_008621.jpg
8622,143.700000,,0,P,0.19008,0.49958,0.11672,0.01687,frames/frame_008622.jpg
8623,143.716667,,0,B,0.19100,0.50059,0.11719,0.00647,frames/frame_008623.jpg
8624,143.733333,,0,B,0.18084,0.57294,0.11422,0.06812,frames/frame_008624.jpg
8625,143.750000,,0,B,0.18095,0.57191,0.11398,0.00789,frames/frame_008625.jpg
8626,143.766667,,0,P,0.18894,0.49897,0.11666,0.06577,frames/frame_008626.jpg
8627,143.783333,,0,B,0.18964,0.49952,0.11658,0.00502,frames/frame_008627.jpg
8628,143.800000,,0,B,0.19018,0.50161,0.11829,0.01514,frames/frame_008628.jpg
8629,143.816667,,0,B,0.19048,0.50087,0.11834,0.00453,frames/frame_008629.jpg
8630,143.833333,,0,P,0.19248,0.49873,0.12106,0.02063,frames/frame_008630.jpg
8631,143.850000,,0,B,0.19264,0.49910,0.12097,0.01036,frames/frame_008631.jpg
8632,143.866667,,0,B,0.18770,0.49893,0.11582,0.02102,frames/frame_008632.jpg
8633,143.883333,,0,B,0.18818,0.49731,0.11658,0.00511,frames/frame_008633.jpg
8634,143.900000,,0,P,0.18953,0.49836,0.11868,0.01379,frames/frame_008634.jpg
8635,143.916667,,0,B,0.18880,0.49960,0.11764,0.00818,frames/frame_008635.jpg
8636,143.933333,,0,B,0.15146,0.68262,0.10322,0.07867,frames/frame_008636.jpg
8637,143.950000,,0,B,0.15203,0.68082,0.10135,0.01300,frames/frame_008637.jpg
8638,143.966667,,0,P,0.18985,0.50385,0.12070,0.08289,frames/frame_008638.jpg
8639,143.983333,,0,P,0.18939,0.50421,0.12043,0.00513,frames/frame_008639.jpg
8640,144.000000,,1,I,0.17360,0.59567,0.11261,0.07392,frames/frame_008640.jpg
8641,144.016667,,0,B,0.17367,0.59575,0.11271,0.00068,frames/frame_008641.jpg
8642,144.033333,,0,P,0.57607,0.27729,0.07446,0.40427,frames/frame_008642.jpg
8643,144.050000,,0,B,0.54977,0.27987,0.07843,0.03229,frames/frame_008643.jpg
8644,144.066667,,0,B,0.52126,0.28172,0.07790,0.03861,frames/frame_008644.jpg
8645,144.083333,,0,B,0.49757,0.28462,0.08113,0.02494,frames/frame_008645.jpg
8646,144.100000,,0,P,0.58841,0.38772,0.09730,0.09284,frames/frame_008646.jpg
8647,144.116667,,0,B,0.57290,0.39268,0.10012,0.01936,frames/frame_008647.jpg
8648,144.133333,,0,P,0.44174,0.27292,0.09264,0.11514,frames/frame_008648.jpg
8649,144.150000,,0,B,0.42316,0.26994,0.09247,0.02617,frames/frame_008649.jpg
8650,144.166667,,0,B,0.40379,0.27755,0.09402,0.03194,frames/frame_008650.jpg
8651,144.183333,,0,B,0.38811,0.27970,0.09443,0.02167,frames/frame_008651.jpg
8652,144.200000,,0,P,0.37064,0.28603,0.09423,0.02971,frames/frame_008652.jpg
8653,144.216667,,0,B,0.35796,0.28983,0.09633,0.01533,frames/frame_008653.jpg
8654,144.233333,,0,B,0.32968,0.32984,0.09612,0.05713,frames/frame_008654.jpg
8655,144.250000,,0,B,0.31906,0.33610,0.09841,0.01532,frames/frame_008655.jpg
8656,144.266667,,0,P,0.31815,0.31428,0.10314,0.05577,frames/frame_008656.jpg
8657,144.283333,,0,B,0.31019,0.31966,0.10363,0.01511,frames/frame_008657.jpg
8658,144.300000,,0,P,0.29391,0.32926,0.09942,0.02661,frames/frame_008658.jpg
8659,144.316667,,0,B,0.28679,0.33375,0.10025,0.01132,frames/frame_008659.jpg
8660,144.333333,,0,P,0.27627,0.34218,0.10469,0.02433,frames/frame_008660.jpg
8661,144.350000,,0,B,0.27117,0.34841,0.10536,0.01925,frames/frame_008661.jpg
8662,144.366667,,0,B,0.26179,0.35858,0.10773,0.02585,frames/frame_008662.jpg
8663,144.383333,,0,B,0.25642,0.36263,0.10999,0.01313,frames/frame_008663.jpg
8664,144.400000,,0,P,0.23001,0.42603,0.10555,0.06469,frames/frame_008664.jpg
8665,144.416667,,0,B,0.22620,0.42486,0.10579,0.00631,frames/frame_008665.jpg
8666,144.433333,,0,B,0.21900,0.43763,0.10561,0.02081,frames/frame_008666.jpg
8667,144.450000,,0,B,0.21627,0.44093,0.10669,0.00543,frames/frame_008667.jpg
8668,144.466667,,0,P,0.22269,0.39703,0.10870,0.05961,frames/frame_008668.jpg
8669,144.483333,,0,B,0.22064,0.40333,0.10916,0.00603,frames/frame_008669.jpg
8670,144.500000,,0,B,0.21564,0.41574,0.11096,0.02221,frames/frame_008670.jpg
8671,144.516667,,0,B,0.21432,0.42091,0.11100,0.00852,frames/frame_008671.jpg
8672,144.533333,,0,P,0.17834,0.58213,0.09440,0.07391,frames/frame_008672.jpg
8673,144.550000,,0,B,0.17812,0.57843,0.09428,0.00231,frames/frame_008673.jpg
8674,144.566667,,0,B,0.20349,0.45063,0.11050,0.06810,frames/frame_008674.jpg
8675,144.583333,,0,P,0.20174,0.44867,0.11088,0.01029,frames/frame_008675.jpg
8676,144.600000,,0,B,0.18304,0.54032,0.10918,0.06844,frames/frame_008676.jpg
8677,144.616667,,0,P,0.18361,0.56815,0.11102,0.00833,frames/frame_008677.jpg
8678,144.633333,,0,P,0.57963,0.28497,0.06907,0.39434,frames/frame_008678.jpg
8679,144.650000,,0,B,0.55398,0.28934,0.07122,0.02811,frames/frame_008679.jpg
8680,144.666667,,0,P,0.63001,0.37138,0.09361,0.08470,frames/frame_008680.jpg
8681,144.683333,,0,P,0.61346,0.37815,0.09747,0.02987,frames/frame_008681.jpg
8682,144.700000,,0,B,0.58618,0.38904,0.09884,0.03991,frames/frame_008682.jpg
8683,144.716667,,0,P,0.56985,0.39559,0.10138,0.02496,frames/frame_008683.jpg
8684,144.733333,,0,P,0.42719,0.30538,0.08212,0.11225,frames/frame_008684.jpg
8685,144.750000,,0,B,0.41229,0.30815,0.08504,0.01740,frames/frame_008685.jpg
8686,144.766667,,0,P,0.39383,0.32158,0.09002,0.03309,frames/frame_008686.jpg
8687,144.783333,,0,B,0.37810,0.32171,0.09193,0.02032,frames/frame_008687.jpg
8688,144.800000,,0,P,0.36933,0.29737,0.08909,0.05538,frames/frame_008688.jpg
8689,144.816667,,0,B,0.35798,0.29828,0.09066,0.01234,frames/frame_008689.jpg
8690,144.833333,,0,B,0.34288,0.31081,0.09581,0.03232,frames/frame_008690.jpg
8691,144.850000,,0,B,0.33186,0.31570,0.09825,0.01613,frames/frame_008691.jpg
8692,144.866667,,0,P,0.31440,0.32283,0.09476,0.03423,frames/frame_008692.jpg
8693,144.883333,,0,B,0.30724,0.32076,0.09666,0.01051,frames/frame_008693.jpg
8694,144.900000,,0,B,0.29702,0.34157,0.09926,0.03211,frames/frame_008694.jpg
8695,144.916667,,0,B,0.28919,0.34421,0.10076,0.01092,frames/frame_008695.jpg
8696,144.933333,,0,P,0.27659,0.35261,0.10086,0.02867,frames/frame_008696.jpg
8697,144.950000,,0,B,0.26848,0.35319,0.10057,0.01164,frames/frame_008697.jpg
8698,144.966667,,0,B,0.26075,0.36945,0.10302,0.02464,frames/frame_008698.jpg
8699,144.983333,,0,P,0.25543,0.37293,0.10289,0.01211,frames/frame_008699.jpg
8700,145.000000,,0,B,0.22469,0.43677,0.10163,0.07108,frames/frame_008700.jpg
8701,145.016667,,0,B,0.22284,0.43845,0.10153,0.00923,frames/frame_008701.jpg
8702,145.033333,,0,B,0.23022,0.39255,0.10424,0.06399,frames/frame_008702.jpg
8703,145.050000,,0,P,0.22487,0.40312,0.10837,0.02047,frames/frame_008703.jpg
8704,145.066667,,0,B,0.19693,0.46061,0.10254,0.07744,frames/frame_008704.jpg
8705,145.083333,,0,P,0.18395,0.46987,0.10058,0.03662,frames/frame_008705.jpg
8706,145.100000,,0,B,0.17836,0.41348,0.08972,0.07532,frames/frame_008706.jpg
8707,145.116667,,0,P,0.15327,0.43159,0.07793,0.05572,frames/frame_008707.jpg
8708,145.133333,,0,B,0.12503,0.45910,0.06024,0.05139,frames/frame_008708.jpg
8709,145.150000,,0,P,0.09787,0.46995,0.03984,0.03913,frames/frame_008709.jpg
8710,145.166667,,0,P,0.06970,0.42047,0.02051,0.03269,frames/frame_008710.jpg
8711,145.183333,,0,P,0.06342,0.39764,0.02660,0.01053,frames/frame_008711.jpg
8712,145.200000,,0,P,0.06044,0.41822,0.02683,0.00550,frames/frame_008712.jpg
8713,145.216667,,0,P,0.04726,0.49980,0.02195,0.01338,frames/frame_008713.jpg
8714,145.233333,,0,P,0.91021,0.22354,0.05552,0.84164,frames/frame_008714.jpg
8715,145.250000,,0,P,0.85567,0.25131,0.05577,0.05229,frames/frame_008715.jpg
8716,145.266667,,0,P,0.80071,0.26837,0.05825,0.05322,frames/frame_008716.jpg
8717,145.283333,,0,P,0.74921,0.28271,0.06120,0.05027,frames/frame_008717.jpg
8718,145.300000,,0,P,0.70112,0.29934,0.06314,0.04733,frames/frame_008718.jpg
8719,145.316667,,0,P,0.65644,0.31326,0.06546,0.04471,frames/frame_008719.jpg
8720,145.333333,,0,P,0.61523,0.32711,0.06733,0.04259,frames/frame_008720.jpg
8721,145.350000,,0,B,0.57927,0.34067,0.06827,0.03721,frames/frame_008721.jpg
8722,145.366667,,0,P,0.54263,0.35988,0.06997,0.03947,frames/frame_008722.jpg
8723,145.383333,,0,B,0.51120,0.37043,0.07157,0.03237,frames/frame_008723.jpg
8724,145.400000,,0,B,0.47880,0.38904,0.07393,0.03650,frames/frame_008724.jpg
8725,145.416667,,0,B,0.45241,0.40224,0.07526,0.02848,frames/frame_008725.jpg
8726,145.433333,,0,P,0.42406,0.42141,0.07576,0.03297,frames/frame_008726.jpg
8727,145.450000,,0,B,0.40015,0.43952,0.07754,0.02676,frames/frame_008727.jpg
8728,145.466667,,0,B,0.37940,0.45112,0.07756,0.02357,frames/frame_008728.jpg
8729,145.483333,,0,P,0.35757,0.47123,0.07945,0.02585,frames/frame_008729.jpg
8730,145.500000,,0,B,0.33770,0.49155,0.07940,0.02945,frames/frame_008730.jpg
8731,145.516667,,0,P,0.31883,0.51368,0.07990,0.03102,frames/frame_008731.jpg
8732,145.533333,,0,B,0.30362,0.52856,0.07840,0.03042,frames/frame_008732.jpg
8733,145.550000,,0,B,0.29031,0.54764,0.08110,0.02033,frames/frame_008733.jpg
8734,145.566667,,0,B,0.27528,0.57002,0.08252,0.01881,frames/frame_008734.jpg
8735,145.583333,,0,P,0.26129,0.59163,0.08230,0.03514,frames/frame_008735.jpg
8736,145.600000,,0,B,0.25060,0.61113,0.08083,0.01829,frames/frame_008736.jpg
8737,145.616667,,0,P,0.24158,0.62964,0.08180,0.01595,frames/frame_008737.jpg
8738,145.633333,,0,B,0.22965,0.64987,0.08084,0.02816,frames/frame_008738.jpg
8739,145.650000,,0,B,0.22240,0.67118,0.08338,0.01784,frames/frame_008739.jpg
8740,145.666667,,0,B,0.21471,0.68714,0.08245,0.01849,frames/frame_008740.jpg
8741,145.683333,,0,P,0.20596,0.71303,0.08490,0.03165,frames/frame_008741.jpg
8742,145.700000,,0,B,0.20036,0.72925,0.08380,0.01558,frames/frame_008742.jpg
8743,145.716667,,0,B,0.19475,0.74740,0.08653,0.02307,frames/frame_008743.jpg
8744,145.733333,,0,B,0.18873,0.76633,0.08541,0.02784,frames/frame_008744.jpg
8745,145.750000,,0,P,0.18302,0.79056,0.08488,0.01361,frames/frame_008745.jpg
8746,145.766667,,0,B,0.17936,0.80558,0.08824,0.02099,frames/frame_008746.jpg
8747,145.783333,,0,B,0.17650,0.81679,0.08584,0.01316,frames/frame_008747.jpg
8748,145.800000,,0,P,0.17266,0.83773,0.08702,0.01604,frames/frame_008748.jpg
8749,145.816667,,0,P,0.29636,0.54313,0.08081,0.12686,frames/frame_008749.jpg
8750,145.833333,,0,B,0.39898,0.56996,0.13242,0.16007,frames/frame_008750.jpg
8751,145.850000,,0,P,0.39082,0.56692,0.13351,0.02261,frames/frame_008751.jpg
8752,145.866667,,0,B,0.37442,0.55775,0.13348,0.03647,frames/frame_008752.jpg
8753,145.883333,,0,P,0.36083,0.55567,0.13411,0.03304,frames/frame_008753.jpg
8754,145.900000,,0,B,0.35131,0.55045,0.13194,0.02708,frames/frame_008754.jpg
8755,145.916667,,0,B,0.33478,0.55715,0.12759,0.02707,frames/frame_008755.jpg
8756,145.933333,,0,B,0.32774,0.55732,0.12599,0.02166,frames/frame_008756.jpg
8757,145.950000,,0,P,0.32012,0.56381,0.12435,0.01938,frames/frame_008757.jpg
8758,145.966667,,0,B,0.31715,0.56791,0.12411,0.01550,frames/frame_008758.jpg
8759,145.983333,,0,B,0.31055,0.57627,0.12180,0.01460,frames/frame_008759.jpg
8760,146.000000,,0,B,0.30584,0.58462,0.11960,0.01344,frames/frame_008760.jpg
8761,146.016667,,0,P,0.30000,0.59540,0.12032,0.01480,frames/frame_008761.jpg
8762,146.033333,,0,B,0.29847,0.60205,0.12001,0.01433,frames/frame_008762.jpg
8763,146.050000,,0,B,0.29734,0.60837,0.12227,0.01649,frames/frame_008763.jpg
8764,146.066667,,0,B,0.29365,0.61320,0.12267,0.01432,frames/frame_008764.jpg
8765,146.083333,,0,P,0.29045,0.62007,0.12562,0.02069,frames/frame_008765.jpg
8766,146.100000,,0,B,0.29193,0.62414,0.12597,0.01482,frames/frame_008766.jpg
8767,146.116667,,0,B,0.28751,0.62853,0.12442,0.01493,frames/frame_008767.jpg
8768,146.133333,,0,B,0.28167,0.63172,0.12356,0.01502,frames/frame_008768.jpg
8769,146.150000,,0,P,0.27481,0.63465,0.12205,0.01502,frames/frame_008769.jpg
8770,146.166667,,0,B,0.28105,0.63622,0.12555,0.01480,frames/frame_008770.jpg
8771,146.183333,,0,B,0.27672,0.63955,0.12446,0.01282,frames/frame_008771.jpg
8772,146.200000,,0,B,0.28127,0.64239,0.12749,0.01289,frames/frame_008772.jpg
8773,146.216667,,0,P,0.27706,0.64500,0.12590,0.01375,frames/frame_008773.jpg
8774,146.233333,,0,B,0.27522,0.64374,0.12484,0.01078,frames/frame_008774.jpg
8775,146.250000,,0,B,0.27153,0.64992,0.12410,0.01132,frames/frame_008775.jpg
8776,146.266667,,0,B,0.27042,0.64976,0.12383,0.00885,frames/frame_008776.jpg
8777,146.283333,,0,P,0.27017,0.65692,0.12542,0.01307,frames/frame_008777.jpg
8778,146.300000,,0,B,0.26747,0.65756,0.12349,0.01029,frames/frame_008778.jpg
8779,146.316667,,0,B,0.26264,0.66109,0.12245,0.01155,frames/frame_008779.jpg
8780,146.333333,,0,B,0.25865,0.66089,0.12040,0.01317,frames/frame_008780.jpg
8781,146.350000,,0,P,0.25689,0.67176,0.12285,0.02013,frames/frame_008781.jpg
8782,146.366667,,0,B,0.25817,0.66925,0.12208,0.01615,frames/frame_008782.jpg
8783,146.383333,,0,B,0.25256,0.66833,0.12008,0.00921,frames/frame_008783.jpg
8784,146.400000,,0,B,0.24981,0.66661,0.11892,0.02072,frames/frame_008784.jpg
8785,146.416667,,0,P,0.26394,0.66818,0.12427,0.02583,frames/frame_008785.jpg
8786,146.433333,,0,B,0.27879,0.70719,0.13009,0.08342,frames/frame_008786.jpg
8787,146.450000,,0,B,0.27883,0.69907,0.13379,0.03019,frames/frame_008787.jpg
8788,146.466667,,0,B,0.27323,0.67501,0.13784,0.04636,frames/frame_008788.jpg
8789,146.483333,,0,P,0.25901,0.67653,0.13380,0.03553,frames/frame_008789.jpg
8790,146.500000,,0,B,0.24800,0.68072,0.12651,0.02643,frames/frame_008790.jpg
8791,146.516667,,0,B,0.24703,0.68955,0.12572,0.01799,frames/frame_008791.jpg
8792,146.533333,,0,B,0.24831,0.69265,0.12513,0.01591,frames/frame_008792.jpg
8793,146.550000,,0,P,0.24502,0.70224,0.12264,0.01758,frames/frame_008793.jpg
8794,146.566667,,0,B,0.25168,0.70239,0.12341,0.01899,frames/frame_008794.jpg
8795,146.583333,,0,B,0.25034,0.70864,0.12199,0.01803,frames/frame_008795.jpg
8796,146.600000,,0,B,0.25315,0.70959,0.12154,0.01716,frames/frame_008796.jpg
8797,146.616667,,0,P,0.25558,0.71642,0.12443,0.01730,frames/frame_008797.jpg
8798,146.633333,,0,B,0.26450,0.71320,0.12770,0.01744,frames/frame_008798.jpg
8799,146.650000,,0,B,0.26994,0.71043,0.12870,0.01985,frames/frame_008799.jpg
8800,146.666667,,0,B,0.27407,0.70738,0.13054,0.01816,frames/frame_008800.jpg
8801,146.683333,,0,P,0.27215,0.70657,0.13010,0.01208,frames/frame_008801.jpg
8802,146.700000,,0,B,0.26536,0.70025,0.12791,0.01696,frames/frame_008802.jpg
8803,146.716667,,0,B,0.25971,0.70318,0.12512,0.01212,frames/frame_008803.jpg
8804,146.733333,,0,B,0.27272,0.70673,0.12868,0.02978,frames/frame_008804.jpg
8805,146.750000,,0,P,0.26996,0.70886,0.12897,0.01591,frames/frame_008805.jpg
8806,146.766667,,0,B,0.26791,0.70587,0.12747,0.01716,frames/frame_008806.jpg
8807,146.783333,,0,B,0.26524,0.70719,0.12710,0.01149,frames/frame_008807.jpg
8808,146.800000,,0,B,0.26423,0.70414,0.12675,0.01018,frames/frame_008808.jpg
8809,146.816667,,0,P,0.26505,0.70213,0.13038,0.01185,frames/frame_008809.jpg
8810,146.833333,,0,B,0.26676,0.69608,0.13030,0.01452,frames/frame_008810.jpg
8811,146.850000,,0,B,0.26392,0.69929,0.12819,0.01233,frames/frame_008811.jpg
8812,146.866667,,0,B,0.26417,0.69697,0.12754,0.01189,frames/frame_008812.jpg
8813,146.883333,,0,P,0.26469,0.70091,0.12699,0.01481,frames/frame_008813.jpg
8814,146.900000,,0,B,0.26004,0.69450,0.12376,0.01523,frames/frame_008814.jpg
8815,146.916667,,0,B,0.25690,0.69706,0.12174,0.00999,frames/frame_008815.jpg
8816,146.933333,,0,B,0.25523,0.69374,0.12008,0.01473,frames/frame_008816.jpg
8817,146.950000,,0,P,0.25471,0.69546,0.12174,0.01118,frames/frame_008817.jpg
8818,146.966667,,0,B,0.25676,0.69504,0.12282,0.00774,frames/frame_008818.jpg
8819,146.983333,,0,P,0.25449,0.69474,0.12213,0.00906,frames/frame_008819.jpg
8820,147.000000,,1,I,0.25702,0.69573,0.12323,0.01243,frames/frame_008820.jpg
8821,147.016667,,0,B,0.25995,0.69848,0.12181,0.01299,frames/frame_008821.jpg
8822,147.033333,,0,B,0.29365,0.72703,0.13534,0.08787,frames/frame_008822.jpg
8823,147.050000,,0,B,0.29594,0.71954,0.13776,0.02545,frames/frame_008823.jpg
8824,147.066667,,0,P,0.27586,0.71532,0.13627,0.03765,frames/frame_008824.jpg
8825,147.083333,,0,B,0.28187,0.70101,0.13569,0.03235,frames/frame_008825.jpg
8826,147.100000,,0,B,0.26425,0.70536,0.13090,0.02802,frames/frame_008826.jpg
8827,147.116667,,0,B,0.25599,0.70882,0.12827,0.02377,frames/frame_008827.jpg
8828,147.133333,,0,P,0.25424,0.71275,0.12796,0.01742,frames/frame_008828.jpg
8829,147.150000,,0,B,0.25344,0.70681,0.12472,0.01827,frames/frame_008829.jpg
8830,147.166667,,0,B,0.25647,0.70784,0.12376,0.01634,frames/frame_008830.jpg
8831,147.183333,,0,B,0.26189,0.70800,0.12378,0.01574,frames/frame_008831.jpg
8832,147.200000,,0,P,0.26188,0.71488,0.12352,0.01829,frames/frame_008832.jpg
8833,147.216667,,0,B,0.26464,0.71549,0.12294,0.01711,frames/frame_008833.jpg
8834,147.233333,,0,B,0.26657,0.71714,0.12527,0.01653,frames/frame_008834.jpg
8835,147.250000,,0,B,0.26745,0.71970,0.12897,0.02587,frames/frame_008835.jpg
8836,147.266667,,0,P,0.27006,0.71870,0.12980,0.02187,frames/frame_008836.jpg
8837,147.283333,,0,B,0.27790,0.71474,0.13363,0.01639,frames/frame_008837.jpg
8838,147.300000,,0,B,0.27743,0.71407,0.13297,0.01470,frames/frame_008838.jpg
8839,147.316667,,0,B,0.27823,0.71142,0.13057,0.01420,frames/frame_008839.jpg
8840,147.333333,,0,P,0.27912,0.71314,0.13011,0.01327,frames/frame_008840.jpg
8841,147.350000,,0,B,0.27416,0.71205,0.12875,0.01492,frames/frame_008841.jpg
8842,147.366667,,0,B,0.26954,0.70935,0.12822,0.01654,frames/frame_008842.jpg
8843,147.383333,,0,B,0.26618,0.70400,0.12824,0.01575,frames/frame_008843.jpg
8844,147.400000,,0,P,0.25737,0.70005,0.12421,0.01677,frames/frame_008844.jpg
8845,147.416667,,0,B,0.25709,0.69919,0.12553,0.01387,frames/frame_008845.jpg
8846,147.433333,,0,B,0.25406,0.69828,0.12287,0.00963,frames/frame_008846.jpg
8847,147.450000,,0,B,0.25481,0.69839,0.12251,0.00834,frames/frame_008847.jpg
8848,147.466667,,0,P,0.25643,0.69667,0.12233,0.01286,frames/frame_008848.jpg
8849,147.483333,,0,B,0.25317,0.69913,0.11991,0.01268,frames/frame_008849.jpg
8850,147.500000,,0,B,0.25512,0.70313,0.12111,0.01133,frames/frame_008850.jpg
8851,147.516667,,0,B,0.25274,0.70226,0.12188,0.02129,frames/frame_008851.jpg
8852,147.533333,,0,P,0.25604,0.70234,0.12316,0.01139,frames/frame_008852.jpg
8853,147.550000,,0,B,0.25570,0.69993,0.12221,0.01805,frames/frame_008853.jpg
8854,147.566667,,0,B,0.25473,0.69974,0.12164,0.00490,frames/frame_008854.jpg
8855,147.583333,,0,B,0.25068,0.69614,0.12017,0.00931,frames/frame_008855.jpg
8856,147.600000,,0,P,0.24844,0.69882,0.11868,0.00861,frames/frame_008856.jpg
8857,147.616667,,0,B,0.25038,0.69998,0.11998,0.00906,frames/frame_008857.jpg
8858,147.633333,,0,B,0.28611,0.72303,0.13050,0.08990,frames/frame_008858.jpg
8859,147.650000,,0,B,0.28908,0.70452,0.13570,0.03860,frames/frame_008859.jpg
8860,147.666667,,0,P,0.26226,0.69539,0.12868,0.05403,frames/frame_008860.jpg
8861,147.683333,,0,B,0.25023,0.68419,0.12281,0.04108,frames/frame_008861.jpg
8862,147.700000,,0,B,0.23709,0.69269,0.11976,0.02788,frames/frame_008862.jpg
8863,147.716667,,0,B,0.23254,0.69722,0.11791,0.02068,frames/frame_008863.jpg
8864,147.733333,,0,P,0.23331,0.70835,0.12078,0.01597,frames/frame_008864.jpg
8865,147.750000,,0,B,0.24151,0.71211,0.12379,0.01722,frames/frame_008865.jpg
8866,147.766667,,0,B,0.23960,0.72031,0.12248,0.01937,frames/frame_008866.jpg
8867,147.783333,,0,B,0.24247,0.72144,0.12281,0.02131,frames/frame_008867.jpg
8868,147.800000,,0,P,0.24943,0.72631,0.12571,0.01897,frames/frame_008868.jpg
8869,147.816667,,0,B,0.24608,0.72504,0.12345,0.02194,frames/frame_008869.jpg
8870,147.833333,,0,B,0.25050,0.72432,0.12583,0.01727,frames/frame_008870.jpg
8871,147.850000,,0,B,0.25594,0.71979,0.12686,0.02078,frames/frame_008871.jpg
8872,147.866667,,0,P,0.26194,0.71754,0.12767,0.01777,frames/frame_008872.jpg
8873,147.883333,,0,B,0.25669,0.71096,0.12563,0.01605,frames/frame_008873.jpg
8874,147.900000,,0,B,0.26112,0.70757,0.12680,0.01786,frames/frame_008874.jpg
8875,147.916667,,0,B,0.26303,0.70611,0.12513,0.01674,frames/frame_008875.jpg
8876,147.933333,,0,P,0.36283,0.58131,0.13143,0.11214,frames/frame_008876.jpg
8877,147.950000,,0,B,0.35473,0.58118,0.12937,0.01541,frames/frame_008877.jpg
8878,147.966667,,0,B,0.34813,0.58291,0.13088,0.01669,frames/frame_008878.jpg
8879,147.983333,,0,B,0.34073,0.58183,0.13094,0.01569,frames/frame_008879.jpg
8880,148.000000,,0,P,0.32918,0.58855,0.12932,0.01780,frames/frame_008880.jpg
8881,148.016667,,0,B,0.32672,0.59069,0.13078,0.01377,frames/frame_008881.jpg
8882,148.033333,,0,B,0.32259,0.59378,0.13125,0.01521,frames/frame_008882.jpg
8883,148.050000,,0,B,0.31454,0.59238,0.12812,0.01401,frames/frame_008883.jpg
8884,148.066667,,0,P,0.31005,0.59893,0.12663,0.02372,frames/frame_008884.jpg
8885,148.083333,,0,B,0.30254,0.59036,0.12796,0.02180,frames/frame_008885.jpg
8886,148.100000,,0,B,0.29567,0.59155,0.12357,0.01317,frames/frame_008886.jpg
8887,148.116667,,0,B,0.28787,0.59245,0.12138,0.01555,frames/frame_008887.jpg
8888,148.133333,,0,P,0.27792,0.59543,0.11722,0.02694,frames/frame_008888.jpg
8889,148.150000,,0,B,0.27219,0.59494,0.11828,0.02099,frames/frame_008889.jpg
8890,148.166667,,0,B,0.26548,0.59639,0.11672,0.01201,frames/frame_008890.jpg
8891,148.183333,,0,B,0.26629,0.59814,0.11704,0.00986,frames/frame_008891.jpg
8892,148.200000,,0,P,0.26549,0.61226,0.11846,0.01948,frames/frame_008892.jpg
8893,148.216667,,0,B,0.40029,0.56215,0.13620,0.16438,frames/frame_008893.jpg
8894,148.233333,,0,B,0.40155,0.56232,0.13737,0.03112,frames/frame_008894.jpg
8895,148.250000,,0,P,0.39306,0.56174,0.13869,0.02831,frames/frame_008895.jpg
8896,148.266667,,0,B,0.37041,0.55798,0.13546,0.04114,frames/frame_008896.jpg
8897,148.283333,,0,B,0.37053,0.55205,0.13672,0.02990,frames/frame_008897.jpg
8898,148.300000,,0,B,0.35060,0.55318,0.13426,0.02890,frames/frame_008898.jpg
8899,148.316667,,0,P,0.33437,0.56092,0.12857,0.02500,frames/frame_008899.jpg
8900,148.333333,,0,B,0.32971,0.56035,0.12790,0.02959,frames/frame_008900.jpg
8901,148.350000,,0,B,0.32149,0.56362,0.12322,0.02666,frames/frame_008901.jpg
8902,148.366667,,0,B,0.31549,0.56879,0.12168,0.01563,frames/frame_008902.jpg
8903,148.383333,,0,P,0.30573,0.57772,0.11861,0.01714,frames/frame_008903.jpg
8904,148.400000,,0,B,0.30241,0.58121,0.11826,0.01621,frames/frame_008904.jpg
8905,148.416667,,0,B,0.30222,0.58647,0.12183,0.01499,frames/frame_008905.jpg
8906,148.433333,,0,B,0.30203,0.59168,0.12319,0.01771,frames/frame_008906.jpg
8907,148.450000,,0,P,0.29739,0.59930,0.12336,0.02041,frames/frame_008907.jpg
8908,148.466667,,0,B,0.29596,0.59868,0.12308,0.01684,frames/frame_008908.jpg
8909,148.483333,,0,B,0.29035,0.60212,0.12245,0.01423,frames/frame_008909.jpg
8910,148.500000,,0,B,0.29053,0.61019,0.12392,0.01514,frames/frame_008910.jpg
8911,148.516667,,0,P,0.28527,0.61874,0.12433,0.01468,frames/frame_008911.jpg
8912,148.533333,,0,B,0.28393,0.62121,0.12478,0.01379,frames/frame_008912.jpg
8913,148.550000,,0,B,0.27992,0.62627,0.12493,0.01332,frames/frame_008913.jpg
8914,148.566667,,0,B,0.27793,0.62745,0.12448,0.01102,frames/frame_008914.jpg
8915,148.583333,,0,P,0.27492,0.63495,0.12640,0.01279,frames/frame_008915.jpg
8916,148.600000,,0,B,0.27622,0.63507,0.12655,0.01257,frames/frame_008916.jpg
8917,148.616667,,0,B,0.26927,0.63842,0.12301,0.01084,frames/frame_008917.jpg
8918,148.633333,,0,B,0.26898,0.64134,0.12265,0.01221,frames/frame_008918.jpg
8919,148.650000,,0,P,0.26747,0.64608,0.12345,0.01929,frames/frame_008919.jpg
8920,148.666667,,0,B,0.27265,0.64766,0.12562,0.01752,frames/frame_008920.jpg
8921,148.683333,,0,B,0.26683,0.64927,0.12411,0.01321,frames/frame_008921.jpg
8922,148.700000,,0,B,0.26651,0.65086,0.12274,0.00900,frames/frame_008922.jpg
8923,148.716667,,0,P,0.26159,0.65542,0.12206,0.01616,frames/frame_008923.jpg
8924,148.733333,,0,B,0.26294,0.65412,0.12234,0.01014,frames/frame_008924.jpg
8925,148.750000,,0,B,0.26293,0.65994,0.12295,0.00985,frames/frame_008925.jpg
8926,148.766667,,0,B,0.26252,0.66030,0.12279,0.00716,frames/frame_008926.jpg
8927,148.783333,,0,P,0.26017,0.66541,0.12321,0.01006,frames/frame_008927.jpg
8928,148.800000,,0,B,0.26665,0.66412,0.12608,0.00974,frames/frame_008928.jpg
8929,148.816667,,0,P,0.26669,0.67036,0.12628,0.01258,frames/frame_008929.jpg
8930,148.833333,,0,P,0.54377,0.36466,0.11469,0.29256,frames/frame_008930.jpg
8931,148.850000,,0,P,0.51717,0.37530,0.12500,0.04359,frames/frame_008931.jpg
8932,148.866667,,0,P,0.48287,0.37223,0.12232,0.05621,frames/frame_008932.jpg
8933,148.883333,,0,P,0.44435,0.37552,0.11502,0.05214,frames/frame_008933.jpg
8934,148.900000,,0,B,0.41506,0.38259,0.11137,0.03939,frames/frame_008934.jpg
8935,148.916667,,0,B,0.39111,0.39546,0.10913,0.03053,frames/frame_008935.jpg
8936,148.933333,,0,P,0.36597,0.41586,0.10989,0.02902,frames/frame_008936.jpg
8937,148.950000,,0,B,0.35364,0.43380,0.10942,0.02388,frames/frame_008937.jpg
8938,148.966667,,0,B,0.35371,0.45718,0.11877,0.02804,frames/frame_008938.jpg
8939,148.983333,,0,B,0.34666,0.48026,0.11725,0.03013,frames/frame_008939.jpg
8940,149.000000,,0,P,0.33258,0.50738,0.11973,0.03212,frames/frame_008940.jpg
8941,149.016667,,0,B,0.33654,0.52860,0.12467,0.02646,frames/frame_008941.jpg
8942,149.033333,,0,B,0.33421,0.54913,0.12775,0.02088,frames/frame_008942.jpg
8943,149.050000,,0,B,0.32576,0.56421,0.12739,0.01852,frames/frame_008943.jpg
8944,149.066667,,0,P,0.31602,0.58111,0.12886,0.01838,frames/frame_008944.jpg
8945,149.083333,,0,B,0.30769,0.59228,0.12766,0.01711,frames/frame_008945.jpg
8946,149.100000,,0,B,0.30362,0.60058,0.12917,0.01705,frames/frame_008946.jpg
8947,149.116667,,0,P,0.30158,0.61637,0.12886,0.02202,frames/frame_008947.jpg
8948,149.133333,,0,B,0.38776,0.56281,0.13433,0.09938,frames/frame_008948.jpg
8949,149.150000,,0,B,0.37495,0.56448,0.13311,0.01963,frames/frame_008949.jpg
8950,149.166667,,0,B,0.36815,0.56415,0.13264,0.01232,frames/frame_008950.jpg
8951,149.183333,,0,P,0.35859,0.56741,0.13038,0.01814,frames/frame_008951.jpg
8952,149.200000,,0,B,0.35444,0.56776,0.13053,0.01481,frames/frame_008952.jpg
8953,149.216667,,0,B,0.34020,0.57011,0.12994,0.01979,frames/frame_008953.jpg
8954,149.233333,,0,B,0.33388,0.57377,0.13054,0.01573,frames/frame_008954.jpg
8955,149.250000,,0,P,0.32227,0.57624,0.12800,0.01777,frames/frame_008955.jpg
8956,149.266667,,0,B,0.32083,0.57935,0.12736,0.01418,frames/frame_008956.jpg
8957,149.283333,,0,B,0.31945,0.58395,0.12690,0.01427,frames/frame_008957.jpg
8958,149.300000,,0,B,0.31648,0.58587,0.12345,0.01315,frames/frame_008958.jpg
8959,149.316667,,0,P,0.31097,0.59204,0.12293,0.01253,frames/frame_008959.jpg
8960,149.333333,,0,B,0.30467,0.59248,0.12252,0.01142,frames/frame_008960.jpg
8961,149.350000,,0,B,0.30046,0.59671,0.12261,0.01695,frames/frame_008961.jpg
8962,149.366667,,0,B,0.29095,0.59843,0.12113,0.01656,frames/frame_008962.jpg
8963,149.383333,,0,P,0.28694,0.60256,0.12131,0.01448,frames/frame_008963.jpg
8964,149.400000,,0,B,0.28652,0.59995,0.11995,0.01526,frames/frame_008964.jpg
8965,149.416667,,0,B,0.40601,0.56677,0.13119,0.15585,frames/frame_008965.jpg
8966,149.433333,,0,B,0.39902,0.56417,0.13283,0.01718,frames/frame_008966.jpg
8967,149.450000,,0,P,0.39301,0.56100,0.13820,0.02794,frames/frame_008967.jpg
8968,149.466667,,0,B,0.38049,0.54999,0.13895,0.03454,frames/frame_008968.jpg
8969,149.483333,,0,B,0.36598,0.54747,0.13763,0.03398,frames/frame_008969.jpg
8970,149.500000,,0,B,0.34954,0.54911,0.13311,0.02780,frames/frame_008970.jpg
8971,149.516667,,0,P,0.34313,0.55766,0.13005,0.02474,frames/frame_008971.jpg
8972,149.533333,,0,B,0.33383,0.55922,0.12623,0.01897,frames/frame_008972.jpg
8973,149.550000,,0,B,0.32296,0.56599,0.12445,0.01751,frames/frame_008973.jpg
8974,149.566667,,0,B,0.32071,0.56807,0.12445,0.01513,frames/frame_008974.jpg
8975,149.583333,,0,P,0.31383,0.57872,0.12208,0.02114,frames/frame_008975.jpg
8976,149.600000,,0,B,0.31806,0.58510,0.12279,0.02123,frames/frame_008976.jpg
8977,149.616667,,0,B,0.31576,0.59548,0.12097,0.02904,frames/frame_008977.jpg
8978,149.633333,,0,B,0.32070,0.60352,0.12447,0.02604,frames/frame_008978.jpg
8979,149.650000,,0,P,0.31261,0.60888,0.12366,0.01789,frames/frame_008979.jpg
8980,149.666667,,0,B,0.30566,0.60921,0.12304,0.01795,frames/frame_008980.jpg
8981,149.683333,,0,B,0.29897,0.61094,0.12378,0.02159,frames/frame_008981.jpg
8982,149.700000,,0,B,0.29351,0.61258,0.12338,0.01886,frames/frame_008982.jpg
8983,149.716667,,0,P,0.28715,0.61534,0.12319,0.02219,frames/frame_008983.jpg
8984,149.733333,,0,B,0.29979,0.61871,0.13392,0.02484,frames/frame_008984.jpg
8985,149.750000,,0,B,0.29313,0.61781,0.13394,0.02798,frames/frame_008985.jpg
8986,149.766667,,0,B,0.28096,0.61869,0.12872,0.02960,frames/frame_008986.jpg
8987,149.783333,,0,P,0.27138,0.62400,0.12708,0.02649,frames/frame_008987.jpg
8988,149.800000,,0,B,0.26565,0.62317,0.12636,0.01979,frames/frame_008988.jpg
8989,149.816667,,0,B,0.25986,0.62800,0.12419,0.01931,frames/frame_008989.jpg
8990,149.833333,,0,B,0.25789,0.63079,0.12405,0.01526,frames/frame_008990.jpg
8991,149.850000,,0,P,0.25623,0.63754,0.12405,0.01682,frames/frame_008991.jpg
8992,149.866667,,0,B,0.26043,0.63876,0.12224,0.02514,frames/frame_008992.jpg
8993,149.883333,,0,B,0.35832,0.56958,0.13286,0.11142,frames/frame_008993.jpg
8994,149.900000,,0,B,0.35968,0.56763,0.13358,0.02486,frames/frame_008994.jpg
8995,149.916667,,0,P,0.35219,0.56739,0.13173,0.01742,frames/frame_008995.jpg
8996,149.933333,,0,B,0.34581,0.56422,0.12767,0.01977,frames/frame_008996.jpg
8997,149.950000,,0,B,0.33559,0.56331,0.12928,0.02118,frames/frame_008997.jpg
8998,149.966667,,0,B,0.32873,0.56437,0.12928,0.01966,frames/frame_008998.jpg
8999,149.983333,,0,P,0.31279,0.56152,0.12659,0.02184,frames/frame_008999.jpg
9000,150.000000,,1,I,0.30441,0.56126,0.12548,0.01815,frames/frame_009000.jpg
9001,150.016667,,0,B,0.30618,0.56784,0.12424,0.01664,frames/frame_009001.jpg
9002,150.033333,,0,B,0.33264,0.60892,0.13028,0.08224,frames/frame_009002.jpg
9003,150.050000,,0,B,0.31915,0.59799,0.13082,0.03972,frames/frame_009003.jpg
9004,150.066667,,0,P,0.30387,0.58548,0.12721,0.04647,frames/frame_009004.jpg
9005,150.083333,,0,B,0.27668,0.58887,0.12015,0.03950,frames/frame_009005.jpg
9006,150.100000,,0,P,0.26585,0.59757,0.11852,0.03269,frames/frame_009006.jpg
9007,150.116667,,0,B,0.24476,0.61762,0.11438,0.03006,frames/frame_009007.jpg
9008,150.133333,,0,B,0.23551,0.63319,0.11348,0.02201,frames/frame_009008.jpg
9009,150.150000,,0,B,0.23870,0.63269,0.11327,0.02132,frames/frame_009009.jpg
9010,150.166667,,0,P,0.24487,0.64154,0.11682,0.02766,frames/frame_009010.jpg
9011,150.183333,,0,B,0.27749,0.63775,0.13036,0.04462,frames/frame_009011.jpg
9012,150.200000,,0,B,0.28415,0.64232,0.12623,0.04263,frames/frame_009012.jpg
9013,150.216667,,0,B,0.29466,0.65010,0.12285,0.03667,frames/frame_009013.jpg
9014,150.233333,,0,P,0.29253,0.65676,0.12582,0.02078,frames/frame_009014.jpg
9015,150.250000,,0,B,0.29037,0.65961,0.12579,0.02097,frames/frame_009015.jpg
9016,150.266667,,0,B,0.28692,0.66456,0.12769,0.02332,frames/frame_009016.jpg
9017,150.283333,,0,B,0.28432,0.66326,0.13007,0.01866,frames/frame_009017.jpg
9018,150.300000,,0,P,0.27916,0.65632,0.12784,0.05730,frames/frame_009018.jpg
9019,150.316667,,0,B,0.27880,0.65818,0.12889,0.02574,frames/frame_009019.jpg
9020,150.333333,,0,B,0.28150,0.66220,0.13137,0.02910,frames/frame_009020.jpg
9021,150.350000,,0,B,0.27417,0.66005,0.12905,0.02532,frames/frame_009021.jpg
9022,150.366667,,0,P,0.26511,0.66291,0.12723,0.02541,frames/frame_009022.jpg
9023,150.383333,,0,B,0.26063,0.66584,0.12544,0.01631,frames/frame_009023.jpg
9024,150.400000,,0,B,0.25028,0.67335,0.12274,0.02204,frames/frame_009024.jpg
9025,150.416667,,0,B,0.24069,0.67696,0.11947,0.02042,frames/frame_009025.jpg
9026,150.433333,,0,P,0.24207,0.68529,0.11977,0.01701,frames/frame_009026.jpg
9027,150.450000,,0,B,0.24854,0.68644,0.12221,0.01874,frames/frame_009027.jpg
9028,150.466667,,0,P,0.25745,0.69095,0.12168,0.02743,frames/frame_009028.jpg
9029,150.483333,,0,B,0.36496,0.57880,0.13490,0.12420,frames/frame_009029.jpg
9030,150.500000,,0,B,0.36174,0.58237,0.13131,0.02653,frames/frame_009030.jpg
9031,150.516667,,0,B,0.36184,0.58150,0.13250,0.01555,frames/frame_009031.jpg
9032,150.533333,,0,P,0.35551,0.58629,0.13302,0.02222,frames/frame_009032.jpg
9033,150.550000,,0,B,0.34700,0.58210,0.13296,0.02166,frames/frame_009033.jpg
9034,150.566667,,0,B,0.33801,0.57956,0.13101,0.02067,frames/frame_009034.jpg
9035,150.583333,,0,P,0.32904,0.57969,0.12882,0.01737,frames/frame_009035.jpg
9036,150.600000,,0,B,0.32644,0.57903,0.12726,0.02452,frames/frame_009036.jpg
9037,150.616667,,0,P,0.39340,0.54867,0.13466,0.08052,frames/frame_009037.jpg
9038,150.633333,,0,B,0.39740,0.57391,0.13099,0.06540,frames/frame_009038.jpg
9039,150.650000,,0,B,0.39032,0.56769,0.13315,0.03167,frames/frame_009039.jpg
9040,150.666667,,0,B,0.37986,0.55686,0.13611,0.03384,frames/frame_009040.jpg
9041,150.683333,,0,P,0.36574,0.55448,0.13627,0.03525,frames/frame_009041.jpg
9042,150.700000,,0,B,0.34661,0.54907,0.13327,0.02770,frames/frame_009042.jpg
9043,150.716667,,0,B,0.34118,0.55537,0.13179,0.01833,frames/frame_009043.jpg
9044,150.733333,,0,B,0.33475,0.55788,0.12857,0.01763,frames/frame_009044.jpg
9045,150.750000,,0,P,0.32614,0.56774,0.12937,0.01823,frames/frame_009045.jpg
9046,150.766667,,0,B,0.32102,0.56878,0.12764,0.01644,frames/frame_009046.jpg
9047,150.783333,,0,B,0.32150,0.57633,0.12642,0.01687,frames/frame_009047.jpg
9048,150.800000,,0,B,0.32154,0.58260,0.12549,0.01329,frames/frame_009048.jpg
9049,150.816667,,0,P,0.31084,0.59343,0.12470,0.01865,frames/frame_009049.jpg
9050,150.833333,,0,B,0.30880,0.60057,0.12412,0.01540,frames/frame_009050.jpg
9051,150.850000,,0,B,0.30751,0.60908,0.12682,0.01690,frames/frame_009051.jpg
9052,150.866667,,0,B,0.31103,0.61065,0.12954,0.01547,frames/frame_009052.jpg
9053,150.883333,,0,P,0.30437,0.61595,0.12847,0.01595,frames/frame_009053.jpg
9054,150.900000,,0,B,0.30008,0.62378,0.12518,0.01762,frames/frame_009054.jpg
9055,150.916667,,0,B,0.29986,0.63883,0.12329,0.03136,frames/frame_009055.jpg
9056,150.933333,,0,B,0.29984,0.64049,0.12428,0.01614,frames/frame_009056.jpg
9057,150.950000,,0,P,0.29863,0.64524,0.12642,0.01403,frames/frame_009057.jpg
9058,150.966667,,0,B,0.29969,0.64421,0.12895,0.01773,frames/frame_009058.jpg
9059,150.983333,,0,B,0.29684,0.65084,0.13000,0.01425,frames/frame_009059.jpg
9060,151.000000,,0,B,0.29714,0.65036,0.13199,0.01433,frames/frame_009060.jpg
9061,151.016667,,0,P,0.28890,0.65730,0.12993,0.01735,frames/frame_009061.jpg
9062,151.033333,,0,B,0.28334,0.65598,0.12661,0.01492,frames/frame_009062.jpg
9063,151.050000,,0,B,0.27571,0.65775,0.12451,0.01308,frames/frame_009063.jpg
9064,151.066667,,0,B,0.26842,0.65618,0.12137,0.01379,frames/frame_009064.jpg
9065,151.083333,,0,P,0.26361,0.65526,0.12146,0.01730,frames/frame_009065.jpg
9066,151.100000,,0,B,0.26373,0.65345,0.12270,0.02357,frames/frame_009066.jpg
9067,151.116667,,0,B,0.25689,0.65310,0.12045,0.02205,frames/frame_009067.jpg
9068,151.133333,,0,B,0.25590,0.65299,0.11956,0.01946,frames/frame_009068.jpg
9069,151.150000,,0,P,0.24547,0.65061,0.11772,0.02014,frames/frame_009069.jpg
9070,151.166667,,0,B,0.24435,0.64813,0.11647,0.00925,frames/frame_009070.jpg
9071,151.183333,,0,B,0.23956,0.64917,0.11576,0.01071,frames/frame_009071.jpg
9072,151.200000,,0,B,0.23769,0.64893,0.11459,0.00940,frames/frame_009072.jpg
9073,151.216667,,0,P,0.23812,0.65737,0.11650,0.02084,frames/frame_009073.jpg
9074,151.233333,,0,B,0.28466,0.68879,0.13713,0.08671,frames/frame_009074.jpg
9075,151.250000,,0,B,0.28155,0.68540,0.13702,0.02619,frames/frame_009075.jpg
9076,151.266667,,0,B,0.26625,0.67671,0.13097,0.04356,frames/frame_009076.jpg
9077,151.283333,,0,P,0.25303,0.67746,0.12523,0.03410,frames/frame_009077.jpg
9078,151.300000,,0,B,0.23736,0.68304,0.11885,0.03059,frames/frame_009078.jpg
9079,151.316667,,0,B,0.22813,0.70060,0.11856,0.02586,frames/frame_009079.jpg
9080,151.333333,,0,B,0.22341,0.71192,0.12116,0.01671,frames/frame_009080.jpg
9081,151.350000,,0,P,0.22466,0.72074,0.12248,0.01517,frames/frame_009081.jpg
9082,151.366667,,0,B,0.24499,0.70870,0.12371,0.03344,frames/frame_009082.jpg
9083,151.383333,,0,B,0.26468,0.70315,0.12926,0.03981,frames/frame_009083.jpg
9084,151.400000,,0,B,0.27412,0.69948,0.13239,0.03903,frames/frame_009084.jpg
9085,151.416667,,0,P,0.27802,0.71047,0.12702,0.03161,frames/frame_009085.jpg
9086,151.433333,,0,B,0.28148,0.70682,0.12810,0.01963,frames/frame_009086.jpg
9087,151.450000,,0,B,0.26877,0.71019,0.12793,0.02556,frames/frame_009087.jpg
9088,151.466667,,0,B,0.26602,0.70543,0.12744,0.02394,frames/frame_009088.jpg
9089,151.483333,,0,P,0.26443,0.70081,0.12965,0.02289,frames/frame_009089.jpg
9090,151.500000,,0,B,0.26196,0.70090,0.12867,0.02324,frames/frame_009090.jpg
9091,151.516667,,0,P,0.26297,0.70750,0.12717,0.02691,frames/frame_009091.jpg
9092,151.533333,,0,B,0.37801,0.56838,0.13509,0.13618,frames/frame_009092.jpg
9093,151.550000,,0,B,0.37292,0.57307,0.13343,0.02098,frames/frame_009093.jpg
9094,151.566667,,0,B,0.36702,0.57179,0.13271,0.01472,frames/frame_009094.jpg
9095,151.583333,,0,P,0.35994,0.57518,0.13304,0.01780,frames/frame_009095.jpg
9096,151.600000,,0,B,0.35106,0.57703,0.13149,0.01991,frames/frame_009096.jpg
9097,151.616667,,0,B,0.34000,0.57548,0.13006,0.02090,frames/frame_009097.jpg
9098,151.633333,,0,P,0.33144,0.57839,0.13127,0.01940,frames/frame_009098.jpg
9099,151.650000,,0,B,0.32158,0.57560,0.12703,0.01457,frames/frame_009099.jpg
9100,151.666667,,0,P,0.31912,0.58452,0.12571,0.01898,frames/frame_009100.jpg
9101,151.683333,,0,B,0.36130,0.58431,0.13170,0.05640,frames/frame_009101.jpg
9102,151.700000,,0,B,0.35195,0.58159,0.12992,0.01424,frames/frame_009102.jpg
9103,151.716667,,0,B,0.35066,0.57789,0.13108,0.01247,frames/frame_009103.jpg
9104,151.733333,,0,P,0.34357,0.57726,0.13009,0.01590,frames/frame_009104.jpg
9105,151.750000,,0,B,0.33488,0.57351,0.12859,0.01853,frames/frame_009105.jpg
9106,151.766667,,0,B,0.32011,0.57461,0.12836,0.02207,frames/frame_009106.jpg
9107,151.783333,,0,B,0.31177,0.57356,0.12678,0.01441,frames/frame_009107.jpg
9108,151.800000,,0,P,0.30632,0.57916,0.12334,0.02499,frames/frame_009108.jpg
9109,151.816667,,0,P,0.38816,0.53898,0.13001,0.09133,frames/frame_009109.jpg
9110,151.833333,,0,B,0.39977,0.57250,0.13430,0.06845,frames/frame_009110.jpg
9111,151.850000,,0,B,0.39146,0.56423,0.13799,0.02726,frames/frame_009111.jpg
9112,151.866667,,0,P,0.38095,0.55676,0.14188,0.03630,frames/frame_009112.jpg
9113,151.883333,,0,B,0.36968,0.54872,0.14183,0.03274,frames/frame_009113.jpg
9114,151.900000,,0,B,0.35370,0.54696,0.13583,0.02979,frames/frame_009114.jpg
9115,151.916667,,0,B,0.33735,0.55117,0.13230,0.02385,frames/frame_009115.jpg
9116,151.933333,,0,P,0.32687,0.55572,0.12665,0.02264,frames/frame_009116.jpg
9117,151.950000,,0,B,0.32449,0.55991,0.12572,0.01528,frames/frame_009117.jpg
9118,151.966667,,0,B,0.32225,0.56259,0.12659,0.01779,frames/frame_009118.jpg
9119,151.983333,,0,B,0.32009,0.56890,0.12428,0.01864,frames/frame_009119.jpg
9120,152.000000,,0,P,0.31560,0.58252,0.12022,0.02401,frames/frame_009120.jpg
9121,152.016667,,0,B,0.31896,0.59004,0.12346,0.02318,frames/frame_009121.jpg
9122,152.033333,,0,B,0.31900,0.59942,0.12352,0.01893,frames/frame_009122.jpg
9123,152.050000,,0,B,0.31528,0.60387,0.12421,0.01750,frames/frame_009123.jpg
9124,152.066667,,0,P,0.30543,0.61059,0.12688,0.02543,frames/frame_009124.jpg
9125,152.083333,,0,B,0.30147,0.61083,0.12511,0.02559,frames/frame_009125.jpg
9126,152.100000,,0,B,0.28837,0.60965,0.12498,0.02301,frames/frame_009126.jpg
9127,152.116667,,0,B,0.29352,0.61053,0.12573,0.02092,frames/frame_009127.jpg
9128,152.133333,,0,P,0.29288,0.61983,0.12601,0.02821,frames/frame_009128.jpg
9129,152.150000,,0,B,0.28862,0.62064,0.12789,0.02196,frames/frame_009129.jpg
9130,152.166667,,0,B,0.28106,0.62394,0.12765,0.02409,frames/frame_009130.jpg
9131,152.183333,,0,B,0.26296,0.62548,0.12124,0.02335,frames/frame_009131.jpg
9132,152.200000,,0,P,0.25455,0.62858,0.12011,0.02224,frames/frame_009132.jpg
9133,152.216667,,0,B,0.24991,0.62782,0.11897,0.01929,frames/frame_009133.jpg
9134,152.233333,,0,B,0.23988,0.63033,0.11492,0.01633,frames/frame_009134.jpg
9135,152.250000,,0,B,0.24198,0.63363,0.11659,0.01569,frames/frame_009135.jpg
9136,152.266667,,0,P,0.25263,0.64472,0.12106,0.02597,frames/frame_009136.jpg
9137,152.283333,,0,B,0.26221,0.65202,0.12249,0.03238,frames/frame_009137.jpg
9138,152.300000,,0,B,0.27815,0.66577,0.12361,0.02976,frames/frame_009138.jpg
9139,152.316667,,0,B,0.27286,0.66724,0.12051,0.02075,frames/frame_009139.jpg
9140,152.333333,,0,P,0.27158,0.67294,0.12093,0.01569,frames/frame_009140.jpg
9141,152.350000,,0,B,0.26511,0.66471,0.11970,0.01577,frames/frame_009141.jpg
9142,152.366667,,0,B,0.26220,0.66485,0.12054,0.01726,frames/frame_009142.jpg
9143,152.383333,,0,B,0.25513,0.66109,0.11750,0.01497,frames/frame_009143.jpg
9144,152.400000,,0,P,0.25588,0.66208,0.11942,0.01292,frames/frame_009144.jpg
9145,152.416667,,0,B,0.25026,0.66226,0.11848,0.01560,frames/frame_009145.jpg
9146,152.433333,,0,P,0.54614,0.36271,0.11863,0.30445,frames/frame_009146.jpg
9147,152.450000,,0,P,0.51076,0.36397,0.11805,0.04614,frames/frame_009147.jpg
9148,152.466667,,0,P,0.47692,0.36726,0.11327,0.05505,frames/frame_009148.jpg
9149,152.483333,,0,P,0.43534,0.36921,0.10929,0.05106,frames/frame_009149.jpg
9150,152.500000,,0,P,0.40757,0.38356,0.10863,0.04313,frames/frame_009150.jpg
9151,152.516667,,0,P,0.37342,0.40019,0.10407,0.04070,frames/frame_009151.jpg
9152,152.533333,,0,B,0.35069,0.41733,0.10427,0.02972,frames/frame_009152.jpg
9153,152.550000,,0,P,0.33606,0.43713,0.10750,0.02781,frames/frame_009153.jpg
9154,152.566667,,0,B,0.33426,0.45859,0.11226,0.02982,frames/frame_009154.jpg
9155,152.583333,,0,P,0.34764,0.48505,0.12878,0.04431,frames/frame_009155.jpg
9156,152.600000,,0,B,0.34508,0.50558,0.12970,0.04567,frames/frame_009156.jpg
9157,152.616667,,0,B,0.33864,0.53205,0.12499,0.04323,frames/frame_009157.jpg
9158,152.633333,,0,B,0.33484,0.54858,0.12715,0.03079,frames/frame_009158.jpg
9159,152.650000,,0,P,0.32316,0.56277,0.12838,0.02648,frames/frame_009159.jpg
9160,152.666667,,0,B,0.31304,0.57163,0.12353,0.02516,frames/frame_009160.jpg
9161,152.683333,,0,P,0.30654,0.58194,0.12567,0.02228,frames/frame_009161.jpg
9162,152.700000,,0,B,0.29934,0.58712,0.12584,0.05593,frames/frame_009162.jpg
9163,152.716667,,0,B,0.28928,0.59588,0.12489,0.02697,frames/frame_009163.jpg
9164,152.733333,,0,B,0.28970,0.60261,0.12895,0.02786,frames/frame_009164.jpg
9165,152.750000,,0,P,0.28284,0.61722,0.12921,0.02667,frames/frame_009165.jpg
9166,152.766667,,0,B,0.27859,0.62254,0.12680,0.02321,frames/frame_009166.jpg
9167,152.783333,,0,B,0.27358,0.63612,0.12748,0.01996,frames/frame_009167.jpg
9168,152.800000,,0,B,0.25751,0.64863,0.12312,0.02137,frames/frame_009168.jpg
9169,152.816667,,0,P,0.24942,0.66798,0.12318,0.02005,frames/frame_009169.jpg
9170,152.833333,,0,B,0.23804,0.67752,0.11844,0.01864,frames/frame_009170.jpg
9171,152.850000,,0,B,0.24519,0.67778,0.12067,0.01900,frames/frame_009171.jpg
9172,152.866667,,0,P,0.25697,0.68690,0.12302,0.02787,frames/frame_009172.jpg
9173,152.883333,,0,B,0.37244,0.57216,0.13429,0.12736,frames/frame_009173.jpg
9174,152.900000,,0,B,0.37024,0.57534,0.13142,0.02521,frames/frame_009174.jpg
9175,152.916667,,0,B,0.36674,0.57334,0.13215,0.01771,frames/frame_009175.jpg
9176,152.933333,,0,P,0.36139,0.57634,0.13217,0.01651,frames/frame_009176.jpg
9177,152.950000,,0,B,0.34703,0.57349,0.12941,0.02028,frames/frame_009177.jpg
9178,152.966667,,0,P,0.33629,0.57696,0.12826,0.02281,frames/frame_009178.jpg
9179,152.983333,,0,P,0.32844,0.57430,0.12789,0.01758,frames/frame_009179.jpg
9180,153.000000,,1,I,0.32237,0.57522,0.12476,0.02191,frames/frame_009180.jpg
9181,153.016667,,0,B,0.40446,0.56516,0.13425,0.12123,frames/frame_009181.jpg
9182,153.033333,,0,B,0.40269,0.56446,0.13564,0.01444,frames/frame_009182.jpg
9183,153.050000,,0,B,0.39434,0.55892,0.13919,0.02815,frames/frame_009183.jpg
9184,153.066667,,0,P,0.38041,0.55224,0.14046,0.03494,frames/frame_009184.jpg
9185,153.083333,,0,B,0.36675,0.54815,0.13941,0.03111,frames/frame_009185.jpg
9186,153.100000,,0,B,0.35478,0.54785,0.13563,0.02432,frames/frame_009186.jpg
9187,153.116667,,0,P,0.34217,0.55433,0.13336,0.02133,frames/frame_009187.jpg
9188,153.133333,,0,B,0.33252,0.55820,0.13017,0.01918,frames/frame_009188.jpg
9189,153.150000,,0,B,0.32372,0.56060,0.12710,0.01810,frames/frame_009189.jpg
9190,153.166667,,0,B,0.32000,0.56398,0.12466,0.01371,frames/frame_009190.jpg
9191,153.183333,,0,P,0.31769,0.57329,0.12265,0.01783,frames/frame_009191.jpg
9192,153.200000,,0,B,0.31676,0.58036,0.12360,0.02335,frames/frame_009192.jpg
9193,153.216667,,0,B,0.31406,0.58805,0.12497,0.02275,frames/frame_009193.jpg
9194,153.233333,,0,B,0.31077,0.59329,0.12613,0.01791,frames/frame_009194.jpg
9195,153.250000,,0,P,0.30981,0.60613,0.12934,0.01956,frames/frame_009195.jpg
9196,153.266667,,0,B,0.30488,0.60995,0.12715,0.02075,frames/frame_009196.jpg
9197,153.283333,,0,B,0.29477,0.61642,0.12489,0.01763,frames/frame_009197.jpg
9198,153.300000,,0,B,0.29462,0.62115,0.12441,0.01391,frames/frame_009198.jpg
9199,153.316667,,0,P,0.30165,0.64109,0.12762,0.03180,frames/frame_009199.jpg
9200,153.333333,,0,B,0.30377,0.64165,0.12775,0.01925,frames/frame_009200.jpg
9201,153.350000,,0,B,0.29960,0.64337,0.12985,0.01544,frames/frame_009201.jpg
9202,153.366667,,0,B,0.29779,0.64425,0.12975,0.01540,frames/frame_009202.jpg
9203,153.383333,,0,P,0.29218,0.64904,0.13011,0.01690,frames/frame_009203.jpg
9204,153.400000,,0,B,0.28636,0.64567,0.12777,0.01563,frames/frame_009204.jpg
9205,153.416667,,0,B,0.28241,0.65031,0.12680,0.01417,frames/frame_009205.jpg
9206,153.433333,,0,B,0.28007,0.65135,0.12659,0.01130,frames/frame_009206.jpg
9207,153.450000,,0,P,0.27740,0.65660,0.12597,0.01231,frames/frame_009207.jpg
9208,153.466667,,0,B,0.27633,0.65676,0.12496,0.01184,frames/frame_009208.jpg
9209,153.483333,,0,P,0.27032,0.66754,0.12259,0.01363,frames/frame_009209.jpg
9210,153.500000,,0,B,0.26842,0.66298,0.12026,0.01616,frames/frame_009210.jpg
9211,153.516667,,0,B,0.26657,0.66746,0.12240,0.01345,frames/frame_009211.jpg
9212,153.533333,,0,B,0.25742,0.66638,0.11831,0.01444,frames/frame_009212.jpg
9213,153.550000,,0,P,0.25308,0.67068,0.11830,0.00895,frames/frame_009213.jpg
9214,153.566667,,0,B,0.25080,0.66897,0.11680,0.00978,frames/frame_009214.jpg
9215,153.583333,,0,B,0.25951,0.67284,0.12229,0.01278,frames/frame_009215.jpg
9216,153.600000,,0,B,0.26207,0.67467,0.12272,0.00868,frames/frame_009216.jpg
9217,153.616667,,0,P,0.26029,0.67854,0.12182,0.00907,frames/frame_009217.jpg
9218,153.633333,,0,B,0.28622,0.70395,0.13306,0.07192,frames/frame_009218.jpg
9219,153.650000,,0,B,0.28124,0.69157,0.13300,0.03544,frames/frame_009219.jpg
9220,153.666667,,0,B,0.27400,0.68073,0.13261,0.04349,frames/frame_009220.jpg
9221,153.683333,,0,P,0.25221,0.68317,0.12849,0.03567,frames/frame_009221.jpg
9222,153.700000,,0,B,0.24215,0.68431,0.12355,0.02887,frames/frame_009222.jpg
9223,153.716667,,0,B,0.24279,0.69213,0.12396,0.01762,frames/frame_009223.jpg
9224,153.733333,,0,B,0.24212,0.69198,0.12256,0.01637,frames/frame_009224.jpg
9225,153.750000,,0,P,0.24682,0.70201,0.12313,0.01588,frames/frame_009225.jpg
9226,153.766667,,0,B,0.24387,0.70604,0.11969,0.01916,frames/frame_009226.jpg
9227,153.783333,,0,B,0.24927,0.70992,0.12076,0.01722,frames/frame_009227.jpg
9228,153.800000,,0,B,0.25294,0.71041,0.12216,0.01596,frames/frame_009228.jpg
9229,153.816667,,0,P,0.25744,0.71199,0.12549,0.01732,frames/frame_009229.jpg
9230,153.833333,,0,B,0.26088,0.70971,0.12617,0.01887,frames/frame_009230.jpg
9231,153.850000,,0,B,0.26252,0.71007,0.12620,0.01629,frames/frame_009231.jpg
9232,153.866667,,0,B,0.26546,0.70734,0.13125,0.01568,frames/frame_009232.jpg
9233,153.883333,,0,P,0.26288,0.70733,0.13102,0.01375,frames/frame_009233.jpg
9234,153.900000,,0,B,0.26524,0.70041,0.12834,0.01749,frames/frame_009234.jpg
9235,153.916667,,0,B,0.26303,0.70050,0.12767,0.01674,frames/frame_009235.jpg
9236,153.933333,,0,B,0.26654,0.70065,0.13038,0.01953,frames/frame_009236.jpg
9237,153.950000,,0,P,0.25939,0.70024,0.12797,0.02034,frames/frame_009237.jpg
9238,153.966667,,0,B,0.26372,0.70043,0.13124,0.01454,frames/frame_009238.jpg
9239,153.983333,,0,B,0.25658,0.70274,0.12893,0.01886,frames/frame_009239.jpg
9240,154.000000,,0,B,0.25633,0.70020,0.12966,0.01648,frames/frame_009240.jpg
9241,154.016667,,0,P,0.25658,0.70040,0.13064,0.01287,frames/frame_009241.jpg
9242,154.033333,,0,B,0.26018,0.69793,0.12958,0.01140,frames/frame_009242.jpg
9243,154.050000,,0,B,0.26251,0.70082,0.12968,0.01263,frames/frame_009243.jpg
9244,154.066667,,0,B,0.26587,0.70097,0.13060,0.01455,frames/frame_009244.jpg
9245,154.083333,,0,P,0.25924,0.70311,0.12674,0.01432,frames/frame_009245.jpg
9246,154.100000,,0,B,0.26054,0.70049,0.12464,0.01247,frames/frame_009246.jpg
9247,154.116667,,0,B,0.25551,0.70177,0.12274,0.01396,frames/frame_009247.jpg
9248,154.133333,,0,B,0.25386,0.70313,0.12159,0.00992,frames/frame_009248.jpg
9249,154.150000,,0,P,0.25282,0.69947,0.12212,0.01035,frames/frame_009249.jpg
9250,154.166667,,0,B,0.25425,0.69638,0.12283,0.00866,frames/frame_009250.jpg
9251,154.183333,,0,B,0.25308,0.69311,0.12237,0.00787,frames/frame_009251.jpg
9252,154.200000,,0,P,0.25254,0.69838,0.12233,0.01099,frames/frame_009252.jpg
9253,154.216667,,0,P,0.38993,0.53652,0.13284,0.14428,frames/frame_009253.jpg
9254,154.233333,,0,B,0.39988,0.57153,0.13246,0.06960,frames/frame_009254.jpg
9255,154.250000,,0,B,0.39327,0.56564,0.13483,0.02823,frames/frame_009255.jpg
9256,154.266667,,0,P,0.37580,0.55922,0.13653,0.03708,frames/frame_009256.jpg
9257,154.283333,,0,B,0.36573,0.55299,0.13689,0.03317,frames/frame_009257.jpg
9258,154.300000,,0,B,0.35452,0.55141,0.13414,0.02588,frames/frame_009258.jpg
9259,154.316667,,0,B,0.33992,0.55605,0.13288,0.02279,frames/frame_009259.jpg
9260,154.333333,,0,P,0.33157,0.56131,0.12929,0.01944,frames/frame_009260.jpg
9261,154.350000,,0,B,0.33075,0.56500,0.12969,0.01656,frames/frame_009261.jpg
9262,154.366667,,0,B,0.32665,0.56660,0.12657,0.01711,frames/frame_009262.jpg
9263,154.383333,,0,B,0.32207,0.57270,0.12423,0.01638,frames/frame_009263.jpg
9264,154.400000,,0,P,0.31815,0.57921,0.12438,0.01623,frames/frame_009264.jpg
9265,154.416667,,0,B,0.31613,0.58634,0.12455,0.01309,frames/frame_009265.jpg
9266,154.433333,,0,B,0.31340,0.59586,0.12436,0.01700,frames/frame_009266.jpg
9267,154.450000,,0,B,0.30726,0.60046,0.12254,0.01517,frames/frame_009267.jpg
9268,154.466667,,0,P,0.29975,0.61042,0.12287,0.01608,frames/frame_009268.jpg
9269,154.483333,,0,B,0.29981,0.60787,0.12365,0.01639,frames/frame_009269.jpg
9270,154.500000,,0,B,0.29844,0.61363,0.12547,0.01557,frames/frame_009270.jpg
9271,154.516667,,0,B,0.30033,0.61859,0.12728,0.01286,frames/frame_009271.jpg
9272,154.533333,,0,P,0.30271,0.62504,0.13236,0.01777,frames/frame_009272.jpg
9273,154.550000,,0,B,0.30075,0.62774,0.13170,0.02072,frames/frame_009273.jpg
9274,154.566667,,0,B,0.30320,0.63440,0.13229,0.01914,frames/frame_009274.jpg
9275,154.583333,,0,B,0.29595,0.63825,0.13272,0.01945,frames/frame_009275.jpg
9276,154.600000,,0,P,0.28967,0.64163,0.12987,0.02102,frames/frame_009276.jpg
9277,154.616667,,0,B,0.28389,0.64199,0.13032,0.01500,frames/frame_009277.jpg
9278,154.633333,,0,B,0.28447,0.64565,0.13087,0.01843,frames/frame_009278.jpg
9279,154.650000,,0,B,0.27724,0.64600,0.12718,0.01660,frames/frame_009279.jpg
9280,154.666667,,0,P,0.28185,0.65119,0.12912,0.01716,frames/frame_009280.jpg
9281,154.683333,,0,B,0.27435,0.65074,0.12437,0.01579,frames/frame_009281.jpg
9282,154.700000,,0,B,0.26904,0.65517,0.12283,0.01406,frames/frame_009282.jpg
9283,154.716667,,0,B,0.26401,0.65673,0.12092,0.01465,frames/frame_009283.jpg
9284,154.733333,,0,P,0.26167,0.66066,0.12187,0.01130,frames/frame_009284.jpg
9285,154.750000,,0,B,0.26650,0.66554,0.12415,0.01318,frames/frame_009285.jpg
9286,154.766667,,0,B,0.26555,0.67094,0.12484,0.01438,frames/frame_009286.jpg
9287,154.783333,,0,B,0.26118,0.66443,0.12203,0.01294,frames/frame_009287.jpg
9288,154.800000,,0,P,0.25386,0.66997,0.11910,0.01054,frames/frame_009288.jpg
9289,154.816667,,0,B,0.25896,0.67153,0.12196,0.01094,frames/frame_009289.jpg
9290,154.833333,,0,B,0.28931,0.70450,0.13051,0.08248,frames/frame_009290.jpg
9291,154.850000,,0,B,0.28472,0.69504,0.13293,0.03517,frames/frame_009291.jpg
9292,154.866667,,0,P,0.27673,0.68544,0.13473,0.04033,frames/frame_009292.jpg
9293,154.883333,,0,B,0.26776,0.67745,0.13060,0.03558,frames/frame_009293.jpg
9294,154.900000,,0,B,0.24881,0.67419,0.12379,0.03222,frames/frame_009294.jpg
9295,154.916667,,0,B,0.24366,0.67817,0.11951,0.02053,frames/frame_009295.jpg
9296,154.933333,,0,P,0.24105,0.68817,0.11924,0.01484,frames/frame_009296.jpg
9297,154.950000,,0,B,0.24184,0.69127,0.11692,0.01740,frames/frame_009297.jpg
9298,154.966667,,0,B,0.25068,0.69317,0.12037,0.01906,frames/frame_009298.jpg
9299,154.983333,,0,B,0.25027,0.70132,0.11814,0.01973,frames/frame_009299.jpg
9300,155.000000,,0,P,0.25604,0.70962,0.12390,0.01765,frames/frame_009300.jpg
9301,155.016667,,0,B,0.26417,0.71209,0.12518,0.01999,frames/frame_009301.jpg
9302,155.033333,,0,B,0.26381,0.71343,0.12722,0.01604,frames/frame_009302.jpg
9303,155.050000,,0,B,0.26354,0.71284,0.12653,0.01538,frames/frame_009303.jpg
9304,155.066667,,0,P,0.25891,0.71170,0.12580,0.01841,frames/frame_009304.jpg
9305,155.083333,,0,B,0.25584,0.71059,0.12453,0.01940,frames/frame_009305.jpg
9306,155.100000,,0,B,0.26437,0.70131,0.12703,0.01931,frames/frame_009306.jpg
9307,155.116667,,0,P,0.26506,0.70410,0.12873,0.01964,frames/frame_009307.jpg
9308,155.133333,,0,B,0.37446,0.58543,0.13628,0.12230,frames/frame_009308.jpg
9309,155.150000,,0,B,0.36496,0.58461,0.13546,0.01615,frames/frame_009309.jpg
9310,155.166667,,0,P,0.35790,0.58548,0.13703,0.01575,frames/frame_009310.jpg
9311,155.183333,,0,B,0.34838,0.58591,0.13414,0.01460,frames/frame_009311.jpg
9312,155.200000,,0,B,0.33553,0.59083,0.13360,0.02037,frames/frame_009312.jpg
9313,155.216667,,0,B,0.32814,0.59261,0.13168,0.01521,frames/frame_009313.jpg
9314,155.233333,,0,P,0.31859,0.59605,0.12985,0.01585,frames/frame_009314.jpg
9315,155.250000,,0,B,0.31495,0.59529,0.12984,0.01421,frames/frame_009315.jpg
9316,155.266667,,0,B,0.31089,0.59589,0.12996,0.01362,frames/frame_009316.jpg
9317,155.283333,,0,B,0.30230,0.59573,0.12638,0.01565,frames/frame_009317.jpg
9318,155.300000,,0,P,0.29146,0.59527,0.12366,0.02014,frames/frame_009318.jpg
9319,155.316667,,0,B,0.28359,0.59060,0.11940,0.01351,frames/frame_009319.jpg
9320,155.333333,,0,B,0.28176,0.59612,0.12051,0.01405,frames/frame_009320.jpg
9321,155.350000,,0,B,0.27536,0.59471,0.11837,0.01485,frames/frame_009321.jpg
9322,155.366667,,0,P,0.26444,0.59841,0.11746,0.01643,frames/frame_009322.jpg
9323,155.383333,,0,B,0.26604,0.59968,0.11921,0.01043,frames/frame_009323.jpg
9324,155.400000,,0,P,0.27459,0.60624,0.11762,0.02368,frames/frame_009324.jpg
9325,155.416667,,0,P,0.38697,0.53357,0.13211,0.12614,frames/frame_009325.jpg
9326,155.433333,,0,B,0.39810,0.56897,0.13123,0.07132,frames/frame_009326.jpg
9327,155.450000,,0,B,0.39547,0.56748,0.13317,0.02171,frames/frame_009327.jpg
9328,155.466667,,0,B,0.37998,0.55618,0.13656,0.03531,frames/frame_009328.jpg
9329,155.483333,,0,P,0.36713,0.55309,0.13712,0.03450,frames/frame_009329.jpg
9330,155.500000,,0,B,0.35865,0.55015,0.13653,0.02823,frames/frame_009330.jpg
9331,155.516667,,0,B,0.34056,0.55912,0.13391,0.02445,frames/frame_009331.jpg
9332,155.533333,,0,B,0.33349,0.56266,0.13198,0.01659,frames/frame_009332.jpg
9333,155.550000,,0,P,0.32724,0.56854,0.13037,0.02214,frames/frame_009333.jpg
9334,155.566667,,0,B,0.32523,0.56918,0.12810,0.01513,frames/frame_009334.jpg
9335,155.583333,,0,B,0.31495,0.57964,0.12181,0.01797,frames/frame_009335.jpg
9336,155.600000,,0,B,0.31440,0.58522,0.11860,0.01473,frames/frame_009336.jpg
9337,155.616667,,0,P,0.31064,0.59188,0.11892,0.01651,frames/frame_009337.jpg
9338,155.633333,,0,B,0.30905,0.59906,0.12148,0.02367,frames/frame_009338.jpg
9339,155.650000,,0,B,0.30374,0.60203,0.12106,0.02470,frames/frame_009339.jpg
9340,155.666667,,0,B,0.30031,0.60466,0.12054,0.01463,frames/frame_009340.jpg
9341,155.683333,,0,P,0.29780,0.61183,0.12453,0.01672,frames/frame_009341.jpg
9342,155.700000,,0,B,0.29480,0.61694,0.12279,0.01340,frames/frame_009342.jpg
9343,155.716667,,0,B,0.28612,0.62422,0.12085,0.02376,frames/frame_009343.jpg
9344,155.733333,,0,B,0.28936,0.62638,0.12207,0.02278,frames/frame_009344.jpg
9345,155.750000,,0,P,0.28063,0.63195,0.12053,0.01673,frames/frame_009345.jpg
9346,155.766667,,0,B,0.28041,0.63429,0.12175,0.01349,frames/frame_009346.jpg
9347,155.783333,,0,B,0.28253,0.64003,0.12336,0.01315,frames/frame_009347.jpg
9348,155.800000,,0,B,0.27928,0.63868,0.12370,0.01266,frames/frame_009348.jpg
9349,155.816667,,0,P,0.27366,0.64335,0.12441,0.01447,frames/frame_009349.jpg
9350,155.833333,,0,B,0.27260,0.64194,0.12331,0.01118,frames/frame_009350.jpg
9351,155.850000,,0,B,0.27061,0.64921,0.12232,0.01173,frames/frame_009351.jpg
9352,155.866667,,0,B,0.27407,0.65205,0.12401,0.01289,frames/frame_009352.jpg
9353,155.883333,,0,P,0.27664,0.65928,0.12539,0.01518,frames/frame_009353.jpg
9354,155.900000,,0,B,0.27164,0.65746,0.12300,0.02247,frames/frame_009354.jpg
9355,155.916667,,0,B,0.27290,0.65984,0.12289,0.02252,frames/frame_009355.jpg
9356,155.933333,,0,B,0.27245,0.65973,0.12367,0.00727,frames/frame_009356.jpg
9357,155.950000,,0,P,0.26350,0.66596,0.12249,0.01285,frames/frame_009357.jpg
9358,155.966667,,0,B,0.26169,0.66232,0.11974,0.01111,frames/frame_009358.jpg
9359,155.983333,,0,P,0.26117,0.66482,0.12113,0.00942,frames/frame_009359.jpg
9360,156.000000,,1,I,0.26010,0.67134,0.12135,0.01079,frames/frame_009360.jpg
9361,156.016667,,0,P,0.26399,0.67323,0.12160,0.01220,frames/frame_009361.jpg
9362,156.033333,,0,P,0.54592,0.36634,0.11618,0.29572,frames/frame_009362.jpg
9363,156.050000,,0,B,0.52075,0.37526,0.12419,0.03988,frames/frame_009363.jpg
9364,156.066667,,0,P,0.48629,0.37713,0.12231,0.05201,frames/frame_009364.jpg
9365,156.083333,,0,P,0.46095,0.38744,0.12298,0.03997,frames/frame_009365.jpg
9366,156.100000,,0,B,0.43090,0.39517,0.11879,0.04407,frames/frame_009366.jpg
9367,156.116667,,0,P,0.40168,0.41097,0.11548,0.04153,frames/frame_009367.jpg
9368,156.133333,,0,B,0.38879,0.42475,0.11638,0.02012,frames/frame_009368.jpg
9369,156.150000,,0,B,0.37460,0.44188,0.11731,0.02352,frames/frame_009369.jpg
9370,156.166667,,0,B,0.35867,0.46230,0.11542,0.02512,frames/frame_009370.jpg
9371,156.183333,,0,P,0.34183,0.48781,0.11670,0.02758,frames/frame_009371.jpg
9372,156.200000,,0,B,0.33888,0.50662,0.11707,0.02131,frames/frame_009372.jpg
9373,156.216667,,0,P,0.33306,0.52570,0.12018,0.01990,frames/frame_009373.jpg
9374,156.233333,,0,B,0.32634,0.54723,0.12326,0.02001,frames/frame_009374.jpg
9375,156.250000,,0,B,0.31988,0.56501,0.12541,0.01786,frames/frame_009375.jpg
9376,156.266667,,0,B,0.31506,0.57859,0.12562,0.01666,frames/frame_009376.jpg
9377,156.283333,,0,P,0.30722,0.59521,0.12649,0.01868,frames/frame_009377.jpg
9378,156.300000,,0,B,0.30620,0.60699,0.12836,0.01861,frames/frame_009378.jpg
9379,156.316667,,0,B,0.29835,0.62005,0.12727,0.01650,frames/frame_009379.jpg
9380,156.333333,,0,B,0.29199,0.62636,0.12672,0.01674,frames/frame_009380.jpg
9381,156.350000,,0,P,0.28461,0.63855,0.12688,0.01885,frames/frame_009381.jpg
9382,156.366667,,0,B,0.28393,0.64229,0.12823,0.01631,frames/frame_009382.jpg
9383,156.383333,,0,B,0.27441,0.65083,0.12580,0.01444,frames/frame_009383.jpg
9384,156.400000,,0,B,0.27537,0.64895,0.12829,0.01926,frames/frame_009384.jpg
9385,156.416667,,0,P,0.26664,0.65697,0.12599,0.01422,frames/frame_009385.jpg
9386,156.433333,,0,B,0.26774,0.65775,0.12596,0.00893,frames/frame_009386.jpg
9387,156.450000,,0,B,0.26833,0.66391,0.12636,0.01365,frames/frame_009387.jpg
9388,156.466667,,0,B,0.27036,0.67113,0.12661,0.01471,frames/frame_009388.jpg
9389,156.483333,,0,P,0.26772,0.67588,0.12494,0.01237,frames/frame_009389.jpg
9390,156.500000,,0,B,0.26526,0.67631,0.12440,0.01259,frames/frame_009390.jpg
9391,156.516667,,0,B,0.26589,0.68141,0.12554,0.02588,frames/frame_009391.jpg
9392,156.533333,,0,B,0.26532,0.68313,0.12308,0.02113,frames/frame_009392.jpg
9393,156.550000,,0,P,0.25977,0.68790,0.12204,0.01032,frames/frame_009393.jpg
9394,156.566667,,0,B,0.25795,0.68831,0.12010,0.01073,frames/frame_009394.jpg
9395,156.583333,,0,B,0.25983,0.68903,0.12160,0.00840,frames/frame_009395.jpg
9396,156.600000,,0,B,0.25978,0.69114,0.12208,0.01265,frames/frame_009396.jpg
9397,156.616667,,0,P,0.39420,0.53916,0.13196,0.14291,frames/frame_009397.jpg
9398,156.633333,,0,B,0.39958,0.56948,0.13196,0.06454,frames/frame_009398.jpg
9399,156.650000,,0,B,0.39354,0.56311,0.13380,0.02818,frames/frame_009399.jpg
9400,156.666667,,0,B,0.37981,0.55198,0.13632,0.03495,frames/frame_009400.jpg
9401,156.683333,,0,P,0.37112,0.55003,0.13672,0.03364,frames/frame_009401.jpg
9402,156.700000,,0,B,0.35602,0.54552,0.13425,0.02902,frames/frame_009402.jpg
9403,156.716667,,0,P,0.34164,0.55322,0.13083,0.02109,frames/frame_009403.jpg
9404,156.733333,,0,B,0.33478,0.55648,0.12803,0.01681,frames/frame_009404.jpg
9405,156.750000,,0,B,0.33074,0.56291,0.12646,0.01698,frames/frame_009405.jpg
9406,156.766667,,0,B,0.32620,0.56437,0.12580,0.01805,frames/frame_009406.jpg
9407,156.783333,,0,P,0.32217,0.57458,0.12508,0.01784,frames/frame_009407.jpg
9408,156.800000,,0,B,0.31876,0.58085,0.12324,0.01554,frames/frame_009408.jpg
9409,156.816667,,0,B,0.31459,0.58947,0.12279,0.01547,frames/frame_009409.jpg
9410,156.833333,,0,B,0.31466,0.59741,0.12543,0.01834,frames/frame_009410.jpg
9411,156.850000,,0,P,0.30894,0.60628,0.12464,0.01438,frames/frame_009411.jpg
9412,156.866667,,0,B,0.30607,0.60918,0.12520,0.01254,frames/frame_009412.jpg
9413,156.883333,,0,P,0.29928,0.61643,0.12433,0.01466,frames/frame_009413.jpg
9414,156.900000,,0,B,0.30373,0.62771,0.12537,0.03451,frames/frame_009414.jpg
9415,156.916667,,0,B,0.30303,0.62700,0.12598,0.01590,frames/frame_009415.jpg
9416,156.933333,,0,B,0.30306,0.62981,0.12725,0.01514,frames/frame_009416.jpg
9417,156.950000,,0,P,0.29772,0.63629,0.12475,0.01649,frames/frame_009417.jpg
9418,156.966667,,0,B,0.29293,0.64012,0.12108,0.02192,frames/frame_009418.jpg
9419,156.983333,,0,B,0.28494,0.64340,0.12295,0.02235,frames/frame_009419.jpg
9420,157.000000,,0,B,0.28568,0.64788,0.12297,0.01666,frames/frame_009420.jpg
9421,157.016667,,0,P,0.27543,0.65199,0.12128,0.01614,frames/frame_009421.jpg
9422,157.033333,,0,B,0.27951,0.65307,0.12400,0.01248,frames/frame_009422.jpg
9423,157.050000,,0,B,0.27554,0.65411,0.12177,0.01253,frames/frame_009423.jpg
9424,157.066667,,0,B,0.27360,0.65439,0.12209,0.01379,frames/frame_009424.jpg
9425,157.083333,,0,P,0.27143,0.66102,0.12192,0.01377,frames/frame_009425.jpg
9426,157.100000,,0,B,0.27193,0.66165,0.12131,0.00988,frames/frame_009426.jpg
9427,157.116667,,0,B,0.26957,0.66475,0.12194,0.01208,frames/frame_009427.jpg
9428,157.133333,,0,B,0.27316,0.66159,0.12356,0.01102,frames/frame_009428.jpg
9429,157.150000,,0,P,0.27078,0.66330,0.12319,0.01111,frames/frame_009429.jpg
9430,157.166667,,0,B,0.26728,0.66181,0.12050,0.00916,frames/frame_009430.jpg
9431,157.183333,,0,B,0.26695,0.66806,0.12085,0.01310,frames/frame_009431.jpg
9432,157.200000,,0,B,0.26637,0.66633,0.12188,0.01385,frames/frame_009432.jpg
9433,157.216667,,0,P,0.26205,0.67309,0.12166,0.01134,frames/frame_009433.jpg
9434,157.233333,,0,B,0.28637,0.70083,0.13001,0.07840,frames/frame_009434.jpg
9435,157.250000,,0,B,0.27681,0.69006,0.12967,0.03682,frames/frame_009435.jpg
9436,157.266667,,0,B,0.27530,0.68048,0.12943,0.04009,frames/frame_009436.jpg
9437,157.283333,,0,P,0.26175,0.68148,0.12665,0.03512,frames/frame_009437.jpg
9438,157.300000,,0,B,0.25019,0.67673,0.12090,0.02687,frames/frame_009438.jpg
9439,157.316667,,0,B,0.24944,0.68298,0.11807,0.01817,frames/frame_009439.jpg
9440,157.333333,,0,B,0.25087,0.68427,0.11904,0.01396,frames/frame_009440.jpg
9441,157.350000,,0,P,0.25172,0.69532,0.12052,0.01924,frames/frame_009441.jpg
9442,157.366667,,0,B,0.25612,0.69774,0.12089,0.02277,frames/frame_009442.jpg
9443,157.383333,,0,B,0.24968,0.70716,0.12143,0.02053,frames/frame_009443.jpg
9444,157.400000,,0,B,0.25274,0.70674,0.12042,0.01889,frames/frame_009444.jpg
9445,157.416667,,0,P,0.25346,0.71139,0.12179,0.01614,frames/frame_009445.jpg
9446,157.433333,,0,B,0.25957,0.70714,0.12295,0.01655,frames/frame_009446.jpg
9447,157.450000,,0,B,0.26303,0.70901,0.12474,0.01979,frames/frame_009447.jpg
9448,157.466667,,0,B,0.26637,0.70527,0.12559,0.01687,frames/frame_009448.jpg
9449,157.483333,,0,P,0.26775,0.70695,0.12562,0.01695,frames/frame_009449.jpg
9450,157.500000,,0,B,0.27575,0.71684,0.12660,0.04036,frames/frame_009450.jpg
9451,157.516667,,0,P,0.26795,0.72460,0.12506,0.02559,frames/frame_009451.jpg
9452,157.533333,,0,B,0.37485,0.58598,0.13005,0.11213,frames/frame_009452.jpg
9453,157.550000,,0,B,0.36943,0.58269,0.13084,0.01563,frames/frame_009453.jpg
9454,157.566667,,0,P,0.35771,0.58057,0.13070,0.02002,frames/frame_009454.jpg
9455,157.583333,,0,B,0.35595,0.58011,0.13216,0.01645,frames/frame_009455.jpg
9456,157.600000,,0,B,0.34647,0.58160,0.13192,0.01505,frames/frame_009456.jpg
9457,157.616667,,0,B,0.33528,0.58246,0.12990,0.01701,frames/frame_009457.jpg
9458,157.633333,,0,P,0.33125,0.58780,0.13148,0.01568,frames/frame_009458.jpg
9459,157.650000,,0,B,0.32223,0.58335,0.12704,0.01692,frames/frame_009459.jpg
9460,157.666667,,0,B,0.31865,0.58684,0.12690,0.01422,frames/frame_009460.jpg
9461,157.683333,,0,B,0.30861,0.58546,0.12289,0.01723,frames/frame_009461.jpg
9462,157.700000,,0,P,0.29578,0.58742,0.11945,0.01699,frames/frame_009462.jpg
9463,157.716667,,0,B,0.28805,0.58519,0.11823,0.01587,frames/frame_009463.jpg
9464,157.733333,,0,B,0.29377,0.59032,0.11901,0.01732,frames/frame_009464.jpg
9465,157.750000,,0,B,0.28612,0.59156,0.12093,0.01604,frames/frame_009465.jpg
9466,157.766667,,0,P,0.27944,0.59788,0.12125,0.01349,frames/frame_009466.jpg
9467,157.783333,,0,B,0.27452,0.60062,0.11918,0.01235,frames/frame_009467.jpg
9468,157.800000,,0,P,0.27538,0.61040,0.11973,0.02016,frames/frame_009468.jpg
9469,157.816667,,0,B,0.39847,0.54950,0.14425,0.14172,frames/frame_009469.jpg
9470,157.833333,,0,B,0.39689,0.56694,0.13091,0.04131,frames/frame_009470.jpg
9471,157.850000,,0,P,0.39475,0.56363,0.13540,0.02671,frames/frame_009471.jpg
9472,157.866667,,0,B,0.37505,0.55247,0.13610,0.03500,frames/frame_009472.jpg
9473,157.883333,,0,B,0.37017,0.54912,0.13685,0.03044,frames/frame_009473.jpg
9474,157.900000,,0,B,0.35289,0.54501,0.13109,0.03897,frames/frame_009474.jpg
9475,157.916667,,0,P,0.34550,0.55061,0.13145,0.03075,frames/frame_009475.jpg
9476,157.933333,,0,B,0.33543,0.55107,0.12969,0.01876,frames/frame_009476.jpg
9477,157.950000,,0,B,0.33219,0.55694,0.12726,0.01702,frames/frame_009477.jpg
9478,157.966667,,0,B,0.32809,0.56015,0.12445,0.01452,frames/frame_009478.jpg
9479,157.983333,,0,P,0.31927,0.57018,0.12256,0.01492,frames/frame_009479.jpg
9480,158.000000,,0,B,0.31819,0.57760,0.12209,0.01288,frames/frame_009480.jpg
9481,158.016667,,0,B,0.31684,0.58834,0.12345,0.01366,frames/frame_009481.jpg
9482,158.033333,,0,B,0.31188,0.59455,0.12496,0.01538,frames/frame_009482.jpg
9483,158.050000,,0,P,0.30566,0.60339,0.12575,0.01650,frames/frame_009483.jpg
9484,158.066667,,0,B,0.30449,0.60630,0.12687,0.01434,frames/frame_009484.jpg
9485,158.083333,,0,B,0.29500,0.61087,0.12414,0.01781,frames/frame_009485.jpg
9486,158.100000,,0,B,0.29245,0.61415,0.12314,0.01535,frames/frame_009486.jpg
9487,158.116667,,0,P,0.28702,0.62222,0.12123,0.01326,frames/frame_009487.jpg
9488,158.133333,,0,B,0.28498,0.62304,0.12180,0.01563,frames/frame_009488.jpg
9489,158.150000,,0,B,0.28318,0.62629,0.12388,0.01278,frames/frame_009489.jpg
9490,158.166667,,0,B,0.27978,0.62905,0.12190,0.01481,frames/frame_009490.jpg
9491,158.183333,,0,P,0.27886,0.63828,0.12290,0.01368,frames/frame_009491.jpg
9492,158.200000,,0,B,0.28110,0.63851,0.12377,0.01251,frames/frame_009492.jpg
9493,158.216667,,0,B,0.28030,0.64154,0.12486,0.01362,frames/frame_009493.jpg
9494,158.233333,,0,B,0.27978,0.64285,0.12465,0.00855,frames/frame_009494.jpg
9495,158.250000,,0,P,0.27665,0.64944,0.12293,0.01155,frames/frame_009495.jpg
9496,158.266667,,0,B,0.27649,0.65002,0.12443,0.01066,frames/frame_009496.jpg
9497,158.283333,,0,B,0.27481,0.65593,0.12458,0.01141,frames/frame_009497.jpg
9498,158.300000,,0,B,0.27409,0.65590,0.12479,0.00982,frames/frame_009498.jpg
9499,158.316667,,0,P,0.26997,0.65921,0.12280,0.00967,frames/frame_009499.jpg
9500,158.333333,,0,B,0.27086,0.65881,0.12304,0.01011,frames/frame_009500.jpg
9501,158.350000,,0,B,0.26969,0.66202,0.12418,0.00897,frames/frame_009501.jpg
9502,158.366667,,0,B,0.26740,0.66255,0.12238,0.00643,frames/frame_009502.jpg
9503,158.383333,,0,P,0.26581,0.66910,0.12384,0.00782,frames/frame_009503.jpg
9504,158.400000,,0,B,0.26208,0.66391,0.12144,0.00925,frames/frame_009504.jpg
9505,158.416667,,0,P,0.26238,0.66917,0.12265,0.00885,frames/frame_009505.jpg
9506,158.433333,,0,B,0.28426,0.69916,0.13287,0.08068,frames/frame_009506.jpg
9507,158.450000,,0,B,0.28627,0.68755,0.13552,0.03612,frames/frame_009507.jpg
9508,158.466667,,0,B,0.26630,0.67538,0.13068,0.04629,frames/frame_009508.jpg
9509,158.483333,,0,P,0.25003,0.67543,0.12483,0.03649,frames/frame_009509.jpg
9510,158.500000,,0,B,0.24161,0.67921,0.12238,0.02859,frames/frame_009510.jpg
9511,158.516667,,0,B,0.23349,0.69346,0.11862,0.02195,frames/frame_009511.jpg
9512,158.533333,,0,B,0.23740,0.69536,0.12097,0.01523,frames/frame_009512.jpg
9513,158.550000,,0,P,0.23676,0.70298,0.11991,0.01689,frames/frame_009513.jpg
9514,158.566667,,0,B,0.25237,0.69907,0.12282,0.02973,frames/frame_009514.jpg
9515,158.583333,,0,B,0.27116,0.70005,0.13372,0.03378,frames/frame_009515.jpg
9516,158.600000,,0,B,0.27785,0.70274,0.12960,0.03117,frames/frame_009516.jpg
9517,158.616667,,0,P,0.27904,0.71084,0.13112,0.02792,frames/frame_009517.jpg
9518,158.633333,,0,B,0.28608,0.70869,0.13163,0.02420,frames/frame_009518.jpg
9519,158.650000,,0,B,0.27966,0.71025,0.13141,0.02019,frames/frame_009519.jpg
9520,158.666667,,0,B,0.27603,0.70431,0.13062,0.01986,frames/frame_009520.jpg
9521,158.683333,,0,P,0.27644,0.70388,0.13202,0.01947,frames/frame_009521.jpg
9522,158.700000,,0,B,0.26899,0.70049,0.12996,0.01919,frames/frame_009522.jpg
9523,158.716667,,0,P,0.27589,0.70400,0.12878,0.02258,frames/frame_009523.jpg
9524,158.733333,,0,B,0.38105,0.56895,0.13370,0.11695,frames/frame_009524.jpg
9525,158.750000,,0,B,0.37140,0.57144,0.13272,0.01761,frames/frame_009525.jpg
9526,158.766667,,0,B,0.36348,0.57330,0.13250,0.02272,frames/frame_009526.jpg
9527,158.783333,,0,P,0.35629,0.57720,0.13275,0.02304,frames/frame_009527.jpg
9528,158.800000,,0,B,0.34924,0.57877,0.13317,0.01740,frames/frame_009528.jpg
9529,158.816667,,0,B,0.34073,0.57595,0.13326,0.01655,frames/frame_009529.jpg
9530,158.833333,,0,P,0.32894,0.57772,0.13074,0.01860,frames/frame_009530.jpg
9531,158.850000,,0,B,0.32432,0.57714,0.12897,0.01491,frames/frame_009531.jpg
9532,158.866667,,0,B,0.31871,0.58085,0.12691,0.01580,frames/frame_009532.jpg
9533,158.883333,,0,B,0.31379,0.57768,0.12540,0.01591,frames/frame_009533.jpg
9534,158.900000,,0,P,0.30822,0.58214,0.12227,0.01650,frames/frame_009534.jpg
9535,158.916667,,0,B,0.30224,0.58604,0.12132,0.00991,frames/frame_009535.jpg
9536,158.933333,,0,P,0.29504,0.59080,0.11931,0.01117,frames/frame_009536.jpg
9537,158.950000,,0,B,0.28834,0.59098,0.11971,0.01323,frames/frame_009537.jpg
9538,158.966667,,0,B,0.28942,0.59143,0.12131,0.01284,frames/frame_009538.jpg
9539,158.983333,,0,P,0.28159,0.59503,0.11854,0.01269,frames/frame_009539.jpg
9540,159.000000,,1,I,0.28752,0.60686,0.11975,0.01959,frames/frame_009540.jpg
9541,159.016667,,0,B,0.38242,0.53650,0.12931,0.10972,frames/frame_009541.jpg
9542,159.033333,,0,B,0.39527,0.56972,0.13031,0.06716,frames/frame_009542.jpg
9543,159.050000,,0,B,0.39202,0.56078,0.13721,0.03015,frames/frame_009543.jpg
9544,159.066667,,0,P,0.37936,0.55073,0.13865,0.03643,frames/frame_009544.jpg
9545,159.083333,,0,B,0.36761,0.54495,0.13799,0.03441,frames/frame_009545.jpg
9546,159.100000,,0,B,0.35421,0.54707,0.13542,0.02630,frames/frame_009546.jpg
9547,159.116667,,0,B,0.34205,0.55011,0.13054,0.02445,frames/frame_009547.jpg
9548,159.133333,,0,P,0.32556,0.55301,0.12721,0.02242,frames/frame_009548.jpg
9549,159.150000,,0,B,0.32182,0.55674,0.12434,0.01750,frames/frame_009549.jpg
9550,159.166667,,0,B,0.32059,0.56076,0.12520,0.01738,frames/frame_009550.jpg
9551,159.183333,,0,B,0.31672,0.56928,0.12221,0.02892,frames/frame_009551.jpg
9552,159.200000,,0,P,0.31840,0.58253,0.12053,0.03141,frames/frame_009552.jpg
9553,159.216667,,0,B,0.32353,0.59077,0.11995,0.02087,frames/frame_009553.jpg
9554,159.233333,,0,B,0.31559,0.60063,0.12220,0.02048,frames/frame_009554.jpg
9555,159.250000,,0,B,0.31781,0.60808,0.12308,0.01793,frames/frame_009555.jpg
9556,159.266667,,0,P,0.30611,0.61616,0.12435,0.02130,frames/frame_009556.jpg
9557,159.283333,,0,B,0.30253,0.61440,0.12518,0.01721,frames/frame_009557.jpg
9558,159.300000,,0,B,0.29496,0.61556,0.12551,0.01837,frames/frame_009558.jpg
9559,159.316667,,0,B,0.29305,0.61601,0.12407,0.02235,frames/frame_009559.jpg
9560,159.333333,,0,P,0.30044,0.61576,0.13577,0.02865,frames/frame_009560.jpg
9561,159.350000,,0,B,0.29142,0.61680,0.13140,0.02738,frames/frame_009561.jpg
9562,159.366667,,0,B,0.28699,0.62595,0.13108,0.02786,frames/frame_009562.jpg
9563,159.383333,,0,B,0.27715,0.62359,0.12999,0.02458,frames/frame_009563.jpg
9564,159.400000,,0,P,0.26375,0.62508,0.12303,0.02193,frames/frame_009564.jpg
9565,159.416667,,0,B,0.25647,0.62373,0.12255,0.02200,frames/frame_009565.jpg
9566,159.433333,,0,B,0.24598,0.62838,0.11952,0.01874,frames/frame_009566.jpg
9567,159.450000,,0,B,0.25053,0.63063,0.12085,0.01678,frames/frame_009567.jpg
9568,159.466667,,0,P,0.26123,0.64028,0.12239,0.02654,frames/frame_009568.jpg
9569,159.483333,,0,B,0.35735,0.56855,0.13473,0.11449,frames/frame_009569.jpg
9570,159.500000,,0,B,0.36289,0.57590,0.13481,0.02536,frames/frame_009570.jpg
9571,159.516667,,0,B,0.35587,0.57510,0.13341,0.01740,frames/frame_009571.jpg
9572,159.533333,,0,P,0.35091,0.57541,0.13303,0.01621,frames/frame_009572.jpg
9573,159.550000,,0,B,0.34224,0.57018,0.12874,0.01914,frames/frame_009573.jpg
9574,159.566667,,0,P,0.33046,0.56885,0.13003,0.01980,frames/frame_009574.jpg
9575,159.583333,,0,B,0.32055,0.57021,0.12947,0.02003,frames/frame_009575.jpg
9576,159.600000,,0,B,0.31283,0.56773,0.12577,0.01558,frames/frame_009576.jpg
9577,159.616667,,0,P,0.30314,0.57394,0.12243,0.02574,frames/frame_009577.jpg
9578,159.633333,,0,P,0.55888,0.36883,0.11480,0.26862,frames/frame_009578.jpg
9579,159.650000,,0,P,0.52405,0.37542,0.12024,0.04853,frames/frame_009579.jpg
9580,159.666667,,0,P,0.49480,0.37348,0.12091,0.05266,frames/frame_009580.jpg
9581,159.683333,,0,P,0.45123,0.37844,0.11223,0.05188,frames/frame_009581.jpg
9582,159.700000,,0,B,0.42355,0.38355,0.11044,0.03824,frames/frame_009582.jpg
9583,159.716667,,0,P,0.38968,0.39904,0.10475,0.03932,frames/frame_009583.jpg
9584,159.733333,,0,B,0.36599,0.41486,0.10426,0.02994,frames/frame_009584.jpg
9585,159.750000,,0,P,0.35363,0.43740,0.10962,0.03039,frames/frame_009585.jpg
9586,159.766667,,0,B,0.34805,0.45463,0.11422,0.03036,frames/frame_009586.jpg
9587,159.783333,,0,P,0.36018,0.47855,0.12652,0.04228,frames/frame_009587.jpg
9588,159.800000,,0,B,0.35592,0.49858,0.12416,0.04375,frames/frame_009588.jpg
9589,159.816667,,0,B,0.35019,0.52059,0.12393,0.03577,frames/frame_009589.jpg
9590,159.833333,,0,B,0.33868,0.53770,0.12447,0.02850,frames/frame_009590.jpg
9591,159.850000,,0,P,0.32933,0.55303,0.12654,0.02408,frames/frame_009591.jpg
9592,159.866667,,0,B,0.32441,0.56332,0.12583,0.02646,frames/frame_009592.jpg
9593,159.883333,,0,P,0.31142,0.57100,0.12673,0.02687,frames/frame_009593.jpg
9594,159.900000,,0,B,0.30635,0.58588,0.12499,0.03245,frames/frame_009594.jpg
9595,159.916667,,0,B,0.29808,0.59566,0.12583,0.02934,frames/frame_009595.jpg
9596,159.933333,,0,B,0.29259,0.60048,0.12486,0.02876,frames/frame_009596.jpg
9597,159.950000,,0,P,0.27724,0.61108,0.12268,0.02797,frames/frame_009597.jpg
9598,159.966667,,0,B,0.27002,0.61660,0.12231,0.02325,frames/frame_009598.jpg
9599,159.983333,,0,B,0.26260,0.62482,0.12267,0.02114,frames/frame_009599.jpg
9600,160.000000,,0,B,0.25659,0.63317,0.12289,0.01851,frames/frame_009600.jpg
9601,160.016667,,0,P,0.24664,0.63828,0.12028,0.02219,frames/frame_009601.jpg
9602,160.033333,,0,B,0.24372,0.64163,0.11954,0.01640,frames/frame_009602.jpg
9603,160.050000,,0,B,0.24211,0.64137,0.11810,0.01575,frames/frame_009603.jpg
9604,160.066667,,0,P,0.25394,0.65851,0.12348,0.03084,frames/frame_009604.jpg
9605,160.083333,,0,B,0.35608,0.57515,0.13340,0.12530,frames/frame_009605.jpg
9606,160.100000,,0,B,0.35472,0.57889,0.13351,0.02915,frames/frame_009606.jpg
9607,160.116667,,0,B,0.34989,0.57904,0.13216,0.01971,frames/frame_009607.jpg
9608,160.133333,,0,P,0.33973,0.57984,0.13096,0.01756,frames/frame_009608.jpg
9609,160.150000,,0,B,0.32575,0.57278,0.12714,0.02155,frames/frame_009609.jpg
9610,160.166667,,0,B,0.31944,0.57380,0.12942,0.02657,frames/frame_009610.jpg
9611,160.183333,,0,B,0.30750,0.57452,0.12588,0.02657,frames/frame_009611.jpg
9612,160.200000,,0,P,0.30605,0.57659,0.12511,0.02299,frames/frame_009612.jpg
9613,160.216667,,0,B,0.39709,0.56814,0.13132,0.12844,frames/frame_009613.jpg
9614,160.233333,,0,B,0.38957,0.56586,0.13158,0.01518,frames/frame_009614.jpg
9615,160.250000,,0,P,0.38116,0.56405,0.13825,0.02791,frames/frame_009615.jpg
9616,160.266667,,0,B,0.37252,0.55070,0.13824,0.03495,frames/frame_009616.jpg
9617,160.283333,,0,B,0.36271,0.54939,0.13870,0.03163,frames/frame_009617.jpg
9618,160.300000,,0,B,0.34162,0.54810,0.13464,0.02687,frames/frame_009618.jpg
9619,160.316667,,0,P,0.32799,0.55747,0.13098,0.02366,frames/frame_009619.jpg
9620,160.333333,,0,B,0.32233,0.56007,0.12865,0.01736,frames/frame_009620.jpg
9621,160.350000,,0,P,0.31639,0.56761,0.12952,0.01659,frames/frame_009621.jpg
9622,160.366667,,0,B,0.31271,0.57339,0.12714,0.01360,frames/frame_009622.jpg
9623,160.383333,,0,B,0.30104,0.58178,0.11995,0.02008,frames/frame_009623.jpg
9624,160.400000,,0,B,0.29675,0.58806,0.12006,0.02072,frames/frame_009624.jpg
9625,160.416667,,0,P,0.29475,0.59653,0.12243,0.01612,frames/frame_009625.jpg
9626,160.433333,,0,B,0.28959,0.60198,0.12356,0.01647,frames/frame_009626.jpg
9627,160.450000,,0,B,0.28822,0.61114,0.12424,0.01964,frames/frame_009627.jpg
9628,160.466667,,0,B,0.28273,0.61623,0.12443,0.01860,frames/frame_009628.jpg
9629,160.483333,,0,P,0.27605,0.62420,0.12491,0.02125,frames/frame_009629.jpg
9630,160.500000,,0,B,0.27627,0.63683,0.12588,0.02146,frames/frame_009630.jpg
9631,160.516667,,0,B,0.27171,0.64402,0.12530,0.01487,frames/frame_009631.jpg
9632,160.533333,,0,B,0.28019,0.66205,0.12897,0.03727,frames/frame_009632.jpg
9633,160.550000,,0,P,0.27196,0.66997,0.12498,0.01621,frames/frame_009633.jpg
9634,160.566667,,0,B,0.26275,0.67401,0.12264,0.01831,frames/frame_009634.jpg
9635,160.583333,,0,B,0.26474,0.67877,0.12843,0.01953,frames/frame_009635.jpg
9636,160.600000,,0,B,0.26263,0.68195,0.13022,0.01291,frames/frame_009636.jpg
9637,160.616667,,0,P,0.25485,0.68871,0.12777,0.01607,frames/frame_009637.jpg
9638,160.633333,,0,B,0.25007,0.68835,0.12425,0.01313,frames/frame_009638.jpg
9639,160.650000,,0,B,0.24198,0.69406,0.12012,0.02051,frames/frame_009639.jpg
9640,160.666667,,0,B,0.23912,0.69194,0.11974,0.01369,frames/frame_009640.jpg
9641,160.683333,,0,P,0.23700,0.69837,0.12119,0.01599,frames/frame_009641.jpg
9642,160.700000,,0,B,0.22917,0.69841,0.11706,0.02143,frames/frame_009642.jpg
9643,160.716667,,0,B,0.21924,0.70112,0.11460,0.01873,frames/frame_009643.jpg
9644,160.733333,,0,B,0.21816,0.70183,0.11564,0.01893,frames/frame_009644.jpg
9645,160.750000,,0,P,0.21271,0.70848,0.11634,0.01984,frames/frame_009645.jpg
9646,160.766667,,0,B,0.21034,0.71345,0.11585,0.01524,frames/frame_009646.jpg
9647,160.783333,,0,B,0.21095,0.71817,0.11629,0.01316,frames/frame_009647.jpg
9648,160.800000,,0,B,0.21094,0.72110,0.11436,0.01578,frames/frame_009648.jpg
9649,160.816667,,0,P,0.20928,0.73203,0.11554,0.01715,frames/frame_009649.jpg
9650,160.833333,,0,B,0.23896,0.74995,0.12478,0.07595,frames/frame_009650.jpg
9651,160.850000,,0,B,0.23604,0.74605,0.12712,0.03327,frames/frame_009651.jpg
9652,160.866667,,0,B,0.22299,0.73580,0.12260,0.03947,frames/frame_009652.jpg
9653,160.883333,,0,P,0.21052,0.73839,0.11604,0.03424,frames/frame_009653.jpg
9654,160.900000,,0,B,0.20180,0.74569,0.11228,0.03138,frames/frame_009654.jpg
9655,160.916667,,0,B,0.19085,0.76155,0.11162,0.02200,frames/frame_009655.jpg
9656,160.933333,,0,B,0.18600,0.77042,0.11226,0.01710,frames/frame_009656.jpg
9657,160.950000,,0,P,0.18657,0.78154,0.11460,0.01831,frames/frame_009657.jpg
9658,160.966667,,0,B,0.20264,0.77265,0.11425,0.03531,frames/frame_009658.jpg
9659,160.983333,,0,B,0.22159,0.76691,0.12535,0.04025,frames/frame_009659.jpg
9660,161.000000,,0,B,0.22368,0.77465,0.11759,0.04197,frames/frame_009660.jpg
9661,161.016667,,0,P,0.23348,0.77689,0.12251,0.02845,frames/frame_009661.jpg
9662,161.033333,,0,B,0.23168,0.78118,0.12335,0.02013,frames/frame_009662.jpg
9663,161.050000,,0,B,0.22423,0.78282,0.11551,0.03271,frames/frame_009663.jpg
9664,161.066667,,0,B,0.22239,0.78259,0.12090,0.03040,frames/frame_009664.jpg
9665,161.083333,,0,P,0.21082,0.78707,0.11853,0.02218,frames/frame_009665.jpg
9666,161.100000,,0,B,0.20717,0.78380,0.11775,0.02404,frames/frame_009666.jpg
9667,161.116667,,0,P,0.21631,0.78600,0.11751,0.02835,frames/frame_009667.jpg
9668,161.133333,,0,P,0.35104,0.59915,0.11426,0.15031,frames/frame_009668.jpg
9669,161.150000,,0,B,0.34112,0.60312,0.11228,0.02610,frames/frame_009669.jpg
9670,161.166667,,0,B,0.33312,0.60706,0.11186,0.01544,frames/frame_009670.jpg
9671,161.183333,,0,B,0.32252,0.61125,0.10887,0.01749,frames/frame_009671.jpg
9672,161.200000,,0,P,0.30992,0.61836,0.10919,0.02660,frames/frame_009672.jpg
9673,161.216667,,0,B,0.30192,0.61754,0.10789,0.01750,frames/frame_009673.jpg
9674,161.233333,,0,B,0.29138,0.62516,0.10798,0.01789,frames/frame_009674.jpg
9675,161.250000,,0,B,0.27968,0.63647,0.10409,0.03021,frames/frame_009675.jpg
9676,161.266667,,0,P,0.27325,0.64444,0.10008,0.01455,frames/frame_009676.jpg
9677,161.283333,,0,B,0.26418,0.64677,0.09881,0.01827,frames/frame_009677.jpg
9678,161.300000,,0,B,0.25716,0.66281,0.09545,0.02516,frames/frame_009678.jpg
9679,161.316667,,0,B,0.25270,0.66819,0.09191,0.00914,frames/frame_009679.jpg
9680,161.333333,,0,P,0.24771,0.67685,0.09117,0.01118,frames/frame_009680.jpg
9681,161.350000,,0,B,0.23651,0.68868,0.08856,0.02910,frames/frame_009681.jpg
9682,161.366667,,0,B,0.22971,0.69466,0.08702,0.01558,frames/frame_009682.jpg
9683,161.383333,,0,B,0.22466,0.70163,0.08585,0.00943,frames/frame_009683.jpg
9684,161.400000,,0,P,0.21584,0.71819,0.08275,0.02743,frames/frame_009684.jpg
9685,161.416667,,0,P,0.35713,0.61543,0.08986,0.14985,frames/frame_009685.jpg
9686,161.433333,,0,P,0.84507,0.22220,0.05676,0.44680,frames/frame_009686.jpg
9687,161.450000,,0,P,0.79039,0.22411,0.05633,0.05418,frames/frame_009687.jpg
9688,161.466667,,0,P,0.73523,0.22536,0.05698,0.05145,frames/frame_009688.jpg
9689,161.483333,,0,P,0.68730,0.23232,0.06006,0.04943,frames/frame_009689.jpg
9690,161.500000,,0,B,0.64448,0.23850,0.05851,0.04085,frames/frame_009690.jpg
9691,161.516667,,0,P,0.59948,0.24199,0.05716,0.04398,frames/frame_009691.jpg
9692,161.533333,,0,B,0.55814,0.23603,0.05252,0.04658,frames/frame_009692.jpg
9693,161.550000,,0,P,0.53192,0.28150,0.06476,0.05237,frames/frame_009693.jpg
9694,161.566667,,0,P,0.52017,0.32261,0.07782,0.03921,frames/frame_009694.jpg
9695,161.583333,,0,P,0.47685,0.31509,0.07517,0.05804,frames/frame_009695.jpg
9696,161.600000,,0,B,0.43644,0.31302,0.06768,0.04462,frames/frame_009696.jpg
9697,161.616667,,0,P,0.43606,0.35274,0.08662,0.04652,frames/frame_009697.jpg
9698,161.633333,,0,B,0.40653,0.36635,0.08265,0.04603,frames/frame_009698.jpg
9699,161.650000,,0,P,0.39752,0.38626,0.09751,0.04141,frames/frame_009699.jpg
9700,161.666667,,0,B,0.37871,0.40313,0.09789,0.02242,frames/frame_009700.jpg
9701,161.683333,,0,P,0.36691,0.43076,0.10498,0.02519,frames/frame_009701.jpg
9702,161.700000,,0,B,0.34920,0.44041,0.10609,0.01724,frames/frame_009702.jpg
9703,161.716667,,0,B,0.33053,0.45835,0.10805,0.01980,frames/frame_009703.jpg
9704,161.733333,,0,B,0.31730,0.46855,0.10940,0.01404,frames/frame_009704.jpg
9705,161.750000,,0,P,0.30188,0.48656,0.11086,0.01616,frames/frame_009705.jpg
9706,161.766667,,0,B,0.28965,0.49649,0.11145,0.01209,frames/frame_009706.jpg
9707,161.783333,,0,B,0.27609,0.51414,0.11372,0.01418,frames/frame_009707.jpg
9708,161.800000,,0,B,0.26568,0.52521,0.11342,0.01034,frames/frame_009708.jpg
9709,161.816667,,0,P,0.25375,0.54429,0.11314,0.01276,frames/frame_009709.jpg
9710,161.833333,,0,B,0.24429,0.55917,0.11391,0.00996,frames/frame_009710.jpg
9711,161.850000,,0,P,0.23382,0.58548,0.11491,0.01311,frames/frame_009711.jpg
9712,161.866667,,0,B,0.23570,0.58584,0.11580,0.00691,frames/frame_009712.jpg
9713,161.883333,,0,B,0.28633,0.51160,0.10642,0.05473,frames/frame_009713.jpg
9714,161.900000,,0,B,0.28121,0.51524,0.10796,0.00709,frames/frame_009714.jpg
9715,161.916667,,0,P,0.27202,0.52965,0.10864,0.01370,frames/frame_009715.jpg
9716,161.933333,,0,B,0.26564,0.53539,0.10946,0.01150,frames/frame_009716.jpg
9717,161.950000,,0,B,0.25780,0.54704,0.11035,0.00882,frames/frame_009717.jpg
9718,161.966667,,0,B,0.25060,0.55775,0.11122,0.00920,frames/frame_009718.jpg
9719,161.983333,,0,P,0.24260,0.57367,0.11206,0.00929,frames/frame_009719.jpg
9720,162.000000,,1,I,0.24050,0.57833,0.11366,0.00706,frames/frame_009720.jpg
9721,162.016667,,0,B,0.24016,0.57828,0.11580,0.00827,frames/frame_009721.jpg
9722,162.033333,,0,B,0.23736,0.58401,0.12311,0.01996,frames/frame_009722.jpg
9723,162.050000,,0,B,0.23294,0.58691,0.12343,0.00674,frames/frame_009723.jpg
9724,162.066667,,0,P,0.22509,0.59731,0.12332,0.00987,frames/frame_009724.jpg
9725,162.083333,,0,B,0.21940,0.59948,0.12311,0.00797,frames/frame_009725.jpg
9726,162.100000,,0,B,0.21135,0.60966,0.12157,0.01001,frames/frame_009726.jpg
9727,162.116667,,0,B,0.20626,0.61730,0.12027,0.00760,frames/frame_009727.jpg
9728,162.133333,,0,P,0.20140,0.63138,0.12007,0.00808,frames/frame_009728.jpg
9729,162.150000,,0,B,0.20227,0.63689,0.12215,0.00756,frames/frame_009729.jpg
9730,162.166667,,0,B,0.20425,0.65281,0.12240,0.01005,frames/frame_009730.jpg
9731,162.183333,,0,B,0.20568,0.66034,0.12385,0.00774,frames/frame_009731.jpg
9732,162.200000,,0,P,0.20331,0.67441,0.12412,0.00709,frames/frame_009732.jpg
9733,162.216667,,0,B,0.20198,0.67544,0.12307,0.00584,frames/frame_009733.jpg
9734,162.233333,,0,B,0.19867,0.68534,0.12345,0.00668,frames/frame_009734.jpg
9735,162.250000,,0,B,0.19623,0.68907,0.12275,0.00588,frames/frame_009735.jpg
9736,162.266667,,0,P,0.19230,0.70345,0.12295,0.00709,frames/frame_009736.jpg
9737,162.283333,,0,B,0.19126,0.70495,0.12269,0.00507,frames/frame_009737.jpg
9738,162.300000,,0,B,0.19014,0.71101,0.12191,0.00530,frames/frame_009738.jpg
9739,162.316667,,0,B,0.19026,0.71363,0.12157,0.00555,frames/frame_009739.jpg
9740,162.333333,,0,P,0.18819,0.72780,0.12381,0.00711,frames/frame_009740.jpg
9741,162.350000,,0,B,0.18752,0.72744,0.12342,0.00492,frames/frame_009741.jpg
9742,162.366667,,0,B,0.18670,0.73049,0.12428,0.00445,frames/frame_009742.jpg
9743,162.383333,,0,B,0.18578,0.73143,0.12351,0.00406,frames/frame_009743.jpg
9744,162.400000,,0,P,0.18214,0.74281,0.12364,0.00562,frames/frame_009744.jpg
9745,162.416667,,0,B,0.18164,0.73981,0.12274,0.00427,frames/frame_009745.jpg
9746,162.433333,,0,B,0.18063,0.74332,0.12230,0.00392,frames/frame_009746.jpg
9747,162.450000,,0,B,0.18001,0.74387,0.12188,0.00442,frames/frame_009747.jpg
9748,162.466667,,0,P,0.17967,0.75124,0.12165,0.00556,frames/frame_009748.jpg
9749,162.483333,,0,B,0.18033,0.75003,0.12146,0.00421,frames/frame_009749.jpg
9750,162.500000,,0,B,0.18011,0.75165,0.12174,0.00372,frames/frame_009750.jpg
9751,162.516667,,0,B,0.18032,0.75209,0.12201,0.00352,frames/frame_009751.jpg
9752,162.533333,,0,P,0.17932,0.75613,0.12250,0.00459,frames/frame_009752.jpg
9753,162.550000,,0,B,0.17868,0.75450,0.12185,0.00396,frames/frame_009753.jpg
9754,162.566667,,0,B,0.17834,0.75605,0.12188,0.00372,frames/frame_009754.jpg
9755,162.583333,,0,B,0.17789,0.75684,0.12147,0.00357,frames/frame_009755.jpg
9756,162.600000,,0,P,0.17774,0.76020,0.12141,0.00393,frames/frame_009756.jpg
9757,162.616667,,0,B,0.28983,0.51049,0.10875,0.11622,frames/frame_009757.jpg
9758,162.633333,,0,B,0.28485,0.51484,0.10887,0.00760,frames/frame_009758.jpg
9759,162.650000,,0,B,0.27905,0.51789,0.11014,0.00767,frames/frame_009759.jpg
9760,162.666667,,0,P,0.27190,0.52849,0.11218,0.00983,frames/frame_009760.jpg
9761,162.683333,,0,B,0.26405,0.53535,0.11157,0.01413,frames/frame_009761.jpg
9762,162.700000,,0,B,0.25601,0.54945,0.11252,0.01570,frames/frame_009762.jpg
9763,162.716667,,0,B,0.25175,0.55596,0.11290,0.00666,frames/frame_009763.jpg
9764,162.733333,,0,P,0.24535,0.57053,0.11323,0.00848,frames/frame_009764.jpg
9765,162.750000,,0,B,0.24319,0.57201,0.11512,0.00842,frames/frame_009765.jpg
9766,162.766667,,0,B,0.23884,0.58324,0.11551,0.00745,frames/frame_009766.jpg
9767,162.783333,,0,B,0.23282,0.57938,0.11718,0.00954,frames/frame_009767.jpg
9768,162.800000,,0,P,0.22730,0.59388,0.11748,0.00779,frames/frame_009768.jpg
9769,162.816667,,0,B,0.22366,0.59946,0.11733,0.00712,frames/frame_009769.jpg
9770,162.833333,,0,B,0.21842,0.61007,0.11799,0.00756,frames/frame_009770.jpg
9771,162.850000,,0,B,0.21371,0.61778,0.11736,0.00628,frames/frame_009771.jpg
9772,162.866667,,0,P,0.20986,0.62844,0.11900,0.00858,frames/frame_009772.jpg
9773,162.883333,,0,B,0.20830,0.62908,0.11786,0.00526,frames/frame_009773.jpg
9774,162.900000,,0,B,0.20436,0.64036,0.11788,0.00609,frames/frame_009774.jpg
9775,162.916667,,0,B,0.20244,0.64516,0.11739,0.00508,frames/frame_009775.jpg
9776,162.933333,,0,P,0.19905,0.65815,0.11720,0.00623,frames/frame_009776.jpg
9777,162.950000,,0,B,0.19830,0.66144,0.11773,0.00482,frames/frame_009777.jpg
9778,162.966667,,0,B,0.19475,0.67189,0.11722,0.00558,frames/frame_009778.jpg
9779,162.983333,,0,B,0.19378,0.67536,0.11758,0.00399,frames/frame_009779.jpg
9780,163.000000,,0,P,0.19020,0.68947,0.11793,0.00601,frames/frame_009780.jpg
9781,163.016667,,0,B,0.19034,0.69176,0.11806,0.00439,frames/frame_009781.jpg
9782,163.033333,,0,B,0.18924,0.69750,0.11810,0.00371,frames/frame_009782.jpg
9783,163.050000,,0,B,0.18823,0.69948,0.11772,0.00371,frames/frame_009783.jpg
9784,163.066667,,0,P,0.18555,0.71060,0.11786,0.00513,frames/frame_009784.jpg
9785,163.083333,,0,B,0.19453,0.71032,0.12543,0.01557,frames/frame_009785.jpg
9786,163.100000,,0,B,0.19217,0.71332,0.12104,0.01112,frames/frame_009786.jpg
9787,163.116667,,0,B,0.19341,0.71371,0.12549,0.01104,frames/frame_009787.jpg
9788,163.133333,,0,P,0.19152,0.72044,0.12535,0.00505,frames/frame_009788.jpg
9789,163.150000,,0,B,0.19181,0.71911,0.12636,0.00526,frames/frame_009789.jpg
9790,163.166667,,0,B,0.19019,0.72524,0.12552,0.00509,frames/frame_009790.jpg
9791,163.183333,,0,B,0.19025,0.72642,0.12625,0.00469,frames/frame_009791.jpg
9792,163.200000,,0,P,0.18740,0.73609,0.12592,0.00605,frames/frame_009792.jpg
9793,163.216667,,0,B,0.18766,0.73321,0.12513,0.00579,frames/frame_009793.jpg
9794,163.233333,,0,B,0.19147,0.73127,0.12809,0.01644,frames/frame_009794.jpg
9795,163.250000,,0,B,0.18907,0.72874,0.12758,0.00639,frames/frame_009795.jpg
9796,163.266667,,0,P,0.18475,0.73400,0.12692,0.00751,frames/frame_009796.jpg
9797,163.283333,,0,B,0.18341,0.72769,0.12530,0.00563,frames/frame_009797.jpg
9798,163.300000,,0,B,0.18156,0.73372,0.12479,0.00634,frames/frame_009798.jpg
9799,163.316667,,0,B,0.18132,0.73344,0.12551,0.00563,frames/frame_009799.jpg
9800,163.333333,,0,P,0.17983,0.74533,0.12622,0.00623,frames/frame_009800.jpg
9801,163.350000,,0,B,0.18127,0.74023,0.12769,0.00599,frames/frame_009801.jpg
9802,163.366667,,0,B,0.18086,0.74563,0.12680,0.00532,frames/frame_009802.jpg
9803,163.383333,,0,B,0.18158,0.74489,0.12685,0.00528,frames/frame_009803.jpg
9804,163.400000,,0,P,0.18073,0.75298,0.12680,0.00584,frames/frame_009804.jpg
9805,163.416667,,0,B,0.18067,0.75558,0.12626,0.00548,frames/frame_009805.jpg
9806,163.433333,,0,B,0.18195,0.75293,0.12642,0.00512,frames/frame_009806.jpg
9807,163.450000,,0,P,0.18027,0.76126,0.12639,0.00581,frames/frame_009807.jpg
9808,163.466667,,0,B,0.18127,0.75798,0.12600,0.00536,frames/frame_009808.jpg
9809,163.483333,,0,B,0.18099,0.76007,0.12551,0.00433,frames/frame_009809.jpg
9810,163.500000,,0,B,0.18028,0.76098,0.12247,0.01089,frames/frame_009810.jpg
9811,163.516667,,0,P,0.18025,0.76577,0.12473,0.01154,frames/frame_009811.jpg
9812,163.533333,,0,B,0.18009,0.76327,0.12381,0.00459,frames/frame_009812.jpg
9813,163.550000,,0,B,0.17938,0.76474,0.12358,0.00410,frames/frame_009813.jpg
9814,163.566667,,0,B,0.17951,0.76316,0.12377,0.00378,frames/frame_009814.jpg
9815,163.583333,,0,P,0.17822,0.76718,0.12283,0.00402,frames/frame_009815.jpg
9816,163.600000,,0,B,0.17823,0.76434,0.12339,0.00391,frames/frame_009816.jpg
9817,163.616667,,0,B,0.17742,0.76539,0.12247,0.00351,frames/frame_009817.jpg
9818,163.633333,,0,B,0.17744,0.76542,0.12263,0.00335,frames/frame_009818.jpg
9819,163.650000,,0,P,0.17603,0.76960,0.12278,0.00396,frames/frame_009819.jpg
9820,163.666667,,0,B,0.17652,0.76879,0.12330,0.00383,frames/frame_009820.jpg
9821,163.683333,,0,B,0.17647,0.77014,0.12378,0.00354,frames/frame_009821.jpg
9822,163.700000,,0,B,0.17653,0.76846,0.12327,0.00327,frames/frame_009822.jpg
9823,163.716667,,0,P,0.17597,0.77162,0.12350,0.00360,frames/frame_009823.jpg
9824,163.733333,,0,B,0.17627,0.76953,0.12315,0.00332,frames/frame_009824.jpg
9825,163.750000,,0,B,0.17602,0.77056,0.12371,0.00326,frames/frame_009825.jpg
9826,163.766667,,0,B,0.17644,0.76975,0.12434,0.00329,frames/frame_009826.jpg
9827,163.783333,,0,P,0.17601,0.77214,0.12449,0.00334,frames/frame_009827.jpg
9828,163.800000,,0,B,0.17669,0.77327,0.12431,0.00275,frames/frame_009828.jpg
9829,163.816667,,0,P,0.29035,0.48634,0.11059,0.11383,frames/frame_009829.jpg
9830,163.833333,,0,B,0.29061,0.49379,0.11813,0.01541,frames/frame_009830.jpg
9831,163.850000,,0,B,0.28312,0.50176,0.11916,0.00875,frames/frame_009831.jpg
9832,163.866667,,0,B,0.27665,0.50737,0.11950,0.00873,frames/frame_009832.jpg
9833,163.883333,,0,P,0.26786,0.51964,0.11923,0.01026,frames/frame_009833.jpg
9834,163.900000,,0,B,0.26166,0.52157,0.11868,0.00741,frames/frame_009834.jpg
9835,163.916667,,0,B,0.25469,0.53349,0.11776,0.00832,frames/frame_009835.jpg
9836,163.933333,,0,B,0.24965,0.54194,0.11749,0.00698,frames/frame_009836.jpg
9837,163.950000,,0,P,0.24332,0.55887,0.11914,0.00931,frames/frame_009837.jpg
9838,163.966667,,0,B,0.23997,0.56616,0.11900,0.00614,frames/frame_009838.jpg
9839,163.983333,,0,B,0.23337,0.57405,0.11958,0.00888,frames/frame_009839.jpg
9840,164.000000,,0,B,0.23019,0.58360,0.12083,0.00661,frames/frame_009840.jpg
9841,164.016667,,0,P,0.22571,0.59862,0.12092,0.00754,frames/frame_009841.jpg
9842,164.033333,,0,B,0.22349,0.60417,0.12161,0.00606,frames/frame_009842.jpg
9843,164.050000,,0,B,0.21943,0.61552,0.12129,0.00649,frames/frame_009843.jpg
9844,164.066667,,0,B,0.21695,0.62378,0.12170,0.00591,frames/frame_009844.jpg
9845,164.083333,,0,P,0.21301,0.63818,0.12161,0.00647,frames/frame_009845.jpg
9846,164.100000,,0,B,0.21223,0.64140,0.12145,0.00535,frames/frame_009846.jpg
9847,164.116667,,0,B,0.20874,0.65175,0.12159,0.00565,frames/frame_009847.jpg
9848,164.133333,,0,B,0.20809,0.65639,0.12314,0.00550,frames/frame_009848.jpg
9849,164.150000,,0,P,0.20384,0.66873,0.12237,0.00623,frames/frame_009849.jpg
9850,164.166667,,0,B,0.20314,0.66983,0.12286,0.00443,frames/frame_009850.jpg
9851,164.183333,,0,B,0.19922,0.68015,0.12300,0.00566,frames/frame_009851.jpg
9852,164.200000,,0,B,0.19801,0.68339,0.12253,0.00434,frames/frame_009852.jpg
9853,164.216667,,0,P,0.19373,0.69669,0.12105,0.00653,frames/frame_009853.jpg
9854,164.233333,,0,B,0.19351,0.69414,0.12131,0.00528,frames/frame_009854.jpg
9855,164.250000,,0,B,0.19174,0.70181,0.12161,0.00506,frames/frame_009855.jpg
9856,164.266667,,0,B,0.19224,0.70209,0.12303,0.00546,frames/frame_009856.jpg
9857,164.283333,,0,P,0.18961,0.71269,0.12330,0.00506,frames/frame_009857.jpg
9858,164.300000,,0,B,0.18944,0.71286,0.12312,0.00404,frames/frame_009858.jpg
9859,164.316667,,0,B,0.18807,0.71692,0.12292,0.00393,frames/frame_009859.jpg
9860,164.333333,,0,B,0.18808,0.71876,0.12376,0.00435,frames/frame_009860.jpg
9861,164.350000,,0,P,0.18496,0.72950,0.12404,0.00542,frames/frame_009861.jpg
9862,164.366667,,0,B,0.18500,0.73076,0.12391,0.00396,frames/frame_009862.jpg
9863,164.383333,,0,B,0.18425,0.73366,0.12356,0.00402,frames/frame_009863.jpg
9864,164.400000,,0,B,0.18410,0.73399,0.12351,0.00329,frames/frame_009864.jpg
9865,164.416667,,0,P,0.18133,0.74591,0.12367,0.00517,frames/frame_009865.jpg
9866,164.433333,,0,B,0.19290,0.73475,0.13175,0.01872,frames/frame_009866.jpg
9867,164.450000,,0,B,0.18937,0.73708,0.13067,0.00725,frames/frame_009867.jpg
9868,164.466667,,0,B,0.18627,0.73233,0.13077,0.00777,frames/frame_009868.jpg
9869,164.483333,,0,P,0.18197,0.73982,0.13033,0.00724,frames/frame_009869.jpg
9870,164.500000,,0,B,0.18106,0.73445,0.12924,0.00640,frames/frame_009870.jpg
9871,164.516667,,0,B,0.17971,0.73879,0.12845,0.00605,frames/frame_009871.jpg
9872,164.533333,,0,B,0.18063,0.73834,0.12830,0.00604,frames/frame_009872.jpg
9873,164.550000,,0,P,0.17942,0.74816,0.12781,0.00669,frames/frame_009873.jpg
9874,164.566667,,0,B,0.18172,0.74401,0.12775,0.00656,frames/frame_009874.jpg
9875,164.583333,,0,B,0.18285,0.74402,0.12881,0.00708,frames/frame_009875.jpg
9876,164.600000,,0,B,0.18344,0.74490,0.12872,0.00568,frames/frame_009876.jpg
9877,164.616667,,0,P,0.18225,0.75325,0.12825,0.00588,frames/frame_009877.jpg
9878,164.633333,,0,B,0.18319,0.74903,0.12811,0.00543,frames/frame_009878.jpg
9879,164.650000,,0,B,0.18262,0.75297,0.12722,0.00491,frames/frame_009879.jpg
9880,164.666667,,0,B,0.18296,0.75295,0.12708,0.00540,frames/frame_009880.jpg
9881,164.683333,,0,P,0.18181,0.76141,0.12712,0.00592,frames/frame_009881.jpg
9882,164.700000,,0,B,0.18229,0.75976,0.12676,0.00436,frames/frame_009882.jpg
9883,164.716667,,0,B,0.18179,0.76236,0.12597,0.00404,frames/frame_009883.jpg
9884,164.733333,,0,B,0.18275,0.76201,0.12755,0.00494,frames/frame_009884.jpg
9885,164.750000,,0,P,0.18171,0.76683,0.12693,0.00448,frames/frame_009885.jpg
9886,164.766667,,0,B,0.18219,0.76433,0.12721,0.00433,frames/frame_009886.jpg
9887,164.783333,,0,B,0.18168,0.76611,0.12728,0.00392,frames/frame_009887.jpg
9888,164.800000,,0,B,0.18129,0.76520,0.12668,0.00383,frames/frame_009888.jpg
9889,164.816667,,0,P,0.18039,0.77022,0.12596,0.00412,frames/frame_009889.jpg
9890,164.833333,,0,B,0.18009,0.76828,0.12596,0.00418,frames/frame_009890.jpg
9891,164.850000,,0,B,0.17935,0.76854,0.12566,0.00367,frames/frame_009891.jpg
9892,164.866667,,0,B,0.17877,0.76810,0.12519,0.00406,frames/frame_009892.jpg
9893,164.883333,,0,P,0.17804,0.76945,0.12527,0.00402,frames/frame_009893.jpg
9894,164.900000,,0,B,0.17838,0.76746,0.12509,0.00386,frames/frame_009894.jpg
9895,164.916667,,0,B,0.17804,0.76818,0.12469,0.00341,frames/frame_009895.jpg
9896,164.933333,,0,B,0.17856,0.76720,0.12476,0.00339,frames/frame_009896.jpg
9897,164.950000,,0,P,0.17777,0.77046,0.12495,0.00362,frames/frame_009897.jpg
9898,164.966667,,0,B,0.17780,0.76880,0.12460,0.00348,frames/frame_009898.jpg
9899,164.983333,,0,P,0.17772,0.77100,0.12469,0.00352,frames/frame_009899.jpg
9900,165.000000,,1,I,0.17827,0.76978,0.12516,0.00533,frames/frame_009900.jpg
9901,165.016667,,0,P,0.29095,0.49250,0.11022,0.11264,frames/frame_009901.jpg
9902,165.033333,,0,P,0.52435,0.32731,0.09837,0.22942,frames/frame_009902.jpg
9903,165.050000,,0,B,0.49538,0.33541,0.09960,0.03086,frames/frame_009903.jpg
9904,165.066667,,0,P,0.46449,0.35116,0.10118,0.03106,frames/frame_009904.jpg
9905,165.083333,,0,B,0.43903,0.35856,0.10259,0.02416,frames/frame_009905.jpg
9906,165.100000,,0,B,0.41197,0.37392,0.10393,0.02743,frames/frame_009906.jpg
9907,165.116667,,0,B,0.38734,0.38086,0.10211,0.02402,frames/frame_009907.jpg
9908,165.133333,,0,P,0.35295,0.37626,0.09766,0.03421,frames/frame_009908.jpg
9909,165.150000,,0,B,0.33592,0.38719,0.09986,0.01705,frames/frame_009909.jpg
9910,165.166667,,0,B,0.32499,0.42823,0.10347,0.02726,frames/frame_009910.jpg
9911,165.183333,,0,B,0.31072,0.43661,0.10387,0.03316,frames/frame_009911.jpg
9912,165.200000,,0,P,0.28419,0.44261,0.09522,0.02573,frames/frame_009912.jpg
9913,165.216667,,0,B,0.26465,0.44202,0.08903,0.02130,frames/frame_009913.jpg
9914,165.233333,,0,P,0.24343,0.44679,0.08386,0.02378,frames/frame_009914.jpg
9915,165.250000,,0,P,0.22692,0.46795,0.07568,0.03280,frames/frame_009915.jpg
9916,165.266667,,0,P,0.25795,0.54551,0.09260,0.04964,frames/frame_009916.jpg
9917,165.283333,,0,B,0.24109,0.55595,0.09089,0.05801,frames/frame_009917.jpg
9918,165.300000,,0,B,0.23929,0.55689,0.09262,0.05013,frames/frame_009918.jpg
9919,165.316667,,0,P,0.24948,0.59717,0.10444,0.02980,frames/frame_009919.jpg
9920,165.333333,,0,B,0.23192,0.61222,0.10422,0.03992,frames/frame_009920.jpg
9921,165.350000,,0,P,0.23329,0.62815,0.11064,0.01842,frames/frame_009921.jpg
9922,165.366667,,0,B,0.24150,0.64679,0.11601,0.01799,frames/frame_009922.jpg
9923,165.383333,,0,P,0.23485,0.65513,0.11728,0.00808,frames/frame_009923.jpg
9924,165.400000,,0,B,0.22960,0.65979,0.11816,0.00663,frames/frame_009924.jpg
9925,165.416667,,0,B,0.22337,0.66966,0.11786,0.00739,frames/frame_009925.jpg
9926,165.433333,,0,B,0.21782,0.67684,0.11743,0.00675,frames/frame_009926.jpg
9927,165.450000,,0,P,0.21083,0.69086,0.11680,0.00819,frames/frame_009927.jpg
9928,165.466667,,0,B,0.20834,0.69310,0.11706,0.00582,frames/frame_009928.jpg
9929,165.483333,,0,B,0.20401,0.70277,0.11673,0.00740,frames/frame_009929.jpg
9930,165.500000,,0,B,0.20171,0.70661,0.11879,0.00703,frames/frame_009930.jpg
9931,165.516667,,0,P,0.19842,0.71861,0.11988,0.00557,frames/frame_009931.jpg
9932,165.533333,,0,B,0.19778,0.71758,0.12021,0.00456,frames/frame_009932.jpg
9933,165.550000,,0,B,0.19540,0.72350,0.11966,0.00472,frames/frame_009933.jpg
9934,165.566667,,0,B,0.19480,0.72604,0.12037,0.00438,frames/frame_009934.jpg
9935,165.583333,,0,P,0.19176,0.73685,0.12113,0.00512,frames/frame_009935.jpg
9936,165.600000,,0,B,0.19157,0.73376,0.12085,0.00428,frames/frame_009936.jpg
9937,165.616667,,0,B,0.19046,0.73900,0.12086,0.00427,frames/frame_009937.jpg
9938,165.633333,,0,B,0.20131,0.72623,0.12774,0.02046,frames/frame_009938.jpg
9939,165.650000,,0,P,0.19678,0.73187,0.12744,0.00739,frames/frame_009939.jpg
9940,165.666667,,0,B,0.19282,0.72497,0.12740,0.00860,frames/frame_009940.jpg
9941,165.683333,,0,B,0.18856,0.73063,0.12799,0.00761,frames/frame_009941.jpg
9942,165.700000,,0,B,0.18588,0.73056,0.12635,0.00620,frames/frame_009942.jpg
9943,165.716667,,0,P,0.18239,0.74095,0.12581,0.00710,frames/frame_009943.jpg
9944,165.733333,,0,B,0.18397,0.73726,0.12629,0.00608,frames/frame_009944.jpg
9945,165.750000,,0,B,0.18381,0.74162,0.12647,0.00608,frames/frame_009945.jpg
9946,165.766667,,0,B,0.18637,0.73456,0.12700,0.00828,frames/frame_009946.jpg
9947,165.783333,,0,P,0.18555,0.74539,0.12697,0.00684,frames/frame_009947.jpg
9948,165.800000,,0,B,0.18664,0.74053,0.12723,0.00578,frames/frame_009948.jpg
9949,165.816667,,0,B,0.18606,0.74535,0.12647,0.00545,frames/frame_009949.jpg
9950,165.833333,,0,B,0.18667,0.74542,0.12650,0.00540,frames/frame_009950.jpg
9951,165.850000,,0,P,0.18532,0.75421,0.12613,0.00612,frames/frame_009951.jpg
9952,165.866667,,0,B,0.18585,0.75291,0.12644,0.00535,frames/frame_009952.jpg
9953,165.883333,,0,B,0.18538,0.75541,0.12534,0.00456,frames/frame_009953.jpg
9954,165.900000,,0,B,0.18562,0.75571,0.12498,0.00440,frames/frame_009954.jpg
9955,165.916667,,0,P,0.18407,0.76139,0.12427,0.00539,frames/frame_009955.jpg
9956,165.933333,,0,B,0.18513,0.75966,0.12590,0.00534,frames/frame_009956.jpg
9957,165.950000,,0,B,0.18407,0.76076,0.12431,0.00635,frames/frame_009957.jpg
9958,165.966667,,0,B,0.18449,0.76070,0.12477,0.00599,frames/frame_009958.jpg
9959,165.983333,,0,P,0.18370,0.76407,0.12482,0.00429,frames/frame_009959.jpg
9960,166.000000,,0,B,0.18402,0.76187,0.12527,0.00416,frames/frame_009960.jpg
9961,166.016667,,0,B,0.18382,0.76319,0.12577,0.00431,frames/frame_009961.jpg
9962,166.033333,,0,B,0.18339,0.76206,0.12556,0.00353,frames/frame_009962.jpg
9963,166.050000,,0,P,0.18175,0.76517,0.12428,0.00414,frames/frame_009963.jpg
9964,166.066667,,0,B,0.18181,0.76385,0.12403,0.00369,frames/frame_009964.jpg
9965,166.083333,,0,B,0.18149,0.76432,0.12375,0.00321,frames/frame_009965.jpg
9966,166.100000,,0,B,0.18155,0.76368,0.12397,0.00311,frames/frame_009966.jpg
9967,166.116667,,0,P,0.18093,0.76730,0.12427,0.00350,frames/frame_009967.jpg
9968,166.133333,,0,B,0.18103,0.76500,0.12454,0.00337,frames/frame_009968.jpg
9969,166.150000,,0,B,0.18010,0.76567,0.12425,0.00385,frames/frame_009969.jpg
9970,166.166667,,0,B,0.18022,0.76517,0.12407,0.00326,frames/frame_009970.jpg
9971,166.183333,,0,P,0.17984,0.76827,0.12410,0.00330,frames/frame_009971.jpg
9972,166.200000,,0,B,0.18021,0.76877,0.12434,0.00325,frames/frame_009972.jpg
9973,166.216667,,0,B,0.29664,0.50139,0.11703,0.11605,frames/frame_009973.jpg
9974,166.233333,,0,B,0.29323,0.50345,0.11750,0.00651,frames/frame_009974.jpg
9975,166.250000,,0,P,0.28359,0.51686,0.11605,0.01544,frames/frame_009975.jpg
9976,166.266667,,0,B,0.27668,0.52246,0.11934,0.01511,frames/frame_009976.jpg
9977,166.283333,,0,B,0.27018,0.53105,0.11949,0.00800,frames/frame_009977.jpg
9978,166.300000,,0,B,0.26398,0.53800,0.11888,0.00786,frames/frame_009978.jpg
9979,166.316667,,0,P,0.25622,0.55173,0.11892,0.00933,frames/frame_009979.jpg
9980,166.333333,,0,B,0.25209,0.55932,0.11956,0.00664,frames/frame_009980.jpg
9981,166.350000,,0,B,0.24704,0.57050,0.12049,0.00735,frames/frame_009981.jpg
9982,166.366667,,0,B,0.24200,0.57642,0.11991,0.00692,frames/frame_009982.jpg
9983,166.383333,,0,P,0.23480,0.59042,0.11993,0.00928,frames/frame_009983.jpg
9984,166.400000,,0,B,0.23173,0.59648,0.11964,0.00630,frames/frame_009984.jpg
9985,166.416667,,0,B,0.22737,0.60761,0.11886,0.00700,frames/frame_009985.jpg
9986,166.433333,,0,B,0.22348,0.61536,0.11820,0.00719,frames/frame_009986.jpg
9987,166.450000,,0,P,0.21888,0.63088,0.11802,0.00751,frames/frame_009987.jpg
9988,166.466667,,0,B,0.21804,0.63472,0.11805,0.00533,frames/frame_009988.jpg
9989,166.483333,,0,B,0.21499,0.64579,0.11917,0.00581,frames/frame_009989.jpg
9990,166.500000,,0,B,0.21286,0.65372,0.11890,0.00695,frames/frame_009990.jpg
9991,166.516667,,0,P,0.20955,0.66666,0.11953,0.00801,frames/frame_009991.jpg
9992,166.533333,,0,B,0.20954,0.67140,0.12106,0.00549,frames/frame_009992.jpg
9993,166.550000,,0,B,0.20580,0.67934,0.12099,0.00564,frames/frame_009993.jpg
9994,166.566667,,0,B,0.20474,0.68269,0.12108,0.00415,frames/frame_009994.jpg
9995,166.583333,,0,P,0.20077,0.69396,0.12148,0.00555,frames/frame_009995.jpg
9996,166.600000,,0,B,0.19984,0.69601,0.12166,0.00424,frames/frame_009996.jpg
9997,166.616667,,0,B,0.19775,0.70287,0.12119,0.00432,frames/frame_009997.jpg
9998,166.633333,,0,B,0.19693,0.70598,0.12055,0.00627,frames/frame_009998.jpg
9999,166.650000,,0,P,0.19314,0.71693,0.12058,0.00761,frames/frame_009999.jpg
10000,166.666667,,0,B,0.19301,0.71828,0.12050,0.00439,frames/frame_010000.jpg
10001,166.683333,,0,B,0.19227,0.72385,0.12127,0.00379,frames/frame_010001.jpg
10002,166.700000,,0,B,0.19191,0.72421,0.12065,0.00340,frames/frame_010002.jpg
10003,166.716667,,0,P,0.18870,0.73571,0.12046,0.00497,frames/frame_010003.jpg
10004,166.733333,,0,B,0.18906,0.73442,0.12078,0.00353,frames/frame_010004.jpg
10005,166.750000,,0,B,0.18846,0.73801,0.12113,0.00350,frames/frame_010005.jpg
10006,166.766667,,0,B,0.18854,0.73826,0.12128,0.00358,frames/frame_010006.jpg
10007,166.783333,,0,P,0.18732,0.74501,0.12169,0.00385,frames/frame_010007.jpg
10008,166.800000,,0,B,0.18757,0.74357,0.12167,0.00353,frames/frame_010008.jpg
10009,166.816667,,0,B,0.18745,0.74596,0.12250,0.00401,frames/frame_010009.jpg
10010,166.833333,,0,B,0.20082,0.72934,0.13023,0.02125,frames/frame_010010.jpg
10011,166.850000,,0,P,0.19739,0.73452,0.12978,0.00635,frames/frame_010011.jpg
10012,166.866667,,0,B,0.19377,0.72900,0.12954,0.00781,frames/frame_010012.jpg
10013,166.883333,,0,B,0.18930,0.73360,0.12897,0.00952,frames/frame_010013.jpg
10014,166.900000,,0,B,0.18731,0.73238,0.12761,0.00848,frames/frame_010014.jpg
10015,166.916667,,0,P,0.18445,0.74223,0.12763,0.00679,frames/frame_010015.jpg
10016,166.933333,,0,B,0.18583,0.73730,0.12743,0.00581,frames/frame_010016.jpg
10017,166.950000,,0,B,0.18519,0.74189,0.12720,0.00591,frames/frame_010017.jpg
10018,166.966667,,0,B,0.18644,0.74192,0.12693,0.00635,frames/frame_010018.jpg
10019,166.983333,,0,P,0.18495,0.75168,0.12666,0.00638,frames/frame_010019.jpg
10020,167.000000,,0,B,0.18627,0.74566,0.12657,0.00620,frames/frame_010020.jpg
10021,167.016667,,0,B,0.18673,0.75111,0.12665,0.00551,frames/frame_010021.jpg
10022,167.033333,,0,B,0.18773,0.74968,0.12689,0.00529,frames/frame_010022.jpg
10023,167.050000,,0,P,0.18655,0.75731,0.12630,0.00558,frames/frame_010023.jpg
10024,167.066667,,0,B,0.18695,0.75928,0.12638,0.00454,frames/frame_010024.jpg
10025,167.083333,,0,B,0.18753,0.75742,0.12613,0.00449,frames/frame_010025.jpg
10026,167.100000,,0,P,0.18620,0.76260,0.12528,0.00457,frames/frame_010026.jpg
10027,167.116667,,0,B,0.18647,0.76102,0.12470,0.00403,frames/frame_010027.jpg
10028,167.133333,,0,B,0.18702,0.76298,0.12693,0.00474,frames/frame_010028.jpg
10029,167.150000,,0,B,0.18635,0.76268,0.12635,0.00391,frames/frame_010029.jpg
10030,167.166667,,0,P,0.18561,0.76685,0.12610,0.00416,frames/frame_010030.jpg
10031,167.183333,,0,B,0.18555,0.76386,0.12608,0.00376,frames/frame_010031.jpg
10032,167.200000,,0,B,0.18498,0.76513,0.12568,0.00354,frames/frame_010032.jpg
10033,167.216667,,0,B,0.18459,0.76472,0.12513,0.00339,frames/frame_010033.jpg
10034,167.233333,,0,P,0.18334,0.76875,0.12452,0.00388,frames/frame_010034.jpg
10035,167.250000,,0,B,0.18279,0.76639,0.12421,0.00421,frames/frame_010035.jpg
10036,167.266667,,0,B,0.18259,0.76734,0.12410,0.00387,frames/frame_010036.jpg
10037,167.283333,,0,B,0.18279,0.76747,0.12473,0.00312,frames/frame_010037.jpg
10038,167.300000,,0,P,0.18193,0.77050,0.12463,0.00369,frames/frame_010038.jpg
10039,167.316667,,0,B,0.18198,0.76809,0.12410,0.00352,frames/frame_010039.jpg
10040,167.333333,,0,B,0.18215,0.76981,0.12494,0.00330,frames/frame_010040.jpg
10041,167.350000,,0,B,0.18224,0.76846,0.12507,0.00314,frames/frame_010041.jpg
10042,167.366667,,0,P,0.18167,0.77075,0.12465,0.00587,frames/frame_010042.jpg
10043,167.383333,,0,B,0.18191,0.76927,0.12511,0.00570,frames/frame_010043.jpg
10044,167.400000,,0,P,0.18184,0.77061,0.12475,0.00317,frames/frame_010044.jpg
10045,167.416667,,0,B,0.29615,0.51025,0.11425,0.11554,frames/frame_010045.jpg
10046,167.433333,,0,B,0.29228,0.51546,0.11508,0.00677,frames/frame_010046.jpg
10047,167.450000,,0,B,0.28733,0.51645,0.11632,0.00800,frames/frame_010047.jpg
10048,167.466667,,0,P,0.27936,0.52532,0.11760,0.00954,frames/frame_010048.jpg
10049,167.483333,,0,B,0.27319,0.53072,0.11807,0.00794,frames/frame_010049.jpg
10050,167.500000,,0,B,0.26580,0.54169,0.11719,0.00924,frames/frame_010050.jpg
10051,167.516667,,0,B,0.26055,0.54997,0.11772,0.00802,frames/frame_010051.jpg
10052,167.533333,,0,P,0.25367,0.56307,0.11771,0.00904,frames/frame_010052.jpg
10053,167.550000,,0,B,0.24916,0.56763,0.11863,0.00688,frames/frame_010053.jpg
10054,167.566667,,0,B,0.24379,0.57658,0.11849,0.00766,frames/frame_010054.jpg
10055,167.583333,,0,B,0.23915,0.58427,0.11918,0.00716,frames/frame_010055.jpg
10056,167.600000,,0,P,0.23337,0.59816,0.11897,0.00782,frames/frame_010056.jpg
10057,167.616667,,0,B,0.23097,0.60560,0.11919,0.00611,frames/frame_010057.jpg
10058,167.633333,,0,B,0.22733,0.61719,0.11953,0.00746,frames/frame_010058.jpg
10059,167.650000,,0,B,0.22418,0.62478,0.11929,0.00623,frames/frame_010059.jpg
10060,167.666667,,0,P,0.22031,0.63947,0.11935,0.00727,frames/frame_010060.jpg
10061,167.683333,,0,B,0.21878,0.64608,0.11948,0.00554,frames/frame_010061.jpg
10062,167.700000,,0,B,0.21505,0.65637,0.11918,0.00575,frames/frame_010062.jpg
10063,167.716667,,0,B,0.21261,0.66346,0.11989,0.00527,frames/frame_010063.jpg
10064,167.733333,,0,P,0.20822,0.67667,0.11895,0.00616,frames/frame_010064.jpg
10065,167.750000,,0,B,0.20741,0.67886,0.11977,0.00472,frames/frame_010065.jpg
10066,167.766667,,0,B,0.20469,0.68796,0.12004,0.00517,frames/frame_010066.jpg
10067,167.783333,,0,B,0.20381,0.69062,0.12130,0.00401,frames/frame_010067.jpg
10068,167.800000,,0,P,0.20022,0.70342,0.12085,0.00542,frames/frame_010068.jpg
10069,167.816667,,0,B,0.19991,0.70401,0.12124,0.00397,frames/frame_010069.jpg
10070,167.833333,,0,B,0.19823,0.71043,0.12093,0.00400,frames/frame_010070.jpg
10071,167.850000,,0,B,0.19753,0.71167,0.12076,0.00356,frames/frame_010071.jpg
10072,167.866667,,0,P,0.19436,0.72227,0.12092,0.00519,frames/frame_010072.jpg
10073,167.883333,,0,B,0.19403,0.72168,0.12071,0.00419,frames/frame_010073.jpg
10074,167.900000,,0,B,0.19276,0.72607,0.12049,0.00381,frames/frame_010074.jpg
10075,167.916667,,0,B,0.19193,0.72766,0.12011,0.00359,frames/frame_010075.jpg
10076,167.933333,,0,P,0.18927,0.73906,0.12051,0.00488,frames/frame_010076.jpg
10077,167.950000,,0,B,0.18862,0.73953,0.12034,0.00363,frames/frame_010077.jpg
10078,167.966667,,0,B,0.18914,0.73886,0.12069,0.00373,frames/frame_010078.jpg
10079,167.983333,,0,P,0.18850,0.74386,0.12098,0.00382,frames/frame_010079.jpg
10080,168.000000,,1,I,0.18840,0.74986,0.12237,0.00550,frames/frame_010080.jpg
10081,168.016667,,0,B,0.18889,0.74681,0.12241,0.00384,frames/frame_010081.jpg
10082,168.033333,,0,B,0.20347,0.72749,0.13085,0.02229,frames/frame_010082.jpg
10083,168.050000,,0,B,0.20088,0.72457,0.13065,0.00652,frames/frame_010083.jpg
10084,168.066667,,0,P,0.19565,0.73098,0.13008,0.00811,frames/frame_010084.jpg
10085,168.083333,,0,B,0.19318,0.72571,0.12968,0.00733,frames/frame_010085.jpg
10086,168.100000,,0,B,0.18946,0.73194,0.12798,0.00697,frames/frame_010086.jpg
10087,168.116667,,0,B,0.18825,0.73186,0.12739,0.00604,frames/frame_010087.jpg
10088,168.133333,,0,P,0.18591,0.74239,0.12790,0.00661,frames/frame_010088.jpg
10089,168.150000,,0,B,0.18776,0.74154,0.12780,0.00691,frames/frame_010089.jpg
10090,168.166667,,0,B,0.18821,0.74968,0.12324,0.01426,frames/frame_010090.jpg
10091,168.183333,,0,B,0.19236,0.74893,0.12888,0.01301,frames/frame_010091.jpg
10092,168.200000,,0,P,0.19167,0.75634,0.12846,0.00592,frames/frame_010092.jpg
10093,168.216667,,0,B,0.19238,0.75093,0.12840,0.00547,frames/frame_010093.jpg
10094,168.233333,,0,B,0.19174,0.75509,0.12729,0.00519,frames/frame_010094.jpg
10095,168.250000,,0,B,0.19150,0.75367,0.12685,0.00475,frames/frame_010095.jpg
10096,168.266667,,0,P,0.18978,0.76167,0.12613,0.00544,frames/frame_010096.jpg
10097,168.283333,,0,B,0.18995,0.75962,0.12647,0.00486,frames/frame_010097.jpg
10098,168.300000,,0,P,0.18860,0.76400,0.12613,0.00481,frames/frame_010098.jpg
10099,168.316667,,0,B,0.18853,0.76394,0.12572,0.00353,frames/frame_010099.jpg
10100,168.333333,,0,B,0.27699,0.54143,0.11169,0.09039,frames/frame_010100.jpg
10101,168.350000,,0,B,0.27367,0.54458,0.11219,0.00597,frames/frame_010101.jpg
10102,168.366667,,0,P,0.26887,0.55341,0.11393,0.00689,frames/frame_010102.jpg
10103,168.383333,,0,B,0.26404,0.55879,0.11396,0.00623,frames/frame_010103.jpg
10104,168.400000,,0,B,0.25813,0.56710,0.11307,0.00682,frames/frame_010104.jpg
10105,168.416667,,0,B,0.25121,0.57886,0.11228,0.01139,frames/frame_010105.jpg
10106,168.433333,,0,P,0.24652,0.58916,0.11381,0.01151,frames/frame_010106.jpg
10107,168.450000,,0,B,0.24322,0.59636,0.11479,0.00553,frames/frame_010107.jpg
10108,168.466667,,0,P,0.23954,0.60498,0.11594,0.00783,frames/frame_010108.jpg
10109,168.483333,,0,B,0.23450,0.60028,0.11767,0.00811,frames/frame_010109.jpg
10110,168.500000,,0,B,0.23095,0.61022,0.11818,0.00552,frames/frame_010110.jpg
10111,168.516667,,0,B,0.22813,0.61726,0.11903,0.00520,frames/frame_010111.jpg
10112,168.533333,,0,P,0.22408,0.62978,0.11912,0.00638,frames/frame_010112.jpg
10113,168.550000,,0,B,0.22093,0.63332,0.11832,0.00591,frames/frame_010113.jpg
10114,168.566667,,0,B,0.21799,0.64309,0.11927,0.00562,frames/frame_010114.jpg
10115,168.583333,,0,B,0.21649,0.64909,0.12005,0.00480,frames/frame_010115.jpg
10116,168.600000,,0,P,0.21328,0.66058,0.12028,0.00573,frames/frame_010116.jpg
10117,168.616667,,0,P,0.30573,0.50696,0.11079,0.09488,frames/frame_010117.jpg
10118,168.633333,,0,P,0.52838,0.33136,0.09834,0.21801,frames/frame_010118.jpg
10119,168.650000,,0,B,0.50074,0.33927,0.10052,0.02665,frames/frame_010119.jpg
10120,168.666667,,0,B,0.47049,0.35474,0.10194,0.03045,frames/frame_010120.jpg
10121,168.683333,,0,B,0.44359,0.36667,0.10320,0.02641,frames/frame_010121.jpg
10122,168.700000,,0,P,0.41438,0.38456,0.10410,0.03031,frames/frame_010122.jpg
10123,168.716667,,0,B,0.39118,0.38316,0.10276,0.02261,frames/frame_010123.jpg
10124,168.733333,,0,B,0.36358,0.38413,0.10164,0.02857,frames/frame_010124.jpg
10125,168.750000,,0,B,0.34460,0.39568,0.10255,0.01868,frames/frame_010125.jpg
10126,168.766667,,0,P,0.33043,0.42120,0.10567,0.02468,frames/frame_010126.jpg
10127,168.783333,,0,B,0.32110,0.45439,0.10063,0.03317,frames/frame_010127.jpg
10128,168.800000,,0,P,0.30664,0.45427,0.10081,0.03840,frames/frame_010128.jpg
10129,168.816667,,0,P,0.28349,0.44068,0.08906,0.03691,frames/frame_010129.jpg
10130,168.833333,,0,B,0.26506,0.47508,0.08273,0.04580,frames/frame_010130.jpg
10131,168.850000,,0,B,0.23914,0.42741,0.07824,0.04085,frames/frame_010131.jpg
10132,168.866667,,0,P,0.27120,0.52985,0.09583,0.04231,frames/frame_010132.jpg
10133,168.883333,,0,B,0.27037,0.54045,0.10236,0.04604,frames/frame_010133.jpg
10134,168.900000,,0,B,0.26120,0.55906,0.10201,0.02697,frames/frame_010134.jpg
10135,168.916667,,0,B,0.25196,0.59246,0.10512,0.02971,frames/frame_010135.jpg
10136,168.933333,,0,P,0.26290,0.63275,0.11570,0.02497,frames/frame_010136.jpg
10137,168.950000,,0,B,0.25415,0.63206,0.11550,0.01017,frames/frame_010137.jpg
10138,168.966667,,0,B,0.23755,0.63475,0.11161,0.02030,frames/frame_010138.jpg
10139,168.983333,,0,B,0.24181,0.65769,0.11822,0.01622,frames/frame_010139.jpg
10140,169.000000,,0,P,0.23342,0.67646,0.11901,0.01037,frames/frame_010140.jpg
10141,169.016667,,0,B,0.23011,0.67817,0.11923,0.00615,frames/frame_010141.jpg
10142,169.033333,,0,B,0.22524,0.68767,0.11957,0.00658,frames/frame_010142.jpg
10143,169.050000,,0,B,0.22075,0.69422,0.11986,0.00643,frames/frame_010143.jpg
10144,169.066667,,0,P,0.21700,0.70925,0.12029,0.00763,frames/frame_010144.jpg
10145,169.083333,,0,B,0.21582,0.70937,0.12044,0.00586,frames/frame_010145.jpg
10146,169.100000,,0,B,0.21235,0.71925,0.12058,0.00564,frames/frame_010146.jpg
10147,169.116667,,0,B,0.21055,0.72153,0.12008,0.00539,frames/frame_010147.jpg
10148,169.133333,,0,P,0.20656,0.73230,0.12067,0.00622,frames/frame_010148.jpg
10149,169.150000,,0,B,0.20473,0.73046,0.11968,0.00525,frames/frame_010149.jpg
10150,169.166667,,0,B,0.20112,0.73821,0.11930,0.00564,frames/frame_010150.jpg
10151,169.183333,,0,B,0.19988,0.73950,0.11981,0.00414,frames/frame_010151.jpg
10152,169.200000,,0,P,0.19627,0.75022,0.11955,0.00591,frames/frame_010152.jpg
10153,169.216667,,0,B,0.19694,0.74772,0.11994,0.00454,frames/frame_010153.jpg
10154,169.233333,,0,B,0.21350,0.73495,0.12275,0.02604,frames/frame_010154.jpg
10155,169.250000,,0,B,0.21056,0.73173,0.12267,0.00690,frames/frame_010155.jpg
10156,169.266667,,0,P,0.20504,0.73984,0.12219,0.00851,frames/frame_010156.jpg
10157,169.283333,,0,B,0.20203,0.73429,0.12224,0.00713,frames/frame_010157.jpg
10158,169.300000,,0,B,0.19749,0.73959,0.12158,0.00716,frames/frame_010158.jpg
10159,169.316667,,0,B,0.19489,0.74058,0.12072,0.00642,frames/frame_010159.jpg
10160,169.333333,,0,P,0.19176,0.75205,0.12190,0.00677,frames/frame_010160.jpg
10161,169.350000,,0,B,0.19398,0.74780,0.12350,0.00722,frames/frame_010161.jpg
10162,169.366667,,0,B,0.19642,0.75526,0.12445,0.00851,frames/frame_010162.jpg
10163,169.383333,,0,B,0.19756,0.75498,0.12482,0.00745,frames/frame_010163.jpg
10164,169.400000,,0,P,0.19634,0.76333,0.12510,0.00597,frames/frame_010164.jpg
10165,169.416667,,0,B,0.19662,0.76021,0.12496,0.00544,frames/frame_010165.jpg
10166,169.433333,,0,B,0.19549,0.76357,0.12462,0.00523,frames/frame_010166.jpg
10167,169.450000,,0,B,0.19450,0.76308,0.12423,0.00528,frames/frame_010167.jpg
10168,169.466667,,0,P,0.19228,0.77180,0.12421,0.00588,frames/frame_010168.jpg
10169,169.483333,,0,B,0.19347,0.76539,0.12435,0.00506,frames/frame_010169.jpg
10170,169.500000,,0,B,0.19310,0.76808,0.12322,0.00461,frames/frame_010170.jpg
10171,169.516667,,0,B,0.19369,0.76648,0.12379,0.00515,frames/frame_010171.jpg
10172,169.533333,,0,P,0.20125,0.75769,0.12544,0.01703,frames/frame_010172.jpg
10173,169.550000,,0,B,0.20037,0.75352,0.12451,0.00552,frames/frame_010173.jpg
10174,169.566667,,0,B,0.19874,0.75721,0.12484,0.00488,frames/frame_010174.jpg
10175,169.583333,,0,B,0.19842,0.75646,0.12565,0.00463,frames/frame_010175.jpg
10176,169.600000,,0,P,0.19525,0.76532,0.12564,0.00719,frames/frame_010176.jpg
10177,169.616667,,0,B,0.19619,0.76063,0.12533,0.00699,frames/frame_010177.jpg
10178,169.633333,,0,B,0.19529,0.76309,0.12485,0.00467,frames/frame_010178.jpg
10179,169.650000,,0,B,0.19562,0.76219,0.12486,0.00436,frames/frame_010179.jpg
10180,169.666667,,0,P,0.19624,0.76786,0.12459,0.00619,frames/frame_010180.jpg
10181,169.683333,,0,B,0.19800,0.76500,0.12526,0.00529,frames/frame_010181.jpg
10182,169.700000,,0,B,0.19785,0.76627,0.12515,0.00418,frames/frame_010182.jpg
10183,169.716667,,0,B,0.19744,0.76562,0.12543,0.00460,frames/frame_010183.jpg
10184,169.733333,,0,P,0.19585,0.77050,0.12525,0.00525,frames/frame_010184.jpg
10185,169.750000,,0,B,0.19545,0.76784,0.12487,0.00544,frames/frame_010185.jpg
10186,169.766667,,0,B,0.19445,0.76912,0.12401,0.00460,frames/frame_010186.jpg
10187,169.783333,,0,B,0.19421,0.76861,0.12384,0.00442,frames/frame_010187.jpg
10188,169.800000,,0,P,0.19340,0.77295,0.12301,0.00581,frames/frame_010188.jpg
10189,169.816667,,0,B,0.31143,0.51637,0.11216,0.11853,frames/frame_010189.jpg
10190,169.833333,,0,B,0.30673,0.52028,0.11156,0.00683,frames/frame_010190.jpg
10191,169.850000,,0,B,0.29992,0.52579,0.11246,0.00831,frames/frame_010191.jpg
10192,169.866667,,0,P,0.29003,0.53857,0.11355,0.01135,frames/frame_010192.jpg
10193,169.883333,,0,B,0.28422,0.54219,0.11354,0.00727,frames/frame_010193.jpg
10194,169.900000,,0,B,0.27705,0.55261,0.11279,0.00859,frames/frame_010194.jpg
10195,169.916667,,0,B,0.27142,0.56118,0.11346,0.00722,frames/frame_010195.jpg
10196,169.933333,,0,P,0.26376,0.57682,0.11409,0.00957,frames/frame_010196.jpg
10197,169.950000,,0,B,0.26027,0.58354,0.11533,0.00632,frames/frame_010197.jpg
10198,169.966667,,0,B,0.25556,0.59338,0.11559,0.00679,frames/frame_010198.jpg
10199,169.983333,,0,B,0.24842,0.59561,0.11666,0.00976,frames/frame_010199.jpg
10200,170.000000,,0,P,0.24289,0.61188,0.11807,0.00969,frames/frame_010200.jpg
10201,170.016667,,0,B,0.24147,0.61828,0.11876,0.00576,frames/frame_010201.jpg
10202,170.033333,,0,B,0.23667,0.62865,0.11832,0.00675,frames/frame_010202.jpg
10203,170.050000,,0,B,0.23326,0.63644,0.11864,0.00579,frames/frame_010203.jpg
10204,170.066667,,0,P,0.22888,0.65030,0.11888,0.00669,frames/frame_010204.jpg
10205,170.083333,,0,B,0.22775,0.65628,0.11874,0.00523,frames/frame_010205.jpg
10206,170.100000,,0,B,0.22480,0.66565,0.11905,0.00541,frames/frame_010206.jpg
10207,170.116667,,0,B,0.22357,0.66994,0.11978,0.00464,frames/frame_010207.jpg
10208,170.133333,,0,P,0.21970,0.68128,0.11996,0.00729,frames/frame_010208.jpg
10209,170.150000,,0,B,0.21858,0.68278,0.11914,0.00462,frames/frame_010209.jpg
10210,170.166667,,0,B,0.21545,0.69212,0.11949,0.00524,frames/frame_010210.jpg
10211,170.183333,,0,B,0.21440,0.69496,0.12011,0.00411,frames/frame_010211.jpg
10212,170.200000,,0,P,0.21061,0.70723,0.11958,0.00570,frames/frame_010212.jpg
10213,170.216667,,0,B,0.21004,0.70682,0.11918,0.00449,frames/frame_010213.jpg
10214,170.233333,,0,B,0.20821,0.71234,0.11895,0.00450,frames/frame_010214.jpg
10215,170.250000,,0,B,0.20742,0.71352,0.11874,0.00405,frames/frame_010215.jpg
10216,170.266667,,0,P,0.20484,0.72409,0.11907,0.00518,frames/frame_010216.jpg
10217,170.283333,,0,B,0.20438,0.72371,0.11875,0.00444,frames/frame_010217.jpg
10218,170.300000,,0,B,0.20297,0.72712,0.11850,0.00431,frames/frame_010218.jpg
10219,170.316667,,0,B,0.20248,0.72643,0.11836,0.00364,frames/frame_010219.jpg
10220,170.333333,,0,P,0.19951,0.73742,0.11896,0.00528,frames/frame_010220.jpg
10221,170.350000,,0,B,0.19963,0.73705,0.11947,0.00510,frames/frame_010221.jpg
10222,170.366667,,0,B,0.19928,0.73962,0.11982,0.00375,frames/frame_010222.jpg
10223,170.383333,,0,B,0.19923,0.73943,0.12021,0.00344,frames/frame_010223.jpg
10224,170.400000,,0,P,0.19682,0.74849,0.11970,0.00510,frames/frame_010224.jpg
10225,170.416667,,0,B,0.19813,0.74902,0.11981,0.00450,frames/frame_010225.jpg
10226,170.433333,,0,B,0.21924,0.73092,0.12009,0.02692,frames/frame_010226.jpg
10227,170.450000,,0,B,0.21685,0.72796,0.12005,0.00646,frames/frame_010227.jpg
10228,170.466667,,0,P,0.21213,0.73352,0.12025,0.00783,frames/frame_010228.jpg
10229,170.483333,,0,B,0.21013,0.72982,0.12071,0.00624,frames/frame_010229.jpg
10230,170.500000,,0,B,0.20751,0.73269,0.12095,0.00645,frames/frame_010230.jpg
10231,170.516667,,0,B,0.20518,0.73416,0.12047,0.00626,frames/frame_010231.jpg
10232,170.533333,,0,P,0.20211,0.74482,0.12128,0.00679,frames/frame_010232.jpg
10233,170.550000,,0,B,0.20271,0.74016,0.12083,0.00622,frames/frame_010233.jpg
10234,170.566667,,0,B,0.20367,0.74657,0.12098,0.00731,frames/frame_010234.jpg
10235,170.583333,,0,B,0.20428,0.74668,0.12133,0.00546,frames/frame_010235.jpg
10236,170.600000,,0,P,0.20287,0.75523,0.12173,0.00609,frames/frame_010236.jpg
10237,170.616667,,0,B,0.20289,0.75181,0.12167,0.00529,frames/frame_010237.jpg
10238,170.633333,,0,B,0.20149,0.75677,0.11982,0.01028,frames/frame_010238.jpg
10239,170.650000,,0,B,0.20056,0.75678,0.12071,0.00986,frames/frame_010239.jpg
10240,170.666667,,0,P,0.19909,0.76326,0.12094,0.00575,frames/frame_010240.jpg
10241,170.683333,,0,B,0.19903,0.76476,0.12085,0.00407,frames/frame_010241.jpg
10242,170.700000,,0,B,0.19951,0.76374,0.12046,0.00422,frames/frame_010242.jpg
10243,170.716667,,0,P,0.19978,0.76644,0.12083,0.00482,frames/frame_010243.jpg
10244,170.733333,,0,B,0.28369,0.54821,0.10910,0.08291,frames/frame_010244.jpg
10245,170.750000,,0,B,0.28194,0.55118,0.11066,0.00591,frames/frame_010245.jpg
10246,170.766667,,0,B,0.27996,0.55267,0.11336,0.00656,frames/frame_010246.jpg
10247,170.783333,,0,P,0.27513,0.56147,0.11433,0.00632,frames/frame_010247.jpg
10248,170.800000,,0,B,0.27025,0.56949,0.11422,0.00659,frames/frame_010248.jpg
10249,170.816667,,0,B,0.26561,0.57816,0.11438,0.00600,frames/frame_010249.jpg
10250,170.833333,,0,B,0.26127,0.58605,0.11463,0.00585,frames/frame_010250.jpg
10251,170.850000,,0,P,0.25488,0.60004,0.11492,0.00762,frames/frame_010251.jpg
10252,170.866667,,0,B,0.25222,0.60687,0.11503,0.00647,frames/frame_010252.jpg
10253,170.883333,,0,B,0.24637,0.61551,0.11478,0.00792,frames/frame_010253.jpg
10254,170.900000,,0,B,0.24338,0.62196,0.11475,0.00497,frames/frame_010254.jpg
10255,170.916667,,0,P,0.23878,0.63390,0.11446,0.00627,frames/frame_010255.jpg
10256,170.933333,,0,B,0.23751,0.63720,0.11517,0.00448,frames/frame_010256.jpg
10257,170.950000,,0,B,0.23297,0.64475,0.11484,0.00609,frames/frame_010257.jpg
10258,170.966667,,0,B,0.23157,0.64984,0.11539,0.00452,frames/frame_010258.jpg
10259,170.983333,,0,P,0.22828,0.66044,0.11560,0.00551,frames/frame_010259.jpg
10260,171.000000,,1,I,0.22830,0.66543,0.11657,0.00645,frames/frame_010260.jpg
10261,171.016667,,0,P,0.30419,0.51544,0.10732,0.07571,frames/frame_010261.jpg
10262,171.033333,,0,B,0.31231,0.51988,0.11024,0.02065,frames/frame_010262.jpg
10263,171.050000,,0,B,0.30559,0.52768,0.11118,0.00803,frames/frame_010263.jpg
10264,171.066667,,0,B,0.29887,0.53449,0.11271,0.00798,frames/frame_010264.jpg
10265,171.083333,,0,P,0.29039,0.54729,0.11349,0.00982,frames/frame_010265.jpg
10266,171.100000,,0,B,0.28529,0.55274,0.11330,0.00695,frames/frame_010266.jpg
10267,171.116667,,0,B,0.27818,0.56466,0.11265,0.00836,frames/frame_010267.jpg
10268,171.133333,,0,B,0.27252,0.57392,0.11280,0.00730,frames/frame_010268.jpg
10269,171.150000,,0,P,0.26514,0.58896,0.11302,0.00900,frames/frame_010269.jpg
10270,171.166667,,0,B,0.26077,0.59366,0.11291,0.00767,frames/frame_010270.jpg
10271,171.183333,,0,B,0.25485,0.60655,0.11210,0.01038,frames/frame_010271.jpg
10272,171.200000,,0,B,0.25155,0.61467,0.11362,0.00930,frames/frame_010272.jpg
10273,171.216667,,0,P,0.24712,0.62642,0.11348,0.00699,frames/frame_010273.jpg
10274,171.233333,,0,B,0.24497,0.63193,0.11409,0.00665,frames/frame_010274.jpg
10275,171.250000,,0,B,0.23903,0.64482,0.11195,0.01002,frames/frame_010275.jpg
10276,171.266667,,0,B,0.23718,0.65058,0.11421,0.00877,frames/frame_010276.jpg
10277,171.283333,,0,P,0.23210,0.66292,0.11233,0.00964,frames/frame_010277.jpg
10278,171.300000,,0,B,0.23115,0.66660,0.11417,0.00852,frames/frame_010278.jpg
10279,171.316667,,0,P,0.22727,0.67696,0.11178,0.00908,frames/frame_010279.jpg
10280,171.333333,,0,B,0.22754,0.68387,0.11576,0.00932,frames/frame_010280.jpg
10281,171.350000,,0,B,0.22559,0.68954,0.11619,0.00501,frames/frame_010281.jpg
10282,171.366667,,0,B,0.22482,0.69154,0.11666,0.00432,frames/frame_010282.jpg
10283,171.383333,,0,P,0.22181,0.70207,0.11735,0.00537,frames/frame_010283.jpg
10284,171.400000,,0,B,0.22075,0.70135,0.11735,0.00434,frames/frame_010284.jpg
10285,171.416667,,0,B,0.21927,0.70690,0.11727,0.00439,frames/frame_010285.jpg
10286,171.433333,,0,B,0.21811,0.70778,0.11691,0.00393,frames/frame_010286.jpg
10287,171.450000,,0,P,0.21477,0.71733,0.11613,0.00580,frames/frame_010287.jpg
10288,171.466667,,0,B,0.21633,0.71896,0.11593,0.00489,frames/frame_010288.jpg
10289,171.483333,,0,B,0.28148,0.56807,0.10750,0.06487,frames/frame_010289.jpg
10290,171.500000,,0,B,0.27960,0.57108,0.10853,0.00525,frames/frame_010290.jpg
10291,171.516667,,0,P,0.27599,0.57919,0.10991,0.00579,frames/frame_010291.jpg
10292,171.533333,,0,B,0.27212,0.58706,0.11046,0.00608,frames/frame_010292.jpg
10293,171.550000,,0,B,0.26692,0.59461,0.11022,0.00646,frames/frame_010293.jpg
10294,171.566667,,0,B,0.26309,0.60270,0.11090,0.00572,frames/frame_010294.jpg
10295,171.583333,,0,P,0.25804,0.61477,0.11097,0.00684,frames/frame_010295.jpg
10296,171.600000,,0,B,0.25442,0.62313,0.11132,0.00584,frames/frame_010296.jpg
10297,171.616667,,0,P,0.25022,0.63554,0.11173,0.00670,frames/frame_010297.jpg
10298,171.633333,,0,B,0.26459,0.62603,0.11301,0.02873,frames/frame_010298.jpg
10299,171.650000,,0,B,0.26002,0.62792,0.11425,0.01086,frames/frame_010299.jpg
10300,171.666667,,0,B,0.25513,0.63072,0.11466,0.00790,frames/frame_010300.jpg
10301,171.683333,,0,P,0.24890,0.64134,0.11536,0.00868,frames/frame_010301.jpg
10302,171.700000,,0,B,0.24317,0.64290,0.11436,0.00847,frames/frame_010302.jpg
10303,171.716667,,0,B,0.23739,0.65297,0.11354,0.00805,frames/frame_010303.jpg
10304,171.733333,,0,B,0.23403,0.65912,0.11355,0.00589,frames/frame_010304.jpg
10305,171.750000,,0,P,0.23034,0.67369,0.11588,0.00857,frames/frame_010305.jpg
10306,171.766667,,0,B,0.23230,0.67809,0.11657,0.00838,frames/frame_010306.jpg
10307,171.783333,,0,B,0.23171,0.68849,0.11845,0.00730,frames/frame_010307.jpg
10308,171.800000,,0,B,0.23083,0.69369,0.11844,0.00549,frames/frame_010308.jpg
10309,171.816667,,0,P,0.22746,0.70742,0.11860,0.00651,frames/frame_010309.jpg
10310,171.833333,,0,B,0.22688,0.70731,0.11835,0.00549,frames/frame_010310.jpg
10311,171.850000,,0,B,0.22425,0.71488,0.11790,0.00566,frames/frame_010311.jpg
10312,171.866667,,0,B,0.22318,0.71668,0.11765,0.00526,frames/frame_010312.jpg
10313,171.883333,,0,P,0.21985,0.72877,0.11731,0.00636,frames/frame_010313.jpg
10314,171.900000,,0,B,0.21969,0.72868,0.11682,0.00486,frames/frame_010314.jpg
10315,171.916667,,0,B,0.21842,0.73281,0.11615,0.00484,frames/frame_010315.jpg
10316,171.933333,,0,B,0.21810,0.73362,0.11623,0.00437,frames/frame_010316.jpg
10317,171.950000,,0,P,0.21449,0.74157,0.11590,0.00556,frames/frame_010317.jpg
10318,171.966667,,0,B,0.21459,0.74075,0.11605,0.00449,frames/frame_010318.jpg
10319,171.983333,,0,B,0.21357,0.74173,0.11632,0.00401,frames/frame_010319.jpg
10320,172.000000,,0,B,0.21352,0.74295,0.11661,0.00401,frames/frame_010320.jpg
10321,172.016667,,0,P,0.21114,0.75127,0.11746,0.00513,frames/frame_010321.jpg
10322,172.033333,,0,B,0.21115,0.74972,0.11729,0.00417,frames/frame_010322.jpg
10323,172.050000,,0,B,0.21114,0.75180,0.11693,0.00375,frames/frame_010323.jpg
10324,172.066667,,0,B,0.21258,0.75229,0.11670,0.00429,frames/frame_010324.jpg
10325,172.083333,,0,P,0.21231,0.75689,0.11680,0.00406,frames/frame_010325.jpg
10326,172.100000,,0,B,0.21292,0.75502,0.11665,0.00401,frames/frame_010326.jpg
10327,172.116667,,0,B,0.21229,0.75621,0.11638,0.00380,frames/frame_010327.jpg
10328,172.133333,,0,B,0.21230,0.75562,0.11638,0.00365,frames/frame_010328.jpg
10329,172.150000,,0,P,0.21094,0.75898,0.11615,0.00418,frames/frame_010329.jpg
10330,172.166667,,0,B,0.21090,0.75976,0.11637,0.00377,frames/frame_010330.jpg
10331,172.183333,,0,B,0.21127,0.75892,0.11655,0.00367,frames/frame_010331.jpg
10332,172.200000,,0,P,0.21130,0.76140,0.11648,0.00437,frames/frame_010332.jpg
10333,172.216667,,0,B,0.31082,0.53272,0.10389,0.09846,frames/frame_010333.jpg
10334,172.233333,,0,P,0.54332,0.34252,0.09444,0.22625,frames/frame_010334.jpg
10335,172.250000,,0,B,0.51575,0.35343,0.09538,0.02642,frames/frame_010335.jpg
10336,172.266667,,0,B,0.48620,0.37076,0.09718,0.02971,frames/frame_010336.jpg
10337,172.283333,,0,B,0.46013,0.38348,0.09742,0.02584,frames/frame_010337.jpg
10338,172.300000,,0,P,0.43241,0.40240,0.10066,0.02882,frames/frame_010338.jpg
10339,172.316667,,0,B,0.41078,0.40983,0.10003,0.02078,frames/frame_010339.jpg
10340,172.333333,,0,P,0.39377,0.44299,0.09812,0.02752,frames/frame_010340.jpg
10341,172.350000,,0,B,0.37085,0.44868,0.10024,0.02397,frames/frame_010341.jpg
10342,172.366667,,0,B,0.35811,0.47865,0.10187,0.02993,frames/frame_010342.jpg
10343,172.383333,,0,P,0.34267,0.50012,0.10297,0.03049,frames/frame_010343.jpg
10344,172.400000,,0,B,0.31353,0.47517,0.09619,0.03654,frames/frame_010344.jpg
10345,172.416667,,0,P,0.29818,0.48504,0.08749,0.02846,frames/frame_010345.jpg
10346,172.433333,,0,B,0.27997,0.48969,0.08683,0.02764,frames/frame_010346.jpg
10347,172.450000,,0,P,0.28744,0.52057,0.08882,0.04517,frames/frame_010347.jpg
10348,172.466667,,0,B,0.28421,0.53013,0.09254,0.03557,frames/frame_010348.jpg
10349,172.483333,,0,B,0.27770,0.59081,0.09685,0.03272,frames/frame_010349.jpg
10350,172.500000,,0,B,0.27175,0.59394,0.09855,0.02566,frames/frame_010350.jpg
10351,172.516667,,0,P,0.26829,0.58864,0.09970,0.02619,frames/frame_010351.jpg
10352,172.533333,,0,B,0.25825,0.59070,0.09981,0.02245,frames/frame_010352.jpg
10353,172.550000,,0,P,0.25847,0.65932,0.10361,0.03180,frames/frame_010353.jpg
10354,172.566667,,0,B,0.26349,0.64428,0.10804,0.01326,frames/frame_010354.jpg
10355,172.583333,,0,B,0.25802,0.65353,0.10869,0.00659,frames/frame_010355.jpg
10356,172.600000,,0,B,0.25300,0.66101,0.10907,0.00621,frames/frame_010356.jpg
10357,172.616667,,0,P,0.24678,0.67571,0.10897,0.00762,frames/frame_010357.jpg
10358,172.633333,,0,B,0.24393,0.67867,0.10914,0.00538,frames/frame_010358.jpg
10359,172.650000,,0,B,0.24005,0.68862,0.10900,0.00567,frames/frame_010359.jpg
10360,172.666667,,0,B,0.23650,0.69520,0.10857,0.00622,frames/frame_010360.jpg
10361,172.683333,,0,P,0.23277,0.70688,0.10939,0.00589,frames/frame_010361.jpg
10362,172.700000,,0,B,0.23085,0.70911,0.10864,0.00584,frames/frame_010362.jpg
10363,172.716667,,0,P,0.22806,0.71891,0.11003,0.00629,frames/frame_010363.jpg
10364,172.733333,,0,B,0.22771,0.71902,0.11008,0.00450,frames/frame_010364.jpg
10365,172.750000,,0,B,0.22689,0.72577,0.11106,0.00424,frames/frame_010365.jpg
10366,172.766667,,0,B,0.22709,0.72816,0.11207,0.00416,frames/frame_010366.jpg
10367,172.783333,,0,P,0.22461,0.73636,0.11260,0.00477,frames/frame_010367.jpg
10368,172.800000,,0,B,0.22457,0.73534,0.11246,0.00368,frames/frame_010368.jpg
10369,172.816667,,0,B,0.22346,0.73779,0.11277,0.00372,frames/frame_010369.jpg
10370,172.833333,,0,B,0.24811,0.71171,0.11352,0.03093,frames/frame_010370.jpg
10371,172.850000,,0,P,0.24419,0.71585,0.11375,0.00666,frames/frame_010371.jpg
10372,172.866667,,0,B,0.24043,0.71058,0.11367,0.00712,frames/frame_010372.jpg
10373,172.883333,,0,B,0.23517,0.71519,0.11411,0.00787,frames/frame_010373.jpg
10374,172.900000,,0,B,0.23208,0.71600,0.11379,0.00609,frames/frame_010374.jpg
10375,172.916667,,0,P,0.22623,0.72691,0.11287,0.00832,frames/frame_010375.jpg
10376,172.933333,,0,B,0.22594,0.72377,0.11354,0.00520,frames/frame_010376.jpg
10377,172.950000,,0,B,0.22385,0.72982,0.11358,0.00535,frames/frame_010377.jpg
10378,172.966667,,0,B,0.22428,0.72390,0.11492,0.00674,frames/frame_010378.jpg
10379,172.983333,,0,P,0.22160,0.73376,0.11551,0.00617,frames/frame_010379.jpg
10380,173.000000,,0,B,0.22304,0.73335,0.11590,0.00632,frames/frame_010380.jpg
10381,173.016667,,0,B,0.22328,0.73819,0.11694,0.00563,frames/frame_010381.jpg
10382,173.033333,,0,B,0.22374,0.73974,0.11725,0.00504,frames/frame_010382.jpg
10383,173.050000,,0,P,0.22242,0.74729,0.11657,0.00539,frames/frame_010383.jpg
10384,173.066667,,0,B,0.22295,0.74647,0.11639,0.00491,frames/frame_010384.jpg
10385,173.083333,,0,B,0.22263,0.74834,0.11638,0.00386,frames/frame_010385.jpg
10386,173.100000,,0,B,0.22274,0.74911,0.11589,0.00396,frames/frame_010386.jpg
10387,173.116667,,0,P,0.22201,0.75375,0.11573,0.00432,frames/frame_010387.jpg
10388,173.133333,,0,B,0.23770,0.73454,0.11533,0.02283,frames/frame_010388.jpg
10389,173.150000,,0,B,0.23612,0.73851,0.11522,0.00504,frames/frame_010389.jpg
10390,173.166667,,0,B,0.23549,0.73559,0.11479,0.00578,frames/frame_010390.jpg
10391,173.183333,,0,P,0.23352,0.74073,0.11478,0.00521,frames/frame_010391.jpg
10392,173.200000,,0,B,0.23328,0.73720,0.11445,0.00483,frames/frame_010392.jpg
10393,173.216667,,0,B,0.23126,0.74233,0.11384,0.00507,frames/frame_010393.jpg
10394,173.233333,,0,B,0.23099,0.74196,0.11391,0.00412,frames/frame_010394.jpg
10395,173.250000,,0,P,0.22939,0.74968,0.11432,0.00552,frames/frame_010395.jpg
10396,173.266667,,0,B,0.23077,0.74725,0.11495,0.00535,frames/frame_010396.jpg
10397,173.283333,,0,B,0.22994,0.74973,0.11547,0.00418,frames/frame_010397.jpg
10398,173.300000,,0,B,0.22990,0.74937,0.11518,0.00416,frames/frame_010398.jpg
10399,173.316667,,0,P,0.22814,0.75487,0.11520,0.00501,frames/frame_010399.jpg
10400,173.333333,,0,B,0.22836,0.75341,0.11527,0.00451,frames/frame_010400.jpg
10401,173.350000,,0,B,0.22760,0.75457,0.11535,0.00435,frames/frame_010401.jpg
10402,173.366667,,0,B,0.22726,0.75399,0.11487,0.00353,frames/frame_010402.jpg
10403,173.383333,,0,P,0.22608,0.75817,0.11452,0.00434,frames/frame_010403.jpg
10404,173.400000,,0,B,0.22639,0.75868,0.11436,0.00317,frames/frame_010404.jpg
10405,173.416667,,0,P,0.32328,0.53281,0.10319,0.09507,frames/frame_010405.jpg
10406,173.433333,,0,B,0.33729,0.52505,0.10151,0.02609,frames/frame_010406.jpg
10407,173.450000,,0,B,0.32981,0.53219,0.10278,0.00912,frames/frame_010407.jpg
10408,173.466667,,0,B,0.31977,0.54045,0.10234,0.01487,frames/frame_010408.jpg
10409,173.483333,,0,P,0.31423,0.55036,0.10445,0.01542,frames/frame_010409.jpg
10410,173.500000,,0,B,0.30933,0.55664,0.10525,0.00747,frames/frame_010410.jpg
10411,173.516667,,0,B,0.30244,0.57063,0.10551,0.00879,frames/frame_010411.jpg
10412,173.533333,,0,B,0.29656,0.57851,0.10576,0.00730,frames/frame_010412.jpg
10413,173.550000,,0,P,0.28864,0.59308,0.10644,0.00960,frames/frame_010413.jpg
10414,173.566667,,0,B,0.28343,0.59705,0.10695,0.00733,frames/frame_010414.jpg
10415,173.583333,,0,B,0.27714,0.60518,0.10792,0.00814,frames/frame_010415.jpg
10416,173.600000,,0,B,0.27089,0.61587,0.10712,0.01111,frames/frame_010416.jpg
10417,173.616667,,0,P,0.26749,0.62761,0.10837,0.01111,frames/frame_010417.jpg
10418,173.633333,,0,B,0.26569,0.63164,0.10870,0.00594,frames/frame_010418.jpg
10419,173.650000,,0,B,0.26190,0.64210,0.10875,0.00595,frames/frame_010419.jpg
10420,173.666667,,0,B,0.25952,0.64802,0.10832,0.00649,frames/frame_010420.jpg
10421,173.683333,,0,P,0.25458,0.66347,0.10760,0.01069,frames/frame_010421.jpg
10422,173.700000,,0,B,0.25481,0.66853,0.10882,0.01002,frames/frame_010422.jpg
10423,173.716667,,0,B,0.25325,0.67434,0.10874,0.00454,frames/frame_010423.jpg
10424,173.733333,,0,B,0.25230,0.67698,0.10840,0.00555,frames/frame_010424.jpg
10425,173.750000,,0,P,0.25012,0.68537,0.10911,0.00542,frames/frame_010425.jpg
10426,173.766667,,0,B,0.25027,0.68861,0.10982,0.00551,frames/frame_010426.jpg
10427,173.783333,,0,B,0.24838,0.69481,0.10992,0.00423,frames/frame_010427.jpg
10428,173.800000,,0,B,0.24880,0.69181,0.11151,0.00484,frames/frame_010428.jpg
10429,173.816667,,0,P,0.24581,0.70037,0.11170,0.00487,frames/frame_010429.jpg
10430,173.833333,,0,B,0.24523,0.70474,0.11150,0.00466,frames/frame_010430.jpg
10431,173.850000,,0,B,0.24210,0.71162,0.11026,0.00974,frames/frame_010431.jpg
10432,173.866667,,0,B,0.24240,0.71189,0.11040,0.00900,frames/frame_010432.jpg
10433,173.883333,,0,P,0.24018,0.71781,0.11041,0.00456,frames/frame_010433.jpg
10434,173.900000,,0,B,0.24013,0.71846,0.10982,0.00381,frames/frame_010434.jpg
10435,173.916667,,0,B,0.23839,0.72047,0.10904,0.00438,frames/frame_010435.jpg
10436,173.933333,,0,B,0.23834,0.72068,0.10912,0.00307,frames/frame_010436.jpg
10437,173.950000,,0,P,0.23660,0.72869,0.11027,0.00519,frames/frame_010437.jpg
10438,173.966667,,0,B,0.23697,0.72895,0.11014,0.00370,frames/frame_010438.jpg
10439,173.983333,,0,P,0.23639,0.73217,0.11036,0.00341,frames/frame_010439.jpg
10440,174.000000,,1,I,0.23697,0.73678,0.11113,0.00528,frames/frame_010440.jpg
10441,174.016667,,0,B,0.23860,0.73447,0.11196,0.00392,frames/frame_010441.jpg
10442,174.033333,,0,B,0.26706,0.70176,0.11171,0.03564,frames/frame_010442.jpg
10443,174.050000,,0,B,0.26393,0.69923,0.11115,0.00638,frames/frame_010443.jpg
10444,174.066667,,0,P,0.25842,0.70610,0.11117,0.00833,frames/frame_010444.jpg
10445,174.083333,,0,B,0.25536,0.70267,0.11142,0.00663,frames/frame_010445.jpg
10446,174.100000,,0,B,0.25102,0.70907,0.11133,0.00699,frames/frame_010446.jpg
10447,174.116667,,0,B,0.24800,0.71168,0.11096,0.00620,frames/frame_010447.jpg
10448,174.133333,,0,P,0.24393,0.72173,0.11138,0.00708,frames/frame_010448.jpg
10449,174.150000,,0,B,0.24323,0.72053,0.11147,0.00596,frames/frame_010449.jpg
10450,174.166667,,0,B,0.24026,0.72520,0.11000,0.00709,frames/frame_010450.jpg
10451,174.183333,,0,B,0.23968,0.72628,0.11043,0.00518,frames/frame_010451.jpg
10452,174.200000,,0,P,0.23658,0.73506,0.11014,0.00628,frames/frame_010452.jpg
10453,174.216667,,0,B,0.23724,0.73212,0.10920,0.00572,frames/frame_010453.jpg
10454,174.233333,,0,B,0.23688,0.73490,0.10951,0.00486,frames/frame_010454.jpg
10455,174.250000,,0,B,0.23787,0.73648,0.10989,0.00511,frames/frame_010455.jpg
10456,174.266667,,0,P,0.23733,0.74270,0.11022,0.00534,frames/frame_010456.jpg
10457,174.283333,,0,B,0.23867,0.74156,0.11028,0.00464,frames/frame_010457.jpg
10458,174.300000,,0,B,0.23869,0.74326,0.11024,0.00411,frames/frame_010458.jpg
10459,174.316667,,0,B,0.24029,0.74297,0.11114,0.00534,frames/frame_010459.jpg
10460,174.333333,,0,P,0.24082,0.74890,0.11302,0.00574,frames/frame_010460.jpg
10461,174.350000,,0,B,0.24149,0.74714,0.11301,0.00431,frames/frame_010461.jpg
10462,174.366667,,0,B,0.24147,0.74868,0.11294,0.00334,frames/frame_010462.jpg
10463,174.383333,,0,B,0.24177,0.74785,0.11277,0.00336,frames/frame_010463.jpg
10464,174.400000,,0,P,0.24105,0.75091,0.11266,0.00352,frames/frame_010464.jpg
10465,174.416667,,0,B,0.24092,0.74783,0.11154,0.00489,frames/frame_010465.jpg
10466,174.433333,,0,B,0.24060,0.74884,0.11139,0.00321,frames/frame_010466.jpg
10467,174.450000,,0,B,0.24054,0.74832,0.11104,0.00345,frames/frame_010467.jpg
10468,174.466667,,0,P,0.24019,0.75150,0.11061,0.00332,frames/frame_010468.jpg
10469,174.483333,,0,B,0.24117,0.74872,0.11057,0.00417,frames/frame_010469.jpg
10470,174.500000,,0,B,0.24153,0.74999,0.11070,0.00362,frames/frame_010470.jpg
10471,174.516667,,0,B,0.24241,0.75012,0.11138,0.00364,frames/frame_010471.jpg
10472,174.533333,,0,P,0.24219,0.75227,0.11156,0.00339,frames/frame_010472.jpg
10473,174.550000,,0,B,0.24177,0.75116,0.11060,0.00866,frames/frame_010473.jpg
10474,174.566667,,0,B,0.24283,0.75000,0.11109,0.00838,frames/frame_010474.jpg
10475,174.583333,,0,B,0.24332,0.75002,0.11151,0.00316,frames/frame_010475.jpg
10476,174.600000,,0,P,0.24312,0.75276,0.11180,0.00369,frames/frame_010476.jpg
10477,174.616667,,0,B,0.34051,0.54687,0.10205,0.09364,frames/frame_010477.jpg
10478,174.633333,,0,B,0.35771,0.53777,0.09746,0.02988,frames/frame_010478.jpg
10479,174.650000,,0,B,0.35208,0.53982,0.09867,0.01167,frames/frame_010479.jpg
10480,174.666667,,0,P,0.34312,0.54663,0.09872,0.01043,frames/frame_010480.jpg
10481,174.683333,,0,B,0.33385,0.55426,0.09802,0.01225,frames/frame_010481.jpg
10482,174.700000,,0,B,0.32881,0.56133,0.09951,0.01096,frames/frame_010482.jpg
10483,174.716667,,0,B,0.32209,0.56942,0.09970,0.00779,frames/frame_010483.jpg
10484,174.733333,,0,P,0.31437,0.58234,0.10032,0.00917,frames/frame_010484.jpg
10485,174.750000,,0,B,0.30986,0.59035,0.10188,0.00722,frames/frame_010485.jpg
10486,174.766667,,0,B,0.30201,0.60315,0.10183,0.01216,frames/frame_010486.jpg
10487,174.783333,,0,B,0.29668,0.60719,0.10346,0.00777,frames/frame_010487.jpg
10488,174.800000,,0,P,0.29247,0.61820,0.10525,0.01043,frames/frame_010488.jpg
10489,174.816667,,0,B,0.28996,0.62317,0.10573,0.00586,frames/frame_010489.jpg
10490,174.833333,,0,B,0.28636,0.63006,0.10629,0.00690,frames/frame_010490.jpg
10491,174.850000,,0,B,0.28374,0.63690,0.10587,0.00829,frames/frame_010491.jpg
10492,174.866667,,0,P,0.28082,0.64774,0.10658,0.00870,frames/frame_010492.jpg
10493,174.883333,,0,B,0.27983,0.65278,0.10615,0.00513,frames/frame_010493.jpg
10494,174.900000,,0,B,0.27686,0.66137,0.10612,0.00518,frames/frame_010494.jpg
10495,174.916667,,0,B,0.27442,0.66428,0.10568,0.00577,frames/frame_010495.jpg
10496,174.933333,,0,P,0.27111,0.67448,0.10602,0.00559,frames/frame_010496.jpg
10497,174.950000,,0,B,0.27083,0.67698,0.10632,0.00458,frames/frame_010497.jpg
10498,174.966667,,0,B,0.26950,0.68104,0.10564,0.00427,frames/frame_010498.jpg
10499,174.983333,,0,B,0.26905,0.68321,0.10566,0.00383,frames/frame_010499.jpg
10500,175.000000,,0,P,0.26691,0.69249,0.10646,0.00545,frames/frame_010500.jpg
10501,175.016667,,0,B,0.26765,0.69580,0.10698,0.00497,frames/frame_010501.jpg
10502,175.033333,,0,B,0.26663,0.69949,0.10707,0.00374,frames/frame_010502.jpg
10503,175.050000,,0,B,0.26605,0.70064,0.10713,0.00366,frames/frame_010503.jpg
10504,175.066667,,0,P,0.26392,0.70878,0.10736,0.00479,frames/frame_010504.jpg
10505,175.083333,,0,B,0.26395,0.70803,0.10726,0.00404,frames/frame_010505.jpg
10506,175.100000,,0,B,0.26300,0.71104,0.10747,0.00381,frames/frame_010506.jpg
10507,175.116667,,0,B,0.26299,0.71146,0.10747,0.00318,frames/frame_010507.jpg
10508,175.133333,,0,P,0.26171,0.71722,0.10761,0.00405,frames/frame_010508.jpg
10509,175.150000,,0,B,0.26176,0.71639,0.10761,0.00372,frames/frame_010509.jpg
10510,175.166667,,0,B,0.26035,0.71664,0.10666,0.00413,frames/frame_010510.jpg
10511,175.183333,,0,B,0.26049,0.71681,0.10686,0.00308,frames/frame_010511.jpg
10512,175.200000,,0,P,0.25912,0.72054,0.10656,0.00395,frames/frame_010512.jpg
10513,175.216667,,0,B,0.25899,0.71872,0.10621,0.00335,frames/frame_010513.jpg
10514,175.233333,,0,B,0.29287,0.68514,0.10565,0.04066,frames/frame_010514.jpg
10515,175.250000,,0,B,0.29020,0.68392,0.10615,0.00650,frames/frame_010515.jpg
10516,175.266667,,0,P,0.28527,0.69012,0.10709,0.01036,frames/frame_010516.jpg
10517,175.283333,,0,B,0.28174,0.68865,0.10658,0.00641,frames/frame_010517.jpg
10518,175.300000,,0,B,0.27627,0.69647,0.10554,0.00968,frames/frame_010518.jpg
10519,175.316667,,0,B,0.27323,0.69891,0.10525,0.00841,frames/frame_010519.jpg
10520,175.333333,,0,P,0.26966,0.70782,0.10616,0.00682,frames/frame_010520.jpg
10521,175.350000,,0,B,0.26883,0.70741,0.10665,0.00558,frames/frame_010521.jpg
10522,175.366667,,0,B,0.26658,0.71319,0.10655,0.00596,frames/frame_010522.jpg
10523,175.383333,,0,B,0.26477,0.71669,0.10624,0.00806,frames/frame_010523.jpg
10524,175.400000,,0,P,0.26276,0.72275,0.10707,0.00814,frames/frame_010524.jpg
10525,175.416667,,0,B,0.26221,0.72019,0.10670,0.00642,frames/frame_010525.jpg
10526,175.433333,,0,B,0.26069,0.72518,0.10582,0.00784,frames/frame_010526.jpg
10527,175.450000,,0,B,0.26238,0.72462,0.10675,0.00747,frames/frame_010527.jpg
10528,175.466667,,0,P,0.26203,0.72953,0.10671,0.00459,frames/frame_010528.jpg
10529,175.483333,,0,B,0.26303,0.72869,0.10651,0.00456,frames/frame_010529.jpg
10530,175.500000,,0,B,0.26474,0.72621,0.10863,0.00650,frames/frame_010530.jpg
10531,175.516667,,0,B,0.26551,0.72560,0.10898,0.00458,frames/frame_010531.jpg
10532,175.533333,,0,P,0.26445,0.73038,0.10893,0.00498,frames/frame_010532.jpg
10533,175.550000,,0,B,0.26465,0.72858,0.10822,0.00436,frames/frame_010533.jpg
10534,175.566667,,0,B,0.26430,0.72968,0.10817,0.00341,frames/frame_010534.jpg
10535,175.583333,,0,B,0.26422,0.72989,0.10807,0.00335,frames/frame_010535.jpg
10536,175.600000,,0,P,0.26344,0.73257,0.10790,0.00355,frames/frame_010536.jpg
10537,175.616667,,0,B,0.26417,0.73057,0.10771,0.00392,frames/frame_010537.jpg
10538,175.633333,,0,B,0.26372,0.73149,0.10758,0.00318,frames/frame_010538.jpg
10539,175.650000,,0,B,0.26396,0.73054,0.10737,0.00361,frames/frame_010539.jpg
10540,175.666667,,0,P,0.26297,0.73273,0.10648,0.00438,frames/frame_010540.jpg
10541,175.683333,,0,B,0.26418,0.73005,0.10669,0.00395,frames/frame_010541.jpg
10542,175.700000,,0,B,0.26390,0.73179,0.10625,0.00298,frames/frame_010542.jpg
10543,175.716667,,0,B,0.26435,0.73115,0.10622,0.00330,frames/frame_010543.jpg
10544,175.733333,,0,P,0.26407,0.73247,0.10637,0.00337,frames/frame_010544.jpg
10545,175.750000,,0,B,0.26535,0.73154,0.10698,0.00394,frames/frame_010545.jpg
10546,175.766667,,0,B,0.26556,0.73250,0.10718,0.00342,frames/frame_010546.jpg
10547,175.783333,,0,B,0.26520,0.73268,0.10598,0.00605,frames/frame_010547.jpg
10548,175.800000,,0,P,0.26569,0.73431,0.10685,0.00640,frames/frame_010548.jpg
10549,175.816667,,0,P,0.38784,0.53118,0.09824,0.11900,frames/frame_010549.jpg
10550,175.833333,,0,B,0.57542,0.36129,0.08859,0.18338,frames/frame_010550.jpg
10551,175.850000,,0,B,0.54743,0.37534,0.08922,0.03518,frames/frame_010551.jpg
10552,175.866667,,0,B,0.52115,0.38890,0.09149,0.02846,frames/frame_010552.jpg
10553,175.883333,,0,P,0.49070,0.41718,0.09083,0.03945,frames/frame_010553.jpg
10554,175.900000,,0,B,0.47397,0.44225,0.09336,0.03829,frames/frame_010554.jpg
10555,175.916667,,0,B,0.44778,0.44870,0.09222,0.03663,frames/frame_010555.jpg
10556,175.933333,,0,B,0.43073,0.46314,0.09249,0.02439,frames/frame_010556.jpg
10557,175.950000,,0,P,0.41754,0.48955,0.09579,0.02431,frames/frame_010557.jpg
10558,175.966667,,0,B,0.39637,0.49546,0.09663,0.02506,frames/frame_010558.jpg
10559,175.983333,,0,B,0.37516,0.51231,0.09432,0.03035,frames/frame_010559.jpg
10560,176.000000,,0,B,0.36994,0.53924,0.10200,0.03181,frames/frame_010560.jpg
10561,176.016667,,0,P,0.35253,0.54533,0.09537,0.03347,frames/frame_010561.jpg
10562,176.033333,,0,B,0.35502,0.57571,0.10057,0.02417,frames/frame_010562.jpg
10563,176.050000,,0,B,0.33757,0.58180,0.09745,0.02476,frames/frame_010563.jpg
10564,176.066667,,0,B,0.34108,0.61543,0.10309,0.03546,frames/frame_010564.jpg
10565,176.083333,,0,P,0.32698,0.61328,0.09905,0.03252,frames/frame_010565.jpg
10566,176.100000,,0,B,0.32404,0.62132,0.10110,0.02282,frames/frame_010566.jpg
10567,176.116667,,0,B,0.32150,0.63649,0.10059,0.01572,frames/frame_010567.jpg
10568,176.133333,,0,B,0.31660,0.64483,0.10052,0.01111,frames/frame_010568.jpg
10569,176.150000,,0,P,0.30945,0.66276,0.09671,0.02674,frames/frame_010569.jpg
10570,176.166667,,0,B,0.29680,0.66247,0.09417,0.03134,frames/frame_010570.jpg
10571,176.183333,,0,B,0.30056,0.67678,0.09677,0.02740,frames/frame_010571.jpg
10572,176.200000,,0,B,0.29445,0.68193,0.09310,0.02370,frames/frame_010572.jpg
10573,176.216667,,0,P,0.29050,0.68739,0.09278,0.01520,frames/frame_010573.jpg
10574,176.233333,,0,B,0.28896,0.68891,0.09274,0.01430,frames/frame_010574.jpg
10575,176.250000,,0,B,0.28574,0.69314,0.09461,0.02219,frames/frame_010575.jpg
10576,176.266667,,0,B,0.28346,0.70150,0.09303,0.02181,frames/frame_010576.jpg
10577,176.283333,,0,P,0.28630,0.70566,0.09685,0.01878,frames/frame_010577.jpg
10578,176.300000,,0,B,0.28536,0.70746,0.09647,0.01472,frames/frame_010578.jpg
10579,176.316667,,0,B,0.28058,0.70925,0.09439,0.01432,frames/frame_010579.jpg
10580,176.333333,,0,B,0.28263,0.71147,0.09719,0.02388,frames/frame_010580.jpg
10581,176.350000,,0,P,0.27646,0.71438,0.09783,0.02154,frames/frame_010581.jpg
10582,176.366667,,0,B,0.27938,0.71526,0.09831,0.01323,frames/frame_010582.jpg
10583,176.383333,,0,B,0.28051,0.72039,0.09649,0.01017,frames/frame_010583.jpg
10584,176.400000,,0,B,0.27910,0.71964,0.09593,0.00878,frames/frame_010584.jpg
10585,176.416667,,0,P,0.27454,0.72601,0.08990,0.01929,frames/frame_010585.jpg
10586,176.433333,,0,B,0.30711,0.67573,0.08890,0.05569,frames/frame_010586.jpg
10587,176.450000,,0,B,0.30788,0.68195,0.09340,0.01510,frames/frame_010587.jpg
10588,176.466667,,0,B,0.29920,0.68280,0.08958,0.01484,frames/frame_010588.jpg
10589,176.483333,,0,P,0.29588,0.68977,0.09251,0.01867,frames/frame_010589.jpg
10590,176.500000,,0,B,0.28758,0.69206,0.09185,0.01863,frames/frame_010590.jpg
10591,176.516667,,0,B,0.27724,0.68801,0.09169,0.02751,frames/frame_010591.jpg
10592,176.533333,,0,B,0.27216,0.69078,0.09376,0.01661,frames/frame_010592.jpg
10593,176.550000,,0,P,0.27023,0.70058,0.09037,0.01568,frames/frame_010593.jpg
10594,176.566667,,0,B,0.27088,0.69755,0.09283,0.01319,frames/frame_010594.jpg
10595,176.583333,,0,B,0.26258,0.69820,0.08728,0.01299,frames/frame_010595.jpg
10596,176.600000,,0,B,0.25510,0.69332,0.08501,0.01868,frames/frame_010596.jpg
10597,176.616667,,0,P,0.26376,0.70400,0.08904,0.02046,frames/frame_010597.jpg
10598,176.633333,,0,B,0.26493,0.71085,0.09083,0.01610,frames/frame_010598.jpg
10599,176.650000,,0,B,0.26598,0.71125,0.08981,0.01552,frames/frame_010599.jpg
10600,176.666667,,0,B,0.25592,0.70676,0.08766,0.02239,frames/frame_010600.jpg
10601,176.683333,,0,P,0.26868,0.72083,0.09287,0.03459,frames/frame_010601.jpg
10602,176.700000,,0,B,0.25725,0.72078,0.08782,0.03340,frames/frame_010602.jpg
10603,176.716667,,0,B,0.26060,0.71501,0.08849,0.02172,frames/frame_010603.jpg
10604,176.733333,,0,B,0.26229,0.71855,0.08885,0.01552,frames/frame_010604.jpg
10605,176.750000,,0,P,0.26199,0.71841,0.09115,0.01433,frames/frame_010605.jpg
10606,176.766667,,0,B,0.26312,0.72180,0.08777,0.01912,frames/frame_010606.jpg
10607,176.783333,,0,B,0.25167,0.71159,0.08332,0.02547,frames/frame_010607.jpg
10608,176.800000,,0,B,0.25236,0.70749,0.08255,0.01211,frames/frame_010608.jpg
10609,176.816667,,0,P,0.25299,0.71309,0.08362,0.01061,frames/frame_010609.jpg
10610,176.833333,,0,B,0.26014,0.71907,0.08743,0.01569,frames/frame_010610.jpg
10611,176.850000,,0,B,0.26225,0.72041,0.08631,0.01781,frames/frame_010611.jpg
10612,176.866667,,0,B,0.25018,0.71666,0.08693,0.02566,frames/frame_010612.jpg
10613,176.883333,,0,P,0.25395,0.71516,0.08523,0.01694,frames/frame_010613.jpg
10614,176.900000,,0,B,0.25576,0.71556,0.08400,0.00864,frames/frame_010614.jpg
10615,176.916667,,0,B,0.25840,0.71044,0.08190,0.01159,frames/frame_010615.jpg
10616,176.933333,,0,P,0.25427,0.71312,0.08499,0.00914,frames/frame_010616.jpg
10617,176.950000,,0,B,0.24931,0.72096,0.08548,0.02508,frames/frame_010617.jpg
10618,176.966667,,0,B,0.25175,0.70380,0.08063,0.02461,frames/frame_010618.jpg
10619,176.983333,,0,P,0.25173,0.70916,0.08035,0.01083,frames/frame_010619.jpg
10620,177.000000,,1,I,0.25157,0.72122,0.08405,0.01492,frames/frame_010620.jpg
10621,177.016667,,0,B,0.37611,0.46667,0.08249,0.12533,frames/frame_010621.jpg
10622,177.033333,,0,B,0.37181,0.47036,0.07931,0.02532,frames/frame_010622.jpg
10623,177.050000,,0,B,0.35231,0.47123,0.08397,0.03143,frames/frame_010623.jpg
10624,177.066667,,0,P,0.34425,0.47582,0.08125,0.01979,frames/frame_010624.jpg
10625,177.083333,,0,B,0.33663,0.48200,0.08148,0.01478,frames/frame_010625.jpg
10626,177.100000,,0,B,0.32955,0.47897,0.07740,0.01738,frames/frame_010626.jpg
10627,177.116667,,0,B,0.32250,0.49657,0.07814,0.02088,frames/frame_010627.jpg
10628,177.133333,,0,P,0.31077,0.49635,0.07936,0.02571,frames/frame_010628.jpg
10629,177.150000,,0,B,0.30396,0.50662,0.08057,0.01805,frames/frame_010629.jpg
10630,177.166667,,0,B,0.29820,0.51347,0.07817,0.01820,frames/frame_010630.jpg
10631,177.183333,,0,B,0.29306,0.52617,0.08053,0.01606,frames/frame_010631.jpg
10632,177.200000,,0,P,0.28268,0.53773,0.08030,0.01655,frames/frame_010632.jpg
10633,177.216667,,0,P,0.27181,0.55560,0.08126,0.03277,frames/frame_010633.jpg
10634,177.233333,,0,B,0.25538,0.55111,0.07252,0.02856,frames/frame_010634.jpg
10635,177.250000,,0,P,0.25301,0.56501,0.07366,0.01223,frames/frame_010635.jpg
10636,177.266667,,0,P,0.26673,0.58633,0.08119,0.02862,frames/frame_010636.jpg
10637,177.283333,,0,B,0.26500,0.58881,0.07973,0.01216,frames/frame_010637.jpg
10638,177.300000,,0,P,0.25941,0.59533,0.08436,0.01300,frames/frame_010638.jpg
10639,177.316667,,0,B,0.23300,0.59156,0.07494,0.03060,frames/frame_010639.jpg
10640,177.333333,,0,B,0.22594,0.59455,0.07518,0.01022,frames/frame_010640.jpg
10641,177.350000,,0,P,0.21830,0.62298,0.07374,0.01507,frames/frame_010641.jpg
10642,177.366667,,0,B,0.20253,0.63615,0.07244,0.01658,frames/frame_010642.jpg
10643,177.383333,,0,B,0.18507,0.64026,0.07019,0.01874,frames/frame_010643.jpg
10644,177.400000,,0,P,0.15859,0.65633,0.06837,0.02882,frames/frame_010644.jpg
10645,177.416667,,0,B,0.13704,0.67317,0.06286,0.02733,frames/frame_010645.jpg
10646,177.433333,,0,B,0.11423,0.70154,0.05502,0.02498,frames/frame_010646.jpg
10647,177.450000,,0,B,0.09764,0.69317,0.04940,0.01745,frames/frame_010647.jpg
10648,177.466667,,0,P,0.08115,0.71009,0.04707,0.01812,frames/frame_010648.jpg
10649,177.483333,,0,B,0.07124,0.71752,0.04578,0.01082,frames/frame_010649.jpg
10650,177.500000,,0,B,0.07176,0.72579,0.04362,0.00977,frames/frame_010650.jpg
10651,177.516667,,0,P,0.06608,0.76983,0.04249,0.00634,frames/frame_010651.jpg
10652,177.533333,,0,B,0.06011,0.75521,0.04260,0.00781,frames/frame_010652.jpg
10653,177.550000,,0,B,0.05689,0.78910,0.04248,0.00376,frames/frame_010653.jpg
10654,177.566667,,0,B,0.05320,0.79321,0.04157,0.00479,frames/frame_010654.jpg
10655,177.583333,,0,P,0.05036,0.84436,0.04160,0.00391,frames/frame_010655.jpg
10656,177.600000,,0,B,0.04992,0.74456,0.04184,0.00292,frames/frame_010656.jpg
10657,177.616667,,0,B,0.04784,0.75098,0.04289,0.00575,frames/frame_010657.jpg
10658,177.633333,,0,B,0.01427,0.05657,0.00441,0.03684,frames/frame_010658.jpg
10659,177.650000,,0,P,0.01425,0.06686,0.00441,0.00014,frames/frame_010659.jpg
10660,177.666667,,0,B,0.01759,0.23091,0.00962,0.00439,frames/frame_010660.jpg
10661,177.683333,,0,B,0.01475,0.05254,0.00531,0.00405,frames/frame_010661.jpg
10662,177.700000,,0,B,0.01482,0.05449,0.00495,0.00051,frames/frame_010662.jpg
10663,177.716667,,0,P,0.02006,0.37966,0.01466,0.00820,frames/frame_010663.jpg
10664,177.733333,,0,B,0.01717,0.27841,0.00996,0.00423,frames/frame_010664.jpg
10665,177.750000,,0,B,0.02712,0.48177,0.02152,0.01008,frames/frame_010665.jpg
10666,177.766667,,0,P,0.04221,0.69268,0.03362,0.01568,frames/frame_010666.jpg
10667,177.783333,,0,P,0.02819,0.61109,0.02300,0.01444,frames/frame_010667.jpg
10668,177.800000,,0,B,0.06693,0.67178,0.05487,0.03402,frames/frame_010668.jpg
10669,177.816667,,0,B,0.04421,0.69207,0.03639,0.02274,frames/frame_010669.jpg
10670,177.833333,,0,P,0.06743,0.67889,0.05468,0.02278,frames/frame_010670.jpg
10671,177.850000,,0,B,0.04339,0.68717,0.03452,0.02143,frames/frame_010671.jpg
10672,177.866667,,0,B,0.04438,0.68640,0.03645,0.00236,frames/frame_010672.jpg
10673,177.883333,,0,B,0.06825,0.67536,0.05671,0.02136,frames/frame_010673.jpg
10674,177.900000,,0,P,0.06770,0.68076,0.05523,0.00310,frames/frame_010674.jpg
10675,177.916667,,0,B,0.06892,0.67954,0.05680,0.00295,frames/frame_010675.jpg
10676,177.933333,,0,B,0.06943,0.68087,0.05720,0.00213,frames/frame_010676.jpg
10677,177.950000,,0,B,0.06935,0.67972,0.05743,0.00150,frames/frame_010677.jpg
10678,177.966667,,0,P,0.06919,0.68392,0.05760,0.00212,frames/frame_010678.jpg
10679,177.983333,,0,B,0.06912,0.67991,0.05727,0.00217,frames/frame_010679.jpg
10680,178.000000,,0,B,0.06955,0.68167,0.05784,0.00233,frames/frame_010680.jpg
10681,178.016667,,0,B,0.06962,0.68182,0.05840,0.00182,frames/frame_010681.jpg
10682,178.033333,,0,P,0.06909,0.68434,0.05807,0.00246,frames/frame_010682.jpg
10683,178.050000,,0,B,0.06910,0.67945,0.05793,0.00191,frames/frame_010683.jpg
10684,178.066667,,0,B,0.06933,0.67966,0.05862,0.00190,frames/frame_010684.jpg
10685,178.083333,,0,B,0.06930,0.67792,0.05870,0.00203,frames/frame_010685.jpg
10686,178.100000,,0,P,0.06962,0.68244,0.05902,0.00232,frames/frame_010686.jpg
10687,178.116667,,0,B,0.06973,0.67987,0.05885,0.00205,frames/frame_010687.jpg
10688,178.133333,,0,B,0.06975,0.68055,0.05852,0.00178,frames/frame_010688.jpg
10689,178.150000,,0,B,0.07000,0.67873,0.05914,0.00193,frames/frame_010689.jpg
10690,178.166667,,0,P,0.06973,0.68480,0.05916,0.00217,frames/frame_010690.jpg
10691,178.183333,,0,B,0.06941,0.68050,0.05864,0.00227,frames/frame_010691.jpg
10692,178.200000,,0,B,0.06973,0.68223,0.05870,0.00198,frames/frame_010692.jpg
10693,178.216667,,0,B,0.06972,0.68206,0.05829,0.00225,frames/frame_010693.jpg
10694,178.233333,,0,P,0.06946,0.68598,0.05810,0.00218,frames/frame_010694.jpg
10695,178.250000,,0,B,0.06955,0.68245,0.05867,0.00193,frames/frame_010695.jpg
10696,178.266667,,0,B,0.06958,0.68125,0.05839,0.00175,frames/frame_010696.jpg
10697,178.283333,,0,B,0.06920,0.68258,0.05777,0.00160,frames/frame_010697.jpg
10698,178.300000,,0,P,0.06954,0.68663,0.05815,0.00218,frames/frame_010698.jpg
10699,178.316667,,0,B,0.06931,0.68288,0.05785,0.00177,frames/frame_010699.jpg
10700,178.333333,,0,B,0.06938,0.68437,0.05764,0.00166,frames/frame_010700.jpg
10701,178.350000,,0,B,0.06915,0.68288,0.05725,0.00165,frames/frame_010701.jpg
10702,178.366667,,0,P,0.06894,0.68483,0.05722,0.00174,frames/frame_010702.jpg
10703,178.383333,,0,B,0.06924,0.68092,0.05778,0.00220,frames/frame_010703.jpg
10704,178.400000,,0,B,0.06917,0.68367,0.05770,0.00229,frames/frame_010704.jpg
10705,178.416667,,0,B,0.06892,0.68189,0.05771,0.00180,frames/frame_010705.jpg
10706,178.433333,,0,P,0.06947,0.68504,0.05800,0.00239,frames/frame_010706.jpg
10707,178.450000,,0,B,0.06949,0.68375,0.05788,0.00201,frames/frame_010707.jpg
10708,178.466667,,0,B,0.06967,0.68286,0.05837,0.00172,frames/frame_010708.jpg
10709,178.483333,,0,B,0.06947,0.68363,0.05827,0.00164,frames/frame_010709.jpg
10710,178.500000,,0,P,0.06941,0.68517,0.05792,0.00196,frames/frame_010710.jpg
10711,178.516667,,0,B,0.06954,0.68278,0.05830,0.00220,frames/frame_010711.jpg
10712,178.533333,,0,B,0.06957,0.68513,0.05858,0.00176,frames/frame_010712.jpg
10713,178.550000,,0,B,0.06962,0.68240,0.05803,0.00167,frames/frame_010713.jpg
10714,178.566667,,0,P,0.06920,0.68871,0.05860,0.00201,frames/frame_010714.jpg
10715,178.583333,,0,B,0.06894,0.68337,0.05820,0.00190,frames/frame_010715.jpg
10716,178.600000,,0,B,0.06879,0.68363,0.05807,0.00198,frames/frame_010716.jpg
10717,178.616667,,0,B,0.06875,0.68119,0.05772,0.00177,frames/frame_010717.jpg
10718,178.633333,,0,P,0.06866,0.68431,0.05786,0.00200,frames/frame_010718.jpg
10719,178.650000,,0,B,0.06837,0.68236,0.05769,0.00189,frames/frame_010719.jpg
10720,178.666667,,0,B,0.06826,0.68181,0.05745,0.00167,frames/frame_010720.jpg
10721,178.683333,,0,B,0.06846,0.68050,0.05763,0.00181,frames/frame_010721.jpg
10722,178.700000,,0,P,0.06882,0.68599,0.05862,0.00216,frames/frame_010722.jpg
10723,178.716667,,0,B,0.06876,0.68300,0.05855,0.00178,frames/frame_010723.jpg
10724,178.733333,,0,B,0.06886,0.68436,0.05857,0.00167,frames/frame_010724.jpg
10725,178.750000,,0,B,0.06891,0.68319,0.05905,0.00168,frames/frame_010725.jpg
10726,178.766667,,0,P,0.06878,0.68613,0.05889,0.00183,frames/frame_010726.jpg
10727,178.783333,,0,B,0.06865,0.68216,0.05849,0.00198,frames/frame_010727.jpg
10728,178.800000,,0,B,0.06900,0.68435,0.05959,0.00223,frames/frame_010728.jpg
10729,178.816667,,0,B,0.06909,0.68451,0.05963,0.00176,frames/frame_010729.jpg
10730,178.833333,,0,P,0.06873,0.68728,0.05949,0.00207,frames/frame_010730.jpg
10731,178.850000,,0,B,0.06891,0.68581,0.05902,0.00186,frames/frame_010731.jpg
10732,178.866667,,0,B,0.06855,0.68602,0.05921,0.00165,frames/frame_010732.jpg
10733,178.883333,,0,B,0.06818,0.68252,0.05881,0.00173,frames/frame_010733.jpg
10734,178.900000,,0,P,0.06837,0.68715,0.05930,0.00189,frames/frame_010734.jpg
10735,178.916667,,0,B,0.06828,0.68496,0.05912,0.00196,frames/frame_010735.jpg
10736,178.933333,,0,B,0.06835,0.68674,0.05905,0.00158,frames/frame_010736.jpg
10737,178.950000,,0,B,0.06808,0.68571,0.05858,0.00144,frames/frame_010737.jpg
10738,178.966667,,0,P,0.06772,0.68737,0.05882,0.00192,frames/frame_010738.jpg
10739,178.983333,,0,B,0.06780,0.68371,0.05924,0.00192,frames/frame_010739.jpg
10740,179.000000,,0,B,0.06798,0.68462,0.05929,0.00203,frames/frame_010740.jpg
10741,179.016667,,0,B,0.06803,0.68109,0.05971,0.00187,frames/frame_010741.jpg
10742,179.033333,,0,P,0.06814,0.68370,0.05963,0.00203,frames/frame_010742.jpg
10743,179.050000,,0,B,0.06836,0.68172,0.05985,0.00208,frames/frame_010743.jpg
10744,179.066667,,0,B,0.06867,0.68431,0.06016,0.00188,frames/frame_010744.jpg
10745,179.083333,,0,B,0.06898,0.68364,0.06038,0.00194,frames/frame_010745.jpg
10746,179.100000,,0,P,0.06892,0.68691,0.06026,0.00246,frames/frame_010746.jpg
10747,179.116667,,0,B,0.06917,0.68385,0.06035,0.00215,frames/frame_010747.jpg
10748,179.133333,,0,B,0.06960,0.68859,0.06088,0.00206,frames/frame_010748.jpg
10749,179.150000,,0,B,0.06990,0.68648,0.06142,0.00213,frames/frame_010749.jpg
10750,179.166667,,0,P,0.06948,0.69060,0.06107,0.00184,frames/frame_010750.jpg
10751,179.183333,,0,B,0.06936,0.68594,0.06093,0.00191,frames/frame_010751.jpg
10752,179.200000,,0,B,0.06967,0.68618,0.06120,0.00182,frames/frame_010752.jpg
10753,179.216667,,0,B,0.06952,0.68760,0.06129,0.00186,frames/frame_010753.jpg
10754,179.233333,,0,P,0.06934,0.69277,0.06076,0.00200,frames/frame_010754.jpg
10755,179.250000,,0,B,0.06936,0.68731,0.06024,0.00192,frames/frame_010755.jpg
10756,179.266667,,0,B,0.06927,0.68837,0.06032,0.00148,frames/frame_010756.jpg
10757,179.283333,,0,B,0.06915,0.68646,0.06060,0.00165,frames/frame_010757.jpg
10758,179.300000,,0,P,0.06920,0.69201,0.06063,0.00197,frames/frame_010758.jpg
10759,179.316667,,0,B,0.06914,0.68802,0.06012,0.00182,frames/frame_010759.jpg
10760,179.333333,,0,B,0.06941,0.68795,0.06047,0.00166,frames/frame_010760.jpg
10761,179.350000,,0,B,0.06966,0.68751,0.06080,0.00160,frames/frame_010761.jpg
10762,179.366667,,0,P,0.06943,0.69061,0.06045,0.00168,frames/frame_010762.jpg
10763,179.383333,,0,B,0.06910,0.69026,0.06033,0.00188,frames/frame_010763.jpg
10764,179.400000,,0,B,0.06949,0.68993,0.06080,0.00183,frames/frame_010764.jpg
10765,179.416667,,0,P,0.06900,0.68816,0.06078,0.00165,frames/frame_010765.jpg
10766,179.433333,,0,P,0.52346,0.22160,0.05151,0.44700,frames/frame_010766.jpg
10767,179.450000,,0,P,0.49618,0.22460,0.06680,0.03556,frames/frame_010767.jpg
10768,179.466667,,0,P,0.47088,0.22133,0.07377,0.03170,frames/frame_010768.jpg
10769,179.483333,,0,B,0.44469,0.22355,0.07391,0.02530,frames/frame_010769.jpg
10770,179.500000,,0,B,0.41675,0.23486,0.07389,0.02794,frames/frame_010770.jpg
10771,179.516667,,0,B,0.39057,0.22204,0.07379,0.02336,frames/frame_010771.jpg
10772,179.533333,,0,P,0.36226,0.23123,0.07333,0.02853,frames/frame_010772.jpg
10773,179.550000,,0,B,0.34309,0.22456,0.07305,0.01713,frames/frame_010773.jpg
10774,179.566667,,0,B,0.32176,0.23818,0.07276,0.02131,frames/frame_010774.jpg
10775,179.583333,,0,B,0.30176,0.24297,0.07265,0.01964,frames/frame_010775.jpg
10776,179.600000,,0,P,0.28071,0.25115,0.07208,0.02156,frames/frame_010776.jpg
10777,179.616667,,0,B,0.26703,0.24233,0.07204,0.01210,frames/frame_010777.jpg
10778,179.633333,,0,B,0.25125,0.25605,0.07178,0.01585,frames/frame_010778.jpg
10779,179.650000,,0,B,0.23717,0.26745,0.07146,0.01378,frames/frame_010779.jpg
10780,179.666667,,0,P,0.22112,0.27605,0.07077,0.01682,frames/frame_010780.jpg
10781,179.683333,,0,B,0.21156,0.26226,0.07062,0.00885,frames/frame_010781.jpg
10782,179.700000,,0,B,0.19975,0.27495,0.07066,0.01190,frames/frame_010782.jpg
10783,179.716667,,0,B,0.18992,0.28676,0.07037,0.00976,frames/frame_010783.jpg
10784,179.733333,,0,P,0.17809,0.30266,0.07031,0.01212,frames/frame_010784.jpg
10785,179.750000,,0,B,0.17217,0.28537,0.07008,0.00548,frames/frame_010785.jpg
10786,179.766667,,0,B,0.16433,0.30266,0.07032,0.00803,frames/frame_010786.jpg
10787,179.783333,,0,B,0.15698,0.31690,0.07009,0.00740,frames/frame_010787.jpg
10788,179.800000,,0,P,0.14915,0.33869,0.06990,0.00811,frames/frame_010788.jpg
10789,179.816667,,0,B,0.14522,0.34195,0.07008,0.00446,frames/frame_010789.jpg
10790,179.833333,,0,B,0.13947,0.35655,0.07012,0.00627,frames/frame_010790.jpg
10791,179.850000,,0,B,0.13462,0.37195,0.07030,0.00518,frames/frame_010791.jpg
10792,179.866667,,0,P,0.12917,0.38689,0.06963,0.00605,frames/frame_010792.jpg
10793,179.883333,,0,B,0.12717,0.38320,0.06964,0.00271,frames/frame_010793.jpg
10794,179.900000,,0,B,0.12316,0.40472,0.06969,0.00438,frames/frame_010794.jpg
10795,179.916667,,0,B,0.12025,0.41395,0.06971,0.00326,frames/frame_010795.jpg
10796,179.933333,,0,P,0.11598,0.43922,0.06953,0.00472,frames/frame_010796.jpg
10797,179.950000,,0,B,0.11403,0.45002,0.06955,0.00264,frames/frame_010797.jpg
10798,179.966667,,0,B,0.11373,0.44883,0.06977,0.00136,frames/frame_010798.jpg
10799,179.983333,,0,P,0.11085,0.47786,0.06966,0.00341,frames/frame_010799.jpg
10800,180.000000,,1,I,0.10881,0.49577,0.06971,0.00292,frames/frame_010800.jpg
10801,180.016667,,0,B,0.10885,0.49315,0.06968,0.00065,frames/frame_010801.jpg
10802,180.033333,,0,B,0.10810,0.50445,0.06969,0.00119,frames/frame_010802.jpg
10803,180.050000,,0,B,0.10803,0.50558,0.06970,0.00039,frames/frame_010803.jpg
10804,180.066667,,0,P,0.10606,0.53938,0.06997,0.00242,frames/frame_010804.jpg
10805,180.083333,,0,B,0.10603,0.53641,0.06995,0.00081,frames/frame_010805.jpg
10806,180.100000,,0,B,0.10561,0.53278,0.06989,0.00106,frames/frame_010806.jpg
10807,180.116667,,0,B,0.10556,0.53114,0.06985,0.00038,frames/frame_010807.jpg
10808,180.133333,,0,P,0.10456,0.54373,0.06990,0.00153,frames/frame_010808.jpg
10809,180.150000,,0,B,0.10436,0.52251,0.06990,0.00096,frames/frame_010809.jpg
10810,180.166667,,0,B,0.10428,0.52451,0.06990,0.00072,frames/frame_010810.jpg
10811,180.183333,,0,B,0.10426,0.51638,0.06992,0.00055,frames/frame_010811.jpg
10812,180.200000,,0,P,0.10350,0.52805,0.07010,0.00139,frames/frame_010812.jpg
10813,180.216667,,0,B,0.10357,0.50017,0.07007,0.00079,frames/frame_010813.jpg
10814,180.233333,,0,B,0.10343,0.50348,0.07008,0.00059,frames/frame_010814.jpg
10815,180.250000,,0,B,0.10346,0.49235,0.07008,0.00060,frames/frame_010815.jpg
10816,180.266667,,0,P,0.10283,0.50875,0.07015,0.00129,frames/frame_010816.jpg
10817,180.283333,,0,B,0.10285,0.49690,0.07011,0.00068,frames/frame_010817.jpg
10818,180.300000,,0,B,0.10279,0.49800,0.07011,0.00062,frames/frame_010818.jpg
10819,180.316667,,0,B,0.10280,0.49328,0.07016,0.00045,frames/frame_010819.jpg
10820,180.333333,,0,P,0.10249,0.50696,0.07022,0.00099,frames/frame_010820.jpg
10821,180.350000,,0,B,0.10262,0.49015,0.07023,0.00068,frames/frame_010821.jpg
10822,180.366667,,0,B,0.10254,0.49304,0.07012,0.00052,frames/frame_010822.jpg
10823,180.383333,,0,B,0.10255,0.49036,0.07005,0.00055,frames/frame_010823.jpg
10824,180.400000,,0,P,0.10235,0.49902,0.07004,0.00089,frames/frame_010824.jpg
10825,180.416667,,0,B,0.10246,0.48615,0.06995,0.00075,frames/frame_010825.jpg
10826,180.433333,,0,B,0.10242,0.48540,0.07000,0.00054,frames/frame_010826.jpg
10827,180.450000,,0,B,0.10240,0.48612,0.06998,0.00044,frames/frame_010827.jpg
10828,180.466667,,0,P,0.10217,0.49827,0.07005,0.00079,frames/frame_010828.jpg
10829,180.483333,,0,B,0.10231,0.49128,0.07008,0.00073,frames/frame_010829.jpg
10830,180.500000,,0,B,0.10231,0.49026,0.07012,0.00053,frames/frame_010830.jpg
10831,180.516667,,0,B,0.10231,0.48777,0.07001,0.00047,frames/frame_010831.jpg
10832,180.533333,,0,P,0.10218,0.49605,0.07002,0.00063,frames/frame_010832.jpg
10833,180.550000,,0,B,0.10227,0.48371,0.07002,0.00066,frames/frame_010833.jpg
10834,180.566667,,0,B,0.10227,0.48838,0.06998,0.00054,frames/frame_010834.jpg
10835,180.583333,,0,B,0.10228,0.48441,0.06994,0.00056,frames/frame_010835.jpg
10836,180.600000,,0,P,0.10213,0.49551,0.06988,0.00076,frames/frame_010836.jpg
10837,180.616667,,0,B,0.10222,0.48301,0.06983,0.00076,frames/frame_010837.jpg
10838,180.633333,,0,B,0.10222,0.48658,0.06993,0.00050,frames/frame_010838.jpg
10839,180.650000,,0,B,0.10226,0.48188,0.06996,0.00049,frames/frame_010839.jpg
10840,180.666667,,0,P,0.10212,0.48795,0.07001,0.00074,frames/frame_010840.jpg
10841,180.683333,,0,B,0.10226,0.48301,0.07002,0.00078,frames/frame_010841.jpg
10842,180.700000,,0,B,0.10229,0.48479,0.07012,0.00047,frames/frame_010842.jpg
10843,180.716667,,0,B,0.10226,0.48093,0.07007,0.00051,frames/frame_010843.jpg
10844,180.733333,,0,P,0.10207,0.48987,0.06999,0.00078,frames/frame_010844.jpg
10845,180.750000,,0,B,0.10216,0.48315,0.06991,0.00071,frames/frame_010845.jpg
10846,180.766667,,0,B,0.10215,0.48571,0.07000,0.00043,frames/frame_010846.jpg
10847,180.783333,,0,B,0.10218,0.48072,0.07000,0.00044,frames/frame_010847.jpg
10848,180.800000,,0,P,0.10195,0.48907,0.06983,0.00082,frames/frame_010848.jpg
10849,180.816667,,0,B,0.10209,0.48202,0.06973,0.00079,frames/frame_010849.jpg
10850,180.833333,,0,B,0.10208,0.48459,0.06972,0.00039,frames/frame_010850.jpg
10851,180.850000,,0,B,0.10212,0.48509,0.06977,0.00048,frames/frame_010851.jpg
10852,180.866667,,0,P,0.10197,0.48950,0.06978,0.00074,frames/frame_010852.jpg
10853,180.883333,,0,B,0.10214,0.48367,0.06976,0.00077,frames/frame_010853.jpg
10854,180.900000,,0,B,0.10214,0.48522,0.06973,0.00034,frames/frame_010854.jpg
10855,180.916667,,0,B,0.10218,0.48334,0.06971,0.00039,frames/frame_010855.jpg
10856,180.933333,,0,P,0.10204,0.48664,0.06975,0.00068,frames/frame_010856.jpg
10857,180.950000,,0,B,0.10221,0.48382,0.06981,0.00077,frames/frame_010857.jpg
10858,180.966667,,0,B,0.10220,0.48395,0.06985,0.00037,frames/frame_010858.jpg
10859,180.983333,,0,B,0.10224,0.48242,0.06980,0.00039,frames/frame_010859.jpg
10860,181.000000,,0,P,0.10211,0.49100,0.06996,0.00061,frames/frame_010860.jpg
10861,181.016667,,0,B,0.10224,0.48625,0.06986,0.00067,frames/frame_010861.jpg
10862,181.033333,,0,B,0.10223,0.48577,0.06991,0.00036,frames/frame_010862.jpg
10863,181.050000,,0,B,0.10222,0.48577,0.06995,0.00042,frames/frame_010863.jpg
10864,181.066667,,0,P,0.10205,0.48575,0.06978,0.00061,frames/frame_010864.jpg
10865,181.083333,,0,B,0.10217,0.48365,0.06977,0.00066,frames/frame_010865.jpg
10866,181.100000,,0,B,0.10220,0.48344,0.06977,0.00036,frames/frame_010866.jpg
10867,181.116667,,0,B,0.10221,0.48486,0.06976,0.00036,frames/frame_010867.jpg
10868,181.133333,,0,P,0.10212,0.48352,0.06968,0.00059,frames/frame_010868.jpg
10869,181.150000,,0,B,0.10228,0.47963,0.06968,0.00067,frames/frame_010869.jpg
10870,181.166667,,0,B,0.10230,0.48048,0.06964,0.00031,frames/frame_010870.jpg
10871,181.183333,,0,B,0.10234,0.47900,0.06965,0.00035,frames/frame_010871.jpg
10872,181.200000,,0,P,0.10225,0.48257,0.06969,0.00054,frames/frame_010872.jpg
10873,181.216667,,0,B,0.10225,0.48253,0.06969,0.00017,frames/frame_010873.jpg
10874,181.233333,,0,P,0.52146,0.22202,0.04602,0.41566,frames/frame_010874.jpg
10875,181.250000,,0,P,0.49290,0.22455,0.05703,0.03827,frames/frame_010875.jpg
10876,181.266667,,0,B,0.46906,0.22367,0.06059,0.03268,frames/frame_010876.jpg
10877,181.283333,,0,P,0.43856,0.22843,0.05933,0.03176,frames/frame_010877.jpg
10878,181.300000,,0,B,0.41173,0.23685,0.05845,0.02645,frames/frame_010878.jpg
10879,181.316667,,0,B,0.38630,0.22229,0.05759,0.02234,frames/frame_010879.jpg
10880,181.333333,,0,P,0.35956,0.23049,0.05660,0.02684,frames/frame_010880.jpg
10881,181.350000,,0,B,0.33857,0.22446,0.05570,0.01891,frames/frame_010881.jpg
10882,181.366667,,0,B,0.31591,0.23588,0.05517,0.02262,frames/frame_010882.jpg
10883,181.383333,,0,B,0.29684,0.23924,0.05410,0.01879,frames/frame_010883.jpg
10884,181.400000,,0,P,0.27654,0.24896,0.05318,0.02071,frames/frame_010884.jpg
10885,181.416667,,0,B,0.26147,0.24967,0.05256,0.01415,frames/frame_010885.jpg
10886,181.433333,,0,B,0.24459,0.26043,0.05208,0.01710,frames/frame_010886.jpg
10887,181.450000,,0,B,0.23122,0.26291,0.05151,0.01253,frames/frame_010887.jpg
10888,181.466667,,0,P,0.21546,0.27775,0.05086,0.01613,frames/frame_010888.jpg
10889,181.483333,,0,B,0.20456,0.27229,0.05025,0.01039,frames/frame_010889.jpg
10890,181.500000,,0,B,0.19183,0.28480,0.04990,0.01291,frames/frame_010890.jpg
10891,181.516667,,0,B,0.18274,0.28504,0.04960,0.00868,frames/frame_010891.jpg
10892,181.533333,,0,P,0.17140,0.30515,0.04929,0.01159,frames/frame_010892.jpg
10893,181.550000,,0,B,0.16409,0.30876,0.04910,0.00718,frames/frame_010893.jpg
10894,181.566667,,0,B,0.15446,0.33288,0.04933,0.00975,frames/frame_010894.jpg
10895,181.583333,,0,B,0.14814,0.31927,0.04871,0.00578,frames/frame_010895.jpg
10896,181.600000,,0,P,0.14095,0.34007,0.04844,0.00740,frames/frame_010896.jpg
10897,181.616667,,0,B,0.13567,0.35020,0.04865,0.00559,frames/frame_010897.jpg
10898,181.633333,,0,B,0.12897,0.35995,0.04839,0.00755,frames/frame_010898.jpg
10899,181.650000,,0,B,0.12442,0.37582,0.04810,0.00491,frames/frame_010899.jpg
10900,181.666667,,0,P,0.11898,0.39640,0.04770,0.00596,frames/frame_010900.jpg
10901,181.683333,,0,B,0.11607,0.38788,0.04791,0.00335,frames/frame_010901.jpg
10902,181.700000,,0,B,0.11189,0.41276,0.04757,0.00453,frames/frame_010902.jpg
10903,181.716667,,0,B,0.10843,0.42661,0.04754,0.00375,frames/frame_010903.jpg
10904,181.733333,,0,P,0.10404,0.46217,0.04758,0.00476,frames/frame_010904.jpg
10905,181.750000,,0,B,0.10320,0.46625,0.04758,0.00162,frames/frame_010905.jpg
10906,181.766667,,0,B,0.10073,0.49414,0.04726,0.00285,frames/frame_010906.jpg
10907,181.783333,,0,B,0.09993,0.50243,0.04712,0.00136,frames/frame_010907.jpg
10908,181.800000,,0,P,0.09670,0.54732,0.04712,0.00368,frames/frame_010908.jpg
10909,181.816667,,0,B,0.09656,0.54502,0.04699,0.00076,frames/frame_010909.jpg
10910,181.833333,,0,B,0.09582,0.55749,0.04698,0.00135,frames/frame_010910.jpg
10911,181.850000,,0,B,0.09575,0.54489,0.04705,0.00076,frames/frame_010911.jpg
10912,181.866667,,0,P,0.09330,0.58149,0.04731,0.00293,frames/frame_010912.jpg
10913,181.883333,,0,B,0.09321,0.53492,0.04720,0.00096,frames/frame_010913.jpg
10914,181.900000,,0,B,0.09253,0.54193,0.04751,0.00126,frames/frame_010914.jpg
10915,181.916667,,0,B,0.09270,0.47057,0.04745,0.00110,frames/frame_010915.jpg
10916,181.933333,,0,P,0.09175,0.47300,0.04737,0.00166,frames/frame_010916.jpg
10917,181.950000,,0,B,0.09170,0.43639,0.04737,0.00079,frames/frame_010917.jpg
10918,181.966667,,0,B,0.09137,0.43788,0.04742,0.00087,frames/frame_010918.jpg
10919,181.983333,,0,B,0.09143,0.40833,0.04746,0.00085,frames/frame_010919.jpg
10920,182.000000,,0,P,0.09051,0.41804,0.04769,0.00159,frames/frame_010920.jpg
10921,182.016667,,0,B,0.09043,0.40491,0.04774,0.00070,frames/frame_010921.jpg
10922,182.033333,,0,B,0.09025,0.40915,0.04774,0.00069,frames/frame_010922.jpg
10923,182.050000,,0,B,0.09036,0.39737,0.04787,0.00064,frames/frame_010923.jpg
10924,182.066667,,0,P,0.08962,0.40956,0.04765,0.00139,frames/frame_010924.jpg
10925,182.083333,,0,B,0.08961,0.39886,0.04774,0.00061,frames/frame_010925.jpg
10926,182.100000,,0,B,0.08952,0.40043,0.04782,0.00060,frames/frame_010926.jpg
10927,182.116667,,0,B,0.08954,0.39825,0.04779,0.00046,frames/frame_010927.jpg
10928,182.133333,,0,P,0.08919,0.40743,0.04784,0.00089,frames/frame_010928.jpg
10929,182.150000,,0,B,0.08923,0.40101,0.04787,0.00051,frames/frame_010929.jpg
10930,182.166667,,0,B,0.08912,0.40257,0.04779,0.00051,frames/frame_010930.jpg
10931,182.183333,,0,B,0.08915,0.39906,0.04777,0.00049,frames/frame_010931.jpg
10932,182.200000,,0,P,0.08870,0.40893,0.04782,0.00099,frames/frame_010932.jpg
10933,182.216667,,0,B,0.08873,0.39543,0.04781,0.00052,frames/frame_010933.jpg
10934,182.233333,,0,B,0.08867,0.39995,0.04780,0.00046,frames/frame_010934.jpg
10935,182.250000,,0,B,0.08869,0.39494,0.04776,0.00043,frames/frame_010935.jpg
10936,182.266667,,0,P,0.08826,0.40436,0.04772,0.00089,frames/frame_010936.jpg
10937,182.283333,,0,B,0.08831,0.39613,0.04780,0.00050,frames/frame_010937.jpg
10938,182.300000,,0,B,0.08823,0.40037,0.04778,0.00040,frames/frame_010938.jpg
10939,182.316667,,0,B,0.08822,0.39447,0.04777,0.00040,frames/frame_010939.jpg
10940,182.333333,,0,P,0.08801,0.39745,0.04786,0.00072,frames/frame_010940.jpg
10941,182.350000,,0,B,0.08805,0.39109,0.04793,0.00049,frames/frame_010941.jpg
10942,182.366667,,0,B,0.08801,0.39249,0.04783,0.00038,frames/frame_010942.jpg
10943,182.383333,,0,B,0.08802,0.38963,0.04782,0.00041,frames/frame_010943.jpg
10944,182.400000,,0,P,0.08785,0.39488,0.04780,0.00065,frames/frame_010944.jpg
10945,182.416667,,0,B,0.08788,0.38902,0.04784,0.00052,frames/frame_010945.jpg
10946,182.433333,,0,B,0.08785,0.39074,0.04787,0.00040,frames/frame_010946.jpg
10947,182.450000,,0,B,0.08788,0.39119,0.04788,0.00033,frames/frame_010947.jpg
10948,182.466667,,0,P,0.08765,0.39696,0.04781,0.00068,frames/frame_010948.jpg
10949,182.483333,,0,B,0.08766,0.39193,0.04771,0.00051,frames/frame_010949.jpg
10950,182.500000,,0,B,0.08765,0.39192,0.04780,0.00041,frames/frame_010950.jpg
10951,182.516667,,0,B,0.08762,0.38896,0.04776,0.00040,frames/frame_010951.jpg
10952,182.533333,,0,P,0.08741,0.39684,0.04762,0.00073,frames/frame_010952.jpg
10953,182.550000,,0,B,0.08740,0.38985,0.04767,0.00053,frames/frame_010953.jpg
10954,182.566667,,0,B,0.08735,0.39301,0.04766,0.00045,frames/frame_010954.jpg
10955,182.583333,,0,B,0.08741,0.39232,0.04761,0.00049,frames/frame_010955.jpg
10956,182.600000,,0,P,0.08722,0.39472,0.04756,0.00062,frames/frame_010956.jpg
10957,182.616667,,0,B,0.08724,0.38787,0.04764,0.00050,frames/frame_010957.jpg
10958,182.633333,,0,B,0.08716,0.38779,0.04768,0.00040,frames/frame_010958.jpg
10959,182.650000,,0,B,0.08717,0.38839,0.04766,0.00042,frames/frame_010959.jpg
10960,182.666667,,0,P,0.08691,0.39671,0.04756,0.00078,frames/frame_010960.jpg
10961,182.683333,,0,B,0.08693,0.39399,0.04757,0.00046,frames/frame_010961.jpg
10962,182.700000,,0,B,0.08685,0.39659,0.04767,0.00049,frames/frame_010962.jpg
10963,182.716667,,0,B,0.08687,0.39527,0.04755,0.00045,frames/frame_010963.jpg
10964,182.733333,,0,P,0.08671,0.40060,0.04755,0.00067,frames/frame_010964.jpg
10965,182.750000,,0,B,0.08676,0.39066,0.04752,0.00055,frames/frame_010965.jpg
10966,182.766667,,0,B,0.08668,0.39047,0.04750,0.00046,frames/frame_010966.jpg
10967,182.783333,,0,B,0.08672,0.38731,0.04750,0.00048,frames/frame_010967.jpg
10968,182.800000,,0,P,0.08657,0.39008,0.04754,0.00076,frames/frame_010968.jpg
10969,182.816667,,0,B,0.08658,0.38876,0.04757,0.00048,frames/frame_010969.jpg
10970,182.833333,,0,B,0.08654,0.38953,0.04757,0.00042,frames/frame_010970.jpg
10971,182.850000,,0,B,0.08653,0.38583,0.04756,0.00042,frames/frame_010971.jpg
10972,182.866667,,0,P,0.08633,0.39137,0.04755,0.00064,frames/frame_010972.jpg
10973,182.883333,,0,B,0.08640,0.38654,0.04761,0.00051,frames/frame_010973.jpg
10974,182.900000,,0,B,0.08634,0.38825,0.04767,0.00044,frames/frame_010974.jpg
10975,182.916667,,0,B,0.08634,0.38822,0.04764,0.00041,frames/frame_010975.jpg
10976,182.933333,,0,P,0.08623,0.39188,0.04758,0.00052,frames/frame_010976.jpg
10977,182.950000,,0,B,0.08623,0.39436,0.04772,0.00043,frames/frame_010977.jpg
10978,182.966667,,0,B,0.08629,0.38555,0.04770,0.00044,frames/frame_010978.jpg
10979,182.983333,,0,P,0.08615,0.38924,0.04762,0.00057,frames/frame_010979.jpg
10980,183.000000,,1,I,0.08605,0.38761,0.04759,0.00208,frames/frame_010980.jpg
10981,183.016667,,0,B,0.08610,0.38340,0.04763,0.00032,frames/frame_010981.jpg
10982,183.033333,,0,B,0.08609,0.38639,0.04767,0.00026,frames/frame_010982.jpg
10983,183.050000,,0,B,0.08610,0.38347,0.04770,0.00025,frames/frame_010983.jpg
10984,183.066667,,0,P,0.08606,0.38594,0.04765,0.00045,frames/frame_010984.jpg
10985,183.083333,,0,B,0.08617,0.37907,0.04765,0.00046,frames/frame_010985.jpg
10986,183.100000,,0,B,0.08613,0.38450,0.04773,0.00035,frames/frame_010986.jpg
10987,183.116667,,0,B,0.08614,0.38132,0.04767,0.00032,frames/frame_010987.jpg
10988,183.133333,,0,P,0.08598,0.38250,0.04768,0.00046,frames/frame_010988.jpg
10989,183.150000,,0,B,0.08613,0.38066,0.04776,0.00055,frames/frame_010989.jpg
10990,183.166667,,0,B,0.08605,0.38672,0.04772,0.00031,frames/frame_010990.jpg
10991,183.183333,,0,B,0.08610,0.38019,0.04775,0.00033,frames/frame_010991.jpg
10992,183.200000,,0,P,0.08579,0.38656,0.04765,0.00067,frames/frame_010992.jpg
10993,183.216667,,0,B,0.08591,0.38111,0.04769,0.00046,frames/frame_010993.jpg
10994,183.233333,,0,B,0.08586,0.38348,0.04767,0.00033,frames/frame_010994.jpg
10995,183.250000,,0,B,0.08589,0.38225,0.04764,0.00030,frames/frame_010995.jpg
10996,183.266667,,0,P,0.08574,0.38662,0.04760,0.00049,frames/frame_010996.jpg
10997,183.283333,,0,B,0.08585,0.37977,0.04764,0.00059,frames/frame_010997.jpg
10998,183.300000,,0,B,0.08580,0.37818,0.04754,0.00037,frames/frame_010998.jpg
10999,183.316667,,0,B,0.08585,0.37988,0.04765,0.00045,frames/frame_010999.jpg
11000,183.333333,,0,P,0.08575,0.38667,0.04760,0.00067,frames/frame_011000.jpg
11001,183.350000,,0,B,0.08581,0.38566,0.04757,0.00049,frames/frame_011001.jpg
11002,183.366667,,0,B,0.08575,0.38808,0.04757,0.00031,frames/frame_011002.jpg
11003,183.383333,,0,B,0.08581,0.38295,0.04750,0.00042,frames/frame_011003.jpg
11004,183.400000,,0,P,0.08572,0.38509,0.04751,0.00041,frames/frame_011004.jpg
11005,183.416667,,0,B,0.08576,0.38396,0.04753,0.00035,frames/frame_011005.jpg
11006,183.433333,,0,B,0.08571,0.38666,0.04758,0.00028,frames/frame_011006.jpg
11007,183.450000,,0,B,0.08565,0.38232,0.04739,0.00038,frames/frame_011007.jpg
11008,183.466667,,0,P,0.08551,0.38566,0.04727,0.00045,frames/frame_011008.jpg
11009,183.483333,,0,B,0.08553,0.38689,0.04735,0.00038,frames/frame_011009.jpg
11010,183.500000,,0,B,0.08551,0.38572,0.04730,0.00028,frames/frame_011010.jpg
11011,183.516667,,0,B,0.08551,0.38333,0.04727,0.00030,frames/frame_011011.jpg
11012,183.533333,,0,P,0.08541,0.38564,0.04718,0.00043,frames/frame_011012.jpg
11013,183.550000,,0,B,0.08545,0.38050,0.04724,0.00038,frames/frame_011013.jpg
11014,183.566667,,0,B,0.08542,0.38310,0.04723,0.00029,frames/frame_011014.jpg
11015,183.583333,,0,B,0.08542,0.38284,0.04713,0.00030,frames/frame_011015.jpg
11016,183.600000,,0,P,0.08534,0.38958,0.04713,0.00047,frames/frame_011016.jpg
11017,183.616667,,0,B,0.08541,0.38606,0.04714,0.00051,frames/frame_011017.jpg
11018,183.633333,,0,B,0.08541,0.38812,0.04719,0.00026,frames/frame_011018.jpg
11019,183.650000,,0,B,0.08541,0.38738,0.04710,0.00021,frames/frame_011019.jpg
11020,183.666667,,0,P,0.08524,0.38926,0.04693,0.00047,frames/frame_011020.jpg
11021,183.683333,,0,B,0.08529,0.38661,0.04691,0.00044,frames/frame_011021.jpg
11022,183.700000,,0,B,0.08528,0.38667,0.04694,0.00028,frames/frame_011022.jpg
11023,183.716667,,0,B,0.08526,0.38372,0.04680,0.00033,frames/frame_011023.jpg
11024,183.733333,,0,P,0.08515,0.38714,0.04681,0.00043,frames/frame_011024.jpg
11025,183.750000,,0,B,0.08524,0.38386,0.04677,0.00044,frames/frame_011025.jpg
11026,183.766667,,0,B,0.08521,0.38489,0.04669,0.00030,frames/frame_011026.jpg
11027,183.783333,,0,B,0.08524,0.38116,0.04667,0.00032,frames/frame_011027.jpg
11028,183.800000,,0,P,0.08508,0.38905,0.04668,0.00051,frames/frame_011028.jpg
11029,183.816667,,0,B,0.08511,0.38218,0.04667,0.00047,frames/frame_011029.jpg
11030,183.833333,,0,B,0.08506,0.38276,0.04659,0.00023,frames/frame_011030.jpg
11031,183.850000,,0,B,0.08503,0.38314,0.04647,0.00036,frames/frame_011031.jpg
11032,183.866667,,0,P,0.08490,0.38200,0.04640,0.00049,frames/frame_011032.jpg
11033,183.883333,,0,B,0.08493,0.38244,0.04642,0.00049,frames/frame_011033.jpg
11034,183.900000,,0,B,0.08484,0.38124,0.04630,0.00040,frames/frame_011034.jpg
11035,183.916667,,0,B,0.08489,0.38197,0.04636,0.00041,frames/frame_011035.jpg
11036,183.933333,,0,P,0.08471,0.37856,0.04613,0.00089,frames/frame_011036.jpg
11037,183.950000,,0,B,0.08634,0.37129,0.04608,0.00387,frames/frame_011037.jpg
11038,183.966667,,0,B,0.08731,0.37683,0.04562,0.00624,frames/frame_011038.jpg
11039,183.983333,,0,B,0.09150,0.36071,0.04538,0.01282,frames/frame_011039.jpg
11040,184.000000,,0,P,0.09349,0.37795,0.04078,0.01437,frames/frame_011040.jpg
11041,184.016667,,0,B,0.09185,0.37796,0.03446,0.01664,frames/frame_011041.jpg
11042,184.033333,,0,P,0.08336,0.41794,0.02917,0.02023,frames/frame_011042.jpg
11043,184.050000,,0,P,0.08962,0.51741,0.03300,0.04697,frames/frame_011043.jpg
11044,184.066667,,0,B,0.08875,0.54095,0.03360,0.01993,frames/frame_011044.jpg
11045,184.083333,,0,B,0.08877,0.55582,0.03360,0.00099,frames/frame_011045.jpg
11046,184.100000,,0,B,0.08794,0.54403,0.03310,0.00145,frames/frame_011046.jpg
11047,184.116667,,0,P,0.08513,0.55419,0.03098,0.00327,frames/frame_011047.jpg
11048,184.133333,,0,B,0.07894,0.53130,0.02770,0.00696,frames/frame_011048.jpg
11049,184.150000,,0,B,0.06677,0.55423,0.02259,0.01249,frames/frame_011049.jpg
11050,184.166667,,0,B,0.04867,0.43100,0.01569,0.01877,frames/frame_011050.jpg
11051,184.183333,,0,P,0.02224,0.33593,0.00460,0.02608,frames/frame_011051.jpg
11052,184.200000,,0,B,0.02120,0.23986,0.00489,0.00732,frames/frame_011052.jpg
11053,184.216667,,0,B,0.01924,0.22289,0.00473,0.00245,frames/frame_011053.jpg
11054,184.233333,,0,B,0.01952,0.15185,0.00360,0.00270,frames/frame_011054.jpg
11055,184.250000,,0,P,0.01863,0.13396,0.00383,0.00172,frames/frame_011055.jpg
11056,184.266667,,0,B,0.01790,0.06726,0.00372,0.00130,frames/frame_011056.jpg
11057,184.283333,,0,P,0.01740,0.02311,0.00414,0.00110,frames/frame_011057.jpg
11058,184.300000,,0,B,0.01128,0.00465,0.00331,0.00626,frames/frame_011058.jpg
11059,184.316667,,0,B,0.00000,0.00000,0.00000,0.01126,frames/frame_011059.jpg
11060,184.333333,,0,B,0.00000,0.00000,0.00000,0.00000,frames/frame_011060.jpg
11061,184.350000,,0,P,0.00000,0.00000,0.00000,0.00000,frames/frame_011061.jpg
11062,184.366667,,0,B,0.00000,0.00000,0.00000,0.00000,frames/frame_011062.jpg
11063,184.383333,,0,P,0.00000,0.00000,0.00000,0.00000,frames/frame_011063.jpg
