frame,timestamp_seconds,duration_seconds,keyframe,pict_type,brightness_0_1,saturation_0_1,edge_energy_0_1,frame_delta_0_1,image
0,0.000000,,1,I,0.01964,0.00000,0.00168,0.00000,frames/frame_000000.jpg
1,0.016667,,0,B,0.03850,0.00000,0.00288,0.01886,frames/frame_000001.jpg
2,0.033333,,0,B,0.03850,0.00000,0.00288,0.00001,frames/frame_000002.jpg
3,0.050000,,0,B,0.03850,0.00000,0.00288,0.00000,frames/frame_000003.jpg
4,0.066667,,0,P,0.03850,0.00000,0.00287,0.00000,frames/frame_000004.jpg
5,0.083333,,0,B,0.03851,0.00000,0.00289,0.00002,frames/frame_000005.jpg
6,0.100000,,0,B,0.03851,0.00000,0.00289,0.00001,frames/frame_000006.jpg
7,0.116667,,0,B,0.03851,0.00000,0.00289,0.00001,frames/frame_000007.jpg
8,0.133333,,0,P,0.03748,0.00000,0.00304,0.00107,frames/frame_000008.jpg
9,0.150000,,0,B,0.03749,0.00000,0.00305,0.00002,frames/frame_000009.jpg
10,0.166667,,0,B,0.03749,0.00000,0.00306,0.00001,frames/frame_000010.jpg
11,0.183333,,0,B,0.03749,0.00000,0.00306,0.00001,frames/frame_000011.jpg
12,0.200000,,0,P,0.03748,0.00000,0.00307,0.00002,frames/frame_000012.jpg
13,0.216667,,0,B,0.03752,0.00000,0.00318,0.00005,frames/frame_000013.jpg
14,0.233333,,0,P,0.03880,0.03725,0.00408,0.00145,frames/frame_000014.jpg
15,0.250000,,0,P,0.11898,0.19758,0.02358,0.07751,frames/frame_000015.jpg
16,0.266667,,0,B,0.11303,0.25692,0.03864,0.02721,frames/frame_000016.jpg
17,0.283333,,0,P,0.10093,0.25982,0.04386,0.03173,frames/frame_000017.jpg
18,0.300000,,0,B,0.09383,0.28765,0.04308,0.02312,frames/frame_000018.jpg
19,0.316667,,0,P,0.08061,0.28415,0.04070,0.02185,frames/frame_000019.jpg
20,0.333333,,0,P,0.07765,0.28553,0.04004,0.01272,frames/frame_000020.jpg
21,0.350000,,0,P,0.07538,0.28735,0.04054,0.01126,frames/frame_000021.jpg
22,0.366667,,0,P,0.07257,0.29902,0.03829,0.00962,frames/frame_000022.jpg
23,0.383333,,0,B,0.07158,0.28741,0.03581,0.00700,frames/frame_000023.jpg
24,0.400000,,0,B,0.06998,0.29796,0.03506,0.00497,frames/frame_000024.jpg
25,0.416667,,0,B,0.06999,0.30423,0.03506,0.00407,frames/frame_000025.jpg
26,0.433333,,0,P,0.06850,0.33015,0.03572,0.00454,frames/frame_000026.jpg
27,0.450000,,0,B,0.06917,0.31832,0.03622,0.00365,frames/frame_000027.jpg
28,0.466667,,0,B,0.06881,0.31116,0.03663,0.00311,frames/frame_000028.jpg
29,0.483333,,0,B,0.06908,0.30704,0.03700,0.00265,frames/frame_000029.jpg
30,0.500000,,0,P,0.06782,0.31587,0.03732,0.00307,frames/frame_000030.jpg
31,0.516667,,0,B,0.06861,0.30271,0.03787,0.00272,frames/frame_000031.jpg
32,0.533333,,0,B,0.06846,0.30448,0.03809,0.00186,frames/frame_000032.jpg
33,0.550000,,0,B,0.06869,0.30340,0.03824,0.00175,frames/frame_000033.jpg
34,0.566667,,0,P,0.06784,0.30926,0.03782,0.00246,frames/frame_000034.jpg
35,0.583333,,0,B,0.06842,0.30606,0.03842,0.00253,frames/frame_000035.jpg
36,0.600000,,0,B,0.06818,0.30852,0.03872,0.00206,frames/frame_000036.jpg
37,0.616667,,0,B,0.06901,0.31145,0.03915,0.00299,frames/frame_000037.jpg
38,0.633333,,0,P,0.06864,0.32899,0.03863,0.00444,frames/frame_000038.jpg
39,0.650000,,0,B,0.06980,0.32493,0.03919,0.00388,frames/frame_000039.jpg
40,0.666667,,0,B,0.06979,0.32762,0.03905,0.00259,frames/frame_000040.jpg
41,0.683333,,0,B,0.07018,0.32770,0.03919,0.00169,frames/frame_000041.jpg
42,0.700000,,0,P,0.06946,0.33282,0.03891,0.00217,frames/frame_000042.jpg
43,0.716667,,0,B,0.07023,0.32236,0.03952,0.00279,frames/frame_000043.jpg
44,0.733333,,0,B,0.06984,0.32412,0.03946,0.00229,frames/frame_000044.jpg
45,0.750000,,0,B,0.07027,0.32267,0.03926,0.00324,frames/frame_000045.jpg
46,0.766667,,0,P,0.06950,0.33431,0.03991,0.00436,frames/frame_000046.jpg
47,0.783333,,0,B,0.07033,0.32566,0.04041,0.00589,frames/frame_000047.jpg
48,0.800000,,0,B,0.06884,0.32407,0.03990,0.00692,frames/frame_000048.jpg
49,0.816667,,0,B,0.06690,0.30341,0.03871,0.00857,frames/frame_000049.jpg
50,0.833333,,0,P,0.06311,0.27672,0.03876,0.00948,frames/frame_000050.jpg
51,0.850000,,0,B,0.06184,0.25317,0.03731,0.00914,frames/frame_000051.jpg
52,0.866667,,0,P,0.06016,0.25650,0.03765,0.00961,frames/frame_000052.jpg
53,0.883333,,0,B,0.05996,0.23998,0.03584,0.00977,frames/frame_000053.jpg
54,0.900000,,0,B,0.05958,0.22905,0.03661,0.00965,frames/frame_000054.jpg
55,0.916667,,0,B,0.05986,0.21476,0.03693,0.00905,frames/frame_000055.jpg
56,0.933333,,0,P,0.05943,0.21996,0.03786,0.00975,frames/frame_000056.jpg
57,0.950000,,0,B,0.06085,0.21343,0.03687,0.00876,frames/frame_000057.jpg
58,0.966667,,0,B,0.06018,0.20803,0.03756,0.00784,frames/frame_000058.jpg
59,0.983333,,0,B,0.06050,0.19782,0.03789,0.00693,frames/frame_000059.jpg
60,1.000000,,0,P,0.05855,0.19282,0.03836,0.00706,frames/frame_000060.jpg
61,1.016667,,0,B,0.05943,0.17454,0.03879,0.00526,frames/frame_000061.jpg
62,1.033333,,0,B,0.05881,0.17490,0.03856,0.00401,frames/frame_000062.jpg
63,1.050000,,0,B,0.05902,0.17315,0.03862,0.00330,frames/frame_000063.jpg
64,1.066667,,0,P,0.05783,0.18025,0.03813,0.00371,frames/frame_000064.jpg
65,1.083333,,0,B,0.05874,0.17260,0.03857,0.00380,frames/frame_000065.jpg
66,1.100000,,0,B,0.05778,0.17120,0.03823,0.00524,frames/frame_000066.jpg
67,1.116667,,0,B,0.05792,0.17471,0.03832,0.00717,frames/frame_000067.jpg
68,1.133333,,0,P,0.05748,0.18393,0.03772,0.00620,frames/frame_000068.jpg
69,1.150000,,0,B,0.05834,0.17360,0.03734,0.00356,frames/frame_000069.jpg
70,1.166667,,0,B,0.05809,0.16806,0.03649,0.00573,frames/frame_000070.jpg
71,1.183333,,0,B,0.05831,0.16831,0.03789,0.00823,frames/frame_000071.jpg
72,1.200000,,0,P,0.05699,0.17493,0.03680,0.00918,frames/frame_000072.jpg
73,1.216667,,0,B,0.05785,0.17523,0.03725,0.00955,frames/frame_000073.jpg
74,1.233333,,0,B,0.05741,0.16721,0.03641,0.00942,frames/frame_000074.jpg
75,1.250000,,0,B,0.05745,0.16440,0.03560,0.00922,frames/frame_000075.jpg
76,1.266667,,0,P,0.05687,0.17244,0.03855,0.00937,frames/frame_000076.jpg
77,1.283333,,0,B,0.05832,0.17237,0.03846,0.00816,frames/frame_000077.jpg
78,1.300000,,0,B,0.05777,0.17314,0.03704,0.00607,frames/frame_000078.jpg
79,1.316667,,0,B,0.05961,0.16227,0.03899,0.01073,frames/frame_000079.jpg
80,1.333333,,0,P,0.06137,0.15635,0.04638,0.02031,frames/frame_000080.jpg
81,1.350000,,0,P,0.06005,0.15087,0.04226,0.02475,frames/frame_000081.jpg
82,1.366667,,0,P,0.05680,0.15130,0.03250,0.02569,frames/frame_000082.jpg
83,1.383333,,0,P,0.05158,0.12474,0.02037,0.01766,frames/frame_000083.jpg
84,1.400000,,0,P,0.04705,0.12575,0.01224,0.00917,frames/frame_000084.jpg
85,1.416667,,0,P,0.04613,0.14784,0.00969,0.00676,frames/frame_000085.jpg
86,1.433333,,0,P,0.04754,0.15697,0.01190,0.00747,frames/frame_000086.jpg
87,1.450000,,0,P,0.04776,0.14308,0.01230,0.00870,frames/frame_000087.jpg
88,1.466667,,0,P,0.04875,0.13744,0.01544,0.00882,frames/frame_000088.jpg
89,1.483333,,0,P,0.05018,0.14227,0.02135,0.01012,frames/frame_000089.jpg
90,1.500000,,0,P,0.05215,0.15667,0.02421,0.01132,frames/frame_000090.jpg
91,1.516667,,0,B,0.05401,0.17624,0.02399,0.00621,frames/frame_000091.jpg
92,1.533333,,0,B,0.05549,0.19365,0.02646,0.00346,frames/frame_000092.jpg
93,1.550000,,0,B,0.05672,0.20192,0.02900,0.00313,frames/frame_000093.jpg
94,1.566667,,0,P,0.05671,0.20507,0.03090,0.00338,frames/frame_000094.jpg
95,1.583333,,0,B,0.05838,0.21188,0.03178,0.00377,frames/frame_000095.jpg
96,1.600000,,0,B,0.05834,0.21317,0.03202,0.00277,frames/frame_000096.jpg
97,1.616667,,0,B,0.05899,0.21537,0.03197,0.00290,frames/frame_000097.jpg
98,1.633333,,0,P,0.05842,0.21591,0.03193,0.00316,frames/frame_000098.jpg
99,1.650000,,0,B,0.05931,0.21736,0.03168,0.00343,frames/frame_000099.jpg
100,1.666667,,0,B,0.05905,0.21772,0.03160,0.00275,frames/frame_000100.jpg
101,1.683333,,0,B,0.05943,0.22000,0.03204,0.00270,frames/frame_000101.jpg
102,1.700000,,0,P,0.05864,0.22088,0.03238,0.00330,frames/frame_000102.jpg
103,1.716667,,0,B,0.05920,0.21458,0.03207,0.00379,frames/frame_000103.jpg
104,1.733333,,0,B,0.05837,0.21008,0.03186,0.00326,frames/frame_000104.jpg
105,1.750000,,0,B,0.05852,0.20724,0.03089,0.00330,frames/frame_000105.jpg
106,1.766667,,0,P,0.05739,0.20088,0.03019,0.00380,frames/frame_000106.jpg
107,1.783333,,0,P,0.05696,0.19739,0.02935,0.00441,frames/frame_000107.jpg
108,1.800000,,0,B,0.05662,0.19097,0.02796,0.00388,frames/frame_000108.jpg
109,1.816667,,0,B,0.05680,0.18374,0.02666,0.00375,frames/frame_000109.jpg
110,1.833333,,0,P,0.05582,0.18850,0.02627,0.00378,frames/frame_000110.jpg
111,1.850000,,0,B,0.05640,0.18443,0.02664,0.00390,frames/frame_000111.jpg
112,1.866667,,0,P,0.05616,0.19087,0.02690,0.00417,frames/frame_000112.jpg
113,1.883333,,0,B,0.05716,0.18681,0.02730,0.00539,frames/frame_000113.jpg
114,1.900000,,0,B,0.05590,0.17965,0.02747,0.00513,frames/frame_000114.jpg
115,1.916667,,0,B,0.05472,0.16038,0.02715,0.00431,frames/frame_000115.jpg
116,1.933333,,0,P,0.05397,0.15871,0.02745,0.00333,frames/frame_000116.jpg
117,1.950000,,0,B,0.05451,0.15613,0.02775,0.00271,frames/frame_000117.jpg
118,1.966667,,0,B,0.05478,0.15164,0.02775,0.00282,frames/frame_000118.jpg
119,1.983333,,0,B,0.05511,0.14354,0.02812,0.00236,frames/frame_000119.jpg
120,2.000000,,0,P,0.05451,0.13862,0.02828,0.00275,frames/frame_000120.jpg
121,2.016667,,0,B,0.05476,0.13500,0.02839,0.00151,frames/frame_000121.jpg
122,2.033333,,0,P,0.05435,0.06167,0.02433,0.02213,frames/frame_000122.jpg
123,2.050000,,0,P,0.05407,0.04664,0.02950,0.02321,frames/frame_000123.jpg
124,2.066667,,0,P,0.05378,0.04515,0.02986,0.02074,frames/frame_000124.jpg
125,2.083333,,0,P,0.05664,0.07857,0.03142,0.02027,frames/frame_000125.jpg
126,2.100000,,0,P,0.05936,0.09357,0.03131,0.01980,frames/frame_000126.jpg
127,2.116667,,0,P,0.06089,0.10831,0.03611,0.01949,frames/frame_000127.jpg
128,2.133333,,0,P,0.06158,0.11224,0.03689,0.01830,frames/frame_000128.jpg
129,2.150000,,0,P,0.06198,0.11457,0.03734,0.01675,frames/frame_000129.jpg
130,2.166667,,0,P,0.06246,0.11395,0.03626,0.01491,frames/frame_000130.jpg
131,2.183333,,0,P,0.06241,0.11699,0.03621,0.01245,frames/frame_000131.jpg
132,2.200000,,0,P,0.06241,0.12120,0.03595,0.01017,frames/frame_000132.jpg
133,2.216667,,0,P,0.06263,0.12542,0.03527,0.00892,frames/frame_000133.jpg
134,2.233333,,0,P,0.06289,0.13117,0.03521,0.00799,frames/frame_000134.jpg
135,2.250000,,0,P,0.06361,0.13545,0.03498,0.00703,frames/frame_000135.jpg
136,2.266667,,0,P,0.06372,0.14157,0.03469,0.00605,frames/frame_000136.jpg
137,2.283333,,0,B,0.06382,0.14780,0.03454,0.00521,frames/frame_000137.jpg
138,2.300000,,0,B,0.06448,0.14898,0.03495,0.00463,frames/frame_000138.jpg
139,2.316667,,0,P,0.06354,0.15253,0.03478,0.00430,frames/frame_000139.jpg
140,2.333333,,0,B,0.06435,0.15233,0.03458,0.00379,frames/frame_000140.jpg
141,2.350000,,0,B,0.06398,0.15119,0.03444,0.00321,frames/frame_000141.jpg
142,2.366667,,0,B,0.06425,0.15227,0.03490,0.00264,frames/frame_000142.jpg
143,2.383333,,0,P,0.06341,0.15531,0.03480,0.00316,frames/frame_000143.jpg
144,2.400000,,0,P,0.06343,0.15459,0.03555,0.00301,frames/frame_000144.jpg
145,2.416667,,0,B,0.06377,0.15444,0.03587,0.00164,frames/frame_000145.jpg
146,2.433333,,0,P,0.06380,0.15583,0.03621,0.00187,frames/frame_000146.jpg
147,2.450000,,0,P,0.06366,0.15178,0.03584,0.00285,frames/frame_000147.jpg
148,2.466667,,0,B,0.06313,0.14605,0.03450,0.00417,frames/frame_000148.jpg
149,2.483333,,0,B,0.06339,0.13816,0.03315,0.00351,frames/frame_000149.jpg
150,2.500000,,0,P,0.06047,0.13863,0.03188,0.00480,frames/frame_000150.jpg
151,2.516667,,0,B,0.06240,0.13475,0.03216,0.00412,frames/frame_000151.jpg
152,2.533333,,0,B,0.06306,0.13893,0.03329,0.00271,frames/frame_000152.jpg
153,2.550000,,0,B,0.06509,0.14160,0.03463,0.00363,frames/frame_000153.jpg
154,2.566667,,0,P,0.06540,0.14376,0.03522,0.00421,frames/frame_000154.jpg
155,2.583333,,0,B,0.06728,0.14264,0.03510,0.00367,frames/frame_000155.jpg
156,2.600000,,0,B,0.06740,0.14519,0.03491,0.00274,frames/frame_000156.jpg
157,2.616667,,0,B,0.06741,0.14352,0.03509,0.00235,frames/frame_000157.jpg
158,2.633333,,0,P,0.06650,0.14639,0.03514,0.00313,frames/frame_000158.jpg
159,2.650000,,0,B,0.06834,0.14437,0.03574,0.00337,frames/frame_000159.jpg
160,2.666667,,0,B,0.06902,0.14560,0.03621,0.00319,frames/frame_000160.jpg
161,2.683333,,0,B,0.07009,0.14663,0.03731,0.00340,frames/frame_000161.jpg
162,2.700000,,0,P,0.06949,0.14994,0.03682,0.00316,frames/frame_000162.jpg
163,2.716667,,0,B,0.07051,0.15083,0.03709,0.00351,frames/frame_000163.jpg
164,2.733333,,0,B,0.06958,0.14926,0.03735,0.00358,frames/frame_000164.jpg
165,2.750000,,0,B,0.07030,0.15333,0.03672,0.00337,frames/frame_000165.jpg
166,2.766667,,0,P,0.07007,0.15789,0.03686,0.00341,frames/frame_000166.jpg
167,2.783333,,0,B,0.07228,0.15718,0.03827,0.00448,frames/frame_000167.jpg
168,2.800000,,0,B,0.07272,0.15711,0.03865,0.00341,frames/frame_000168.jpg
169,2.816667,,0,B,0.07319,0.15379,0.03831,0.00323,frames/frame_000169.jpg
170,2.833333,,0,P,0.07169,0.15329,0.03768,0.00380,frames/frame_000170.jpg
171,2.850000,,0,B,0.07265,0.15104,0.03755,0.00390,frames/frame_000171.jpg
172,2.866667,,0,B,0.07207,0.15315,0.03748,0.00291,frames/frame_000172.jpg
173,2.883333,,0,B,0.07337,0.15430,0.03778,0.00356,frames/frame_000173.jpg
174,2.900000,,0,P,0.07356,0.15680,0.03854,0.00502,frames/frame_000174.jpg
175,2.916667,,0,B,0.07550,0.15404,0.03844,0.00416,frames/frame_000175.jpg
176,2.933333,,0,B,0.07509,0.15351,0.03813,0.00344,frames/frame_000176.jpg
177,2.950000,,0,B,0.07511,0.15422,0.03769,0.00345,frames/frame_000177.jpg
178,2.966667,,0,P,0.07368,0.15970,0.03846,0.00842,frames/frame_000178.jpg
179,2.983333,,0,P,0.07439,0.16444,0.03837,0.00323,frames/frame_000179.jpg
180,3.000000,,1,I,0.07400,0.17607,0.03965,0.00852,frames/frame_000180.jpg
181,3.016667,,0,B,0.07562,0.17176,0.04039,0.00406,frames/frame_000181.jpg
182,3.033333,,0,B,0.07456,0.16860,0.03997,0.00359,frames/frame_000182.jpg
183,3.050000,,0,B,0.07527,0.16950,0.04043,0.00248,frames/frame_000183.jpg
184,3.066667,,0,P,0.07505,0.17146,0.04103,0.00345,frames/frame_000184.jpg
185,3.083333,,0,B,0.07627,0.16629,0.04215,0.00375,frames/frame_000185.jpg
186,3.100000,,0,B,0.07524,0.16488,0.04192,0.00346,frames/frame_000186.jpg
187,3.116667,,0,B,0.07603,0.16539,0.04241,0.00286,frames/frame_000187.jpg
188,3.133333,,0,P,0.07632,0.17097,0.04272,0.00416,frames/frame_000188.jpg
189,3.150000,,0,B,0.07768,0.17141,0.04310,0.00396,frames/frame_000189.jpg
190,3.166667,,0,B,0.07669,0.16968,0.04354,0.00320,frames/frame_000190.jpg
191,3.183333,,0,B,0.07586,0.17084,0.04298,0.00575,frames/frame_000191.jpg
192,3.200000,,0,P,0.07526,0.17484,0.04255,0.00348,frames/frame_000192.jpg
193,3.216667,,0,B,0.07813,0.18988,0.04333,0.00488,frames/frame_000193.jpg
194,3.233333,,0,B,0.07955,0.19657,0.04394,0.00476,frames/frame_000194.jpg
195,3.250000,,0,B,0.08085,0.19618,0.04435,0.00483,frames/frame_000195.jpg
196,3.266667,,0,P,0.08017,0.19429,0.04373,0.00448,frames/frame_000196.jpg
197,3.283333,,0,B,0.08053,0.20043,0.04383,0.00583,frames/frame_000197.jpg
198,3.300000,,0,B,0.08015,0.20164,0.04323,0.00327,frames/frame_000198.jpg
199,3.316667,,0,B,0.08126,0.20564,0.04349,0.00371,frames/frame_000199.jpg
200,3.333333,,0,P,0.08065,0.20674,0.04363,0.00410,frames/frame_000200.jpg
201,3.350000,,0,B,0.08213,0.20675,0.04394,0.00452,frames/frame_000201.jpg
202,3.366667,,0,B,0.08185,0.20490,0.04365,0.00347,frames/frame_000202.jpg
203,3.383333,,0,B,0.08209,0.20408,0.04413,0.00275,frames/frame_000203.jpg
204,3.400000,,0,P,0.08159,0.20316,0.04426,0.00346,frames/frame_000204.jpg
205,3.416667,,0,B,0.08279,0.20301,0.04383,0.00320,frames/frame_000205.jpg
206,3.433333,,0,B,0.08277,0.20126,0.04529,0.00487,frames/frame_000206.jpg
207,3.450000,,0,B,0.08348,0.20016,0.04591,0.00305,frames/frame_000207.jpg
208,3.466667,,0,P,0.08251,0.19994,0.04571,0.00362,frames/frame_000208.jpg
209,3.483333,,0,B,0.08328,0.19902,0.04639,0.00351,frames/frame_000209.jpg
210,3.500000,,0,B,0.08313,0.19967,0.04688,0.00335,frames/frame_000210.jpg
211,3.516667,,0,B,0.08360,0.19919,0.04744,0.00270,frames/frame_000211.jpg
212,3.533333,,0,P,0.08310,0.20419,0.04773,0.00364,frames/frame_000212.jpg
213,3.550000,,0,B,0.08344,0.20077,0.04807,0.00249,frames/frame_000213.jpg
214,3.566667,,0,P,0.08298,0.19948,0.04829,0.00256,frames/frame_000214.jpg
215,3.583333,,0,B,0.08299,0.19902,0.04816,0.00209,frames/frame_000215.jpg
216,3.600000,,0,B,0.08382,0.19475,0.04817,0.00252,frames/frame_000216.jpg
217,3.616667,,0,P,0.08351,0.19751,0.04837,0.00269,frames/frame_000217.jpg
218,3.633333,,0,B,0.08394,0.19537,0.04836,0.00242,frames/frame_000218.jpg
219,3.650000,,0,P,0.09009,0.17435,0.05416,0.01927,frames/frame_000219.jpg
220,3.666667,,0,P,0.09297,0.19553,0.06289,0.03408,frames/frame_000220.jpg
221,3.683333,,0,P,0.14611,0.24397,0.07276,0.06620,frames/frame_000221.jpg
222,3.700000,,0,P,0.14838,0.25191,0.07920,0.03680,frames/frame_000222.jpg
223,3.716667,,0,P,0.14749,0.26243,0.08127,0.03091,frames/frame_000223.jpg
224,3.733333,,0,P,0.14559,0.27364,0.08200,0.02472,frames/frame_000224.jpg
225,3.750000,,0,P,0.14783,0.28636,0.07852,0.02158,frames/frame_000225.jpg
226,3.766667,,0,P,0.15037,0.29577,0.08039,0.01852,frames/frame_000226.jpg
227,3.783333,,0,B,0.15276,0.30465,0.08014,0.01354,frames/frame_000227.jpg
228,3.800000,,0,B,0.15364,0.31044,0.08101,0.00885,frames/frame_000228.jpg
229,3.816667,,0,B,0.15536,0.31477,0.08197,0.00716,frames/frame_000229.jpg
230,3.833333,,0,P,0.15483,0.32602,0.08290,0.00748,frames/frame_000230.jpg
231,3.850000,,0,B,0.15563,0.32843,0.08283,0.00610,frames/frame_000231.jpg
232,3.866667,,0,B,0.15506,0.33077,0.08327,0.00529,frames/frame_000232.jpg
233,3.883333,,0,B,0.15653,0.33218,0.08363,0.01491,frames/frame_000233.jpg
234,3.900000,,0,P,0.15494,0.33704,0.08442,0.00702,frames/frame_000234.jpg
235,3.916667,,0,B,0.15491,0.33209,0.08503,0.00568,frames/frame_000235.jpg
236,3.933333,,0,B,0.15370,0.33632,0.08529,0.00565,frames/frame_000236.jpg
237,3.950000,,0,B,0.15266,0.33682,0.08553,0.00582,frames/frame_000237.jpg
238,3.966667,,0,P,0.14948,0.33961,0.08458,0.00699,frames/frame_000238.jpg
239,3.983333,,0,B,0.14773,0.33425,0.08329,0.00681,frames/frame_000239.jpg
240,4.000000,,0,B,0.14387,0.33383,0.08121,0.00763,frames/frame_000240.jpg
241,4.016667,,0,B,0.14302,0.33495,0.08122,0.00558,frames/frame_000241.jpg
242,4.033333,,0,P,0.13992,0.32812,0.08248,0.00696,frames/frame_000242.jpg
243,4.050000,,0,B,0.13990,0.32967,0.08231,0.00614,frames/frame_000243.jpg
244,4.066667,,0,B,0.17301,0.38403,0.09840,0.03562,frames/frame_000244.jpg
245,4.083333,,0,B,0.17490,0.38333,0.09856,0.00813,frames/frame_000245.jpg
246,4.100000,,0,P,0.17361,0.39250,0.09748,0.00770,frames/frame_000246.jpg
247,4.116667,,0,B,0.17301,0.38384,0.09714,0.00739,frames/frame_000247.jpg
248,4.133333,,0,B,0.17137,0.38885,0.09663,0.00630,frames/frame_000248.jpg
249,4.150000,,0,B,0.17110,0.38805,0.09714,0.00586,frames/frame_000249.jpg
250,4.166667,,0,P,0.16900,0.39492,0.09696,0.00642,frames/frame_000250.jpg
251,4.183333,,0,B,0.16912,0.39352,0.09688,0.00601,frames/frame_000251.jpg
252,4.200000,,0,B,0.16822,0.39405,0.09622,0.00534,frames/frame_000252.jpg
253,4.216667,,0,B,0.16821,0.39363,0.09588,0.00513,frames/frame_000253.jpg
254,4.233333,,0,P,0.16672,0.39772,0.09543,0.00552,frames/frame_000254.jpg
255,4.250000,,0,B,0.16712,0.39298,0.09529,0.00534,frames/frame_000255.jpg
256,4.266667,,0,B,0.16589,0.39559,0.09414,0.00516,frames/frame_000256.jpg
257,4.283333,,0,B,0.16546,0.39334,0.09411,0.00480,frames/frame_000257.jpg
258,4.300000,,0,P,0.16326,0.39922,0.09414,0.00563,frames/frame_000258.jpg
259,4.316667,,0,B,0.16327,0.39327,0.09363,0.00541,frames/frame_000259.jpg
260,4.333333,,0,B,0.16178,0.39460,0.09310,0.00516,frames/frame_000260.jpg
261,4.350000,,0,B,0.16822,0.39893,0.10082,0.04556,frames/frame_000261.jpg
262,4.366667,,0,P,0.18725,0.45361,0.10540,0.05088,frames/frame_000262.jpg
263,4.383333,,0,P,0.19234,0.46456,0.10408,0.02808,frames/frame_000263.jpg
264,4.400000,,0,P,0.19366,0.46986,0.10636,0.01777,frames/frame_000264.jpg
265,4.416667,,0,B,0.19497,0.47011,0.10510,0.01222,frames/frame_000265.jpg
266,4.433333,,0,B,0.19472,0.47328,0.10490,0.00859,frames/frame_000266.jpg
267,4.450000,,0,B,0.19473,0.47358,0.10476,0.00594,frames/frame_000267.jpg
268,4.466667,,0,P,0.19300,0.47847,0.10482,0.00627,frames/frame_000268.jpg
269,4.483333,,0,B,0.19305,0.47384,0.10428,0.00480,frames/frame_000269.jpg
270,4.500000,,0,B,0.19165,0.47790,0.10288,0.00485,frames/frame_000270.jpg
271,4.516667,,0,B,0.19149,0.47780,0.10258,0.00369,frames/frame_000271.jpg
272,4.533333,,0,P,0.18981,0.48317,0.10239,0.00473,frames/frame_000272.jpg
273,4.550000,,0,B,0.19013,0.47878,0.10244,0.00461,frames/frame_000273.jpg
274,4.566667,,0,B,0.18926,0.48062,0.10285,0.00465,frames/frame_000274.jpg
275,4.583333,,0,B,0.18902,0.47838,0.10345,0.00594,frames/frame_000275.jpg
276,4.600000,,0,P,0.18726,0.48531,0.10333,0.00617,frames/frame_000276.jpg
277,4.616667,,0,B,0.18764,0.47933,0.10310,0.00615,frames/frame_000277.jpg
278,4.633333,,0,B,0.18657,0.48266,0.10224,0.00563,frames/frame_000278.jpg
279,4.650000,,0,B,0.18653,0.48045,0.10187,0.00549,frames/frame_000279.jpg
280,4.666667,,0,P,0.18507,0.48692,0.10135,0.00579,frames/frame_000280.jpg
281,4.683333,,0,B,0.18582,0.48041,0.10081,0.00567,frames/frame_000281.jpg
282,4.700000,,0,B,0.18551,0.48073,0.10013,0.00501,frames/frame_000282.jpg
283,4.716667,,0,B,0.18794,0.47865,0.10104,0.00659,frames/frame_000283.jpg
284,4.733333,,0,P,0.18924,0.47790,0.10239,0.00703,frames/frame_000284.jpg
285,4.750000,,0,B,0.19380,0.46457,0.10421,0.00814,frames/frame_000285.jpg
286,4.766667,,0,B,0.19741,0.45731,0.10626,0.00766,frames/frame_000286.jpg
287,4.783333,,0,B,0.20101,0.44710,0.10806,0.00571,frames/frame_000287.jpg
288,4.800000,,0,P,0.20321,0.44397,0.10997,0.00703,frames/frame_000288.jpg
289,4.816667,,0,B,0.20722,0.43144,0.11146,0.01049,frames/frame_000289.jpg
290,4.833333,,0,B,0.21155,0.41399,0.11426,0.01648,frames/frame_000290.jpg
291,4.850000,,0,P,0.21472,0.41170,0.11847,0.02468,frames/frame_000291.jpg
292,4.866667,,0,B,0.21964,0.39239,0.12141,0.03590,frames/frame_000292.jpg
293,4.883333,,0,P,0.22268,0.38746,0.11955,0.04702,frames/frame_000293.jpg
294,4.900000,,0,P,0.22170,0.37530,0.11907,0.05732,frames/frame_000294.jpg
295,4.916667,,0,P,0.21899,0.36333,0.11704,0.06841,frames/frame_000295.jpg
296,4.933333,,0,P,0.21432,0.35202,0.10741,0.07824,frames/frame_000296.jpg
297,4.950000,,0,P,0.21024,0.33140,0.10232,0.09002,frames/frame_000297.jpg
298,4.966667,,0,P,0.21717,0.31307,0.10458,0.09933,frames/frame_000298.jpg
299,4.983333,,0,P,0.21740,0.28923,0.10109,0.11170,frames/frame_000299.jpg
300,5.000000,,0,P,0.19032,0.24092,0.08693,0.11315,frames/frame_000300.jpg
301,5.016667,,0,P,0.17404,0.22571,0.07889,0.10529,frames/frame_000301.jpg
302,5.033333,,0,P,0.15057,0.22478,0.06822,0.08789,frames/frame_000302.jpg
303,5.050000,,0,P,0.12963,0.21733,0.06054,0.06867,frames/frame_000303.jpg
304,5.066667,,0,P,0.11208,0.21965,0.05941,0.05193,frames/frame_000304.jpg
305,5.083333,,0,P,0.09485,0.22050,0.05049,0.04311,frames/frame_000305.jpg
306,5.100000,,0,P,0.08360,0.23126,0.04777,0.03020,frames/frame_000306.jpg
307,5.116667,,0,P,0.07518,0.22380,0.04460,0.02503,frames/frame_000307.jpg
308,5.133333,,0,P,0.06851,0.22363,0.03953,0.02032,frames/frame_000308.jpg
309,5.150000,,0,P,0.06535,0.22738,0.03911,0.01500,frames/frame_000309.jpg
310,5.166667,,0,P,0.06555,0.22947,0.03745,0.00951,frames/frame_000310.jpg
311,5.183333,,0,B,0.06690,0.22847,0.03947,0.00742,frames/frame_000311.jpg
312,5.200000,,0,B,0.06709,0.22854,0.03867,0.00506,frames/frame_000312.jpg
313,5.216667,,0,B,0.06798,0.23130,0.03812,0.00350,frames/frame_000313.jpg
314,5.233333,,0,P,0.06787,0.23377,0.03810,0.00313,frames/frame_000314.jpg
315,5.250000,,0,B,0.06859,0.23372,0.03852,0.00178,frames/frame_000315.jpg
316,5.266667,,0,B,0.07014,0.23076,0.03863,0.00280,frames/frame_000316.jpg
317,5.283333,,0,P,0.07083,0.23259,0.03887,0.00307,frames/frame_000317.jpg
318,5.300000,,0,B,0.07322,0.23625,0.03957,0.00416,frames/frame_000318.jpg
319,5.316667,,0,B,0.07623,0.24307,0.04052,0.00445,frames/frame_000319.jpg
320,5.333333,,0,P,0.07758,0.25392,0.04071,0.00353,frames/frame_000320.jpg
321,5.350000,,0,B,0.07926,0.25084,0.04180,0.00334,frames/frame_000321.jpg
322,5.366667,,0,B,0.07926,0.24883,0.04240,0.00299,frames/frame_000322.jpg
323,5.383333,,0,B,0.08024,0.24665,0.04371,0.00277,frames/frame_000323.jpg
324,5.400000,,0,P,0.08010,0.24588,0.04443,0.00334,frames/frame_000324.jpg
325,5.416667,,0,B,0.08164,0.24192,0.04514,0.00358,frames/frame_000325.jpg
326,5.433333,,0,B,0.08176,0.23521,0.04536,0.00281,frames/frame_000326.jpg
327,5.450000,,0,B,0.08334,0.24171,0.04662,0.00379,frames/frame_000327.jpg
328,5.466667,,0,P,0.08422,0.24224,0.04717,0.00544,frames/frame_000328.jpg
329,5.483333,,0,B,0.08633,0.25380,0.04880,0.00755,frames/frame_000329.jpg
330,5.500000,,0,P,0.08629,0.25174,0.04920,0.00786,frames/frame_000330.jpg
331,5.516667,,0,B,0.08792,0.23697,0.05003,0.00572,frames/frame_000331.jpg
332,5.533333,,0,B,0.08816,0.24202,0.05018,0.00456,frames/frame_000332.jpg
333,5.550000,,0,B,0.08870,0.23030,0.05075,0.00365,frames/frame_000333.jpg
334,5.566667,,0,P,0.08776,0.23677,0.04951,0.00705,frames/frame_000334.jpg
335,5.583333,,0,B,0.08920,0.23250,0.04956,0.00355,frames/frame_000335.jpg
336,5.600000,,0,B,0.08978,0.23154,0.05084,0.00359,frames/frame_000336.jpg
337,5.616667,,0,B,0.09071,0.23205,0.05148,0.00408,frames/frame_000337.jpg
338,5.633333,,0,P,0.09037,0.23288,0.05175,0.00387,frames/frame_000338.jpg
339,5.650000,,0,B,0.09171,0.23578,0.05214,0.00384,frames/frame_000339.jpg
340,5.666667,,0,B,0.09202,0.23039,0.05246,0.00326,frames/frame_000340.jpg
341,5.683333,,0,B,0.09255,0.23170,0.05234,0.00410,frames/frame_000341.jpg
342,5.700000,,0,P,0.09345,0.23803,0.05057,0.01278,frames/frame_000342.jpg
343,5.716667,,0,B,0.09428,0.23626,0.05128,0.00243,frames/frame_000343.jpg
344,5.733333,,0,B,0.09430,0.23489,0.05111,0.00193,frames/frame_000344.jpg
345,5.750000,,0,B,0.09464,0.23346,0.05155,0.00204,frames/frame_000345.jpg
346,5.766667,,0,P,0.09443,0.23768,0.05189,0.00247,frames/frame_000346.jpg
347,5.783333,,0,B,0.09554,0.23235,0.05256,0.00277,frames/frame_000347.jpg
348,5.800000,,0,B,0.09570,0.23772,0.05319,0.00226,frames/frame_000348.jpg
349,5.816667,,0,B,0.09604,0.23652,0.05362,0.00213,frames/frame_000349.jpg
350,5.833333,,0,P,0.09565,0.23992,0.05390,0.00262,frames/frame_000350.jpg
351,5.850000,,0,B,0.09632,0.23860,0.05492,0.00270,frames/frame_000351.jpg
352,5.866667,,0,P,0.09609,0.24226,0.05521,0.00268,frames/frame_000352.jpg
353,5.883333,,0,P,0.08532,0.17862,0.05193,0.05246,frames/frame_000353.jpg
354,5.900000,,0,P,0.08846,0.18550,0.06163,0.05024,frames/frame_000354.jpg
355,5.916667,,0,P,0.08938,0.17747,0.06722,0.04388,frames/frame_000355.jpg
356,5.933333,,0,P,0.08614,0.17626,0.06473,0.03851,frames/frame_000356.jpg
357,5.950000,,0,P,0.08306,0.17877,0.06294,0.03037,frames/frame_000357.jpg
358,5.966667,,0,P,0.07956,0.17417,0.05791,0.02408,frames/frame_000358.jpg
359,5.983333,,0,P,0.07580,0.16763,0.05202,0.01877,frames/frame_000359.jpg
360,6.000000,,1,I,0.07062,0.19464,0.04448,0.01845,frames/frame_000360.jpg
361,6.016667,,0,B,0.07001,0.18385,0.04255,0.01021,frames/frame_000361.jpg
362,6.033333,,0,B,0.07010,0.18317,0.04177,0.00763,frames/frame_000362.jpg
363,6.050000,,0,P,0.06938,0.18157,0.04236,0.00697,frames/frame_000363.jpg
364,6.066667,,0,B,0.07063,0.18721,0.04289,0.00610,frames/frame_000364.jpg
365,6.083333,,0,B,0.07083,0.18701,0.04364,0.00536,frames/frame_000365.jpg
366,6.100000,,0,B,0.07116,0.18839,0.04402,0.00523,frames/frame_000366.jpg
367,6.116667,,0,P,0.07053,0.18660,0.04393,0.00486,frames/frame_000367.jpg
368,6.133333,,0,B,0.07177,0.19621,0.04338,0.00444,frames/frame_000368.jpg
369,6.150000,,0,B,0.07248,0.20427,0.04440,0.00647,frames/frame_000369.jpg
370,6.166667,,0,B,0.07342,0.21509,0.04382,0.00530,frames/frame_000370.jpg
371,6.183333,,0,P,0.07274,0.22396,0.04283,0.00546,frames/frame_000371.jpg
372,6.200000,,0,B,0.07423,0.22898,0.04342,0.00471,frames/frame_000372.jpg
373,6.216667,,0,P,0.07498,0.23488,0.04341,0.00483,frames/frame_000373.jpg
374,6.233333,,0,B,0.07742,0.24265,0.04222,0.01735,frames/frame_000374.jpg
375,6.250000,,0,B,0.07796,0.24445,0.04322,0.00314,frames/frame_000375.jpg
376,6.266667,,0,B,0.07850,0.24358,0.04365,0.00314,frames/frame_000376.jpg
377,6.283333,,0,P,0.07842,0.24197,0.04437,0.00307,frames/frame_000377.jpg
378,6.300000,,0,B,0.07960,0.25230,0.04494,0.00636,frames/frame_000378.jpg
379,6.316667,,0,B,0.07944,0.25127,0.04450,0.00273,frames/frame_000379.jpg
380,6.333333,,0,B,0.07987,0.25446,0.04474,0.00240,frames/frame_000380.jpg
381,6.350000,,0,P,0.07961,0.25259,0.04468,0.00263,frames/frame_000381.jpg
382,6.366667,,0,B,0.08024,0.25391,0.04470,0.00263,frames/frame_000382.jpg
383,6.383333,,0,B,0.08037,0.25661,0.04481,0.00231,frames/frame_000383.jpg
384,6.400000,,0,B,0.08062,0.25532,0.04509,0.00206,frames/frame_000384.jpg
385,6.416667,,0,P,0.08001,0.25710,0.04469,0.00241,frames/frame_000385.jpg
386,6.433333,,0,B,0.08074,0.25489,0.04516,0.00248,frames/frame_000386.jpg
387,6.450000,,0,B,0.08072,0.25409,0.04527,0.00213,frames/frame_000387.jpg
388,6.466667,,0,B,0.08100,0.25322,0.04586,0.00202,frames/frame_000388.jpg
389,6.483333,,0,P,0.08030,0.25316,0.04543,0.00244,frames/frame_000389.jpg
390,6.500000,,0,B,0.08051,0.24744,0.04534,0.00409,frames/frame_000390.jpg
391,6.516667,,0,B,0.08039,0.25088,0.04541,0.00346,frames/frame_000391.jpg
392,6.533333,,0,B,0.08066,0.25281,0.04557,0.00407,frames/frame_000392.jpg
393,6.550000,,0,P,0.07977,0.24982,0.04545,0.00429,frames/frame_000393.jpg
394,6.566667,,0,B,0.08083,0.24735,0.04547,0.00349,frames/frame_000394.jpg
395,6.583333,,0,B,0.08087,0.24679,0.04506,0.00319,frames/frame_000395.jpg
396,6.600000,,0,B,0.08273,0.24902,0.04723,0.00741,frames/frame_000396.jpg
397,6.616667,,0,P,0.08352,0.25069,0.04790,0.01115,frames/frame_000397.jpg
398,6.633333,,0,B,0.08561,0.24947,0.04831,0.00647,frames/frame_000398.jpg
399,6.650000,,0,B,0.08609,0.25117,0.04878,0.00565,frames/frame_000399.jpg
400,6.666667,,0,B,0.08732,0.25626,0.04923,0.00571,frames/frame_000400.jpg
401,6.683333,,0,P,0.08730,0.26379,0.04965,0.00544,frames/frame_000401.jpg
402,6.700000,,0,B,0.08848,0.26019,0.05015,0.00422,frames/frame_000402.jpg
403,6.716667,,0,B,0.08874,0.25970,0.05074,0.00351,frames/frame_000403.jpg
404,6.733333,,0,B,0.08924,0.25837,0.05062,0.00258,frames/frame_000404.jpg
405,6.750000,,0,P,0.08885,0.26038,0.05078,0.00279,frames/frame_000405.jpg
406,6.766667,,0,P,0.08950,0.25927,0.05072,0.00288,frames/frame_000406.jpg
407,6.783333,,0,B,0.09114,0.25677,0.05182,0.00290,frames/frame_000407.jpg
408,6.800000,,0,B,0.09179,0.25616,0.05206,0.00217,frames/frame_000408.jpg
409,6.816667,,0,B,0.09285,0.25378,0.05290,0.00226,frames/frame_000409.jpg
410,6.833333,,0,P,0.09296,0.25621,0.05335,0.00248,frames/frame_000410.jpg
411,6.850000,,0,B,0.09507,0.25180,0.05420,0.00347,frames/frame_000411.jpg
412,6.866667,,0,B,0.09553,0.25303,0.05458,0.00233,frames/frame_000412.jpg
413,6.883333,,0,B,0.09686,0.25120,0.05570,0.00285,frames/frame_000413.jpg
414,6.900000,,0,P,0.09684,0.25392,0.05634,0.00322,frames/frame_000414.jpg
415,6.916667,,0,B,0.09883,0.24706,0.05746,0.00485,frames/frame_000415.jpg
416,6.933333,,0,B,0.09904,0.24458,0.05804,0.00419,frames/frame_000416.jpg
417,6.950000,,0,B,0.09994,0.23994,0.05818,0.00355,frames/frame_000417.jpg
418,6.966667,,0,P,0.09971,0.23870,0.05867,0.00377,frames/frame_000418.jpg
419,6.983333,,0,B,0.10142,0.23352,0.05873,0.00383,frames/frame_000419.jpg
420,7.000000,,0,B,0.10157,0.23165,0.05869,0.00317,frames/frame_000420.jpg
421,7.016667,,0,B,0.10318,0.23022,0.05935,0.00337,frames/frame_000421.jpg
422,7.033333,,0,P,0.10308,0.23674,0.05963,0.00361,frames/frame_000422.jpg
423,7.050000,,0,B,0.10548,0.23005,0.05999,0.00505,frames/frame_000423.jpg
424,7.066667,,0,B,0.10690,0.23559,0.06122,0.00541,frames/frame_000424.jpg
425,7.083333,,0,B,0.10850,0.23471,0.06187,0.00904,frames/frame_000425.jpg
426,7.100000,,0,P,0.10827,0.24573,0.06287,0.01131,frames/frame_000426.jpg
427,7.116667,,0,B,0.11104,0.23647,0.06406,0.00817,frames/frame_000427.jpg
428,7.133333,,0,B,0.11105,0.23719,0.06434,0.02273,frames/frame_000428.jpg
429,7.150000,,0,B,0.11232,0.23934,0.06419,0.02305,frames/frame_000429.jpg
430,7.166667,,0,P,0.11209,0.24452,0.06567,0.00606,frames/frame_000430.jpg
431,7.183333,,0,B,0.11452,0.23471,0.06616,0.00672,frames/frame_000431.jpg
432,7.200000,,0,B,0.11476,0.24070,0.06599,0.00711,frames/frame_000432.jpg
433,7.216667,,0,B,0.11576,0.23926,0.06667,0.01227,frames/frame_000433.jpg
434,7.233333,,0,P,0.11523,0.24697,0.06773,0.01250,frames/frame_000434.jpg
435,7.250000,,0,B,0.11745,0.23826,0.06739,0.01858,frames/frame_000435.jpg
436,7.266667,,0,B,0.11761,0.23975,0.06720,0.01595,frames/frame_000436.jpg
437,7.283333,,0,B,0.11856,0.23828,0.06869,0.00944,frames/frame_000437.jpg
438,7.300000,,0,P,0.11789,0.24266,0.06801,0.00717,frames/frame_000438.jpg
439,7.316667,,0,B,0.12001,0.23752,0.06822,0.00574,frames/frame_000439.jpg
440,7.333333,,0,B,0.12020,0.23943,0.06956,0.01115,frames/frame_000440.jpg
441,7.350000,,0,B,0.12137,0.23613,0.06928,0.00837,frames/frame_000441.jpg
442,7.366667,,0,P,0.12050,0.24196,0.07020,0.01421,frames/frame_000442.jpg
443,7.383333,,0,B,0.12208,0.24245,0.06953,0.01060,frames/frame_000443.jpg
444,7.400000,,0,B,0.12221,0.24527,0.06984,0.01851,frames/frame_000444.jpg
445,7.416667,,0,B,0.12316,0.24723,0.07125,0.01998,frames/frame_000445.jpg
446,7.433333,,0,P,0.12245,0.25511,0.07268,0.00885,frames/frame_000446.jpg
447,7.450000,,0,B,0.12450,0.25094,0.07370,0.00566,frames/frame_000447.jpg
448,7.466667,,0,B,0.12402,0.26070,0.07367,0.01231,frames/frame_000448.jpg
449,7.483333,,0,B,0.12505,0.25922,0.07414,0.00598,frames/frame_000449.jpg
450,7.500000,,0,P,0.12389,0.28711,0.07278,0.01285,frames/frame_000450.jpg
451,7.516667,,0,B,0.12705,0.27843,0.07650,0.01885,frames/frame_000451.jpg
452,7.533333,,0,B,0.12751,0.28000,0.07426,0.02397,frames/frame_000452.jpg
453,7.550000,,0,B,0.12815,0.28196,0.07682,0.02529,frames/frame_000453.jpg
454,7.566667,,0,P,0.12708,0.28401,0.07575,0.01386,frames/frame_000454.jpg
455,7.583333,,0,B,0.12873,0.28150,0.07611,0.01320,frames/frame_000455.jpg
456,7.600000,,0,B,0.12848,0.28308,0.07630,0.01720,frames/frame_000456.jpg
457,7.616667,,0,B,0.12942,0.28378,0.07680,0.01179,frames/frame_000457.jpg
458,7.633333,,0,P,0.12823,0.28840,0.07701,0.00707,frames/frame_000458.jpg
459,7.650000,,0,B,0.12458,0.27726,0.08033,0.03362,frames/frame_000459.jpg
460,7.666667,,0,B,0.11225,0.24706,0.06813,0.07490,frames/frame_000460.jpg
461,7.683333,,0,P,0.09900,0.23457,0.06387,0.05602,frames/frame_000461.jpg
462,7.700000,,0,B,0.09074,0.22570,0.05478,0.04465,frames/frame_000462.jpg
463,7.716667,,0,P,0.08341,0.23005,0.04916,0.03374,frames/frame_000463.jpg
464,7.733333,,0,P,0.07775,0.22958,0.04531,0.02678,frames/frame_000464.jpg
465,7.750000,,0,P,0.07474,0.22243,0.04210,0.02242,frames/frame_000465.jpg
466,7.766667,,0,P,0.07250,0.22274,0.04273,0.01999,frames/frame_000466.jpg
467,7.783333,,0,P,0.07082,0.21810,0.04169,0.01688,frames/frame_000467.jpg
468,7.800000,,0,P,0.07001,0.22370,0.04160,0.01415,frames/frame_000468.jpg
469,7.816667,,0,P,0.06927,0.23235,0.04056,0.01123,frames/frame_000469.jpg
470,7.833333,,0,P,0.06856,0.23339,0.04018,0.00898,frames/frame_000470.jpg
471,7.850000,,0,B,0.06903,0.23196,0.04007,0.00699,frames/frame_000471.jpg
472,7.866667,,0,B,0.06865,0.23300,0.03955,0.00564,frames/frame_000472.jpg
473,7.883333,,0,B,0.06914,0.23676,0.03962,0.00447,frames/frame_000473.jpg
474,7.900000,,0,P,0.06825,0.23090,0.03949,0.00461,frames/frame_000474.jpg
475,7.916667,,0,B,0.06909,0.23006,0.03977,0.00363,frames/frame_000475.jpg
476,7.933333,,0,B,0.06897,0.22241,0.03964,0.00317,frames/frame_000476.jpg
477,7.950000,,0,B,0.06956,0.22385,0.04038,0.00267,frames/frame_000477.jpg
478,7.966667,,0,P,0.06864,0.21489,0.03995,0.00300,frames/frame_000478.jpg
479,7.983333,,0,B,0.06935,0.20852,0.03971,0.00315,frames/frame_000479.jpg
480,8.000000,,0,B,0.06865,0.19808,0.03975,0.00332,frames/frame_000480.jpg
481,8.016667,,0,B,0.06922,0.20255,0.03976,0.00234,frames/frame_000481.jpg
482,8.033333,,0,P,0.06795,0.18953,0.03974,0.00416,frames/frame_000482.jpg
483,8.050000,,0,B,0.06931,0.18470,0.04051,0.00322,frames/frame_000483.jpg
484,8.066667,,0,B,0.06932,0.18184,0.04052,0.00266,frames/frame_000484.jpg
485,8.083333,,0,B,0.06999,0.18231,0.04103,0.00258,frames/frame_000485.jpg
486,8.100000,,0,P,0.06912,0.18398,0.04087,0.00284,frames/frame_000486.jpg
487,8.116667,,0,B,0.07044,0.17587,0.04118,0.00330,frames/frame_000487.jpg
488,8.133333,,0,B,0.07062,0.17543,0.04154,0.00274,frames/frame_000488.jpg
489,8.150000,,0,B,0.07143,0.17512,0.04214,0.00263,frames/frame_000489.jpg
490,8.166667,,0,P,0.07082,0.17265,0.04218,0.00321,frames/frame_000490.jpg
491,8.183333,,0,B,0.07237,0.16417,0.04245,0.00337,frames/frame_000491.jpg
492,8.200000,,0,B,0.07241,0.16338,0.04253,0.00264,frames/frame_000492.jpg
493,8.216667,,0,B,0.07338,0.16278,0.04313,0.00275,frames/frame_000493.jpg
494,8.233333,,0,P,0.07283,0.16483,0.04325,0.00317,frames/frame_000494.jpg
495,8.250000,,0,B,0.07363,0.16479,0.04418,0.00282,frames/frame_000495.jpg
496,8.266667,,0,B,0.07513,0.16019,0.04443,0.00325,frames/frame_000496.jpg
497,8.283333,,0,P,0.07483,0.16073,0.04458,0.00307,frames/frame_000497.jpg
498,8.300000,,0,B,0.07639,0.16411,0.04460,0.00364,frames/frame_000498.jpg
499,8.316667,,0,B,0.07820,0.16674,0.04482,0.00455,frames/frame_000499.jpg
500,8.333333,,0,P,0.07852,0.17242,0.04537,0.00505,frames/frame_000500.jpg
501,8.350000,,0,B,0.08092,0.19195,0.04595,0.00651,frames/frame_000501.jpg
502,8.366667,,0,B,0.08151,0.19843,0.04615,0.00647,frames/frame_000502.jpg
503,8.383333,,0,B,0.08273,0.19979,0.04596,0.00629,frames/frame_000503.jpg
504,8.400000,,0,P,0.08205,0.19435,0.04567,0.00578,frames/frame_000504.jpg
505,8.416667,,0,B,0.08295,0.19015,0.04637,0.00463,frames/frame_000505.jpg
506,8.433333,,0,B,0.08264,0.19042,0.04618,0.00308,frames/frame_000506.jpg
507,8.450000,,0,B,0.08297,0.18711,0.04653,0.00247,frames/frame_000507.jpg
508,8.466667,,0,P,0.08237,0.18807,0.04693,0.00277,frames/frame_000508.jpg
509,8.483333,,0,B,0.08302,0.18507,0.04684,0.00217,frames/frame_000509.jpg
510,8.500000,,0,B,0.08248,0.18348,0.04651,0.00196,frames/frame_000510.jpg
511,8.516667,,0,B,0.08295,0.18387,0.04706,0.00160,frames/frame_000511.jpg
512,8.533333,,0,P,0.08083,0.18831,0.04810,0.00404,frames/frame_000512.jpg
513,8.550000,,0,B,0.08229,0.18710,0.04857,0.00302,frames/frame_000513.jpg
514,8.566667,,0,B,0.08257,0.18670,0.04846,0.00237,frames/frame_000514.jpg
515,8.583333,,0,B,0.08333,0.18597,0.04888,0.00243,frames/frame_000515.jpg
516,8.600000,,0,P,0.08320,0.18457,0.04926,0.00279,frames/frame_000516.jpg
517,8.616667,,0,B,0.08449,0.18206,0.04947,0.00306,frames/frame_000517.jpg
518,8.633333,,0,B,0.08473,0.18746,0.04955,0.00273,frames/frame_000518.jpg
519,8.650000,,0,B,0.08515,0.18662,0.04952,0.00240,frames/frame_000519.jpg
520,8.666667,,0,P,0.08468,0.18609,0.04964,0.00302,frames/frame_000520.jpg
521,8.683333,,0,B,0.08587,0.19029,0.05013,0.00323,frames/frame_000521.jpg
522,8.700000,,0,B,0.08577,0.19199,0.04989,0.00272,frames/frame_000522.jpg
523,8.716667,,0,B,0.08623,0.19393,0.05006,0.00256,frames/frame_000523.jpg
524,8.733333,,0,P,0.08566,0.19693,0.05092,0.00339,frames/frame_000524.jpg
525,8.750000,,0,B,0.08678,0.19583,0.05115,0.00356,frames/frame_000525.jpg
526,8.766667,,0,B,0.08629,0.19915,0.05135,0.00318,frames/frame_000526.jpg
527,8.783333,,0,B,0.08677,0.20124,0.05178,0.00313,frames/frame_000527.jpg
528,8.800000,,0,P,0.08460,0.18089,0.05162,0.00573,frames/frame_000528.jpg
529,8.816667,,0,B,0.08528,0.18088,0.05146,0.00329,frames/frame_000529.jpg
530,8.833333,,0,B,0.08456,0.18364,0.05151,0.00335,frames/frame_000530.jpg
531,8.850000,,0,B,0.08416,0.18390,0.05157,0.00305,frames/frame_000531.jpg
532,8.866667,,0,P,0.08208,0.18613,0.05212,0.00430,frames/frame_000532.jpg
533,8.883333,,0,B,0.08189,0.18659,0.05152,0.00345,frames/frame_000533.jpg
534,8.900000,,0,B,0.08030,0.18762,0.05160,0.00399,frames/frame_000534.jpg
535,8.916667,,0,B,0.07986,0.18991,0.05126,0.00320,frames/frame_000535.jpg
536,8.933333,,0,P,0.07744,0.19162,0.05135,0.00421,frames/frame_000536.jpg
537,8.950000,,0,B,0.07643,0.19573,0.04971,0.00311,frames/frame_000537.jpg
538,8.966667,,0,B,0.07682,0.19802,0.05018,0.00296,frames/frame_000538.jpg
539,8.983333,,0,P,0.07523,0.20845,0.05037,0.00374,frames/frame_000539.jpg
540,9.000000,,1,I,0.07018,0.23168,0.04898,0.00904,frames/frame_000540.jpg
541,9.016667,,0,B,0.07070,0.23150,0.04932,0.00226,frames/frame_000541.jpg
542,9.033333,,0,B,0.07037,0.23616,0.04917,0.00234,frames/frame_000542.jpg
543,9.050000,,0,B,0.07055,0.23509,0.04920,0.00228,frames/frame_000543.jpg
544,9.066667,,0,P,0.06970,0.24111,0.04921,0.00283,frames/frame_000544.jpg
545,9.083333,,0,B,0.06924,0.24211,0.04860,0.00292,frames/frame_000545.jpg
546,9.100000,,0,B,0.06630,0.25023,0.04771,0.00396,frames/frame_000546.jpg
547,9.116667,,0,B,0.06467,0.25667,0.04714,0.00292,frames/frame_000547.jpg
548,9.133333,,0,P,0.06000,0.28297,0.04657,0.00541,frames/frame_000548.jpg
549,9.150000,,0,B,0.05332,0.25049,0.04418,0.00722,frames/frame_000549.jpg
550,9.166667,,0,B,0.04462,0.26742,0.04089,0.00921,frames/frame_000550.jpg
551,9.183333,,0,B,0.03696,0.27519,0.03707,0.00782,frames/frame_000551.jpg
552,9.200000,,0,P,0.02655,0.20539,0.03311,0.01063,frames/frame_000552.jpg
553,9.216667,,0,B,0.02275,0.16484,0.03034,0.00417,frames/frame_000553.jpg
554,9.233333,,0,B,0.01919,0.17431,0.02884,0.00397,frames/frame_000554.jpg
555,9.250000,,0,B,0.01693,0.17898,0.02585,0.00269,frames/frame_000555.jpg
556,9.266667,,0,P,0.01394,0.14845,0.02146,0.00324,frames/frame_000556.jpg
557,9.283333,,0,B,0.00939,0.15934,0.01099,0.00534,frames/frame_000557.jpg
558,9.300000,,0,P,0.00680,0.09688,0.00190,0.00499,frames/frame_000558.jpg
559,9.316667,,0,B,0.00678,0.09687,0.00190,0.00005,frames/frame_000559.jpg
560,9.333333,,0,P,0.04439,0.03861,0.00525,0.03758,frames/frame_000560.jpg
561,9.350000,,0,B,0.04802,0.07005,0.00749,0.00362,frames/frame_000561.jpg
562,9.366667,,0,B,0.04706,0.07947,0.00952,0.00552,frames/frame_000562.jpg
563,9.383333,,0,B,0.04671,0.08714,0.01049,0.00309,frames/frame_000563.jpg
564,9.400000,,0,P,0.04675,0.08731,0.01110,0.00066,frames/frame_000564.jpg
565,9.416667,,0,B,0.04691,0.08918,0.01153,0.00051,frames/frame_000565.jpg
566,9.433333,,0,B,0.04699,0.08789,0.01185,0.00031,frames/frame_000566.jpg
567,9.450000,,0,B,0.04711,0.08733,0.01228,0.00034,frames/frame_000567.jpg
568,9.466667,,0,P,0.04722,0.08761,0.01267,0.00037,frames/frame_000568.jpg
569,9.483333,,0,P,0.04723,0.08721,0.01300,0.00045,frames/frame_000569.jpg
570,9.500000,,0,B,0.04744,0.08405,0.01369,0.00097,frames/frame_000570.jpg
571,9.516667,,0,B,0.04742,0.08506,0.01386,0.00068,frames/frame_000571.jpg
572,9.533333,,0,B,0.04764,0.08323,0.01469,0.00085,frames/frame_000572.jpg
573,9.550000,,0,P,0.04761,0.08540,0.01534,0.00091,frames/frame_000573.jpg
574,9.566667,,0,B,0.04781,0.08044,0.01582,0.00108,frames/frame_000574.jpg
575,9.583333,,0,B,0.04800,0.08266,0.01632,0.00110,frames/frame_000575.jpg
576,9.600000,,0,B,0.04825,0.08063,0.01705,0.00097,frames/frame_000576.jpg
577,9.616667,,0,P,0.04812,0.08073,0.01746,0.00115,frames/frame_000577.jpg
578,9.633333,,0,B,0.04888,0.08118,0.01814,0.00140,frames/frame_000578.jpg
579,9.650000,,0,B,0.04910,0.08201,0.01876,0.00095,frames/frame_000579.jpg
580,9.666667,,0,B,0.04940,0.08220,0.01929,0.00088,frames/frame_000580.jpg
581,9.683333,,0,P,0.04927,0.08276,0.01975,0.00104,frames/frame_000581.jpg
582,9.700000,,0,B,0.04969,0.08243,0.02034,0.00104,frames/frame_000582.jpg
583,9.716667,,0,B,0.04979,0.08068,0.02087,0.00085,frames/frame_000583.jpg
584,9.733333,,0,B,0.04989,0.08144,0.02090,0.00070,frames/frame_000584.jpg
585,9.750000,,0,P,0.04994,0.08491,0.02111,0.00124,frames/frame_000585.jpg
586,9.766667,,0,B,0.05053,0.08544,0.02165,0.00128,frames/frame_000586.jpg
587,9.783333,,0,B,0.05064,0.08440,0.02186,0.00098,frames/frame_000587.jpg
588,9.800000,,0,B,0.05104,0.08628,0.02236,0.00099,frames/frame_000588.jpg
589,9.816667,,0,P,0.05124,0.09140,0.02278,0.00141,frames/frame_000589.jpg
590,9.833333,,0,B,0.05177,0.09013,0.02340,0.00127,frames/frame_000590.jpg
591,9.850000,,0,B,0.05192,0.09018,0.02366,0.00077,frames/frame_000591.jpg
592,9.866667,,0,B,0.05201,0.08964,0.02390,0.00085,frames/frame_000592.jpg
593,9.883333,,0,P,0.05219,0.09386,0.02395,0.00107,frames/frame_000593.jpg
594,9.900000,,0,B,0.05253,0.09137,0.02438,0.00101,frames/frame_000594.jpg
595,9.916667,,0,B,0.05261,0.09109,0.02476,0.00071,frames/frame_000595.jpg
596,9.933333,,0,B,0.05284,0.09256,0.02475,0.00078,frames/frame_000596.jpg
597,9.950000,,0,P,0.05268,0.09059,0.02501,0.00089,frames/frame_000597.jpg
598,9.966667,,0,B,0.05332,0.09113,0.02533,0.00132,frames/frame_000598.jpg
599,9.983333,,0,B,0.05354,0.09041,0.02542,0.00086,frames/frame_000599.jpg
600,10.000000,,0,B,0.05383,0.09106,0.02539,0.00084,frames/frame_000600.jpg
601,10.016667,,0,P,0.05384,0.09403,0.02535,0.00093,frames/frame_000601.jpg
602,10.033333,,0,B,0.05421,0.09413,0.02571,0.00099,frames/frame_000602.jpg
603,10.050000,,0,B,0.05463,0.09347,0.02642,0.00098,frames/frame_000603.jpg
604,10.066667,,0,B,0.05484,0.09370,0.02665,0.00084,frames/frame_000604.jpg
605,10.083333,,0,P,0.05481,0.09573,0.02663,0.00109,frames/frame_000605.jpg
606,10.100000,,0,B,0.05517,0.09755,0.02672,0.00124,frames/frame_000606.jpg
607,10.116667,,0,B,0.05519,0.09600,0.02675,0.00085,frames/frame_000607.jpg
608,10.133333,,0,B,0.05538,0.09606,0.02675,0.00080,frames/frame_000608.jpg
609,10.150000,,0,P,0.05592,0.09951,0.02697,0.01028,frames/frame_000609.jpg
610,10.166667,,0,P,0.05685,0.09356,0.03273,0.00771,frames/frame_000610.jpg
611,10.183333,,0,B,0.05684,0.09386,0.02827,0.01250,frames/frame_000611.jpg
612,10.200000,,0,B,0.05694,0.09514,0.03133,0.00333,frames/frame_000612.jpg
613,10.216667,,0,P,0.05758,0.09248,0.03167,0.00924,frames/frame_000613.jpg
614,10.233333,,0,P,0.05956,0.10208,0.03469,0.02011,frames/frame_000614.jpg
615,10.250000,,0,B,0.06027,0.10421,0.03738,0.01641,frames/frame_000615.jpg
616,10.266667,,0,P,0.06143,0.11403,0.03658,0.01602,frames/frame_000616.jpg
617,10.283333,,0,B,0.06194,0.11754,0.03722,0.01822,frames/frame_000617.jpg
618,10.300000,,0,P,0.06185,0.12142,0.03300,0.01684,frames/frame_000618.jpg
619,10.316667,,0,B,0.06175,0.12230,0.03246,0.01036,frames/frame_000619.jpg
620,10.333333,,0,P,0.06194,0.12888,0.03262,0.00511,frames/frame_000620.jpg
621,10.350000,,0,B,0.06288,0.12999,0.03204,0.00609,frames/frame_000621.jpg
622,10.366667,,0,B,0.06310,0.12878,0.02926,0.00728,frames/frame_000622.jpg
623,10.383333,,0,B,0.06301,0.12749,0.02745,0.00582,frames/frame_000623.jpg
624,10.400000,,0,P,0.06298,0.13379,0.02697,0.00341,frames/frame_000624.jpg
625,10.416667,,0,B,0.06359,0.13285,0.02743,0.00244,frames/frame_000625.jpg
626,10.433333,,0,B,0.06358,0.13413,0.02797,0.00226,frames/frame_000626.jpg
627,10.450000,,0,B,0.06369,0.13440,0.02831,0.00301,frames/frame_000627.jpg
628,10.466667,,0,P,0.06349,0.13827,0.02822,0.00212,frames/frame_000628.jpg
629,10.483333,,0,B,0.06395,0.13233,0.02831,0.00166,frames/frame_000629.jpg
630,10.500000,,0,B,0.06418,0.13331,0.02843,0.00159,frames/frame_000630.jpg
631,10.516667,,0,B,0.06461,0.13495,0.02875,0.00157,frames/frame_000631.jpg
632,10.533333,,0,P,0.06438,0.12952,0.02876,0.00201,frames/frame_000632.jpg
633,10.550000,,0,B,0.06491,0.12958,0.02892,0.00161,frames/frame_000633.jpg
634,10.566667,,0,B,0.06514,0.13081,0.02893,0.00115,frames/frame_000634.jpg
635,10.583333,,0,B,0.06563,0.12954,0.02953,0.00135,frames/frame_000635.jpg
636,10.600000,,0,P,0.06573,0.13110,0.02977,0.00148,frames/frame_000636.jpg
637,10.616667,,0,B,0.06656,0.13496,0.03004,0.00209,frames/frame_000637.jpg
638,10.633333,,0,B,0.06664,0.13869,0.03001,0.00158,frames/frame_000638.jpg
639,10.650000,,0,B,0.06703,0.14039,0.02994,0.00138,frames/frame_000639.jpg
640,10.666667,,0,P,0.06805,0.14875,0.03044,0.00234,frames/frame_000640.jpg
641,10.683333,,0,B,0.06897,0.14705,0.03092,0.00202,frames/frame_000641.jpg
642,10.700000,,0,B,0.06919,0.15056,0.03189,0.00229,frames/frame_000642.jpg
643,10.716667,,0,B,0.06972,0.14861,0.03235,0.00355,frames/frame_000643.jpg
644,10.733333,,0,P,0.06988,0.15108,0.03073,0.00527,frames/frame_000644.jpg
645,10.750000,,0,B,0.07098,0.14805,0.03089,0.00786,frames/frame_000645.jpg
646,10.766667,,0,P,0.07109,0.15248,0.03216,0.01091,frames/frame_000646.jpg
647,10.783333,,0,P,0.07248,0.15046,0.03699,0.01522,frames/frame_000647.jpg
648,10.800000,,0,P,0.07417,0.15193,0.04176,0.02099,frames/frame_000648.jpg
649,10.816667,,0,P,0.07634,0.15612,0.04490,0.02931,frames/frame_000649.jpg
650,10.833333,,0,P,0.07789,0.14956,0.05116,0.03883,frames/frame_000650.jpg
651,10.850000,,0,P,0.07914,0.15549,0.05028,0.04504,frames/frame_000651.jpg
652,10.866667,,0,P,0.07826,0.15530,0.04886,0.04472,frames/frame_000652.jpg
653,10.883333,,0,P,0.07674,0.16254,0.04400,0.03621,frames/frame_000653.jpg
654,10.900000,,0,P,0.06153,0.15096,0.03106,0.02885,frames/frame_000654.jpg
655,10.916667,,0,P,0.05537,0.12436,0.02567,0.01563,frames/frame_000655.jpg
656,10.933333,,0,P,0.05699,0.12356,0.02634,0.01437,frames/frame_000656.jpg
657,10.950000,,0,P,0.05917,0.12252,0.02869,0.01698,frames/frame_000657.jpg
658,10.966667,,0,P,0.06269,0.12130,0.03108,0.02112,frames/frame_000658.jpg
659,10.983333,,0,B,0.06882,0.13814,0.03026,0.02532,frames/frame_000659.jpg
660,11.000000,,0,P,0.07714,0.13033,0.03028,0.02581,frames/frame_000660.jpg
661,11.016667,,0,B,0.09102,0.11282,0.03307,0.02728,frames/frame_000661.jpg
662,11.033333,,0,P,0.10149,0.09630,0.03341,0.02915,frames/frame_000662.jpg
663,11.050000,,0,P,0.11387,0.09845,0.04160,0.03162,frames/frame_000663.jpg
664,11.066667,,0,P,0.12083,0.09851,0.04889,0.03576,frames/frame_000664.jpg
665,11.083333,,0,P,0.12098,0.10005,0.05124,0.03607,frames/frame_000665.jpg
666,11.100000,,0,P,0.12016,0.10181,0.05396,0.03043,frames/frame_000666.jpg
667,11.116667,,0,P,0.11856,0.10198,0.05154,0.02275,frames/frame_000667.jpg
668,11.133333,,0,P,0.11790,0.10545,0.05290,0.01606,frames/frame_000668.jpg
669,11.150000,,0,P,0.11817,0.10850,0.05114,0.01118,frames/frame_000669.jpg
670,11.166667,,0,B,0.11910,0.10823,0.05161,0.00721,frames/frame_000670.jpg
671,11.183333,,0,P,0.20374,0.11130,0.05874,0.08546,frames/frame_000671.jpg
672,11.200000,,0,P,0.20030,0.10920,0.05842,0.02418,frames/frame_000672.jpg
673,11.216667,,0,P,0.19353,0.10911,0.05826,0.02757,frames/frame_000673.jpg
674,11.233333,,0,P,0.18704,0.11083,0.05875,0.01699,frames/frame_000674.jpg
675,11.250000,,0,P,0.17971,0.11146,0.05766,0.01877,frames/frame_000675.jpg
676,11.266667,,0,P,0.17185,0.11598,0.05628,0.02037,frames/frame_000676.jpg
677,11.283333,,0,P,0.16518,0.11727,0.05631,0.01955,frames/frame_000677.jpg
678,11.300000,,0,P,0.16013,0.11759,0.05540,0.01696,frames/frame_000678.jpg
679,11.316667,,0,P,0.15616,0.11842,0.05451,0.01456,frames/frame_000679.jpg
680,11.333333,,0,P,0.15188,0.12099,0.05529,0.01688,frames/frame_000680.jpg
681,11.350000,,0,P,0.14720,0.12390,0.05444,0.01908,frames/frame_000681.jpg
682,11.366667,,0,P,0.14258,0.12743,0.05536,0.02063,frames/frame_000682.jpg
683,11.383333,,0,B,0.13801,0.12786,0.05394,0.02194,frames/frame_000683.jpg
684,11.400000,,0,B,0.13396,0.13698,0.05195,0.02244,frames/frame_000684.jpg
685,11.416667,,0,P,0.12856,0.14074,0.05414,0.02286,frames/frame_000685.jpg
686,11.433333,,0,B,0.12638,0.14922,0.05283,0.02390,frames/frame_000686.jpg
687,11.450000,,0,B,0.12299,0.15610,0.05231,0.02463,frames/frame_000687.jpg
688,11.466667,,0,B,0.12247,0.15938,0.05122,0.02441,frames/frame_000688.jpg
689,11.483333,,0,P,0.12196,0.16362,0.05505,0.02770,frames/frame_000689.jpg
690,11.500000,,0,P,0.11961,0.14296,0.05807,0.02954,frames/frame_000690.jpg
691,11.516667,,0,P,0.12019,0.14402,0.05946,0.02835,frames/frame_000691.jpg
692,11.533333,,0,P,0.11999,0.14733,0.05896,0.02901,frames/frame_000692.jpg
693,11.550000,,0,P,0.11786,0.15147,0.05665,0.02810,frames/frame_000693.jpg
694,11.566667,,0,P,0.11648,0.15256,0.05567,0.02667,frames/frame_000694.jpg
695,11.583333,,0,P,0.11472,0.15568,0.05538,0.02428,frames/frame_000695.jpg
696,11.600000,,0,P,0.11253,0.16054,0.05371,0.02098,frames/frame_000696.jpg
697,11.616667,,0,P,0.11267,0.16267,0.05340,0.01555,frames/frame_000697.jpg
698,11.633333,,0,P,0.11196,0.16277,0.05415,0.01570,frames/frame_000698.jpg
699,11.650000,,0,P,0.11063,0.16706,0.05392,0.01533,frames/frame_000699.jpg
700,11.666667,,0,P,0.11002,0.16998,0.05308,0.01530,frames/frame_000700.jpg
701,11.683333,,0,P,0.10938,0.17525,0.05335,0.01576,frames/frame_000701.jpg
702,11.700000,,0,P,0.10938,0.17799,0.05325,0.01628,frames/frame_000702.jpg
703,11.716667,,0,P,0.10928,0.18068,0.05323,0.01550,frames/frame_000703.jpg
704,11.733333,,0,P,0.10888,0.18140,0.05154,0.01282,frames/frame_000704.jpg
705,11.750000,,0,P,0.10916,0.17879,0.05228,0.01043,frames/frame_000705.jpg
706,11.766667,,0,P,0.10891,0.18126,0.05152,0.01072,frames/frame_000706.jpg
707,11.783333,,0,P,0.10892,0.17989,0.05124,0.01034,frames/frame_000707.jpg
708,11.800000,,0,P,0.10988,0.17944,0.05166,0.01355,frames/frame_000708.jpg
709,11.816667,,0,P,0.11043,0.17836,0.05269,0.01481,frames/frame_000709.jpg
710,11.833333,,0,P,0.11142,0.18092,0.05330,0.01526,frames/frame_000710.jpg
711,11.850000,,0,P,0.11245,0.18182,0.05326,0.01555,frames/frame_000711.jpg
712,11.866667,,0,P,0.11250,0.18351,0.05393,0.01371,frames/frame_000712.jpg
713,11.883333,,0,P,0.11286,0.18279,0.05497,0.01081,frames/frame_000713.jpg
714,11.900000,,0,P,0.11308,0.18429,0.05396,0.01124,frames/frame_000714.jpg
715,11.916667,,0,P,0.11315,0.18554,0.05454,0.01120,frames/frame_000715.jpg
716,11.933333,,0,P,0.11426,0.18459,0.05548,0.01429,frames/frame_000716.jpg
717,11.950000,,0,P,0.11500,0.18504,0.05662,0.01652,frames/frame_000717.jpg
718,11.966667,,0,P,0.11571,0.18686,0.05857,0.01714,frames/frame_000718.jpg
719,11.983333,,0,P,0.11619,0.18766,0.05743,0.01625,frames/frame_000719.jpg
720,12.000000,,1,I,0.11236,0.17192,0.06241,0.03064,frames/frame_000720.jpg
721,12.016667,,0,P,0.11308,0.17245,0.06136,0.01350,frames/frame_000721.jpg
722,12.033333,,0,P,0.11386,0.17397,0.06142,0.01382,frames/frame_000722.jpg
723,12.050000,,0,B,0.11571,0.17250,0.06001,0.01409,frames/frame_000723.jpg
724,12.066667,,0,B,0.12085,0.16458,0.05832,0.03615,frames/frame_000724.jpg
725,12.083333,,0,B,0.12253,0.16525,0.05878,0.00628,frames/frame_000725.jpg
726,12.100000,,0,P,0.12190,0.16904,0.05961,0.00574,frames/frame_000726.jpg
727,12.116667,,0,B,0.12403,0.16846,0.05896,0.00637,frames/frame_000727.jpg
728,12.133333,,0,B,0.12405,0.16933,0.05978,0.00570,frames/frame_000728.jpg
729,12.150000,,0,B,0.12502,0.16903,0.05981,0.00561,frames/frame_000729.jpg
730,12.166667,,0,P,0.12379,0.16757,0.05995,0.00600,frames/frame_000730.jpg
731,12.183333,,0,B,0.12603,0.16750,0.06019,0.00618,frames/frame_000731.jpg
732,12.200000,,0,P,0.12578,0.16620,0.06071,0.00632,frames/frame_000732.jpg
733,12.216667,,0,B,0.12773,0.17106,0.05990,0.00992,frames/frame_000733.jpg
734,12.233333,,0,P,0.12754,0.16854,0.06104,0.00941,frames/frame_000734.jpg
735,12.250000,,0,B,0.12944,0.16978,0.06105,0.00966,frames/frame_000735.jpg
736,12.266667,,0,P,0.12918,0.16940,0.06227,0.00931,frames/frame_000736.jpg
737,12.283333,,0,B,0.13101,0.17133,0.06185,0.00976,frames/frame_000737.jpg
738,12.300000,,0,P,0.13067,0.16876,0.06206,0.00960,frames/frame_000738.jpg
739,12.316667,,0,B,0.13258,0.17176,0.06281,0.00995,frames/frame_000739.jpg
740,12.333333,,0,P,0.13214,0.17068,0.06285,0.00942,frames/frame_000740.jpg
741,12.350000,,0,B,0.13323,0.16891,0.06314,0.00934,frames/frame_000741.jpg
742,12.366667,,0,B,0.13472,0.17632,0.06315,0.00941,frames/frame_000742.jpg
743,12.383333,,0,P,0.13407,0.17351,0.06341,0.00942,frames/frame_000743.jpg
744,12.400000,,0,B,0.13564,0.17644,0.06360,0.00981,frames/frame_000744.jpg
745,12.416667,,0,P,0.13528,0.17573,0.06364,0.00960,frames/frame_000745.jpg
746,12.433333,,0,B,0.13707,0.17771,0.06307,0.01017,frames/frame_000746.jpg
747,12.450000,,0,P,0.13656,0.17634,0.06407,0.01012,frames/frame_000747.jpg
748,12.466667,,0,B,0.13587,0.17330,0.06367,0.01095,frames/frame_000748.jpg
749,12.483333,,0,B,0.13584,0.17409,0.06443,0.01096,frames/frame_000749.jpg
750,12.500000,,0,P,0.13247,0.16981,0.06564,0.01324,frames/frame_000750.jpg
751,12.516667,,0,B,0.13503,0.16557,0.06568,0.01236,frames/frame_000751.jpg
752,12.533333,,0,B,0.13737,0.16674,0.06670,0.01198,frames/frame_000752.jpg
753,12.550000,,0,P,0.13753,0.16542,0.06783,0.01172,frames/frame_000753.jpg
754,12.566667,,0,P,0.13903,0.16530,0.06719,0.01215,frames/frame_000754.jpg
755,12.583333,,0,P,0.14070,0.16368,0.06753,0.01376,frames/frame_000755.jpg
756,12.600000,,0,B,0.14346,0.16849,0.06732,0.01652,frames/frame_000756.jpg
757,12.616667,,0,P,0.14407,0.16536,0.06792,0.01825,frames/frame_000757.jpg
758,12.633333,,0,P,0.14638,0.16426,0.06890,0.02080,frames/frame_000758.jpg
759,12.650000,,0,P,0.14870,0.16641,0.07214,0.02416,frames/frame_000759.jpg
760,12.666667,,0,B,0.15134,0.16480,0.07230,0.02686,frames/frame_000760.jpg
761,12.683333,,0,B,0.15486,0.16445,0.07405,0.03033,frames/frame_000761.jpg
762,12.700000,,0,P,0.15806,0.16433,0.07816,0.03895,frames/frame_000762.jpg
763,12.716667,,0,P,0.16219,0.16450,0.08361,0.04289,frames/frame_000763.jpg
764,12.733333,,0,P,0.16374,0.16745,0.08689,0.04689,frames/frame_000764.jpg
765,12.750000,,0,B,0.16307,0.16744,0.08387,0.04942,frames/frame_000765.jpg
766,12.766667,,0,B,0.16022,0.17534,0.07865,0.05173,frames/frame_000766.jpg
767,12.783333,,0,P,0.15695,0.17701,0.07865,0.04744,frames/frame_000767.jpg
768,12.800000,,0,B,0.15497,0.18691,0.07740,0.04718,frames/frame_000768.jpg
769,12.816667,,0,B,0.15353,0.18675,0.07778,0.04598,frames/frame_000769.jpg
770,12.833333,,0,B,0.15174,0.19564,0.07653,0.04313,frames/frame_000770.jpg
771,12.850000,,0,P,0.14781,0.19778,0.07681,0.04148,frames/frame_000771.jpg
772,12.866667,,0,P,0.14252,0.20047,0.07416,0.03701,frames/frame_000772.jpg
773,12.883333,,0,P,0.13754,0.20268,0.07192,0.02911,frames/frame_000773.jpg
774,12.900000,,0,P,0.13381,0.20401,0.07001,0.02199,frames/frame_000774.jpg
775,12.916667,,0,P,0.13138,0.20723,0.07044,0.01806,frames/frame_000775.jpg
776,12.933333,,0,P,0.12979,0.21063,0.06944,0.01583,frames/frame_000776.jpg
777,12.950000,,0,B,0.12924,0.20992,0.06762,0.01308,frames/frame_000777.jpg
778,12.966667,,0,B,0.21854,0.10960,0.06477,0.09517,frames/frame_000778.jpg
779,12.983333,,0,B,0.21455,0.09992,0.06407,0.00853,frames/frame_000779.jpg
780,13.000000,,0,P,0.20593,0.08855,0.06513,0.01213,frames/frame_000780.jpg
781,13.016667,,0,B,0.20652,0.08796,0.06350,0.00715,frames/frame_000781.jpg
782,13.033333,,0,P,0.20561,0.08679,0.06428,0.00435,frames/frame_000782.jpg
783,13.050000,,0,P,0.20109,0.08725,0.06584,0.00913,frames/frame_000783.jpg
784,13.066667,,0,B,0.19751,0.08975,0.06678,0.00984,frames/frame_000784.jpg
785,13.083333,,0,B,0.19508,0.09446,0.06683,0.00628,frames/frame_000785.jpg
786,13.100000,,0,P,0.19061,0.09569,0.06936,0.00668,frames/frame_000786.jpg
787,13.116667,,0,B,0.18579,0.09870,0.06784,0.00788,frames/frame_000787.jpg
788,13.133333,,0,P,0.18094,0.09868,0.06944,0.00781,frames/frame_000788.jpg
789,13.150000,,0,B,0.17690,0.10329,0.06704,0.00755,frames/frame_000789.jpg
790,13.166667,,0,B,0.17340,0.10430,0.06721,0.00771,frames/frame_000790.jpg
791,13.183333,,0,B,0.17085,0.10762,0.06569,0.00664,frames/frame_000791.jpg
792,13.200000,,0,P,0.16699,0.10934,0.06652,0.00657,frames/frame_000792.jpg
793,13.216667,,0,B,0.16674,0.11077,0.06575,0.00445,frames/frame_000793.jpg
794,13.233333,,0,B,0.16519,0.11074,0.06651,0.00468,frames/frame_000794.jpg
795,13.250000,,0,B,0.16479,0.11162,0.06686,0.00411,frames/frame_000795.jpg
796,13.266667,,0,P,0.16264,0.11088,0.06770,0.00478,frames/frame_000796.jpg
797,13.283333,,0,B,0.16235,0.11405,0.06693,0.00444,frames/frame_000797.jpg
798,13.300000,,0,B,0.16048,0.11424,0.06658,0.00444,frames/frame_000798.jpg
799,13.316667,,0,B,0.16057,0.11411,0.06645,0.00400,frames/frame_000799.jpg
800,13.333333,,0,P,0.15856,0.11403,0.06701,0.00455,frames/frame_000800.jpg
801,13.350000,,0,B,0.15879,0.11614,0.06596,0.00420,frames/frame_000801.jpg
802,13.366667,,0,B,0.15736,0.11712,0.06601,0.00388,frames/frame_000802.jpg
803,13.383333,,0,B,0.15731,0.11680,0.06560,0.00388,frames/frame_000803.jpg
804,13.400000,,0,P,0.15563,0.11745,0.06692,0.00459,frames/frame_000804.jpg
805,13.416667,,0,B,0.15613,0.11926,0.06600,0.00410,frames/frame_000805.jpg
806,13.433333,,0,P,0.15529,0.12053,0.06628,0.00478,frames/frame_000806.jpg
807,13.450000,,0,B,0.15479,0.12032,0.06608,0.00422,frames/frame_000807.jpg
808,13.466667,,0,B,0.15552,0.12263,0.06706,0.00412,frames/frame_000808.jpg
809,13.483333,,0,P,0.15400,0.12158,0.06825,0.00426,frames/frame_000809.jpg
810,13.500000,,0,B,0.14468,0.12887,0.06841,0.01111,frames/frame_000810.jpg
811,13.516667,,0,B,0.14376,0.13213,0.06789,0.00454,frames/frame_000811.jpg
812,13.533333,,0,P,0.14097,0.13435,0.06809,0.00562,frames/frame_000812.jpg
813,13.550000,,0,B,0.14257,0.13591,0.06749,0.00483,frames/frame_000813.jpg
814,13.566667,,0,B,0.14221,0.13634,0.06715,0.00380,frames/frame_000814.jpg
815,13.583333,,0,B,0.14294,0.13676,0.06743,0.00410,frames/frame_000815.jpg
816,13.600000,,0,P,0.14131,0.13572,0.06775,0.00445,frames/frame_000816.jpg
817,13.616667,,0,B,0.14277,0.13709,0.06665,0.00457,frames/frame_000817.jpg
818,13.633333,,0,B,0.14205,0.13757,0.06614,0.00433,frames/frame_000818.jpg
819,13.650000,,0,B,0.14264,0.13760,0.06632,0.00403,frames/frame_000819.jpg
820,13.666667,,0,P,0.14070,0.13869,0.06628,0.00434,frames/frame_000820.jpg
821,13.683333,,0,B,0.14254,0.14016,0.06595,0.00477,frames/frame_000821.jpg
822,13.700000,,0,B,0.14206,0.14060,0.06659,0.00410,frames/frame_000822.jpg
823,13.716667,,0,B,0.14275,0.14030,0.06620,0.00380,frames/frame_000823.jpg
824,13.733333,,0,P,0.15073,0.14256,0.07406,0.01305,frames/frame_000824.jpg
825,13.750000,,0,B,0.15438,0.14305,0.07618,0.00913,frames/frame_000825.jpg
826,13.766667,,0,B,0.15560,0.14384,0.07470,0.00733,frames/frame_000826.jpg
827,13.783333,,0,B,0.15716,0.14264,0.07561,0.00592,frames/frame_000827.jpg
828,13.800000,,0,P,0.15629,0.14360,0.07695,0.00524,frames/frame_000828.jpg
829,13.816667,,0,B,0.15809,0.14385,0.07684,0.00449,frames/frame_000829.jpg
830,13.833333,,0,B,0.15764,0.14459,0.07601,0.00363,frames/frame_000830.jpg
831,13.850000,,0,B,0.16515,0.14340,0.08247,0.01038,frames/frame_000831.jpg
832,13.866667,,0,P,0.16492,0.14398,0.08324,0.00541,frames/frame_000832.jpg
833,13.883333,,0,B,0.16840,0.14619,0.08338,0.00588,frames/frame_000833.jpg
834,13.900000,,0,B,0.16918,0.14542,0.08350,0.00423,frames/frame_000834.jpg
835,13.916667,,0,B,0.17057,0.14591,0.08351,0.00397,frames/frame_000835.jpg
836,13.933333,,0,P,0.16981,0.14424,0.08362,0.00420,frames/frame_000836.jpg
837,13.950000,,0,B,0.17083,0.14958,0.08344,0.00440,frames/frame_000837.jpg
838,13.966667,,0,B,0.16970,0.15253,0.08347,0.00420,frames/frame_000838.jpg
839,13.983333,,0,B,0.17710,0.15621,0.09066,0.01217,frames/frame_000839.jpg
840,14.000000,,0,P,0.17551,0.16088,0.09162,0.00740,frames/frame_000840.jpg
841,14.016667,,0,B,0.17793,0.16321,0.09149,0.00471,frames/frame_000841.jpg
842,14.033333,,0,B,0.17810,0.16201,0.09165,0.00365,frames/frame_000842.jpg
843,14.050000,,0,B,0.17917,0.16235,0.09162,0.00349,frames/frame_000843.jpg
844,14.066667,,0,P,0.17821,0.16183,0.09178,0.00398,frames/frame_000844.jpg
845,14.083333,,0,B,0.17991,0.16446,0.09120,0.00399,frames/frame_000845.jpg
846,14.100000,,0,B,0.18347,0.16070,0.09510,0.00678,frames/frame_000846.jpg
847,14.116667,,0,B,0.18564,0.16136,0.09609,0.00449,frames/frame_000847.jpg
848,14.133333,,0,P,0.18522,0.15840,0.09690,0.00436,frames/frame_000848.jpg
849,14.150000,,0,B,0.18757,0.16283,0.09640,0.00448,frames/frame_000849.jpg
850,14.166667,,0,B,0.18779,0.16226,0.09573,0.00339,frames/frame_000850.jpg
851,14.183333,,0,B,0.18893,0.16274,0.09555,0.00339,frames/frame_000851.jpg
852,14.200000,,0,P,0.18790,0.16093,0.09604,0.00373,frames/frame_000852.jpg
853,14.216667,,0,B,0.18973,0.16305,0.09533,0.00383,frames/frame_000853.jpg
854,14.233333,,0,B,0.19525,0.16113,0.10045,0.00857,frames/frame_000854.jpg
855,14.250000,,0,B,0.19681,0.16165,0.10088,0.00390,frames/frame_000855.jpg
856,14.266667,,0,P,0.19641,0.16044,0.10114,0.00431,frames/frame_000856.jpg
857,14.283333,,0,B,0.19873,0.16179,0.10092,0.00429,frames/frame_000857.jpg
858,14.300000,,0,B,0.19905,0.16183,0.10109,0.00338,frames/frame_000858.jpg
859,14.316667,,0,B,0.20020,0.16300,0.10077,0.00350,frames/frame_000859.jpg
860,14.333333,,0,P,0.19959,0.16160,0.10139,0.00392,frames/frame_000860.jpg
861,14.350000,,0,B,0.20161,0.16252,0.10117,0.00401,frames/frame_000861.jpg
862,14.366667,,0,B,0.20966,0.16157,0.10764,0.01088,frames/frame_000862.jpg
863,14.383333,,0,B,0.21164,0.16254,0.10749,0.00418,frames/frame_000863.jpg
864,14.400000,,0,P,0.21143,0.16212,0.10765,0.00434,frames/frame_000864.jpg
865,14.416667,,0,B,0.21356,0.16295,0.10742,0.00427,frames/frame_000865.jpg
866,14.433333,,0,B,0.21373,0.16273,0.10749,0.00337,frames/frame_000866.jpg
867,14.450000,,0,B,0.21467,0.16362,0.10773,0.00330,frames/frame_000867.jpg
868,14.466667,,0,P,0.21344,0.16255,0.10757,0.00363,frames/frame_000868.jpg
869,14.483333,,0,B,0.21831,0.16718,0.11224,0.00885,frames/frame_000869.jpg
870,14.500000,,0,B,0.21745,0.17147,0.11318,0.00598,frames/frame_000870.jpg
871,14.516667,,0,B,0.21887,0.17325,0.11348,0.00404,frames/frame_000871.jpg
872,14.533333,,0,P,0.21805,0.17614,0.11357,0.00450,frames/frame_000872.jpg
873,14.550000,,0,B,0.21974,0.17679,0.11309,0.00397,frames/frame_000873.jpg
874,14.566667,,0,B,0.21949,0.17720,0.11258,0.00323,frames/frame_000874.jpg
875,14.583333,,0,B,0.22028,0.17739,0.11223,0.00308,frames/frame_000875.jpg
876,14.600000,,0,P,0.21901,0.17736,0.11220,0.00372,frames/frame_000876.jpg
877,14.616667,,0,B,0.22064,0.17764,0.11137,0.00392,frames/frame_000877.jpg
878,14.633333,,0,B,0.22032,0.17685,0.11092,0.00311,frames/frame_000878.jpg
879,14.650000,,0,B,0.22092,0.17765,0.11099,0.00304,frames/frame_000879.jpg
880,14.666667,,0,P,0.21961,0.17856,0.11144,0.00359,frames/frame_000880.jpg
881,14.683333,,0,B,0.22125,0.17721,0.11129,0.00375,frames/frame_000881.jpg
882,14.700000,,0,B,0.22094,0.17781,0.11123,0.00288,frames/frame_000882.jpg
883,14.716667,,0,B,0.22143,0.17733,0.11079,0.00285,frames/frame_000883.jpg
884,14.733333,,0,P,0.22020,0.17710,0.11083,0.00348,frames/frame_000884.jpg
885,14.750000,,0,B,0.22172,0.17637,0.11065,0.00385,frames/frame_000885.jpg
886,14.766667,,0,B,0.22146,0.17666,0.11044,0.00299,frames/frame_000886.jpg
887,14.783333,,0,B,0.22233,0.17600,0.11045,0.00306,frames/frame_000887.jpg
888,14.800000,,0,P,0.22147,0.17608,0.11057,0.00332,frames/frame_000888.jpg
889,14.816667,,0,B,0.22310,0.17549,0.11041,0.00365,frames/frame_000889.jpg
890,14.833333,,0,B,0.22292,0.17577,0.11061,0.00275,frames/frame_000890.jpg
891,14.850000,,0,B,0.22354,0.17574,0.11050,0.00273,frames/frame_000891.jpg
892,14.866667,,0,P,0.22228,0.17622,0.11028,0.00327,frames/frame_000892.jpg
893,14.883333,,0,B,0.22398,0.17552,0.11025,0.00362,frames/frame_000893.jpg
894,14.900000,,0,B,0.22375,0.17507,0.11016,0.00280,frames/frame_000894.jpg
895,14.916667,,0,B,0.22432,0.17483,0.11051,0.00283,frames/frame_000895.jpg
896,14.933333,,0,P,0.22295,0.17729,0.11051,0.00334,frames/frame_000896.jpg
897,14.950000,,0,B,0.22315,0.17597,0.11069,0.00287,frames/frame_000897.jpg
898,14.966667,,0,B,0.22427,0.17570,0.11024,0.00333,frames/frame_000898.jpg
899,14.983333,,0,P,0.22315,0.17585,0.11051,0.00327,frames/frame_000899.jpg
900,15.000000,,1,I,0.21589,0.20450,0.11013,0.01278,frames/frame_000900.jpg
901,15.016667,,0,B,0.21770,0.20105,0.10991,0.00344,frames/frame_000901.jpg
902,15.033333,,0,B,0.21792,0.20083,0.11041,0.00279,frames/frame_000902.jpg
903,15.050000,,0,B,0.21835,0.20040,0.11006,0.00239,frames/frame_000903.jpg
904,15.066667,,0,P,0.21722,0.20120,0.11018,0.00293,frames/frame_000904.jpg
905,15.083333,,0,B,0.21906,0.20050,0.11047,0.00376,frames/frame_000905.jpg
906,15.100000,,0,B,0.21882,0.20097,0.11032,0.00262,frames/frame_000906.jpg
907,15.116667,,0,B,0.21936,0.20131,0.11053,0.00270,frames/frame_000907.jpg
908,15.133333,,0,P,0.21798,0.20260,0.11086,0.00310,frames/frame_000908.jpg
909,15.150000,,0,B,0.21984,0.20060,0.11104,0.00368,frames/frame_000909.jpg
910,15.166667,,0,B,0.21974,0.20063,0.11091,0.00263,frames/frame_000910.jpg
911,15.183333,,0,B,0.22020,0.20143,0.11112,0.00268,frames/frame_000911.jpg
912,15.200000,,0,P,0.21904,0.20265,0.11111,0.00339,frames/frame_000912.jpg
913,15.216667,,0,B,0.22084,0.20070,0.11076,0.00386,frames/frame_000913.jpg
914,15.233333,,0,B,0.22072,0.19936,0.11071,0.00269,frames/frame_000914.jpg
915,15.250000,,0,B,0.22152,0.19982,0.11136,0.00327,frames/frame_000915.jpg
916,15.266667,,0,P,0.22004,0.20181,0.11120,0.00352,frames/frame_000916.jpg
917,15.283333,,0,B,0.22198,0.20068,0.11155,0.00374,frames/frame_000917.jpg
918,15.300000,,0,B,0.22178,0.20114,0.11129,0.00272,frames/frame_000918.jpg
919,15.316667,,0,B,0.22241,0.19906,0.11080,0.00282,frames/frame_000919.jpg
920,15.333333,,0,P,0.22125,0.20064,0.11093,0.00317,frames/frame_000920.jpg
921,15.350000,,0,B,0.22306,0.19871,0.11088,0.00372,frames/frame_000921.jpg
922,15.366667,,0,B,0.22260,0.20028,0.11083,0.00289,frames/frame_000922.jpg
923,15.383333,,0,B,0.22329,0.19858,0.11077,0.00288,frames/frame_000923.jpg
924,15.400000,,0,P,0.22180,0.20160,0.11079,0.00335,frames/frame_000924.jpg
925,15.416667,,0,B,0.22352,0.19903,0.11073,0.00355,frames/frame_000925.jpg
926,15.433333,,0,B,0.22326,0.20020,0.11085,0.00282,frames/frame_000926.jpg
927,15.450000,,0,B,0.22378,0.19893,0.11057,0.00270,frames/frame_000927.jpg
928,15.466667,,0,P,0.22232,0.20167,0.11092,0.00327,frames/frame_000928.jpg
929,15.483333,,0,B,0.22170,0.20181,0.11052,0.00329,frames/frame_000929.jpg
930,15.500000,,0,B,0.21901,0.20466,0.11110,0.00465,frames/frame_000930.jpg
931,15.516667,,0,B,0.21865,0.20474,0.11110,0.00312,frames/frame_000931.jpg
932,15.533333,,0,P,0.21614,0.20764,0.11187,0.00414,frames/frame_000932.jpg
933,15.550000,,0,B,0.21806,0.20613,0.11187,0.00388,frames/frame_000933.jpg
934,15.566667,,0,B,0.21799,0.20540,0.11187,0.00257,frames/frame_000934.jpg
935,15.583333,,0,B,0.21871,0.20514,0.11213,0.00282,frames/frame_000935.jpg
936,15.600000,,0,P,0.21740,0.20875,0.11234,0.00322,frames/frame_000936.jpg
937,15.616667,,0,B,0.21917,0.20583,0.11218,0.00356,frames/frame_000937.jpg
938,15.633333,,0,B,0.21892,0.20604,0.11237,0.00267,frames/frame_000938.jpg
939,15.650000,,0,B,0.21950,0.20536,0.11255,0.00288,frames/frame_000939.jpg
940,15.666667,,0,P,0.21990,0.20631,0.11378,0.00498,frames/frame_000940.jpg
941,15.683333,,0,B,0.22147,0.20609,0.11411,0.00390,frames/frame_000941.jpg
942,15.700000,,0,B,0.22852,0.20750,0.11539,0.03272,frames/frame_000942.jpg
943,15.716667,,0,B,0.22912,0.20590,0.11580,0.00658,frames/frame_000943.jpg
944,15.733333,,0,P,0.22707,0.20673,0.11556,0.01177,frames/frame_000944.jpg
945,15.750000,,0,P,0.22758,0.20462,0.11440,0.02130,frames/frame_000945.jpg
946,15.766667,,0,P,0.22842,0.20369,0.11557,0.03536,frames/frame_000946.jpg
947,15.783333,,0,P,0.23067,0.20314,0.11865,0.05034,frames/frame_000947.jpg
948,15.800000,,0,P,0.23226,0.20397,0.12054,0.06482,frames/frame_000948.jpg
949,15.816667,,0,P,0.23255,0.20227,0.12093,0.07799,frames/frame_000949.jpg
950,15.833333,,0,P,0.22881,0.20152,0.11754,0.08879,frames/frame_000950.jpg
951,15.850000,,0,B,0.21774,0.19646,0.11115,0.09545,frames/frame_000951.jpg
952,15.866667,,0,B,0.21021,0.18782,0.10564,0.09512,frames/frame_000952.jpg
953,15.883333,,0,P,0.20521,0.18863,0.10416,0.09708,frames/frame_000953.jpg
954,15.900000,,0,P,0.20131,0.19132,0.10150,0.09931,frames/frame_000954.jpg
955,15.916667,,0,P,0.20324,0.18716,0.10258,0.10166,frames/frame_000955.jpg
956,15.933333,,0,P,0.21123,0.18470,0.10544,0.10826,frames/frame_000956.jpg
957,15.950000,,0,P,0.23001,0.18603,0.11674,0.12193,frames/frame_000957.jpg
958,15.966667,,0,P,0.23327,0.18897,0.11590,0.12780,frames/frame_000958.jpg
959,15.983333,,0,B,0.23996,0.18209,0.11879,0.12009,frames/frame_000959.jpg
960,16.000000,,0,P,0.24342,0.17934,0.12589,0.11176,frames/frame_000960.jpg
961,16.016667,,0,P,0.24571,0.18230,0.12669,0.09820,frames/frame_000961.jpg
962,16.033333,,0,P,0.24475,0.18352,0.12454,0.08406,frames/frame_000962.jpg
963,16.050000,,0,P,0.24435,0.18337,0.12393,0.06839,frames/frame_000963.jpg
964,16.066667,,0,P,0.24378,0.18607,0.12358,0.05351,frames/frame_000964.jpg
965,16.083333,,0,P,0.24298,0.18706,0.12254,0.03840,frames/frame_000965.jpg
966,16.100000,,0,P,0.24208,0.18916,0.12379,0.02519,frames/frame_000966.jpg
967,16.116667,,0,P,0.24135,0.18886,0.12763,0.01809,frames/frame_000967.jpg
968,16.133333,,0,P,0.25117,0.18796,0.13135,0.03379,frames/frame_000968.jpg
969,16.150000,,0,P,0.24832,0.19322,0.12945,0.05884,frames/frame_000969.jpg
970,16.166667,,0,P,0.25146,0.19385,0.13313,0.03214,frames/frame_000970.jpg
971,16.183333,,0,P,0.24953,0.19464,0.13305,0.02120,frames/frame_000971.jpg
972,16.200000,,0,P,0.24783,0.19793,0.13333,0.02363,frames/frame_000972.jpg
973,16.216667,,0,P,0.24411,0.19414,0.13214,0.02762,frames/frame_000973.jpg
974,16.233333,,0,P,0.23492,0.19128,0.12862,0.04734,frames/frame_000974.jpg
975,16.250000,,0,B,0.23201,0.19088,0.12720,0.02698,frames/frame_000975.jpg
976,16.266667,,0,B,0.22860,0.19271,0.12221,0.02729,frames/frame_000976.jpg
977,16.283333,,0,P,0.22139,0.19422,0.11970,0.04032,frames/frame_000977.jpg
978,16.300000,,0,P,0.21785,0.19184,0.11709,0.02509,frames/frame_000978.jpg
979,16.316667,,0,P,0.21499,0.19739,0.11659,0.02470,frames/frame_000979.jpg
980,16.333333,,0,P,0.20983,0.19810,0.11089,0.03307,frames/frame_000980.jpg
981,16.350000,,0,P,0.20888,0.19781,0.10940,0.02136,frames/frame_000981.jpg
982,16.366667,,0,P,0.22280,0.19267,0.12070,0.03974,frames/frame_000982.jpg
983,16.383333,,0,P,0.22189,0.19229,0.12192,0.02622,frames/frame_000983.jpg
984,16.400000,,0,B,0.21944,0.18745,0.11709,0.02496,frames/frame_000984.jpg
985,16.416667,,0,B,0.21506,0.19020,0.10832,0.03053,frames/frame_000985.jpg
986,16.433333,,0,P,0.21294,0.18825,0.10863,0.02342,frames/frame_000986.jpg
987,16.450000,,0,B,0.21305,0.18805,0.10554,0.02064,frames/frame_000987.jpg
988,16.466667,,0,B,0.21183,0.17950,0.10656,0.02113,frames/frame_000988.jpg
989,16.483333,,0,B,0.21182,0.17155,0.10770,0.02805,frames/frame_000989.jpg
990,16.500000,,0,P,0.21130,0.16696,0.11725,0.02768,frames/frame_000990.jpg
991,16.516667,,0,P,0.21162,0.16810,0.11575,0.02732,frames/frame_000991.jpg
992,16.533333,,0,P,0.21178,0.17053,0.11615,0.02900,frames/frame_000992.jpg
993,16.550000,,0,P,0.21253,0.17003,0.11727,0.02307,frames/frame_000993.jpg
994,16.566667,,0,P,0.21361,0.16822,0.12091,0.02394,frames/frame_000994.jpg
995,16.583333,,0,B,0.21444,0.16776,0.12159,0.03332,frames/frame_000995.jpg
996,16.600000,,0,B,0.20465,0.18718,0.12571,0.03481,frames/frame_000996.jpg
997,16.616667,,0,P,0.11228,0.30389,0.06302,0.11386,frames/frame_000997.jpg
998,16.633333,,0,P,0.10967,0.30578,0.06250,0.01568,frames/frame_000998.jpg
999,16.650000,,0,P,0.10794,0.30821,0.06137,0.01302,frames/frame_000999.jpg
1000,16.666667,,0,P,0.10664,0.31007,0.06025,0.01225,frames/frame_001000.jpg
1001,16.683333,,0,P,0.10584,0.31105,0.06033,0.01109,frames/frame_001001.jpg
1002,16.700000,,0,P,0.10510,0.31347,0.05984,0.00968,frames/frame_001002.jpg
1003,16.716667,,0,P,0.10439,0.31024,0.05950,0.00957,frames/frame_001003.jpg
1004,16.733333,,0,B,0.10422,0.30983,0.05695,0.00838,frames/frame_001004.jpg
1005,16.750000,,0,P,0.10303,0.30845,0.05851,0.00715,frames/frame_001005.jpg
1006,16.766667,,0,B,0.10392,0.30612,0.05611,0.00683,frames/frame_001006.jpg
1007,16.783333,,0,B,0.10339,0.30361,0.05647,0.00604,frames/frame_001007.jpg
1008,16.800000,,0,B,0.10372,0.30434,0.05645,0.00523,frames/frame_001008.jpg
1009,16.816667,,0,P,0.10221,0.30389,0.05709,0.00568,frames/frame_001009.jpg
1010,16.833333,,0,B,0.10312,0.30504,0.05532,0.00556,frames/frame_001010.jpg
1011,16.850000,,0,B,0.10225,0.29844,0.05460,0.00505,frames/frame_001011.jpg
1012,16.866667,,0,B,0.10094,0.30133,0.05357,0.00592,frames/frame_001012.jpg
1013,16.883333,,0,P,0.09912,0.30064,0.05438,0.00540,frames/frame_001013.jpg
1014,16.900000,,0,B,0.10013,0.30081,0.05342,0.00500,frames/frame_001014.jpg
1015,16.916667,,0,B,0.09949,0.29561,0.05284,0.00451,frames/frame_001015.jpg
1016,16.933333,,0,B,0.09984,0.29924,0.05263,0.00442,frames/frame_001016.jpg
1017,16.950000,,0,P,0.09837,0.29154,0.05300,0.00506,frames/frame_001017.jpg
1018,16.966667,,0,B,0.09867,0.29414,0.05216,0.00494,frames/frame_001018.jpg
1019,16.983333,,0,B,0.09714,0.28126,0.05169,0.00517,frames/frame_001019.jpg
1020,17.000000,,0,B,0.09578,0.27899,0.05047,0.00525,frames/frame_001020.jpg
1021,17.016667,,0,P,0.09273,0.27165,0.05107,0.00658,frames/frame_001021.jpg
1022,17.033333,,0,B,0.09463,0.27019,0.05160,0.00666,frames/frame_001022.jpg
1023,17.050000,,0,B,0.09440,0.26008,0.05039,0.00685,frames/frame_001023.jpg
1024,17.066667,,0,B,0.09829,0.26077,0.05325,0.00916,frames/frame_001024.jpg
1025,17.083333,,0,P,0.09591,0.24309,0.05378,0.00940,frames/frame_001025.jpg
1026,17.100000,,0,B,0.09833,0.24715,0.05350,0.00599,frames/frame_001026.jpg
1027,17.116667,,0,B,0.09766,0.24287,0.05299,0.00438,frames/frame_001027.jpg
1028,17.133333,,0,B,0.09854,0.24508,0.05323,0.00452,frames/frame_001028.jpg
1029,17.150000,,0,P,0.09715,0.23682,0.05353,0.00494,frames/frame_001029.jpg
1030,17.166667,,0,B,0.09832,0.24524,0.05355,0.00487,frames/frame_001030.jpg
1031,17.183333,,0,B,0.09785,0.24119,0.05331,0.00425,frames/frame_001031.jpg
1032,17.200000,,0,B,0.09851,0.24453,0.05327,0.00423,frames/frame_001032.jpg
1033,17.216667,,0,P,0.09724,0.22998,0.05317,0.00473,frames/frame_001033.jpg
1034,17.233333,,0,B,0.09846,0.24592,0.05279,0.00470,frames/frame_001034.jpg
1035,17.250000,,0,P,0.10555,0.27539,0.05697,0.01419,frames/frame_001035.jpg
1036,17.266667,,0,B,0.10576,0.27803,0.05645,0.00904,frames/frame_001036.jpg
1037,17.283333,,0,P,0.10428,0.27630,0.05616,0.00808,frames/frame_001037.jpg
1038,17.300000,,0,B,0.10480,0.28257,0.05491,0.00682,frames/frame_001038.jpg
1039,17.316667,,0,P,0.10355,0.27808,0.05482,0.00651,frames/frame_001039.jpg
1040,17.333333,,0,B,0.10449,0.28135,0.05454,0.00591,frames/frame_001040.jpg
1041,17.350000,,0,B,0.10378,0.28194,0.05365,0.00503,frames/frame_001041.jpg
1042,17.366667,,0,B,0.10433,0.28632,0.05302,0.00486,frames/frame_001042.jpg
1043,17.383333,,0,P,0.10284,0.27806,0.05268,0.00520,frames/frame_001043.jpg
1044,17.400000,,0,B,0.10408,0.28920,0.05266,0.00486,frames/frame_001044.jpg
1045,17.416667,,0,B,0.10376,0.28469,0.05296,0.00421,frames/frame_001045.jpg
1046,17.433333,,0,B,0.10426,0.28841,0.05271,0.00383,frames/frame_001046.jpg
1047,17.450000,,0,P,0.10300,0.28197,0.05277,0.00443,frames/frame_001047.jpg
1048,17.466667,,0,B,0.10406,0.28471,0.05268,0.00466,frames/frame_001048.jpg
1049,17.483333,,0,B,0.10297,0.28559,0.05278,0.00424,frames/frame_001049.jpg
1050,17.500000,,0,B,0.10170,0.28799,0.05174,0.00484,frames/frame_001050.jpg
1051,17.516667,,0,P,0.10110,0.28490,0.05523,0.00664,frames/frame_001051.jpg
1052,17.533333,,0,B,0.10286,0.29191,0.05501,0.00454,frames/frame_001052.jpg
1053,17.550000,,0,B,0.10252,0.28545,0.05467,0.00357,frames/frame_001053.jpg
1054,17.566667,,0,B,0.10331,0.29416,0.05471,0.00360,frames/frame_001054.jpg
1055,17.583333,,0,P,0.10209,0.28314,0.05521,0.00415,frames/frame_001055.jpg
1056,17.600000,,0,B,0.10345,0.28943,0.05499,0.00440,frames/frame_001056.jpg
1057,17.616667,,0,B,0.10289,0.28521,0.05424,0.00358,frames/frame_001057.jpg
1058,17.633333,,0,B,0.10344,0.29046,0.05412,0.00366,frames/frame_001058.jpg
1059,17.650000,,0,P,0.10215,0.28374,0.05398,0.00425,frames/frame_001059.jpg
1060,17.666667,,0,B,0.10339,0.29106,0.05381,0.00434,frames/frame_001060.jpg
1061,17.683333,,0,B,0.10292,0.28515,0.05352,0.00373,frames/frame_001061.jpg
1062,17.700000,,0,B,0.10328,0.28985,0.05220,0.00439,frames/frame_001062.jpg
1063,17.716667,,0,P,0.10193,0.27781,0.05316,0.00572,frames/frame_001063.jpg
1064,17.733333,,0,B,0.10233,0.28067,0.05046,0.00657,frames/frame_001064.jpg
1065,17.750000,,0,B,0.10064,0.26347,0.04991,0.00684,frames/frame_001065.jpg
1066,17.766667,,0,B,0.09959,0.25863,0.04848,0.00600,frames/frame_001066.jpg
1067,17.783333,,0,P,0.09877,0.24939,0.04946,0.00461,frames/frame_001067.jpg
1068,17.800000,,0,B,0.10012,0.25734,0.04977,0.00433,frames/frame_001068.jpg
1069,17.816667,,0,B,0.09959,0.25337,0.04953,0.00359,frames/frame_001069.jpg
1070,17.833333,,0,B,0.10024,0.25769,0.04961,0.00370,frames/frame_001070.jpg
1071,17.850000,,0,P,0.09914,0.24541,0.05055,0.00419,frames/frame_001071.jpg
1072,17.866667,,0,B,0.10051,0.25851,0.05037,0.00432,frames/frame_001072.jpg
1073,17.883333,,0,B,0.10016,0.25088,0.05097,0.00382,frames/frame_001073.jpg
1074,17.900000,,0,B,0.10073,0.25550,0.05119,0.00370,frames/frame_001074.jpg
1075,17.916667,,0,P,0.09961,0.24336,0.05194,0.00435,frames/frame_001075.jpg
1076,17.933333,,0,B,0.11022,0.28967,0.05819,0.01556,frames/frame_001076.jpg
1077,17.950000,,0,B,0.10983,0.28807,0.05849,0.00860,frames/frame_001077.jpg
1078,17.966667,,0,B,0.11205,0.29904,0.05937,0.00847,frames/frame_001078.jpg
1079,17.983333,,0,P,0.11113,0.28860,0.06062,0.00727,frames/frame_001079.jpg
1080,18.000000,,1,I,0.10940,0.28490,0.06095,0.00979,frames/frame_001080.jpg
1081,18.016667,,0,B,0.11101,0.27977,0.06141,0.00608,frames/frame_001081.jpg
1082,18.033333,,0,B,0.11051,0.28186,0.06147,0.00521,frames/frame_001082.jpg
1083,18.050000,,0,B,0.11102,0.28091,0.06102,0.00479,frames/frame_001083.jpg
1084,18.066667,,0,P,0.10973,0.28549,0.06113,0.00516,frames/frame_001084.jpg
1085,18.083333,,0,B,0.11083,0.28469,0.06016,0.00508,frames/frame_001085.jpg
1086,18.100000,,0,B,0.11019,0.28534,0.06022,0.00456,frames/frame_001086.jpg
1087,18.116667,,0,B,0.11077,0.28305,0.06002,0.00440,frames/frame_001087.jpg
1088,18.133333,,0,P,0.10917,0.29152,0.06001,0.00501,frames/frame_001088.jpg
1089,18.150000,,0,B,0.10899,0.28454,0.05911,0.00478,frames/frame_001089.jpg
1090,18.166667,,0,B,0.10976,0.28154,0.05968,0.00516,frames/frame_001090.jpg
1091,18.183333,,0,P,0.10779,0.28174,0.05950,0.00608,frames/frame_001091.jpg
1092,18.200000,,0,B,0.10596,0.25929,0.05836,0.00743,frames/frame_001092.jpg
1093,18.216667,,0,P,0.10368,0.25251,0.05769,0.00641,frames/frame_001093.jpg
1094,18.233333,,0,B,0.10492,0.25058,0.05662,0.00534,frames/frame_001094.jpg
1095,18.250000,,0,B,0.10453,0.25154,0.05722,0.00471,frames/frame_001095.jpg
1096,18.266667,,0,B,0.10537,0.25244,0.05834,0.00444,frames/frame_001096.jpg
1097,18.283333,,0,P,0.10440,0.25413,0.05976,0.00507,frames/frame_001097.jpg
1098,18.300000,,0,B,0.10550,0.24914,0.05874,0.00488,frames/frame_001098.jpg
1099,18.316667,,0,B,0.10536,0.25037,0.05913,0.00448,frames/frame_001099.jpg
1100,18.333333,,0,B,0.10612,0.25353,0.05984,0.00437,frames/frame_001100.jpg
1101,18.350000,,0,P,0.10476,0.25375,0.06034,0.00486,frames/frame_001101.jpg
1102,18.366667,,0,B,0.11579,0.29518,0.06759,0.01711,frames/frame_001102.jpg
1103,18.383333,,0,B,0.11460,0.29927,0.06669,0.01360,frames/frame_001103.jpg
1104,18.400000,,0,B,0.11490,0.30381,0.06615,0.01245,frames/frame_001104.jpg
1105,18.416667,,0,P,0.11324,0.30766,0.06607,0.01168,frames/frame_001105.jpg
1106,18.433333,,0,B,0.11556,0.30848,0.06680,0.01114,frames/frame_001106.jpg
1107,18.450000,,0,P,0.11551,0.31066,0.06834,0.00928,frames/frame_001107.jpg
1108,18.466667,,0,B,0.11627,0.30931,0.06792,0.00878,frames/frame_001108.jpg
1109,18.483333,,0,B,0.11524,0.31396,0.06811,0.00790,frames/frame_001109.jpg
1110,18.500000,,0,B,0.11471,0.31924,0.06682,0.00732,frames/frame_001110.jpg
1111,18.516667,,0,P,0.11290,0.32995,0.06680,0.00761,frames/frame_001111.jpg
1112,18.533333,,0,B,0.11426,0.32453,0.06693,0.00659,frames/frame_001112.jpg
1113,18.550000,,0,B,0.11372,0.32626,0.06727,0.00585,frames/frame_001113.jpg
1114,18.566667,,0,B,0.11442,0.32497,0.06747,0.00576,frames/frame_001114.jpg
1115,18.583333,,0,P,0.11307,0.33058,0.06748,0.00615,frames/frame_001115.jpg
1116,18.600000,,0,B,0.11442,0.32538,0.06697,0.00606,frames/frame_001116.jpg
1117,18.616667,,0,B,0.11399,0.32554,0.06707,0.00546,frames/frame_001117.jpg
1118,18.633333,,0,B,0.11406,0.32928,0.06643,0.00584,frames/frame_001118.jpg
1119,18.650000,,0,P,0.11274,0.33104,0.06657,0.00593,frames/frame_001119.jpg
1120,18.666667,,0,B,0.11410,0.32933,0.06616,0.00615,frames/frame_001120.jpg
1121,18.683333,,0,B,0.11357,0.33285,0.06623,0.00532,frames/frame_001121.jpg
1122,18.700000,,0,B,0.11427,0.33044,0.06600,0.00549,frames/frame_001122.jpg
1123,18.716667,,0,P,0.11299,0.33492,0.06613,0.00606,frames/frame_001123.jpg
1124,18.733333,,0,B,0.11418,0.33115,0.06643,0.00594,frames/frame_001124.jpg
1125,18.750000,,0,B,0.11379,0.33620,0.06601,0.00541,frames/frame_001125.jpg
1126,18.766667,,0,B,0.11440,0.33661,0.06566,0.00548,frames/frame_001126.jpg
1127,18.783333,,0,P,0.11339,0.34144,0.06577,0.00576,frames/frame_001127.jpg
1128,18.800000,,0,B,0.11436,0.33654,0.06526,0.00596,frames/frame_001128.jpg
1129,18.816667,,0,B,0.11313,0.33895,0.06407,0.00633,frames/frame_001129.jpg
1130,18.833333,,0,B,0.11363,0.34005,0.06395,0.00538,frames/frame_001130.jpg
1131,18.850000,,0,P,0.11232,0.34177,0.06301,0.00611,frames/frame_001131.jpg
1132,18.866667,,0,B,0.11380,0.33901,0.06413,0.00684,frames/frame_001132.jpg
1133,18.883333,,0,B,0.11542,0.33745,0.06687,0.00839,frames/frame_001133.jpg
1134,18.900000,,0,B,0.11598,0.33593,0.06544,0.00715,frames/frame_001134.jpg
1135,18.916667,,0,P,0.11444,0.33151,0.06625,0.00815,frames/frame_001135.jpg
1136,18.933333,,0,B,0.11274,0.31315,0.06353,0.01032,frames/frame_001136.jpg
1137,18.950000,,0,B,0.11230,0.31527,0.06221,0.00552,frames/frame_001137.jpg
1138,18.966667,,0,B,0.11300,0.31700,0.06276,0.00507,frames/frame_001138.jpg
1139,18.983333,,0,P,0.11216,0.31090,0.06308,0.00591,frames/frame_001139.jpg
1140,19.000000,,0,B,0.11093,0.30024,0.06303,0.00703,frames/frame_001140.jpg
1141,19.016667,,0,B,0.11016,0.29609,0.06361,0.00567,frames/frame_001141.jpg
1142,19.033333,,0,B,0.11028,0.30114,0.06294,0.00515,frames/frame_001142.jpg
1143,19.050000,,0,P,0.10815,0.30352,0.06347,0.00585,frames/frame_001143.jpg
1144,19.066667,,0,B,0.10891,0.29607,0.06308,0.00501,frames/frame_001144.jpg
1145,19.083333,,0,P,0.10813,0.29827,0.05371,0.03305,frames/frame_001145.jpg
1146,19.100000,,0,B,0.10893,0.29375,0.05318,0.01218,frames/frame_001146.jpg
1147,19.116667,,0,B,0.10805,0.29597,0.05209,0.01050,frames/frame_001147.jpg
1148,19.133333,,0,B,0.10836,0.29674,0.05150,0.01001,frames/frame_001148.jpg
1149,19.150000,,0,P,0.10687,0.29951,0.05164,0.00969,frames/frame_001149.jpg
1150,19.166667,,0,B,0.10826,0.29575,0.05108,0.00883,frames/frame_001150.jpg
1151,19.183333,,0,B,0.10781,0.29578,0.05016,0.00708,frames/frame_001151.jpg
1152,19.200000,,0,B,0.10842,0.29389,0.05004,0.00675,frames/frame_001152.jpg
1153,19.216667,,0,P,0.10683,0.29616,0.04990,0.00645,frames/frame_001153.jpg
1154,19.233333,,0,B,0.10790,0.29507,0.04961,0.00627,frames/frame_001154.jpg
1155,19.250000,,0,P,0.10683,0.29108,0.04978,0.00585,frames/frame_001155.jpg
1156,19.266667,,0,B,0.10717,0.28907,0.04929,0.00622,frames/frame_001156.jpg
1157,19.283333,,0,B,0.10562,0.28493,0.04994,0.00554,frames/frame_001157.jpg
1158,19.300000,,0,B,0.10546,0.28730,0.05042,0.00533,frames/frame_001158.jpg
1159,19.316667,,0,P,0.10346,0.28225,0.05061,0.00570,frames/frame_001159.jpg
1160,19.333333,,0,B,0.10630,0.28625,0.05276,0.00671,frames/frame_001160.jpg
1161,19.350000,,0,B,0.10476,0.28267,0.05222,0.00572,frames/frame_001161.jpg
1162,19.366667,,0,B,0.10579,0.28530,0.05295,0.00496,frames/frame_001162.jpg
1163,19.383333,,0,P,0.10458,0.27941,0.05313,0.00535,frames/frame_001163.jpg
1164,19.400000,,0,B,0.10476,0.27742,0.05308,0.00494,frames/frame_001164.jpg
1165,19.416667,,0,B,0.10560,0.28403,0.05301,0.00505,frames/frame_001165.jpg
1166,19.433333,,0,P,0.10452,0.27980,0.05378,0.00529,frames/frame_001166.jpg
1167,19.450000,,0,B,0.10436,0.27799,0.05291,0.00559,frames/frame_001167.jpg
1168,19.466667,,0,B,0.10189,0.26447,0.05335,0.00573,frames/frame_001168.jpg
1169,19.483333,,0,B,0.10052,0.25957,0.05346,0.00559,frames/frame_001169.jpg
1170,19.500000,,0,P,0.09501,0.24389,0.05162,0.00814,frames/frame_001170.jpg
1171,19.516667,,0,B,0.09573,0.23839,0.05124,0.00486,frames/frame_001171.jpg
1172,19.533333,,0,B,0.09696,0.23814,0.05253,0.00505,frames/frame_001172.jpg
1173,19.550000,,0,P,0.09614,0.23870,0.05320,0.00568,frames/frame_001173.jpg
1174,19.566667,,0,B,0.09771,0.23651,0.05233,0.00667,frames/frame_001174.jpg
1175,19.583333,,0,B,0.09757,0.23127,0.05313,0.00632,frames/frame_001175.jpg
1176,19.600000,,0,B,0.09881,0.23229,0.05314,0.00625,frames/frame_001176.jpg
1177,19.616667,,0,P,0.09799,0.23089,0.05267,0.00650,frames/frame_001177.jpg
1178,19.633333,,0,B,0.09968,0.23185,0.05287,0.00589,frames/frame_001178.jpg
1179,19.650000,,0,B,0.09964,0.22830,0.05446,0.00505,frames/frame_001179.jpg
1180,19.666667,,0,B,0.10068,0.22908,0.05449,0.00516,frames/frame_001180.jpg
1181,19.683333,,0,P,0.09950,0.22969,0.05407,0.00566,frames/frame_001181.jpg
1182,19.700000,,0,B,0.10082,0.22484,0.05500,0.00564,frames/frame_001182.jpg
1183,19.716667,,0,P,0.10029,0.22867,0.05658,0.00534,frames/frame_001183.jpg
1184,19.733333,,0,B,0.10083,0.22662,0.05582,0.00539,frames/frame_001184.jpg
1185,19.750000,,0,B,0.10202,0.23405,0.05586,0.00571,frames/frame_001185.jpg
1186,19.766667,,0,P,0.11054,0.26884,0.06486,0.01703,frames/frame_001186.jpg
1187,19.783333,,0,B,0.11501,0.26887,0.06777,0.01624,frames/frame_001187.jpg
1188,19.800000,,0,P,0.11513,0.26655,0.07030,0.01332,frames/frame_001188.jpg
1189,19.816667,,0,B,0.11624,0.26900,0.07051,0.01251,frames/frame_001189.jpg
1190,19.833333,,0,P,0.11540,0.26422,0.06961,0.01118,frames/frame_001190.jpg
1191,19.850000,,0,B,0.11579,0.26571,0.06901,0.01009,frames/frame_001191.jpg
1192,19.866667,,0,B,0.11684,0.26988,0.06993,0.00983,frames/frame_001192.jpg
1193,19.883333,,0,P,0.11556,0.27021,0.06921,0.00904,frames/frame_001193.jpg
1194,19.900000,,0,B,0.11544,0.26882,0.06782,0.00866,frames/frame_001194.jpg
1195,19.916667,,0,B,0.11632,0.26975,0.06840,0.00832,frames/frame_001195.jpg
1196,19.933333,,0,P,0.11480,0.26869,0.06901,0.00817,frames/frame_001196.jpg
1197,19.950000,,0,B,0.11492,0.26874,0.06841,0.00818,frames/frame_001197.jpg
1198,19.966667,,0,P,0.11324,0.26748,0.06869,0.00801,frames/frame_001198.jpg
1199,19.983333,,0,B,0.11058,0.25036,0.06672,0.00858,frames/frame_001199.jpg
1200,20.000000,,0,B,0.10676,0.24648,0.06436,0.00907,frames/frame_001200.jpg
1201,20.016667,,0,P,0.10324,0.25439,0.06405,0.00874,frames/frame_001201.jpg
1202,20.033333,,0,B,0.10405,0.24007,0.06352,0.00827,frames/frame_001202.jpg
1203,20.050000,,0,B,0.10408,0.24135,0.06318,0.00693,frames/frame_001203.jpg
1204,20.066667,,0,B,0.10492,0.23830,0.06364,0.00742,frames/frame_001204.jpg
1205,20.083333,,0,P,0.10350,0.24880,0.06299,0.00797,frames/frame_001205.jpg
1206,20.100000,,0,B,0.10428,0.23696,0.06236,0.00826,frames/frame_001206.jpg
1207,20.116667,,0,P,0.10327,0.23717,0.06173,0.00781,frames/frame_001207.jpg
1208,20.133333,,0,B,0.10372,0.23663,0.06206,0.00675,frames/frame_001208.jpg
1209,20.150000,,0,B,0.10470,0.23887,0.06161,0.00694,frames/frame_001209.jpg
1210,20.166667,,0,P,0.10382,0.23987,0.06131,0.00708,frames/frame_001210.jpg
1211,20.183333,,0,B,0.10552,0.23847,0.06099,0.00730,frames/frame_001211.jpg
1212,20.200000,,0,B,0.10507,0.23785,0.05994,0.00660,frames/frame_001212.jpg
1213,20.216667,,0,B,0.10531,0.24149,0.06025,0.00709,frames/frame_001213.jpg
1214,20.233333,,0,P,0.10393,0.24531,0.05993,0.00725,frames/frame_001214.jpg
1215,20.250000,,0,B,0.10792,0.24503,0.06342,0.00930,frames/frame_001215.jpg
1216,20.266667,,0,B,0.10838,0.24249,0.06412,0.00687,frames/frame_001216.jpg
1217,20.283333,,0,B,0.11653,0.28606,0.06812,0.03330,frames/frame_001217.jpg
1218,20.300000,,0,P,0.11380,0.29518,0.06524,0.01974,frames/frame_001218.jpg
1219,20.316667,,0,B,0.11447,0.29425,0.06482,0.01812,frames/frame_001219.jpg
1220,20.333333,,0,P,0.11314,0.29960,0.06439,0.01654,frames/frame_001220.jpg
1221,20.350000,,0,B,0.11360,0.29685,0.06325,0.01515,frames/frame_001221.jpg
1222,20.366667,,0,P,0.11239,0.29877,0.06275,0.01364,frames/frame_001222.jpg
1223,20.383333,,0,B,0.11306,0.29822,0.06228,0.01231,frames/frame_001223.jpg
1224,20.400000,,0,P,0.11180,0.29774,0.06263,0.01112,frames/frame_001224.jpg
1225,20.416667,,0,B,0.11141,0.29334,0.06064,0.00983,frames/frame_001225.jpg
1226,20.433333,,0,B,0.11176,0.29646,0.06003,0.00893,frames/frame_001226.jpg
1227,20.450000,,0,P,0.10996,0.29319,0.06045,0.00848,frames/frame_001227.jpg
1228,20.466667,,0,B,0.10714,0.29028,0.05878,0.00835,frames/frame_001228.jpg
1229,20.483333,,0,B,0.10480,0.27872,0.05778,0.00759,frames/frame_001229.jpg
1230,20.500000,,0,P,0.09898,0.28389,0.05627,0.00960,frames/frame_001230.jpg
1231,20.516667,,0,B,0.09957,0.27907,0.05576,0.00583,frames/frame_001231.jpg
1232,20.533333,,0,B,0.09961,0.27255,0.05554,0.00649,frames/frame_001232.jpg
1233,20.550000,,0,P,0.09878,0.28230,0.05624,0.00554,frames/frame_001233.jpg
1234,20.566667,,0,B,0.09937,0.28143,0.05634,0.00540,frames/frame_001234.jpg
1235,20.583333,,0,B,0.10044,0.27567,0.05707,0.00534,frames/frame_001235.jpg
1236,20.600000,,0,P,0.09964,0.27893,0.05736,0.00536,frames/frame_001236.jpg
1237,20.616667,,0,B,0.10062,0.27163,0.05678,0.00598,frames/frame_001237.jpg
1238,20.633333,,0,P,0.10004,0.27732,0.05679,0.00636,frames/frame_001238.jpg
1239,20.650000,,0,B,0.10114,0.26962,0.05608,0.00730,frames/frame_001239.jpg
1240,20.666667,,0,P,0.10046,0.26899,0.05584,0.00722,frames/frame_001240.jpg
1241,20.683333,,0,B,0.10150,0.25818,0.05656,0.00911,frames/frame_001241.jpg
1242,20.700000,,0,B,0.10445,0.26049,0.05946,0.00849,frames/frame_001242.jpg
1243,20.716667,,0,B,0.10533,0.26177,0.05992,0.00568,frames/frame_001243.jpg
1244,20.733333,,0,P,0.10484,0.26055,0.06140,0.00628,frames/frame_001244.jpg
1245,20.750000,,0,B,0.10579,0.26162,0.06070,0.00614,frames/frame_001245.jpg
1246,20.766667,,0,P,0.10557,0.26255,0.06302,0.00600,frames/frame_001246.jpg
1247,20.783333,,0,B,0.10585,0.25897,0.06301,0.00593,frames/frame_001247.jpg
1248,20.800000,,0,B,0.10664,0.26082,0.06298,0.00611,frames/frame_001248.jpg
1249,20.816667,,0,P,0.10590,0.26375,0.06417,0.00609,frames/frame_001249.jpg
1250,20.833333,,0,B,0.10673,0.26704,0.06364,0.00647,frames/frame_001250.jpg
1251,20.850000,,0,P,0.11643,0.29751,0.07191,0.02391,frames/frame_001251.jpg
1252,20.866667,,0,B,0.11572,0.29729,0.06964,0.01950,frames/frame_001252.jpg
1253,20.883333,,0,P,0.11405,0.29792,0.06962,0.01746,frames/frame_001253.jpg
1254,20.900000,,0,B,0.11411,0.30127,0.06780,0.01638,frames/frame_001254.jpg
1255,20.916667,,0,P,0.11262,0.29938,0.06794,0.01454,frames/frame_001255.jpg
1256,20.933333,,0,P,0.11257,0.30027,0.06846,0.01315,frames/frame_001256.jpg
1257,20.950000,,0,B,0.11309,0.30197,0.06755,0.01263,frames/frame_001257.jpg
1258,20.966667,,0,P,0.11197,0.29976,0.06873,0.01090,frames/frame_001258.jpg
1259,20.983333,,0,P,0.11180,0.29848,0.06860,0.01047,frames/frame_001259.jpg
1260,21.000000,,1,I,0.10588,0.26479,0.06553,0.01416,frames/frame_001260.jpg
1261,21.016667,,0,B,0.10594,0.26026,0.06481,0.00838,frames/frame_001261.jpg
1262,21.033333,,0,B,0.10621,0.26053,0.06457,0.00758,frames/frame_001262.jpg
1263,21.050000,,0,P,0.10462,0.26368,0.06464,0.00748,frames/frame_001263.jpg
1264,21.066667,,0,P,0.10426,0.26115,0.06499,0.00661,frames/frame_001264.jpg
1265,21.083333,,0,P,0.10408,0.25909,0.06585,0.00604,frames/frame_001265.jpg
1266,21.100000,,0,B,0.10502,0.25033,0.06583,0.00664,frames/frame_001266.jpg
1267,21.116667,,0,B,0.10412,0.24800,0.06705,0.00808,frames/frame_001267.jpg
1268,21.133333,,0,B,0.10563,0.24038,0.06929,0.01020,frames/frame_001268.jpg
1269,21.150000,,0,P,0.10627,0.23899,0.07248,0.01393,frames/frame_001269.jpg
1270,21.166667,,0,B,0.10799,0.22876,0.07464,0.01461,frames/frame_001270.jpg
1271,21.183333,,0,P,0.10812,0.22504,0.07488,0.01339,frames/frame_001271.jpg
1272,21.200000,,0,B,0.10893,0.21710,0.07353,0.01143,frames/frame_001272.jpg
1273,21.216667,,0,P,0.11000,0.21789,0.07467,0.00802,frames/frame_001273.jpg
1274,21.233333,,0,P,0.11203,0.21864,0.07628,0.01367,frames/frame_001274.jpg
1275,21.250000,,0,P,0.11374,0.21782,0.07640,0.01745,frames/frame_001275.jpg
1276,21.266667,,0,P,0.11436,0.22189,0.07713,0.01612,frames/frame_001276.jpg
1277,21.283333,,0,B,0.11573,0.22199,0.07738,0.01068,frames/frame_001277.jpg
1278,21.300000,,0,P,0.11550,0.22297,0.07793,0.01151,frames/frame_001278.jpg
1279,21.316667,,0,B,0.11646,0.22774,0.07708,0.01246,frames/frame_001279.jpg
1280,21.333333,,0,B,0.11557,0.22974,0.07626,0.01269,frames/frame_001280.jpg
1281,21.350000,,0,B,0.12160,0.21850,0.07760,0.02336,frames/frame_001281.jpg
1282,21.366667,,0,P,0.11546,0.23258,0.07383,0.02771,frames/frame_001282.jpg
1283,21.383333,,0,P,0.11690,0.23814,0.07378,0.01514,frames/frame_001283.jpg
1284,21.400000,,0,P,0.11788,0.23974,0.07272,0.01533,frames/frame_001284.jpg
1285,21.416667,,0,P,0.11834,0.24418,0.07259,0.01488,frames/frame_001285.jpg
1286,21.433333,,0,P,0.11916,0.24439,0.07166,0.01465,frames/frame_001286.jpg
1287,21.450000,,0,P,0.11972,0.24539,0.06969,0.01454,frames/frame_001287.jpg
1288,21.466667,,0,P,0.11934,0.24887,0.06826,0.01395,frames/frame_001288.jpg
1289,21.483333,,0,B,0.11812,0.24507,0.06639,0.01411,frames/frame_001289.jpg
1290,21.500000,,0,B,0.11192,0.24675,0.06042,0.01553,frames/frame_001290.jpg
1291,21.516667,,0,P,0.10970,0.25175,0.06062,0.01171,frames/frame_001291.jpg
1292,21.533333,,0,P,0.11032,0.24925,0.06085,0.01046,frames/frame_001292.jpg
1293,21.550000,,0,P,0.11066,0.25290,0.05985,0.01033,frames/frame_001293.jpg
1294,21.566667,,0,P,0.11099,0.25223,0.05985,0.00979,frames/frame_001294.jpg
1295,21.583333,,0,P,0.11108,0.25446,0.06017,0.00965,frames/frame_001295.jpg
1296,21.600000,,0,P,0.11232,0.25887,0.06119,0.01038,frames/frame_001296.jpg
1297,21.616667,,0,P,0.11273,0.25931,0.06226,0.01076,frames/frame_001297.jpg
1298,21.633333,,0,P,0.11326,0.25996,0.06287,0.00923,frames/frame_001298.jpg
1299,21.650000,,0,P,0.11388,0.26192,0.06342,0.00908,frames/frame_001299.jpg
1300,21.666667,,0,P,0.11421,0.26480,0.06431,0.00903,frames/frame_001300.jpg
1301,21.683333,,0,P,0.11432,0.26635,0.06443,0.00856,frames/frame_001301.jpg
1302,21.700000,,0,P,0.11439,0.26994,0.06486,0.00822,frames/frame_001302.jpg
1303,21.716667,,0,B,0.11493,0.27549,0.06224,0.00793,frames/frame_001303.jpg
1304,21.733333,,0,P,0.11410,0.27208,0.06435,0.00777,frames/frame_001304.jpg
1305,21.750000,,0,B,0.11327,0.27284,0.06277,0.00787,frames/frame_001305.jpg
1306,21.766667,,0,B,0.11354,0.28004,0.06244,0.00771,frames/frame_001306.jpg
1307,21.783333,,0,P,0.11184,0.27577,0.06360,0.00826,frames/frame_001307.jpg
1308,21.800000,,0,B,0.11282,0.28642,0.06213,0.00820,frames/frame_001308.jpg
1309,21.816667,,0,P,0.11196,0.28087,0.06343,0.00801,frames/frame_001309.jpg
1310,21.833333,,0,B,0.11268,0.28494,0.06240,0.00835,frames/frame_001310.jpg
1311,21.850000,,0,P,0.11170,0.28321,0.06383,0.00842,frames/frame_001311.jpg
1312,21.866667,,0,B,0.11243,0.29191,0.06261,0.00850,frames/frame_001312.jpg
1313,21.883333,,0,P,0.11177,0.28304,0.06351,0.00867,frames/frame_001313.jpg
1314,21.900000,,0,B,0.11262,0.28928,0.06281,0.00897,frames/frame_001314.jpg
1315,21.916667,,0,P,0.11178,0.28524,0.06429,0.00899,frames/frame_001315.jpg
1316,21.933333,,0,B,0.11272,0.29235,0.06458,0.00904,frames/frame_001316.jpg
1317,21.950000,,0,P,0.11193,0.28845,0.06470,0.00910,frames/frame_001317.jpg
1318,21.966667,,0,B,0.11204,0.28826,0.06387,0.00939,frames/frame_001318.jpg
1319,21.983333,,0,B,0.11014,0.27930,0.06424,0.00973,frames/frame_001319.jpg
1320,22.000000,,0,B,0.10790,0.27050,0.06249,0.01007,frames/frame_001320.jpg
1321,22.016667,,0,P,0.10499,0.25604,0.06329,0.01057,frames/frame_001321.jpg
1322,22.033333,,0,B,0.10649,0.25755,0.06297,0.00978,frames/frame_001322.jpg
1323,22.050000,,0,P,0.10561,0.25573,0.06211,0.00978,frames/frame_001323.jpg
1324,22.066667,,0,P,0.11601,0.26724,0.07298,0.01921,frames/frame_001324.jpg
1325,22.083333,,0,P,0.11948,0.27505,0.07765,0.01878,frames/frame_001325.jpg
1326,22.100000,,0,B,0.12328,0.27239,0.07252,0.01359,frames/frame_001326.jpg
1327,22.116667,,0,B,0.12380,0.27051,0.06483,0.01886,frames/frame_001327.jpg
1328,22.133333,,0,B,0.12805,0.26916,0.06598,0.02015,frames/frame_001328.jpg
1329,22.150000,,0,P,0.13264,0.26712,0.07172,0.02321,frames/frame_001329.jpg
1330,22.166667,,0,B,0.13849,0.26021,0.07156,0.02905,frames/frame_001330.jpg
1331,22.183333,,0,B,0.14129,0.26211,0.07135,0.02995,frames/frame_001331.jpg
1332,22.200000,,0,B,0.14171,0.26855,0.07082,0.02979,frames/frame_001332.jpg
1333,22.216667,,0,P,0.14768,0.27366,0.07597,0.03117,frames/frame_001333.jpg
1334,22.233333,,0,B,0.15020,0.27794,0.07772,0.03129,frames/frame_001334.jpg
1335,22.250000,,0,B,0.15502,0.27919,0.08201,0.03035,frames/frame_001335.jpg
1336,22.266667,,0,B,0.15835,0.28171,0.08635,0.03169,frames/frame_001336.jpg
1337,22.283333,,0,P,0.16399,0.28827,0.09280,0.03254,frames/frame_001337.jpg
1338,22.300000,,0,B,0.16920,0.29750,0.09137,0.03252,frames/frame_001338.jpg
1339,22.316667,,0,B,0.18209,0.32100,0.09460,0.03580,frames/frame_001339.jpg
1340,22.333333,,0,B,0.19633,0.34362,0.09970,0.04026,frames/frame_001340.jpg
1341,22.350000,,0,P,0.21054,0.37880,0.10082,0.03962,frames/frame_001341.jpg
1342,22.366667,,0,B,0.22805,0.42569,0.10711,0.04392,frames/frame_001342.jpg
1343,22.383333,,0,B,0.25255,0.48300,0.10784,0.04668,frames/frame_001343.jpg
1344,22.400000,,0,B,0.28788,0.53422,0.10999,0.05144,frames/frame_001344.jpg
1345,22.416667,,0,P,0.36198,0.56724,0.09857,0.07606,frames/frame_001345.jpg
1346,22.433333,,0,P,0.51461,0.45795,0.07093,0.14773,frames/frame_001346.jpg
1347,22.450000,,0,P,0.68177,0.35456,0.06037,0.16481,frames/frame_001347.jpg
1348,22.466667,,0,P,0.83688,0.25592,0.05755,0.15428,frames/frame_001348.jpg
1349,22.483333,,0,P,0.94815,0.12735,0.05853,0.11782,frames/frame_001349.jpg
1350,22.500000,,0,P,0.99104,0.04237,0.05967,0.05020,frames/frame_001350.jpg
1351,22.516667,,0,B,0.88442,0.03300,0.05366,0.10616,frames/frame_001351.jpg
1352,22.533333,,0,B,0.88441,0.03303,0.05366,0.00002,frames/frame_001352.jpg
1353,22.550000,,0,B,0.88397,0.03816,0.05381,0.00266,frames/frame_001353.jpg
1354,22.566667,,0,P,0.88304,0.04705,0.05362,0.00344,frames/frame_001354.jpg
1355,22.583333,,0,B,0.88362,0.04728,0.05383,0.00092,frames/frame_001355.jpg
1356,22.600000,,0,B,0.88389,0.04740,0.05407,0.00053,frames/frame_001356.jpg
1357,22.616667,,0,B,0.88434,0.04719,0.05409,0.00067,frames/frame_001357.jpg
1358,22.633333,,0,P,0.88454,0.04724,0.05426,0.00047,frames/frame_001358.jpg
1359,22.650000,,0,B,0.88672,0.04311,0.05408,0.00357,frames/frame_001359.jpg
1360,22.666667,,0,B,0.88766,0.04336,0.05403,0.00136,frames/frame_001360.jpg
1361,22.683333,,0,B,0.88925,0.04738,0.05391,0.00366,frames/frame_001361.jpg
1362,22.700000,,0,P,0.89020,0.04758,0.05378,0.00193,frames/frame_001362.jpg
1363,22.716667,,0,B,0.89034,0.04716,0.05370,0.00099,frames/frame_001363.jpg
1364,22.733333,,0,B,0.89029,0.04740,0.05374,0.00031,frames/frame_001364.jpg
1365,22.750000,,0,B,0.89030,0.04784,0.05372,0.00051,frames/frame_001365.jpg
1366,22.766667,,0,P,0.57315,0.10665,0.15481,0.31446,frames/frame_001366.jpg
1367,22.783333,,0,P,0.60407,0.10048,0.15016,0.08512,frames/frame_001367.jpg
1368,22.800000,,0,P,0.32230,0.04578,0.09896,0.78078,frames/frame_001368.jpg
1369,22.816667,,0,P,0.31440,0.04827,0.09927,0.02068,frames/frame_001369.jpg
1370,22.833333,,0,B,0.31129,0.04813,0.09668,0.00912,frames/frame_001370.jpg
1371,22.850000,,0,P,0.30980,0.04817,0.09625,0.00764,frames/frame_001371.jpg
1372,22.866667,,0,P,0.30934,0.04951,0.09796,0.00373,frames/frame_001372.jpg
1373,22.883333,,0,B,0.30930,0.04802,0.09721,0.00396,frames/frame_001373.jpg
1374,22.900000,,0,P,0.30943,0.04960,0.09705,0.00125,frames/frame_001374.jpg
1375,22.916667,,0,B,0.30943,0.04870,0.09671,0.00173,frames/frame_001375.jpg
1376,22.933333,,0,P,0.31000,0.05104,0.09738,0.00376,frames/frame_001376.jpg
1377,22.950000,,0,P,0.31000,0.05023,0.09651,0.00263,frames/frame_001377.jpg
1378,22.966667,,0,P,0.31005,0.05037,0.09602,0.00158,frames/frame_001378.jpg
1379,22.983333,,0,P,0.31050,0.04833,0.09569,0.00213,frames/frame_001379.jpg
1380,23.000000,,0,P,0.73157,0.06251,0.07384,0.41609,frames/frame_001380.jpg
1381,23.016667,,0,P,0.85677,0.05661,0.07746,0.17550,frames/frame_001381.jpg
1382,23.033333,,0,P,0.66139,0.06809,0.04745,0.23809,frames/frame_001382.jpg
1383,23.050000,,0,P,0.13104,0.05133,0.06555,0.55546,frames/frame_001383.jpg
1384,23.066667,,0,P,0.15943,0.05353,0.08182,0.08322,frames/frame_001384.jpg
1385,23.083333,,0,P,0.16567,0.05586,0.08347,0.07326,frames/frame_001385.jpg
1386,23.100000,,0,P,0.16921,0.04943,0.08919,0.06959,frames/frame_001386.jpg
1387,23.116667,,0,P,0.16377,0.05183,0.08829,0.04616,frames/frame_001387.jpg
1388,23.133333,,0,P,0.19159,0.04537,0.10128,0.07483,frames/frame_001388.jpg
1389,23.150000,,0,P,0.19274,0.04748,0.10384,0.05335,frames/frame_001389.jpg
1390,23.166667,,0,P,0.22724,0.04963,0.12642,0.08579,frames/frame_001390.jpg
1391,23.183333,,0,P,0.22561,0.04808,0.12466,0.06452,frames/frame_001391.jpg
1392,23.200000,,0,B,0.21447,0.04879,0.12016,0.05862,frames/frame_001392.jpg
1393,23.216667,,0,P,0.19683,0.04524,0.11523,0.02985,frames/frame_001393.jpg
1394,23.233333,,0,B,0.18260,0.04022,0.10472,0.02116,frames/frame_001394.jpg
1395,23.250000,,0,P,0.17182,0.03912,0.09743,0.01472,frames/frame_001395.jpg
1396,23.266667,,0,B,0.16472,0.03707,0.09458,0.01011,frames/frame_001396.jpg
1397,23.283333,,0,B,0.15976,0.03603,0.09191,0.00702,frames/frame_001397.jpg
1398,23.300000,,0,B,0.15684,0.03584,0.09235,0.00495,frames/frame_001398.jpg
1399,23.316667,,0,P,0.15462,0.03695,0.09175,0.00407,frames/frame_001399.jpg
1400,23.333333,,0,B,0.15332,0.03632,0.09195,0.00317,frames/frame_001400.jpg
1401,23.350000,,0,B,0.15237,0.03514,0.09123,0.00225,frames/frame_001401.jpg
1402,23.366667,,0,P,0.15186,0.03549,0.09175,0.00265,frames/frame_001402.jpg
1403,23.383333,,0,P,0.43071,0.07425,0.15142,0.41147,frames/frame_001403.jpg
1404,23.400000,,0,P,0.47073,0.07443,0.16807,0.08467,frames/frame_001404.jpg
1405,23.416667,,0,P,0.45186,0.06470,0.12397,0.76979,frames/frame_001405.jpg
1406,23.433333,,0,B,0.44280,0.06373,0.12248,0.01899,frames/frame_001406.jpg
1407,23.450000,,0,B,0.43874,0.06438,0.12281,0.01852,frames/frame_001407.jpg
1408,23.466667,,0,P,0.43689,0.06312,0.12420,0.00712,frames/frame_001408.jpg
1409,23.483333,,0,B,0.43625,0.06266,0.12175,0.00585,frames/frame_001409.jpg
1410,23.500000,,0,B,0.43615,0.06365,0.12396,0.00583,frames/frame_001410.jpg
1411,23.516667,,0,B,0.43648,0.06400,0.12342,0.00399,frames/frame_001411.jpg
1412,23.533333,,0,P,0.43659,0.06170,0.12475,0.00469,frames/frame_001412.jpg
1413,23.550000,,0,B,0.43690,0.06191,0.12481,0.00197,frames/frame_001413.jpg
1414,23.566667,,0,P,0.43749,0.06324,0.12435,0.00237,frames/frame_001414.jpg
1415,23.583333,,0,P,0.43772,0.06310,0.12506,0.00191,frames/frame_001415.jpg
1416,23.600000,,0,P,0.74844,0.06379,0.09896,0.31510,frames/frame_001416.jpg
1417,23.616667,,0,P,0.86403,0.05517,0.08564,0.13980,frames/frame_001417.jpg
1418,23.633333,,0,P,0.65804,0.06803,0.04105,0.22754,frames/frame_001418.jpg
1419,23.650000,,0,P,0.09811,0.03936,0.06813,0.55864,frames/frame_001419.jpg
1420,23.666667,,0,B,0.09751,0.03433,0.06776,0.00777,frames/frame_001420.jpg
1421,23.683333,,0,B,0.09704,0.03479,0.06771,0.00420,frames/frame_001421.jpg
1422,23.700000,,0,B,0.09687,0.03637,0.06761,0.00119,frames/frame_001422.jpg
1423,23.716667,,0,P,0.09678,0.03355,0.06805,0.00214,frames/frame_001423.jpg
1424,23.733333,,0,B,0.09686,0.03173,0.06818,0.00159,frames/frame_001424.jpg
1425,23.750000,,0,B,0.09696,0.03096,0.06814,0.00148,frames/frame_001425.jpg
1426,23.766667,,0,B,0.09700,0.03014,0.06819,0.00106,frames/frame_001426.jpg
1427,23.783333,,0,P,0.09708,0.03148,0.06794,0.00141,frames/frame_001427.jpg
1428,23.800000,,0,B,0.09724,0.03011,0.06806,0.00101,frames/frame_001428.jpg
1429,23.816667,,0,B,0.09728,0.03144,0.06801,0.00081,frames/frame_001429.jpg
1430,23.833333,,0,B,0.09722,0.03043,0.06800,0.00132,frames/frame_001430.jpg
1431,23.850000,,0,P,0.09719,0.03211,0.06798,0.00098,frames/frame_001431.jpg
1432,23.866667,,0,P,0.64982,0.07712,0.18165,0.57400,frames/frame_001432.jpg
1433,23.883333,,0,P,0.76248,0.06725,0.18346,0.19718,frames/frame_001433.jpg
1434,23.900000,,0,P,0.51715,0.23875,0.06283,0.34640,frames/frame_001434.jpg
1435,23.916667,,0,P,0.20627,0.66314,0.09678,0.33818,frames/frame_001435.jpg
1436,23.933333,,0,P,0.20829,0.67953,0.09088,0.05749,frames/frame_001436.jpg
1437,23.950000,,0,P,0.20415,0.67863,0.08994,0.03024,frames/frame_001437.jpg
1438,23.966667,,0,P,0.20719,0.67790,0.09032,0.02175,frames/frame_001438.jpg
1439,23.983333,,0,P,0.20436,0.69871,0.09071,0.02604,frames/frame_001439.jpg
1440,24.000000,,1,I,0.20381,0.70222,0.09120,0.00802,frames/frame_001440.jpg
1441,24.016667,,0,B,0.20296,0.70106,0.09171,0.00346,frames/frame_001441.jpg
1442,24.033333,,0,B,0.20287,0.69666,0.09275,0.00471,frames/frame_001442.jpg
1443,24.050000,,0,P,0.20038,0.69730,0.08916,0.01882,frames/frame_001443.jpg
1444,24.066667,,0,P,0.16585,0.63318,0.07597,0.09492,frames/frame_001444.jpg
1445,24.083333,,0,P,0.08572,0.28537,0.04146,0.12119,frames/frame_001445.jpg
1446,24.100000,,0,B,0.04168,0.08486,0.00749,0.04437,frames/frame_001446.jpg
1447,24.116667,,0,P,0.06189,0.06047,0.02573,0.02208,frames/frame_001447.jpg
1448,24.133333,,0,P,0.08860,0.06219,0.05036,0.03782,frames/frame_001448.jpg
1449,24.150000,,0,P,0.10859,0.06453,0.06974,0.04822,frames/frame_001449.jpg
1450,24.166667,,0,P,0.12069,0.06698,0.07911,0.05448,frames/frame_001450.jpg
1451,24.183333,,0,B,0.12476,0.06468,0.08151,0.02624,frames/frame_001451.jpg
1452,24.200000,,0,B,0.12381,0.06478,0.08152,0.00800,frames/frame_001452.jpg
1453,24.216667,,0,B,0.12022,0.06321,0.08090,0.01954,frames/frame_001453.jpg
1454,24.233333,,0,P,0.11729,0.06308,0.07713,0.01723,frames/frame_001454.jpg
1455,24.250000,,0,P,0.12161,0.06080,0.07828,0.00514,frames/frame_001455.jpg
1456,24.266667,,0,P,0.13720,0.08360,0.07791,0.01594,frames/frame_001456.jpg
1457,24.283333,,0,P,0.12512,0.07166,0.07663,0.01227,frames/frame_001457.jpg
1458,24.300000,,0,B,0.09864,0.07180,0.05997,0.02646,frames/frame_001458.jpg
1459,24.316667,,0,P,0.06156,0.08269,0.04238,0.03706,frames/frame_001459.jpg
1460,24.333333,,0,B,0.07023,0.10073,0.05911,0.01416,frames/frame_001460.jpg
1461,24.350000,,0,B,0.06793,0.09526,0.05427,0.01842,frames/frame_001461.jpg
1462,24.366667,,0,B,0.06606,0.08668,0.04999,0.01736,frames/frame_001462.jpg
1463,24.383333,,0,P,0.06690,0.08419,0.05071,0.01416,frames/frame_001463.jpg
1464,24.400000,,0,B,0.06739,0.08439,0.05115,0.01233,frames/frame_001464.jpg
1465,24.416667,,0,B,0.06744,0.08912,0.04976,0.01079,frames/frame_001465.jpg
1466,24.433333,,0,B,0.06791,0.09221,0.05170,0.01000,frames/frame_001466.jpg
1467,24.450000,,0,P,0.06815,0.09622,0.05215,0.00976,frames/frame_001467.jpg
1468,24.466667,,0,P,0.06820,0.09565,0.05130,0.00847,frames/frame_001468.jpg
1469,24.483333,,0,B,0.06842,0.09663,0.05138,0.00841,frames/frame_001469.jpg
1470,24.500000,,0,B,0.06728,0.09546,0.04931,0.00775,frames/frame_001470.jpg
1471,24.516667,,0,B,0.06732,0.09148,0.04853,0.00626,frames/frame_001471.jpg
1472,24.533333,,0,P,0.06655,0.09328,0.04772,0.00578,frames/frame_001472.jpg
1473,24.550000,,0,P,0.06615,0.09586,0.04683,0.00532,frames/frame_001473.jpg
1474,24.566667,,0,P,0.06782,0.09643,0.04678,0.00685,frames/frame_001474.jpg
1475,24.583333,,0,P,0.06810,0.09744,0.04582,0.00499,frames/frame_001475.jpg
1476,24.600000,,0,P,0.06801,0.09804,0.04440,0.00444,frames/frame_001476.jpg
1477,24.616667,,0,P,0.06781,0.10035,0.04346,0.00455,frames/frame_001477.jpg
1478,24.633333,,0,P,0.06769,0.10143,0.04337,0.00428,frames/frame_001478.jpg
1479,24.650000,,0,P,0.06759,0.10529,0.04256,0.00394,frames/frame_001479.jpg
1480,24.666667,,0,P,0.06797,0.10383,0.04260,0.00435,frames/frame_001480.jpg
1481,24.683333,,0,P,0.06784,0.10516,0.04142,0.00413,frames/frame_001481.jpg
1482,24.700000,,0,P,0.06802,0.11139,0.04142,0.00429,frames/frame_001482.jpg
1483,24.716667,,0,P,0.06790,0.11191,0.04069,0.00358,frames/frame_001483.jpg
1484,24.733333,,0,P,0.06736,0.11325,0.04005,0.00317,frames/frame_001484.jpg
1485,24.750000,,0,B,0.06809,0.11941,0.03921,0.00388,frames/frame_001485.jpg
1486,24.766667,,0,B,0.06781,0.12262,0.03874,0.00305,frames/frame_001486.jpg
1487,24.783333,,0,B,0.06877,0.13279,0.03874,0.00617,frames/frame_001487.jpg
1488,24.800000,,0,P,0.06944,0.14094,0.03869,0.00436,frames/frame_001488.jpg
1489,24.816667,,0,B,0.07037,0.13997,0.03819,0.00526,frames/frame_001489.jpg
1490,24.833333,,0,B,0.06995,0.14278,0.03923,0.00391,frames/frame_001490.jpg
1491,24.850000,,0,B,0.07028,0.14604,0.03892,0.00528,frames/frame_001491.jpg
1492,24.866667,,0,P,0.06947,0.15144,0.03994,0.00467,frames/frame_001492.jpg
1493,24.883333,,0,B,0.07092,0.14695,0.04032,0.00509,frames/frame_001493.jpg
1494,24.900000,,0,B,0.07205,0.14633,0.04280,0.00584,frames/frame_001494.jpg
1495,24.916667,,0,B,0.07313,0.14879,0.04381,0.00483,frames/frame_001495.jpg
1496,24.933333,,0,P,0.07326,0.14898,0.04552,0.00551,frames/frame_001496.jpg
1497,24.950000,,0,B,0.07422,0.15296,0.04539,0.00437,frames/frame_001497.jpg
1498,24.966667,,0,B,0.07395,0.15127,0.04578,0.00412,frames/frame_001498.jpg
1499,24.983333,,0,B,0.07452,0.15374,0.04612,0.00385,frames/frame_001499.jpg
1500,25.000000,,0,P,0.07389,0.16122,0.04580,0.00417,frames/frame_001500.jpg
1501,25.016667,,0,B,0.07614,0.17657,0.04528,0.00530,frames/frame_001501.jpg
1502,25.033333,,0,B,0.07766,0.17868,0.04643,0.00424,frames/frame_001502.jpg
1503,25.050000,,0,B,0.07793,0.18078,0.04733,0.00432,frames/frame_001503.jpg
1504,25.066667,,0,P,0.07736,0.18703,0.04793,0.00441,frames/frame_001504.jpg
1505,25.083333,,0,B,0.07871,0.18495,0.04914,0.00475,frames/frame_001505.jpg
1506,25.100000,,0,B,0.08822,0.14562,0.05294,0.01403,frames/frame_001506.jpg
1507,25.116667,,0,B,0.08883,0.14824,0.05325,0.00380,frames/frame_001507.jpg
1508,25.133333,,0,P,0.08809,0.14783,0.05363,0.00407,frames/frame_001508.jpg
1509,25.150000,,0,B,0.08905,0.14535,0.05441,0.00402,frames/frame_001509.jpg
1510,25.166667,,0,B,0.08862,0.14353,0.05426,0.00324,frames/frame_001510.jpg
1511,25.183333,,0,B,0.08851,0.14290,0.05405,0.00315,frames/frame_001511.jpg
1512,25.200000,,0,P,0.08774,0.14184,0.05443,0.00352,frames/frame_001512.jpg
1513,25.216667,,0,B,0.08860,0.14569,0.05448,0.00382,frames/frame_001513.jpg
1514,25.233333,,0,B,0.08851,0.14901,0.05425,0.00329,frames/frame_001514.jpg
1515,25.250000,,0,B,0.09042,0.15332,0.05525,0.00895,frames/frame_001515.jpg
1516,25.266667,,0,P,0.09049,0.16051,0.05522,0.00716,frames/frame_001516.jpg
1517,25.283333,,0,B,0.09114,0.16021,0.05561,0.00553,frames/frame_001517.jpg
1518,25.300000,,0,B,0.09092,0.15965,0.05552,0.00637,frames/frame_001518.jpg
1519,25.316667,,0,B,0.09112,0.15860,0.05624,0.00532,frames/frame_001519.jpg
1520,25.333333,,0,P,0.09010,0.15580,0.05716,0.00554,frames/frame_001520.jpg
1521,25.350000,,0,B,0.09049,0.15689,0.05715,0.00534,frames/frame_001521.jpg
1522,25.366667,,0,B,0.09002,0.15678,0.05767,0.00504,frames/frame_001522.jpg
1523,25.383333,,0,B,0.09055,0.15741,0.05810,0.00493,frames/frame_001523.jpg
1524,25.400000,,0,P,0.08968,0.15718,0.05827,0.00461,frames/frame_001524.jpg
1525,25.416667,,0,B,0.09016,0.16069,0.05769,0.00457,frames/frame_001525.jpg
1526,25.433333,,0,B,0.08989,0.15928,0.05740,0.00426,frames/frame_001526.jpg
1527,25.450000,,0,B,0.09022,0.16393,0.05757,0.00384,frames/frame_001527.jpg
1528,25.466667,,0,P,0.08938,0.16330,0.05706,0.00437,frames/frame_001528.jpg
1529,25.483333,,0,B,0.09031,0.16747,0.05694,0.00428,frames/frame_001529.jpg
1530,25.500000,,0,B,0.09044,0.16712,0.05729,0.00388,frames/frame_001530.jpg
1531,25.516667,,0,B,0.09107,0.16730,0.05791,0.00373,frames/frame_001531.jpg
1532,25.533333,,0,P,0.09086,0.17016,0.05902,0.00410,frames/frame_001532.jpg
1533,25.550000,,0,B,0.09233,0.18663,0.05971,0.00481,frames/frame_001533.jpg
1534,25.566667,,0,P,0.13097,0.25270,0.08249,0.04145,frames/frame_001534.jpg
1535,25.583333,,0,P,0.19935,0.19658,0.09831,0.09087,frames/frame_001535.jpg
1536,25.600000,,0,P,0.20932,0.19546,0.11830,0.06214,frames/frame_001536.jpg
1537,25.616667,,0,P,0.21475,0.20757,0.13298,0.07544,frames/frame_001537.jpg
1538,25.633333,,0,B,0.21366,0.23829,0.13923,0.07549,frames/frame_001538.jpg
1539,25.650000,,0,P,0.21729,0.27341,0.14418,0.08065,frames/frame_001539.jpg
1540,25.666667,,0,P,0.22033,0.30537,0.14557,0.06657,frames/frame_001540.jpg
1541,25.683333,,0,P,0.21773,0.32423,0.14084,0.07382,frames/frame_001541.jpg
1542,25.700000,,0,P,0.22376,0.32471,0.14441,0.08374,frames/frame_001542.jpg
1543,25.716667,,0,P,0.23024,0.33551,0.15316,0.07567,frames/frame_001543.jpg
1544,25.733333,,0,P,0.22876,0.34237,0.16184,0.08462,frames/frame_001544.jpg
1545,25.750000,,0,P,0.21796,0.37313,0.15525,0.08393,frames/frame_001545.jpg
1546,25.766667,,0,P,0.21197,0.39370,0.15433,0.07496,frames/frame_001546.jpg
1547,25.783333,,0,P,0.20109,0.41216,0.13624,0.06694,frames/frame_001547.jpg
1548,25.800000,,0,B,0.18564,0.42499,0.11952,0.05837,frames/frame_001548.jpg
1549,25.816667,,0,P,0.19621,0.39799,0.12951,0.06610,frames/frame_001549.jpg
1550,25.833333,,0,P,0.20246,0.39392,0.13516,0.06519,frames/frame_001550.jpg
1551,25.850000,,0,P,0.20629,0.39735,0.13818,0.07046,frames/frame_001551.jpg
1552,25.866667,,0,P,0.20350,0.41698,0.13667,0.07313,frames/frame_001552.jpg
1553,25.883333,,0,P,0.20555,0.43987,0.14076,0.07068,frames/frame_001553.jpg
1554,25.900000,,0,P,0.20345,0.44620,0.13228,0.06507,frames/frame_001554.jpg
1555,25.916667,,0,P,0.19999,0.44867,0.12864,0.06063,frames/frame_001555.jpg
1556,25.933333,,0,P,0.22402,0.42144,0.14322,0.07983,frames/frame_001556.jpg
1557,25.950000,,0,P,0.23115,0.41306,0.14841,0.07863,frames/frame_001557.jpg
1558,25.966667,,0,P,0.23982,0.41097,0.15041,0.07942,frames/frame_001558.jpg
1559,25.983333,,0,B,0.23702,0.42151,0.14803,0.08567,frames/frame_001559.jpg
1560,26.000000,,0,P,0.23074,0.43853,0.14166,0.07392,frames/frame_001560.jpg
1561,26.016667,,0,P,0.23506,0.44900,0.13677,0.06658,frames/frame_001561.jpg
1562,26.033333,,0,P,0.25784,0.42428,0.15029,0.08240,frames/frame_001562.jpg
1563,26.050000,,0,P,0.27755,0.41316,0.16459,0.07541,frames/frame_001563.jpg
1564,26.066667,,0,P,0.29666,0.41100,0.16493,0.08563,frames/frame_001564.jpg
1565,26.083333,,0,P,0.32205,0.41607,0.16906,0.09547,frames/frame_001565.jpg
1566,26.100000,,0,P,0.35814,0.40436,0.16903,0.09810,frames/frame_001566.jpg
1567,26.116667,,0,P,0.38403,0.38841,0.17009,0.09015,frames/frame_001567.jpg
1568,26.133333,,0,P,0.39650,0.38019,0.16231,0.07870,frames/frame_001568.jpg
1569,26.150000,,0,P,0.22614,0.30683,0.11609,0.24288,frames/frame_001569.jpg
1570,26.166667,,0,P,0.23770,0.27756,0.12511,0.09504,frames/frame_001570.jpg
1571,26.183333,,0,P,0.22212,0.27844,0.11477,0.07830,frames/frame_001571.jpg
1572,26.200000,,0,B,0.20031,0.27776,0.08698,0.05273,frames/frame_001572.jpg
1573,26.216667,,0,B,0.19924,0.26784,0.08688,0.04329,frames/frame_001573.jpg
1574,26.233333,,0,P,0.19982,0.26959,0.09410,0.05031,frames/frame_001574.jpg
1575,26.250000,,0,P,0.19118,0.27591,0.09055,0.06259,frames/frame_001575.jpg
1576,26.266667,,0,P,0.18396,0.28229,0.08533,0.05140,frames/frame_001576.jpg
1577,26.283333,,0,B,0.18403,0.27445,0.08010,0.04300,frames/frame_001577.jpg
1578,26.300000,,0,B,0.18271,0.27074,0.07383,0.03876,frames/frame_001578.jpg
1579,26.316667,,0,P,0.18208,0.27673,0.08235,0.03931,frames/frame_001579.jpg
1580,26.333333,,0,P,0.18798,0.27142,0.08688,0.04379,frames/frame_001580.jpg
1581,26.350000,,0,P,0.18874,0.26866,0.08887,0.04152,frames/frame_001581.jpg
1582,26.366667,,0,P,0.18594,0.27536,0.08564,0.04092,frames/frame_001582.jpg
1583,26.383333,,0,P,0.18367,0.27989,0.09277,0.04119,frames/frame_001583.jpg
1584,26.400000,,0,P,0.17991,0.28409,0.09627,0.03800,frames/frame_001584.jpg
1585,26.416667,,0,P,0.17919,0.28813,0.09925,0.03545,frames/frame_001585.jpg
1586,26.433333,,0,P,0.17693,0.29308,0.10231,0.03516,frames/frame_001586.jpg
1587,26.450000,,0,P,0.17061,0.30496,0.09780,0.03321,frames/frame_001587.jpg
1588,26.466667,,0,P,0.15989,0.31668,0.09924,0.03167,frames/frame_001588.jpg
1589,26.483333,,0,B,0.15210,0.26835,0.09463,0.02994,frames/frame_001589.jpg
1590,26.500000,,0,P,0.13786,0.20788,0.09986,0.02996,frames/frame_001590.jpg
1591,26.516667,,0,P,0.13844,0.20301,0.09922,0.02081,frames/frame_001591.jpg
1592,26.533333,,0,P,0.13781,0.20407,0.09793,0.02060,frames/frame_001592.jpg
1593,26.550000,,0,P,0.13621,0.20618,0.09654,0.01965,frames/frame_001593.jpg
1594,26.566667,,0,P,0.13458,0.20636,0.09621,0.01815,frames/frame_001594.jpg
1595,26.583333,,0,P,0.13257,0.20097,0.09282,0.01833,frames/frame_001595.jpg
1596,26.600000,,0,B,0.13670,0.19436,0.09336,0.01832,frames/frame_001596.jpg
1597,26.616667,,0,P,0.16760,0.16251,0.08184,0.05210,frames/frame_001597.jpg
1598,26.633333,,0,P,0.16540,0.15824,0.07716,0.03213,frames/frame_001598.jpg
1599,26.650000,,0,P,0.14840,0.17168,0.08491,0.03018,frames/frame_001599.jpg
1600,26.666667,,0,P,0.14801,0.17453,0.09231,0.02501,frames/frame_001600.jpg
1601,26.683333,,0,P,0.15209,0.17334,0.09577,0.01844,frames/frame_001601.jpg
1602,26.700000,,0,P,0.15624,0.16918,0.09652,0.02142,frames/frame_001602.jpg
1603,26.716667,,0,P,0.15952,0.16563,0.10010,0.02116,frames/frame_001603.jpg
1604,26.733333,,0,P,0.16165,0.16551,0.10088,0.01965,frames/frame_001604.jpg
1605,26.750000,,0,P,0.16310,0.16415,0.09903,0.02041,frames/frame_001605.jpg
1606,26.766667,,0,P,0.16407,0.16346,0.09944,0.02115,frames/frame_001606.jpg
1607,26.783333,,0,P,0.16458,0.16471,0.09950,0.01999,frames/frame_001607.jpg
1608,26.800000,,0,P,0.16412,0.16654,0.09922,0.01968,frames/frame_001608.jpg
1609,26.816667,,0,P,0.16433,0.16538,0.09620,0.01901,frames/frame_001609.jpg
1610,26.833333,,0,P,0.17060,0.16765,0.09961,0.02805,frames/frame_001610.jpg
1611,26.850000,,0,P,0.17355,0.17303,0.10135,0.01971,frames/frame_001611.jpg
1612,26.866667,,0,P,0.15668,0.17879,0.10390,0.03063,frames/frame_001612.jpg
1613,26.883333,,0,P,0.15337,0.18272,0.10319,0.02168,frames/frame_001613.jpg
1614,26.900000,,0,P,0.15348,0.18447,0.10233,0.02088,frames/frame_001614.jpg
1615,26.916667,,0,P,0.15297,0.18470,0.10265,0.02007,frames/frame_001615.jpg
1616,26.933333,,0,P,0.15434,0.18461,0.10278,0.02199,frames/frame_001616.jpg
1617,26.950000,,0,P,0.15912,0.18210,0.10636,0.03106,frames/frame_001617.jpg
1618,26.966667,,0,P,0.16269,0.18855,0.10913,0.02774,frames/frame_001618.jpg
1619,26.983333,,0,P,0.16612,0.18919,0.11060,0.02263,frames/frame_001619.jpg
1620,27.000000,,1,I,0.16711,0.14477,0.11459,0.02940,frames/frame_001620.jpg
1621,27.016667,,0,B,0.16597,0.14482,0.11265,0.02216,frames/frame_001621.jpg
1622,27.033333,,0,P,0.16569,0.14693,0.11187,0.02268,frames/frame_001622.jpg
1623,27.050000,,0,B,0.16592,0.14899,0.11151,0.02321,frames/frame_001623.jpg
1624,27.066667,,0,P,0.18366,0.13419,0.09053,0.06029,frames/frame_001624.jpg
1625,27.083333,,0,P,0.18419,0.13050,0.08176,0.04942,frames/frame_001625.jpg
1626,27.100000,,0,P,0.17901,0.13207,0.07910,0.03335,frames/frame_001626.jpg
1627,27.116667,,0,B,0.16631,0.14219,0.08939,0.02380,frames/frame_001627.jpg
1628,27.133333,,0,P,0.13335,0.17555,0.08890,0.03607,frames/frame_001628.jpg
1629,27.150000,,0,P,0.13256,0.17485,0.08745,0.01312,frames/frame_001629.jpg
1630,27.166667,,0,P,0.13568,0.17469,0.09051,0.01617,frames/frame_001630.jpg
1631,27.183333,,0,P,0.13961,0.17222,0.09380,0.01922,frames/frame_001631.jpg
1632,27.200000,,0,P,0.14338,0.16970,0.09545,0.02133,frames/frame_001632.jpg
1633,27.216667,,0,P,0.14553,0.16726,0.09729,0.02137,frames/frame_001633.jpg
1634,27.233333,,0,P,0.14839,0.16724,0.09999,0.02220,frames/frame_001634.jpg
1635,27.250000,,0,P,0.15036,0.16694,0.09998,0.02268,frames/frame_001635.jpg
1636,27.266667,,0,P,0.15121,0.16868,0.09988,0.02347,frames/frame_001636.jpg
1637,27.283333,,0,P,0.15319,0.16655,0.10143,0.02540,frames/frame_001637.jpg
1638,27.300000,,0,P,0.15416,0.16597,0.10453,0.02593,frames/frame_001638.jpg
1639,27.316667,,0,P,0.15402,0.16896,0.10336,0.02348,frames/frame_001639.jpg
1640,27.333333,,0,P,0.15446,0.17066,0.10124,0.02110,frames/frame_001640.jpg
1641,27.350000,,0,P,0.15556,0.17279,0.10224,0.01950,frames/frame_001641.jpg
1642,27.366667,,0,P,0.15687,0.17205,0.10241,0.01970,frames/frame_001642.jpg
1643,27.383333,,0,P,0.15784,0.17182,0.10271,0.01908,frames/frame_001643.jpg
1644,27.400000,,0,P,0.15918,0.17382,0.10335,0.01897,frames/frame_001644.jpg
1645,27.416667,,0,P,0.16030,0.17360,0.10443,0.01886,frames/frame_001645.jpg
1646,27.433333,,0,P,0.16172,0.17565,0.10460,0.01869,frames/frame_001646.jpg
1647,27.450000,,0,P,0.16282,0.17723,0.10512,0.01893,frames/frame_001647.jpg
1648,27.466667,,0,P,0.16229,0.17736,0.10399,0.01946,frames/frame_001648.jpg
1649,27.483333,,0,B,0.16300,0.17956,0.10184,0.01921,frames/frame_001649.jpg
1650,27.500000,,0,B,0.16142,0.18070,0.10029,0.01871,frames/frame_001650.jpg
1651,27.516667,,0,B,0.17291,0.18166,0.08886,0.05298,frames/frame_001651.jpg
1652,27.533333,,0,P,0.19067,0.19815,0.10116,0.06696,frames/frame_001652.jpg
1653,27.550000,,0,P,0.18866,0.22671,0.10894,0.04977,frames/frame_001653.jpg
1654,27.566667,,0,P,0.18779,0.23661,0.11465,0.03981,frames/frame_001654.jpg
1655,27.583333,,0,P,0.18682,0.24427,0.11662,0.03739,frames/frame_001655.jpg
1656,27.600000,,0,P,0.19036,0.24554,0.12038,0.03487,frames/frame_001656.jpg
1657,27.616667,,0,P,0.19240,0.24757,0.12065,0.03255,frames/frame_001657.jpg
1658,27.633333,,0,P,0.19417,0.25212,0.12775,0.03168,frames/frame_001658.jpg
1659,27.650000,,0,P,0.19636,0.25370,0.12532,0.03126,frames/frame_001659.jpg
1660,27.666667,,0,P,0.19843,0.25653,0.12874,0.02975,frames/frame_001660.jpg
1661,27.683333,,0,P,0.20004,0.25640,0.12395,0.02899,frames/frame_001661.jpg
1662,27.700000,,0,P,0.20114,0.25722,0.12650,0.02652,frames/frame_001662.jpg
1663,27.716667,,0,P,0.20225,0.25632,0.12652,0.02437,frames/frame_001663.jpg
1664,27.733333,,0,B,0.20253,0.25892,0.12249,0.02180,frames/frame_001664.jpg
1665,27.750000,,0,B,0.20161,0.26354,0.12084,0.01993,frames/frame_001665.jpg
1666,27.766667,,0,B,0.20126,0.26489,0.12035,0.01789,frames/frame_001666.jpg
1667,27.783333,,0,P,0.19984,0.26906,0.12197,0.01568,frames/frame_001667.jpg
1668,27.800000,,0,B,0.20166,0.26930,0.12366,0.01330,frames/frame_001668.jpg
1669,27.816667,,0,B,0.20286,0.26965,0.12458,0.01156,frames/frame_001669.jpg
1670,27.833333,,0,B,0.20461,0.27184,0.12454,0.00998,frames/frame_001670.jpg
1671,27.850000,,0,P,0.20487,0.27158,0.12666,0.00890,frames/frame_001671.jpg
1672,27.866667,,0,P,0.20751,0.26260,0.12592,0.04466,frames/frame_001672.jpg
1673,27.883333,,0,P,0.18702,0.24796,0.11652,0.06885,frames/frame_001673.jpg
1674,27.900000,,0,P,0.13770,0.21974,0.08297,0.08477,frames/frame_001674.jpg
1675,27.916667,,0,P,0.08984,0.19324,0.04549,0.04866,frames/frame_001675.jpg
1676,27.933333,,0,P,0.07745,0.20349,0.04146,0.01809,frames/frame_001676.jpg
1677,27.950000,,0,P,0.08072,0.22234,0.05914,0.02550,frames/frame_001677.jpg
1678,27.966667,,0,P,0.10679,0.23922,0.06286,0.03716,frames/frame_001678.jpg
1679,27.983333,,0,P,0.12809,0.20049,0.07022,0.05992,frames/frame_001679.jpg
1680,28.000000,,0,P,0.14360,0.16890,0.07815,0.04966,frames/frame_001680.jpg
1681,28.016667,,0,B,0.14886,0.15525,0.07024,0.03653,frames/frame_001681.jpg
1682,28.033333,,0,P,0.14803,0.14779,0.07730,0.02784,frames/frame_001682.jpg
1683,28.050000,,0,B,0.14125,0.14983,0.07650,0.02207,frames/frame_001683.jpg
1684,28.066667,,0,P,0.12049,0.16898,0.08361,0.02903,frames/frame_001684.jpg
1685,28.083333,,0,P,0.11486,0.16869,0.08002,0.01616,frames/frame_001685.jpg
1686,28.100000,,0,P,0.11263,0.17031,0.07816,0.01365,frames/frame_001686.jpg
1687,28.116667,,0,P,0.11205,0.16993,0.07786,0.01151,frames/frame_001687.jpg
1688,28.133333,,0,B,0.11129,0.17377,0.07653,0.01139,frames/frame_001688.jpg
1689,28.150000,,0,B,0.11022,0.17673,0.07474,0.01008,frames/frame_001689.jpg
1690,28.166667,,0,P,0.10741,0.17534,0.07483,0.00931,frames/frame_001690.jpg
1691,28.183333,,0,B,0.10770,0.17920,0.07461,0.00823,frames/frame_001691.jpg
1692,28.200000,,0,B,0.10785,0.17760,0.07638,0.00794,frames/frame_001692.jpg
1693,28.216667,,0,B,0.11490,0.17361,0.08328,0.01521,frames/frame_001693.jpg
1694,28.233333,,0,P,0.11074,0.17251,0.08230,0.01415,frames/frame_001694.jpg
1695,28.250000,,0,B,0.11127,0.17092,0.08198,0.00820,frames/frame_001695.jpg
1696,28.266667,,0,B,0.11238,0.17568,0.08253,0.00888,frames/frame_001696.jpg
1697,28.283333,,0,P,0.11307,0.17273,0.08375,0.01050,frames/frame_001697.jpg
1698,28.300000,,0,B,0.11601,0.17461,0.08536,0.01076,frames/frame_001698.jpg
1699,28.316667,,0,B,0.11612,0.17387,0.08669,0.00749,frames/frame_001699.jpg
1700,28.333333,,0,B,0.11688,0.17295,0.08706,0.00644,frames/frame_001700.jpg
1701,28.350000,,0,P,0.11613,0.16962,0.08933,0.00793,frames/frame_001701.jpg
1702,28.366667,,0,B,0.11835,0.17232,0.08983,0.00902,frames/frame_001702.jpg
1703,28.383333,,0,B,0.12454,0.17165,0.09529,0.01535,frames/frame_001703.jpg
1704,28.400000,,0,B,0.13350,0.17419,0.10472,0.01514,frames/frame_001704.jpg
1705,28.416667,,0,P,0.13402,0.17483,0.10877,0.01485,frames/frame_001705.jpg
1706,28.433333,,0,B,0.13751,0.17851,0.10330,0.02456,frames/frame_001706.jpg
1707,28.450000,,0,P,0.13033,0.18109,0.09959,0.01752,frames/frame_001707.jpg
1708,28.466667,,0,P,0.12968,0.18271,0.09769,0.01633,frames/frame_001708.jpg
1709,28.483333,,0,B,0.13157,0.18393,0.09719,0.01235,frames/frame_001709.jpg
1710,28.500000,,0,B,0.13049,0.18955,0.09706,0.01186,frames/frame_001710.jpg
1711,28.516667,,0,B,0.13092,0.18944,0.09713,0.01097,frames/frame_001711.jpg
1712,28.533333,,0,P,0.12982,0.19017,0.09904,0.01221,frames/frame_001712.jpg
1713,28.550000,,0,B,0.13203,0.18465,0.09997,0.01267,frames/frame_001713.jpg
1714,28.566667,,0,B,0.13408,0.18678,0.10024,0.01027,frames/frame_001714.jpg
1715,28.583333,,0,P,0.13366,0.18615,0.10251,0.00943,frames/frame_001715.jpg
1716,28.600000,,0,B,0.13474,0.18501,0.10193,0.00943,frames/frame_001716.jpg
1717,28.616667,,0,B,0.13621,0.18569,0.10118,0.00941,frames/frame_001717.jpg
1718,28.633333,,0,P,0.13493,0.18823,0.10332,0.01065,frames/frame_001718.jpg
1719,28.650000,,0,B,0.13971,0.18938,0.10610,0.01155,frames/frame_001719.jpg
1720,28.666667,,0,B,0.14115,0.18895,0.11048,0.01121,frames/frame_001720.jpg
1721,28.683333,,0,B,0.14317,0.18903,0.11061,0.01032,frames/frame_001721.jpg
1722,28.700000,,0,P,0.14283,0.18741,0.11580,0.01256,frames/frame_001722.jpg
1723,28.716667,,0,B,0.14466,0.18628,0.11478,0.01286,frames/frame_001723.jpg
1724,28.733333,,0,B,0.14576,0.18902,0.11285,0.01170,frames/frame_001724.jpg
1725,28.750000,,0,P,0.14418,0.18996,0.11639,0.01426,frames/frame_001725.jpg
1726,28.766667,,0,B,0.14480,0.19094,0.11471,0.01295,frames/frame_001726.jpg
1727,28.783333,,0,P,0.14406,0.19163,0.11843,0.01361,frames/frame_001727.jpg
1728,28.800000,,0,B,0.14470,0.19289,0.11553,0.01376,frames/frame_001728.jpg
1729,28.816667,,0,B,0.14631,0.19327,0.11409,0.01210,frames/frame_001729.jpg
1730,28.833333,,0,P,0.14503,0.19695,0.11751,0.01516,frames/frame_001730.jpg
1731,28.850000,,0,B,0.14561,0.19699,0.11354,0.01470,frames/frame_001731.jpg
1732,28.866667,,0,B,0.14547,0.20150,0.11235,0.01486,frames/frame_001732.jpg
1733,28.883333,,0,P,0.17497,0.22320,0.11004,0.07919,frames/frame_001733.jpg
1734,28.900000,,0,P,0.17603,0.22967,0.11300,0.05182,frames/frame_001734.jpg
1735,28.916667,,0,P,0.17410,0.23834,0.11677,0.04812,frames/frame_001735.jpg
1736,28.933333,,0,P,0.17336,0.23481,0.11495,0.03842,frames/frame_001736.jpg
1737,28.950000,,0,P,0.16009,0.24803,0.11050,0.02966,frames/frame_001737.jpg
1738,28.966667,,0,P,0.15753,0.24936,0.10765,0.03200,frames/frame_001738.jpg
1739,28.983333,,0,B,0.15316,0.25575,0.09815,0.03057,frames/frame_001739.jpg
1740,29.000000,,0,B,0.14462,0.26598,0.09658,0.03339,frames/frame_001740.jpg
1741,29.016667,,0,B,0.14334,0.26882,0.09537,0.01359,frames/frame_001741.jpg
1742,29.033333,,0,P,0.14028,0.27515,0.10068,0.01776,frames/frame_001742.jpg
1743,29.050000,,0,P,0.14041,0.27467,0.09935,0.01870,frames/frame_001743.jpg
1744,29.066667,,0,P,0.14019,0.27548,0.09605,0.01874,frames/frame_001744.jpg
1745,29.083333,,0,B,0.14031,0.27448,0.09232,0.01848,frames/frame_001745.jpg
1746,29.100000,,0,B,0.14157,0.27132,0.09158,0.01062,frames/frame_001746.jpg
1747,29.116667,,0,P,0.14433,0.28276,0.09907,0.01763,frames/frame_001747.jpg
1748,29.133333,,0,P,0.16871,0.29470,0.12045,0.03403,frames/frame_001748.jpg
1749,29.150000,,0,P,0.20139,0.32302,0.12656,0.04811,frames/frame_001749.jpg
1750,29.166667,,0,P,0.20082,0.32588,0.12682,0.02578,frames/frame_001750.jpg
1751,29.183333,,0,B,0.20211,0.32525,0.12556,0.01911,frames/frame_001751.jpg
1752,29.200000,,0,P,0.20050,0.33054,0.12670,0.01497,frames/frame_001752.jpg
1753,29.216667,,0,P,0.20190,0.33571,0.12558,0.01323,frames/frame_001753.jpg
1754,29.233333,,0,B,0.20794,0.33128,0.12645,0.02095,frames/frame_001754.jpg
1755,29.250000,,0,P,0.21718,0.33280,0.13518,0.02331,frames/frame_001755.jpg
1756,29.266667,,0,P,0.22017,0.33033,0.13597,0.01897,frames/frame_001756.jpg
1757,29.283333,,0,P,0.22244,0.32610,0.13709,0.02015,frames/frame_001757.jpg
1758,29.300000,,0,P,0.22244,0.31967,0.13603,0.02200,frames/frame_001758.jpg
1759,29.316667,,0,B,0.22558,0.31351,0.12826,0.02346,frames/frame_001759.jpg
1760,29.333333,,0,P,0.23463,0.31492,0.13033,0.04486,frames/frame_001760.jpg
1761,29.350000,,0,P,0.23899,0.31542,0.13045,0.03097,frames/frame_001761.jpg
1762,29.366667,,0,P,0.24142,0.31610,0.12978,0.02788,frames/frame_001762.jpg
1763,29.383333,,0,P,0.24419,0.31759,0.12768,0.02919,frames/frame_001763.jpg
1764,29.400000,,0,P,0.24453,0.31611,0.12650,0.02999,frames/frame_001764.jpg
1765,29.416667,,0,P,0.24467,0.31905,0.12655,0.03108,frames/frame_001765.jpg
1766,29.433333,,0,P,0.24738,0.32202,0.12680,0.02922,frames/frame_001766.jpg
1767,29.450000,,0,P,0.25058,0.32718,0.12611,0.03100,frames/frame_001767.jpg
1768,29.466667,,0,P,0.25462,0.33188,0.12510,0.03524,frames/frame_001768.jpg
1769,29.483333,,0,B,0.26168,0.33378,0.11747,0.03958,frames/frame_001769.jpg
1770,29.500000,,0,P,0.27187,0.34856,0.11802,0.04270,frames/frame_001770.jpg
1771,29.516667,,0,P,0.27755,0.35169,0.11957,0.03940,frames/frame_001771.jpg
1772,29.533333,,0,P,0.28431,0.35527,0.11905,0.04173,frames/frame_001772.jpg
1773,29.550000,,0,P,0.29074,0.36188,0.11888,0.04113,frames/frame_001773.jpg
1774,29.566667,,0,P,0.30026,0.36855,0.11821,0.04293,frames/frame_001774.jpg
1775,29.583333,,0,P,0.30495,0.37330,0.11629,0.03975,frames/frame_001775.jpg
1776,29.600000,,0,P,0.30893,0.37846,0.11706,0.03737,frames/frame_001776.jpg
1777,29.616667,,0,P,0.31211,0.38687,0.11483,0.03582,frames/frame_001777.jpg
1778,29.633333,,0,P,0.31403,0.39560,0.11321,0.03512,frames/frame_001778.jpg
1779,29.650000,,0,P,0.31574,0.40651,0.11081,0.03575,frames/frame_001779.jpg
1780,29.666667,,0,P,0.31675,0.41240,0.10952,0.03542,frames/frame_001780.jpg
1781,29.683333,,0,P,0.31898,0.42004,0.10843,0.03548,frames/frame_001781.jpg
1782,29.700000,,0,P,0.32131,0.42486,0.10858,0.03597,frames/frame_001782.jpg
1783,29.716667,,0,P,0.32224,0.43255,0.10988,0.03754,frames/frame_001783.jpg
1784,29.733333,,0,B,0.32058,0.43492,0.10523,0.03669,frames/frame_001784.jpg
1785,29.750000,,0,B,0.31478,0.45019,0.11120,0.03722,frames/frame_001785.jpg
1786,29.766667,,0,B,0.30743,0.45862,0.11503,0.03964,frames/frame_001786.jpg
1787,29.783333,,0,P,0.19614,0.59516,0.07502,0.11074,frames/frame_001787.jpg
1788,29.800000,,0,B,0.19313,0.56743,0.07441,0.00680,frames/frame_001788.jpg
1789,29.816667,,0,B,0.18893,0.54961,0.07437,0.00775,frames/frame_001789.jpg
1790,29.833333,,0,B,0.18156,0.51618,0.07340,0.01434,frames/frame_001790.jpg
1791,29.850000,,0,P,0.17509,0.49636,0.07527,0.02021,frames/frame_001791.jpg
1792,29.866667,,0,B,0.17276,0.47347,0.07341,0.02506,frames/frame_001792.jpg
1793,29.883333,,0,P,0.16745,0.45015,0.07144,0.03231,frames/frame_001793.jpg
1794,29.900000,,0,P,0.21609,0.39907,0.06189,0.08060,frames/frame_001794.jpg
1795,29.916667,,0,P,0.47256,0.26266,0.08218,0.28864,frames/frame_001795.jpg
1796,29.933333,,0,B,0.46297,0.25258,0.07684,0.01107,frames/frame_001796.jpg
1797,29.950000,,0,B,0.44762,0.21872,0.07105,0.01440,frames/frame_001797.jpg
1798,29.966667,,0,B,0.44775,0.21648,0.07174,0.00172,frames/frame_001798.jpg
1799,29.983333,,0,P,0.44756,0.21555,0.07274,0.00169,frames/frame_001799.jpg
1800,30.000000,,1,I,0.45029,0.12941,0.07423,0.01567,frames/frame_001800.jpg
1801,30.016667,,0,B,0.45140,0.12638,0.07505,0.00356,frames/frame_001801.jpg
1802,30.033333,,0,B,0.45240,0.12495,0.07436,0.00361,frames/frame_001802.jpg
1803,30.050000,,0,B,0.45379,0.12495,0.07507,0.00376,frames/frame_001803.jpg
1804,30.066667,,0,P,0.45457,0.12322,0.07468,0.00386,frames/frame_001804.jpg
1805,30.083333,,0,B,0.45677,0.12046,0.07602,0.00428,frames/frame_001805.jpg
1806,30.100000,,0,B,0.45945,0.11833,0.07784,0.00554,frames/frame_001806.jpg
1807,30.116667,,0,B,0.46381,0.12790,0.08626,0.00880,frames/frame_001807.jpg
1808,30.133333,,0,P,0.46434,0.13089,0.08694,0.01171,frames/frame_001808.jpg
1809,30.150000,,0,B,0.45858,0.13204,0.08789,0.01482,frames/frame_001809.jpg
1810,30.166667,,0,B,0.44148,0.13819,0.08801,0.02543,frames/frame_001810.jpg
1811,30.183333,,0,P,0.41696,0.13304,0.08678,0.03171,frames/frame_001811.jpg
1812,30.200000,,0,P,0.39160,0.13584,0.08995,0.03930,frames/frame_001812.jpg
1813,30.216667,,0,B,0.38315,0.13625,0.08758,0.05131,frames/frame_001813.jpg
1814,30.233333,,0,B,0.38201,0.13728,0.08622,0.05889,frames/frame_001814.jpg
1815,30.250000,,0,B,0.38691,0.13526,0.08588,0.06147,frames/frame_001815.jpg
1816,30.266667,,0,P,0.38963,0.13942,0.08683,0.06132,frames/frame_001816.jpg
1817,30.283333,,0,B,0.39034,0.13639,0.08571,0.05876,frames/frame_001817.jpg
1818,30.300000,,0,B,0.39108,0.13414,0.08893,0.05497,frames/frame_001818.jpg
1819,30.316667,,0,B,0.39583,0.12971,0.08837,0.05141,frames/frame_001819.jpg
1820,30.333333,,0,P,0.41216,0.12131,0.08571,0.03746,frames/frame_001820.jpg
1821,30.350000,,0,B,0.43949,0.11586,0.08805,0.03115,frames/frame_001821.jpg
1822,30.366667,,0,B,0.45880,0.11902,0.08797,0.02415,frames/frame_001822.jpg
1823,30.383333,,0,B,0.46980,0.12391,0.08794,0.01687,frames/frame_001823.jpg
1824,30.400000,,0,P,0.46945,0.13307,0.08804,0.01211,frames/frame_001824.jpg
1825,30.416667,,0,B,0.46940,0.14232,0.08798,0.01082,frames/frame_001825.jpg
1826,30.433333,,0,B,0.46823,0.14807,0.08628,0.00859,frames/frame_001826.jpg
1827,30.450000,,0,P,0.46577,0.15451,0.08219,0.00815,frames/frame_001827.jpg
1828,30.466667,,0,B,0.46500,0.15730,0.08087,0.00847,frames/frame_001828.jpg
1829,30.483333,,0,B,0.46379,0.16262,0.08096,0.00784,frames/frame_001829.jpg
1830,30.500000,,0,B,0.46378,0.16270,0.08274,0.00693,frames/frame_001830.jpg
1831,30.516667,,0,P,0.46309,0.17787,0.08116,0.00655,frames/frame_001831.jpg
1832,30.533333,,0,B,0.46390,0.17615,0.08167,0.00495,frames/frame_001832.jpg
1833,30.550000,,0,B,0.46386,0.17692,0.07667,0.00389,frames/frame_001833.jpg
1834,30.566667,,0,B,0.46464,0.17612,0.07700,0.00241,frames/frame_001834.jpg
1835,30.583333,,0,P,0.46583,0.16906,0.08365,0.00810,frames/frame_001835.jpg
1836,30.600000,,0,B,0.46956,0.17669,0.08452,0.00826,frames/frame_001836.jpg
1837,30.616667,,0,B,0.47331,0.17938,0.08697,0.00802,frames/frame_001837.jpg
1838,30.633333,,0,P,0.47551,0.18212,0.08838,0.00762,frames/frame_001838.jpg
1839,30.650000,,0,P,0.47880,0.18615,0.09416,0.00917,frames/frame_001839.jpg
1840,30.666667,,0,B,0.48176,0.18219,0.09177,0.01025,frames/frame_001840.jpg
1841,30.683333,,0,B,0.48429,0.18690,0.09374,0.00975,frames/frame_001841.jpg
1842,30.700000,,0,B,0.47972,0.18948,0.09588,0.01149,frames/frame_001842.jpg
1843,30.716667,,0,P,0.47065,0.19552,0.09601,0.01444,frames/frame_001843.jpg
1844,30.733333,,0,B,0.46008,0.19954,0.10071,0.01688,frames/frame_001844.jpg
1845,30.750000,,0,B,0.44568,0.20708,0.10155,0.01868,frames/frame_001845.jpg
1846,30.766667,,0,B,0.43348,0.21300,0.09984,0.01617,frames/frame_001846.jpg
1847,30.783333,,0,P,0.42054,0.22108,0.10301,0.01641,frames/frame_001847.jpg
1848,30.800000,,0,B,0.40825,0.22544,0.10185,0.01732,frames/frame_001848.jpg
1849,30.816667,,0,B,0.39386,0.23352,0.10173,0.01804,frames/frame_001849.jpg
1850,30.833333,,0,B,0.38195,0.24037,0.10536,0.01628,frames/frame_001850.jpg
1851,30.850000,,0,P,0.36892,0.24839,0.10526,0.01587,frames/frame_001851.jpg
1852,30.866667,,0,B,0.35543,0.25399,0.10668,0.01868,frames/frame_001852.jpg
1853,30.883333,,0,B,0.34170,0.26220,0.10922,0.01748,frames/frame_001853.jpg
1854,30.900000,,0,B,0.32895,0.26977,0.10815,0.01705,frames/frame_001854.jpg
1855,30.916667,,0,P,0.31393,0.27820,0.10755,0.01841,frames/frame_001855.jpg
1856,30.933333,,0,B,0.30268,0.28451,0.10870,0.01620,frames/frame_001856.jpg
1857,30.950000,,0,B,0.28985,0.29302,0.11136,0.01688,frames/frame_001857.jpg
1858,30.966667,,0,B,0.27777,0.30063,0.11567,0.01672,frames/frame_001858.jpg
1859,30.983333,,0,P,0.26176,0.31232,0.11570,0.02042,frames/frame_001859.jpg
1860,31.000000,,0,B,0.24642,0.31547,0.11895,0.02238,frames/frame_001860.jpg
1861,31.016667,,0,B,0.23371,0.32843,0.11900,0.02000,frames/frame_001861.jpg
1862,31.033333,,0,B,0.22606,0.33362,0.12087,0.01530,frames/frame_001862.jpg
1863,31.050000,,0,P,0.22238,0.34364,0.11924,0.00949,frames/frame_001863.jpg
1864,31.066667,,0,B,0.22201,0.34220,0.11645,0.00834,frames/frame_001864.jpg
1865,31.083333,,0,B,0.22104,0.34675,0.11737,0.00887,frames/frame_001865.jpg
1866,31.100000,,0,B,0.22395,0.35400,0.12096,0.01125,frames/frame_001866.jpg
1867,31.116667,,0,P,0.22592,0.36223,0.12027,0.01199,frames/frame_001867.jpg
1868,31.133333,,0,B,0.22924,0.36464,0.12205,0.01184,frames/frame_001868.jpg
1869,31.150000,,0,P,0.26017,0.37645,0.12848,0.12052,frames/frame_001869.jpg
1870,31.166667,,0,B,0.27175,0.34956,0.12969,0.12672,frames/frame_001870.jpg
1871,31.183333,,0,P,0.27809,0.32248,0.09853,0.14595,frames/frame_001871.jpg
1872,31.200000,,0,P,0.24957,0.32733,0.09856,0.05714,frames/frame_001872.jpg
1873,31.216667,,0,P,0.22874,0.32852,0.09479,0.04588,frames/frame_001873.jpg
1874,31.233333,,0,P,0.21408,0.32252,0.09410,0.03351,frames/frame_001874.jpg
1875,31.250000,,0,P,0.20382,0.32007,0.09007,0.02515,frames/frame_001875.jpg
1876,31.266667,,0,P,0.19658,0.31635,0.08842,0.02123,frames/frame_001876.jpg
1877,31.283333,,0,P,0.19034,0.30870,0.08840,0.01746,frames/frame_001877.jpg
1878,31.300000,,0,P,0.18590,0.30341,0.08759,0.01320,frames/frame_001878.jpg
1879,31.316667,,0,P,0.18283,0.30178,0.08777,0.01378,frames/frame_001879.jpg
1880,31.333333,,0,P,0.18042,0.29987,0.08694,0.01046,frames/frame_001880.jpg
1881,31.350000,,0,B,0.17881,0.29247,0.08719,0.01064,frames/frame_001881.jpg
1882,31.366667,,0,P,0.17602,0.29078,0.08791,0.00904,frames/frame_001882.jpg
1883,31.383333,,0,B,0.17697,0.28207,0.08788,0.00920,frames/frame_001883.jpg
1884,31.400000,,0,B,0.17582,0.28066,0.08815,0.00801,frames/frame_001884.jpg
1885,31.416667,,0,B,0.17571,0.27680,0.08829,0.00572,frames/frame_001885.jpg
1886,31.433333,,0,P,0.17443,0.27616,0.08844,0.00665,frames/frame_001886.jpg
1887,31.450000,,0,B,0.17520,0.26435,0.08941,0.00713,frames/frame_001887.jpg
1888,31.466667,,0,B,0.17442,0.25664,0.08969,0.00561,frames/frame_001888.jpg
1889,31.483333,,0,B,0.17441,0.25335,0.08968,0.00436,frames/frame_001889.jpg
1890,31.500000,,0,P,0.17313,0.25265,0.09060,0.00519,frames/frame_001890.jpg
1891,31.516667,,0,B,0.17482,0.24414,0.09160,0.00513,frames/frame_001891.jpg
1892,31.533333,,0,B,0.17486,0.24153,0.09212,0.00470,frames/frame_001892.jpg
1893,31.550000,,0,B,0.17540,0.23812,0.09268,0.00324,frames/frame_001893.jpg
1894,31.566667,,0,P,0.17485,0.23591,0.09342,0.00381,frames/frame_001894.jpg
1895,31.583333,,0,B,0.17664,0.23141,0.09423,0.00429,frames/frame_001895.jpg
1896,31.600000,,0,B,0.18245,0.23046,0.09686,0.00894,frames/frame_001896.jpg
1897,31.616667,,0,B,0.18153,0.23098,0.09594,0.00427,frames/frame_001897.jpg
1898,31.633333,,0,P,0.18112,0.23445,0.09647,0.00348,frames/frame_001898.jpg
1899,31.650000,,0,B,0.18198,0.23240,0.09652,0.00259,frames/frame_001899.jpg
1900,31.666667,,0,B,0.18213,0.22976,0.09680,0.00220,frames/frame_001900.jpg
1901,31.683333,,0,B,0.18227,0.22990,0.09716,0.00210,frames/frame_001901.jpg
1902,31.700000,,0,P,0.18182,0.23132,0.09763,0.00264,frames/frame_001902.jpg
1903,31.716667,,0,B,0.18289,0.22818,0.09868,0.00307,frames/frame_001903.jpg
1904,31.733333,,0,B,0.18351,0.22825,0.10085,0.00293,frames/frame_001904.jpg
1905,31.750000,,0,B,0.18373,0.22749,0.10088,0.00267,frames/frame_001905.jpg
1906,31.766667,,0,P,0.18293,0.23099,0.10058,0.00291,frames/frame_001906.jpg
1907,31.783333,,0,B,0.18322,0.22748,0.10012,0.00283,frames/frame_001907.jpg
1908,31.800000,,0,B,0.18318,0.22832,0.10069,0.00242,frames/frame_001908.jpg
1909,31.816667,,0,B,0.18356,0.22793,0.10115,0.00233,frames/frame_001909.jpg
1910,31.833333,,0,P,0.18303,0.22988,0.10130,0.00239,frames/frame_001910.jpg
1911,31.850000,,0,B,0.18355,0.22731,0.10118,0.00232,frames/frame_001911.jpg
1912,31.866667,,0,B,0.18342,0.22712,0.10114,0.00194,frames/frame_001912.jpg
1913,31.883333,,0,B,0.18343,0.22604,0.10106,0.00200,frames/frame_001913.jpg
1914,31.900000,,0,P,0.18275,0.22693,0.10079,0.00229,frames/frame_001914.jpg
1915,31.916667,,0,B,0.18331,0.22520,0.10079,0.00254,frames/frame_001915.jpg
1916,31.933333,,0,B,0.18317,0.22513,0.10048,0.00185,frames/frame_001916.jpg
1917,31.950000,,0,B,0.18334,0.22452,0.10049,0.00208,frames/frame_001917.jpg
1918,31.966667,,0,P,0.18266,0.22708,0.10064,0.00234,frames/frame_001918.jpg
1919,31.983333,,0,B,0.18303,0.22352,0.10077,0.00304,frames/frame_001919.jpg
1920,32.000000,,0,B,0.18225,0.22353,0.10059,0.00297,frames/frame_001920.jpg
1921,32.016667,,0,B,0.18253,0.22270,0.10063,0.00229,frames/frame_001921.jpg
1922,32.033333,,0,P,0.18192,0.22395,0.10042,0.00259,frames/frame_001922.jpg
1923,32.050000,,0,B,0.18389,0.22348,0.10056,0.00515,frames/frame_001923.jpg
1924,32.066667,,0,B,0.18488,0.22358,0.10039,0.00474,frames/frame_001924.jpg
1925,32.083333,,0,B,0.18502,0.22182,0.10028,0.00221,frames/frame_001925.jpg
1926,32.100000,,0,P,0.18446,0.22524,0.09980,0.00244,frames/frame_001926.jpg
1927,32.116667,,0,B,0.18501,0.22331,0.09985,0.00231,frames/frame_001927.jpg
1928,32.133333,,0,B,0.18485,0.22306,0.09977,0.00189,frames/frame_001928.jpg
1929,32.150000,,0,B,0.18495,0.22217,0.09956,0.00203,frames/frame_001929.jpg
1930,32.166667,,0,P,0.18430,0.22387,0.09940,0.00231,frames/frame_001930.jpg
1931,32.183333,,0,B,0.18485,0.22356,0.09958,0.00247,frames/frame_001931.jpg
1932,32.200000,,0,B,0.18468,0.22431,0.09921,0.00197,frames/frame_001932.jpg
1933,32.216667,,0,B,0.18494,0.22279,0.09912,0.00200,frames/frame_001933.jpg
1934,32.233333,,0,P,0.18420,0.22334,0.09938,0.00234,frames/frame_001934.jpg
1935,32.250000,,0,B,0.18487,0.22099,0.09968,0.00237,frames/frame_001935.jpg
1936,32.266667,,0,B,0.18469,0.22150,0.09950,0.00185,frames/frame_001936.jpg
1937,32.283333,,0,B,0.18488,0.22030,0.09943,0.00182,frames/frame_001937.jpg
1938,32.300000,,0,P,0.18428,0.22080,0.09924,0.00211,frames/frame_001938.jpg
1939,32.316667,,0,B,0.18499,0.22052,0.09910,0.00235,frames/frame_001939.jpg
1940,32.333333,,0,B,0.18481,0.21939,0.09901,0.00193,frames/frame_001940.jpg
1941,32.350000,,0,B,0.18515,0.21874,0.09914,0.00192,frames/frame_001941.jpg
1942,32.366667,,0,P,0.18456,0.22030,0.09909,0.00214,frames/frame_001942.jpg
1943,32.383333,,0,B,0.18519,0.22024,0.09941,0.00226,frames/frame_001943.jpg
1944,32.400000,,0,B,0.18506,0.22052,0.09914,0.00189,frames/frame_001944.jpg
1945,32.416667,,0,B,0.18534,0.21906,0.09915,0.00192,frames/frame_001945.jpg
1946,32.433333,,0,P,0.18484,0.21827,0.09940,0.00213,frames/frame_001946.jpg
1947,32.450000,,0,B,0.18542,0.21804,0.09937,0.00254,frames/frame_001947.jpg
1948,32.466667,,0,B,0.18521,0.22096,0.09956,0.00224,frames/frame_001948.jpg
1949,32.483333,,0,B,0.18535,0.22279,0.09953,0.00238,frames/frame_001949.jpg
1950,32.500000,,0,P,0.18546,0.22684,0.10087,0.00543,frames/frame_001950.jpg
1951,32.516667,,0,B,0.18804,0.22512,0.10115,0.00577,frames/frame_001951.jpg
1952,32.533333,,0,B,0.18785,0.22646,0.10109,0.00224,frames/frame_001952.jpg
1953,32.550000,,0,B,0.18815,0.22564,0.10097,0.00220,frames/frame_001953.jpg
1954,32.566667,,0,P,0.18753,0.22900,0.10097,0.00245,frames/frame_001954.jpg
1955,32.583333,,0,B,0.18845,0.22594,0.10128,0.00245,frames/frame_001955.jpg
1956,32.600000,,0,B,0.18829,0.22475,0.10118,0.00195,frames/frame_001956.jpg
1957,32.616667,,0,B,0.18863,0.22544,0.10154,0.00207,frames/frame_001957.jpg
1958,32.633333,,0,P,0.18818,0.22775,0.10186,0.00227,frames/frame_001958.jpg
1959,32.650000,,0,B,0.18895,0.22586,0.10183,0.00259,frames/frame_001959.jpg
1960,32.666667,,0,B,0.18889,0.22697,0.10184,0.00217,frames/frame_001960.jpg
1961,32.683333,,0,B,0.18943,0.22658,0.10208,0.00217,frames/frame_001961.jpg
1962,32.700000,,0,P,0.18893,0.22960,0.10237,0.00244,frames/frame_001962.jpg
1963,32.716667,,0,B,0.18982,0.22618,0.10273,0.00281,frames/frame_001963.jpg
1964,32.733333,,0,B,0.18977,0.22770,0.10270,0.00222,frames/frame_001964.jpg
1965,32.750000,,0,B,0.19024,0.22860,0.10271,0.00226,frames/frame_001965.jpg
1966,32.766667,,0,P,0.18961,0.23015,0.10267,0.00266,frames/frame_001966.jpg
1967,32.783333,,0,B,0.19037,0.22849,0.10269,0.00269,frames/frame_001967.jpg
1968,32.800000,,0,B,0.19025,0.22863,0.10260,0.00228,frames/frame_001968.jpg
1969,32.816667,,0,B,0.19042,0.22774,0.10251,0.00235,frames/frame_001969.jpg
1970,32.833333,,0,P,0.18978,0.22915,0.10259,0.00265,frames/frame_001970.jpg
1971,32.850000,,0,B,0.19061,0.22776,0.10250,0.00291,frames/frame_001971.jpg
1972,32.866667,,0,B,0.19056,0.22741,0.10294,0.00234,frames/frame_001972.jpg
1973,32.883333,,0,B,0.19101,0.22655,0.10281,0.00237,frames/frame_001973.jpg
1974,32.900000,,0,P,0.19047,0.22858,0.10254,0.00259,frames/frame_001974.jpg
1975,32.916667,,0,B,0.19160,0.22777,0.10255,0.00303,frames/frame_001975.jpg
1976,32.933333,,0,B,0.19165,0.22607,0.10267,0.00280,frames/frame_001976.jpg
1977,32.950000,,0,B,0.19277,0.22552,0.10291,0.00485,frames/frame_001977.jpg
1978,32.966667,,0,P,0.27768,0.20860,0.13173,0.18074,frames/frame_001978.jpg
1979,32.983333,,0,P,0.28058,0.20794,0.13294,0.02085,frames/frame_001979.jpg
1980,33.000000,,1,I,0.27193,0.20607,0.13082,0.02542,frames/frame_001980.jpg
1981,33.016667,,0,B,0.27495,0.20310,0.13296,0.01617,frames/frame_001981.jpg
1982,33.033333,,0,B,0.27590,0.20183,0.13423,0.01481,frames/frame_001982.jpg
1983,33.050000,,0,B,0.27693,0.20070,0.13637,0.01351,frames/frame_001983.jpg
1984,33.066667,,0,P,0.27614,0.20168,0.13701,0.01351,frames/frame_001984.jpg
1985,33.083333,,0,B,0.27643,0.20278,0.13451,0.01392,frames/frame_001985.jpg
1986,33.100000,,0,B,0.27715,0.20295,0.13434,0.01100,frames/frame_001986.jpg
1987,33.116667,,0,P,0.27623,0.20464,0.13501,0.01092,frames/frame_001987.jpg
1988,33.133333,,0,B,0.27530,0.20387,0.13384,0.01071,frames/frame_001988.jpg
1989,33.150000,,0,B,0.27358,0.20638,0.13322,0.00967,frames/frame_001989.jpg
1990,33.166667,,0,B,0.27317,0.20741,0.13270,0.00849,frames/frame_001990.jpg
1991,33.183333,,0,P,0.27155,0.20836,0.13252,0.00795,frames/frame_001991.jpg
1992,33.200000,,0,B,0.27132,0.20818,0.13063,0.00638,frames/frame_001992.jpg
1993,33.216667,,0,B,0.26998,0.20926,0.13042,0.00635,frames/frame_001993.jpg
1994,33.233333,,0,B,0.26907,0.21090,0.12985,0.00486,frames/frame_001994.jpg
1995,33.250000,,0,P,0.26657,0.21431,0.12966,0.00535,frames/frame_001995.jpg
1996,33.266667,,0,B,0.26590,0.21369,0.12945,0.00415,frames/frame_001996.jpg
1997,33.283333,,0,B,0.26396,0.22048,0.12883,0.00464,frames/frame_001997.jpg
1998,33.300000,,0,B,0.26111,0.21964,0.12780,0.00503,frames/frame_001998.jpg
1999,33.316667,,0,P,0.25657,0.22637,0.12691,0.00709,frames/frame_001999.jpg
2000,33.333333,,0,B,0.25149,0.21997,0.12435,0.00732,frames/frame_002000.jpg
2001,33.350000,,0,B,0.24532,0.21677,0.12173,0.00776,frames/frame_002001.jpg
2002,33.366667,,0,B,0.24109,0.21110,0.11841,0.00639,frames/frame_002002.jpg
2003,33.383333,,0,P,0.23408,0.20946,0.11479,0.00884,frames/frame_002003.jpg
2004,33.400000,,0,B,0.21884,0.19028,0.10584,0.07357,frames/frame_002004.jpg
2005,33.416667,,0,B,0.13419,0.20239,0.07604,0.11279,frames/frame_002005.jpg
2006,33.433333,,0,B,0.13953,0.20230,0.07808,0.01200,frames/frame_002006.jpg
2007,33.450000,,0,P,0.14192,0.21571,0.07957,0.00840,frames/frame_002007.jpg
2008,33.466667,,0,B,0.14568,0.21570,0.08070,0.00711,frames/frame_002008.jpg
2009,33.483333,,0,B,0.14842,0.21829,0.08089,0.00799,frames/frame_002009.jpg
2010,33.500000,,0,B,0.15171,0.22354,0.08159,0.00695,frames/frame_002010.jpg
2011,33.516667,,0,P,0.15274,0.22212,0.08227,0.00785,frames/frame_002011.jpg
2012,33.533333,,0,B,0.15607,0.21831,0.08264,0.00723,frames/frame_002012.jpg
2013,33.550000,,0,B,0.15816,0.21979,0.08328,0.00753,frames/frame_002013.jpg
2014,33.566667,,0,B,0.16061,0.21845,0.08413,0.00791,frames/frame_002014.jpg
2015,33.583333,,0,P,0.16121,0.22039,0.08421,0.00871,frames/frame_002015.jpg
2016,33.600000,,0,B,0.16270,0.21573,0.08403,0.00951,frames/frame_002016.jpg
2017,33.616667,,0,B,0.16174,0.21755,0.08518,0.00959,frames/frame_002017.jpg
2018,33.633333,,0,B,0.16129,0.21630,0.08439,0.00817,frames/frame_002018.jpg
2019,33.650000,,0,P,0.16052,0.21489,0.08575,0.00848,frames/frame_002019.jpg
2020,33.666667,,0,B,0.16150,0.21386,0.08686,0.00697,frames/frame_002020.jpg
2021,33.683333,,0,B,0.16154,0.21535,0.08720,0.00655,frames/frame_002021.jpg
2022,33.700000,,0,B,0.16195,0.21527,0.08668,0.00544,frames/frame_002022.jpg
2023,33.716667,,0,P,0.16078,0.21718,0.08672,0.00521,frames/frame_002023.jpg
2024,33.733333,,0,B,0.16135,0.21238,0.08680,0.00413,frames/frame_002024.jpg
2025,33.750000,,0,B,0.16362,0.20900,0.09056,0.00577,frames/frame_002025.jpg
2026,33.766667,,0,B,0.16497,0.20980,0.09310,0.00483,frames/frame_002026.jpg
2027,33.783333,,0,P,0.16504,0.21848,0.09495,0.00498,frames/frame_002027.jpg
2028,33.800000,,0,B,0.16556,0.21110,0.09449,0.00363,frames/frame_002028.jpg
2029,33.816667,,0,B,0.16501,0.21023,0.09480,0.00258,frames/frame_002029.jpg
2030,33.833333,,0,B,0.16505,0.21244,0.09449,0.00206,frames/frame_002030.jpg
2031,33.850000,,0,P,0.16429,0.21448,0.09401,0.00239,frames/frame_002031.jpg
2032,33.866667,,0,B,0.16510,0.21741,0.09360,0.00290,frames/frame_002032.jpg
2033,33.883333,,0,B,0.17011,0.21951,0.09489,0.01460,frames/frame_002033.jpg
2034,33.900000,,0,B,0.17073,0.22278,0.09497,0.00394,frames/frame_002034.jpg
2035,33.916667,,0,P,0.17039,0.22755,0.09543,0.00549,frames/frame_002035.jpg
2036,33.933333,,0,B,0.17133,0.23085,0.09551,0.00462,frames/frame_002036.jpg
2037,33.950000,,0,B,0.17132,0.23292,0.09519,0.00375,frames/frame_002037.jpg
2038,33.966667,,0,B,0.17212,0.23505,0.09575,0.00379,frames/frame_002038.jpg
2039,33.983333,,0,P,0.17118,0.23893,0.09547,0.00358,frames/frame_002039.jpg
2040,34.000000,,0,B,0.17193,0.23086,0.09592,0.00520,frames/frame_002040.jpg
2041,34.016667,,0,B,0.17174,0.23367,0.09578,0.00323,frames/frame_002041.jpg
2042,34.033333,,0,B,0.17209,0.24232,0.09557,0.00300,frames/frame_002042.jpg
2043,34.050000,,0,P,0.17119,0.24449,0.09532,0.00325,frames/frame_002043.jpg
2044,34.066667,,0,B,0.17157,0.24616,0.09485,0.00298,frames/frame_002044.jpg
2045,34.083333,,0,B,0.17141,0.24695,0.09497,0.00244,frames/frame_002045.jpg
2046,34.100000,,0,B,0.17152,0.24851,0.09496,0.00229,frames/frame_002046.jpg
2047,34.116667,,0,P,0.17092,0.25081,0.09487,0.00259,frames/frame_002047.jpg
2048,34.133333,,0,B,0.17155,0.25000,0.09441,0.00302,frames/frame_002048.jpg
2049,34.150000,,0,B,0.17170,0.25197,0.09493,0.00252,frames/frame_002049.jpg
2050,34.166667,,0,B,0.17210,0.25274,0.09546,0.00221,frames/frame_002050.jpg
2051,34.183333,,0,P,0.17164,0.25559,0.09587,0.00252,frames/frame_002051.jpg
2052,34.200000,,0,B,0.17215,0.25427,0.09572,0.00257,frames/frame_002052.jpg
2053,34.216667,,0,B,0.17193,0.25457,0.09542,0.00210,frames/frame_002053.jpg
2054,34.233333,,0,B,0.17216,0.25447,0.09486,0.00208,frames/frame_002054.jpg
2055,34.250000,,0,P,0.17162,0.25567,0.09463,0.00230,frames/frame_002055.jpg
2056,34.266667,,0,B,0.17221,0.25299,0.09461,0.00267,frames/frame_002056.jpg
2057,34.283333,,0,B,0.17198,0.25365,0.09482,0.00217,frames/frame_002057.jpg
2058,34.300000,,0,B,0.17239,0.25246,0.09449,0.00240,frames/frame_002058.jpg
2059,34.316667,,0,P,0.17238,0.25532,0.09470,0.00457,frames/frame_002059.jpg
2060,34.333333,,0,B,0.17805,0.25089,0.09639,0.01644,frames/frame_002060.jpg
2061,34.350000,,0,B,0.17761,0.25327,0.09625,0.00547,frames/frame_002061.jpg
2062,34.366667,,0,B,0.17745,0.25100,0.09594,0.00801,frames/frame_002062.jpg
2063,34.383333,,0,P,0.17605,0.25467,0.09627,0.00490,frames/frame_002063.jpg
2064,34.400000,,0,B,0.17597,0.25207,0.09542,0.00653,frames/frame_002064.jpg
2065,34.416667,,0,B,0.17557,0.25312,0.09519,0.00450,frames/frame_002065.jpg
2066,34.433333,,0,B,0.17568,0.25038,0.09444,0.00381,frames/frame_002066.jpg
2067,34.450000,,0,P,0.17467,0.25410,0.09502,0.00422,frames/frame_002067.jpg
2068,34.466667,,0,B,0.17560,0.25353,0.09540,0.00495,frames/frame_002068.jpg
2069,34.483333,,0,B,0.17552,0.25540,0.09577,0.00353,frames/frame_002069.jpg
2070,34.500000,,0,B,0.17610,0.25957,0.09515,0.00412,frames/frame_002070.jpg
2071,34.516667,,0,P,0.17510,0.26341,0.09532,0.00325,frames/frame_002071.jpg
2072,34.533333,,0,B,0.17571,0.26054,0.09535,0.00323,frames/frame_002072.jpg
2073,34.550000,,0,B,0.17537,0.26164,0.09558,0.00250,frames/frame_002073.jpg
2074,34.566667,,0,B,0.17565,0.26238,0.09565,0.00249,frames/frame_002074.jpg
2075,34.583333,,0,P,0.17524,0.26486,0.09589,0.00289,frames/frame_002075.jpg
2076,34.600000,,0,B,0.17594,0.26257,0.09608,0.00294,frames/frame_002076.jpg
2077,34.616667,,0,B,0.17586,0.26307,0.09608,0.00235,frames/frame_002077.jpg
2078,34.633333,,0,B,0.17620,0.26359,0.09617,0.00225,frames/frame_002078.jpg
2079,34.650000,,0,P,0.17565,0.26536,0.09608,0.00232,frames/frame_002079.jpg
2080,34.666667,,0,B,0.17597,0.26166,0.09600,0.00311,frames/frame_002080.jpg
2081,34.683333,,0,B,0.17564,0.26259,0.09617,0.00329,frames/frame_002081.jpg
2082,34.700000,,0,B,0.17606,0.26195,0.09694,0.00254,frames/frame_002082.jpg
2083,34.716667,,0,P,0.17560,0.26443,0.09740,0.00268,frames/frame_002083.jpg
2084,34.733333,,0,B,0.17991,0.24225,0.09988,0.00705,frames/frame_002084.jpg
2085,34.750000,,0,B,0.18075,0.24425,0.10174,0.00355,frames/frame_002085.jpg
2086,34.766667,,0,B,0.18187,0.24681,0.10350,0.00387,frames/frame_002086.jpg
2087,34.783333,,0,P,0.19285,0.24867,0.10696,0.03470,frames/frame_002087.jpg
2088,34.800000,,0,B,0.19364,0.24730,0.10733,0.00775,frames/frame_002088.jpg
2089,34.816667,,0,B,0.19324,0.24782,0.10817,0.00552,frames/frame_002089.jpg
2090,34.833333,,0,B,0.19335,0.24667,0.10784,0.00531,frames/frame_002090.jpg
2091,34.850000,,0,P,0.19181,0.25088,0.10770,0.00511,frames/frame_002091.jpg
2092,34.866667,,0,B,0.19231,0.24986,0.10762,0.00509,frames/frame_002092.jpg
2093,34.883333,,0,B,0.19176,0.25062,0.10735,0.00377,frames/frame_002093.jpg
2094,34.900000,,0,B,0.19204,0.25072,0.10744,0.00410,frames/frame_002094.jpg
2095,34.916667,,0,P,0.19127,0.25578,0.10780,0.00413,frames/frame_002095.jpg
2096,34.933333,,0,B,0.19209,0.25582,0.10757,0.00423,frames/frame_002096.jpg
2097,34.950000,,0,B,0.19167,0.25798,0.10781,0.00337,frames/frame_002097.jpg
2098,34.966667,,0,B,0.19184,0.26028,0.10783,0.00299,frames/frame_002098.jpg
2099,34.983333,,0,P,0.19092,0.26464,0.10761,0.00326,frames/frame_002099.jpg
2100,35.000000,,0,B,0.19138,0.26485,0.10755,0.00414,frames/frame_002100.jpg
2101,35.016667,,0,B,0.19111,0.26742,0.10782,0.00314,frames/frame_002101.jpg
2102,35.033333,,0,B,0.19165,0.26809,0.10808,0.00291,frames/frame_002102.jpg
2103,35.050000,,0,P,0.19107,0.26972,0.10830,0.00306,frames/frame_002103.jpg
2104,35.066667,,0,B,0.19192,0.27123,0.10791,0.00323,frames/frame_002104.jpg
2105,35.083333,,0,B,0.19178,0.27446,0.10774,0.00264,frames/frame_002105.jpg
2106,35.100000,,0,B,0.19210,0.27398,0.10826,0.00250,frames/frame_002106.jpg
2107,35.116667,,0,P,0.19146,0.27492,0.10866,0.00275,frames/frame_002107.jpg
2108,35.133333,,0,B,0.19235,0.27532,0.10887,0.00288,frames/frame_002108.jpg
2109,35.150000,,0,B,0.19222,0.27605,0.10867,0.00238,frames/frame_002109.jpg
2110,35.166667,,0,B,0.19255,0.27509,0.10858,0.00234,frames/frame_002110.jpg
2111,35.183333,,0,P,0.19223,0.27812,0.10894,0.00271,frames/frame_002111.jpg
2112,35.200000,,0,B,0.19356,0.27837,0.10939,0.00372,frames/frame_002112.jpg
2113,35.216667,,0,B,0.19373,0.27888,0.11007,0.00438,frames/frame_002113.jpg
2114,35.233333,,0,B,0.19420,0.27984,0.10983,0.00312,frames/frame_002114.jpg
2115,35.250000,,0,P,0.19872,0.28261,0.11222,0.01656,frames/frame_002115.jpg
2116,35.266667,,0,B,0.19995,0.28013,0.11251,0.00664,frames/frame_002116.jpg
2117,35.283333,,0,B,0.19961,0.28059,0.11206,0.00571,frames/frame_002117.jpg
2118,35.300000,,0,B,0.19996,0.27868,0.11215,0.00530,frames/frame_002118.jpg
2119,35.316667,,0,P,0.19887,0.28276,0.11177,0.00428,frames/frame_002119.jpg
2120,35.333333,,0,B,0.19986,0.27939,0.11191,0.00545,frames/frame_002120.jpg
2121,35.350000,,0,B,0.19932,0.28060,0.11210,0.00467,frames/frame_002121.jpg
2122,35.366667,,0,B,0.19963,0.27954,0.11222,0.00350,frames/frame_002122.jpg
2123,35.383333,,0,P,0.19875,0.28263,0.11226,0.00382,frames/frame_002123.jpg
2124,35.400000,,0,B,0.19973,0.27962,0.11208,0.00365,frames/frame_002124.jpg
2125,35.416667,,0,B,0.19945,0.28010,0.11185,0.00339,frames/frame_002125.jpg
2126,35.433333,,0,B,0.19960,0.27821,0.11189,0.00265,frames/frame_002126.jpg
2127,35.450000,,0,P,0.19893,0.28138,0.11181,0.00289,frames/frame_002127.jpg
2128,35.466667,,0,B,0.19968,0.28294,0.11202,0.00387,frames/frame_002128.jpg
2129,35.483333,,0,B,0.19915,0.28552,0.11196,0.00355,frames/frame_002129.jpg
2130,35.500000,,0,B,0.19922,0.28730,0.11192,0.00334,frames/frame_002130.jpg
2131,35.516667,,0,P,0.19830,0.28918,0.11209,0.00367,frames/frame_002131.jpg
2132,35.533333,,0,B,0.19928,0.28818,0.11194,0.00337,frames/frame_002132.jpg
2133,35.550000,,0,B,0.19917,0.28964,0.11179,0.00292,frames/frame_002133.jpg
2134,35.566667,,0,B,0.19960,0.28934,0.11183,0.00257,frames/frame_002134.jpg
2135,35.583333,,0,P,0.19880,0.29118,0.11173,0.00299,frames/frame_002135.jpg
2136,35.600000,,0,B,0.19969,0.28724,0.11206,0.00326,frames/frame_002136.jpg
2137,35.616667,,0,B,0.19962,0.28845,0.11226,0.00274,frames/frame_002137.jpg
2138,35.633333,,0,B,0.19981,0.28982,0.11247,0.00262,frames/frame_002138.jpg
2139,35.650000,,0,P,0.19912,0.29138,0.11276,0.00292,frames/frame_002139.jpg
2140,35.666667,,0,B,0.20018,0.29037,0.11284,0.00358,frames/frame_002140.jpg
2141,35.683333,,0,B,0.19999,0.29280,0.11277,0.00302,frames/frame_002141.jpg
2142,35.700000,,0,B,0.20622,0.29444,0.11689,0.01843,frames/frame_002142.jpg
2143,35.716667,,0,P,0.20548,0.29586,0.11698,0.00583,frames/frame_002143.jpg
2144,35.733333,,0,B,0.20565,0.29022,0.11678,0.00626,frames/frame_002144.jpg
2145,35.750000,,0,B,0.20458,0.29067,0.11634,0.00562,frames/frame_002145.jpg
2146,35.766667,,0,B,0.20481,0.28986,0.11613,0.00378,frames/frame_002146.jpg
2147,35.783333,,0,P,0.20363,0.29134,0.11607,0.00448,frames/frame_002147.jpg
2148,35.800000,,0,B,0.20438,0.29176,0.11598,0.00383,frames/frame_002148.jpg
2149,35.816667,,0,B,0.20399,0.29335,0.11620,0.00411,frames/frame_002149.jpg
2150,35.833333,,0,B,0.20420,0.29330,0.11684,0.00303,frames/frame_002150.jpg
2151,35.850000,,0,P,0.20305,0.29509,0.11692,0.00356,frames/frame_002151.jpg
2152,35.866667,,0,B,0.20390,0.29420,0.11707,0.00392,frames/frame_002152.jpg
2153,35.883333,,0,B,0.20337,0.29274,0.11705,0.00352,frames/frame_002153.jpg
2154,35.900000,,0,B,0.20355,0.29392,0.11699,0.00298,frames/frame_002154.jpg
2155,35.916667,,0,P,0.20268,0.29493,0.11704,0.00341,frames/frame_002155.jpg
2156,35.933333,,0,B,0.20341,0.29337,0.11666,0.00357,frames/frame_002156.jpg
2157,35.950000,,0,B,0.20282,0.29378,0.11590,0.00339,frames/frame_002157.jpg
2158,35.966667,,0,B,0.20288,0.29426,0.11575,0.00296,frames/frame_002158.jpg
2159,35.983333,,0,P,0.20193,0.29386,0.11543,0.00318,frames/frame_002159.jpg
2160,36.000000,,1,I,0.19948,0.29939,0.11595,0.01019,frames/frame_002160.jpg
2161,36.016667,,0,B,0.20005,0.29805,0.11570,0.00276,frames/frame_002161.jpg
2162,36.033333,,0,B,0.19996,0.29923,0.11559,0.00257,frames/frame_002162.jpg
2163,36.050000,,0,B,0.20022,0.29923,0.11592,0.00248,frames/frame_002163.jpg
2164,36.066667,,0,P,0.19961,0.30156,0.11608,0.00260,frames/frame_002164.jpg
2165,36.083333,,0,B,0.20041,0.29857,0.11583,0.00320,frames/frame_002165.jpg
2166,36.100000,,0,B,0.20011,0.29968,0.11602,0.00274,frames/frame_002166.jpg
2167,36.116667,,0,B,0.20035,0.29902,0.11617,0.00286,frames/frame_002167.jpg
2168,36.133333,,0,P,0.19996,0.30034,0.11671,0.00559,frames/frame_002168.jpg
2169,36.150000,,0,B,0.20544,0.29793,0.11708,0.01850,frames/frame_002169.jpg
2170,36.166667,,0,B,0.20469,0.29843,0.11703,0.00625,frames/frame_002170.jpg
2171,36.183333,,0,B,0.20554,0.29802,0.11887,0.01043,frames/frame_002171.jpg
2172,36.200000,,0,P,0.20450,0.30522,0.11960,0.00546,frames/frame_002172.jpg
2173,36.216667,,0,B,0.20447,0.30199,0.11798,0.00929,frames/frame_002173.jpg
2174,36.233333,,0,B,0.20329,0.30190,0.11719,0.00579,frames/frame_002174.jpg
2175,36.250000,,0,B,0.20361,0.30068,0.11733,0.00517,frames/frame_002175.jpg
2176,36.266667,,0,P,0.20266,0.30697,0.11807,0.00549,frames/frame_002176.jpg
2177,36.283333,,0,B,0.20319,0.30485,0.11863,0.00488,frames/frame_002177.jpg
2178,36.300000,,0,B,0.20298,0.30614,0.11842,0.00403,frames/frame_002178.jpg
2179,36.316667,,0,B,0.20325,0.30452,0.11832,0.00358,frames/frame_002179.jpg
2180,36.333333,,0,P,0.20252,0.30984,0.11840,0.00360,frames/frame_002180.jpg
2181,36.350000,,0,B,0.20339,0.30661,0.11869,0.00421,frames/frame_002181.jpg
2182,36.366667,,0,B,0.20313,0.30812,0.11902,0.00363,frames/frame_002182.jpg
2183,36.383333,,0,B,0.20325,0.30796,0.11951,0.00292,frames/frame_002183.jpg
2184,36.400000,,0,P,0.20244,0.30980,0.11975,0.00309,frames/frame_002184.jpg
2185,36.416667,,0,B,0.20319,0.30806,0.11993,0.00316,frames/frame_002185.jpg
2186,36.433333,,0,B,0.20276,0.31047,0.12018,0.00278,frames/frame_002186.jpg
2187,36.450000,,0,B,0.20294,0.30877,0.12026,0.00248,frames/frame_002187.jpg
2188,36.466667,,0,P,0.20214,0.31252,0.12041,0.00283,frames/frame_002188.jpg
2189,36.483333,,0,B,0.20256,0.31169,0.12030,0.00376,frames/frame_002189.jpg
2190,36.500000,,0,B,0.20190,0.32005,0.12078,0.00382,frames/frame_002190.jpg
2191,36.516667,,0,B,0.20208,0.32042,0.12091,0.00284,frames/frame_002191.jpg
2192,36.533333,,0,P,0.20126,0.32686,0.12091,0.00312,frames/frame_002192.jpg
2193,36.550000,,0,B,0.20188,0.32374,0.12060,0.00284,frames/frame_002193.jpg
2194,36.566667,,0,B,0.20150,0.32575,0.12040,0.00253,frames/frame_002194.jpg
2195,36.583333,,0,B,0.20160,0.32426,0.12017,0.00250,frames/frame_002195.jpg
2196,36.600000,,0,P,0.21462,0.32110,0.12054,0.03076,frames/frame_002196.jpg
2197,36.616667,,0,B,0.20700,0.32245,0.12075,0.01473,frames/frame_002197.jpg
2198,36.633333,,0,B,0.20618,0.32246,0.12052,0.00614,frames/frame_002198.jpg
2199,36.650000,,0,B,0.20606,0.32001,0.12037,0.00590,frames/frame_002199.jpg
2200,36.666667,,0,P,0.20409,0.32047,0.12038,0.00695,frames/frame_002200.jpg
2201,36.683333,,0,B,0.20467,0.31836,0.11973,0.00482,frames/frame_002201.jpg
2202,36.700000,,0,B,0.20368,0.31823,0.11968,0.00469,frames/frame_002202.jpg
2203,36.716667,,0,B,0.20346,0.31794,0.11963,0.00443,frames/frame_002203.jpg
2204,36.733333,,0,P,0.20183,0.32096,0.11940,0.00471,frames/frame_002204.jpg
2205,36.750000,,0,B,0.20242,0.31826,0.11928,0.00420,frames/frame_002205.jpg
2206,36.766667,,0,B,0.20186,0.31898,0.11928,0.00361,frames/frame_002206.jpg
2207,36.783333,,0,B,0.20189,0.31765,0.11946,0.00335,frames/frame_002207.jpg
2208,36.800000,,0,P,0.20082,0.32017,0.11945,0.00365,frames/frame_002208.jpg
2209,36.816667,,0,B,0.20162,0.31702,0.11946,0.00324,frames/frame_002209.jpg
2210,36.833333,,0,B,0.20127,0.31749,0.11937,0.00264,frames/frame_002210.jpg
2211,36.850000,,0,B,0.20123,0.31757,0.11891,0.00262,frames/frame_002211.jpg
2212,36.866667,,0,P,0.20004,0.31919,0.11839,0.00312,frames/frame_002212.jpg
2213,36.883333,,0,B,0.20064,0.31870,0.11824,0.00288,frames/frame_002213.jpg
2214,36.900000,,0,B,0.20032,0.31960,0.11808,0.00241,frames/frame_002214.jpg
2215,36.916667,,0,B,0.20042,0.31918,0.11820,0.00221,frames/frame_002215.jpg
2216,36.933333,,0,P,0.19967,0.32032,0.11822,0.00258,frames/frame_002216.jpg
2217,36.950000,,0,B,0.20015,0.31713,0.11846,0.00302,frames/frame_002217.jpg
2218,36.966667,,0,B,0.19967,0.31623,0.11899,0.00289,frames/frame_002218.jpg
2219,36.983333,,0,B,0.19944,0.32038,0.11934,0.00296,frames/frame_002219.jpg
2220,37.000000,,0,P,0.19803,0.31685,0.11978,0.00372,frames/frame_002220.jpg
2221,37.016667,,0,B,0.19889,0.31576,0.11964,0.00271,frames/frame_002221.jpg
2222,37.033333,,0,B,0.19863,0.31585,0.11941,0.00227,frames/frame_002222.jpg
2223,37.050000,,0,B,0.19941,0.31362,0.12065,0.00577,frames/frame_002223.jpg
2224,37.066667,,0,P,0.20239,0.31296,0.12195,0.02052,frames/frame_002224.jpg
2225,37.083333,,0,B,0.20321,0.31064,0.12202,0.00473,frames/frame_002225.jpg
2226,37.100000,,0,B,0.20225,0.31132,0.12193,0.00936,frames/frame_002226.jpg
2227,37.116667,,0,B,0.20221,0.31004,0.12125,0.00620,frames/frame_002227.jpg
2228,37.133333,,0,P,0.20072,0.31185,0.12040,0.00655,frames/frame_002228.jpg
2229,37.150000,,0,B,0.20123,0.30686,0.12067,0.00571,frames/frame_002229.jpg
2230,37.166667,,0,B,0.20035,0.30898,0.12024,0.00528,frames/frame_002230.jpg
2231,37.183333,,0,B,0.20053,0.30712,0.12005,0.00406,frames/frame_002231.jpg
2232,37.200000,,0,P,0.19918,0.31168,0.11947,0.00512,frames/frame_002232.jpg
2233,37.216667,,0,B,0.20004,0.30744,0.11936,0.00362,frames/frame_002233.jpg
2234,37.233333,,0,B,0.19940,0.30869,0.11900,0.00356,frames/frame_002234.jpg
2235,37.250000,,0,B,0.19962,0.30783,0.11898,0.00281,frames/frame_002235.jpg
2236,37.266667,,0,P,0.19852,0.31033,0.11898,0.00335,frames/frame_002236.jpg
2237,37.283333,,0,B,0.19930,0.30633,0.11910,0.00363,frames/frame_002237.jpg
2238,37.300000,,0,B,0.19891,0.30404,0.11909,0.00305,frames/frame_002238.jpg
2239,37.316667,,0,B,0.20174,0.28245,0.12107,0.00621,frames/frame_002239.jpg
2240,37.333333,,0,P,0.20080,0.28016,0.12145,0.00352,frames/frame_002240.jpg
2241,37.350000,,0,B,0.20143,0.27876,0.12156,0.00303,frames/frame_002241.jpg
2242,37.366667,,0,B,0.20106,0.27922,0.12155,0.00245,frames/frame_002242.jpg
2243,37.383333,,0,B,0.20125,0.27752,0.12149,0.00247,frames/frame_002243.jpg
2244,37.400000,,0,P,0.20046,0.27885,0.12101,0.00279,frames/frame_002244.jpg
2245,37.416667,,0,B,0.20106,0.27595,0.12113,0.00293,frames/frame_002245.jpg
2246,37.433333,,0,B,0.20059,0.27621,0.12033,0.00241,frames/frame_002246.jpg
2247,37.450000,,0,B,0.20065,0.27500,0.12031,0.00220,frames/frame_002247.jpg
2248,37.466667,,0,P,0.19975,0.27465,0.12036,0.00246,frames/frame_002248.jpg
2249,37.483333,,0,B,0.19999,0.26869,0.12012,0.00373,frames/frame_002249.jpg
2250,37.500000,,0,B,0.19905,0.26500,0.12017,0.00352,frames/frame_002250.jpg
2251,37.516667,,0,B,0.20342,0.25865,0.12104,0.01934,frames/frame_002251.jpg
2252,37.533333,,0,P,0.20292,0.25957,0.12136,0.00577,frames/frame_002252.jpg
2253,37.550000,,0,B,0.20390,0.25640,0.12179,0.00571,frames/frame_002253.jpg
2254,37.566667,,0,B,0.20312,0.25910,0.12210,0.00495,frames/frame_002254.jpg
2255,37.583333,,0,B,0.20313,0.25670,0.12211,0.00405,frames/frame_002255.jpg
2256,37.600000,,0,P,0.20171,0.25804,0.12163,0.00525,frames/frame_002256.jpg
2257,37.616667,,0,B,0.20247,0.25643,0.12137,0.00386,frames/frame_002257.jpg
2258,37.633333,,0,B,0.20189,0.25562,0.12171,0.00396,frames/frame_002258.jpg
2259,37.650000,,0,B,0.20205,0.25474,0.12165,0.00338,frames/frame_002259.jpg
2260,37.666667,,0,P,0.20088,0.25652,0.12161,0.00376,frames/frame_002260.jpg
2261,37.683333,,0,B,0.20172,0.25403,0.12116,0.00364,frames/frame_002261.jpg
2262,37.700000,,0,B,0.20130,0.25383,0.12091,0.00300,frames/frame_002262.jpg
2263,37.716667,,0,B,0.20156,0.25242,0.12069,0.00291,frames/frame_002263.jpg
2264,37.733333,,0,P,0.20142,0.25570,0.12201,0.01005,frames/frame_002264.jpg
2265,37.750000,,0,B,0.20204,0.25330,0.12088,0.00626,frames/frame_002265.jpg
2266,37.766667,,0,B,0.20091,0.25335,0.12137,0.00823,frames/frame_002266.jpg
2267,37.783333,,0,B,0.20095,0.25054,0.12086,0.00610,frames/frame_002267.jpg
2268,37.800000,,0,P,0.19954,0.25359,0.12077,0.00550,frames/frame_002268.jpg
2269,37.816667,,0,B,0.20074,0.24980,0.12076,0.00625,frames/frame_002269.jpg
2270,37.833333,,0,B,0.20093,0.25018,0.12119,0.00519,frames/frame_002270.jpg
2271,37.850000,,0,B,0.19990,0.24975,0.11992,0.00511,frames/frame_002271.jpg
2272,37.866667,,0,P,0.19836,0.25083,0.11983,0.00510,frames/frame_002272.jpg
2273,37.883333,,0,B,0.19869,0.25191,0.11975,0.00411,frames/frame_002273.jpg
2274,37.900000,,0,B,0.19795,0.25198,0.11933,0.00337,frames/frame_002274.jpg
2275,37.916667,,0,B,0.19753,0.25068,0.11905,0.00344,frames/frame_002275.jpg
2276,37.933333,,0,P,0.19587,0.25197,0.11867,0.00380,frames/frame_002276.jpg
2277,37.950000,,0,B,0.19579,0.24561,0.11871,0.00863,frames/frame_002277.jpg
2278,37.966667,,0,P,0.19777,0.22839,0.11697,0.03340,frames/frame_002278.jpg
2279,37.983333,,0,B,0.16931,0.20861,0.10424,0.09352,frames/frame_002279.jpg
2280,38.000000,,0,B,0.14462,0.18343,0.09313,0.07705,frames/frame_002280.jpg
2281,38.016667,,0,B,0.12322,0.16566,0.07777,0.05884,frames/frame_002281.jpg
2282,38.033333,,0,P,0.10466,0.12900,0.06604,0.04603,frames/frame_002282.jpg
2283,38.050000,,0,B,0.09269,0.14189,0.05663,0.03366,frames/frame_002283.jpg
2284,38.066667,,0,B,0.08456,0.14754,0.04490,0.02449,frames/frame_002284.jpg
2285,38.083333,,0,B,0.07929,0.15847,0.03704,0.01642,frames/frame_002285.jpg
2286,38.100000,,0,P,0.07547,0.18640,0.03307,0.01186,frames/frame_002286.jpg
2287,38.116667,,0,P,0.07256,0.20608,0.03034,0.00737,frames/frame_002287.jpg
2288,38.133333,,0,P,0.06996,0.20606,0.02953,0.00602,frames/frame_002288.jpg
2289,38.150000,,0,P,0.06930,0.24530,0.02930,0.00377,frames/frame_002289.jpg
2290,38.166667,,0,P,0.06880,0.24995,0.02835,0.00224,frames/frame_002290.jpg
2291,38.183333,,0,P,0.06863,0.25733,0.02748,0.00147,frames/frame_002291.jpg
2292,38.200000,,0,P,0.06820,0.25866,0.02642,0.00091,frames/frame_002292.jpg
2293,38.216667,,0,P,0.06811,0.25985,0.02645,0.00073,frames/frame_002293.jpg
2294,38.233333,,0,P,0.06799,0.26083,0.02621,0.00041,frames/frame_002294.jpg
2295,38.250000,,0,P,0.06781,0.26198,0.02577,0.00044,frames/frame_002295.jpg
2296,38.266667,,0,B,0.06794,0.26474,0.02591,0.00077,frames/frame_002296.jpg
2297,38.283333,,0,P,0.06777,0.26959,0.02586,0.00069,frames/frame_002297.jpg
2298,38.300000,,0,P,0.06773,0.27428,0.02574,0.00065,frames/frame_002298.jpg
2299,38.316667,,0,P,0.06776,0.27957,0.02579,0.00060,frames/frame_002299.jpg
2300,38.333333,,0,P,0.06777,0.27982,0.02579,0.00042,frames/frame_002300.jpg
2301,38.350000,,0,B,0.06776,0.27966,0.02570,0.00042,frames/frame_002301.jpg
2302,38.366667,,0,B,0.06801,0.27819,0.02581,0.00058,frames/frame_002302.jpg
2303,38.383333,,0,P,0.06750,0.27918,0.02538,0.00096,frames/frame_002303.jpg
2304,38.400000,,0,B,0.06774,0.27488,0.02545,0.00062,frames/frame_002304.jpg
2305,38.416667,,0,P,0.06756,0.27526,0.02532,0.00042,frames/frame_002305.jpg
2306,38.433333,,0,P,0.17393,0.54371,0.04149,0.10297,frames/frame_002306.jpg
2307,38.450000,,0,P,0.17366,0.53966,0.04292,0.00285,frames/frame_002307.jpg
2308,38.466667,,0,P,0.16038,0.50541,0.04369,0.01461,frames/frame_002308.jpg
2309,38.483333,,0,P,0.15009,0.46608,0.04639,0.01341,frames/frame_002309.jpg
2310,38.500000,,0,B,0.14192,0.43179,0.04833,0.01140,frames/frame_002310.jpg
2311,38.516667,,0,P,0.13310,0.39818,0.04986,0.01166,frames/frame_002311.jpg
2312,38.533333,,0,P,0.12754,0.38416,0.05351,0.01065,frames/frame_002312.jpg
2313,38.550000,,0,B,0.12369,0.35601,0.05361,0.00734,frames/frame_002313.jpg
2314,38.566667,,0,B,0.11832,0.34234,0.05384,0.00775,frames/frame_002314.jpg
2315,38.583333,,0,B,0.11531,0.32758,0.05528,0.00707,frames/frame_002315.jpg
2316,38.600000,,0,P,0.11008,0.31759,0.05542,0.00786,frames/frame_002316.jpg
2317,38.616667,,0,P,0.10790,0.31137,0.05543,0.00572,frames/frame_002317.jpg
2318,38.633333,,0,B,0.10669,0.29496,0.05562,0.00502,frames/frame_002318.jpg
2319,38.650000,,0,B,0.10431,0.29017,0.05544,0.00512,frames/frame_002319.jpg
2320,38.666667,,0,B,0.10288,0.27674,0.05485,0.00461,frames/frame_002320.jpg
2321,38.683333,,0,P,0.10019,0.27564,0.05376,0.00555,frames/frame_002321.jpg
2322,38.700000,,0,B,0.10025,0.26460,0.05361,0.00394,frames/frame_002322.jpg
2323,38.716667,,0,B,0.09913,0.26210,0.05307,0.00402,frames/frame_002323.jpg
2324,38.733333,,0,B,0.09850,0.25781,0.05298,0.00389,frames/frame_002324.jpg
2325,38.750000,,0,P,0.09667,0.25690,0.05210,0.00481,frames/frame_002325.jpg
2326,38.766667,,0,B,0.09750,0.25374,0.05198,0.00405,frames/frame_002326.jpg
2327,38.783333,,0,B,0.09710,0.25343,0.05175,0.00371,frames/frame_002327.jpg
2328,38.800000,,0,B,0.09736,0.25709,0.05176,0.00374,frames/frame_002328.jpg
2329,38.816667,,0,P,0.09626,0.26374,0.05147,0.00454,frames/frame_002329.jpg
2330,38.833333,,0,B,0.09735,0.26648,0.05204,0.00416,frames/frame_002330.jpg
2331,38.850000,,0,B,0.09733,0.26886,0.05246,0.00354,frames/frame_002331.jpg
2332,38.866667,,0,B,0.09726,0.26884,0.05278,0.00335,frames/frame_002332.jpg
2333,38.883333,,0,P,0.09605,0.27980,0.05238,0.00464,frames/frame_002333.jpg
2334,38.900000,,0,B,0.09767,0.28113,0.05269,0.00429,frames/frame_002334.jpg
2335,38.916667,,0,B,0.09765,0.28236,0.05265,0.00331,frames/frame_002335.jpg
2336,38.933333,,0,B,0.09808,0.28281,0.05277,0.00356,frames/frame_002336.jpg
2337,38.950000,,0,P,0.09737,0.28638,0.05222,0.00395,frames/frame_002337.jpg
2338,38.966667,,0,B,0.09846,0.28272,0.05208,0.00397,frames/frame_002338.jpg
2339,38.983333,,0,P,0.09837,0.28376,0.05222,0.00379,frames/frame_002339.jpg
2340,39.000000,,1,I,0.09867,0.30583,0.05230,0.00752,frames/frame_002340.jpg
2341,39.016667,,0,B,0.09953,0.30094,0.05303,0.00316,frames/frame_002341.jpg
2342,39.033333,,0,B,0.09958,0.30229,0.05302,0.00284,frames/frame_002342.jpg
2343,39.050000,,0,B,0.10007,0.30022,0.05396,0.00316,frames/frame_002343.jpg
2344,39.066667,,0,P,0.09951,0.30350,0.05380,0.00346,frames/frame_002344.jpg
2345,39.083333,,0,B,0.10076,0.30051,0.05469,0.00422,frames/frame_002345.jpg
2346,39.100000,,0,B,0.10080,0.30042,0.05478,0.00364,frames/frame_002346.jpg
2347,39.116667,,0,B,0.10131,0.29896,0.05563,0.00365,frames/frame_002347.jpg
2348,39.133333,,0,P,0.10052,0.30329,0.05590,0.00409,frames/frame_002348.jpg
2349,39.150000,,0,B,0.10225,0.30171,0.05733,0.00458,frames/frame_002349.jpg
2350,39.166667,,0,B,0.10246,0.30290,0.05803,0.00348,frames/frame_002350.jpg
2351,39.183333,,0,B,0.10327,0.30600,0.05936,0.00374,frames/frame_002351.jpg
2352,39.200000,,0,P,0.10284,0.30994,0.05972,0.00417,frames/frame_002352.jpg
2353,39.216667,,0,B,0.10409,0.30990,0.06122,0.00444,frames/frame_002353.jpg
2354,39.233333,,0,B,0.10423,0.31486,0.06223,0.00353,frames/frame_002354.jpg
2355,39.250000,,0,B,0.10494,0.31836,0.06345,0.00375,frames/frame_002355.jpg
2356,39.266667,,0,P,0.10436,0.32406,0.06388,0.00434,frames/frame_002356.jpg
2357,39.283333,,0,B,0.10568,0.32601,0.06464,0.00456,frames/frame_002357.jpg
2358,39.300000,,0,B,0.10559,0.33193,0.06470,0.00380,frames/frame_002358.jpg
2359,39.316667,,0,B,0.10578,0.33285,0.06561,0.00395,frames/frame_002359.jpg
2360,39.333333,,0,P,0.10348,0.33578,0.06463,0.00421,frames/frame_002360.jpg
2361,39.350000,,0,B,0.10567,0.34437,0.06587,0.00502,frames/frame_002361.jpg
2362,39.366667,,0,B,0.10589,0.34581,0.06642,0.00369,frames/frame_002362.jpg
2363,39.383333,,0,B,0.10639,0.34550,0.06735,0.00377,frames/frame_002363.jpg
2364,39.400000,,0,P,0.10557,0.34733,0.06681,0.00418,frames/frame_002364.jpg
2365,39.416667,,0,B,0.10653,0.34432,0.06805,0.00428,frames/frame_002365.jpg
2366,39.433333,,0,B,0.10641,0.34373,0.06836,0.00376,frames/frame_002366.jpg
2367,39.450000,,0,B,0.10698,0.33972,0.06915,0.00380,frames/frame_002367.jpg
2368,39.466667,,0,P,0.10588,0.33921,0.06874,0.00427,frames/frame_002368.jpg
2369,39.483333,,0,B,0.10673,0.33458,0.06953,0.00465,frames/frame_002369.jpg
2370,39.500000,,0,B,0.10596,0.32849,0.06918,0.00436,frames/frame_002370.jpg
2371,39.516667,,0,B,0.10612,0.32605,0.06973,0.00344,frames/frame_002371.jpg
2372,39.533333,,0,P,0.10488,0.32945,0.06957,0.00452,frames/frame_002372.jpg
2373,39.550000,,0,B,0.10603,0.32281,0.07059,0.00421,frames/frame_002373.jpg
2374,39.566667,,0,B,0.10579,0.32492,0.07069,0.00353,frames/frame_002374.jpg
2375,39.583333,,0,B,0.10613,0.32450,0.07111,0.00361,frames/frame_002375.jpg
2376,39.600000,,0,P,0.10500,0.32912,0.07112,0.00436,frames/frame_002376.jpg
2377,39.616667,,0,B,0.10656,0.32515,0.07216,0.00440,frames/frame_002377.jpg
2378,39.633333,,0,B,0.10648,0.32456,0.07228,0.00371,frames/frame_002378.jpg
2379,39.650000,,0,B,0.10717,0.32745,0.07258,0.00375,frames/frame_002379.jpg
2380,39.666667,,0,P,0.10646,0.33385,0.07230,0.00448,frames/frame_002380.jpg
2381,39.683333,,0,B,0.10774,0.33050,0.07323,0.00439,frames/frame_002381.jpg
2382,39.700000,,0,B,0.10766,0.33286,0.07331,0.00392,frames/frame_002382.jpg
2383,39.716667,,0,B,0.10815,0.33646,0.07354,0.00400,frames/frame_002383.jpg
2384,39.733333,,0,P,0.10712,0.34267,0.07271,0.00492,frames/frame_002384.jpg
2385,39.750000,,0,B,0.10826,0.34142,0.07351,0.00449,frames/frame_002385.jpg
2386,39.766667,,0,B,0.10796,0.34445,0.07326,0.00394,frames/frame_002386.jpg
2387,39.783333,,0,B,0.10694,0.34243,0.07296,0.00348,frames/frame_002387.jpg
2388,39.800000,,0,P,0.10599,0.35161,0.07159,0.00495,frames/frame_002388.jpg
2389,39.816667,,0,B,0.10752,0.35285,0.07258,0.00443,frames/frame_002389.jpg
2390,39.833333,,0,B,0.10765,0.35393,0.07255,0.00390,frames/frame_002390.jpg
2391,39.850000,,0,B,0.10820,0.35289,0.07281,0.00376,frames/frame_002391.jpg
2392,39.866667,,0,P,0.10714,0.35500,0.07239,0.00438,frames/frame_002392.jpg
2393,39.883333,,0,B,0.10825,0.35114,0.07349,0.00415,frames/frame_002393.jpg
2394,39.900000,,0,B,0.10825,0.35247,0.07376,0.00382,frames/frame_002394.jpg
2395,39.916667,,0,B,0.10855,0.35008,0.07422,0.00362,frames/frame_002395.jpg
2396,39.933333,,0,P,0.10732,0.35141,0.07387,0.00432,frames/frame_002396.jpg
2397,39.950000,,0,B,0.10838,0.34059,0.07420,0.00458,frames/frame_002397.jpg
2398,39.966667,,0,B,0.10760,0.33847,0.07365,0.00426,frames/frame_002398.jpg
2399,39.983333,,0,B,0.10747,0.33803,0.07343,0.00406,frames/frame_002399.jpg
2400,40.000000,,0,P,0.10557,0.33888,0.07251,0.00548,frames/frame_002400.jpg
2401,40.016667,,0,B,0.10683,0.33440,0.07306,0.00397,frames/frame_002401.jpg
2402,40.033333,,0,B,0.10683,0.33636,0.07310,0.00344,frames/frame_002402.jpg
2403,40.050000,,0,B,0.10716,0.33565,0.07331,0.00362,frames/frame_002403.jpg
2404,40.066667,,0,P,0.10637,0.33811,0.07256,0.00437,frames/frame_002404.jpg
2405,40.083333,,0,B,0.10774,0.33565,0.07367,0.00457,frames/frame_002405.jpg
2406,40.100000,,0,B,0.10758,0.33621,0.07317,0.00384,frames/frame_002406.jpg
2407,40.116667,,0,B,0.10829,0.33771,0.07365,0.00409,frames/frame_002407.jpg
2408,40.133333,,0,P,0.10754,0.34384,0.07263,0.00472,frames/frame_002408.jpg
2409,40.150000,,0,B,0.10887,0.34216,0.07352,0.00442,frames/frame_002409.jpg
2410,40.166667,,0,B,0.10880,0.34542,0.07281,0.00390,frames/frame_002410.jpg
2411,40.183333,,0,B,0.10934,0.34965,0.07303,0.00419,frames/frame_002411.jpg
2412,40.200000,,0,P,0.10843,0.35303,0.07189,0.00482,frames/frame_002412.jpg
2413,40.216667,,0,B,0.10922,0.35252,0.07221,0.00428,frames/frame_002413.jpg
2414,40.233333,,0,B,0.10821,0.35451,0.07128,0.00325,frames/frame_002414.jpg
2415,40.250000,,0,B,0.10769,0.35254,0.07076,0.00375,frames/frame_002415.jpg
2416,40.266667,,0,P,0.10738,0.36212,0.06978,0.00514,frames/frame_002416.jpg
2417,40.283333,,0,B,0.10898,0.36194,0.07061,0.00440,frames/frame_002417.jpg
2418,40.300000,,0,B,0.10906,0.36190,0.07064,0.00377,frames/frame_002418.jpg
2419,40.316667,,0,B,0.10953,0.36227,0.07046,0.00368,frames/frame_002419.jpg
2420,40.333333,,0,P,0.10860,0.36371,0.07027,0.00429,frames/frame_002420.jpg
2421,40.350000,,0,B,0.10981,0.35694,0.07110,0.00425,frames/frame_002421.jpg
2422,40.366667,,0,B,0.10966,0.35814,0.07086,0.00368,frames/frame_002422.jpg
2423,40.383333,,0,B,0.10991,0.35782,0.07106,0.00359,frames/frame_002423.jpg
2424,40.400000,,0,P,0.10877,0.35862,0.07042,0.00436,frames/frame_002424.jpg
2425,40.416667,,0,B,0.10971,0.35348,0.07122,0.00416,frames/frame_002425.jpg
2426,40.433333,,0,B,0.10928,0.35315,0.07106,0.00362,frames/frame_002426.jpg
2427,40.450000,,0,B,0.10932,0.35027,0.07121,0.00351,frames/frame_002427.jpg
2428,40.466667,,0,P,0.10811,0.35106,0.07073,0.00448,frames/frame_002428.jpg
2429,40.483333,,0,B,0.10896,0.34298,0.07101,0.00448,frames/frame_002429.jpg
2430,40.500000,,0,B,0.10833,0.33950,0.07090,0.00452,frames/frame_002430.jpg
2431,40.516667,,0,B,0.10860,0.33668,0.07093,0.00366,frames/frame_002431.jpg
2432,40.533333,,0,P,0.10742,0.33962,0.07071,0.00486,frames/frame_002432.jpg
2433,40.550000,,0,B,0.10885,0.33740,0.07177,0.00437,frames/frame_002433.jpg
2434,40.566667,,0,B,0.10857,0.33974,0.07145,0.00380,frames/frame_002434.jpg
2435,40.583333,,0,B,0.10926,0.34115,0.07173,0.00395,frames/frame_002435.jpg
2436,40.600000,,0,P,0.10838,0.34628,0.07147,0.00452,frames/frame_002436.jpg
2437,40.616667,,0,B,0.10967,0.34756,0.07210,0.00438,frames/frame_002437.jpg
2438,40.633333,,0,B,0.10986,0.35157,0.07209,0.00413,frames/frame_002438.jpg
2439,40.650000,,0,B,0.11022,0.35486,0.07189,0.00398,frames/frame_002439.jpg
2440,40.666667,,0,P,0.10916,0.36010,0.07118,0.00461,frames/frame_002440.jpg
2441,40.683333,,0,B,0.10926,0.35810,0.07149,0.00372,frames/frame_002441.jpg
2442,40.700000,,0,B,0.10783,0.35794,0.07073,0.00333,frames/frame_002442.jpg
2443,40.716667,,0,B,0.10886,0.36556,0.07114,0.00410,frames/frame_002443.jpg
2444,40.733333,,0,P,0.10808,0.36964,0.07056,0.00455,frames/frame_002444.jpg
2445,40.750000,,0,B,0.10960,0.36798,0.07117,0.00429,frames/frame_002445.jpg
2446,40.766667,,0,B,0.10969,0.36967,0.07099,0.00362,frames/frame_002446.jpg
2447,40.783333,,0,B,0.11017,0.36841,0.07170,0.00366,frames/frame_002447.jpg
2448,40.800000,,0,P,0.10928,0.37010,0.07119,0.00417,frames/frame_002448.jpg
2449,40.816667,,0,B,0.11027,0.36588,0.07239,0.00399,frames/frame_002449.jpg
2450,40.833333,,0,B,0.11003,0.36383,0.07233,0.00389,frames/frame_002450.jpg
2451,40.850000,,0,B,0.11009,0.36157,0.07266,0.00348,frames/frame_002451.jpg
2452,40.866667,,0,P,0.10898,0.36094,0.07230,0.00421,frames/frame_002452.jpg
2453,40.883333,,0,B,0.11006,0.36042,0.07311,0.00413,frames/frame_002453.jpg
2454,40.900000,,0,B,0.10966,0.35817,0.07300,0.00355,frames/frame_002454.jpg
2455,40.916667,,0,B,0.10987,0.35625,0.07333,0.00349,frames/frame_002455.jpg
2456,40.933333,,0,P,0.10884,0.35951,0.07264,0.00436,frames/frame_002456.jpg
2457,40.950000,,0,B,0.10968,0.35340,0.07279,0.00434,frames/frame_002457.jpg
2458,40.966667,,0,B,0.10916,0.35113,0.07224,0.00412,frames/frame_002458.jpg
2459,40.983333,,0,B,0.10911,0.34992,0.07229,0.00416,frames/frame_002459.jpg
2460,41.000000,,0,P,0.10717,0.34808,0.07145,0.00546,frames/frame_002460.jpg
2461,41.016667,,0,B,0.10815,0.34852,0.07209,0.00366,frames/frame_002461.jpg
2462,41.033333,,0,B,0.10811,0.34986,0.07201,0.00330,frames/frame_002462.jpg
2463,41.050000,,0,B,0.10885,0.35135,0.07245,0.00369,frames/frame_002463.jpg
2464,41.066667,,0,P,0.10827,0.35508,0.07195,0.00411,frames/frame_002464.jpg
2465,41.083333,,0,B,0.10966,0.35577,0.07237,0.00424,frames/frame_002465.jpg
2466,41.100000,,0,B,0.10979,0.36102,0.07225,0.00394,frames/frame_002466.jpg
2467,41.116667,,0,B,0.11004,0.36130,0.07236,0.00350,frames/frame_002467.jpg
2468,41.133333,,0,P,0.10854,0.36569,0.07181,0.00397,frames/frame_002468.jpg
2469,41.150000,,0,B,0.10839,0.36541,0.07132,0.00390,frames/frame_002469.jpg
2470,41.166667,,0,B,0.10809,0.36734,0.07108,0.00323,frames/frame_002470.jpg
2471,41.183333,,0,B,0.10912,0.37138,0.07120,0.00413,frames/frame_002471.jpg
2472,41.200000,,0,P,0.10861,0.37687,0.07104,0.00410,frames/frame_002472.jpg
2473,41.216667,,0,B,0.10993,0.37562,0.07182,0.00374,frames/frame_002473.jpg
2474,41.233333,,0,B,0.11041,0.37796,0.07198,0.00343,frames/frame_002474.jpg
2475,41.250000,,0,B,0.11063,0.37401,0.07230,0.00343,frames/frame_002475.jpg
2476,41.266667,,0,P,0.10990,0.37573,0.07230,0.00387,frames/frame_002476.jpg
2477,41.283333,,0,B,0.11073,0.36947,0.07313,0.00381,frames/frame_002477.jpg
2478,41.300000,,0,B,0.11048,0.37074,0.07313,0.00363,frames/frame_002478.jpg
2479,41.316667,,0,B,0.11056,0.36927,0.07370,0.00327,frames/frame_002479.jpg
2480,41.333333,,0,P,0.10931,0.36727,0.07244,0.00596,frames/frame_002480.jpg
2481,41.350000,,0,P,0.10941,0.36659,0.07356,0.00631,frames/frame_002481.jpg
2482,41.366667,,0,B,0.11119,0.36589,0.07772,0.00621,frames/frame_002482.jpg
2483,41.383333,,0,B,0.11307,0.36361,0.07961,0.00644,frames/frame_002483.jpg
2484,41.400000,,0,B,0.11317,0.36350,0.08065,0.00403,frames/frame_002484.jpg
2485,41.416667,,0,P,0.11252,0.36404,0.08083,0.00450,frames/frame_002485.jpg
2486,41.433333,,0,B,0.11285,0.36427,0.08014,0.00431,frames/frame_002486.jpg
2487,41.450000,,0,B,0.11362,0.36153,0.07948,0.00486,frames/frame_002487.jpg
2488,41.466667,,0,P,0.11319,0.36032,0.07767,0.00556,frames/frame_002488.jpg
2489,41.483333,,0,B,0.11487,0.35207,0.07905,0.00640,frames/frame_002489.jpg
2490,41.500000,,0,B,0.11501,0.35132,0.07805,0.00589,frames/frame_002490.jpg
2491,41.516667,,0,B,0.11630,0.34488,0.07815,0.00599,frames/frame_002491.jpg
2492,41.533333,,0,P,0.11672,0.34537,0.07853,0.00735,frames/frame_002492.jpg
2493,41.550000,,0,B,0.12067,0.34762,0.07697,0.00871,frames/frame_002493.jpg
2494,41.566667,,0,P,0.12781,0.35214,0.07261,0.01160,frames/frame_002494.jpg
2495,41.583333,,0,P,0.15685,0.36194,0.08580,0.03029,frames/frame_002495.jpg
2496,41.600000,,0,P,0.29752,0.15235,0.08969,0.15106,frames/frame_002496.jpg
2497,41.616667,,0,B,0.25907,0.16115,0.10778,0.04560,frames/frame_002497.jpg
2498,41.633333,,0,P,0.23262,0.18549,0.12220,0.04531,frames/frame_002498.jpg
2499,41.650000,,0,P,0.21737,0.20101,0.12932,0.03364,frames/frame_002499.jpg
2500,41.666667,,0,P,0.20706,0.21720,0.13172,0.02982,frames/frame_002500.jpg
2501,41.683333,,0,P,0.19987,0.23192,0.13603,0.02830,frames/frame_002501.jpg
2502,41.700000,,0,P,0.19270,0.23865,0.13432,0.02505,frames/frame_002502.jpg
2503,41.716667,,0,P,0.18866,0.24157,0.13396,0.02771,frames/frame_002503.jpg
2504,41.733333,,0,P,0.18628,0.24362,0.13230,0.01923,frames/frame_002504.jpg
2505,41.750000,,0,P,0.18429,0.24063,0.13342,0.01554,frames/frame_002505.jpg
2506,41.766667,,0,B,0.18333,0.22953,0.12986,0.01837,frames/frame_002506.jpg
2507,41.783333,,0,B,0.18181,0.22678,0.13031,0.01508,frames/frame_002507.jpg
2508,41.800000,,0,B,0.18081,0.21998,0.12992,0.00715,frames/frame_002508.jpg
2509,41.816667,,0,P,0.17906,0.22440,0.13150,0.00949,frames/frame_002509.jpg
2510,41.833333,,0,B,0.17937,0.21550,0.13042,0.00732,frames/frame_002510.jpg
2511,41.850000,,0,B,0.18013,0.21647,0.13274,0.00764,frames/frame_002511.jpg
2512,41.866667,,0,B,0.18150,0.21298,0.13265,0.00806,frames/frame_002512.jpg
2513,41.883333,,0,P,0.18023,0.21573,0.13316,0.00976,frames/frame_002513.jpg
2514,41.900000,,0,B,0.18045,0.20727,0.13180,0.00812,frames/frame_002514.jpg
2515,41.916667,,0,B,0.17949,0.20496,0.13273,0.00794,frames/frame_002515.jpg
2516,41.933333,,0,B,0.17973,0.20546,0.13294,0.00751,frames/frame_002516.jpg
2517,41.950000,,0,P,0.17854,0.20582,0.13391,0.00690,frames/frame_002517.jpg
2518,41.966667,,0,B,0.17900,0.20237,0.13334,0.00572,frames/frame_002518.jpg
2519,41.983333,,0,P,0.17831,0.20291,0.13307,0.00502,frames/frame_002519.jpg
2520,42.000000,,1,I,0.17771,0.19089,0.13149,0.01178,frames/frame_002520.jpg
2521,42.016667,,0,B,0.17818,0.18934,0.13112,0.00392,frames/frame_002521.jpg
2522,42.033333,,0,P,0.21557,0.18564,0.14494,0.09298,frames/frame_002522.jpg
2523,42.050000,,0,P,0.25885,0.21005,0.15704,0.13737,frames/frame_002523.jpg
2524,42.066667,,0,P,0.32015,0.23301,0.17099,0.16647,frames/frame_002524.jpg
2525,42.083333,,0,P,0.37661,0.25062,0.16789,0.19692,frames/frame_002525.jpg
2526,42.100000,,0,P,0.39864,0.25258,0.15116,0.18878,frames/frame_002526.jpg
2527,42.116667,,0,P,0.43827,0.26674,0.13545,0.20049,frames/frame_002527.jpg
2528,42.133333,,0,P,0.50381,0.26963,0.12769,0.23091,frames/frame_002528.jpg
2529,42.150000,,0,P,0.50604,0.27928,0.12595,0.24555,frames/frame_002529.jpg
2530,42.166667,,0,P,0.48306,0.28509,0.10040,0.26658,frames/frame_002530.jpg
2531,42.183333,,0,P,0.49666,0.29021,0.08665,0.22764,frames/frame_002531.jpg
2532,42.200000,,0,P,0.34327,0.31344,0.07565,0.15888,frames/frame_002532.jpg
2533,42.216667,,0,P,0.20526,0.34279,0.06977,0.13971,frames/frame_002533.jpg
2534,42.233333,,0,P,0.11062,0.36803,0.05722,0.10060,frames/frame_002534.jpg
2535,42.250000,,0,B,0.10868,0.35624,0.05541,0.00765,frames/frame_002535.jpg
2536,42.266667,,0,B,0.10910,0.35020,0.05509,0.00492,frames/frame_002536.jpg
2537,42.283333,,0,P,0.10771,0.35312,0.05525,0.00460,frames/frame_002537.jpg
2538,42.300000,,0,B,0.10951,0.33960,0.05615,0.00485,frames/frame_002538.jpg
2539,42.316667,,0,B,0.10919,0.33920,0.05632,0.00443,frames/frame_002539.jpg
2540,42.333333,,0,B,0.10971,0.33425,0.05629,0.00320,frames/frame_002540.jpg
2541,42.350000,,0,P,0.10850,0.33711,0.05664,0.00381,frames/frame_002541.jpg
2542,42.366667,,0,B,0.10979,0.32574,0.05670,0.00385,frames/frame_002542.jpg
2543,42.383333,,0,B,0.10949,0.32120,0.05712,0.00317,frames/frame_002543.jpg
2544,42.400000,,0,B,0.11044,0.31621,0.05755,0.00419,frames/frame_002544.jpg
2545,42.416667,,0,P,0.10914,0.31991,0.05768,0.00432,frames/frame_002545.jpg
2546,42.433333,,0,B,0.11059,0.31007,0.05804,0.00406,frames/frame_002546.jpg
2547,42.450000,,0,B,0.11023,0.30728,0.05784,0.00328,frames/frame_002547.jpg
2548,42.466667,,0,B,0.11087,0.30312,0.05797,0.00363,frames/frame_002548.jpg
2549,42.483333,,0,P,0.10945,0.31101,0.05830,0.00381,frames/frame_002549.jpg
2550,42.500000,,0,B,0.10864,0.27630,0.05676,0.00517,frames/frame_002550.jpg
2551,42.516667,,0,B,0.11292,0.27166,0.05808,0.02064,frames/frame_002551.jpg
2552,42.533333,,0,B,0.11356,0.26913,0.05820,0.00602,frames/frame_002552.jpg
2553,42.550000,,0,P,0.11239,0.27264,0.05823,0.00619,frames/frame_002553.jpg
2554,42.566667,,0,B,0.11380,0.26316,0.05847,0.00568,frames/frame_002554.jpg
2555,42.583333,,0,B,0.11305,0.26288,0.05823,0.00388,frames/frame_002555.jpg
2556,42.600000,,0,B,0.11337,0.26187,0.05850,0.00506,frames/frame_002556.jpg
2557,42.616667,,0,P,0.11239,0.26276,0.05965,0.00527,frames/frame_002557.jpg
2558,42.633333,,0,B,0.11359,0.26080,0.05955,0.00420,frames/frame_002558.jpg
2559,42.650000,,0,B,0.11311,0.25850,0.05951,0.00379,frames/frame_002559.jpg
2560,42.666667,,0,B,0.11361,0.25695,0.05977,0.00331,frames/frame_002560.jpg
2561,42.683333,,0,P,0.11206,0.25527,0.05980,0.00422,frames/frame_002561.jpg
2562,42.700000,,0,B,0.11344,0.25250,0.05995,0.00451,frames/frame_002562.jpg
2563,42.716667,,0,B,0.11299,0.25294,0.06020,0.00347,frames/frame_002563.jpg
2564,42.733333,,0,B,0.11437,0.25195,0.06139,0.00430,frames/frame_002564.jpg
2565,42.750000,,0,P,0.11273,0.25173,0.06161,0.00433,frames/frame_002565.jpg
2566,42.766667,,0,B,0.11413,0.24713,0.06142,0.00392,frames/frame_002566.jpg
2567,42.783333,,0,B,0.11379,0.24562,0.06190,0.00350,frames/frame_002567.jpg
2568,42.800000,,0,B,0.11427,0.24565,0.06210,0.00316,frames/frame_002568.jpg
2569,42.816667,,0,P,0.11273,0.24804,0.06190,0.00369,frames/frame_002569.jpg
2570,42.833333,,0,B,0.11452,0.24664,0.06286,0.00421,frames/frame_002570.jpg
2571,42.850000,,0,B,0.11425,0.24588,0.06260,0.00302,frames/frame_002571.jpg
2572,42.866667,,0,B,0.11482,0.24517,0.06239,0.00299,frames/frame_002572.jpg
2573,42.883333,,0,P,0.11355,0.24384,0.06249,0.00356,frames/frame_002573.jpg
2574,42.900000,,0,B,0.11488,0.24312,0.06219,0.00368,frames/frame_002574.jpg
2575,42.916667,,0,B,0.11449,0.24362,0.06166,0.00293,frames/frame_002575.jpg
2576,42.933333,,0,B,0.11548,0.24642,0.06270,0.00336,frames/frame_002576.jpg
2577,42.950000,,0,P,0.11444,0.24146,0.06289,0.00382,frames/frame_002577.jpg
2578,42.966667,,0,B,0.12086,0.25049,0.06333,0.02322,frames/frame_002578.jpg
2579,42.983333,,0,B,0.12033,0.24824,0.06354,0.00531,frames/frame_002579.jpg
2580,43.000000,,0,B,0.12053,0.24816,0.06376,0.00843,frames/frame_002580.jpg
2581,43.016667,,0,P,0.11908,0.24826,0.06396,0.00489,frames/frame_002581.jpg
2582,43.033333,,0,B,0.12019,0.25094,0.06420,0.00449,frames/frame_002582.jpg
2583,43.050000,,0,B,0.12010,0.24655,0.06505,0.00451,frames/frame_002583.jpg
2584,43.066667,,0,B,0.12052,0.24798,0.06509,0.00497,frames/frame_002584.jpg
2585,43.083333,,0,P,0.11865,0.24668,0.06500,0.00461,frames/frame_002585.jpg
2586,43.100000,,0,B,0.12003,0.24793,0.06538,0.00476,frames/frame_002586.jpg
2587,43.116667,,0,B,0.11928,0.24274,0.06538,0.00377,frames/frame_002587.jpg
2588,43.133333,,0,B,0.11977,0.24230,0.06569,0.00340,frames/frame_002588.jpg
2589,43.150000,,0,P,0.11842,0.24373,0.06604,0.00449,frames/frame_002589.jpg
2590,43.166667,,0,B,0.12003,0.24405,0.06613,0.00515,frames/frame_002590.jpg
2591,43.183333,,0,B,0.11947,0.24130,0.06602,0.00395,frames/frame_002591.jpg
2592,43.200000,,0,B,0.11986,0.24327,0.06612,0.00435,frames/frame_002592.jpg
2593,43.216667,,0,P,0.11849,0.24199,0.06595,0.00460,frames/frame_002593.jpg
2594,43.233333,,0,B,0.11986,0.23997,0.06541,0.00431,frames/frame_002594.jpg
2595,43.250000,,0,B,0.11957,0.23910,0.06597,0.00340,frames/frame_002595.jpg
2596,43.266667,,0,B,0.12051,0.23990,0.06666,0.00361,frames/frame_002596.jpg
2597,43.283333,,0,P,0.11907,0.23649,0.06607,0.00376,frames/frame_002597.jpg
2598,43.300000,,0,B,0.12063,0.24194,0.06645,0.00399,frames/frame_002598.jpg
2599,43.316667,,0,B,0.12022,0.23956,0.06643,0.00327,frames/frame_002599.jpg
2600,43.333333,,0,B,0.12077,0.23964,0.06655,0.00316,frames/frame_002600.jpg
2601,43.350000,,0,P,0.11937,0.23336,0.06616,0.00380,frames/frame_002601.jpg
2602,43.366667,,0,B,0.12084,0.23847,0.06702,0.00394,frames/frame_002602.jpg
2603,43.383333,,0,B,0.12011,0.23779,0.06640,0.00329,frames/frame_002603.jpg
2604,43.400000,,0,B,0.12035,0.23869,0.06520,0.00376,frames/frame_002604.jpg
2605,43.416667,,0,P,0.12588,0.23473,0.06437,0.01213,frames/frame_002605.jpg
2606,43.433333,,0,B,0.12426,0.24989,0.06280,0.01478,frames/frame_002606.jpg
2607,43.450000,,0,B,0.12416,0.24805,0.06404,0.00502,frames/frame_002607.jpg
2608,43.466667,,0,B,0.12498,0.25150,0.06497,0.00481,frames/frame_002608.jpg
2609,43.483333,,0,P,0.12338,0.24859,0.06474,0.00793,frames/frame_002609.jpg
2610,43.500000,,0,B,0.12448,0.25174,0.06487,0.00590,frames/frame_002610.jpg
2611,43.516667,,0,B,0.12410,0.24587,0.06497,0.00447,frames/frame_002611.jpg
2612,43.533333,,0,B,0.12443,0.24686,0.06518,0.00539,frames/frame_002612.jpg
2613,43.550000,,0,P,0.12264,0.24350,0.06543,0.00482,frames/frame_002613.jpg
2614,43.566667,,0,B,0.12374,0.24825,0.06552,0.00582,frames/frame_002614.jpg
2615,43.583333,,0,B,0.12404,0.24712,0.06681,0.00425,frames/frame_002615.jpg
2616,43.600000,,0,B,0.12458,0.24782,0.06736,0.00333,frames/frame_002616.jpg
2617,43.616667,,0,P,0.12302,0.24574,0.06741,0.00380,frames/frame_002617.jpg
2618,43.633333,,0,B,0.12447,0.24645,0.06758,0.00414,frames/frame_002618.jpg
2619,43.650000,,0,B,0.12404,0.24626,0.06740,0.00319,frames/frame_002619.jpg
2620,43.666667,,0,B,0.12449,0.24654,0.06783,0.00356,frames/frame_002620.jpg
2621,43.683333,,0,P,0.12285,0.24551,0.06738,0.00401,frames/frame_002621.jpg
2622,43.700000,,0,B,0.12413,0.24446,0.06757,0.00370,frames/frame_002622.jpg
2623,43.716667,,0,B,0.12375,0.24367,0.06771,0.00299,frames/frame_002623.jpg
2624,43.733333,,0,B,0.12414,0.24283,0.06798,0.00266,frames/frame_002624.jpg
2625,43.750000,,0,P,0.12284,0.24375,0.06819,0.00330,frames/frame_002625.jpg
2626,43.766667,,0,B,0.12431,0.24138,0.06838,0.00362,frames/frame_002626.jpg
2627,43.783333,,0,B,0.12399,0.24215,0.06833,0.00285,frames/frame_002627.jpg
2628,43.800000,,0,B,0.12446,0.24164,0.06828,0.00275,frames/frame_002628.jpg
2629,43.816667,,0,P,0.12313,0.24201,0.06798,0.00331,frames/frame_002629.jpg
2630,43.833333,,0,B,0.12353,0.24061,0.06808,0.00267,frames/frame_002630.jpg
2631,43.850000,,0,B,0.12446,0.24211,0.06816,0.00303,frames/frame_002631.jpg
2632,43.866667,,0,P,0.12341,0.23896,0.06817,0.00319,frames/frame_002632.jpg
2633,43.883333,,0,P,0.13335,0.25136,0.07365,0.03408,frames/frame_002633.jpg
2634,43.900000,,0,P,0.13427,0.24959,0.07283,0.02722,frames/frame_002634.jpg
2635,43.916667,,0,P,0.13487,0.24855,0.07132,0.02253,frames/frame_002635.jpg
2636,43.933333,,0,P,0.13515,0.24891,0.07151,0.01824,frames/frame_002636.jpg
2637,43.950000,,0,P,0.13524,0.24661,0.07022,0.01852,frames/frame_002637.jpg
2638,43.966667,,0,P,0.13555,0.24143,0.07008,0.01463,frames/frame_002638.jpg
2639,43.983333,,0,B,0.13516,0.23890,0.06909,0.01106,frames/frame_002639.jpg
2640,44.000000,,0,B,0.13479,0.24572,0.06502,0.01404,frames/frame_002640.jpg
2641,44.016667,,0,P,0.13335,0.24683,0.06478,0.00742,frames/frame_002641.jpg
2642,44.033333,,0,B,0.13316,0.24053,0.06541,0.00833,frames/frame_002642.jpg
2643,44.050000,,0,B,0.13365,0.24073,0.06513,0.00803,frames/frame_002643.jpg
2644,44.066667,,0,P,0.13235,0.23965,0.06521,0.00526,frames/frame_002644.jpg
2645,44.083333,,0,B,0.13592,0.24683,0.06715,0.00998,frames/frame_002645.jpg
2646,44.100000,,0,B,0.13530,0.24115,0.06682,0.00571,frames/frame_002646.jpg
2647,44.116667,,0,B,0.13563,0.24447,0.06689,0.00470,frames/frame_002647.jpg
2648,44.133333,,0,P,0.13422,0.24174,0.06673,0.00487,frames/frame_002648.jpg
2649,44.150000,,0,B,0.13564,0.23976,0.06721,0.00457,frames/frame_002649.jpg
2650,44.166667,,0,B,0.13546,0.24034,0.06760,0.00490,frames/frame_002650.jpg
2651,44.183333,,0,B,0.13581,0.24027,0.06755,0.00353,frames/frame_002651.jpg
2652,44.200000,,0,P,0.13463,0.23885,0.06702,0.00417,frames/frame_002652.jpg
2653,44.216667,,0,B,0.13607,0.23823,0.06684,0.00374,frames/frame_002653.jpg
2654,44.233333,,0,B,0.13807,0.23857,0.06951,0.00486,frames/frame_002654.jpg
2655,44.250000,,0,B,0.13825,0.24013,0.06947,0.00309,frames/frame_002655.jpg
2656,44.266667,,0,P,0.13716,0.24053,0.06990,0.00338,frames/frame_002656.jpg
2657,44.283333,,0,B,0.13863,0.24218,0.06988,0.00351,frames/frame_002657.jpg
2658,44.300000,,0,B,0.13840,0.24074,0.06997,0.00300,frames/frame_002658.jpg
2659,44.316667,,0,B,0.13901,0.24373,0.06962,0.00323,frames/frame_002659.jpg
2660,44.333333,,0,P,0.14533,0.25208,0.07119,0.02640,frames/frame_002660.jpg
2661,44.350000,,0,B,0.14664,0.25618,0.07142,0.00696,frames/frame_002661.jpg
2662,44.366667,,0,B,0.14855,0.25660,0.07551,0.00823,frames/frame_002662.jpg
2663,44.383333,,0,B,0.14864,0.25702,0.07492,0.00423,frames/frame_002663.jpg
2664,44.400000,,0,P,0.14705,0.24868,0.07521,0.00483,frames/frame_002664.jpg
2665,44.416667,,0,B,0.14813,0.25237,0.07532,0.00951,frames/frame_002665.jpg
2666,44.433333,,0,B,0.14765,0.25104,0.07520,0.00379,frames/frame_002666.jpg
2667,44.450000,,0,B,0.14790,0.25225,0.07500,0.00646,frames/frame_002667.jpg
2668,44.466667,,0,P,0.14632,0.24768,0.07562,0.00475,frames/frame_002668.jpg
2669,44.483333,,0,B,0.14676,0.25145,0.07486,0.00604,frames/frame_002669.jpg
2670,44.500000,,0,B,0.14673,0.25164,0.07656,0.00534,frames/frame_002670.jpg
2671,44.516667,,0,B,0.14802,0.25306,0.07784,0.00487,frames/frame_002671.jpg
2672,44.533333,,0,P,0.14630,0.24783,0.07734,0.00541,frames/frame_002672.jpg
2673,44.550000,,0,B,0.14726,0.25019,0.07681,0.00455,frames/frame_002673.jpg
2674,44.566667,,0,B,0.14716,0.24881,0.07739,0.00369,frames/frame_002674.jpg
2675,44.583333,,0,B,0.14755,0.24937,0.07756,0.00293,frames/frame_002675.jpg
2676,44.600000,,0,P,0.14624,0.24772,0.07761,0.00358,frames/frame_002676.jpg
2677,44.616667,,0,B,0.14745,0.24872,0.07762,0.00342,frames/frame_002677.jpg
2678,44.633333,,0,B,0.14716,0.24807,0.07783,0.00275,frames/frame_002678.jpg
2679,44.650000,,0,B,0.14998,0.25033,0.08074,0.00493,frames/frame_002679.jpg
2680,44.666667,,0,P,0.14890,0.24868,0.08081,0.00347,frames/frame_002680.jpg
2681,44.683333,,0,B,0.15028,0.24986,0.08085,0.00350,frames/frame_002681.jpg
2682,44.700000,,0,B,0.15002,0.24820,0.08123,0.00296,frames/frame_002682.jpg
2683,44.716667,,0,B,0.15039,0.24886,0.08088,0.00295,frames/frame_002683.jpg
2684,44.733333,,0,P,0.14930,0.24835,0.08095,0.00343,frames/frame_002684.jpg
2685,44.750000,,0,B,0.15076,0.25058,0.08095,0.00363,frames/frame_002685.jpg
2686,44.766667,,0,B,0.15047,0.24975,0.08092,0.00331,frames/frame_002686.jpg
2687,44.783333,,0,B,0.16019,0.25458,0.08255,0.03442,frames/frame_002687.jpg
2688,44.800000,,0,P,0.15926,0.25381,0.08237,0.01509,frames/frame_002688.jpg
2689,44.816667,,0,B,0.16034,0.25426,0.08240,0.00740,frames/frame_002689.jpg
2690,44.833333,,0,B,0.15926,0.25078,0.08220,0.00671,frames/frame_002690.jpg
2691,44.850000,,0,B,0.15940,0.25240,0.08181,0.00513,frames/frame_002691.jpg
2692,44.866667,,0,P,0.15742,0.24929,0.08196,0.00699,frames/frame_002692.jpg
2693,44.883333,,0,B,0.16008,0.25316,0.08374,0.01153,frames/frame_002693.jpg
2694,44.900000,,0,B,0.16007,0.25189,0.08437,0.00646,frames/frame_002694.jpg
2695,44.916667,,0,B,0.16120,0.25172,0.08470,0.01001,frames/frame_002695.jpg
2696,44.933333,,0,P,0.16102,0.25080,0.08604,0.01100,frames/frame_002696.jpg
2697,44.950000,,0,B,0.16257,0.25230,0.08701,0.01492,frames/frame_002697.jpg
2698,44.966667,,0,B,0.16531,0.25994,0.08704,0.01897,frames/frame_002698.jpg
2699,44.983333,,0,P,0.16707,0.25786,0.08889,0.02545,frames/frame_002699.jpg
2700,45.000000,,1,I,0.16855,0.30163,0.09058,0.03616,frames/frame_002700.jpg
2701,45.016667,,0,P,0.17289,0.30321,0.09147,0.04329,frames/frame_002701.jpg
2702,45.033333,,0,P,0.17875,0.31658,0.09539,0.05532,frames/frame_002702.jpg
2703,45.050000,,0,B,0.18424,0.34751,0.09279,0.06554,frames/frame_002703.jpg
2704,45.066667,,0,B,0.18346,0.36485,0.08456,0.07294,frames/frame_002704.jpg
2705,45.083333,,0,P,0.18492,0.40692,0.08524,0.07796,frames/frame_002705.jpg
2706,45.100000,,0,P,0.19061,0.47270,0.08159,0.08415,frames/frame_002706.jpg
2707,45.116667,,0,P,0.18504,0.55522,0.06662,0.07715,frames/frame_002707.jpg
2708,45.133333,,0,P,0.19636,0.63517,0.06494,0.07472,frames/frame_002708.jpg
2709,45.150000,,0,P,0.20759,0.70544,0.06437,0.09134,frames/frame_002709.jpg
2710,45.166667,,0,B,0.20951,0.76172,0.06749,0.11592,frames/frame_002710.jpg
2711,45.183333,,0,B,0.17261,0.78589,0.05644,0.14250,frames/frame_002711.jpg
2712,45.200000,,0,P,0.11644,0.80343,0.03964,0.13565,frames/frame_002712.jpg
2713,45.216667,,0,P,0.01270,0.85980,0.00673,0.10215,frames/frame_002713.jpg
2714,45.233333,,0,B,0.02153,0.64258,0.01043,0.01885,frames/frame_002714.jpg
2715,45.250000,,0,P,0.10693,0.22753,0.04103,0.08399,frames/frame_002715.jpg
2716,45.266667,,0,B,0.10961,0.22678,0.04742,0.02455,frames/frame_002716.jpg
2717,45.283333,,0,P,0.11548,0.23640,0.05946,0.02874,frames/frame_002717.jpg
2718,45.300000,,0,P,0.12193,0.23284,0.06911,0.03863,frames/frame_002718.jpg
2719,45.316667,,0,P,0.12433,0.23084,0.07372,0.04205,frames/frame_002719.jpg
2720,45.333333,,0,P,0.12578,0.22564,0.07587,0.04291,frames/frame_002720.jpg
2721,45.350000,,0,P,0.12819,0.21940,0.07656,0.04331,frames/frame_002721.jpg
2722,45.366667,,0,P,0.13213,0.21903,0.07750,0.04193,frames/frame_002722.jpg
2723,45.383333,,0,P,0.14522,0.22487,0.08362,0.04795,frames/frame_002723.jpg
2724,45.400000,,0,P,0.15038,0.21906,0.08578,0.04667,frames/frame_002724.jpg
2725,45.416667,,0,P,0.15516,0.21582,0.08854,0.04616,frames/frame_002725.jpg
2726,45.433333,,0,P,0.15832,0.21340,0.09019,0.04472,frames/frame_002726.jpg
2727,45.450000,,0,P,0.15875,0.21008,0.09022,0.04346,frames/frame_002727.jpg
2728,45.466667,,0,P,0.15963,0.21126,0.08950,0.04234,frames/frame_002728.jpg
2729,45.483333,,0,B,0.16306,0.20075,0.08567,0.03990,frames/frame_002729.jpg
2730,45.500000,,0,P,0.16706,0.20533,0.09955,0.04006,frames/frame_002730.jpg
2731,45.516667,,0,P,0.16621,0.20132,0.09898,0.03369,frames/frame_002731.jpg
2732,45.533333,,0,P,0.16854,0.20433,0.10336,0.03306,frames/frame_002732.jpg
2733,45.550000,,0,P,0.17202,0.20151,0.10757,0.03722,frames/frame_002733.jpg
2734,45.566667,,0,P,0.17390,0.19634,0.11170,0.03629,frames/frame_002734.jpg
2735,45.583333,,0,P,0.17447,0.19259,0.11225,0.03466,frames/frame_002735.jpg
2736,45.600000,,0,P,0.17417,0.19278,0.11096,0.03155,frames/frame_002736.jpg
2737,45.616667,,0,P,0.17408,0.19088,0.11063,0.02915,frames/frame_002737.jpg
2738,45.633333,,0,P,0.17341,0.19096,0.10891,0.02693,frames/frame_002738.jpg
2739,45.650000,,0,P,0.17253,0.19122,0.10603,0.02491,frames/frame_002739.jpg
2740,45.666667,,0,P,0.17198,0.19043,0.10430,0.01656,frames/frame_002740.jpg
2741,45.683333,,0,P,0.17097,0.18913,0.10152,0.01400,frames/frame_002741.jpg
2742,45.700000,,0,P,0.17240,0.19625,0.09872,0.03662,frames/frame_002742.jpg
2743,45.716667,,0,P,0.17135,0.19649,0.09524,0.01888,frames/frame_002743.jpg
2744,45.733333,,0,P,0.17036,0.19394,0.09446,0.01484,frames/frame_002744.jpg
2745,45.750000,,0,P,0.16942,0.19552,0.09252,0.01413,frames/frame_002745.jpg
2746,45.766667,,0,P,0.16932,0.19422,0.09259,0.01397,frames/frame_002746.jpg
2747,45.783333,,0,P,0.16951,0.19451,0.09139,0.01171,frames/frame_002747.jpg
2748,45.800000,,0,P,0.16940,0.19301,0.09168,0.01176,frames/frame_002748.jpg
2749,45.816667,,0,B,0.17160,0.19442,0.08894,0.00936,frames/frame_002749.jpg
2750,45.833333,,0,P,0.17045,0.19058,0.08998,0.00830,frames/frame_002750.jpg
2751,45.850000,,0,B,0.17656,0.19450,0.09074,0.01274,frames/frame_002751.jpg
2752,45.866667,,0,P,0.17540,0.19474,0.09230,0.01576,frames/frame_002752.jpg
2753,45.883333,,0,B,0.17801,0.19273,0.09172,0.01592,frames/frame_002753.jpg
2754,45.900000,,0,P,0.17774,0.19180,0.09383,0.01465,frames/frame_002754.jpg
2755,45.916667,,0,B,0.18018,0.18927,0.09296,0.01547,frames/frame_002755.jpg
2756,45.933333,,0,P,0.17974,0.18762,0.09541,0.01414,frames/frame_002756.jpg
2757,45.950000,,0,P,0.18174,0.18615,0.09870,0.01482,frames/frame_002757.jpg
2758,45.966667,,0,B,0.18589,0.18532,0.09944,0.01687,frames/frame_002758.jpg
2759,45.983333,,0,B,0.18675,0.18071,0.10289,0.00720,frames/frame_002759.jpg
2760,46.000000,,0,B,0.18990,0.17762,0.10708,0.00884,frames/frame_002760.jpg
2761,46.016667,,0,P,0.19281,0.18206,0.11420,0.01561,frames/frame_002761.jpg
2762,46.033333,,0,B,0.19524,0.18049,0.11110,0.01451,frames/frame_002762.jpg
2763,46.050000,,0,B,0.19523,0.17922,0.11174,0.01318,frames/frame_002763.jpg
2764,46.066667,,0,B,0.19593,0.17935,0.11154,0.01309,frames/frame_002764.jpg
2765,46.083333,,0,P,0.19438,0.17679,0.11255,0.01337,frames/frame_002765.jpg
2766,46.100000,,0,B,0.19350,0.17383,0.10712,0.01386,frames/frame_002766.jpg
2767,46.116667,,0,B,0.19368,0.17439,0.10356,0.01302,frames/frame_002767.jpg
2768,46.133333,,0,P,0.19142,0.16394,0.10388,0.00958,frames/frame_002768.jpg
2769,46.150000,,0,P,0.19329,0.17022,0.10421,0.03982,frames/frame_002769.jpg
2770,46.166667,,0,P,0.19386,0.17135,0.10212,0.02704,frames/frame_002770.jpg
2771,46.183333,,0,P,0.19302,0.17152,0.10116,0.01844,frames/frame_002771.jpg
2772,46.200000,,0,B,0.19388,0.17353,0.09870,0.01587,frames/frame_002772.jpg
2773,46.216667,,0,P,0.19178,0.17109,0.09858,0.01632,frames/frame_002773.jpg
2774,46.233333,,0,P,0.19129,0.16926,0.09794,0.01772,frames/frame_002774.jpg
2775,46.250000,,0,B,0.19041,0.16964,0.09536,0.01814,frames/frame_002775.jpg
2776,46.266667,,0,B,0.19222,0.17421,0.09564,0.02130,frames/frame_002776.jpg
2777,46.283333,,0,P,0.19034,0.17189,0.09722,0.01327,frames/frame_002777.jpg
2778,46.300000,,0,P,0.18944,0.17017,0.09654,0.01636,frames/frame_002778.jpg
2779,46.316667,,0,B,0.19151,0.17279,0.09413,0.01515,frames/frame_002779.jpg
2780,46.333333,,0,B,0.19140,0.17069,0.09455,0.01458,frames/frame_002780.jpg
2781,46.350000,,0,B,0.19195,0.16993,0.09456,0.01395,frames/frame_002781.jpg
2782,46.366667,,0,P,0.19173,0.17101,0.09769,0.02000,frames/frame_002782.jpg
2783,46.383333,,0,P,0.19091,0.17134,0.09855,0.01323,frames/frame_002783.jpg
2784,46.400000,,0,B,0.19300,0.17074,0.09932,0.01428,frames/frame_002784.jpg
2785,46.416667,,0,P,0.19284,0.17004,0.10110,0.01371,frames/frame_002785.jpg
2786,46.433333,,0,B,0.19591,0.17049,0.10377,0.01609,frames/frame_002786.jpg
2787,46.450000,,0,B,0.19703,0.17107,0.10833,0.01394,frames/frame_002787.jpg
2788,46.466667,,0,B,0.19856,0.17198,0.11046,0.01883,frames/frame_002788.jpg
2789,46.483333,,0,P,0.19641,0.17138,0.11087,0.01108,frames/frame_002789.jpg
2790,46.500000,,0,B,0.19659,0.17583,0.10719,0.01523,frames/frame_002790.jpg
2791,46.516667,,0,B,0.19714,0.17596,0.10628,0.01061,frames/frame_002791.jpg
2792,46.533333,,0,B,0.19746,0.17771,0.10409,0.01050,frames/frame_002792.jpg
2793,46.550000,,0,P,0.19577,0.18208,0.10490,0.01064,frames/frame_002793.jpg
2794,46.566667,,0,B,0.19797,0.18969,0.09902,0.01902,frames/frame_002794.jpg
2795,46.583333,,0,B,0.19597,0.19053,0.09418,0.01354,frames/frame_002795.jpg
2796,46.600000,,0,B,0.19975,0.19919,0.08741,0.03297,frames/frame_002796.jpg
2797,46.616667,,0,P,0.19550,0.20238,0.09710,0.02258,frames/frame_002797.jpg
2798,46.633333,,0,P,0.19426,0.19974,0.09596,0.01994,frames/frame_002798.jpg
2799,46.650000,,0,P,0.19246,0.19619,0.09348,0.01751,frames/frame_002799.jpg
2800,46.666667,,0,P,0.19165,0.19802,0.09299,0.02283,frames/frame_002800.jpg
2801,46.683333,,0,P,0.19181,0.19729,0.09377,0.01168,frames/frame_002801.jpg
2802,46.700000,,0,P,0.19232,0.19605,0.09303,0.01371,frames/frame_002802.jpg
2803,46.716667,,0,B,0.19415,0.19558,0.09338,0.01188,frames/frame_002803.jpg
2804,46.733333,,0,P,0.19305,0.19420,0.09510,0.01169,frames/frame_002804.jpg
2805,46.750000,,0,B,0.19344,0.19280,0.09441,0.01094,frames/frame_002805.jpg
2806,46.766667,,0,B,0.19517,0.19717,0.09395,0.01781,frames/frame_002806.jpg
2807,46.783333,,0,P,0.19381,0.19654,0.09527,0.01157,frames/frame_002807.jpg
2808,46.800000,,0,B,0.19531,0.19810,0.09317,0.01404,frames/frame_002808.jpg
2809,46.816667,,0,P,0.19468,0.19800,0.09586,0.01403,frames/frame_002809.jpg
2810,46.833333,,0,B,0.19756,0.19602,0.09523,0.01586,frames/frame_002810.jpg
2811,46.850000,,0,B,0.19769,0.19542,0.09576,0.01294,frames/frame_002811.jpg
2812,46.866667,,0,B,0.19855,0.19532,0.09681,0.01928,frames/frame_002812.jpg
2813,46.883333,,0,P,0.19798,0.19346,0.10077,0.00989,frames/frame_002813.jpg
2814,46.900000,,0,B,0.20124,0.19253,0.10366,0.01219,frames/frame_002814.jpg
2815,46.916667,,0,B,0.20205,0.19195,0.10606,0.01053,frames/frame_002815.jpg
2816,46.933333,,0,B,0.20372,0.19121,0.10829,0.01075,frames/frame_002816.jpg
2817,46.950000,,0,P,0.20294,0.18951,0.11160,0.01034,frames/frame_002817.jpg
2818,46.966667,,0,B,0.20538,0.20021,0.10883,0.01858,frames/frame_002818.jpg
2819,46.983333,,0,B,0.20418,0.20164,0.10417,0.01294,frames/frame_002819.jpg
2820,47.000000,,0,B,0.20352,0.20801,0.10023,0.01631,frames/frame_002820.jpg
2821,47.016667,,0,P,0.20102,0.21494,0.10090,0.01688,frames/frame_002821.jpg
2822,47.033333,,0,B,0.19999,0.21199,0.09003,0.01842,frames/frame_002822.jpg
2823,47.050000,,0,B,0.19645,0.21576,0.08599,0.01871,frames/frame_002823.jpg
2824,47.066667,,0,P,0.20041,0.22294,0.09541,0.04165,frames/frame_002824.jpg
2825,47.083333,,0,P,0.20047,0.22026,0.09600,0.01696,frames/frame_002825.jpg
2826,47.100000,,0,P,0.19997,0.21941,0.09514,0.01946,frames/frame_002826.jpg
2827,47.116667,,0,P,0.19748,0.21829,0.09594,0.01917,frames/frame_002827.jpg
2828,47.133333,,0,P,0.19572,0.21866,0.09392,0.01959,frames/frame_002828.jpg
2829,47.150000,,0,P,0.19572,0.21816,0.09354,0.01832,frames/frame_002829.jpg
2830,47.166667,,0,B,0.19628,0.21936,0.09152,0.02098,frames/frame_002830.jpg
2831,47.183333,,0,P,0.19513,0.21845,0.09291,0.01111,frames/frame_002831.jpg
2832,47.200000,,0,P,0.19573,0.21828,0.09380,0.01138,frames/frame_002832.jpg
2833,47.216667,,0,B,0.19726,0.21801,0.09263,0.01264,frames/frame_002833.jpg
2834,47.233333,,0,B,0.19714,0.21740,0.09201,0.01150,frames/frame_002834.jpg
2835,47.250000,,0,B,0.19790,0.21754,0.09298,0.00971,frames/frame_002835.jpg
2836,47.266667,,0,P,0.19591,0.22022,0.09589,0.02090,frames/frame_002836.jpg
2837,47.283333,,0,B,0.19731,0.21810,0.09552,0.01377,frames/frame_002837.jpg
2838,47.300000,,0,P,0.19697,0.21901,0.09791,0.01459,frames/frame_002838.jpg
2839,47.316667,,0,B,0.19876,0.21494,0.09902,0.01597,frames/frame_002839.jpg
2840,47.333333,,0,B,0.20047,0.21461,0.09943,0.01547,frames/frame_002840.jpg
2841,47.350000,,0,P,0.20024,0.21411,0.10409,0.01429,frames/frame_002841.jpg
2842,47.366667,,0,B,0.20061,0.21376,0.10412,0.01870,frames/frame_002842.jpg
2843,47.383333,,0,B,0.20066,0.21233,0.10647,0.01396,frames/frame_002843.jpg
2844,47.400000,,0,B,0.20119,0.21135,0.10703,0.00722,frames/frame_002844.jpg
2845,47.416667,,0,P,0.20012,0.21131,0.10959,0.00764,frames/frame_002845.jpg
2846,47.433333,,0,B,0.20178,0.21390,0.10611,0.00778,frames/frame_002846.jpg
2847,47.450000,,0,B,0.20308,0.21585,0.10886,0.01177,frames/frame_002847.jpg
2848,47.466667,,0,B,0.20283,0.21626,0.10661,0.01294,frames/frame_002848.jpg
2849,47.483333,,0,P,0.20034,0.21748,0.10637,0.01432,frames/frame_002849.jpg
2850,47.500000,,0,B,0.19243,0.22445,0.08974,0.02542,frames/frame_002850.jpg
2851,47.516667,,0,P,0.18806,0.24936,0.08010,0.13281,frames/frame_002851.jpg
2852,47.533333,,0,P,0.18859,0.24602,0.08102,0.02110,frames/frame_002852.jpg
2853,47.550000,,0,P,0.18905,0.24265,0.08105,0.02004,frames/frame_002853.jpg
2854,47.566667,,0,P,0.18976,0.24036,0.08079,0.01401,frames/frame_002854.jpg
2855,47.583333,,0,P,0.19042,0.23673,0.08156,0.00690,frames/frame_002855.jpg
2856,47.600000,,0,P,0.19122,0.23437,0.08224,0.00924,frames/frame_002856.jpg
2857,47.616667,,0,P,0.19605,0.23514,0.08450,0.02304,frames/frame_002857.jpg
2858,47.633333,,0,P,0.19613,0.23512,0.08543,0.01473,frames/frame_002858.jpg
2859,47.650000,,0,P,0.19651,0.22812,0.08488,0.01745,frames/frame_002859.jpg
2860,47.666667,,0,P,0.19618,0.22793,0.08445,0.01524,frames/frame_002860.jpg
2861,47.683333,,0,P,0.19633,0.22367,0.08382,0.01885,frames/frame_002861.jpg
2862,47.700000,,0,P,0.19585,0.22168,0.08387,0.01693,frames/frame_002862.jpg
2863,47.716667,,0,P,0.19457,0.22154,0.08278,0.01928,frames/frame_002863.jpg
2864,47.733333,,0,P,0.19540,0.21891,0.08563,0.01921,frames/frame_002864.jpg
2865,47.750000,,0,P,0.19671,0.21642,0.08873,0.00978,frames/frame_002865.jpg
2866,47.766667,,0,P,0.19745,0.21515,0.09153,0.00805,frames/frame_002866.jpg
2867,47.783333,,0,P,0.19838,0.21190,0.09354,0.00817,frames/frame_002867.jpg
2868,47.800000,,0,P,0.20347,0.21572,0.09801,0.01494,frames/frame_002868.jpg
2869,47.816667,,0,P,0.20505,0.21510,0.10016,0.01637,frames/frame_002869.jpg
2870,47.833333,,0,P,0.20515,0.21445,0.09938,0.01648,frames/frame_002870.jpg
2871,47.850000,,0,B,0.20566,0.21751,0.09529,0.01771,frames/frame_002871.jpg
2872,47.866667,,0,B,0.20429,0.21825,0.09190,0.01649,frames/frame_002872.jpg
2873,47.883333,,0,B,0.20283,0.22065,0.08903,0.01688,frames/frame_002873.jpg
2874,47.900000,,0,P,0.19979,0.22383,0.09035,0.01772,frames/frame_002874.jpg
2875,47.916667,,0,B,0.19979,0.22331,0.08751,0.01323,frames/frame_002875.jpg
2876,47.933333,,0,P,0.19819,0.22271,0.08930,0.00864,frames/frame_002876.jpg
2877,47.950000,,0,P,0.19744,0.22270,0.08743,0.00752,frames/frame_002877.jpg
2878,47.966667,,0,P,0.20198,0.22929,0.08791,0.03159,frames/frame_002878.jpg
2879,47.983333,,0,P,0.20451,0.23026,0.08819,0.01378,frames/frame_002879.jpg
2880,48.000000,,1,I,0.19820,0.19589,0.09141,0.02795,frames/frame_002880.jpg
2881,48.016667,,0,B,0.19895,0.19230,0.08716,0.01731,frames/frame_002881.jpg
2882,48.033333,,0,B,0.19889,0.19307,0.08664,0.01686,frames/frame_002882.jpg
2883,48.050000,,0,P,0.19764,0.19224,0.08994,0.01657,frames/frame_002883.jpg
2884,48.066667,,0,P,0.19758,0.19047,0.09053,0.01925,frames/frame_002884.jpg
2885,48.083333,,0,P,0.19678,0.19029,0.08729,0.01911,frames/frame_002885.jpg
2886,48.100000,,0,P,0.19596,0.18940,0.08622,0.00905,frames/frame_002886.jpg
2887,48.116667,,0,P,0.19607,0.18788,0.08689,0.00747,frames/frame_002887.jpg
2888,48.133333,,0,P,0.19729,0.18826,0.08649,0.00872,frames/frame_002888.jpg
2889,48.150000,,0,P,0.20182,0.19246,0.08762,0.01328,frames/frame_002889.jpg
2890,48.166667,,0,P,0.20178,0.19116,0.08758,0.01423,frames/frame_002890.jpg
2891,48.183333,,0,P,0.20271,0.19029,0.08954,0.01674,frames/frame_002891.jpg
2892,48.200000,,0,P,0.20360,0.18950,0.09137,0.01743,frames/frame_002892.jpg
2893,48.216667,,0,P,0.20509,0.18671,0.09433,0.01845,frames/frame_002893.jpg
2894,48.233333,,0,P,0.20516,0.18643,0.09536,0.01883,frames/frame_002894.jpg
2895,48.250000,,0,P,0.20666,0.18565,0.09746,0.01974,frames/frame_002895.jpg
2896,48.266667,,0,P,0.20772,0.18661,0.09926,0.01755,frames/frame_002896.jpg
2897,48.283333,,0,P,0.20904,0.18406,0.10060,0.01127,frames/frame_002897.jpg
2898,48.300000,,0,P,0.20920,0.18446,0.10068,0.01064,frames/frame_002898.jpg
2899,48.316667,,0,P,0.20748,0.18616,0.09876,0.01037,frames/frame_002899.jpg
2900,48.333333,,0,B,0.21170,0.18971,0.09552,0.01625,frames/frame_002900.jpg
2901,48.350000,,0,B,0.21217,0.19162,0.09366,0.01529,frames/frame_002901.jpg
2902,48.366667,,0,P,0.21084,0.18964,0.09574,0.01639,frames/frame_002902.jpg
2903,48.383333,,0,P,0.20988,0.19052,0.09256,0.01720,frames/frame_002903.jpg
2904,48.400000,,0,B,0.20668,0.19206,0.08430,0.01908,frames/frame_002904.jpg
2905,48.416667,,0,B,0.20841,0.19636,0.07459,0.02351,frames/frame_002905.jpg
2906,48.433333,,0,P,0.20590,0.19501,0.08455,0.02210,frames/frame_002906.jpg
2907,48.450000,,0,P,0.20564,0.19419,0.08462,0.01255,frames/frame_002907.jpg
2908,48.466667,,0,P,0.20577,0.19506,0.08393,0.00992,frames/frame_002908.jpg
2909,48.483333,,0,B,0.20756,0.19214,0.08186,0.01016,frames/frame_002909.jpg
2910,48.500000,,0,P,0.21037,0.19180,0.09181,0.01429,frames/frame_002910.jpg
2911,48.516667,,0,P,0.21186,0.18981,0.09230,0.01581,frames/frame_002911.jpg
2912,48.533333,,0,P,0.21146,0.19021,0.09171,0.01755,frames/frame_002912.jpg
2913,48.550000,,0,P,0.21108,0.19032,0.09037,0.01876,frames/frame_002913.jpg
2914,48.566667,,0,P,0.21000,0.19099,0.09112,0.01863,frames/frame_002914.jpg
2915,48.583333,,0,P,0.20865,0.19067,0.08771,0.01768,frames/frame_002915.jpg
2916,48.600000,,0,B,0.20833,0.19189,0.08309,0.01926,frames/frame_002916.jpg
2917,48.616667,,0,P,0.20623,0.19077,0.08602,0.01836,frames/frame_002917.jpg
2918,48.633333,,0,P,0.20711,0.19066,0.08607,0.01124,frames/frame_002918.jpg
2919,48.650000,,0,P,0.20902,0.18887,0.08807,0.00978,frames/frame_002919.jpg
2920,48.666667,,0,P,0.21027,0.18842,0.09040,0.00982,frames/frame_002920.jpg
2921,48.683333,,0,P,0.21447,0.18990,0.09576,0.01495,frames/frame_002921.jpg
2922,48.700000,,0,P,0.21584,0.18995,0.09869,0.01785,frames/frame_002922.jpg
2923,48.716667,,0,P,0.21726,0.18807,0.10172,0.01944,frames/frame_002923.jpg
2924,48.733333,,0,P,0.21631,0.18890,0.10142,0.02071,frames/frame_002924.jpg
2925,48.750000,,0,P,0.21674,0.18919,0.10312,0.02233,frames/frame_002925.jpg
2926,48.766667,,0,P,0.21544,0.19165,0.10095,0.02161,frames/frame_002926.jpg
2927,48.783333,,0,P,0.21451,0.19199,0.09973,0.02189,frames/frame_002927.jpg
2928,48.800000,,0,P,0.21222,0.19073,0.09890,0.01896,frames/frame_002928.jpg
2929,48.816667,,0,B,0.21198,0.19575,0.09375,0.01000,frames/frame_002929.jpg
2930,48.833333,,0,P,0.21005,0.19493,0.09697,0.00984,frames/frame_002930.jpg
2931,48.850000,,0,P,0.20888,0.19729,0.09435,0.00961,frames/frame_002931.jpg
2932,48.866667,,0,P,0.21032,0.20033,0.09257,0.01292,frames/frame_002932.jpg
2933,48.883333,,0,P,0.21465,0.20642,0.09304,0.03380,frames/frame_002933.jpg
2934,48.900000,,0,P,0.21350,0.20550,0.09310,0.01271,frames/frame_002934.jpg
2935,48.916667,,0,P,0.21256,0.20506,0.09226,0.01585,frames/frame_002935.jpg
2936,48.933333,,0,P,0.21184,0.20313,0.09074,0.01750,frames/frame_002936.jpg
2937,48.950000,,0,P,0.21145,0.20275,0.08948,0.01566,frames/frame_002937.jpg
2938,48.966667,,0,P,0.21056,0.20247,0.08873,0.01602,frames/frame_002938.jpg
2939,48.983333,,0,B,0.21165,0.20351,0.08318,0.00957,frames/frame_002939.jpg
2940,49.000000,,0,B,0.21091,0.20209,0.08489,0.00991,frames/frame_002940.jpg
2941,49.016667,,0,B,0.21178,0.20175,0.08429,0.00788,frames/frame_002941.jpg
2942,49.033333,,0,P,0.21489,0.20257,0.09280,0.01312,frames/frame_002942.jpg
2943,49.050000,,0,P,0.21483,0.20035,0.09212,0.01627,frames/frame_002943.jpg
2944,49.066667,,0,P,0.21472,0.19879,0.09261,0.02131,frames/frame_002944.jpg
2945,49.083333,,0,P,0.21410,0.20167,0.09161,0.02391,frames/frame_002945.jpg
2946,49.100000,,0,P,0.21437,0.20035,0.09156,0.02497,frames/frame_002946.jpg
2947,49.116667,,0,P,0.21436,0.19902,0.09296,0.02689,frames/frame_002947.jpg
2948,49.133333,,0,P,0.21368,0.19978,0.09503,0.02654,frames/frame_002948.jpg
2949,49.150000,,0,P,0.21255,0.19973,0.09527,0.02553,frames/frame_002949.jpg
2950,49.166667,,0,P,0.21422,0.19867,0.09760,0.01517,frames/frame_002950.jpg
2951,49.183333,,0,P,0.21592,0.19871,0.10116,0.01293,frames/frame_002951.jpg
2952,49.200000,,0,P,0.21752,0.19857,0.10391,0.01336,frames/frame_002952.jpg
2953,49.216667,,0,P,0.22267,0.20388,0.10649,0.02248,frames/frame_002953.jpg
2954,49.233333,,0,B,0.22286,0.20896,0.09883,0.02296,frames/frame_002954.jpg
2955,49.250000,,0,B,0.22098,0.20952,0.09693,0.02458,frames/frame_002955.jpg
2956,49.266667,,0,B,0.21937,0.21335,0.09370,0.02521,frames/frame_002956.jpg
2957,49.283333,,0,P,0.21552,0.20899,0.09730,0.02688,frames/frame_002957.jpg
2958,49.300000,,0,P,0.21256,0.21049,0.09342,0.02735,frames/frame_002958.jpg
2959,49.316667,,0,B,0.20727,0.21847,0.08716,0.03144,frames/frame_002959.jpg
2960,49.333333,,0,P,0.15581,0.22037,0.07746,0.13202,frames/frame_002960.jpg
2961,49.350000,,0,P,0.15602,0.21622,0.07799,0.01161,frames/frame_002961.jpg
2962,49.366667,,0,P,0.15605,0.21505,0.07776,0.01110,frames/frame_002962.jpg
2963,49.383333,,0,P,0.15542,0.21572,0.07724,0.01082,frames/frame_002963.jpg
2964,49.400000,,0,P,0.15523,0.21502,0.07694,0.01116,frames/frame_002964.jpg
2965,49.416667,,0,B,0.15697,0.21698,0.07145,0.01022,frames/frame_002965.jpg
2966,49.433333,,0,B,0.15658,0.21400,0.07415,0.00960,frames/frame_002966.jpg
2967,49.450000,,0,B,0.15768,0.21466,0.07319,0.00968,frames/frame_002967.jpg
2968,49.466667,,0,P,0.15668,0.21338,0.08078,0.01063,frames/frame_002968.jpg
2969,49.483333,,0,B,0.15858,0.20694,0.07817,0.01160,frames/frame_002969.jpg
2970,49.500000,,0,B,0.15915,0.20001,0.08424,0.01224,frames/frame_002970.jpg
2971,49.516667,,0,B,0.15772,0.20177,0.08239,0.01110,frames/frame_002971.jpg
2972,49.533333,,0,P,0.15346,0.20229,0.08792,0.01262,frames/frame_002972.jpg
2973,49.550000,,0,P,0.14876,0.20258,0.08846,0.01575,frames/frame_002973.jpg
2974,49.566667,,0,B,0.14584,0.19981,0.08553,0.01527,frames/frame_002974.jpg
2975,49.583333,,0,B,0.14159,0.19380,0.08636,0.01455,frames/frame_002975.jpg
2976,49.600000,,0,B,0.13903,0.19323,0.08516,0.01330,frames/frame_002976.jpg
2977,49.616667,,0,P,0.13429,0.19090,0.08830,0.01428,frames/frame_002977.jpg
2978,49.633333,,0,B,0.13079,0.19167,0.07887,0.01615,frames/frame_002978.jpg
2979,49.650000,,0,B,0.12676,0.19137,0.08016,0.01469,frames/frame_002979.jpg
2980,49.666667,,0,B,0.12782,0.19289,0.08188,0.01159,frames/frame_002980.jpg
2981,49.683333,,0,P,0.12666,0.19026,0.08860,0.01202,frames/frame_002981.jpg
2982,49.700000,,0,P,0.12766,0.18843,0.08874,0.01175,frames/frame_002982.jpg
2983,49.716667,,0,P,0.12830,0.18676,0.08774,0.01183,frames/frame_002983.jpg
2984,49.733333,,0,P,0.12779,0.18976,0.08548,0.01133,frames/frame_002984.jpg
2985,49.750000,,0,P,0.12709,0.19101,0.08352,0.01096,frames/frame_002985.jpg
2986,49.766667,,0,B,0.12424,0.19496,0.06745,0.01388,frames/frame_002986.jpg
2987,49.783333,,0,B,0.11998,0.19475,0.06564,0.02193,frames/frame_002987.jpg
2988,49.800000,,0,B,0.12102,0.19744,0.06384,0.00998,frames/frame_002988.jpg
2989,49.816667,,0,P,0.11993,0.19678,0.06763,0.01062,frames/frame_002989.jpg
2990,49.833333,,0,P,0.11992,0.19534,0.06711,0.00994,frames/frame_002990.jpg
2991,49.850000,,0,P,0.12007,0.19495,0.06598,0.01022,frames/frame_002991.jpg
2992,49.866667,,0,B,0.12202,0.20224,0.06083,0.01026,frames/frame_002992.jpg
2993,49.883333,,0,B,0.12172,0.20056,0.06217,0.00834,frames/frame_002993.jpg
2994,49.900000,,0,B,0.12284,0.20355,0.05976,0.00841,frames/frame_002994.jpg
2995,49.916667,,0,P,0.12169,0.19488,0.06460,0.00943,frames/frame_002995.jpg
2996,49.933333,,0,P,0.12293,0.19659,0.06622,0.00947,frames/frame_002996.jpg
2997,49.950000,,0,P,0.12429,0.19762,0.06660,0.00965,frames/frame_002997.jpg
2998,49.966667,,0,B,0.12592,0.18825,0.06495,0.01063,frames/frame_002998.jpg
2999,49.983333,,0,B,0.12876,0.19283,0.06776,0.01040,frames/frame_002999.jpg
3000,50.000000,,0,P,0.13009,0.19545,0.07509,0.01263,frames/frame_003000.jpg
3001,50.016667,,0,B,0.13124,0.19406,0.07191,0.01055,frames/frame_003001.jpg
3002,50.033333,,0,B,0.13009,0.19129,0.07443,0.01061,frames/frame_003002.jpg
3003,50.050000,,0,B,0.13087,0.19384,0.07533,0.01042,frames/frame_003003.jpg
3004,50.066667,,0,P,0.12928,0.19084,0.07920,0.01109,frames/frame_003004.jpg
3005,50.083333,,0,P,0.12947,0.18663,0.07833,0.01106,frames/frame_003005.jpg
3006,50.100000,,0,P,0.13068,0.18579,0.08040,0.01138,frames/frame_003006.jpg
3007,50.116667,,0,P,0.13158,0.18507,0.08226,0.01149,frames/frame_003007.jpg
3008,50.133333,,0,B,0.13410,0.19128,0.08091,0.01226,frames/frame_003008.jpg
3009,50.150000,,0,B,0.13372,0.18764,0.08182,0.01021,frames/frame_003009.jpg
3010,50.166667,,0,B,0.13460,0.18985,0.08042,0.00923,frames/frame_003010.jpg
3011,50.183333,,0,P,0.13359,0.18350,0.08301,0.01066,frames/frame_003011.jpg
3012,50.200000,,0,B,0.13384,0.19224,0.07559,0.01064,frames/frame_003012.jpg
3013,50.216667,,0,B,0.13165,0.19051,0.07264,0.00953,frames/frame_003013.jpg
3014,50.233333,,0,B,0.12963,0.19360,0.06773,0.01105,frames/frame_003014.jpg
3015,50.250000,,0,P,0.12517,0.19666,0.06782,0.02182,frames/frame_003015.jpg
3016,50.266667,,0,B,0.12538,0.18942,0.06396,0.01028,frames/frame_003016.jpg
3017,50.283333,,0,B,0.12666,0.19375,0.06307,0.00895,frames/frame_003017.jpg
3018,50.300000,,0,P,0.12542,0.19202,0.06685,0.01034,frames/frame_003018.jpg
3019,50.316667,,0,B,0.12762,0.19878,0.06251,0.00944,frames/frame_003019.jpg
3020,50.333333,,0,B,0.12704,0.19940,0.06301,0.00878,frames/frame_003020.jpg
3021,50.350000,,0,B,0.12853,0.19848,0.06283,0.00796,frames/frame_003021.jpg
3022,50.366667,,0,P,0.12663,0.19366,0.06652,0.00926,frames/frame_003022.jpg
3023,50.383333,,0,B,0.12826,0.19900,0.06202,0.00896,frames/frame_003023.jpg
3024,50.400000,,0,B,0.12809,0.19527,0.06381,0.00841,frames/frame_003024.jpg
3025,50.416667,,0,B,0.12912,0.19755,0.06273,0.00811,frames/frame_003025.jpg
3026,50.433333,,0,P,0.12741,0.19211,0.06598,0.00932,frames/frame_003026.jpg
3027,50.450000,,0,B,0.12963,0.19194,0.06493,0.00987,frames/frame_003027.jpg
3028,50.466667,,0,B,0.12978,0.18258,0.06923,0.00940,frames/frame_003028.jpg
3029,50.483333,,0,B,0.13312,0.18114,0.07214,0.01108,frames/frame_003029.jpg
3030,50.500000,,0,P,0.13526,0.17550,0.07803,0.01281,frames/frame_003030.jpg
3031,50.516667,,0,B,0.13629,0.17924,0.07559,0.01107,frames/frame_003031.jpg
3032,50.533333,,0,B,0.13497,0.17513,0.07746,0.01013,frames/frame_003032.jpg
3033,50.550000,,0,B,0.13552,0.17859,0.07831,0.01061,frames/frame_003033.jpg
3034,50.566667,,0,P,0.13411,0.17274,0.08221,0.01133,frames/frame_003034.jpg
3035,50.583333,,0,B,0.13716,0.17551,0.08114,0.01178,frames/frame_003035.jpg
3036,50.600000,,0,B,0.13727,0.17274,0.08193,0.01037,frames/frame_003036.jpg
3037,50.616667,,0,B,0.13880,0.17495,0.08184,0.01030,frames/frame_003037.jpg
3038,50.633333,,0,P,0.13756,0.16921,0.08414,0.01071,frames/frame_003038.jpg
3039,50.650000,,0,B,0.13680,0.17524,0.07754,0.01069,frames/frame_003039.jpg
3040,50.666667,,0,B,0.13398,0.17426,0.07421,0.00961,frames/frame_003040.jpg
3041,50.683333,,0,B,0.13267,0.17946,0.06832,0.01051,frames/frame_003041.jpg
3042,50.700000,,0,P,0.12850,0.17841,0.06771,0.02128,frames/frame_003042.jpg
3043,50.716667,,0,P,0.12856,0.17685,0.06827,0.01049,frames/frame_003043.jpg
3044,50.733333,,0,B,0.13089,0.18415,0.06349,0.01053,frames/frame_003044.jpg
3045,50.750000,,0,B,0.13046,0.18173,0.06463,0.00860,frames/frame_003045.jpg
3046,50.766667,,0,B,0.13091,0.18620,0.06319,0.00923,frames/frame_003046.jpg
3047,50.783333,,0,P,0.12965,0.17861,0.06777,0.00939,frames/frame_003047.jpg
3048,50.800000,,0,B,0.13089,0.18417,0.06415,0.00931,frames/frame_003048.jpg
3049,50.816667,,0,B,0.13078,0.17953,0.06489,0.00745,frames/frame_003049.jpg
3050,50.833333,,0,B,0.13219,0.18257,0.06446,0.00775,frames/frame_003050.jpg
3051,50.850000,,0,P,0.13091,0.17745,0.06774,0.00913,frames/frame_003051.jpg
3052,50.866667,,0,B,0.13258,0.18348,0.06526,0.00926,frames/frame_003052.jpg
3053,50.883333,,0,B,0.13264,0.18023,0.06833,0.00919,frames/frame_003053.jpg
3054,50.900000,,0,B,0.13344,0.18149,0.06876,0.00893,frames/frame_003054.jpg
3055,50.916667,,0,P,0.13224,0.17573,0.07234,0.00963,frames/frame_003055.jpg
3056,50.933333,,0,B,0.13379,0.18364,0.06865,0.00780,frames/frame_003056.jpg
3057,50.950000,,0,B,0.13379,0.18203,0.06871,0.00642,frames/frame_003057.jpg
3058,50.966667,,0,B,0.13442,0.18287,0.06968,0.00640,frames/frame_003058.jpg
3059,50.983333,,0,P,0.13234,0.18038,0.07083,0.00684,frames/frame_003059.jpg
3060,51.000000,,1,I,0.14702,0.15884,0.09130,0.02665,frames/frame_003060.jpg
3061,51.016667,,0,B,0.14538,0.15490,0.08665,0.01248,frames/frame_003061.jpg
3062,51.033333,,0,B,0.14258,0.15236,0.08588,0.01045,frames/frame_003062.jpg
3063,51.050000,,0,B,0.14238,0.15089,0.08383,0.01065,frames/frame_003063.jpg
3064,51.066667,,0,P,0.14056,0.15221,0.08625,0.01058,frames/frame_003064.jpg
3065,51.083333,,0,B,0.14256,0.15007,0.08091,0.01031,frames/frame_003065.jpg
3066,51.100000,,0,B,0.14209,0.14914,0.08023,0.00877,frames/frame_003066.jpg
3067,51.116667,,0,B,0.14318,0.14966,0.07828,0.00839,frames/frame_003067.jpg
3068,51.133333,,0,P,0.14082,0.14948,0.07912,0.00875,frames/frame_003068.jpg
3069,51.150000,,0,B,0.13787,0.15311,0.06629,0.02036,frames/frame_003069.jpg
3070,51.166667,,0,B,0.13822,0.14700,0.07000,0.01040,frames/frame_003070.jpg
3071,51.183333,,0,B,0.13862,0.14849,0.07076,0.01084,frames/frame_003071.jpg
3072,51.200000,,0,P,0.13772,0.14531,0.07386,0.00969,frames/frame_003072.jpg
3073,51.216667,,0,P,0.13756,0.14316,0.07431,0.01052,frames/frame_003073.jpg
3074,51.233333,,0,P,0.13779,0.14429,0.07378,0.01081,frames/frame_003074.jpg
3075,51.250000,,0,B,0.14011,0.14515,0.07238,0.01042,frames/frame_003075.jpg
3076,51.266667,,0,B,0.13959,0.14615,0.07350,0.00855,frames/frame_003076.jpg
3077,51.283333,,0,B,0.14021,0.14556,0.07362,0.00810,frames/frame_003077.jpg
3078,51.300000,,0,P,0.13909,0.14331,0.07602,0.00908,frames/frame_003078.jpg
3079,51.316667,,0,B,0.14107,0.14598,0.07442,0.00896,frames/frame_003079.jpg
3080,51.333333,,0,B,0.14151,0.14431,0.07596,0.00866,frames/frame_003080.jpg
3081,51.350000,,0,B,0.14216,0.14524,0.07690,0.00871,frames/frame_003081.jpg
3082,51.366667,,0,P,0.14090,0.14178,0.07931,0.00977,frames/frame_003082.jpg
3083,51.383333,,0,B,0.14418,0.14645,0.08099,0.01080,frames/frame_003083.jpg
3084,51.400000,,0,B,0.14496,0.14426,0.08501,0.01003,frames/frame_003084.jpg
3085,51.416667,,0,B,0.14601,0.14593,0.08607,0.00983,frames/frame_003085.jpg
3086,51.433333,,0,P,0.14579,0.14485,0.08900,0.01065,frames/frame_003086.jpg
3087,51.450000,,0,B,0.14906,0.14412,0.09057,0.01147,frames/frame_003087.jpg
3088,51.466667,,0,B,0.14911,0.14280,0.09164,0.01131,frames/frame_003088.jpg
3089,51.483333,,0,B,0.15140,0.14570,0.09124,0.01336,frames/frame_003089.jpg
3090,51.500000,,0,P,0.15374,0.16063,0.09142,0.01773,frames/frame_003090.jpg
3091,51.516667,,0,B,0.15326,0.16070,0.08716,0.01215,frames/frame_003091.jpg
3092,51.533333,,0,B,0.15248,0.16107,0.08594,0.01176,frames/frame_003092.jpg
3093,51.550000,,0,B,0.15285,0.16408,0.08207,0.01220,frames/frame_003093.jpg
3094,51.566667,,0,P,0.15064,0.16422,0.08176,0.01206,frames/frame_003094.jpg
3095,51.583333,,0,B,0.14991,0.17275,0.07046,0.01373,frames/frame_003095.jpg
3096,51.600000,,0,B,0.14819,0.18409,0.06363,0.01904,frames/frame_003096.jpg
3097,51.616667,,0,B,0.14800,0.18608,0.06207,0.01235,frames/frame_003097.jpg
3098,51.633333,,0,P,0.14527,0.18803,0.06469,0.01356,frames/frame_003098.jpg
3099,51.650000,,0,B,0.14697,0.19033,0.06162,0.01316,frames/frame_003099.jpg
3100,51.666667,,0,B,0.14790,0.19130,0.06336,0.01165,frames/frame_003100.jpg
3101,51.683333,,0,B,0.14914,0.19447,0.06229,0.01225,frames/frame_003101.jpg
3102,51.700000,,0,P,0.14850,0.19423,0.06515,0.01268,frames/frame_003102.jpg
3103,51.716667,,0,B,0.15016,0.19869,0.06213,0.01281,frames/frame_003103.jpg
3104,51.733333,,0,B,0.14903,0.19840,0.06338,0.01178,frames/frame_003104.jpg
3105,51.750000,,0,B,0.15030,0.20273,0.06293,0.01088,frames/frame_003105.jpg
3106,51.766667,,0,P,0.14834,0.20088,0.06572,0.01145,frames/frame_003106.jpg
3107,51.783333,,0,B,0.15040,0.20582,0.06456,0.01224,frames/frame_003107.jpg
3108,51.800000,,0,B,0.14992,0.20482,0.06728,0.01102,frames/frame_003108.jpg
3109,51.816667,,0,B,0.15084,0.20575,0.06827,0.01054,frames/frame_003109.jpg
3110,51.833333,,0,P,0.15023,0.20325,0.07376,0.01208,frames/frame_003110.jpg
3111,51.850000,,0,B,0.15268,0.20545,0.07515,0.01227,frames/frame_003111.jpg
3112,51.866667,,0,B,0.15327,0.20061,0.07936,0.01175,frames/frame_003112.jpg
3113,51.883333,,0,B,0.15534,0.20195,0.08413,0.01201,frames/frame_003113.jpg
3114,51.900000,,0,P,0.15409,0.19843,0.08902,0.01307,frames/frame_003114.jpg
3115,51.916667,,0,B,0.15709,0.19924,0.09080,0.01429,frames/frame_003115.jpg
3116,51.933333,,0,B,0.15824,0.19901,0.09451,0.01332,frames/frame_003116.jpg
3117,51.950000,,0,B,0.15991,0.19924,0.09669,0.01385,frames/frame_003117.jpg
3118,51.966667,,0,P,0.15995,0.20066,0.09912,0.01360,frames/frame_003118.jpg
3119,51.983333,,0,B,0.16112,0.19991,0.09522,0.01479,frames/frame_003119.jpg
3120,52.000000,,0,B,0.16018,0.21040,0.08427,0.01779,frames/frame_003120.jpg
3121,52.016667,,0,B,0.15977,0.21223,0.08342,0.01062,frames/frame_003121.jpg
3122,52.033333,,0,P,0.15774,0.21426,0.08508,0.01126,frames/frame_003122.jpg
3123,52.050000,,0,B,0.15804,0.22009,0.07820,0.01256,frames/frame_003123.jpg
3124,52.066667,,0,B,0.15839,0.22539,0.07848,0.01995,frames/frame_003124.jpg
3125,52.083333,,0,B,0.16058,0.22851,0.07731,0.01173,frames/frame_003125.jpg
3126,52.100000,,0,P,0.16159,0.22879,0.08042,0.01153,frames/frame_003126.jpg
3127,52.116667,,0,P,0.16289,0.22843,0.08240,0.01219,frames/frame_003127.jpg
3128,52.133333,,0,P,0.16411,0.22882,0.08259,0.01085,frames/frame_003128.jpg
3129,52.150000,,0,P,0.16463,0.23036,0.08355,0.01190,frames/frame_003129.jpg
3130,52.166667,,0,P,0.16659,0.23042,0.08497,0.01122,frames/frame_003130.jpg
3131,52.183333,,0,P,0.16684,0.23340,0.08432,0.01076,frames/frame_003131.jpg
3132,52.200000,,0,B,0.16881,0.23663,0.08351,0.00934,frames/frame_003132.jpg
3133,52.216667,,0,P,0.16896,0.23779,0.08524,0.00930,frames/frame_003133.jpg
3134,52.233333,,0,B,0.17031,0.24436,0.08522,0.01029,frames/frame_003134.jpg
3135,52.250000,,0,B,0.16992,0.24199,0.08631,0.00938,frames/frame_003135.jpg
3136,52.266667,,0,B,0.17141,0.24389,0.08735,0.00906,frames/frame_003136.jpg
3137,52.283333,,0,P,0.17099,0.24293,0.08977,0.00998,frames/frame_003137.jpg
3138,52.300000,,0,P,0.17199,0.24211,0.09256,0.00937,frames/frame_003138.jpg
3139,52.316667,,0,B,0.17488,0.23649,0.09655,0.01025,frames/frame_003139.jpg
3140,52.333333,,0,B,0.17576,0.23434,0.10116,0.01009,frames/frame_003140.jpg
3141,52.350000,,0,B,0.17692,0.23368,0.10420,0.01014,frames/frame_003141.jpg
3142,52.366667,,0,P,0.17649,0.23202,0.10693,0.01111,frames/frame_003142.jpg
3143,52.383333,,0,P,0.17524,0.23164,0.10631,0.01101,frames/frame_003143.jpg
3144,52.400000,,0,B,0.17707,0.23285,0.10989,0.01151,frames/frame_003144.jpg
3145,52.416667,,0,P,0.17612,0.23490,0.11074,0.01104,frames/frame_003145.jpg
3146,52.433333,,0,P,0.17545,0.23222,0.10870,0.01130,frames/frame_003146.jpg
3147,52.450000,,0,P,0.17323,0.23204,0.10339,0.01091,frames/frame_003147.jpg
3148,52.466667,,0,P,0.17140,0.23416,0.09934,0.01040,frames/frame_003148.jpg
3149,52.483333,,0,B,0.17005,0.23299,0.09430,0.00991,frames/frame_003149.jpg
3150,52.500000,,0,B,0.16623,0.23590,0.08474,0.01260,frames/frame_003150.jpg
3151,52.516667,,0,P,0.09215,0.16500,0.04293,0.08524,frames/frame_003151.jpg
3152,52.533333,,0,P,0.09169,0.15828,0.04447,0.01078,frames/frame_003152.jpg
3153,52.550000,,0,P,0.09184,0.14189,0.04254,0.00442,frames/frame_003153.jpg
3154,52.566667,,0,P,0.09186,0.13497,0.04335,0.00170,frames/frame_003154.jpg
3155,52.583333,,0,B,0.09179,0.11969,0.04344,0.00165,frames/frame_003155.jpg
3156,52.600000,,0,B,0.09197,0.11768,0.04354,0.00111,frames/frame_003156.jpg
3157,52.616667,,0,P,0.09182,0.10998,0.04367,0.00139,frames/frame_003157.jpg
3158,52.633333,,0,P,0.09181,0.10828,0.04380,0.00081,frames/frame_003158.jpg
3159,52.650000,,0,P,0.09179,0.10235,0.04392,0.00104,frames/frame_003159.jpg
3160,52.666667,,0,P,0.09007,0.10017,0.04569,0.00309,frames/frame_003160.jpg
3161,52.683333,,0,B,0.09066,0.09522,0.04686,0.00150,frames/frame_003161.jpg
3162,52.700000,,0,B,0.09064,0.09273,0.04759,0.00124,frames/frame_003162.jpg
3163,52.716667,,0,B,0.09087,0.09257,0.04826,0.00102,frames/frame_003163.jpg
3164,52.733333,,0,P,0.09060,0.09127,0.04835,0.00145,frames/frame_003164.jpg
3165,52.750000,,0,B,0.09028,0.07618,0.04745,0.00211,frames/frame_003165.jpg
3166,52.766667,,0,B,0.09036,0.07676,0.04768,0.00120,frames/frame_003166.jpg
3167,52.783333,,0,B,0.09051,0.07785,0.04813,0.00101,frames/frame_003167.jpg
3168,52.800000,,0,P,0.09023,0.08120,0.04841,0.00144,frames/frame_003168.jpg
3169,52.816667,,0,P,0.09093,0.08876,0.04916,0.00361,frames/frame_003169.jpg
3170,52.833333,,0,P,0.10361,0.15119,0.05758,0.02716,frames/frame_003170.jpg
3171,52.850000,,0,P,0.10281,0.15417,0.05590,0.02410,frames/frame_003171.jpg
3172,52.866667,,0,P,0.10222,0.15519,0.05507,0.02034,frames/frame_003172.jpg
3173,52.883333,,0,P,0.10158,0.15638,0.05554,0.01662,frames/frame_003173.jpg
3174,52.900000,,0,P,0.10084,0.16330,0.05376,0.01358,frames/frame_003174.jpg
3175,52.916667,,0,P,0.10048,0.16504,0.05288,0.01137,frames/frame_003175.jpg
3176,52.933333,,0,P,0.09968,0.15926,0.05119,0.00902,frames/frame_003176.jpg
3177,52.950000,,0,P,0.09968,0.16165,0.05119,0.00747,frames/frame_003177.jpg
3178,52.966667,,0,P,0.10010,0.16621,0.05033,0.00950,frames/frame_003178.jpg
3179,52.983333,,0,B,0.09942,0.16124,0.05253,0.01244,frames/frame_003179.jpg
3180,53.000000,,0,P,0.09903,0.16325,0.05018,0.00572,frames/frame_003180.jpg
3181,53.016667,,0,P,0.09901,0.15984,0.05072,0.00331,frames/frame_003181.jpg
3182,53.033333,,0,B,0.09908,0.15664,0.05115,0.00257,frames/frame_003182.jpg
3183,53.050000,,0,P,0.09881,0.16053,0.05190,0.00237,frames/frame_003183.jpg
3184,53.066667,,0,B,0.09885,0.15990,0.05187,0.00192,frames/frame_003184.jpg
3185,53.083333,,0,P,0.09852,0.16233,0.05164,0.00169,frames/frame_003185.jpg
3186,53.100000,,0,P,0.09686,0.16442,0.05055,0.00263,frames/frame_003186.jpg
3187,53.116667,,0,B,0.09706,0.16236,0.05035,0.00138,frames/frame_003187.jpg
3188,53.133333,,0,B,0.09689,0.16108,0.05027,0.00117,frames/frame_003188.jpg
3189,53.150000,,0,B,0.09698,0.16169,0.05042,0.00101,frames/frame_003189.jpg
3190,53.166667,,0,P,0.09671,0.16335,0.05045,0.00122,frames/frame_003190.jpg
3191,53.183333,,0,B,0.09696,0.16056,0.05041,0.00119,frames/frame_003191.jpg
3192,53.200000,,0,B,0.09687,0.16166,0.05037,0.00080,frames/frame_003192.jpg
3193,53.216667,,0,B,0.09694,0.16188,0.05042,0.00084,frames/frame_003193.jpg
3194,53.233333,,0,P,0.09666,0.16318,0.05016,0.00108,frames/frame_003194.jpg
3195,53.250000,,0,B,0.09690,0.16014,0.05024,0.00114,frames/frame_003195.jpg
3196,53.266667,,0,B,0.09682,0.15991,0.04984,0.00086,frames/frame_003196.jpg
3197,53.283333,,0,B,0.09660,0.15940,0.04878,0.00124,frames/frame_003197.jpg
3198,53.300000,,0,P,0.09624,0.15996,0.04822,0.00118,frames/frame_003198.jpg
3199,53.316667,,0,B,0.09657,0.15737,0.04789,0.00112,frames/frame_003199.jpg
3200,53.333333,,0,B,0.09649,0.15776,0.04791,0.00082,frames/frame_003200.jpg
3201,53.350000,,0,B,0.09654,0.15791,0.04791,0.00085,frames/frame_003201.jpg
3202,53.366667,,0,P,0.09628,0.15927,0.04769,0.00102,frames/frame_003202.jpg
3203,53.383333,,0,B,0.09652,0.15691,0.04784,0.00109,frames/frame_003203.jpg
3204,53.400000,,0,B,0.09632,0.15695,0.04786,0.00104,frames/frame_003204.jpg
3205,53.416667,,0,B,0.09469,0.13679,0.04994,0.00441,frames/frame_003205.jpg
3206,53.433333,,0,P,0.09322,0.13160,0.05076,0.01405,frames/frame_003206.jpg
3207,53.450000,,0,B,0.09417,0.13265,0.05179,0.00650,frames/frame_003207.jpg
3208,53.466667,,0,B,0.09668,0.15460,0.05030,0.00556,frames/frame_003208.jpg
3209,53.483333,,0,B,0.09687,0.15345,0.05022,0.00094,frames/frame_003209.jpg
3210,53.500000,,0,P,0.09661,0.15827,0.05024,0.00109,frames/frame_003210.jpg
3211,53.516667,,0,B,0.09683,0.15769,0.05019,0.00096,frames/frame_003211.jpg
3212,53.533333,,0,B,0.09677,0.15775,0.05015,0.00058,frames/frame_003212.jpg
3213,53.550000,,0,B,0.09685,0.15729,0.05019,0.00062,frames/frame_003213.jpg
3214,53.566667,,0,P,0.09664,0.15881,0.05014,0.00090,frames/frame_003214.jpg
3215,53.583333,,0,B,0.09701,0.15583,0.05020,0.00106,frames/frame_003215.jpg
3216,53.600000,,0,B,0.09698,0.15694,0.05030,0.00068,frames/frame_003216.jpg
3217,53.616667,,0,B,0.09705,0.15699,0.05034,0.00071,frames/frame_003217.jpg
3218,53.633333,,0,P,0.09680,0.15896,0.05037,0.00096,frames/frame_003218.jpg
3219,53.650000,,0,B,0.09685,0.15756,0.04965,0.00138,frames/frame_003219.jpg
3220,53.666667,,0,B,0.09674,0.15770,0.04955,0.00075,frames/frame_003220.jpg
3221,53.683333,,0,B,0.09684,0.15733,0.04948,0.00078,frames/frame_003221.jpg
3222,53.700000,,0,P,0.09663,0.15754,0.04958,0.00105,frames/frame_003222.jpg
3223,53.716667,,0,B,0.09683,0.15650,0.04954,0.00108,frames/frame_003223.jpg
3224,53.733333,,0,B,0.09675,0.15734,0.04945,0.00074,frames/frame_003224.jpg
3225,53.750000,,0,B,0.09684,0.15735,0.04936,0.00074,frames/frame_003225.jpg
3226,53.766667,,0,P,0.09661,0.15802,0.04921,0.00101,frames/frame_003226.jpg
3227,53.783333,,0,B,0.09689,0.15743,0.04920,0.00103,frames/frame_003227.jpg
3228,53.800000,,0,B,0.09688,0.15727,0.04883,0.00072,frames/frame_003228.jpg
3229,53.816667,,0,B,0.09692,0.15682,0.04842,0.00075,frames/frame_003229.jpg
3230,53.833333,,0,P,0.09669,0.15866,0.04792,0.00104,frames/frame_003230.jpg
3231,53.850000,,0,B,0.09698,0.15769,0.04736,0.00117,frames/frame_003231.jpg
3232,53.866667,,0,B,0.09680,0.15748,0.04733,0.00087,frames/frame_003232.jpg
3233,53.883333,,0,B,0.09710,0.15648,0.05021,0.01227,frames/frame_003233.jpg
3234,53.900000,,0,P,0.09659,0.16591,0.05216,0.00698,frames/frame_003234.jpg
3235,53.916667,,0,B,0.09687,0.16163,0.05181,0.00197,frames/frame_003235.jpg
3236,53.933333,,0,B,0.09682,0.16150,0.05179,0.00104,frames/frame_003236.jpg
3237,53.950000,,0,B,0.09689,0.16235,0.05187,0.00054,frames/frame_003237.jpg
3238,53.966667,,0,P,0.09669,0.16328,0.05194,0.00063,frames/frame_003238.jpg
3239,53.983333,,0,P,0.09682,0.16368,0.05213,0.00126,frames/frame_003239.jpg
3240,54.000000,,1,I,0.09737,0.16057,0.05243,0.00318,frames/frame_003240.jpg
3241,54.016667,,0,B,0.09774,0.15829,0.05267,0.00108,frames/frame_003241.jpg
3242,54.033333,,0,B,0.09770,0.15782,0.05271,0.00059,frames/frame_003242.jpg
3243,54.050000,,0,B,0.09782,0.15738,0.05278,0.00063,frames/frame_003243.jpg
3244,54.066667,,0,P,0.09756,0.15758,0.05287,0.00086,frames/frame_003244.jpg
3245,54.083333,,0,B,0.09787,0.15727,0.05285,0.00106,frames/frame_003245.jpg
3246,54.100000,,0,B,0.09744,0.15615,0.05224,0.00108,frames/frame_003246.jpg
3247,54.116667,,0,B,0.09748,0.15644,0.05232,0.00067,frames/frame_003247.jpg
3248,54.133333,,0,P,0.09723,0.15733,0.05243,0.00101,frames/frame_003248.jpg
3249,54.150000,,0,B,0.09753,0.15598,0.05250,0.00095,frames/frame_003249.jpg
3250,54.166667,,0,B,0.09751,0.15526,0.05267,0.00075,frames/frame_003250.jpg
3251,54.183333,,0,B,0.09766,0.15530,0.05281,0.00072,frames/frame_003251.jpg
3252,54.200000,,0,P,0.09744,0.15628,0.05273,0.00094,frames/frame_003252.jpg
3253,54.216667,,0,B,0.09766,0.15551,0.05308,0.00096,frames/frame_003253.jpg
3254,54.233333,,0,B,0.09755,0.15614,0.05312,0.00074,frames/frame_003254.jpg
3255,54.250000,,0,B,0.09764,0.15551,0.05312,0.00064,frames/frame_003255.jpg
3256,54.266667,,0,P,0.09737,0.15675,0.05316,0.00098,frames/frame_003256.jpg
3257,54.283333,,0,B,0.09736,0.15721,0.05309,0.00081,frames/frame_003257.jpg
3258,54.300000,,0,B,0.09752,0.15633,0.05296,0.00097,frames/frame_003258.jpg
3259,54.316667,,0,P,0.09734,0.15732,0.05270,0.00103,frames/frame_003259.jpg
3260,54.333333,,0,P,0.09820,0.18272,0.07180,0.04099,frames/frame_003260.jpg
3261,54.350000,,0,B,0.09763,0.18141,0.07232,0.01295,frames/frame_003261.jpg
3262,54.366667,,0,B,0.10492,0.23352,0.07210,0.01549,frames/frame_003262.jpg
3263,54.383333,,0,B,0.10530,0.23406,0.07206,0.00184,frames/frame_003263.jpg
3264,54.400000,,0,P,0.10500,0.23952,0.07185,0.00145,frames/frame_003264.jpg
3265,54.416667,,0,B,0.10562,0.23884,0.07183,0.00186,frames/frame_003265.jpg
3266,54.433333,,0,B,0.10560,0.23915,0.07180,0.00123,frames/frame_003266.jpg
3267,54.450000,,0,B,0.10574,0.23910,0.07186,0.00132,frames/frame_003267.jpg
3268,54.466667,,0,P,0.10539,0.24335,0.07152,0.00177,frames/frame_003268.jpg
3269,54.483333,,0,B,0.10614,0.24070,0.07150,0.00210,frames/frame_003269.jpg
3270,54.500000,,0,B,0.10608,0.24267,0.07140,0.00143,frames/frame_003270.jpg
3271,54.516667,,0,B,0.10628,0.24326,0.07121,0.00142,frames/frame_003271.jpg
3272,54.533333,,0,P,0.10588,0.24645,0.07105,0.00177,frames/frame_003272.jpg
3273,54.550000,,0,B,0.10639,0.24709,0.07098,0.00215,frames/frame_003273.jpg
3274,54.566667,,0,B,0.10552,0.24319,0.06984,0.00237,frames/frame_003274.jpg
3275,54.583333,,0,B,0.10576,0.24440,0.07022,0.00152,frames/frame_003275.jpg
3276,54.600000,,0,P,0.10541,0.24669,0.07041,0.00186,frames/frame_003276.jpg
3277,54.616667,,0,B,0.10618,0.24346,0.07090,0.00208,frames/frame_003277.jpg
3278,54.633333,,0,B,0.10616,0.24483,0.07121,0.00139,frames/frame_003278.jpg
3279,54.650000,,0,B,0.10635,0.24295,0.07138,0.00148,frames/frame_003279.jpg
3280,54.666667,,0,P,0.10582,0.24488,0.07158,0.00193,frames/frame_003280.jpg
3281,54.683333,,0,B,0.10647,0.24527,0.07197,0.00198,frames/frame_003281.jpg
3282,54.700000,,0,B,0.10644,0.24576,0.07232,0.00142,frames/frame_003282.jpg
3283,54.716667,,0,B,0.10658,0.24600,0.07250,0.00139,frames/frame_003283.jpg
3284,54.733333,,0,P,0.10607,0.25002,0.07254,0.00187,frames/frame_003284.jpg
3285,54.750000,,0,B,0.10657,0.24857,0.07257,0.00182,frames/frame_003285.jpg
3286,54.766667,,0,P,0.10633,0.25075,0.07232,0.00171,frames/frame_003286.jpg
3287,54.783333,,0,P,0.10889,0.25872,0.07316,0.00940,frames/frame_003287.jpg
3288,54.800000,,0,B,0.10833,0.25781,0.07424,0.01713,frames/frame_003288.jpg
3289,54.816667,,0,B,0.10790,0.25862,0.07463,0.00507,frames/frame_003289.jpg
3290,54.833333,,0,B,0.10814,0.25830,0.07534,0.00223,frames/frame_003290.jpg
3291,54.850000,,0,P,0.10788,0.25923,0.07526,0.00161,frames/frame_003291.jpg
3292,54.866667,,0,B,0.10838,0.25773,0.07549,0.00166,frames/frame_003292.jpg
3293,54.883333,,0,B,0.10830,0.25781,0.07540,0.00112,frames/frame_003293.jpg
3294,54.900000,,0,B,0.10843,0.25818,0.07559,0.00126,frames/frame_003294.jpg
3295,54.916667,,0,P,0.10809,0.25931,0.07545,0.00163,frames/frame_003295.jpg
3296,54.933333,,0,B,0.10865,0.25662,0.07562,0.00185,frames/frame_003296.jpg
3297,54.950000,,0,B,0.10860,0.25699,0.07560,0.00118,frames/frame_003297.jpg
3298,54.966667,,0,B,0.10879,0.25635,0.07563,0.00133,frames/frame_003298.jpg
3299,54.983333,,0,P,0.10842,0.25754,0.07530,0.00168,frames/frame_003299.jpg
3300,55.000000,,0,B,0.10900,0.25597,0.07546,0.00205,frames/frame_003300.jpg
3301,55.016667,,0,B,0.10797,0.25268,0.07444,0.00230,frames/frame_003301.jpg
3302,55.033333,,0,B,0.10817,0.25337,0.07456,0.00144,frames/frame_003302.jpg
3303,55.050000,,0,P,0.10768,0.25424,0.07447,0.00172,frames/frame_003303.jpg
3304,55.066667,,0,B,0.10821,0.25267,0.07484,0.00178,frames/frame_003304.jpg
3305,55.083333,,0,B,0.10815,0.25386,0.07485,0.00133,frames/frame_003305.jpg
3306,55.100000,,0,B,0.10840,0.25405,0.07499,0.00135,frames/frame_003306.jpg
3307,55.116667,,0,P,0.10791,0.25671,0.07497,0.00173,frames/frame_003307.jpg
3308,55.133333,,0,B,0.10855,0.25383,0.07506,0.00189,frames/frame_003308.jpg
3309,55.150000,,0,B,0.10844,0.25531,0.07519,0.00136,frames/frame_003309.jpg
3310,55.166667,,0,B,0.10858,0.25593,0.07513,0.00133,frames/frame_003310.jpg
3311,55.183333,,0,P,0.10807,0.25854,0.07505,0.00183,frames/frame_003311.jpg
3312,55.200000,,0,B,0.10811,0.25918,0.07515,0.00151,frames/frame_003312.jpg
3313,55.216667,,0,B,0.10858,0.25677,0.07507,0.00178,frames/frame_003313.jpg
3314,55.233333,,0,P,0.10821,0.25952,0.07512,0.00182,frames/frame_003314.jpg
3315,55.250000,,0,P,0.09700,0.10617,0.05763,0.04605,frames/frame_003315.jpg
3316,55.266667,,0,P,0.09642,0.10735,0.06272,0.00941,frames/frame_003316.jpg
3317,55.283333,,0,P,0.09813,0.12146,0.06071,0.00553,frames/frame_003317.jpg
3318,55.300000,,0,B,0.09831,0.12432,0.06093,0.00142,frames/frame_003318.jpg
3319,55.316667,,0,P,0.09826,0.12516,0.06102,0.00061,frames/frame_003319.jpg
3320,55.333333,,0,P,0.09827,0.12503,0.06105,0.00079,frames/frame_003320.jpg
3321,55.350000,,0,B,0.09847,0.12266,0.06088,0.00103,frames/frame_003321.jpg
3322,55.366667,,0,B,0.09840,0.12302,0.06074,0.00074,frames/frame_003322.jpg
3323,55.383333,,0,B,0.09846,0.12332,0.06068,0.00079,frames/frame_003323.jpg
3324,55.400000,,0,P,0.09824,0.12496,0.06063,0.00093,frames/frame_003324.jpg
3325,55.416667,,0,B,0.09854,0.12406,0.06049,0.00105,frames/frame_003325.jpg
3326,55.433333,,0,B,0.09839,0.12458,0.06029,0.00076,frames/frame_003326.jpg
3327,55.450000,,0,B,0.09850,0.12267,0.06023,0.00083,frames/frame_003327.jpg
3328,55.466667,,0,P,0.09807,0.12258,0.06042,0.00114,frames/frame_003328.jpg
3329,55.483333,,0,B,0.09841,0.12129,0.06083,0.00108,frames/frame_003329.jpg
3330,55.500000,,0,B,0.09826,0.12026,0.06115,0.00078,frames/frame_003330.jpg
3331,55.516667,,0,B,0.09841,0.12051,0.06156,0.00080,frames/frame_003331.jpg
3332,55.533333,,0,P,0.09799,0.12229,0.06188,0.00111,frames/frame_003332.jpg
3333,55.550000,,0,B,0.09843,0.11904,0.06211,0.00125,frames/frame_003333.jpg
3334,55.566667,,0,B,0.09833,0.11946,0.06196,0.00091,frames/frame_003334.jpg
3335,55.583333,,0,B,0.09847,0.11885,0.06212,0.00100,frames/frame_003335.jpg
3336,55.600000,,0,P,0.09820,0.11863,0.06142,0.00142,frames/frame_003336.jpg
3337,55.616667,,0,B,0.09862,0.11660,0.06086,0.00151,frames/frame_003337.jpg
3338,55.633333,,0,B,0.09863,0.11576,0.05989,0.00112,frames/frame_003338.jpg
3339,55.650000,,0,B,0.09875,0.11278,0.05909,0.00104,frames/frame_003339.jpg
3340,55.666667,,0,P,0.09852,0.11432,0.05857,0.00089,frames/frame_003340.jpg
3341,55.683333,,0,P,0.09839,0.11317,0.05840,0.00101,frames/frame_003341.jpg
3342,55.700000,,0,P,0.09926,0.12292,0.06421,0.01767,frames/frame_003342.jpg
3343,55.716667,,0,P,0.09857,0.11847,0.06186,0.01212,frames/frame_003343.jpg
3344,55.733333,,0,P,0.09825,0.11351,0.06097,0.00406,frames/frame_003344.jpg
3345,55.750000,,0,P,0.09836,0.11294,0.06129,0.00180,frames/frame_003345.jpg
3346,55.766667,,0,B,0.09849,0.11200,0.06115,0.00065,frames/frame_003346.jpg
3347,55.783333,,0,B,0.09847,0.11280,0.06118,0.00046,frames/frame_003347.jpg
3348,55.800000,,0,B,0.09851,0.11331,0.06142,0.00059,frames/frame_003348.jpg
3349,55.816667,,0,P,0.09838,0.11320,0.06122,0.00075,frames/frame_003349.jpg
3350,55.833333,,0,B,0.09769,0.11356,0.06235,0.00200,frames/frame_003350.jpg
3351,55.850000,,0,B,0.09770,0.11396,0.06243,0.00069,frames/frame_003351.jpg
3352,55.866667,,0,B,0.09770,0.11413,0.06229,0.00068,frames/frame_003352.jpg
3353,55.883333,,0,P,0.09766,0.11254,0.06222,0.00108,frames/frame_003353.jpg
3354,55.900000,,0,B,0.09807,0.11050,0.06243,0.00108,frames/frame_003354.jpg
3355,55.916667,,0,B,0.09784,0.11160,0.06224,0.00085,frames/frame_003355.jpg
3356,55.933333,,0,B,0.09802,0.11171,0.06242,0.00090,frames/frame_003356.jpg
3357,55.950000,,0,P,0.09778,0.11204,0.06232,0.00098,frames/frame_003357.jpg
3358,55.966667,,0,P,0.09783,0.11340,0.06228,0.00088,frames/frame_003358.jpg
3359,55.983333,,0,P,0.10936,0.15734,0.07541,0.01898,frames/frame_003359.jpg
3360,56.000000,,0,P,0.10839,0.15604,0.07308,0.01941,frames/frame_003360.jpg
3361,56.016667,,0,P,0.10797,0.14824,0.07444,0.01716,frames/frame_003361.jpg
3362,56.033333,,0,P,0.10749,0.14903,0.07255,0.01205,frames/frame_003362.jpg
3363,56.050000,,0,P,0.10698,0.15312,0.06905,0.01068,frames/frame_003363.jpg
3364,56.066667,,0,P,0.10697,0.15148,0.07000,0.00874,frames/frame_003364.jpg
3365,56.083333,,0,P,0.10669,0.15211,0.07174,0.00664,frames/frame_003365.jpg
3366,56.100000,,0,P,0.10647,0.15384,0.07333,0.00491,frames/frame_003366.jpg
3367,56.116667,,0,P,0.10619,0.15449,0.07343,0.00387,frames/frame_003367.jpg
3368,56.133333,,0,B,0.10605,0.15063,0.07148,0.00335,frames/frame_003368.jpg
3369,56.150000,,0,P,0.10847,0.15652,0.07241,0.01778,frames/frame_003369.jpg
3370,56.166667,,0,P,0.10739,0.15264,0.07835,0.02273,frames/frame_003370.jpg
3371,56.183333,,0,P,0.10583,0.15102,0.07637,0.00928,frames/frame_003371.jpg
3372,56.200000,,0,B,0.10505,0.14794,0.07823,0.00344,frames/frame_003372.jpg
3373,56.216667,,0,B,0.10512,0.14509,0.07849,0.00171,frames/frame_003373.jpg
3374,56.233333,,0,P,0.10454,0.14616,0.07844,0.00180,frames/frame_003374.jpg
3375,56.250000,,0,B,0.10394,0.14134,0.07760,0.00200,frames/frame_003375.jpg
3376,56.266667,,0,B,0.10376,0.14114,0.07753,0.00101,frames/frame_003376.jpg
3377,56.283333,,0,B,0.10375,0.14182,0.07731,0.00091,frames/frame_003377.jpg
3378,56.300000,,0,P,0.10325,0.14235,0.07728,0.00144,frames/frame_003378.jpg
3379,56.316667,,0,B,0.10356,0.13936,0.07714,0.00133,frames/frame_003379.jpg
3380,56.333333,,0,B,0.10334,0.13840,0.07676,0.00110,frames/frame_003380.jpg
3381,56.350000,,0,B,0.10346,0.13828,0.07651,0.00109,frames/frame_003381.jpg
3382,56.366667,,0,P,0.10294,0.14062,0.07608,0.00152,frames/frame_003382.jpg
3383,56.383333,,0,B,0.10318,0.13365,0.07594,0.00162,frames/frame_003383.jpg
3384,56.400000,,0,B,0.10306,0.13059,0.07508,0.00165,frames/frame_003384.jpg
3385,56.416667,,0,B,0.10317,0.12710,0.07442,0.00152,frames/frame_003385.jpg
3386,56.433333,,0,P,0.10210,0.12851,0.07433,0.00264,frames/frame_003386.jpg
3387,56.450000,,0,B,0.10250,0.12290,0.07391,0.00157,frames/frame_003387.jpg
3388,56.466667,,0,B,0.10239,0.12530,0.07361,0.00112,frames/frame_003388.jpg
3389,56.483333,,0,B,0.10237,0.12343,0.07357,0.00127,frames/frame_003389.jpg
3390,56.500000,,0,P,0.10205,0.12821,0.07370,0.00151,frames/frame_003390.jpg
3391,56.516667,,0,B,0.10257,0.12280,0.07402,0.00150,frames/frame_003391.jpg
3392,56.533333,,0,B,0.10257,0.12448,0.07437,0.00103,frames/frame_003392.jpg
3393,56.550000,,0,B,0.10275,0.12218,0.07486,0.00095,frames/frame_003393.jpg
3394,56.566667,,0,P,0.10251,0.12561,0.07484,0.00125,frames/frame_003394.jpg
3395,56.583333,,0,P,0.11340,0.15837,0.08839,0.01528,frames/frame_003395.jpg
3396,56.600000,,0,P,0.11496,0.15805,0.08889,0.01710,frames/frame_003396.jpg
3397,56.616667,,0,P,0.11210,0.16135,0.08833,0.03736,frames/frame_003397.jpg
3398,56.633333,,0,P,0.11101,0.16172,0.08620,0.01881,frames/frame_003398.jpg
3399,56.650000,,0,P,0.11015,0.15888,0.08396,0.00859,frames/frame_003399.jpg
3400,56.666667,,0,P,0.10993,0.15632,0.08517,0.00707,frames/frame_003400.jpg
3401,56.683333,,0,P,0.10951,0.15673,0.08523,0.00539,frames/frame_003401.jpg
3402,56.700000,,0,P,0.10904,0.15326,0.08303,0.00452,frames/frame_003402.jpg
3403,56.716667,,0,B,0.10908,0.14877,0.08286,0.00352,frames/frame_003403.jpg
3404,56.733333,,0,B,0.10845,0.14851,0.08279,0.00309,frames/frame_003404.jpg
3405,56.750000,,0,B,0.10817,0.14508,0.08276,0.00243,frames/frame_003405.jpg
3406,56.766667,,0,P,0.10728,0.14353,0.08273,0.00256,frames/frame_003406.jpg
3407,56.783333,,0,P,0.10641,0.14365,0.08266,0.00241,frames/frame_003407.jpg
3408,56.800000,,0,B,0.10630,0.13964,0.08253,0.00183,frames/frame_003408.jpg
3409,56.816667,,0,B,0.10567,0.13721,0.08248,0.00157,frames/frame_003409.jpg
3410,56.833333,,0,B,0.10570,0.13673,0.08242,0.00125,frames/frame_003410.jpg
3411,56.850000,,0,P,0.10459,0.13992,0.08181,0.00209,frames/frame_003411.jpg
3412,56.866667,,0,B,0.10491,0.13711,0.08168,0.00154,frames/frame_003412.jpg
3413,56.883333,,0,B,0.10474,0.13504,0.08178,0.00119,frames/frame_003413.jpg
3414,56.900000,,0,B,0.10482,0.13448,0.08199,0.00113,frames/frame_003414.jpg
3415,56.916667,,0,P,0.10437,0.13822,0.08228,0.00170,frames/frame_003415.jpg
3416,56.933333,,0,B,0.10461,0.13439,0.08252,0.00176,frames/frame_003416.jpg
3417,56.950000,,0,B,0.10437,0.13235,0.08227,0.00161,frames/frame_003417.jpg
3418,56.966667,,0,B,0.10433,0.12860,0.08225,0.00154,frames/frame_003418.jpg
3419,56.983333,,0,P,0.10348,0.12701,0.08216,0.00231,frames/frame_003419.jpg
3420,57.000000,,1,I,0.10295,0.11666,0.08221,0.00364,frames/frame_003420.jpg
3421,57.016667,,0,B,0.10301,0.11639,0.08200,0.00095,frames/frame_003421.jpg
3422,57.033333,,0,B,0.10316,0.11491,0.08195,0.00127,frames/frame_003422.jpg
3423,57.050000,,0,P,0.10285,0.11622,0.08154,0.00109,frames/frame_003423.jpg
3424,57.066667,,0,P,0.10369,0.11329,0.08221,0.02608,frames/frame_003424.jpg
3425,57.083333,,0,P,0.10459,0.13484,0.08337,0.01800,frames/frame_003425.jpg
3426,57.100000,,0,P,0.10526,0.12697,0.08159,0.00628,frames/frame_003426.jpg
3427,57.116667,,0,P,0.10537,0.12388,0.08132,0.00231,frames/frame_003427.jpg
3428,57.133333,,0,P,0.10544,0.12376,0.08156,0.00105,frames/frame_003428.jpg
3429,57.150000,,0,P,0.12088,0.17809,0.10558,0.05924,frames/frame_003429.jpg
3430,57.166667,,0,P,0.11899,0.17141,0.10123,0.03243,frames/frame_003430.jpg
3431,57.183333,,0,P,0.11720,0.17098,0.09904,0.02468,frames/frame_003431.jpg
3432,57.200000,,0,P,0.11532,0.17169,0.09813,0.02052,frames/frame_003432.jpg
3433,57.216667,,0,P,0.11422,0.17209,0.09541,0.01620,frames/frame_003433.jpg
3434,57.233333,,0,P,0.11323,0.17167,0.09399,0.01294,frames/frame_003434.jpg
3435,57.250000,,0,P,0.11271,0.17364,0.09370,0.01019,frames/frame_003435.jpg
3436,57.266667,,0,P,0.11200,0.17045,0.09298,0.00847,frames/frame_003436.jpg
3437,57.283333,,0,P,0.11132,0.16562,0.09278,0.00674,frames/frame_003437.jpg
3438,57.300000,,0,B,0.11099,0.16127,0.09280,0.00540,frames/frame_003438.jpg
3439,57.316667,,0,P,0.10999,0.16251,0.09251,0.00487,frames/frame_003439.jpg
3440,57.333333,,0,B,0.10955,0.15716,0.09201,0.00378,frames/frame_003440.jpg
3441,57.350000,,0,P,0.10856,0.15873,0.09162,0.00367,frames/frame_003441.jpg
3442,57.366667,,0,B,0.10858,0.15273,0.09156,0.00287,frames/frame_003442.jpg
3443,57.383333,,0,B,0.10809,0.15205,0.09112,0.00234,frames/frame_003443.jpg
3444,57.400000,,0,B,0.10784,0.15188,0.09143,0.00215,frames/frame_003444.jpg
3445,57.416667,,0,P,0.10702,0.15315,0.09139,0.00250,frames/frame_003445.jpg
3446,57.433333,,0,B,0.10742,0.15080,0.09120,0.00197,frames/frame_003446.jpg
3447,57.450000,,0,B,0.10724,0.15062,0.09100,0.00166,frames/frame_003447.jpg
3448,57.466667,,0,B,0.10732,0.15054,0.09078,0.00150,frames/frame_003448.jpg
3449,57.483333,,0,P,0.10681,0.15220,0.09056,0.00183,frames/frame_003449.jpg
3450,57.500000,,0,P,0.10663,0.15035,0.09047,0.00181,frames/frame_003450.jpg
3451,57.516667,,0,P,0.10798,0.15037,0.09322,0.02911,frames/frame_003451.jpg
3452,57.533333,,0,P,0.10680,0.15121,0.09222,0.02608,frames/frame_003452.jpg
3453,57.550000,,0,B,0.10637,0.14363,0.09142,0.00935,frames/frame_003453.jpg
3454,57.566667,,0,P,0.10590,0.14289,0.09137,0.00376,frames/frame_003454.jpg
3455,57.583333,,0,B,0.10603,0.13710,0.09167,0.00214,frames/frame_003455.jpg
3456,57.600000,,0,B,0.10583,0.13388,0.09122,0.00192,frames/frame_003456.jpg
3457,57.616667,,0,B,0.10485,0.12819,0.09240,0.00284,frames/frame_003457.jpg
3458,57.633333,,0,P,0.10485,0.12706,0.09252,0.00144,frames/frame_003458.jpg
3459,57.650000,,0,B,0.10499,0.12605,0.09243,0.00176,frames/frame_003459.jpg
3460,57.666667,,0,B,0.10511,0.12637,0.09257,0.00144,frames/frame_003460.jpg
3461,57.683333,,0,B,0.10527,0.12579,0.09338,0.00146,frames/frame_003461.jpg
3462,57.700000,,0,P,0.10486,0.12740,0.09334,0.00159,frames/frame_003462.jpg
3463,57.716667,,0,B,0.10550,0.12478,0.09320,0.00178,frames/frame_003463.jpg
3464,57.733333,,0,B,0.10547,0.12443,0.09337,0.00141,frames/frame_003464.jpg
3465,57.750000,,0,B,0.10541,0.12226,0.09304,0.00155,frames/frame_003465.jpg
3466,57.766667,,0,P,0.10508,0.12621,0.09298,0.00167,frames/frame_003466.jpg
3467,57.783333,,0,P,0.11179,0.14380,0.10423,0.05467,frames/frame_003467.jpg
3468,57.800000,,0,B,0.11112,0.14160,0.10413,0.00176,frames/frame_003468.jpg
3469,57.816667,,0,B,0.11087,0.13908,0.10400,0.00171,frames/frame_003469.jpg
3470,57.833333,,0,P,0.10994,0.14008,0.10380,0.00179,frames/frame_003470.jpg
3471,57.850000,,0,P,0.10953,0.14028,0.10372,0.00163,frames/frame_003471.jpg
3472,57.866667,,0,P,0.10927,0.13820,0.10373,0.00159,frames/frame_003472.jpg
3473,57.883333,,0,P,0.10883,0.13742,0.10367,0.00178,frames/frame_003473.jpg
3474,57.900000,,0,B,0.10879,0.13548,0.10359,0.00075,frames/frame_003474.jpg
3475,57.916667,,0,B,0.10862,0.13498,0.10345,0.00065,frames/frame_003475.jpg
3476,57.933333,,0,B,0.10845,0.13317,0.10338,0.00060,frames/frame_003476.jpg
3477,57.950000,,0,P,0.10807,0.13487,0.10329,0.00092,frames/frame_003477.jpg
3478,57.966667,,0,P,0.11376,0.14169,0.10103,0.02817,frames/frame_003478.jpg
3479,57.983333,,0,P,0.11415,0.14937,0.11439,0.04183,frames/frame_003479.jpg
3480,58.000000,,0,P,0.11313,0.14417,0.10838,0.02322,frames/frame_003480.jpg
3481,58.016667,,0,B,0.11308,0.14198,0.11460,0.00942,frames/frame_003481.jpg
3482,58.033333,,0,P,0.11213,0.14832,0.11311,0.00873,frames/frame_003482.jpg
3483,58.050000,,0,P,0.11191,0.14130,0.11098,0.01193,frames/frame_003483.jpg
3484,58.066667,,0,P,0.11219,0.15526,0.11231,0.01623,frames/frame_003484.jpg
3485,58.083333,,0,B,0.11228,0.14614,0.10834,0.01967,frames/frame_003485.jpg
3486,58.100000,,0,P,0.11113,0.14223,0.11079,0.02128,frames/frame_003486.jpg
3487,58.116667,,0,P,0.11014,0.13523,0.10714,0.01596,frames/frame_003487.jpg
3488,58.133333,,0,P,0.10961,0.13785,0.10892,0.01155,frames/frame_003488.jpg
3489,58.150000,,0,P,0.10943,0.13831,0.10711,0.00709,frames/frame_003489.jpg
3490,58.166667,,0,B,0.10970,0.13625,0.10672,0.00468,frames/frame_003490.jpg
3491,58.183333,,0,P,0.10940,0.14104,0.10634,0.00320,frames/frame_003491.jpg
3492,58.200000,,0,B,0.11038,0.14389,0.10694,0.00226,frames/frame_003492.jpg
3493,58.216667,,0,B,0.11078,0.14651,0.10783,0.00191,frames/frame_003493.jpg
3494,58.233333,,0,B,0.11134,0.14890,0.10866,0.00219,frames/frame_003494.jpg
3495,58.250000,,0,P,0.11164,0.15602,0.10929,0.00246,frames/frame_003495.jpg
3496,58.266667,,0,B,0.11288,0.15860,0.11029,0.00273,frames/frame_003496.jpg
3497,58.283333,,0,B,0.11325,0.16181,0.11072,0.00197,frames/frame_003497.jpg
3498,58.300000,,0,B,0.11389,0.16291,0.11152,0.00200,frames/frame_003498.jpg
3499,58.316667,,0,P,0.11382,0.16724,0.11191,0.00209,frames/frame_003499.jpg
3500,58.333333,,0,B,0.11451,0.16560,0.11179,0.00212,frames/frame_003500.jpg
3501,58.350000,,0,B,0.11449,0.16754,0.11187,0.00157,frames/frame_003501.jpg
3502,58.366667,,0,B,0.11478,0.16635,0.11231,0.00153,frames/frame_003502.jpg
3503,58.383333,,0,P,0.11436,0.17005,0.11233,0.00186,frames/frame_003503.jpg
3504,58.400000,,0,P,0.11453,0.17482,0.11217,0.00200,frames/frame_003504.jpg
3505,58.416667,,0,P,0.11656,0.17445,0.11515,0.00325,frames/frame_003505.jpg
3506,58.433333,,0,P,0.12222,0.19880,0.12801,0.04782,frames/frame_003506.jpg
3507,58.450000,,0,P,0.12028,0.19213,0.13098,0.03202,frames/frame_003507.jpg
3508,58.466667,,0,P,0.11984,0.19697,0.12985,0.01015,frames/frame_003508.jpg
3509,58.483333,,0,P,0.11965,0.19235,0.12858,0.00381,frames/frame_003509.jpg
3510,58.500000,,0,B,0.11979,0.19135,0.12829,0.00163,frames/frame_003510.jpg
3511,58.516667,,0,P,0.11952,0.19438,0.12826,0.00145,frames/frame_003511.jpg
3512,58.533333,,0,B,0.12015,0.19066,0.12840,0.00192,frames/frame_003512.jpg
3513,58.550000,,0,B,0.12006,0.19141,0.12874,0.00134,frames/frame_003513.jpg
3514,58.566667,,0,B,0.12019,0.19156,0.12917,0.00126,frames/frame_003514.jpg
3515,58.583333,,0,P,0.11989,0.19489,0.12912,0.00155,frames/frame_003515.jpg
3516,58.600000,,0,B,0.12052,0.18831,0.12935,0.00221,frames/frame_003516.jpg
3517,58.616667,,0,B,0.12041,0.18891,0.12941,0.00147,frames/frame_003517.jpg
3518,58.633333,,0,B,0.12062,0.18819,0.12953,0.00147,frames/frame_003518.jpg
3519,58.650000,,0,P,0.12022,0.19431,0.12965,0.00191,frames/frame_003519.jpg
3520,58.666667,,0,B,0.12084,0.19046,0.12973,0.00208,frames/frame_003520.jpg
3521,58.683333,,0,B,0.12067,0.19220,0.12975,0.00153,frames/frame_003521.jpg
3522,58.700000,,0,B,0.12099,0.19069,0.13011,0.00151,frames/frame_003522.jpg
3523,58.716667,,0,P,0.12045,0.19478,0.12969,0.00200,frames/frame_003523.jpg
3524,58.733333,,0,B,0.12104,0.19102,0.13012,0.00219,frames/frame_003524.jpg
3525,58.750000,,0,B,0.12083,0.19545,0.12966,0.00157,frames/frame_003525.jpg
3526,58.766667,,0,B,0.12090,0.19479,0.13010,0.00168,frames/frame_003526.jpg
3527,58.783333,,0,P,0.12025,0.19481,0.12973,0.00215,frames/frame_003527.jpg
3528,58.800000,,0,P,0.11870,0.19672,0.12767,0.00334,frames/frame_003528.jpg
3529,58.816667,,0,P,0.11365,0.20711,0.12670,0.00648,frames/frame_003529.jpg
3530,58.833333,,0,P,0.10563,0.22354,0.14219,0.00969,frames/frame_003530.jpg
3531,58.850000,,0,P,0.08560,0.28733,0.15580,0.02400,frames/frame_003531.jpg
3532,58.866667,,0,P,0.04438,0.22563,0.11624,0.05295,frames/frame_003532.jpg
3533,58.883333,,0,B,0.46873,0.92313,0.02911,0.40717,frames/frame_003533.jpg
3534,58.900000,,0,B,0.46873,0.92313,0.02911,0.00000,frames/frame_003534.jpg
3535,58.916667,,0,B,0.46873,0.92313,0.02911,0.00000,frames/frame_003535.jpg
3536,58.933333,,0,P,0.46873,0.92313,0.02911,0.00000,frames/frame_003536.jpg
3537,58.950000,,0,B,0.46883,0.92296,0.02910,0.00027,frames/frame_003537.jpg
3538,58.966667,,0,B,0.46883,0.92296,0.02908,0.00001,frames/frame_003538.jpg
3539,58.983333,,0,B,0.46883,0.92275,0.02911,0.00051,frames/frame_003539.jpg
3540,59.000000,,0,P,0.46876,0.92325,0.02924,0.00064,frames/frame_003540.jpg
3541,59.016667,,0,B,0.46876,0.92325,0.02922,0.00001,frames/frame_003541.jpg
3542,59.033333,,0,B,0.46876,0.92325,0.02922,0.00000,frames/frame_003542.jpg
3543,59.050000,,0,B,0.46876,0.92325,0.02923,0.00000,frames/frame_003543.jpg
3544,59.066667,,0,P,0.46876,0.92326,0.02924,0.00001,frames/frame_003544.jpg
3545,59.083333,,0,B,0.46876,0.92326,0.02924,0.00000,frames/frame_003545.jpg
3546,59.100000,,0,B,0.46876,0.92326,0.02924,0.00000,frames/frame_003546.jpg
3547,59.116667,,0,B,0.46876,0.92326,0.02924,0.00000,frames/frame_003547.jpg
3548,59.133333,,0,P,0.43362,0.78432,0.06945,0.19025,frames/frame_003548.jpg
3549,59.150000,,0,P,0.40347,0.79226,0.06585,0.06002,frames/frame_003549.jpg
3550,59.166667,,0,P,0.30713,0.82128,0.09056,0.33925,frames/frame_003550.jpg
3551,59.183333,,0,B,0.31186,0.82093,0.08997,0.01267,frames/frame_003551.jpg
3552,59.200000,,0,B,0.31405,0.82355,0.08836,0.00843,frames/frame_003552.jpg
3553,59.216667,,0,B,0.31504,0.82365,0.08932,0.00497,frames/frame_003553.jpg
3554,59.233333,,0,P,0.31518,0.82654,0.09045,0.00796,frames/frame_003554.jpg
3555,59.250000,,0,P,0.31528,0.82639,0.09096,0.00437,frames/frame_003555.jpg
3556,59.266667,,0,B,0.31538,0.82676,0.09044,0.00214,frames/frame_003556.jpg
3557,59.283333,,0,B,0.31533,0.82512,0.09065,0.00286,frames/frame_003557.jpg
3558,59.300000,,0,P,0.31513,0.82722,0.09021,0.00406,frames/frame_003558.jpg
3559,59.316667,,0,B,0.31500,0.82700,0.09021,0.00194,frames/frame_003559.jpg
3560,59.333333,,0,B,0.31502,0.82590,0.08969,0.00227,frames/frame_003560.jpg
3561,59.350000,,0,P,0.31470,0.82686,0.08902,0.00220,frames/frame_003561.jpg
3562,59.366667,,0,P,0.06890,0.19789,0.01891,0.24799,frames/frame_003562.jpg
3563,59.383333,,0,P,0.09038,0.26205,0.02239,0.02584,frames/frame_003563.jpg
3564,59.400000,,0,P,0.43415,0.90881,0.05359,0.35806,frames/frame_003564.jpg
3565,59.416667,,0,P,0.43198,0.90842,0.05614,0.02521,frames/frame_003565.jpg
3566,59.433333,,0,P,0.41786,0.90323,0.06617,0.03719,frames/frame_003566.jpg
3567,59.450000,,0,P,0.41923,0.90234,0.06675,0.03001,frames/frame_003567.jpg
3568,59.466667,,0,P,0.41594,0.90102,0.07182,0.02886,frames/frame_003568.jpg
3569,59.483333,,0,P,0.41863,0.90306,0.07102,0.01729,frames/frame_003569.jpg
3570,59.500000,,0,P,0.40282,0.89561,0.08072,0.02960,frames/frame_003570.jpg
3571,59.516667,,0,P,0.39956,0.89644,0.08525,0.02851,frames/frame_003571.jpg
3572,59.533333,,0,P,0.38808,0.88885,0.09356,0.03327,frames/frame_003572.jpg
3573,59.550000,,0,P,0.39335,0.89320,0.09294,0.02937,frames/frame_003573.jpg
3574,59.566667,,0,P,0.39822,0.89533,0.09012,0.02291,frames/frame_003574.jpg
3575,59.583333,,0,P,0.40530,0.89862,0.08667,0.01133,frames/frame_003575.jpg
3576,59.600000,,0,B,0.41018,0.89984,0.08372,0.00829,frames/frame_003576.jpg
3577,59.616667,,0,B,0.41376,0.90175,0.08208,0.00613,frames/frame_003577.jpg
3578,59.633333,,0,P,0.41599,0.90355,0.08053,0.00432,frames/frame_003578.jpg
3579,59.650000,,0,B,0.41762,0.90379,0.08012,0.00313,frames/frame_003579.jpg
3580,59.666667,,0,B,0.41861,0.90407,0.07936,0.00246,frames/frame_003580.jpg
3581,59.683333,,0,B,0.41928,0.90436,0.07902,0.00179,frames/frame_003581.jpg
3582,59.700000,,0,P,0.41953,0.90545,0.07906,0.00207,frames/frame_003582.jpg
3583,59.716667,,0,B,0.42000,0.90533,0.07879,0.00134,frames/frame_003583.jpg
3584,59.733333,,0,P,0.42003,0.90577,0.07905,0.00194,frames/frame_003584.jpg
3585,59.750000,,0,P,0.49923,0.76890,0.06988,0.20466,frames/frame_003585.jpg
3586,59.766667,,0,P,0.48559,0.77199,0.06984,0.02987,frames/frame_003586.jpg
3587,59.783333,,0,P,0.24217,0.76743,0.09230,0.38098,frames/frame_003587.jpg
3588,59.800000,,0,B,0.24572,0.77057,0.10092,0.01693,frames/frame_003588.jpg
3589,59.816667,,0,B,0.24756,0.76265,0.09983,0.00613,frames/frame_003589.jpg
3590,59.833333,,0,P,0.24809,0.76941,0.09981,0.00353,frames/frame_003590.jpg
3591,59.850000,,0,B,0.24847,0.76797,0.09907,0.00790,frames/frame_003591.jpg
3592,59.866667,,0,B,0.24854,0.76788,0.10117,0.00440,frames/frame_003592.jpg
3593,59.883333,,0,B,0.24846,0.76779,0.10132,0.00155,frames/frame_003593.jpg
3594,59.900000,,0,P,0.24811,0.76654,0.09992,0.00442,frames/frame_003594.jpg
3595,59.916667,,0,B,0.24802,0.76711,0.10069,0.00295,frames/frame_003595.jpg
3596,59.933333,,0,B,0.24785,0.76710,0.10116,0.00356,frames/frame_003596.jpg
3597,59.950000,,0,P,0.24742,0.76496,0.10051,0.00286,frames/frame_003597.jpg
3598,59.966667,,0,P,0.20140,0.76827,0.08082,0.18628,frames/frame_003598.jpg
3599,59.983333,,0,P,0.20230,0.76229,0.07763,0.04341,frames/frame_003599.jpg
3600,60.000000,,1,I,0.42910,0.91941,0.06851,0.26944,frames/frame_003600.jpg
3601,60.016667,,0,P,0.42871,0.91640,0.07949,0.01828,frames/frame_003601.jpg
3602,60.033333,,0,P,0.42827,0.91916,0.07114,0.01875,frames/frame_003602.jpg
3603,60.050000,,0,P,0.42735,0.91585,0.08253,0.01671,frames/frame_003603.jpg
3604,60.066667,,0,B,0.42478,0.91562,0.08313,0.00517,frames/frame_003604.jpg
3605,60.083333,,0,P,0.43067,0.91926,0.07197,0.01686,frames/frame_003605.jpg
3606,60.100000,,0,P,0.43000,0.91839,0.07503,0.01795,frames/frame_003606.jpg
3607,60.116667,,0,P,0.43063,0.91607,0.07882,0.01619,frames/frame_003607.jpg
3608,60.133333,,0,P,0.42761,0.91549,0.08150,0.00767,frames/frame_003608.jpg
3609,60.150000,,0,B,0.42603,0.91175,0.09261,0.00719,frames/frame_003609.jpg
3610,60.166667,,0,P,0.42607,0.91189,0.09258,0.00039,frames/frame_003610.jpg
3611,60.183333,,0,P,0.42573,0.91250,0.07435,0.05263,frames/frame_003611.jpg
3612,60.200000,,0,P,0.25080,0.65789,0.04844,0.20653,frames/frame_003612.jpg
3613,60.216667,,0,P,0.09192,0.28959,0.02756,0.16184,frames/frame_003613.jpg
3614,60.233333,,0,P,0.06519,0.18334,0.01181,0.03932,frames/frame_003614.jpg
3615,60.250000,,0,P,0.13717,0.11090,0.07388,0.08274,frames/frame_003615.jpg
3616,60.266667,,0,B,0.13677,0.10953,0.07293,0.00178,frames/frame_003616.jpg
3617,60.283333,,0,B,0.13683,0.10854,0.07234,0.00175,frames/frame_003617.jpg
3618,60.300000,,0,P,0.13607,0.10715,0.07191,0.00183,frames/frame_003618.jpg
3619,60.316667,,0,P,0.13563,0.10691,0.07143,0.00130,frames/frame_003619.jpg
3620,60.333333,,0,P,0.13524,0.10584,0.07128,0.00196,frames/frame_003620.jpg
3621,60.350000,,0,P,0.13479,0.10464,0.07120,0.00188,frames/frame_003621.jpg
3622,60.366667,,0,P,0.13476,0.10407,0.07133,0.00112,frames/frame_003622.jpg
3623,60.383333,,0,P,0.13422,0.10318,0.07139,0.00233,frames/frame_003623.jpg
3624,60.400000,,0,P,0.13421,0.10299,0.07137,0.00055,frames/frame_003624.jpg
3625,60.416667,,0,P,0.13417,0.10238,0.07113,0.00089,frames/frame_003625.jpg
3626,60.433333,,0,P,0.13417,0.10222,0.07116,0.00069,frames/frame_003626.jpg
3627,60.450000,,0,P,0.13411,0.10202,0.07119,0.00048,frames/frame_003627.jpg
3628,60.466667,,0,B,0.13494,0.10050,0.07144,0.00183,frames/frame_003628.jpg
3629,60.483333,,0,B,0.13459,0.09856,0.07152,0.00151,frames/frame_003629.jpg
3630,60.500000,,0,B,0.13485,0.09723,0.07200,0.00155,frames/frame_003630.jpg
3631,60.516667,,0,P,0.13401,0.09652,0.07252,0.00178,frames/frame_003631.jpg
3632,60.533333,,0,B,0.13542,0.09606,0.07260,0.00236,frames/frame_003632.jpg
3633,60.550000,,0,B,0.13542,0.09611,0.07261,0.00165,frames/frame_003633.jpg
3634,60.566667,,0,B,0.13598,0.09444,0.07278,0.00217,frames/frame_003634.jpg
3635,60.583333,,0,P,0.13688,0.09372,0.07396,0.00535,frames/frame_003635.jpg
3636,60.600000,,0,P,0.14192,0.09166,0.07706,0.02012,frames/frame_003636.jpg
3637,60.616667,,0,B,0.14567,0.09626,0.07762,0.01268,frames/frame_003637.jpg
3638,60.633333,,0,B,0.14689,0.09507,0.07918,0.00731,frames/frame_003638.jpg
3639,60.650000,,0,B,0.14836,0.09549,0.07956,0.00445,frames/frame_003639.jpg
3640,60.666667,,0,P,0.14781,0.09118,0.08061,0.00371,frames/frame_003640.jpg
3641,60.683333,,0,B,0.14916,0.09334,0.08065,0.00265,frames/frame_003641.jpg
3642,60.700000,,0,P,0.14966,0.09722,0.08196,0.00304,frames/frame_003642.jpg
3643,60.716667,,0,P,0.15651,0.09407,0.08495,0.01531,frames/frame_003643.jpg
3644,60.733333,,0,P,0.16028,0.09425,0.08722,0.01609,frames/frame_003644.jpg
3645,60.750000,,0,B,0.16341,0.09865,0.08672,0.00994,frames/frame_003645.jpg
3646,60.766667,,0,B,0.16414,0.09495,0.08739,0.00625,frames/frame_003646.jpg
3647,60.783333,,0,B,0.16548,0.09725,0.08782,0.00437,frames/frame_003647.jpg
3648,60.800000,,0,P,0.16456,0.09368,0.08850,0.00425,frames/frame_003648.jpg
3649,60.816667,,0,B,0.16611,0.09759,0.08797,0.00397,frames/frame_003649.jpg
3650,60.833333,,0,B,0.16594,0.09684,0.08798,0.00343,frames/frame_003650.jpg
3651,60.850000,,0,B,0.16649,0.09669,0.08790,0.00358,frames/frame_003651.jpg
3652,60.866667,,0,P,0.16518,0.09458,0.08853,0.00381,frames/frame_003652.jpg
3653,60.883333,,0,B,0.16680,0.09494,0.08735,0.00434,frames/frame_003653.jpg
3654,60.900000,,0,B,0.16670,0.09437,0.08747,0.00417,frames/frame_003654.jpg
3655,60.916667,,0,B,0.16717,0.09419,0.08708,0.00388,frames/frame_003655.jpg
3656,60.933333,,0,P,0.16563,0.09351,0.08808,0.00438,frames/frame_003656.jpg
3657,60.950000,,0,P,0.17007,0.09376,0.09089,0.01026,frames/frame_003657.jpg
3658,60.966667,,0,P,0.17557,0.09291,0.09454,0.02522,frames/frame_003658.jpg
3659,60.983333,,0,B,0.17770,0.10081,0.09688,0.01595,frames/frame_003659.jpg
3660,61.000000,,0,B,0.17449,0.10017,0.10065,0.01105,frames/frame_003660.jpg
3661,61.016667,,0,B,0.17579,0.10079,0.10103,0.00662,frames/frame_003661.jpg
3662,61.033333,,0,P,0.17463,0.09616,0.10263,0.00652,frames/frame_003662.jpg
3663,61.050000,,0,B,0.17712,0.09742,0.10160,0.00714,frames/frame_003663.jpg
3664,61.066667,,0,B,0.17708,0.09528,0.10207,0.00661,frames/frame_003664.jpg
3665,61.083333,,0,B,0.17813,0.09552,0.10143,0.00709,frames/frame_003665.jpg
3666,61.100000,,0,P,0.17719,0.09395,0.10287,0.00727,frames/frame_003666.jpg
3667,61.116667,,0,P,0.18415,0.09487,0.10694,0.03189,frames/frame_003667.jpg
3668,61.133333,,0,B,0.18916,0.09826,0.10851,0.02049,frames/frame_003668.jpg
3669,61.150000,,0,B,0.19185,0.10106,0.11085,0.01328,frames/frame_003669.jpg
3670,61.166667,,0,B,0.19336,0.10236,0.11140,0.00956,frames/frame_003670.jpg
3671,61.183333,,0,P,0.19190,0.10141,0.11295,0.00860,frames/frame_003671.jpg
3672,61.200000,,0,B,0.19370,0.10121,0.11134,0.00866,frames/frame_003672.jpg
3673,61.216667,,0,B,0.19311,0.10208,0.11140,0.00797,frames/frame_003673.jpg
3674,61.233333,,0,B,0.19373,0.10165,0.11077,0.00820,frames/frame_003674.jpg
3675,61.250000,,0,P,0.19162,0.10258,0.11193,0.00767,frames/frame_003675.jpg
3676,61.266667,,0,B,0.19357,0.10122,0.11126,0.00749,frames/frame_003676.jpg
3677,61.283333,,0,B,0.19328,0.10202,0.11180,0.00733,frames/frame_003677.jpg
3678,61.300000,,0,B,0.19393,0.10171,0.11118,0.00687,frames/frame_003678.jpg
3679,61.316667,,0,P,0.19233,0.09860,0.11305,0.00746,frames/frame_003679.jpg
3680,61.333333,,0,B,0.19430,0.09975,0.11178,0.00705,frames/frame_003680.jpg
3681,61.350000,,0,B,0.19390,0.09983,0.11247,0.00635,frames/frame_003681.jpg
3682,61.366667,,0,B,0.19478,0.10018,0.11165,0.00654,frames/frame_003682.jpg
3683,61.383333,,0,P,0.19278,0.09921,0.11158,0.00680,frames/frame_003683.jpg
3684,61.400000,,0,B,0.19425,0.10098,0.11139,0.00724,frames/frame_003684.jpg
3685,61.416667,,0,B,0.19379,0.10006,0.11109,0.00576,frames/frame_003685.jpg
3686,61.433333,,0,B,0.19471,0.10064,0.10993,0.00563,frames/frame_003686.jpg
3687,61.450000,,0,P,0.19310,0.09893,0.11071,0.00560,frames/frame_003687.jpg
3688,61.466667,,0,B,0.19451,0.09842,0.10960,0.00513,frames/frame_003688.jpg
3689,61.483333,,0,P,0.19368,0.09786,0.11060,0.00488,frames/frame_003689.jpg
3690,61.500000,,0,B,0.19148,0.09952,0.11165,0.00678,frames/frame_003690.jpg
3691,61.516667,,0,B,0.18965,0.09804,0.11284,0.00557,frames/frame_003691.jpg
3692,61.533333,,0,B,0.18936,0.09890,0.11315,0.00459,frames/frame_003692.jpg
3693,61.550000,,0,P,0.18673,0.09985,0.11459,0.00609,frames/frame_003693.jpg
3694,61.566667,,0,B,0.18861,0.09771,0.11445,0.00466,frames/frame_003694.jpg
3695,61.583333,,0,B,0.18875,0.09810,0.11477,0.00377,frames/frame_003695.jpg
3696,61.600000,,0,B,0.19059,0.10070,0.11712,0.00479,frames/frame_003696.jpg
3697,61.616667,,0,P,0.18962,0.10020,0.11812,0.00426,frames/frame_003697.jpg
3698,61.633333,,0,B,0.19161,0.10141,0.11685,0.00511,frames/frame_003698.jpg
3699,61.650000,,0,B,0.19141,0.10126,0.11519,0.00533,frames/frame_003699.jpg
3700,61.666667,,0,B,0.19183,0.10326,0.11676,0.00681,frames/frame_003700.jpg
3701,61.683333,,0,P,0.19049,0.10255,0.11756,0.00435,frames/frame_003701.jpg
3702,61.700000,,0,B,0.19206,0.10332,0.11602,0.00387,frames/frame_003702.jpg
3703,61.716667,,0,B,0.19150,0.10333,0.11513,0.00320,frames/frame_003703.jpg
3704,61.733333,,0,B,0.19190,0.10260,0.11481,0.00297,frames/frame_003704.jpg
3705,61.750000,,0,P,0.19049,0.10224,0.11480,0.00341,frames/frame_003705.jpg
3706,61.766667,,0,B,0.19192,0.10319,0.11431,0.00302,frames/frame_003706.jpg
3707,61.783333,,0,B,0.19161,0.10289,0.11399,0.00232,frames/frame_003707.jpg
3708,61.800000,,0,B,0.19216,0.10321,0.11408,0.00243,frames/frame_003708.jpg
3709,61.816667,,0,P,0.19096,0.10318,0.11436,0.00278,frames/frame_003709.jpg
3710,61.833333,,0,B,0.19240,0.10149,0.11422,0.00264,frames/frame_003710.jpg
3711,61.850000,,0,B,0.19217,0.10187,0.11417,0.00191,frames/frame_003711.jpg
3712,61.866667,,0,B,0.19267,0.10148,0.11450,0.00193,frames/frame_003712.jpg
3713,61.883333,,0,P,0.19156,0.10172,0.11435,0.00219,frames/frame_003713.jpg
3714,61.900000,,0,B,0.19287,0.10084,0.11431,0.00236,frames/frame_003714.jpg
3715,61.916667,,0,B,0.19275,0.10153,0.11434,0.00179,frames/frame_003715.jpg
3716,61.933333,,0,B,0.19334,0.10092,0.11432,0.00178,frames/frame_003716.jpg
3717,61.950000,,0,P,0.19236,0.10210,0.11426,0.00209,frames/frame_003717.jpg
3718,61.966667,,0,B,0.19337,0.10083,0.11480,0.00248,frames/frame_003718.jpg
3719,61.983333,,0,B,0.19266,0.10093,0.11505,0.00215,frames/frame_003719.jpg
3720,62.000000,,0,B,0.19272,0.10137,0.11537,0.00223,frames/frame_003720.jpg
3721,62.016667,,0,P,0.19121,0.10196,0.11594,0.00272,frames/frame_003721.jpg
3722,62.033333,,0,P,0.46855,0.09521,0.09744,0.27686,frames/frame_003722.jpg
3723,62.050000,,0,B,0.43961,0.11445,0.09813,0.05500,frames/frame_003723.jpg
3724,62.066667,,0,P,0.40690,0.12984,0.10134,0.05949,frames/frame_003724.jpg
3725,62.083333,,0,P,0.38469,0.14654,0.10308,0.04762,frames/frame_003725.jpg
3726,62.100000,,0,B,0.36373,0.16096,0.10252,0.05134,frames/frame_003726.jpg
3727,62.116667,,0,B,0.34572,0.17829,0.10517,0.03856,frames/frame_003727.jpg
3728,62.133333,,0,B,0.33048,0.18992,0.10993,0.04200,frames/frame_003728.jpg
3729,62.150000,,0,P,0.31442,0.20611,0.11156,0.04136,frames/frame_003729.jpg
3730,62.166667,,0,P,0.30352,0.21472,0.11011,0.03570,frames/frame_003730.jpg
3731,62.183333,,0,P,0.29334,0.22339,0.11054,0.03311,frames/frame_003731.jpg
3732,62.200000,,0,P,0.28277,0.23454,0.11033,0.02899,frames/frame_003732.jpg
3733,62.216667,,0,P,0.27490,0.24421,0.11479,0.03387,frames/frame_003733.jpg
3734,62.233333,,0,P,0.26796,0.25391,0.11460,0.02489,frames/frame_003734.jpg
3735,62.250000,,0,P,0.26216,0.26334,0.11691,0.02304,frames/frame_003735.jpg
3736,62.266667,,0,P,0.25457,0.27598,0.11714,0.02327,frames/frame_003736.jpg
3737,62.283333,,0,P,0.24937,0.28638,0.11621,0.03690,frames/frame_003737.jpg
3738,62.300000,,0,P,0.24558,0.29761,0.11552,0.03910,frames/frame_003738.jpg
3739,62.316667,,0,P,0.24101,0.30723,0.11076,0.03892,frames/frame_003739.jpg
3740,62.333333,,0,P,0.23879,0.31653,0.10771,0.04409,frames/frame_003740.jpg
3741,62.350000,,0,P,0.23779,0.33572,0.10534,0.05318,frames/frame_003741.jpg
3742,62.366667,,0,P,0.23483,0.36319,0.10194,0.05880,frames/frame_003742.jpg
3743,62.383333,,0,P,0.22705,0.40197,0.09382,0.06497,frames/frame_003743.jpg
3744,62.400000,,0,P,0.22447,0.44803,0.08711,0.06863,frames/frame_003744.jpg
3745,62.416667,,0,P,0.22569,0.50248,0.07682,0.07130,frames/frame_003745.jpg
3746,62.433333,,0,P,0.23392,0.56622,0.06761,0.07466,frames/frame_003746.jpg
3747,62.450000,,0,P,0.25437,0.62194,0.06222,0.07487,frames/frame_003747.jpg
3748,62.466667,,0,P,0.28968,0.67398,0.06247,0.07530,frames/frame_003748.jpg
3749,62.483333,,0,B,0.33841,0.72915,0.07374,0.08211,frames/frame_003749.jpg
3750,62.500000,,0,P,0.40085,0.80946,0.08979,0.10697,frames/frame_003750.jpg
3751,62.516667,,0,P,0.98336,0.03953,0.05962,0.59840,frames/frame_003751.jpg
3752,62.533333,,0,P,0.97465,0.04204,0.06062,0.01180,frames/frame_003752.jpg
3753,62.550000,,0,P,0.95297,0.05914,0.06880,0.02217,frames/frame_003753.jpg
3754,62.566667,,0,P,0.93901,0.06083,0.07015,0.01786,frames/frame_003754.jpg
3755,62.583333,,0,P,0.92784,0.06384,0.07187,0.01473,frames/frame_003755.jpg
3756,62.600000,,0,P,0.91976,0.06688,0.07429,0.01172,frames/frame_003756.jpg
3757,62.616667,,0,P,0.91441,0.06770,0.07609,0.00875,frames/frame_003757.jpg
3758,62.633333,,0,P,0.91000,0.06860,0.07687,0.00730,frames/frame_003758.jpg
3759,62.650000,,0,P,0.90639,0.06884,0.07774,0.00580,frames/frame_003759.jpg
3760,62.666667,,0,P,0.90442,0.06895,0.07853,0.00346,frames/frame_003760.jpg
3761,62.683333,,0,B,0.90202,0.06870,0.07784,0.00360,frames/frame_003761.jpg
3762,62.700000,,0,P,0.89723,0.07031,0.07614,0.01174,frames/frame_003762.jpg
3763,62.716667,,0,P,0.89481,0.07035,0.07924,0.00682,frames/frame_003763.jpg
3764,62.733333,,0,P,0.89465,0.06964,0.08017,0.00459,frames/frame_003764.jpg
3765,62.750000,,0,P,0.89664,0.06763,0.06830,0.00913,frames/frame_003765.jpg
3766,62.766667,,0,P,0.89600,0.06966,0.06887,0.00301,frames/frame_003766.jpg
3767,62.783333,,0,P,0.89496,0.06939,0.06964,0.00483,frames/frame_003767.jpg
3768,62.800000,,0,P,0.89388,0.07000,0.07012,0.00540,frames/frame_003768.jpg
3769,62.816667,,0,P,0.89281,0.07023,0.07020,0.00522,frames/frame_003769.jpg
3770,62.833333,,0,B,0.89271,0.07012,0.07036,0.00474,frames/frame_003770.jpg
3771,62.850000,,0,P,0.89263,0.07021,0.07343,0.00485,frames/frame_003771.jpg
3772,62.866667,,0,P,0.89289,0.07006,0.07396,0.00312,frames/frame_003772.jpg
3773,62.883333,,0,P,0.89278,0.07010,0.07527,0.00220,frames/frame_003773.jpg
3774,62.900000,,0,P,0.89248,0.07018,0.07497,0.00220,frames/frame_003774.jpg
3775,62.916667,,0,B,0.89283,0.07006,0.07372,0.00215,frames/frame_003775.jpg
3776,62.933333,,0,P,0.89197,0.06999,0.07463,0.00249,frames/frame_003776.jpg
3777,62.950000,,0,P,0.88787,0.07453,0.07887,0.01332,frames/frame_003777.jpg
3778,62.966667,,0,B,0.88858,0.07284,0.07914,0.00392,frames/frame_003778.jpg
3779,62.983333,,0,P,0.89037,0.07194,0.07026,0.00572,frames/frame_003779.jpg
3780,63.000000,,1,I,0.89060,0.07087,0.06933,0.00355,frames/frame_003780.jpg
3781,63.016667,,0,P,0.89024,0.07237,0.07209,0.00319,frames/frame_003781.jpg
3782,63.033333,,0,B,0.89023,0.07198,0.07127,0.00442,frames/frame_003782.jpg
3783,63.050000,,0,P,0.88959,0.07202,0.07328,0.00486,frames/frame_003783.jpg
3784,63.066667,,0,P,0.88971,0.07219,0.07481,0.00521,frames/frame_003784.jpg
3785,63.083333,,0,P,0.88971,0.07200,0.07444,0.00496,frames/frame_003785.jpg
3786,63.100000,,0,P,0.88968,0.07169,0.07655,0.00387,frames/frame_003786.jpg
3787,63.116667,,0,B,0.89017,0.07158,0.07717,0.00312,frames/frame_003787.jpg
3788,63.133333,,0,P,0.88968,0.07156,0.07656,0.00271,frames/frame_003788.jpg
3789,63.150000,,0,B,0.89015,0.07168,0.07726,0.00234,frames/frame_003789.jpg
3790,63.166667,,0,B,0.88996,0.07135,0.07758,0.00182,frames/frame_003790.jpg
3791,63.183333,,0,B,0.89008,0.07129,0.07716,0.00166,frames/frame_003791.jpg
3792,63.200000,,0,P,0.88942,0.07126,0.07748,0.00195,frames/frame_003792.jpg
3793,63.216667,,0,P,0.88747,0.07225,0.07856,0.01068,frames/frame_003793.jpg
3794,63.233333,,0,B,0.88670,0.07262,0.08134,0.00605,frames/frame_003794.jpg
3795,63.250000,,0,P,0.88714,0.07156,0.07983,0.00330,frames/frame_003795.jpg
3796,63.266667,,0,P,0.88896,0.07071,0.07485,0.00510,frames/frame_003796.jpg
3797,63.283333,,0,P,0.88886,0.07039,0.07357,0.00227,frames/frame_003797.jpg
3798,63.300000,,0,P,0.88922,0.07001,0.07248,0.00210,frames/frame_003798.jpg
3799,63.316667,,0,P,0.88845,0.07160,0.07448,0.00307,frames/frame_003799.jpg
3800,63.333333,,0,B,0.88666,0.07215,0.07559,0.00575,frames/frame_003800.jpg
3801,63.350000,,0,P,0.88578,0.07229,0.07704,0.00650,frames/frame_003801.jpg
3802,63.366667,,0,B,0.88515,0.07286,0.07888,0.00634,frames/frame_003802.jpg
3803,63.383333,,0,P,0.88409,0.07251,0.08039,0.00584,frames/frame_003803.jpg
3804,63.400000,,0,B,0.88408,0.07260,0.08098,0.00510,frames/frame_003804.jpg
3805,63.416667,,0,B,0.88354,0.07235,0.07696,0.00727,frames/frame_003805.jpg
3806,63.433333,,0,B,0.87951,0.07295,0.07914,0.01169,frames/frame_003806.jpg
3807,63.450000,,0,P,0.87436,0.07336,0.08013,0.01360,frames/frame_003807.jpg
3808,63.466667,,0,P,0.86984,0.07395,0.08339,0.01482,frames/frame_003808.jpg
3809,63.483333,,0,P,0.86736,0.06902,0.08343,0.01649,frames/frame_003809.jpg
3810,63.500000,,0,B,0.86430,0.06921,0.08702,0.01514,frames/frame_003810.jpg
3811,63.516667,,0,B,0.86167,0.06997,0.08789,0.01560,frames/frame_003811.jpg
3812,63.533333,,0,P,0.85910,0.07009,0.08958,0.01616,frames/frame_003812.jpg
3813,63.550000,,0,P,0.85748,0.07070,0.09323,0.01598,frames/frame_003813.jpg
3814,63.566667,,0,P,0.85625,0.07032,0.09373,0.01580,frames/frame_003814.jpg
3815,63.583333,,0,P,0.85534,0.07082,0.09724,0.01549,frames/frame_003815.jpg
3816,63.600000,,0,P,0.85365,0.07087,0.09871,0.01513,frames/frame_003816.jpg
3817,63.616667,,0,P,0.85188,0.07139,0.10045,0.01457,frames/frame_003817.jpg
3818,63.633333,,0,P,0.85032,0.07183,0.10167,0.01340,frames/frame_003818.jpg
3819,63.650000,,0,P,0.84925,0.07199,0.10110,0.01135,frames/frame_003819.jpg
3820,63.666667,,0,P,0.84896,0.07145,0.10234,0.01049,frames/frame_003820.jpg
3821,63.683333,,0,P,0.84836,0.07139,0.10640,0.00941,frames/frame_003821.jpg
3822,63.700000,,0,P,0.84792,0.07145,0.10604,0.00780,frames/frame_003822.jpg
3823,63.716667,,0,P,0.84715,0.07164,0.10803,0.00681,frames/frame_003823.jpg
3824,63.733333,,0,B,0.84680,0.07151,0.11007,0.00520,frames/frame_003824.jpg
3825,63.750000,,0,B,0.84685,0.07142,0.10810,0.00398,frames/frame_003825.jpg
3826,63.766667,,0,P,0.84596,0.07136,0.10766,0.00341,frames/frame_003826.jpg
3827,63.783333,,0,P,0.84551,0.07158,0.10792,0.00239,frames/frame_003827.jpg
3828,63.800000,,0,P,0.84505,0.07134,0.10870,0.00198,frames/frame_003828.jpg
3829,63.816667,,0,B,0.84508,0.07149,0.10858,0.00070,frames/frame_003829.jpg
3830,63.833333,,0,P,0.91002,0.07063,0.09971,0.06473,frames/frame_003830.jpg
3831,63.850000,,0,B,0.90217,0.07209,0.09937,0.01557,frames/frame_003831.jpg
3832,63.866667,,0,B,0.89625,0.07292,0.10007,0.01325,frames/frame_003832.jpg
3833,63.883333,,0,P,0.88639,0.07405,0.10255,0.01670,frames/frame_003833.jpg
3834,63.900000,,0,P,0.88366,0.07473,0.10519,0.00871,frames/frame_003834.jpg
3835,63.916667,,0,P,0.87809,0.07519,0.10523,0.01445,frames/frame_003835.jpg
3836,63.933333,,0,P,0.87435,0.07557,0.10776,0.00903,frames/frame_003836.jpg
3837,63.950000,,0,B,0.87160,0.07603,0.10701,0.00985,frames/frame_003837.jpg
3838,63.966667,,0,B,0.86686,0.07723,0.10803,0.00953,frames/frame_003838.jpg
3839,63.983333,,0,B,0.86187,0.07774,0.10868,0.00953,frames/frame_003839.jpg
3840,64.000000,,0,P,0.85553,0.07834,0.10777,0.01012,frames/frame_003840.jpg
3841,64.016667,,0,B,0.85632,0.07846,0.10716,0.00723,frames/frame_003841.jpg
3842,64.033333,,0,P,0.85557,0.07826,0.10717,0.00463,frames/frame_003842.jpg
3843,64.050000,,0,B,0.85523,0.07853,0.10833,0.00701,frames/frame_003843.jpg
3844,64.066667,,0,B,0.85548,0.07830,0.10805,0.00279,frames/frame_003844.jpg
3845,64.083333,,0,P,0.85453,0.07846,0.10818,0.00683,frames/frame_003845.jpg
3846,64.100000,,0,P,0.87134,0.07123,0.09898,0.02078,frames/frame_003846.jpg
3847,64.116667,,0,P,0.87671,0.07076,0.08849,0.00997,frames/frame_003847.jpg
3848,64.133333,,0,B,0.86130,0.07644,0.08670,0.02329,frames/frame_003848.jpg
3849,64.150000,,0,P,0.76236,0.08403,0.06466,0.10515,frames/frame_003849.jpg
3850,64.166667,,0,P,0.57538,0.07117,0.04291,0.18823,frames/frame_003850.jpg
3851,64.183333,,0,P,0.40768,0.04777,0.05094,0.16667,frames/frame_003851.jpg
3852,64.200000,,0,P,0.29158,0.05569,0.05794,0.11829,frames/frame_003852.jpg
3853,64.216667,,0,P,0.25476,0.05431,0.06346,0.04435,frames/frame_003853.jpg
3854,64.233333,,0,P,0.24889,0.05278,0.06380,0.02296,frames/frame_003854.jpg
3855,64.250000,,0,P,0.24570,0.05236,0.06618,0.02646,frames/frame_003855.jpg
3856,64.266667,,0,P,0.24354,0.04957,0.06456,0.02772,frames/frame_003856.jpg
3857,64.283333,,0,P,0.24226,0.04852,0.06425,0.02838,frames/frame_003857.jpg
3858,64.300000,,0,P,0.24127,0.04609,0.06258,0.02890,frames/frame_003858.jpg
3859,64.316667,,0,P,0.23969,0.04427,0.06038,0.02705,frames/frame_003859.jpg
3860,64.333333,,0,P,0.24063,0.04539,0.05827,0.02287,frames/frame_003860.jpg
3861,64.350000,,0,P,0.23878,0.04481,0.05633,0.02138,frames/frame_003861.jpg
3862,64.366667,,0,P,0.23647,0.04473,0.05451,0.01817,frames/frame_003862.jpg
3863,64.383333,,0,P,0.23364,0.04453,0.05350,0.01507,frames/frame_003863.jpg
3864,64.400000,,0,P,0.23058,0.04477,0.05182,0.01214,frames/frame_003864.jpg
3865,64.416667,,0,P,0.22773,0.04434,0.05052,0.00935,frames/frame_003865.jpg
3866,64.433333,,0,B,0.22648,0.04613,0.05012,0.00709,frames/frame_003866.jpg
3867,64.450000,,0,B,0.22381,0.04784,0.04933,0.00575,frames/frame_003867.jpg
3868,64.466667,,0,B,0.22240,0.04765,0.04850,0.00429,frames/frame_003868.jpg
3869,64.483333,,0,P,0.21915,0.04683,0.04860,0.00483,frames/frame_003869.jpg
3870,64.500000,,0,B,0.21415,0.05455,0.04692,0.00746,frames/frame_003870.jpg
3871,64.516667,,0,B,0.21086,0.05545,0.04650,0.00528,frames/frame_003871.jpg
3872,64.533333,,0,B,0.20962,0.05582,0.04623,0.00391,frames/frame_003872.jpg
3873,64.550000,,0,P,0.20574,0.05710,0.04683,0.00523,frames/frame_003873.jpg
3874,64.566667,,0,B,0.20747,0.05703,0.04855,0.00436,frames/frame_003874.jpg
3875,64.583333,,0,B,0.20640,0.05862,0.04886,0.00383,frames/frame_003875.jpg
3876,64.600000,,0,B,0.20667,0.05929,0.04942,0.00407,frames/frame_003876.jpg
3877,64.616667,,0,P,0.20428,0.06066,0.04873,0.00510,frames/frame_003877.jpg
3878,64.633333,,0,B,0.20548,0.06087,0.04840,0.00543,frames/frame_003878.jpg
3879,64.650000,,0,B,0.20427,0.06184,0.04814,0.00556,frames/frame_003879.jpg
3880,64.666667,,0,B,0.20501,0.06575,0.04785,0.00624,frames/frame_003880.jpg
3881,64.683333,,0,P,0.20290,0.06791,0.04820,0.00769,frames/frame_003881.jpg
3882,64.700000,,0,B,0.20365,0.07484,0.04812,0.00765,frames/frame_003882.jpg
3883,64.716667,,0,B,0.20205,0.07604,0.04755,0.00756,frames/frame_003883.jpg
3884,64.733333,,0,B,0.20192,0.07602,0.04849,0.00678,frames/frame_003884.jpg
3885,64.750000,,0,P,0.19991,0.07426,0.04970,0.01304,frames/frame_003885.jpg
3886,64.766667,,0,P,0.19668,0.07285,0.04661,0.01150,frames/frame_003886.jpg
3887,64.783333,,0,B,0.19671,0.07377,0.04564,0.00749,frames/frame_003887.jpg
3888,64.800000,,0,B,0.19707,0.07424,0.04619,0.00524,frames/frame_003888.jpg
3889,64.816667,,0,P,0.19531,0.07592,0.04652,0.00462,frames/frame_003889.jpg
3890,64.833333,,0,B,0.19658,0.07461,0.04566,0.00418,frames/frame_003890.jpg
3891,64.850000,,0,B,0.19541,0.07513,0.04528,0.00334,frames/frame_003891.jpg
3892,64.866667,,0,B,0.19573,0.07594,0.04505,0.00282,frames/frame_003892.jpg
3893,64.883333,,0,P,0.19348,0.07788,0.04508,0.00382,frames/frame_003893.jpg
3894,64.900000,,0,B,0.19460,0.07706,0.04438,0.00344,frames/frame_003894.jpg
3895,64.916667,,0,B,0.19379,0.07814,0.04423,0.00277,frames/frame_003895.jpg
3896,64.933333,,0,B,0.19403,0.07830,0.04442,0.00263,frames/frame_003896.jpg
3897,64.950000,,0,P,0.19217,0.07790,0.04468,0.00338,frames/frame_003897.jpg
3898,64.966667,,0,B,0.19259,0.07818,0.04449,0.00318,frames/frame_003898.jpg
3899,64.983333,,0,B,0.19123,0.07809,0.04495,0.00328,frames/frame_003899.jpg
3900,65.000000,,0,B,0.19097,0.07862,0.04596,0.00324,frames/frame_003900.jpg
3901,65.016667,,0,P,0.18846,0.08277,0.04737,0.00482,frames/frame_003901.jpg
3902,65.033333,,0,B,0.19012,0.08055,0.04809,0.00421,frames/frame_003902.jpg
3903,65.050000,,0,B,0.18953,0.08066,0.04824,0.00389,frames/frame_003903.jpg
3904,65.066667,,0,B,0.19013,0.08085,0.04814,0.00446,frames/frame_003904.jpg
3905,65.083333,,0,P,0.18878,0.08294,0.04800,0.00548,frames/frame_003905.jpg
3906,65.100000,,0,B,0.19036,0.08256,0.04799,0.00619,frames/frame_003906.jpg
3907,65.116667,,0,B,0.19004,0.08527,0.04721,0.00634,frames/frame_003907.jpg
3908,65.133333,,0,B,0.19142,0.08964,0.04794,0.00738,frames/frame_003908.jpg
3909,65.150000,,0,P,0.18968,0.09194,0.04774,0.00845,frames/frame_003909.jpg
3910,65.166667,,0,B,0.19074,0.09466,0.04830,0.00843,frames/frame_003910.jpg
3911,65.183333,,0,B,0.18979,0.09237,0.04843,0.00780,frames/frame_003911.jpg
3912,65.200000,,0,B,0.19020,0.09068,0.04874,0.00778,frames/frame_003912.jpg
3913,65.216667,,0,P,0.18703,0.08819,0.04623,0.01346,frames/frame_003913.jpg
3914,65.233333,,0,B,0.18795,0.08583,0.04461,0.00884,frames/frame_003914.jpg
3915,65.250000,,0,B,0.18814,0.08728,0.04561,0.00644,frames/frame_003915.jpg
3916,65.266667,,0,B,0.18880,0.08704,0.04517,0.00475,frames/frame_003916.jpg
3917,65.283333,,0,P,0.18697,0.08999,0.04508,0.00455,frames/frame_003917.jpg
3918,65.300000,,0,B,0.18861,0.08929,0.04409,0.00417,frames/frame_003918.jpg
3919,65.316667,,0,B,0.18792,0.08997,0.04421,0.00320,frames/frame_003919.jpg
3920,65.333333,,0,B,0.18834,0.09101,0.04441,0.00293,frames/frame_003920.jpg
3921,65.350000,,0,P,0.18670,0.09052,0.04418,0.00352,frames/frame_003921.jpg
3922,65.366667,,0,B,0.18810,0.09072,0.04421,0.00365,frames/frame_003922.jpg
3923,65.383333,,0,B,0.18773,0.09078,0.04434,0.00284,frames/frame_003923.jpg
3924,65.400000,,0,B,0.18810,0.09208,0.04479,0.00291,frames/frame_003924.jpg
3925,65.416667,,0,P,0.18652,0.08896,0.04489,0.00363,frames/frame_003925.jpg
3926,65.433333,,0,B,0.18821,0.09064,0.04536,0.00359,frames/frame_003926.jpg
3927,65.450000,,0,B,0.18775,0.08946,0.04593,0.00291,frames/frame_003927.jpg
3928,65.466667,,0,B,0.18850,0.08982,0.04705,0.00316,frames/frame_003928.jpg
3929,65.483333,,0,P,0.18705,0.08688,0.04812,0.00412,frames/frame_003929.jpg
3930,65.500000,,0,B,0.18870,0.08854,0.04810,0.00478,frames/frame_003930.jpg
3931,65.516667,,0,B,0.18835,0.08847,0.04787,0.00454,frames/frame_003931.jpg
3932,65.533333,,0,B,0.18897,0.08870,0.04762,0.00484,frames/frame_003932.jpg
3933,65.550000,,0,P,0.18772,0.08815,0.04718,0.00587,frames/frame_003933.jpg
3934,65.566667,,0,B,0.18934,0.08974,0.04920,0.01231,frames/frame_003934.jpg
3935,65.583333,,0,B,0.19064,0.09503,0.04849,0.01369,frames/frame_003935.jpg
3936,65.600000,,0,P,0.18929,0.09567,0.04870,0.01263,frames/frame_003936.jpg
3937,65.616667,,0,B,0.19033,0.10070,0.04943,0.01081,frames/frame_003937.jpg
3938,65.633333,,0,B,0.18956,0.10008,0.04896,0.00909,frames/frame_003938.jpg
3939,65.650000,,0,B,0.19002,0.09924,0.04914,0.00810,frames/frame_003939.jpg
3940,65.666667,,0,P,0.18659,0.09814,0.04512,0.00693,frames/frame_003940.jpg
3941,65.683333,,0,B,0.18809,0.09606,0.04460,0.00456,frames/frame_003941.jpg
3942,65.700000,,0,B,0.18814,0.09516,0.04423,0.00309,frames/frame_003942.jpg
3943,65.716667,,0,B,0.18861,0.09457,0.04446,0.00285,frames/frame_003943.jpg
3944,65.733333,,0,P,0.18706,0.09682,0.04426,0.00355,frames/frame_003944.jpg
3945,65.750000,,0,B,0.18846,0.09562,0.04415,0.00357,frames/frame_003945.jpg
3946,65.766667,,0,B,0.18813,0.09643,0.04397,0.00267,frames/frame_003946.jpg
3947,65.783333,,0,B,0.18867,0.09568,0.04397,0.00264,frames/frame_003947.jpg
3948,65.800000,,0,P,0.18696,0.09729,0.04382,0.00350,frames/frame_003948.jpg
3949,65.816667,,0,B,0.18842,0.09732,0.04373,0.00364,frames/frame_003949.jpg
3950,65.833333,,0,B,0.18800,0.09698,0.04380,0.00261,frames/frame_003950.jpg
3951,65.850000,,0,B,0.18838,0.09597,0.04355,0.00275,frames/frame_003951.jpg
3952,65.866667,,0,P,0.18665,0.09607,0.04329,0.00352,frames/frame_003952.jpg
3953,65.883333,,0,B,0.18826,0.09507,0.04350,0.00358,frames/frame_003953.jpg
3954,65.900000,,0,B,0.18798,0.09633,0.04410,0.00291,frames/frame_003954.jpg
3955,65.916667,,0,B,0.18885,0.09446,0.04531,0.00327,frames/frame_003955.jpg
3956,65.933333,,0,P,0.18753,0.09440,0.04647,0.00395,frames/frame_003956.jpg
3957,65.950000,,0,B,0.18820,0.09483,0.04690,0.00394,frames/frame_003957.jpg
3958,65.966667,,0,B,0.18896,0.09463,0.04692,0.00448,frames/frame_003958.jpg
3959,65.983333,,0,P,0.18784,0.09438,0.04701,0.00500,frames/frame_003959.jpg
3960,66.000000,,1,I,0.18519,0.13747,0.04684,0.01154,frames/frame_003960.jpg
3961,66.016667,,0,B,0.18664,0.13396,0.04670,0.00756,frames/frame_003961.jpg
3962,66.033333,,0,B,0.18605,0.13471,0.04787,0.00705,frames/frame_003962.jpg
3963,66.050000,,0,B,0.18669,0.13684,0.04868,0.00845,frames/frame_003963.jpg
3964,66.066667,,0,P,0.18390,0.14312,0.04781,0.00919,frames/frame_003964.jpg
3965,66.083333,,0,B,0.18183,0.15313,0.04281,0.01123,frames/frame_003965.jpg
3966,66.100000,,0,P,0.17623,0.15967,0.03399,0.01090,frames/frame_003966.jpg
3967,66.116667,,0,P,0.75154,0.06555,0.04752,0.57211,frames/frame_003967.jpg
3968,66.133333,,0,P,0.74529,0.06644,0.04706,0.00642,frames/frame_003968.jpg
3969,66.150000,,0,P,0.55790,0.06347,0.07691,0.20989,frames/frame_003969.jpg
3970,66.166667,,0,P,0.52297,0.06886,0.07869,0.03485,frames/frame_003970.jpg
3971,66.183333,,0,B,0.48872,0.06077,0.07998,0.03276,frames/frame_003971.jpg
3972,66.200000,,0,P,0.45495,0.05303,0.08060,0.03293,frames/frame_003972.jpg
3973,66.216667,,0,B,0.42686,0.06479,0.08116,0.02926,frames/frame_003973.jpg
3974,66.233333,,0,B,0.40180,0.07707,0.08287,0.02624,frames/frame_003974.jpg
3975,66.250000,,0,P,0.37610,0.08601,0.08234,0.02722,frames/frame_003975.jpg
3976,66.266667,,0,B,0.35679,0.08319,0.08303,0.01924,frames/frame_003976.jpg
3977,66.283333,,0,B,0.33742,0.08552,0.08325,0.01969,frames/frame_003977.jpg
3978,66.300000,,0,B,0.31877,0.09347,0.08464,0.01900,frames/frame_003978.jpg
3979,66.316667,,0,P,0.30147,0.09406,0.08464,0.01823,frames/frame_003979.jpg
3980,66.333333,,0,B,0.28874,0.10052,0.08535,0.01327,frames/frame_003980.jpg
3981,66.350000,,0,B,0.27580,0.10825,0.08639,0.01397,frames/frame_003981.jpg
3982,66.366667,,0,B,0.26389,0.11108,0.08677,0.01293,frames/frame_003982.jpg
3983,66.383333,,0,P,0.25099,0.12169,0.08787,0.01448,frames/frame_003983.jpg
3984,66.400000,,0,B,0.24354,0.10367,0.08964,0.00840,frames/frame_003984.jpg
3985,66.416667,,0,B,0.23466,0.11026,0.09081,0.01037,frames/frame_003985.jpg
3986,66.433333,,0,B,0.23070,0.12193,0.09207,0.00893,frames/frame_003986.jpg
3987,66.450000,,0,P,0.22230,0.12735,0.09211,0.01010,frames/frame_003987.jpg
3988,66.466667,,0,B,0.21793,0.12903,0.09158,0.00622,frames/frame_003988.jpg
3989,66.483333,,0,B,0.21479,0.12756,0.09167,0.00693,frames/frame_003989.jpg
3990,66.500000,,0,B,0.21065,0.13196,0.09216,0.00594,frames/frame_003990.jpg
3991,66.516667,,0,P,0.20496,0.13530,0.09288,0.00767,frames/frame_003991.jpg
3992,66.533333,,0,B,0.16971,0.12169,0.07492,0.06511,frames/frame_003992.jpg
3993,66.550000,,0,B,0.16677,0.11493,0.07383,0.00417,frames/frame_003993.jpg
3994,66.566667,,0,B,0.16493,0.11551,0.07184,0.00406,frames/frame_003994.jpg
3995,66.583333,,0,P,0.16379,0.10276,0.07101,0.00870,frames/frame_003995.jpg
3996,66.600000,,0,B,0.16374,0.10048,0.07467,0.00722,frames/frame_003996.jpg
3997,66.616667,,0,P,0.16352,0.10207,0.07763,0.01003,frames/frame_003997.jpg
3998,66.633333,,0,P,0.16467,0.10260,0.07752,0.01716,frames/frame_003998.jpg
3999,66.650000,,0,P,0.16659,0.10148,0.07825,0.02191,frames/frame_003999.jpg
4000,66.666667,,0,P,0.16814,0.10415,0.08131,0.02753,frames/frame_004000.jpg
4001,66.683333,,0,P,0.16942,0.10579,0.08086,0.03046,frames/frame_004001.jpg
4002,66.700000,,0,P,0.17271,0.10457,0.08288,0.03304,frames/frame_004002.jpg
4003,66.716667,,0,P,0.17319,0.10734,0.08246,0.03621,frames/frame_004003.jpg
4004,66.733333,,0,B,0.17880,0.11037,0.08503,0.03924,frames/frame_004004.jpg
4005,66.750000,,0,B,0.18565,0.11294,0.08405,0.03909,frames/frame_004005.jpg
4006,66.766667,,0,B,0.19220,0.11754,0.09105,0.04185,frames/frame_004006.jpg
4007,66.783333,,0,P,0.19842,0.12269,0.09314,0.04904,frames/frame_004007.jpg
4008,66.800000,,0,P,0.20767,0.12601,0.09701,0.05181,frames/frame_004008.jpg
4009,66.816667,,0,P,0.21781,0.13399,0.10083,0.05324,frames/frame_004009.jpg
4010,66.833333,,0,B,0.22541,0.13579,0.10152,0.05360,frames/frame_004010.jpg
4011,66.850000,,0,B,0.23120,0.12818,0.10325,0.04677,frames/frame_004011.jpg
4012,66.866667,,0,P,0.23039,0.13064,0.10191,0.04606,frames/frame_004012.jpg
4013,66.883333,,0,P,0.22675,0.12797,0.10376,0.04118,frames/frame_004013.jpg
4014,66.900000,,0,B,0.22009,0.12558,0.10123,0.04369,frames/frame_004014.jpg
4015,66.916667,,0,B,0.21529,0.12496,0.09865,0.04234,frames/frame_004015.jpg
4016,66.933333,,0,P,0.21194,0.12237,0.09620,0.03972,frames/frame_004016.jpg
4017,66.950000,,0,B,0.20341,0.12174,0.10004,0.03740,frames/frame_004017.jpg
4018,66.966667,,0,B,0.19722,0.12539,0.09714,0.03805,frames/frame_004018.jpg
4019,66.983333,,0,P,0.19760,0.18767,0.09706,0.04812,frames/frame_004019.jpg
4020,67.000000,,0,P,0.18894,0.19289,0.09845,0.03797,frames/frame_004020.jpg
4021,67.016667,,0,P,0.18319,0.19369,0.08928,0.03161,frames/frame_004021.jpg
4022,67.033333,,0,P,0.17776,0.17649,0.09452,0.02993,frames/frame_004022.jpg
4023,67.050000,,0,P,0.17328,0.17998,0.09021,0.02276,frames/frame_004023.jpg
4024,67.066667,,0,B,0.16629,0.18070,0.09345,0.02209,frames/frame_004024.jpg
4025,67.083333,,0,P,0.16177,0.18479,0.08725,0.02075,frames/frame_004025.jpg
4026,67.100000,,0,B,0.15840,0.18444,0.08504,0.01775,frames/frame_004026.jpg
4027,67.116667,,0,P,0.15477,0.18684,0.08468,0.01630,frames/frame_004027.jpg
4028,67.133333,,0,B,0.15214,0.18701,0.08567,0.01365,frames/frame_004028.jpg
4029,67.150000,,0,B,0.14813,0.18793,0.08361,0.01346,frames/frame_004029.jpg
4030,67.166667,,0,P,0.14577,0.18862,0.08130,0.01335,frames/frame_004030.jpg
4031,67.183333,,0,P,0.14299,0.17785,0.08014,0.01276,frames/frame_004031.jpg
4032,67.200000,,0,B,0.14139,0.17405,0.07994,0.00979,frames/frame_004032.jpg
4033,67.216667,,0,B,0.13949,0.17305,0.07745,0.00881,frames/frame_004033.jpg
4034,67.233333,,0,B,0.13829,0.17503,0.07692,0.00730,frames/frame_004034.jpg
4035,67.250000,,0,P,0.13604,0.17118,0.08004,0.00737,frames/frame_004035.jpg
4036,67.266667,,0,B,0.13488,0.16885,0.07420,0.00513,frames/frame_004036.jpg
4037,67.283333,,0,B,0.13350,0.16782,0.07455,0.00452,frames/frame_004037.jpg
4038,67.300000,,0,B,0.13312,0.16656,0.07355,0.00309,frames/frame_004038.jpg
4039,67.316667,,0,P,0.13226,0.16532,0.07400,0.00279,frames/frame_004039.jpg
4040,67.333333,,0,B,0.13210,0.16566,0.07397,0.00193,frames/frame_004040.jpg
4041,67.350000,,0,B,0.13447,0.18586,0.07629,0.00433,frames/frame_004041.jpg
4042,67.366667,,0,B,0.13426,0.18488,0.07620,0.00120,frames/frame_004042.jpg
4043,67.383333,,0,P,0.13390,0.18589,0.07573,0.00115,frames/frame_004043.jpg
4044,67.400000,,0,B,0.14123,0.14465,0.07846,0.00968,frames/frame_004044.jpg
4045,67.416667,,0,B,0.14109,0.14427,0.07820,0.00065,frames/frame_004045.jpg
4046,67.433333,,0,B,0.14110,0.14325,0.07805,0.00059,frames/frame_004046.jpg
4047,67.450000,,0,P,0.14094,0.14145,0.07806,0.00081,frames/frame_004047.jpg
4048,67.466667,,0,B,0.14091,0.14101,0.07804,0.00080,frames/frame_004048.jpg
4049,67.483333,,0,B,0.14097,0.13830,0.07799,0.00072,frames/frame_004049.jpg
4050,67.500000,,0,P,0.14071,0.13862,0.07777,0.00100,frames/frame_004050.jpg
4051,67.516667,,0,P,0.38761,0.08312,0.08545,0.24707,frames/frame_004051.jpg
4052,67.533333,,0,B,0.36915,0.08673,0.08330,0.02960,frames/frame_004052.jpg
4053,67.550000,,0,P,0.34783,0.09180,0.08227,0.03551,frames/frame_004053.jpg
4054,67.566667,,0,B,0.32867,0.09768,0.08199,0.02779,frames/frame_004054.jpg
4055,67.583333,,0,B,0.31142,0.10404,0.08110,0.03101,frames/frame_004055.jpg
4056,67.600000,,0,P,0.29255,0.11095,0.08136,0.02244,frames/frame_004056.jpg
4057,67.616667,,0,B,0.27940,0.11725,0.08018,0.02459,frames/frame_004057.jpg
4058,67.633333,,0,B,0.26646,0.12183,0.08021,0.01712,frames/frame_004058.jpg
4059,67.650000,,0,P,0.25319,0.12816,0.07941,0.02010,frames/frame_004059.jpg
4060,67.666667,,0,B,0.24193,0.13366,0.07870,0.01721,frames/frame_004060.jpg
4061,67.683333,,0,B,0.23164,0.13191,0.07825,0.01346,frames/frame_004061.jpg
4062,67.700000,,0,P,0.21943,0.14183,0.07920,0.01633,frames/frame_004062.jpg
4063,67.716667,,0,B,0.21428,0.13257,0.07827,0.00930,frames/frame_004063.jpg
4064,67.733333,,0,B,0.20597,0.13960,0.07721,0.01093,frames/frame_004064.jpg
4065,67.750000,,0,B,0.20006,0.14538,0.07863,0.00922,frames/frame_004065.jpg
4066,67.766667,,0,P,0.19294,0.14998,0.07851,0.00975,frames/frame_004066.jpg
4067,67.783333,,0,B,0.18850,0.13350,0.07873,0.00675,frames/frame_004067.jpg
4068,67.800000,,0,B,0.18334,0.13909,0.07768,0.00762,frames/frame_004068.jpg
4069,67.816667,,0,B,0.17917,0.14397,0.07761,0.00573,frames/frame_004069.jpg
4070,67.833333,,0,P,0.17419,0.14482,0.07769,0.00688,frames/frame_004070.jpg
4071,67.850000,,0,B,0.17215,0.12368,0.07759,0.00461,frames/frame_004071.jpg
4072,67.866667,,0,B,0.16873,0.12680,0.07707,0.00513,frames/frame_004072.jpg
4073,67.883333,,0,B,0.16570,0.13073,0.07672,0.00458,frames/frame_004073.jpg
4074,67.900000,,0,P,0.16052,0.13054,0.07669,0.00641,frames/frame_004074.jpg
4075,67.916667,,0,B,0.15998,0.12801,0.07637,0.00181,frames/frame_004075.jpg
4076,67.933333,,0,B,0.15913,0.12899,0.07592,0.00190,frames/frame_004076.jpg
4077,67.950000,,0,B,0.15866,0.12857,0.07570,0.00151,frames/frame_004077.jpg
4078,67.966667,,0,P,0.15476,0.13367,0.07538,0.00462,frames/frame_004078.jpg
4079,67.983333,,0,B,0.15516,0.13386,0.07523,0.00176,frames/frame_004079.jpg
4080,68.000000,,0,B,0.15370,0.13506,0.07513,0.00279,frames/frame_004080.jpg
4081,68.016667,,0,B,0.15402,0.13487,0.07539,0.00172,frames/frame_004081.jpg
4082,68.033333,,0,P,0.15215,0.13699,0.07578,0.00334,frames/frame_004082.jpg
4083,68.050000,,0,B,0.15230,0.13407,0.07617,0.00185,frames/frame_004083.jpg
4084,68.066667,,0,B,0.15215,0.13562,0.07588,0.00217,frames/frame_004084.jpg
4085,68.083333,,0,B,0.15217,0.13566,0.07608,0.00174,frames/frame_004085.jpg
4086,68.100000,,0,P,0.15131,0.13710,0.07628,0.00219,frames/frame_004086.jpg
4087,68.116667,,0,B,0.15145,0.14026,0.07614,0.00189,frames/frame_004087.jpg
4088,68.133333,,0,B,0.15113,0.14109,0.07621,0.00189,frames/frame_004088.jpg
4089,68.150000,,0,B,0.15092,0.14139,0.07658,0.00161,frames/frame_004089.jpg
4090,68.166667,,0,P,0.15002,0.14428,0.07659,0.00248,frames/frame_004090.jpg
4091,68.183333,,0,B,0.15039,0.14716,0.07672,0.00162,frames/frame_004091.jpg
4092,68.200000,,0,B,0.15033,0.14719,0.07687,0.00160,frames/frame_004092.jpg
4093,68.216667,,0,B,0.15046,0.14684,0.07682,0.00127,frames/frame_004093.jpg
4094,68.233333,,0,P,0.14995,0.14621,0.07712,0.00194,frames/frame_004094.jpg
4095,68.250000,,0,B,0.15038,0.14771,0.07737,0.00149,frames/frame_004095.jpg
4096,68.266667,,0,B,0.15035,0.14852,0.07723,0.00150,frames/frame_004096.jpg
4097,68.283333,,0,B,0.15049,0.14876,0.07733,0.00124,frames/frame_004097.jpg
4098,68.300000,,0,P,0.14997,0.14651,0.07763,0.00177,frames/frame_004098.jpg
4099,68.316667,,0,B,0.15028,0.14670,0.07768,0.00134,frames/frame_004099.jpg
4100,68.333333,,0,B,0.15003,0.14728,0.07778,0.00148,frames/frame_004100.jpg
4101,68.350000,,0,B,0.14995,0.14724,0.07781,0.00101,frames/frame_004101.jpg
4102,68.366667,,0,P,0.14926,0.14557,0.07778,0.00142,frames/frame_004102.jpg
4103,68.383333,,0,B,0.14898,0.14579,0.07749,0.00062,frames/frame_004103.jpg
4104,68.400000,,0,B,0.14894,0.14582,0.07750,0.00029,frames/frame_004104.jpg
4105,68.416667,,0,P,0.20355,0.13110,0.10908,0.06218,frames/frame_004105.jpg
4106,68.433333,,0,B,0.21534,0.12846,0.11969,0.01775,frames/frame_004106.jpg
4107,68.450000,,0,P,0.21642,0.12829,0.12010,0.00357,frames/frame_004107.jpg
4108,68.466667,,0,B,0.21738,0.13027,0.12016,0.00383,frames/frame_004108.jpg
4109,68.483333,,0,B,0.21737,0.12986,0.11999,0.00612,frames/frame_004109.jpg
4110,68.500000,,0,B,0.21794,0.12990,0.12045,0.00964,frames/frame_004110.jpg
4111,68.516667,,0,P,0.21731,0.13024,0.12038,0.01403,frames/frame_004111.jpg
4112,68.533333,,0,B,0.21843,0.13117,0.12176,0.01871,frames/frame_004112.jpg
4113,68.550000,,0,P,0.21844,0.13224,0.12242,0.02359,frames/frame_004113.jpg
4114,68.566667,,0,P,0.21918,0.13609,0.12022,0.02901,frames/frame_004114.jpg
4115,68.583333,,0,P,0.21965,0.13444,0.11968,0.03336,frames/frame_004115.jpg
4116,68.600000,,0,P,0.22073,0.13473,0.12038,0.03636,frames/frame_004116.jpg
4117,68.616667,,0,P,0.22277,0.13563,0.11907,0.03897,frames/frame_004117.jpg
4118,68.633333,,0,P,0.22481,0.13565,0.11999,0.03993,frames/frame_004118.jpg
4119,68.650000,,0,B,0.22643,0.13424,0.11989,0.03970,frames/frame_004119.jpg
4120,68.666667,,0,B,0.22650,0.13343,0.11923,0.03808,frames/frame_004120.jpg
4121,68.683333,,0,B,0.22732,0.13255,0.11940,0.03873,frames/frame_004121.jpg
4122,68.700000,,0,P,0.22687,0.13482,0.11919,0.04150,frames/frame_004122.jpg
4123,68.716667,,0,B,0.22803,0.13338,0.11684,0.04531,frames/frame_004123.jpg
4124,68.733333,,0,B,0.22764,0.13314,0.11663,0.04649,frames/frame_004124.jpg
4125,68.750000,,0,P,0.22471,0.13442,0.11692,0.04322,frames/frame_004125.jpg
4126,68.766667,,0,P,0.22421,0.13464,0.11436,0.03568,frames/frame_004126.jpg
4127,68.783333,,0,P,0.22424,0.13430,0.11172,0.02781,frames/frame_004127.jpg
4128,68.800000,,0,P,0.22354,0.13379,0.11107,0.03124,frames/frame_004128.jpg
4129,68.816667,,0,P,0.22388,0.13107,0.11038,0.03536,frames/frame_004129.jpg
4130,68.833333,,0,P,0.22468,0.12753,0.10864,0.03420,frames/frame_004130.jpg
4131,68.850000,,0,P,0.22333,0.12865,0.11196,0.03044,frames/frame_004131.jpg
4132,68.866667,,0,P,0.22280,0.12872,0.11410,0.02853,frames/frame_004132.jpg
4133,68.883333,,0,P,0.22319,0.12925,0.11503,0.03636,frames/frame_004133.jpg
4134,68.900000,,0,P,0.22469,0.12774,0.11861,0.04200,frames/frame_004134.jpg
4135,68.916667,,0,B,0.22575,0.13241,0.11996,0.04641,frames/frame_004135.jpg
4136,68.933333,,0,P,0.22821,0.13735,0.12226,0.04778,frames/frame_004136.jpg
4137,68.950000,,0,B,0.22622,0.13764,0.11874,0.04789,frames/frame_004137.jpg
4138,68.966667,,0,P,0.22271,0.13995,0.11809,0.04485,frames/frame_004138.jpg
4139,68.983333,,0,P,0.22077,0.14134,0.11020,0.04212,frames/frame_004139.jpg
4140,69.000000,,1,I,0.21944,0.16040,0.11565,0.04450,frames/frame_004140.jpg
4141,69.016667,,0,P,0.21699,0.16125,0.11411,0.03873,frames/frame_004141.jpg
4142,69.033333,,0,P,0.21428,0.16332,0.10561,0.03870,frames/frame_004142.jpg
4143,69.050000,,0,P,0.21145,0.16314,0.11364,0.03422,frames/frame_004143.jpg
4144,69.066667,,0,P,0.20753,0.16541,0.11523,0.03162,frames/frame_004144.jpg
4145,69.083333,,0,B,0.20550,0.16445,0.11302,0.02717,frames/frame_004145.jpg
4146,69.100000,,0,B,0.20473,0.16333,0.10802,0.02164,frames/frame_004146.jpg
4147,69.116667,,0,P,0.20347,0.16424,0.10828,0.01706,frames/frame_004147.jpg
4148,69.133333,,0,B,0.20364,0.16416,0.10886,0.01320,frames/frame_004148.jpg
4149,69.150000,,0,B,0.20319,0.16433,0.10885,0.00924,frames/frame_004149.jpg
4150,69.166667,,0,B,0.20323,0.16361,0.10770,0.00618,frames/frame_004150.jpg
4151,69.183333,,0,P,0.20274,0.16440,0.10881,0.00426,frames/frame_004151.jpg
4152,69.200000,,0,B,0.20346,0.16348,0.10871,0.00276,frames/frame_004152.jpg
4153,69.216667,,0,B,0.20389,0.16320,0.10930,0.00215,frames/frame_004153.jpg
4154,69.233333,,0,B,0.20431,0.16287,0.11004,0.00207,frames/frame_004154.jpg
4155,69.250000,,0,P,0.20408,0.16249,0.11051,0.00212,frames/frame_004155.jpg
4156,69.266667,,0,B,0.20501,0.16224,0.11094,0.00253,frames/frame_004156.jpg
4157,69.283333,,0,B,0.20535,0.16176,0.11126,0.00198,frames/frame_004157.jpg
4158,69.300000,,0,B,0.20591,0.16169,0.11066,0.00180,frames/frame_004158.jpg
4159,69.316667,,0,P,0.20554,0.16148,0.11008,0.00212,frames/frame_004159.jpg
4160,69.333333,,0,B,0.20704,0.16098,0.10975,0.00264,frames/frame_004160.jpg
4161,69.350000,,0,B,0.20772,0.16202,0.11012,0.00243,frames/frame_004161.jpg
4162,69.366667,,0,B,0.20968,0.16119,0.11051,0.00302,frames/frame_004162.jpg
4163,69.383333,,0,P,0.21109,0.16217,0.11103,0.00328,frames/frame_004163.jpg
4164,69.400000,,0,B,0.21294,0.16045,0.11131,0.00410,frames/frame_004164.jpg
4165,69.416667,,0,B,0.21350,0.15995,0.11159,0.00371,frames/frame_004165.jpg
4166,69.433333,,0,B,0.21403,0.15990,0.11287,0.00415,frames/frame_004166.jpg
4167,69.450000,,0,P,0.21330,0.16077,0.11291,0.00440,frames/frame_004167.jpg
4168,69.466667,,0,B,0.21396,0.16112,0.11310,0.00397,frames/frame_004168.jpg
4169,69.483333,,0,B,0.21308,0.16221,0.11335,0.00374,frames/frame_004169.jpg
4170,69.500000,,0,B,0.21135,0.16161,0.11357,0.00272,frames/frame_004170.jpg
4171,69.516667,,0,P,0.20897,0.16216,0.11309,0.00321,frames/frame_004171.jpg
4172,69.533333,,0,B,0.20934,0.16106,0.11316,0.00192,frames/frame_004172.jpg
4173,69.550000,,0,B,0.20901,0.16112,0.11304,0.00129,frames/frame_004173.jpg
4174,69.566667,,0,B,0.20929,0.16074,0.11267,0.00118,frames/frame_004174.jpg
4175,69.583333,,0,P,0.20864,0.16154,0.11245,0.00144,frames/frame_004175.jpg
4176,69.600000,,0,B,0.20915,0.16138,0.11243,0.00125,frames/frame_004176.jpg
4177,69.616667,,0,B,0.20899,0.16161,0.11240,0.00093,frames/frame_004177.jpg
4178,69.633333,,0,B,0.20932,0.16149,0.11217,0.00090,frames/frame_004178.jpg
4179,69.650000,,0,P,0.20874,0.16228,0.11182,0.00121,frames/frame_004179.jpg
4180,69.666667,,0,B,0.20911,0.16164,0.11178,0.00111,frames/frame_004180.jpg
4181,69.683333,,0,B,0.20898,0.16147,0.11157,0.00077,frames/frame_004181.jpg
4182,69.700000,,0,B,0.20910,0.16114,0.11159,0.00063,frames/frame_004182.jpg
4183,69.716667,,0,P,0.20849,0.15698,0.11153,0.00124,frames/frame_004183.jpg
4184,69.733333,,0,B,0.20858,0.15652,0.11138,0.00076,frames/frame_004184.jpg
4185,69.750000,,0,P,0.20828,0.15726,0.11144,0.00087,frames/frame_004185.jpg
4186,69.766667,,0,B,0.20825,0.15714,0.11143,0.00008,frames/frame_004186.jpg
4187,69.783333,,0,P,0.78530,0.06681,0.13293,0.58511,frames/frame_004187.jpg
4188,69.800000,,0,P,0.76580,0.06607,0.14443,0.09156,frames/frame_004188.jpg
4189,69.816667,,0,P,0.77453,0.06727,0.15075,0.08429,frames/frame_004189.jpg
4190,69.833333,,0,P,0.78407,0.06542,0.13935,0.07042,frames/frame_004190.jpg
4191,69.850000,,0,P,0.78346,0.06569,0.14360,0.05844,frames/frame_004191.jpg
4192,69.866667,,0,P,0.78306,0.06570,0.14307,0.05061,frames/frame_004192.jpg
4193,69.883333,,0,P,0.78423,0.06425,0.14443,0.04394,frames/frame_004193.jpg
4194,69.900000,,0,P,0.78220,0.06479,0.14645,0.03632,frames/frame_004194.jpg
4195,69.916667,,0,P,0.78252,0.06300,0.14768,0.03005,frames/frame_004195.jpg
4196,69.933333,,0,B,0.78473,0.06433,0.14309,0.02590,frames/frame_004196.jpg
4197,69.950000,,0,P,0.78236,0.06379,0.14752,0.02089,frames/frame_004197.jpg
4198,69.966667,,0,P,0.78345,0.06362,0.14488,0.01729,frames/frame_004198.jpg
4199,69.983333,,0,B,0.78435,0.06350,0.14484,0.01379,frames/frame_004199.jpg
4200,70.000000,,0,B,0.78296,0.06407,0.14679,0.01335,frames/frame_004200.jpg
4201,70.016667,,0,B,0.78389,0.06348,0.14470,0.01239,frames/frame_004201.jpg
4202,70.033333,,0,P,0.78604,0.06429,0.14089,0.00869,frames/frame_004202.jpg
4203,70.050000,,0,B,0.78421,0.06360,0.14295,0.00587,frames/frame_004203.jpg
4204,70.066667,,0,B,0.78308,0.06398,0.14334,0.00744,frames/frame_004204.jpg
4205,70.083333,,0,B,0.78321,0.06389,0.14282,0.00437,frames/frame_004205.jpg
4206,70.100000,,0,P,0.78271,0.06443,0.14253,0.00385,frames/frame_004206.jpg
4207,70.116667,,0,B,0.78381,0.06389,0.14175,0.00415,frames/frame_004207.jpg
4208,70.133333,,0,B,0.78330,0.06371,0.14232,0.00533,frames/frame_004208.jpg
4209,70.150000,,0,B,0.78371,0.06354,0.14138,0.00275,frames/frame_004209.jpg
4210,70.166667,,0,P,0.78266,0.06397,0.14173,0.00189,frames/frame_004210.jpg
4211,70.183333,,0,B,0.78281,0.06398,0.14178,0.00197,frames/frame_004211.jpg
4212,70.200000,,0,B,0.78283,0.06368,0.14197,0.00244,frames/frame_004212.jpg
4213,70.216667,,0,B,0.78264,0.06375,0.14236,0.00303,frames/frame_004213.jpg
4214,70.233333,,0,P,0.78206,0.06425,0.14274,0.00231,frames/frame_004214.jpg
4215,70.250000,,0,B,0.78241,0.06380,0.14278,0.00198,frames/frame_004215.jpg
4216,70.266667,,0,B,0.78232,0.06349,0.14243,0.00488,frames/frame_004216.jpg
4217,70.283333,,0,B,0.78216,0.06315,0.14283,0.00152,frames/frame_004217.jpg
4218,70.300000,,0,P,0.78169,0.06398,0.14327,0.00146,frames/frame_004218.jpg
4219,70.316667,,0,B,0.78217,0.06314,0.14285,0.00166,frames/frame_004219.jpg
4220,70.333333,,0,B,0.78234,0.06368,0.14311,0.00435,frames/frame_004220.jpg
4221,70.350000,,0,B,0.78180,0.06350,0.14348,0.00197,frames/frame_004221.jpg
4222,70.366667,,0,P,0.78210,0.06426,0.14312,0.00294,frames/frame_004222.jpg
4223,70.383333,,0,B,0.78172,0.06333,0.14302,0.00230,frames/frame_004223.jpg
4224,70.400000,,0,P,0.78142,0.06365,0.14322,0.00093,frames/frame_004224.jpg
4225,70.416667,,0,P,0.78144,0.06333,0.14329,0.00142,frames/frame_004225.jpg
4226,70.433333,,0,B,0.78146,0.06348,0.14336,0.00072,frames/frame_004226.jpg
4227,70.450000,,0,B,0.78168,0.06327,0.14341,0.00073,frames/frame_004227.jpg
4228,70.466667,,0,P,0.78152,0.06395,0.14328,0.00068,frames/frame_004228.jpg
4229,70.483333,,0,B,0.78159,0.06392,0.14326,0.00033,frames/frame_004229.jpg
4230,70.500000,,0,B,0.78141,0.06316,0.14019,0.02038,frames/frame_004230.jpg
4231,70.516667,,0,P,0.77913,0.06301,0.14295,0.01900,frames/frame_004231.jpg
4232,70.533333,,0,B,0.77660,0.06398,0.14775,0.00786,frames/frame_004232.jpg
4233,70.550000,,0,P,0.77581,0.06412,0.14845,0.00151,frames/frame_004233.jpg
4234,70.566667,,0,P,0.77582,0.06307,0.14651,0.01863,frames/frame_004234.jpg
4235,70.583333,,0,P,0.77346,0.06300,0.15065,0.01071,frames/frame_004235.jpg
4236,70.600000,,0,B,0.77312,0.06335,0.14991,0.00296,frames/frame_004236.jpg
4237,70.616667,,0,B,0.77714,0.06341,0.14414,0.01127,frames/frame_004237.jpg
4238,70.633333,,0,B,0.77372,0.06295,0.14809,0.01742,frames/frame_004238.jpg
4239,70.650000,,0,P,0.77069,0.06312,0.14891,0.00944,frames/frame_004239.jpg
4240,70.666667,,0,B,0.77023,0.06312,0.14885,0.00168,frames/frame_004240.jpg
4241,70.683333,,0,B,0.77496,0.06275,0.14298,0.01760,frames/frame_004241.jpg
4242,70.700000,,0,B,0.77005,0.06281,0.14711,0.01504,frames/frame_004242.jpg
4243,70.716667,,0,P,0.76774,0.06375,0.15059,0.00590,frames/frame_004243.jpg
4244,70.733333,,0,B,0.76782,0.06346,0.15069,0.00147,frames/frame_004244.jpg
4245,70.750000,,0,P,0.76671,0.06440,0.15091,0.01761,frames/frame_004245.jpg
4246,70.766667,,0,P,0.76578,0.06460,0.15212,0.01148,frames/frame_004246.jpg
4247,70.783333,,0,B,0.76499,0.06387,0.15300,0.00375,frames/frame_004247.jpg
4248,70.800000,,0,B,0.76968,0.06363,0.14581,0.00999,frames/frame_004248.jpg
4249,70.816667,,0,P,0.76412,0.06408,0.15358,0.01892,frames/frame_004249.jpg
4250,70.833333,,0,B,0.76307,0.06370,0.15345,0.00826,frames/frame_004250.jpg
4251,70.850000,,0,B,0.76307,0.06402,0.15384,0.00260,frames/frame_004251.jpg
4252,70.866667,,0,B,0.76247,0.06412,0.15083,0.01624,frames/frame_004252.jpg
4253,70.883333,,0,P,0.76302,0.06460,0.14966,0.01728,frames/frame_004253.jpg
4254,70.900000,,0,B,0.76107,0.06452,0.15180,0.00601,frames/frame_004254.jpg
4255,70.916667,,0,B,0.76176,0.06480,0.14610,0.02132,frames/frame_004255.jpg
4256,70.933333,,0,B,0.76968,0.06132,0.12882,0.05932,frames/frame_004256.jpg
4257,70.950000,,0,P,0.77093,0.06330,0.12777,0.08236,frames/frame_004257.jpg
4258,70.966667,,0,P,0.81198,0.06242,0.10597,0.09610,frames/frame_004258.jpg
4259,70.983333,,0,P,0.84025,0.06228,0.09017,0.07354,frames/frame_004259.jpg
4260,71.000000,,0,P,0.84558,0.06057,0.09444,0.05448,frames/frame_004260.jpg
4261,71.016667,,0,P,0.84710,0.05975,0.10877,0.04291,frames/frame_004261.jpg
4262,71.033333,,0,P,0.85529,0.05915,0.09476,0.02468,frames/frame_004262.jpg
4263,71.050000,,0,B,0.85396,0.05923,0.09917,0.00828,frames/frame_004263.jpg
4264,71.066667,,0,P,0.85354,0.05930,0.10003,0.00103,frames/frame_004264.jpg
4265,71.083333,,0,P,0.85331,0.05934,0.10063,0.00072,frames/frame_004265.jpg
4266,71.100000,,0,P,0.85323,0.05837,0.10103,0.00136,frames/frame_004266.jpg
4267,71.116667,,0,B,0.85316,0.05843,0.10108,0.00050,frames/frame_004267.jpg
4268,71.133333,,0,B,0.81940,0.07652,0.10383,0.06261,frames/frame_004268.jpg
4269,71.150000,,0,P,0.82103,0.07610,0.11188,0.01545,frames/frame_004269.jpg
4270,71.166667,,0,B,0.81137,0.08027,0.13582,0.02947,frames/frame_004270.jpg
4271,71.183333,,0,B,0.81867,0.07504,0.11580,0.02662,frames/frame_004271.jpg
4272,71.200000,,0,B,0.81392,0.07707,0.12897,0.02176,frames/frame_004272.jpg
4273,71.216667,,0,P,0.80873,0.08107,0.13961,0.00875,frames/frame_004273.jpg
4274,71.233333,,0,B,0.81958,0.07459,0.12062,0.01888,frames/frame_004274.jpg
4275,71.250000,,0,B,0.81580,0.07752,0.12876,0.00809,frames/frame_004275.jpg
4276,71.266667,,0,B,0.81704,0.07625,0.12744,0.00358,frames/frame_004276.jpg
4277,71.283333,,0,P,0.81221,0.07921,0.13439,0.01118,frames/frame_004277.jpg
4278,71.300000,,0,B,0.81732,0.07609,0.12799,0.01220,frames/frame_004278.jpg
4279,71.316667,,0,B,0.81465,0.07771,0.13217,0.00557,frames/frame_004279.jpg
4280,71.333333,,0,B,0.81454,0.07830,0.13281,0.00424,frames/frame_004280.jpg
4281,71.350000,,0,P,0.81344,0.07936,0.13465,0.00315,frames/frame_004281.jpg
4282,71.366667,,0,B,0.80813,0.08163,0.14458,0.00831,frames/frame_004282.jpg
4283,71.383333,,0,B,0.80832,0.08161,0.14400,0.00334,frames/frame_004283.jpg
4284,71.400000,,0,B,0.80996,0.08086,0.14115,0.00438,frames/frame_004284.jpg
4285,71.416667,,0,P,0.81323,0.07909,0.13650,0.00588,frames/frame_004285.jpg
4286,71.433333,,0,P,0.81104,0.08053,0.13989,0.00361,frames/frame_004286.jpg
4287,71.450000,,0,B,0.80869,0.08116,0.14410,0.00420,frames/frame_004287.jpg
4288,71.466667,,0,B,0.80891,0.08110,0.14365,0.00190,frames/frame_004288.jpg
4289,71.483333,,0,B,0.81016,0.08086,0.14219,0.00335,frames/frame_004289.jpg
4290,71.500000,,0,P,0.80903,0.08127,0.14340,0.00449,frames/frame_004290.jpg
4291,71.516667,,0,B,0.80879,0.08158,0.14422,0.00285,frames/frame_004291.jpg
4292,71.533333,,0,B,0.80857,0.08155,0.14478,0.00182,frames/frame_004292.jpg
4293,71.550000,,0,B,0.81026,0.08075,0.14267,0.00329,frames/frame_004293.jpg
4294,71.566667,,0,P,0.80871,0.08161,0.14448,0.00278,frames/frame_004294.jpg
4295,71.583333,,0,B,0.80810,0.08146,0.14573,0.00276,frames/frame_004295.jpg
4296,71.600000,,0,B,0.80749,0.08162,0.14671,0.00175,frames/frame_004296.jpg
4297,71.616667,,0,B,0.80856,0.08136,0.14558,0.00261,frames/frame_004297.jpg
4298,71.633333,,0,P,0.80808,0.08199,0.14602,0.00155,frames/frame_004298.jpg
4299,71.650000,,0,B,0.80793,0.08167,0.14642,0.00174,frames/frame_004299.jpg
4300,71.666667,,0,B,0.80718,0.08211,0.14755,0.00168,frames/frame_004300.jpg
4301,71.683333,,0,B,0.80691,0.08231,0.14825,0.00142,frames/frame_004301.jpg
4302,71.700000,,0,P,0.80634,0.08304,0.14875,0.00167,frames/frame_004302.jpg
4303,71.716667,,0,B,0.80665,0.08272,0.14852,0.00152,frames/frame_004303.jpg
4304,71.733333,,0,B,0.80635,0.08309,0.14877,0.00138,frames/frame_004304.jpg
4305,71.750000,,0,B,0.80633,0.08275,0.14878,0.00136,frames/frame_004305.jpg
4306,71.766667,,0,P,0.80578,0.08309,0.14937,0.00161,frames/frame_004306.jpg
4307,71.783333,,0,B,0.80606,0.08263,0.14908,0.00155,frames/frame_004307.jpg
4308,71.800000,,0,B,0.80593,0.08295,0.14911,0.00135,frames/frame_004308.jpg
4309,71.816667,,0,B,0.80595,0.08260,0.14918,0.00143,frames/frame_004309.jpg
4310,71.833333,,0,P,0.80545,0.08251,0.14963,0.00158,frames/frame_004310.jpg
4311,71.850000,,0,B,0.80581,0.08236,0.14941,0.00158,frames/frame_004311.jpg
4312,71.866667,,0,B,0.80548,0.08273,0.14960,0.00151,frames/frame_004312.jpg
4313,71.883333,,0,B,0.80559,0.08276,0.14938,0.00133,frames/frame_004313.jpg
4314,71.900000,,0,P,0.80509,0.08285,0.14980,0.00163,frames/frame_004314.jpg
4315,71.916667,,0,B,0.80536,0.08233,0.14977,0.00173,frames/frame_004315.jpg
4316,71.933333,,0,B,0.80516,0.08254,0.14991,0.00141,frames/frame_004316.jpg
4317,71.950000,,0,B,0.80520,0.08231,0.14977,0.00132,frames/frame_004317.jpg
4318,71.966667,,0,P,0.80479,0.08285,0.15012,0.00153,frames/frame_004318.jpg
4319,71.983333,,0,P,0.80465,0.08394,0.15001,0.00253,frames/frame_004319.jpg
4320,72.000000,,1,I,0.80463,0.08733,0.15104,0.00397,frames/frame_004320.jpg
4321,72.016667,,0,P,0.81180,0.08317,0.11723,0.06282,frames/frame_004321.jpg
4322,72.033333,,0,P,0.82259,0.11384,0.11624,0.08493,frames/frame_004322.jpg
4323,72.050000,,0,P,0.82707,0.11306,0.12094,0.06198,frames/frame_004323.jpg
4324,72.066667,,0,P,0.83109,0.10404,0.12881,0.05456,frames/frame_004324.jpg
4325,72.083333,,0,P,0.84400,0.08929,0.11541,0.04344,frames/frame_004325.jpg
4326,72.100000,,0,P,0.84603,0.08762,0.11154,0.02920,frames/frame_004326.jpg
4327,72.116667,,0,P,0.84581,0.08724,0.11061,0.02309,frames/frame_004327.jpg
4328,72.133333,,0,P,0.84517,0.08713,0.10983,0.01780,frames/frame_004328.jpg
4329,72.150000,,0,B,0.84560,0.08654,0.10846,0.01338,frames/frame_004329.jpg
4330,72.166667,,0,P,0.84553,0.08661,0.11199,0.00937,frames/frame_004330.jpg
4331,72.183333,,0,B,0.84584,0.08679,0.11175,0.00683,frames/frame_004331.jpg
4332,72.200000,,0,P,0.84551,0.08675,0.11153,0.00522,frames/frame_004332.jpg
4333,72.216667,,0,B,0.84590,0.08658,0.11226,0.00415,frames/frame_004333.jpg
4334,72.233333,,0,B,0.84577,0.08663,0.11316,0.00305,frames/frame_004334.jpg
4335,72.250000,,0,B,0.84588,0.08638,0.11381,0.00239,frames/frame_004335.jpg
4336,72.266667,,0,P,0.84542,0.08656,0.11483,0.00226,frames/frame_004336.jpg
4337,72.283333,,0,B,0.84571,0.08632,0.11516,0.00189,frames/frame_004337.jpg
4338,72.300000,,0,B,0.84548,0.08642,0.11589,0.00171,frames/frame_004338.jpg
4339,72.316667,,0,B,0.84567,0.08630,0.11604,0.00193,frames/frame_004339.jpg
4340,72.333333,,0,P,0.84521,0.08648,0.11631,0.00161,frames/frame_004340.jpg
4341,72.350000,,0,B,0.84533,0.08632,0.11683,0.00171,frames/frame_004341.jpg
4342,72.366667,,0,B,0.84526,0.08641,0.11692,0.00140,frames/frame_004342.jpg
4343,72.383333,,0,B,0.84532,0.08619,0.11671,0.00145,frames/frame_004343.jpg
4344,72.400000,,0,P,0.84492,0.08642,0.11710,0.00156,frames/frame_004344.jpg
4345,72.416667,,0,B,0.84526,0.08621,0.11701,0.00161,frames/frame_004345.jpg
4346,72.433333,,0,B,0.84511,0.08625,0.11708,0.00137,frames/frame_004346.jpg
4347,72.450000,,0,B,0.84520,0.08621,0.11689,0.00133,frames/frame_004347.jpg
4348,72.466667,,0,P,0.84487,0.08649,0.11726,0.00150,frames/frame_004348.jpg
4349,72.483333,,0,B,0.84535,0.08608,0.11677,0.00157,frames/frame_004349.jpg
4350,72.500000,,0,B,0.84508,0.08613,0.11710,0.00144,frames/frame_004350.jpg
4351,72.516667,,0,B,0.84527,0.08606,0.11689,0.00133,frames/frame_004351.jpg
4352,72.533333,,0,P,0.84495,0.08634,0.11699,0.00148,frames/frame_004352.jpg
4353,72.550000,,0,B,0.84548,0.08587,0.11679,0.00179,frames/frame_004353.jpg
4354,72.566667,,0,B,0.84531,0.08611,0.11681,0.00148,frames/frame_004354.jpg
4355,72.583333,,0,B,0.84551,0.08601,0.11655,0.00136,frames/frame_004355.jpg
4356,72.600000,,0,P,0.84501,0.08631,0.11697,0.00184,frames/frame_004356.jpg
4357,72.616667,,0,B,0.84547,0.08607,0.11660,0.00147,frames/frame_004357.jpg
4358,72.633333,,0,B,0.84529,0.08622,0.11683,0.00135,frames/frame_004358.jpg
4359,72.650000,,0,B,0.84533,0.08624,0.11683,0.00130,frames/frame_004359.jpg
4360,72.666667,,0,P,0.84496,0.08664,0.11705,0.00147,frames/frame_004360.jpg
4361,72.683333,,0,B,0.84528,0.08614,0.11710,0.00141,frames/frame_004361.jpg
4362,72.700000,,0,B,0.84520,0.08628,0.11735,0.00135,frames/frame_004362.jpg
4363,72.716667,,0,B,0.84542,0.08612,0.11706,0.00135,frames/frame_004363.jpg
4364,72.733333,,0,P,0.84504,0.08645,0.11748,0.00149,frames/frame_004364.jpg
4365,72.750000,,0,B,0.84517,0.08632,0.11729,0.00135,frames/frame_004365.jpg
4366,72.766667,,0,B,0.84530,0.08625,0.11701,0.00137,frames/frame_004366.jpg
4367,72.783333,,0,P,0.84519,0.08646,0.11612,0.00482,frames/frame_004367.jpg
4368,72.800000,,0,P,0.84614,0.08599,0.11227,0.01752,frames/frame_004368.jpg
4369,72.816667,,0,B,0.84570,0.08569,0.10846,0.02889,frames/frame_004369.jpg
4370,72.833333,,0,B,0.83082,0.10065,0.13284,0.04692,frames/frame_004370.jpg
4371,72.850000,,0,P,0.82358,0.11330,0.12195,0.05999,frames/frame_004371.jpg
4372,72.866667,,0,P,0.81942,0.11347,0.11969,0.06526,frames/frame_004372.jpg
4373,72.883333,,0,P,0.78004,0.10801,0.12745,0.09107,frames/frame_004373.jpg
4374,72.900000,,0,P,0.80235,0.08967,0.14665,0.08663,frames/frame_004374.jpg
4375,72.916667,,0,P,0.81322,0.08280,0.14139,0.04995,frames/frame_004375.jpg
4376,72.933333,,0,B,0.81438,0.08235,0.13295,0.02355,frames/frame_004376.jpg
4377,72.950000,,0,B,0.81426,0.08235,0.13715,0.00831,frames/frame_004377.jpg
4378,72.966667,,0,B,0.81834,0.07810,0.12815,0.02226,frames/frame_004378.jpg
4379,72.983333,,0,P,0.81708,0.07868,0.12728,0.01741,frames/frame_004379.jpg
4380,73.000000,,0,B,0.81334,0.07961,0.13534,0.00646,frames/frame_004380.jpg
4381,73.016667,,0,B,0.81396,0.07896,0.13311,0.00330,frames/frame_004381.jpg
4382,73.033333,,0,B,0.81519,0.07839,0.13123,0.00529,frames/frame_004382.jpg
4383,73.050000,,0,P,0.81527,0.07930,0.12997,0.00468,frames/frame_004383.jpg
4384,73.066667,,0,P,0.81419,0.07980,0.13166,0.00251,frames/frame_004384.jpg
4385,73.083333,,0,B,0.80988,0.08181,0.13803,0.00573,frames/frame_004385.jpg
4386,73.100000,,0,B,0.81128,0.08133,0.13757,0.00385,frames/frame_004386.jpg
4387,73.116667,,0,B,0.81199,0.08074,0.13655,0.00205,frames/frame_004387.jpg
4388,73.133333,,0,P,0.81162,0.08140,0.13651,0.00192,frames/frame_004388.jpg
4389,73.150000,,0,B,0.81124,0.08108,0.13716,0.00172,frames/frame_004389.jpg
4390,73.166667,,0,B,0.81004,0.08200,0.13847,0.00222,frames/frame_004390.jpg
4391,73.183333,,0,B,0.80994,0.08172,0.13886,0.00189,frames/frame_004391.jpg
4392,73.200000,,0,P,0.80974,0.08231,0.13899,0.00163,frames/frame_004392.jpg
4393,73.216667,,0,B,0.80980,0.08181,0.13922,0.00153,frames/frame_004393.jpg
4394,73.233333,,0,B,0.80940,0.08215,0.13962,0.00135,frames/frame_004394.jpg
4395,73.250000,,0,B,0.80937,0.08211,0.13951,0.00131,frames/frame_004395.jpg
4396,73.266667,,0,P,0.80892,0.08246,0.14020,0.00151,frames/frame_004396.jpg
4397,73.283333,,0,B,0.80910,0.08177,0.14005,0.00166,frames/frame_004397.jpg
4398,73.300000,,0,B,0.80879,0.08191,0.14056,0.00152,frames/frame_004398.jpg
4399,73.316667,,0,B,0.80879,0.08205,0.14069,0.00133,frames/frame_004399.jpg
4400,73.333333,,0,P,0.80833,0.08234,0.14145,0.00164,frames/frame_004400.jpg
4401,73.350000,,0,B,0.80860,0.08200,0.14121,0.00165,frames/frame_004401.jpg
4402,73.366667,,0,B,0.80834,0.08290,0.14174,0.00150,frames/frame_004402.jpg
4403,73.383333,,0,B,0.80839,0.08231,0.14175,0.00147,frames/frame_004403.jpg
4404,73.400000,,0,P,0.80793,0.08252,0.14266,0.00172,frames/frame_004404.jpg
4405,73.416667,,0,B,0.80821,0.08269,0.14272,0.00163,frames/frame_004405.jpg
4406,73.433333,,0,B,0.80796,0.08271,0.14335,0.00145,frames/frame_004406.jpg
4407,73.450000,,0,B,0.80805,0.08225,0.14368,0.00151,frames/frame_004407.jpg
4408,73.466667,,0,P,0.80759,0.08306,0.14489,0.00167,frames/frame_004408.jpg
4409,73.483333,,0,B,0.80780,0.08239,0.14522,0.00184,frames/frame_004409.jpg
4410,73.500000,,0,B,0.80750,0.08267,0.14603,0.00165,frames/frame_004410.jpg
4411,73.516667,,0,B,0.80759,0.08264,0.14647,0.00153,frames/frame_004411.jpg
4412,73.533333,,0,P,0.80707,0.08294,0.14767,0.00174,frames/frame_004412.jpg
4413,73.550000,,0,B,0.80738,0.08313,0.14783,0.00176,frames/frame_004413.jpg
4414,73.566667,,0,B,0.80713,0.08244,0.14843,0.00151,frames/frame_004414.jpg
4415,73.583333,,0,B,0.80723,0.08331,0.14905,0.00154,frames/frame_004415.jpg
4416,73.600000,,0,P,0.80669,0.08343,0.14980,0.00170,frames/frame_004416.jpg
4417,73.616667,,0,B,0.80696,0.08253,0.15048,0.00326,frames/frame_004417.jpg
4418,73.633333,,0,B,0.80690,0.08261,0.15122,0.00248,frames/frame_004418.jpg
4419,73.650000,,0,B,0.80702,0.08297,0.15111,0.00332,frames/frame_004419.jpg
4420,73.666667,,0,P,0.80664,0.08349,0.15035,0.00495,frames/frame_004420.jpg
4421,73.683333,,0,B,0.80709,0.08219,0.14680,0.00782,frames/frame_004421.jpg
4422,73.700000,,0,B,0.80720,0.08252,0.14274,0.01277,frames/frame_004422.jpg
4423,73.716667,,0,B,0.80797,0.08225,0.15042,0.02022,frames/frame_004423.jpg
4424,73.733333,,0,P,0.80841,0.08214,0.14266,0.03237,frames/frame_004424.jpg
4425,73.750000,,0,P,0.81027,0.08173,0.14230,0.04824,frames/frame_004425.jpg
4426,73.766667,,0,B,0.81352,0.08021,0.11845,0.06503,frames/frame_004426.jpg
4427,73.783333,,0,P,0.82204,0.09418,0.12275,0.06178,frames/frame_004427.jpg
4428,73.800000,,0,P,0.83357,0.10512,0.09283,0.05985,frames/frame_004428.jpg
4429,73.816667,,0,P,0.83300,0.11501,0.07298,0.05792,frames/frame_004429.jpg
4430,73.833333,,0,P,0.84562,0.09483,0.05767,0.05733,frames/frame_004430.jpg
4431,73.850000,,0,P,0.85786,0.06108,0.05737,0.03622,frames/frame_004431.jpg
4432,73.866667,,0,P,0.84857,0.06253,0.06095,0.02336,frames/frame_004432.jpg
4433,73.883333,,0,P,0.84423,0.06239,0.06732,0.02576,frames/frame_004433.jpg
4434,73.900000,,0,P,0.84440,0.06217,0.07432,0.02411,frames/frame_004434.jpg
4435,73.916667,,0,P,0.84816,0.06202,0.09181,0.02343,frames/frame_004435.jpg
4436,73.933333,,0,P,0.85761,0.06121,0.07918,0.01950,frames/frame_004436.jpg
4437,73.950000,,0,P,0.85692,0.06123,0.08199,0.01068,frames/frame_004437.jpg
4438,73.966667,,0,P,0.85652,0.06136,0.08323,0.00783,frames/frame_004438.jpg
4439,73.983333,,0,B,0.85778,0.06034,0.08528,0.00656,frames/frame_004439.jpg
4440,74.000000,,0,B,0.85634,0.05743,0.08743,0.00492,frames/frame_004440.jpg
4441,74.016667,,0,B,0.85670,0.05754,0.08706,0.00265,frames/frame_004441.jpg
4442,74.033333,,0,P,0.85564,0.05592,0.08748,0.00329,frames/frame_004442.jpg
4443,74.050000,,0,B,0.85642,0.05598,0.08684,0.00154,frames/frame_004443.jpg
4444,74.066667,,0,B,0.85269,0.05613,0.09232,0.00527,frames/frame_004444.jpg
4445,74.083333,,0,B,0.85283,0.05626,0.09209,0.00094,frames/frame_004445.jpg
4446,74.100000,,0,P,0.85244,0.05614,0.09242,0.00109,frames/frame_004446.jpg
4447,74.116667,,0,B,0.85299,0.05627,0.09198,0.00119,frames/frame_004447.jpg
4448,74.133333,,0,B,0.84758,0.06143,0.09982,0.00634,frames/frame_004448.jpg
4449,74.150000,,0,B,0.84778,0.06140,0.09977,0.00098,frames/frame_004449.jpg
4450,74.166667,,0,P,0.84740,0.06144,0.10000,0.00117,frames/frame_004450.jpg
4451,74.183333,,0,B,0.84594,0.06165,0.10225,0.00324,frames/frame_004451.jpg
4452,74.200000,,0,B,0.84586,0.06166,0.10216,0.00101,frames/frame_004452.jpg
4453,74.216667,,0,B,0.84600,0.06167,0.10217,0.00099,frames/frame_004453.jpg
4454,74.233333,,0,P,0.84570,0.06163,0.10252,0.00121,frames/frame_004454.jpg
4455,74.250000,,0,B,0.84153,0.06211,0.10785,0.00577,frames/frame_004455.jpg
4456,74.266667,,0,B,0.84148,0.06209,0.10798,0.00108,frames/frame_004456.jpg
4457,74.283333,,0,B,0.84161,0.06223,0.10781,0.00102,frames/frame_004457.jpg
4458,74.300000,,0,P,0.84026,0.06218,0.10937,0.00221,frames/frame_004458.jpg
4459,74.316667,,0,B,0.83821,0.06250,0.11195,0.00377,frames/frame_004459.jpg
4460,74.333333,,0,B,0.83817,0.06254,0.11216,0.00106,frames/frame_004460.jpg
4461,74.350000,,0,B,0.83834,0.06285,0.11193,0.00111,frames/frame_004461.jpg
4462,74.366667,,0,P,0.83603,0.06289,0.11506,0.00321,frames/frame_004462.jpg
4463,74.383333,,0,B,0.83657,0.06289,0.11481,0.00135,frames/frame_004463.jpg
4464,74.400000,,0,B,0.83648,0.06283,0.11504,0.00111,frames/frame_004464.jpg
4465,74.416667,,0,B,0.83664,0.06315,0.11480,0.00109,frames/frame_004465.jpg
4466,74.433333,,0,P,0.83231,0.06348,0.12065,0.00522,frames/frame_004466.jpg
4467,74.450000,,0,B,0.83275,0.06340,0.12027,0.00139,frames/frame_004467.jpg
4468,74.466667,,0,B,0.83267,0.06308,0.12033,0.00110,frames/frame_004468.jpg
4469,74.483333,,0,B,0.83279,0.06307,0.12027,0.00119,frames/frame_004469.jpg
4470,74.500000,,0,P,0.83224,0.06337,0.12037,0.00152,frames/frame_004470.jpg
4471,74.516667,,0,B,0.83275,0.06296,0.11996,0.00134,frames/frame_004471.jpg
4472,74.533333,,0,B,0.83262,0.06293,0.12001,0.00110,frames/frame_004472.jpg
4473,74.550000,,0,B,0.83287,0.06291,0.11981,0.00111,frames/frame_004473.jpg
4474,74.566667,,0,P,0.83253,0.06308,0.11972,0.00130,frames/frame_004474.jpg
4475,74.583333,,0,B,0.83302,0.06295,0.11931,0.00136,frames/frame_004475.jpg
4476,74.600000,,0,B,0.83296,0.06291,0.11920,0.00110,frames/frame_004476.jpg
4477,74.616667,,0,B,0.83314,0.06287,0.11897,0.00110,frames/frame_004477.jpg
4478,74.633333,,0,P,0.83279,0.06275,0.11914,0.00130,frames/frame_004478.jpg
4479,74.650000,,0,B,0.83342,0.06355,0.11881,0.00179,frames/frame_004479.jpg
4480,74.666667,,0,B,0.83332,0.06379,0.11877,0.00113,frames/frame_004480.jpg
4481,74.683333,,0,B,0.83348,0.06364,0.11867,0.00110,frames/frame_004481.jpg
4482,74.700000,,0,P,0.83296,0.06384,0.11893,0.00166,frames/frame_004482.jpg
4483,74.716667,,0,B,0.83345,0.06382,0.11843,0.00133,frames/frame_004483.jpg
4484,74.733333,,0,B,0.83337,0.06368,0.11862,0.00110,frames/frame_004484.jpg
4485,74.750000,,0,B,0.83361,0.06368,0.11845,0.00110,frames/frame_004485.jpg
4486,74.766667,,0,P,0.83327,0.06390,0.11881,0.00135,frames/frame_004486.jpg
4487,74.783333,,0,B,0.83363,0.06375,0.11846,0.00129,frames/frame_004487.jpg
4488,74.800000,,0,B,0.83348,0.06387,0.11851,0.00117,frames/frame_004488.jpg
4489,74.816667,,0,B,0.83359,0.06385,0.11848,0.00099,frames/frame_004489.jpg
4490,74.833333,,0,P,0.82341,0.06556,0.11558,0.03772,frames/frame_004490.jpg
4491,74.850000,,0,P,0.82261,0.06662,0.12121,0.03890,frames/frame_004491.jpg
4492,74.866667,,0,B,0.83472,0.06501,0.11185,0.03161,frames/frame_004492.jpg
4493,74.883333,,0,B,0.83469,0.06496,0.11177,0.01979,frames/frame_004493.jpg
4494,74.900000,,0,P,0.83342,0.06573,0.11580,0.01279,frames/frame_004494.jpg
4495,74.916667,,0,B,0.83272,0.06673,0.11727,0.00870,frames/frame_004495.jpg
4496,74.933333,,0,B,0.83209,0.06750,0.11618,0.00543,frames/frame_004496.jpg
4497,74.950000,,0,B,0.83097,0.06814,0.11795,0.00513,frames/frame_004497.jpg
4498,74.966667,,0,P,0.83019,0.06866,0.12004,0.00425,frames/frame_004498.jpg
4499,74.983333,,0,P,0.83029,0.06851,0.11932,0.00287,frames/frame_004499.jpg
4500,75.000000,,1,I,0.83045,0.07031,0.12214,0.00601,frames/frame_004500.jpg
4501,75.016667,,0,B,0.83046,0.07036,0.12255,0.00141,frames/frame_004501.jpg
4502,75.033333,,0,B,0.83080,0.07021,0.12227,0.00113,frames/frame_004502.jpg
4503,75.050000,,0,P,0.83069,0.07019,0.12257,0.00104,frames/frame_004503.jpg
4504,75.066667,,0,B,0.83070,0.07020,0.12258,0.00048,frames/frame_004504.jpg
4505,75.083333,,0,B,0.82950,0.07295,0.12445,0.00186,frames/frame_004505.jpg
4506,75.100000,,0,P,0.82946,0.07298,0.12450,0.00053,frames/frame_004506.jpg
4507,75.116667,,0,P,0.82930,0.07290,0.12448,0.00086,frames/frame_004507.jpg
4508,75.133333,,0,B,0.82919,0.07296,0.12466,0.00067,frames/frame_004508.jpg
4509,75.150000,,0,B,0.82957,0.07203,0.12409,0.00233,frames/frame_004509.jpg
4510,75.166667,,0,P,0.82950,0.07188,0.12418,0.00050,frames/frame_004510.jpg
4511,75.183333,,0,P,0.82939,0.07187,0.12437,0.00084,frames/frame_004511.jpg
4512,75.200000,,0,B,0.82944,0.07191,0.12433,0.00021,frames/frame_004512.jpg
4513,75.216667,,0,B,0.82942,0.07189,0.12430,0.00018,frames/frame_004513.jpg
4514,75.233333,,0,B,0.82334,0.07595,0.12478,0.03790,frames/frame_004514.jpg
4515,75.250000,,0,P,0.81893,0.07658,0.12916,0.04209,frames/frame_004515.jpg
4516,75.266667,,0,P,0.83488,0.07093,0.11913,0.03434,frames/frame_004516.jpg
4517,75.283333,,0,B,0.83451,0.07098,0.11969,0.02026,frames/frame_004517.jpg
4518,75.300000,,0,P,0.83389,0.07118,0.11999,0.01252,frames/frame_004518.jpg
4519,75.316667,,0,B,0.83398,0.07196,0.11985,0.00930,frames/frame_004519.jpg
4520,75.333333,,0,B,0.83371,0.07289,0.11949,0.00715,frames/frame_004520.jpg
4521,75.350000,,0,B,0.83418,0.07285,0.11782,0.00607,frames/frame_004521.jpg
4522,75.366667,,0,P,0.83355,0.07297,0.11858,0.00388,frames/frame_004522.jpg
4523,75.383333,,0,B,0.83305,0.07344,0.11959,0.00314,frames/frame_004523.jpg
4524,75.400000,,0,B,0.83313,0.07352,0.11905,0.00276,frames/frame_004524.jpg
4525,75.416667,,0,B,0.83310,0.07364,0.11926,0.00181,frames/frame_004525.jpg
4526,75.433333,,0,P,0.83265,0.07335,0.11960,0.00164,frames/frame_004526.jpg
4527,75.450000,,0,B,0.83299,0.07340,0.11933,0.00133,frames/frame_004527.jpg
4528,75.466667,,0,P,0.83274,0.07352,0.11958,0.00114,frames/frame_004528.jpg
4529,75.483333,,0,P,0.83108,0.07722,0.12312,0.00342,frames/frame_004529.jpg
4530,75.500000,,0,B,0.83096,0.07702,0.12346,0.00142,frames/frame_004530.jpg
4531,75.516667,,0,B,0.83078,0.07709,0.12380,0.00108,frames/frame_004531.jpg
4532,75.533333,,0,B,0.83081,0.07695,0.12376,0.00096,frames/frame_004532.jpg
4533,75.550000,,0,P,0.83091,0.07570,0.12393,0.00264,frames/frame_004533.jpg
4534,75.566667,,0,B,0.83108,0.07557,0.12385,0.00111,frames/frame_004534.jpg
4535,75.583333,,0,P,0.83079,0.07548,0.12411,0.00120,frames/frame_004535.jpg
4536,75.600000,,0,P,0.83078,0.07578,0.12415,0.00123,frames/frame_004536.jpg
4537,75.616667,,0,P,0.83083,0.07572,0.12409,0.00059,frames/frame_004537.jpg
4538,75.633333,,0,P,0.83078,0.07565,0.12409,0.00061,frames/frame_004538.jpg
4539,75.650000,,0,B,0.83662,0.07312,0.11731,0.02513,frames/frame_004539.jpg
4540,75.666667,,0,B,0.83613,0.07264,0.11715,0.02522,frames/frame_004540.jpg
4541,75.683333,,0,B,0.83871,0.07130,0.11639,0.01778,frames/frame_004541.jpg
4542,75.700000,,0,P,0.83796,0.07139,0.11397,0.01233,frames/frame_004542.jpg
4543,75.716667,,0,B,0.83800,0.07154,0.11314,0.00637,frames/frame_004543.jpg
4544,75.733333,,0,B,0.83842,0.07174,0.11367,0.00450,frames/frame_004544.jpg
4545,75.750000,,0,B,0.83787,0.07227,0.11449,0.00343,frames/frame_004545.jpg
4546,75.766667,,0,P,0.83606,0.07300,0.11645,0.00378,frames/frame_004546.jpg
4547,75.783333,,0,B,0.83693,0.07278,0.11560,0.00299,frames/frame_004547.jpg
4548,75.800000,,0,B,0.83718,0.07261,0.11511,0.00232,frames/frame_004548.jpg
4549,75.816667,,0,B,0.83707,0.07275,0.11547,0.00176,frames/frame_004549.jpg
4550,75.833333,,0,P,0.83648,0.07278,0.11606,0.00177,frames/frame_004550.jpg
4551,75.850000,,0,B,0.83680,0.07263,0.11603,0.00114,frames/frame_004551.jpg
4552,75.866667,,0,B,0.83661,0.07277,0.11614,0.00103,frames/frame_004552.jpg
4553,75.883333,,0,B,0.83671,0.07277,0.11603,0.00082,frames/frame_004553.jpg
4554,75.900000,,0,P,0.83616,0.07342,0.11706,0.00129,frames/frame_004554.jpg
4555,75.916667,,0,P,0.83614,0.07330,0.11715,0.00140,frames/frame_004555.jpg
4556,75.933333,,0,B,0.83622,0.07324,0.11724,0.00108,frames/frame_004556.jpg
4557,75.950000,,0,P,0.83599,0.07315,0.11740,0.00101,frames/frame_004557.jpg
4558,75.966667,,0,P,0.83585,0.07274,0.11749,0.00159,frames/frame_004558.jpg
4559,75.983333,,0,P,0.83584,0.07269,0.11771,0.00048,frames/frame_004559.jpg
4560,76.000000,,0,B,0.83584,0.07249,0.11773,0.00099,frames/frame_004560.jpg
4561,76.016667,,0,B,0.83579,0.07250,0.11776,0.00084,frames/frame_004561.jpg
4562,76.033333,,0,B,0.83583,0.07242,0.11775,0.00068,frames/frame_004562.jpg
4563,76.050000,,0,P,0.83558,0.07231,0.11798,0.00079,frames/frame_004563.jpg
4564,76.066667,,0,B,0.83565,0.07233,0.11795,0.00024,frames/frame_004564.jpg
4565,76.083333,,0,B,0.83561,0.07234,0.11796,0.00020,frames/frame_004565.jpg
4566,76.100000,,0,B,0.84017,0.07127,0.11518,0.02891,frames/frame_004566.jpg
4567,76.116667,,0,P,0.83051,0.07378,0.12888,0.03627,frames/frame_004567.jpg
4568,76.133333,,0,P,0.83889,0.06524,0.11311,0.03400,frames/frame_004568.jpg
4569,76.150000,,0,P,0.83884,0.06524,0.11094,0.02403,frames/frame_004569.jpg
4570,76.166667,,0,P,0.83849,0.06506,0.11258,0.01929,frames/frame_004570.jpg
4571,76.183333,,0,B,0.83691,0.06556,0.11614,0.01511,frames/frame_004571.jpg
4572,76.200000,,0,B,0.83613,0.06560,0.11751,0.00701,frames/frame_004572.jpg
4573,76.216667,,0,B,0.83624,0.06570,0.11780,0.00130,frames/frame_004573.jpg
4574,76.233333,,0,P,0.83431,0.06569,0.12047,0.00595,frames/frame_004574.jpg
4575,76.250000,,0,B,0.83484,0.06579,0.11973,0.00722,frames/frame_004575.jpg
4576,76.266667,,0,B,0.83462,0.06593,0.12057,0.00855,frames/frame_004576.jpg
4577,76.283333,,0,B,0.83301,0.06563,0.12343,0.01139,frames/frame_004577.jpg
4578,76.300000,,0,P,0.83250,0.06582,0.12269,0.01202,frames/frame_004578.jpg
4579,76.316667,,0,B,0.83277,0.06541,0.12332,0.01407,frames/frame_004579.jpg
4580,76.333333,,0,B,0.83031,0.06623,0.12571,0.01725,frames/frame_004580.jpg
4581,76.350000,,0,B,0.83038,0.06729,0.12765,0.01859,frames/frame_004581.jpg
4582,76.366667,,0,P,0.83007,0.06780,0.12895,0.02174,frames/frame_004582.jpg
4583,76.383333,,0,B,0.82887,0.06798,0.13102,0.02439,frames/frame_004583.jpg
4584,76.400000,,0,B,0.82951,0.06797,0.13038,0.02500,frames/frame_004584.jpg
4585,76.416667,,0,P,0.82910,0.06767,0.12954,0.02409,frames/frame_004585.jpg
4586,76.433333,,0,B,0.82863,0.06873,0.13060,0.02221,frames/frame_004586.jpg
4587,76.450000,,0,B,0.82849,0.06884,0.13088,0.01995,frames/frame_004587.jpg
4588,76.466667,,0,B,0.82843,0.06919,0.13084,0.01832,frames/frame_004588.jpg
4589,76.483333,,0,P,0.82627,0.06971,0.13187,0.01735,frames/frame_004589.jpg
4590,76.500000,,0,B,0.82621,0.07012,0.13369,0.01513,frames/frame_004590.jpg
4591,76.516667,,0,B,0.82599,0.07015,0.13347,0.01242,frames/frame_004591.jpg
4592,76.533333,,0,B,0.82585,0.06987,0.13294,0.01134,frames/frame_004592.jpg
4593,76.550000,,0,P,0.82523,0.07051,0.13440,0.00928,frames/frame_004593.jpg
4594,76.566667,,0,B,0.82569,0.06983,0.13506,0.00757,frames/frame_004594.jpg
4595,76.583333,,0,B,0.82544,0.07008,0.13465,0.00611,frames/frame_004595.jpg
4596,76.600000,,0,B,0.82571,0.06994,0.13344,0.00495,frames/frame_004596.jpg
4597,76.616667,,0,P,0.82433,0.07162,0.13538,0.00489,frames/frame_004597.jpg
4598,76.633333,,0,B,0.82473,0.07153,0.13551,0.00317,frames/frame_004598.jpg
4599,76.650000,,0,B,0.82452,0.07159,0.13577,0.00238,frames/frame_004599.jpg
4600,76.666667,,0,B,0.82500,0.07129,0.13493,0.00161,frames/frame_004600.jpg
4601,76.683333,,0,P,0.82475,0.07140,0.13488,0.00159,frames/frame_004601.jpg
4602,76.700000,,0,P,0.82481,0.07139,0.13477,0.00113,frames/frame_004602.jpg
4603,76.716667,,0,P,0.82479,0.07137,0.13481,0.00068,frames/frame_004603.jpg
4604,76.733333,,0,P,0.82492,0.07106,0.13480,0.00130,frames/frame_004604.jpg
4605,76.750000,,0,P,0.82483,0.07097,0.13490,0.00057,frames/frame_004605.jpg
4606,76.766667,,0,P,0.82479,0.07092,0.13506,0.00088,frames/frame_004606.jpg
4607,76.783333,,0,P,0.82479,0.07086,0.13499,0.00046,frames/frame_004607.jpg
4608,76.800000,,0,P,0.82476,0.07083,0.13495,0.00101,frames/frame_004608.jpg
4609,76.816667,,0,P,0.82478,0.07081,0.13502,0.00035,frames/frame_004609.jpg
4610,76.833333,,0,B,0.82479,0.07080,0.13501,0.00046,frames/frame_004610.jpg
4611,76.850000,,0,P,0.82945,0.07041,0.12292,0.05412,frames/frame_004611.jpg
4612,76.866667,,0,P,0.82170,0.06657,0.13806,0.04699,frames/frame_004612.jpg
4613,76.883333,,0,B,0.82175,0.06648,0.13996,0.03621,frames/frame_004613.jpg
4614,76.900000,,0,B,0.82137,0.06638,0.14101,0.00922,frames/frame_004614.jpg
4615,76.916667,,0,B,0.81823,0.06707,0.14480,0.02245,frames/frame_004615.jpg
4616,76.933333,,0,P,0.81941,0.06657,0.14422,0.03065,frames/frame_004616.jpg
4617,76.950000,,0,P,0.82243,0.06754,0.14084,0.03615,frames/frame_004617.jpg
4618,76.966667,,0,P,0.82074,0.06785,0.14328,0.03789,frames/frame_004618.jpg
4619,76.983333,,0,P,0.82225,0.06787,0.14223,0.03896,frames/frame_004619.jpg
4620,77.000000,,0,P,0.81976,0.06918,0.14531,0.03630,frames/frame_004620.jpg
4621,77.016667,,0,P,0.81907,0.06954,0.14407,0.03195,frames/frame_004621.jpg
4622,77.033333,,0,P,0.81882,0.06978,0.14598,0.02429,frames/frame_004622.jpg
4623,77.050000,,0,P,0.81771,0.06976,0.14390,0.01479,frames/frame_004623.jpg
4624,77.066667,,0,B,0.81652,0.07159,0.14695,0.00843,frames/frame_004624.jpg
4625,77.083333,,0,B,0.81676,0.07131,0.14686,0.00259,frames/frame_004625.jpg
4626,77.100000,,0,P,0.82574,0.07023,0.13616,0.05646,frames/frame_004626.jpg
4627,77.116667,,0,B,0.82793,0.06518,0.12951,0.04686,frames/frame_004627.jpg
4628,77.133333,,0,P,0.82138,0.06647,0.13917,0.03577,frames/frame_004628.jpg
4629,77.150000,,0,B,0.81864,0.06712,0.14424,0.00967,frames/frame_004629.jpg
4630,77.166667,,0,B,0.81972,0.06691,0.14221,0.02106,frames/frame_004630.jpg
4631,77.183333,,0,P,0.82129,0.06627,0.13989,0.02948,frames/frame_004631.jpg
4632,77.200000,,0,P,0.82156,0.06709,0.14105,0.03513,frames/frame_004632.jpg
4633,77.216667,,0,P,0.82137,0.06746,0.14398,0.03814,frames/frame_004633.jpg
4634,77.233333,,0,B,0.82278,0.06697,0.14067,0.03908,frames/frame_004634.jpg
4635,77.250000,,0,P,0.81983,0.06839,0.14361,0.03540,frames/frame_004635.jpg
4636,77.266667,,0,P,0.81945,0.06889,0.14435,0.03241,frames/frame_004636.jpg
4637,77.283333,,0,P,0.81896,0.06894,0.14525,0.02554,frames/frame_004637.jpg
4638,77.300000,,0,P,0.81795,0.06890,0.14377,0.01530,frames/frame_004638.jpg
4639,77.316667,,0,B,0.81673,0.07061,0.14650,0.00875,frames/frame_004639.jpg
4640,77.333333,,0,B,0.81695,0.07062,0.14641,0.00288,frames/frame_004640.jpg
4641,77.350000,,0,P,0.82702,0.07027,0.13368,0.05447,frames/frame_004641.jpg
4642,77.366667,,0,P,0.82516,0.06560,0.13566,0.04736,frames/frame_004642.jpg
4643,77.383333,,0,P,0.82262,0.06675,0.13630,0.03737,frames/frame_004643.jpg
4644,77.400000,,0,P,0.82329,0.06641,0.13744,0.01643,frames/frame_004644.jpg
4645,77.416667,,0,P,0.82266,0.06643,0.13646,0.01811,frames/frame_004645.jpg
4646,77.433333,,0,P,0.82157,0.06653,0.13936,0.02888,frames/frame_004646.jpg
4647,77.450000,,0,P,0.82199,0.06731,0.14102,0.03468,frames/frame_004647.jpg
4648,77.466667,,0,P,0.82147,0.06704,0.14426,0.03787,frames/frame_004648.jpg
4649,77.483333,,0,P,0.82244,0.06688,0.14081,0.03859,frames/frame_004649.jpg
4650,77.500000,,0,P,0.82052,0.06792,0.14233,0.03615,frames/frame_004650.jpg
4651,77.516667,,0,P,0.81892,0.06841,0.14510,0.03285,frames/frame_004651.jpg
4652,77.533333,,0,P,0.81873,0.06882,0.14488,0.02597,frames/frame_004652.jpg
4653,77.550000,,0,B,0.81796,0.06827,0.14396,0.01587,frames/frame_004653.jpg
4654,77.566667,,0,B,0.81659,0.07007,0.14646,0.00921,frames/frame_004654.jpg
4655,77.583333,,0,B,0.81668,0.06987,0.14671,0.00349,frames/frame_004655.jpg
4656,77.600000,,0,P,0.81649,0.07017,0.14668,0.00175,frames/frame_004656.jpg
4657,77.616667,,0,P,0.81645,0.07007,0.14678,0.00119,frames/frame_004657.jpg
4658,77.633333,,0,P,0.81643,0.06990,0.14678,0.00179,frames/frame_004658.jpg
4659,77.650000,,0,P,0.81641,0.06996,0.14688,0.00122,frames/frame_004659.jpg
4660,77.666667,,0,P,0.81628,0.06987,0.14700,0.00105,frames/frame_004660.jpg
4661,77.683333,,0,P,0.81616,0.06981,0.14718,0.00091,frames/frame_004661.jpg
4662,77.700000,,0,P,0.81615,0.06972,0.14723,0.00070,frames/frame_004662.jpg
4663,77.716667,,0,B,0.81621,0.06978,0.14731,0.00061,frames/frame_004663.jpg
4664,77.733333,,0,P,0.84673,0.06101,0.11218,0.07311,frames/frame_004664.jpg
4665,77.750000,,0,B,0.84384,0.06183,0.11441,0.00625,frames/frame_004665.jpg
4666,77.766667,,0,B,0.84287,0.06225,0.11464,0.00485,frames/frame_004666.jpg
4667,77.783333,,0,B,0.84280,0.06225,0.11483,0.00447,frames/frame_004667.jpg
4668,77.800000,,0,P,0.84244,0.06232,0.11580,0.00460,frames/frame_004668.jpg
4669,77.816667,,0,B,0.84258,0.06199,0.11553,0.00458,frames/frame_004669.jpg
4670,77.833333,,0,B,0.84251,0.06237,0.11525,0.00453,frames/frame_004670.jpg
4671,77.850000,,0,B,0.84253,0.06229,0.11594,0.00457,frames/frame_004671.jpg
4672,77.866667,,0,P,0.84225,0.06254,0.11619,0.00462,frames/frame_004672.jpg
4673,77.883333,,0,B,0.84222,0.06254,0.11609,0.00455,frames/frame_004673.jpg
4674,77.900000,,0,B,0.84236,0.06250,0.11597,0.00469,frames/frame_004674.jpg
4675,77.916667,,0,P,0.84215,0.06222,0.11712,0.00456,frames/frame_004675.jpg
4676,77.933333,,0,B,0.84214,0.06216,0.11673,0.00472,frames/frame_004676.jpg
4677,77.950000,,0,B,0.84229,0.06228,0.11617,0.00487,frames/frame_004677.jpg
4678,77.966667,,0,P,0.84286,0.06271,0.11723,0.00561,frames/frame_004678.jpg
4679,77.983333,,0,P,0.84264,0.06267,0.11784,0.00506,frames/frame_004679.jpg
4680,78.000000,,1,I,0.84270,0.06291,0.11743,0.00634,frames/frame_004680.jpg
4681,78.016667,,0,B,0.84273,0.06278,0.11774,0.00460,frames/frame_004681.jpg
4682,78.033333,,0,B,0.84275,0.06252,0.11806,0.00451,frames/frame_004682.jpg
4683,78.050000,,0,P,0.84265,0.06298,0.11810,0.00466,frames/frame_004683.jpg
4684,78.066667,,0,B,0.84267,0.06256,0.11783,0.00453,frames/frame_004684.jpg
4685,78.083333,,0,P,0.84248,0.06252,0.11813,0.00461,frames/frame_004685.jpg
4686,78.100000,,0,B,0.84237,0.06269,0.11911,0.00460,frames/frame_004686.jpg
4687,78.116667,,0,B,0.84249,0.06234,0.11868,0.00458,frames/frame_004687.jpg
4688,78.133333,,0,P,0.84231,0.06227,0.11845,0.00460,frames/frame_004688.jpg
4689,78.150000,,0,B,0.84231,0.06249,0.11856,0.00456,frames/frame_004689.jpg
4690,78.166667,,0,B,0.83775,0.06243,0.12801,0.00910,frames/frame_004690.jpg
4691,78.183333,,0,P,0.83367,0.06275,0.13297,0.00880,frames/frame_004691.jpg
4692,78.200000,,0,B,0.83268,0.06280,0.13328,0.00701,frames/frame_004692.jpg
4693,78.216667,,0,B,0.83271,0.06269,0.13344,0.00653,frames/frame_004693.jpg
4694,78.233333,,0,P,0.83249,0.06310,0.13365,0.00661,frames/frame_004694.jpg
4695,78.250000,,0,B,0.83245,0.06261,0.13359,0.00652,frames/frame_004695.jpg
4696,78.266667,,0,B,0.83263,0.06280,0.13333,0.00658,frames/frame_004696.jpg
4697,78.283333,,0,P,0.83241,0.06283,0.13396,0.00654,frames/frame_004697.jpg
4698,78.300000,,0,B,0.83241,0.06262,0.13368,0.00650,frames/frame_004698.jpg
4699,78.316667,,0,B,0.83254,0.06248,0.13354,0.00672,frames/frame_004699.jpg
4700,78.333333,,0,P,0.83230,0.06302,0.13382,0.00658,frames/frame_004700.jpg
4701,78.350000,,0,B,0.83256,0.06250,0.13428,0.00660,frames/frame_004701.jpg
4702,78.366667,,0,B,0.83254,0.06259,0.13424,0.00654,frames/frame_004702.jpg
4703,78.383333,,0,B,0.83256,0.06215,0.13406,0.00661,frames/frame_004703.jpg
4704,78.400000,,0,P,0.83230,0.06250,0.13479,0.00657,frames/frame_004704.jpg
4705,78.416667,,0,B,0.83230,0.06270,0.13428,0.00653,frames/frame_004705.jpg
4706,78.433333,,0,B,0.83246,0.06289,0.13446,0.00671,frames/frame_004706.jpg
4707,78.450000,,0,P,0.83220,0.06307,0.13467,0.00663,frames/frame_004707.jpg
4708,78.466667,,0,P,0.83213,0.06290,0.13516,0.00667,frames/frame_004708.jpg
4709,78.483333,,0,P,0.83214,0.06265,0.13502,0.00666,frames/frame_004709.jpg
4710,78.500000,,0,P,0.83198,0.06262,0.13495,0.00671,frames/frame_004710.jpg
4711,78.516667,,0,B,0.83202,0.06258,0.13526,0.00642,frames/frame_004711.jpg
4712,78.533333,,0,B,0.83213,0.06270,0.13556,0.00655,frames/frame_004712.jpg
4713,78.550000,,0,P,0.83201,0.06298,0.13550,0.00657,frames/frame_004713.jpg
4714,78.566667,,0,B,0.83205,0.06299,0.13551,0.00662,frames/frame_004714.jpg
4715,78.583333,,0,B,0.83212,0.06252,0.13620,0.00651,frames/frame_004715.jpg
4716,78.600000,,0,P,0.83195,0.06279,0.13585,0.00660,frames/frame_004716.jpg
4717,78.616667,,0,B,0.83215,0.06263,0.13579,0.00681,frames/frame_004717.jpg
4718,78.633333,,0,P,0.83195,0.06220,0.13580,0.00669,frames/frame_004718.jpg
4719,78.650000,,0,B,0.83214,0.06199,0.13655,0.00662,frames/frame_004719.jpg
4720,78.666667,,0,B,0.83201,0.06260,0.13605,0.00650,frames/frame_004720.jpg
4721,78.683333,,0,B,0.83213,0.06253,0.13590,0.00658,frames/frame_004721.jpg
4722,78.700000,,0,P,0.83187,0.06262,0.13591,0.00655,frames/frame_004722.jpg
4723,78.716667,,0,B,0.83198,0.06238,0.13611,0.00678,frames/frame_004723.jpg
4724,78.733333,,0,B,0.83180,0.06237,0.13540,0.00666,frames/frame_004724.jpg
4725,78.750000,,0,B,0.83184,0.06229,0.13500,0.00670,frames/frame_004725.jpg
4726,78.766667,,0,P,0.83165,0.06285,0.13505,0.00674,frames/frame_004726.jpg
4727,78.783333,,0,B,0.83166,0.06247,0.13460,0.00673,frames/frame_004727.jpg
4728,78.800000,,0,B,0.83182,0.06242,0.13443,0.00678,frames/frame_004728.jpg
4729,78.816667,,0,P,0.83166,0.06268,0.13373,0.00677,frames/frame_004729.jpg
4730,78.833333,,0,P,0.81103,0.06227,0.16598,0.02712,frames/frame_004730.jpg
4731,78.850000,,0,B,0.80513,0.06357,0.17076,0.01512,frames/frame_004731.jpg
4732,78.866667,,0,B,0.80421,0.06396,0.17145,0.01208,frames/frame_004732.jpg
4733,78.883333,,0,P,0.79972,0.06394,0.16775,0.01542,frames/frame_004733.jpg
4734,78.900000,,0,B,0.80016,0.06368,0.16977,0.01171,frames/frame_004734.jpg
4735,78.916667,,0,B,0.80006,0.06341,0.16948,0.01199,frames/frame_004735.jpg
4736,78.933333,,0,B,0.79995,0.06325,0.17041,0.01200,frames/frame_004736.jpg
4737,78.950000,,0,P,0.79947,0.06420,0.17042,0.01168,frames/frame_004737.jpg
4738,78.966667,,0,B,0.79948,0.06385,0.17024,0.01196,frames/frame_004738.jpg
4739,78.983333,,0,B,0.79970,0.06348,0.16922,0.01210,frames/frame_004739.jpg
4740,79.000000,,0,P,0.79938,0.06428,0.16906,0.01183,frames/frame_004740.jpg
4741,79.016667,,0,B,0.79950,0.06385,0.17061,0.01188,frames/frame_004741.jpg
4742,79.033333,,0,P,0.77563,0.06194,0.14417,0.11904,frames/frame_004742.jpg
4743,79.050000,,0,P,0.77768,0.06220,0.13353,0.12747,frames/frame_004743.jpg
4744,79.066667,,0,P,0.79333,0.06170,0.15249,0.09379,frames/frame_004744.jpg
4745,79.083333,,0,P,0.81025,0.06280,0.17676,0.07243,frames/frame_004745.jpg
4746,79.100000,,0,P,0.83492,0.06148,0.13381,0.05039,frames/frame_004746.jpg
4747,79.116667,,0,P,0.83659,0.06108,0.13291,0.02974,frames/frame_004747.jpg
4748,79.133333,,0,P,0.83739,0.06101,0.12752,0.02345,frames/frame_004748.jpg
4749,79.150000,,0,P,0.83795,0.06111,0.12572,0.01752,frames/frame_004749.jpg
4750,79.166667,,0,B,0.83854,0.06079,0.12563,0.01310,frames/frame_004750.jpg
4751,79.183333,,0,P,0.83856,0.06084,0.12927,0.01042,frames/frame_004751.jpg
4752,79.200000,,0,B,0.83903,0.06072,0.12905,0.00700,frames/frame_004752.jpg
4753,79.216667,,0,P,0.83888,0.06080,0.12346,0.00569,frames/frame_004753.jpg
4754,79.233333,,0,B,0.83939,0.06045,0.12231,0.00469,frames/frame_004754.jpg
4755,79.250000,,0,B,0.83942,0.06067,0.12348,0.00343,frames/frame_004755.jpg
4756,79.266667,,0,B,0.83973,0.06030,0.12442,0.00262,frames/frame_004756.jpg
4757,79.283333,,0,P,0.83943,0.06094,0.12513,0.00221,frames/frame_004757.jpg
4758,79.300000,,0,B,0.83988,0.06051,0.12505,0.00172,frames/frame_004758.jpg
4759,79.316667,,0,B,0.83980,0.06065,0.12514,0.00142,frames/frame_004759.jpg
4760,79.333333,,0,B,0.83908,0.06063,0.12523,0.00298,frames/frame_004760.jpg
4761,79.350000,,0,P,0.83884,0.06094,0.12543,0.00123,frames/frame_004761.jpg
4762,79.366667,,0,B,0.83912,0.06067,0.12531,0.00096,frames/frame_004762.jpg
4763,79.383333,,0,B,0.83914,0.06066,0.12538,0.00076,frames/frame_004763.jpg
4764,79.400000,,0,B,0.83915,0.06066,0.12545,0.00074,frames/frame_004764.jpg
4765,79.416667,,0,P,0.83894,0.06090,0.12559,0.00112,frames/frame_004765.jpg
4766,79.433333,,0,B,0.83923,0.06090,0.12548,0.00096,frames/frame_004766.jpg
4767,79.450000,,0,P,0.83907,0.06140,0.12555,0.00112,frames/frame_004767.jpg
4768,79.466667,,0,P,0.83907,0.06152,0.12564,0.00096,frames/frame_004768.jpg
4769,79.483333,,0,B,0.83920,0.06145,0.12566,0.00052,frames/frame_004769.jpg
4770,79.500000,,0,B,0.83918,0.06163,0.12579,0.00047,frames/frame_004770.jpg
4771,79.516667,,0,B,0.83923,0.06162,0.12582,0.00041,frames/frame_004771.jpg
4772,79.533333,,0,P,0.83914,0.06160,0.12596,0.00051,frames/frame_004772.jpg
4773,79.550000,,0,B,0.83938,0.06156,0.12596,0.00067,frames/frame_004773.jpg
4774,79.566667,,0,P,0.83926,0.06154,0.12591,0.00067,frames/frame_004774.jpg
4775,79.583333,,0,P,0.83931,0.06157,0.12610,0.00048,frames/frame_004775.jpg
4776,79.600000,,0,B,0.83937,0.06157,0.12607,0.00017,frames/frame_004776.jpg
4777,79.616667,,0,B,0.83936,0.06161,0.12602,0.00015,frames/frame_004777.jpg
4778,79.633333,,0,B,0.83941,0.06161,0.12602,0.00013,frames/frame_004778.jpg
4779,79.650000,,0,P,0.83941,0.06166,0.12600,0.00012,frames/frame_004779.jpg
4780,79.666667,,0,B,0.83946,0.06163,0.12605,0.00014,frames/frame_004780.jpg
4781,79.683333,,0,B,0.83952,0.06164,0.12608,0.00009,frames/frame_004781.jpg
4782,79.700000,,0,B,0.83957,0.06161,0.12611,0.00010,frames/frame_004782.jpg
4783,79.716667,,0,P,0.83958,0.06165,0.12609,0.00013,frames/frame_004783.jpg
4784,79.733333,,0,B,0.83962,0.06166,0.12615,0.00016,frames/frame_004784.jpg
4785,79.750000,,0,B,0.84251,0.06134,0.12100,0.00375,frames/frame_004785.jpg
4786,79.766667,,0,P,0.84033,0.06164,0.12993,0.01778,frames/frame_004786.jpg
4787,79.783333,,0,P,0.83612,0.06198,0.13171,0.01748,frames/frame_004787.jpg
4788,79.800000,,0,B,0.83507,0.06185,0.13592,0.01149,frames/frame_004788.jpg
4789,79.816667,,0,P,0.83369,0.06189,0.13982,0.00816,frames/frame_004789.jpg
4790,79.833333,,0,B,0.83320,0.06189,0.13959,0.00629,frames/frame_004790.jpg
4791,79.850000,,0,B,0.83264,0.06197,0.14015,0.00441,frames/frame_004791.jpg
4792,79.866667,,0,B,0.83250,0.06213,0.14058,0.00331,frames/frame_004792.jpg
4793,79.883333,,0,P,0.83201,0.06245,0.14081,0.00262,frames/frame_004793.jpg
4794,79.900000,,0,B,0.83227,0.06227,0.14078,0.00214,frames/frame_004794.jpg
4795,79.916667,,0,B,0.83212,0.06230,0.14114,0.00182,frames/frame_004795.jpg
4796,79.933333,,0,B,0.83219,0.06229,0.14117,0.00145,frames/frame_004796.jpg
4797,79.950000,,0,P,0.83172,0.06235,0.14197,0.00159,frames/frame_004797.jpg
4798,79.966667,,0,B,0.83224,0.06202,0.14202,0.00156,frames/frame_004798.jpg
4799,79.983333,,0,B,0.83207,0.06206,0.14240,0.00129,frames/frame_004799.jpg
4800,80.000000,,0,B,0.83223,0.06201,0.14263,0.00137,frames/frame_004800.jpg
4801,80.016667,,0,P,0.83198,0.06211,0.14308,0.00143,frames/frame_004801.jpg
4802,80.033333,,0,B,0.83193,0.06228,0.14324,0.00127,frames/frame_004802.jpg
4803,80.050000,,0,B,0.83909,0.06255,0.11488,0.02480,frames/frame_004803.jpg
4804,80.066667,,0,B,0.83848,0.06527,0.11758,0.00512,frames/frame_004804.jpg
4805,80.083333,,0,P,0.83302,0.06815,0.13981,0.01349,frames/frame_004805.jpg
4806,80.100000,,0,B,0.83629,0.06874,0.12646,0.01010,frames/frame_004806.jpg
4807,80.116667,,0,P,0.83257,0.07112,0.13999,0.01359,frames/frame_004807.jpg
4808,80.133333,,0,B,0.83590,0.07012,0.13106,0.00783,frames/frame_004808.jpg
4809,80.150000,,0,B,0.83135,0.07238,0.14231,0.00902,frames/frame_004809.jpg
4810,80.166667,,0,P,0.82674,0.07335,0.15206,0.00587,frames/frame_004810.jpg
4811,80.183333,,0,B,0.83459,0.07241,0.13759,0.01026,frames/frame_004811.jpg
4812,80.200000,,0,B,0.82790,0.07372,0.15494,0.00845,frames/frame_004812.jpg
4813,80.216667,,0,B,0.82740,0.07388,0.15625,0.00223,frames/frame_004813.jpg
4814,80.233333,,0,P,0.82937,0.07353,0.14923,0.00498,frames/frame_004814.jpg
4815,80.250000,,0,B,0.82640,0.07382,0.14729,0.00751,frames/frame_004815.jpg
4816,80.266667,,0,B,0.83296,0.07305,0.12416,0.02047,frames/frame_004816.jpg
4817,80.283333,,0,B,0.82698,0.07756,0.14339,0.01022,frames/frame_004817.jpg
4818,80.300000,,0,P,0.82482,0.07948,0.14638,0.00729,frames/frame_004818.jpg
4819,80.316667,,0,P,0.82691,0.07967,0.14108,0.00788,frames/frame_004819.jpg
4820,80.333333,,0,B,0.82568,0.08191,0.14442,0.00526,frames/frame_004820.jpg
4821,80.350000,,0,B,0.82080,0.08414,0.15661,0.00884,frames/frame_004821.jpg
4822,80.366667,,0,B,0.82521,0.08253,0.14828,0.00837,frames/frame_004822.jpg
4823,80.383333,,0,P,0.82398,0.08370,0.15107,0.00439,frames/frame_004823.jpg
4824,80.400000,,0,B,0.82276,0.08427,0.15524,0.00505,frames/frame_004824.jpg
4825,80.416667,,0,B,0.82200,0.08470,0.15773,0.00279,frames/frame_004825.jpg
4826,80.433333,,0,B,0.81990,0.08513,0.16243,0.00376,frames/frame_004826.jpg
4827,80.450000,,0,P,0.81946,0.08548,0.16416,0.00349,frames/frame_004827.jpg
4828,80.466667,,0,B,0.81927,0.08556,0.16622,0.00277,frames/frame_004828.jpg
4829,80.483333,,0,B,0.81896,0.08589,0.16728,0.00234,frames/frame_004829.jpg
4830,80.500000,,0,B,0.81865,0.08584,0.16828,0.00261,frames/frame_004830.jpg
4831,80.516667,,0,P,0.81721,0.08627,0.16935,0.00316,frames/frame_004831.jpg
4832,80.533333,,0,B,0.81767,0.08601,0.16952,0.00190,frames/frame_004832.jpg
4833,80.550000,,0,B,0.81749,0.08618,0.17012,0.00176,frames/frame_004833.jpg
4834,80.566667,,0,B,0.81765,0.08623,0.17006,0.00135,frames/frame_004834.jpg
4835,80.583333,,0,P,0.81730,0.08624,0.17066,0.00157,frames/frame_004835.jpg
4836,80.600000,,0,B,0.81771,0.08630,0.17059,0.00145,frames/frame_004836.jpg
4837,80.616667,,0,B,0.81754,0.08654,0.17111,0.00128,frames/frame_004837.jpg
4838,80.633333,,0,B,0.81779,0.08651,0.17127,0.00118,frames/frame_004838.jpg
4839,80.650000,,0,P,0.81747,0.08676,0.17196,0.00137,frames/frame_004839.jpg
4840,80.666667,,0,B,0.81806,0.08672,0.17181,0.00161,frames/frame_004840.jpg
4841,80.683333,,0,B,0.81807,0.08684,0.17245,0.00145,frames/frame_004841.jpg
4842,80.700000,,0,B,0.81837,0.08712,0.17332,0.00464,frames/frame_004842.jpg
4843,80.716667,,0,P,0.81802,0.08727,0.17393,0.00145,frames/frame_004843.jpg
4844,80.733333,,0,B,0.81840,0.08721,0.17356,0.00170,frames/frame_004844.jpg
4845,80.750000,,0,B,0.81896,0.08627,0.17337,0.02102,frames/frame_004845.jpg
4846,80.766667,,0,B,0.81604,0.08330,0.16633,0.02938,frames/frame_004846.jpg
4847,80.783333,,0,P,0.79496,0.08993,0.18908,0.03399,frames/frame_004847.jpg
4848,80.800000,,0,B,0.78605,0.09432,0.17349,0.03824,frames/frame_004848.jpg
4849,80.816667,,0,B,0.77162,0.09970,0.17619,0.03179,frames/frame_004849.jpg
4850,80.833333,,0,P,0.75483,0.11107,0.18497,0.02947,frames/frame_004850.jpg
4851,80.850000,,0,P,0.73613,0.11571,0.17086,0.05982,frames/frame_004851.jpg
4852,80.866667,,0,P,0.68284,0.12988,0.16538,0.10230,frames/frame_004852.jpg
4853,80.883333,,0,P,0.63377,0.14646,0.15244,0.09860,frames/frame_004853.jpg
4854,80.900000,,0,P,0.57840,0.16354,0.14526,0.09672,frames/frame_004854.jpg
4855,80.916667,,0,P,0.52720,0.17626,0.13281,0.09303,frames/frame_004855.jpg
4856,80.933333,,0,P,0.47544,0.19626,0.12339,0.08793,frames/frame_004856.jpg
4857,80.950000,,0,B,0.42508,0.21325,0.11360,0.08309,frames/frame_004857.jpg
4858,80.966667,,0,P,0.37689,0.23495,0.10318,0.07887,frames/frame_004858.jpg
4859,80.983333,,0,P,0.33021,0.24995,0.09690,0.07423,frames/frame_004859.jpg
4860,81.000000,,1,I,0.28257,0.04831,0.08715,0.07329,frames/frame_004860.jpg
4861,81.016667,,0,P,0.24181,0.04090,0.07790,0.06479,frames/frame_004861.jpg
4862,81.033333,,0,B,0.20090,0.04237,0.06981,0.06070,frames/frame_004862.jpg
4863,81.050000,,0,B,0.15977,0.03560,0.05998,0.05553,frames/frame_004863.jpg
4864,81.066667,,0,B,0.12253,0.02999,0.04809,0.04919,frames/frame_004864.jpg
4865,81.083333,,0,P,0.08870,0.02515,0.03795,0.04178,frames/frame_004865.jpg
4866,81.100000,,0,B,0.06072,0.01852,0.02736,0.03275,frames/frame_004866.jpg
4867,81.116667,,0,P,0.03618,0.01489,0.01574,0.02565,frames/frame_004867.jpg
4868,81.133333,,0,P,0.01154,0.00460,0.00496,0.02447,frames/frame_004868.jpg
4869,81.150000,,0,P,0.01910,0.04016,0.02026,0.01505,frames/frame_004869.jpg
4870,81.166667,,0,P,0.03147,0.05647,0.03545,0.01848,frames/frame_004870.jpg
4871,81.183333,,0,P,0.04401,0.05567,0.04577,0.02368,frames/frame_004871.jpg
4872,81.200000,,0,P,0.05613,0.06023,0.04926,0.02770,frames/frame_004872.jpg
4873,81.216667,,0,B,0.06089,0.08795,0.04525,0.02592,frames/frame_004873.jpg
4874,81.233333,,0,P,0.06809,0.09284,0.05171,0.01653,frames/frame_004874.jpg
4875,81.250000,,0,P,0.07599,0.10390,0.05392,0.01833,frames/frame_004875.jpg
4876,81.266667,,0,P,0.07935,0.10168,0.05431,0.01581,frames/frame_004876.jpg
4877,81.283333,,0,P,0.08092,0.10216,0.05450,0.01562,frames/frame_004877.jpg
4878,81.300000,,0,P,0.08197,0.10015,0.05267,0.01495,frames/frame_004878.jpg
4879,81.316667,,0,P,0.08242,0.09957,0.05255,0.01423,frames/frame_004879.jpg
4880,81.333333,,0,P,0.08309,0.10038,0.05446,0.01411,frames/frame_004880.jpg
4881,81.350000,,0,P,0.08391,0.09921,0.05461,0.01513,frames/frame_004881.jpg
4882,81.366667,,0,P,0.08454,0.10025,0.05494,0.01536,frames/frame_004882.jpg
4883,81.383333,,0,P,0.08558,0.10108,0.05564,0.01594,frames/frame_004883.jpg
4884,81.400000,,0,B,0.08690,0.10185,0.05640,0.01624,frames/frame_004884.jpg
4885,81.416667,,0,P,0.08557,0.09941,0.05457,0.01509,frames/frame_004885.jpg
4886,81.433333,,0,P,0.08543,0.10054,0.05292,0.01453,frames/frame_004886.jpg
4887,81.450000,,0,P,0.08501,0.09934,0.04973,0.01361,frames/frame_004887.jpg
4888,81.466667,,0,P,0.08479,0.09987,0.05069,0.01338,frames/frame_004888.jpg
4889,81.483333,,0,P,0.08444,0.09951,0.04694,0.01280,frames/frame_004889.jpg
4890,81.500000,,0,P,0.08358,0.10719,0.04643,0.01293,frames/frame_004890.jpg
4891,81.516667,,0,P,0.08392,0.10510,0.04547,0.01170,frames/frame_004891.jpg
4892,81.533333,,0,P,0.08394,0.10582,0.04506,0.01115,frames/frame_004892.jpg
4893,81.550000,,0,B,0.08298,0.10660,0.04451,0.01158,frames/frame_004893.jpg
4894,81.566667,,0,B,0.08434,0.10618,0.04456,0.01033,frames/frame_004894.jpg
4895,81.583333,,0,P,0.08294,0.10241,0.04620,0.00998,frames/frame_004895.jpg
4896,81.600000,,0,P,0.08296,0.09868,0.04775,0.01108,frames/frame_004896.jpg
4897,81.616667,,0,P,0.08264,0.09793,0.04656,0.01489,frames/frame_004897.jpg
4898,81.633333,,0,P,0.08124,0.09525,0.04767,0.01524,frames/frame_004898.jpg
4899,81.650000,,0,P,0.08003,0.09160,0.04639,0.01576,frames/frame_004899.jpg
4900,81.666667,,0,P,0.07877,0.09091,0.04484,0.01629,frames/frame_004900.jpg
4901,81.683333,,0,P,0.07690,0.08453,0.04328,0.01641,frames/frame_004901.jpg
4902,81.700000,,0,P,0.07679,0.08104,0.04440,0.01580,frames/frame_004902.jpg
4903,81.716667,,0,P,0.07676,0.07939,0.04380,0.01627,frames/frame_004903.jpg
4904,81.733333,,0,P,0.07626,0.07854,0.04136,0.01555,frames/frame_004904.jpg
4905,81.750000,,0,P,0.07358,0.07925,0.03877,0.01476,frames/frame_004905.jpg
4906,81.766667,,0,P,0.07275,0.07787,0.03838,0.01254,frames/frame_004906.jpg
4907,81.783333,,0,P,0.07388,0.07407,0.04043,0.01410,frames/frame_004907.jpg
4908,81.800000,,0,B,0.07749,0.09334,0.04570,0.02151,frames/frame_004908.jpg
4909,81.816667,,0,B,0.07818,0.11362,0.04321,0.01816,frames/frame_004909.jpg
4910,81.833333,,0,P,0.08171,0.12690,0.04583,0.01605,frames/frame_004910.jpg
4911,81.850000,,0,P,0.08510,0.13358,0.04495,0.01824,frames/frame_004911.jpg
4912,81.866667,,0,P,0.08811,0.13426,0.04295,0.02516,frames/frame_004912.jpg
4913,81.883333,,0,P,0.09122,0.24272,0.04261,0.03401,frames/frame_004913.jpg
4914,81.900000,,0,B,0.09549,0.20102,0.04173,0.03681,frames/frame_004914.jpg
4915,81.916667,,0,P,0.09887,0.18753,0.04070,0.04175,frames/frame_004915.jpg
4916,81.933333,,0,B,0.10066,0.17544,0.04512,0.04315,frames/frame_004916.jpg
4917,81.950000,,0,P,0.09933,0.17341,0.04840,0.04176,frames/frame_004917.jpg
4918,81.966667,,0,P,0.10351,0.17767,0.05220,0.03907,frames/frame_004918.jpg
4919,81.983333,,0,P,0.10949,0.17783,0.05936,0.03598,frames/frame_004919.jpg
4920,82.000000,,0,B,0.11111,0.18139,0.06458,0.03093,frames/frame_004920.jpg
4921,82.016667,,0,P,0.10427,0.19576,0.05994,0.02542,frames/frame_004921.jpg
4922,82.033333,,0,P,0.10368,0.19406,0.05768,0.02337,frames/frame_004922.jpg
4923,82.050000,,0,P,0.10169,0.19497,0.05659,0.02347,frames/frame_004923.jpg
4924,82.066667,,0,P,0.09779,0.18590,0.05272,0.02403,frames/frame_004924.jpg
4925,82.083333,,0,P,0.09609,0.16768,0.05286,0.02392,frames/frame_004925.jpg
4926,82.100000,,0,P,0.09109,0.15514,0.04657,0.02095,frames/frame_004926.jpg
4927,82.116667,,0,P,0.08815,0.14921,0.04534,0.01930,frames/frame_004927.jpg
4928,82.133333,,0,P,0.08702,0.14206,0.04343,0.01756,frames/frame_004928.jpg
4929,82.150000,,0,P,0.08702,0.13470,0.04397,0.01672,frames/frame_004929.jpg
4930,82.166667,,0,P,0.08782,0.13257,0.04607,0.01719,frames/frame_004930.jpg
4931,82.183333,,0,P,0.08830,0.12145,0.04383,0.01661,frames/frame_004931.jpg
4932,82.200000,,0,P,0.08885,0.11890,0.04448,0.01658,frames/frame_004932.jpg
4933,82.216667,,0,B,0.09080,0.10637,0.04519,0.01718,frames/frame_004933.jpg
4934,82.233333,,0,P,0.09082,0.10716,0.04161,0.01707,frames/frame_004934.jpg
4935,82.250000,,0,P,0.09023,0.10818,0.04189,0.01668,frames/frame_004935.jpg
4936,82.266667,,0,P,0.09129,0.10478,0.04346,0.01543,frames/frame_004936.jpg
4937,82.283333,,0,P,0.09283,0.10400,0.04324,0.01531,frames/frame_004937.jpg
4938,82.300000,,0,P,0.09329,0.10267,0.04407,0.01468,frames/frame_004938.jpg
4939,82.316667,,0,P,0.09343,0.10003,0.04356,0.01447,frames/frame_004939.jpg
4940,82.333333,,0,P,0.09380,0.09632,0.04348,0.01392,frames/frame_004940.jpg
4941,82.350000,,0,P,0.09376,0.09467,0.04324,0.01336,frames/frame_004941.jpg
4942,82.366667,,0,P,0.09415,0.09505,0.04355,0.01286,frames/frame_004942.jpg
4943,82.383333,,0,P,0.09413,0.09320,0.04309,0.01223,frames/frame_004943.jpg
4944,82.400000,,0,P,0.09415,0.09299,0.04341,0.01160,frames/frame_004944.jpg
4945,82.416667,,0,P,0.09433,0.09411,0.04329,0.01085,frames/frame_004945.jpg
4946,82.433333,,0,B,0.09493,0.09309,0.04221,0.01012,frames/frame_004946.jpg
4947,82.450000,,0,P,0.09357,0.09035,0.04227,0.00932,frames/frame_004947.jpg
4948,82.466667,,0,B,0.09368,0.08928,0.04088,0.00808,frames/frame_004948.jpg
4949,82.483333,,0,B,0.09427,0.08989,0.04041,0.00719,frames/frame_004949.jpg
4950,82.500000,,0,P,0.09306,0.09281,0.03933,0.00671,frames/frame_004950.jpg
4951,82.516667,,0,B,0.09412,0.08984,0.04043,0.00691,frames/frame_004951.jpg
4952,82.533333,,0,B,0.09557,0.09323,0.03971,0.00763,frames/frame_004952.jpg
4953,82.550000,,0,P,0.09520,0.09389,0.04064,0.00792,frames/frame_004953.jpg
4954,82.566667,,0,P,0.09627,0.09276,0.04045,0.00886,frames/frame_004954.jpg
4955,82.583333,,0,P,0.09719,0.09359,0.04117,0.01015,frames/frame_004955.jpg
4956,82.600000,,0,P,0.09823,0.09220,0.04136,0.01035,frames/frame_004956.jpg
4957,82.616667,,0,P,0.09941,0.09061,0.04118,0.01107,frames/frame_004957.jpg
4958,82.633333,,0,P,0.10043,0.09200,0.04158,0.01176,frames/frame_004958.jpg
4959,82.650000,,0,P,0.10104,0.09069,0.04154,0.01193,frames/frame_004959.jpg
4960,82.666667,,0,B,0.10266,0.09216,0.04119,0.01255,frames/frame_004960.jpg
4961,82.683333,,0,P,0.10208,0.09303,0.04214,0.01220,frames/frame_004961.jpg
4962,82.700000,,0,P,0.10271,0.09286,0.04182,0.01234,frames/frame_004962.jpg
4963,82.716667,,0,P,0.10573,0.09132,0.04373,0.01519,frames/frame_004963.jpg
4964,82.733333,,0,P,0.10470,0.10075,0.04238,0.01439,frames/frame_004964.jpg
4965,82.750000,,0,P,0.10585,0.10437,0.04275,0.01257,frames/frame_004965.jpg
4966,82.766667,,0,P,0.10658,0.10796,0.04267,0.01251,frames/frame_004966.jpg
4967,82.783333,,0,P,0.10690,0.10779,0.04191,0.01199,frames/frame_004967.jpg
4968,82.800000,,0,B,0.10815,0.11221,0.04174,0.01181,frames/frame_004968.jpg
4969,82.816667,,0,P,0.10718,0.10874,0.04242,0.01170,frames/frame_004969.jpg
4970,82.833333,,0,B,0.11028,0.10986,0.04591,0.01310,frames/frame_004970.jpg
4971,82.850000,,0,P,0.11104,0.10839,0.05001,0.01283,frames/frame_004971.jpg
4972,82.866667,,0,P,0.11169,0.10828,0.05221,0.01409,frames/frame_004972.jpg
4973,82.883333,,0,P,0.11264,0.10768,0.05476,0.01513,frames/frame_004973.jpg
4974,82.900000,,0,P,0.11280,0.10681,0.05468,0.01541,frames/frame_004974.jpg
4975,82.916667,,0,P,0.11212,0.10834,0.05304,0.01440,frames/frame_004975.jpg
4976,82.933333,,0,P,0.11066,0.10829,0.04976,0.01259,frames/frame_004976.jpg
4977,82.950000,,0,B,0.11244,0.10421,0.04762,0.01098,frames/frame_004977.jpg
4978,82.966667,,0,P,0.11829,0.13713,0.04505,0.02393,frames/frame_004978.jpg
4979,82.983333,,0,B,0.12445,0.15759,0.04912,0.03262,frames/frame_004979.jpg
4980,83.000000,,0,P,0.12856,0.18186,0.05280,0.02680,frames/frame_004980.jpg
4981,83.016667,,0,P,0.13145,0.19332,0.05397,0.02155,frames/frame_004981.jpg
4982,83.033333,,0,P,0.13283,0.20143,0.05504,0.02113,frames/frame_004982.jpg
4983,83.050000,,0,P,0.13521,0.20607,0.05261,0.01764,frames/frame_004983.jpg
4984,83.066667,,0,P,0.13665,0.21321,0.05362,0.01477,frames/frame_004984.jpg
4985,83.083333,,0,P,0.13741,0.21667,0.05216,0.01323,frames/frame_004985.jpg
4986,83.100000,,0,P,0.13751,0.21667,0.05216,0.01319,frames/frame_004986.jpg
4987,83.116667,,0,P,0.13709,0.21792,0.05135,0.01281,frames/frame_004987.jpg
4988,83.133333,,0,P,0.13660,0.21697,0.05131,0.01202,frames/frame_004988.jpg
4989,83.150000,,0,P,0.13651,0.21743,0.05138,0.01134,frames/frame_004989.jpg
4990,83.166667,,0,P,0.13640,0.22089,0.04990,0.01267,frames/frame_004990.jpg
4991,83.183333,,0,P,0.13567,0.21886,0.04896,0.01017,frames/frame_004991.jpg
4992,83.200000,,0,P,0.13520,0.22128,0.04804,0.00897,frames/frame_004992.jpg
4993,83.216667,,0,P,0.13486,0.21988,0.04748,0.00859,frames/frame_004993.jpg
4994,83.233333,,0,P,0.13429,0.21772,0.04671,0.00771,frames/frame_004994.jpg
4995,83.250000,,0,P,0.13417,0.21961,0.04682,0.00773,frames/frame_004995.jpg
4996,83.266667,,0,P,0.13381,0.21776,0.04691,0.00816,frames/frame_004996.jpg
4997,83.283333,,0,B,0.13401,0.21941,0.04486,0.00781,frames/frame_004997.jpg
4998,83.300000,,0,B,0.13309,0.21774,0.04433,0.00675,frames/frame_004998.jpg
4999,83.316667,,0,B,0.13278,0.21977,0.04300,0.00596,frames/frame_004999.jpg
5000,83.333333,,0,P,0.13185,0.21713,0.04249,0.00589,frames/frame_005000.jpg
5001,83.350000,,0,B,0.13394,0.21592,0.04440,0.00689,frames/frame_005001.jpg
5002,83.366667,,0,B,0.13609,0.21713,0.04568,0.00663,frames/frame_005002.jpg
5003,83.383333,,0,P,0.13728,0.21636,0.04890,0.00664,frames/frame_005003.jpg
5004,83.400000,,0,B,0.13889,0.21844,0.05037,0.00610,frames/frame_005004.jpg
5005,83.416667,,0,B,0.14832,0.22972,0.05546,0.01319,frames/frame_005005.jpg
5006,83.433333,,0,P,0.14640,0.23748,0.05351,0.01231,frames/frame_005006.jpg
5007,83.450000,,0,B,0.14762,0.23729,0.05478,0.00444,frames/frame_005007.jpg
5008,83.466667,,0,B,0.14909,0.23625,0.05708,0.00516,frames/frame_005008.jpg
5009,83.483333,,0,P,0.17668,0.35970,0.06462,0.04475,frames/frame_005009.jpg
5010,83.500000,,0,P,0.16730,0.30510,0.05855,0.05965,frames/frame_005010.jpg
5011,83.516667,,0,P,0.16099,0.26354,0.05572,0.05648,frames/frame_005011.jpg
5012,83.533333,,0,P,0.15541,0.23516,0.05192,0.05282,frames/frame_005012.jpg
5013,83.550000,,0,P,0.14773,0.21565,0.05085,0.04968,frames/frame_005013.jpg
5014,83.566667,,0,P,0.14513,0.18992,0.05291,0.05152,frames/frame_005014.jpg
5015,83.583333,,0,P,0.14055,0.18622,0.05277,0.04695,frames/frame_005015.jpg
5016,83.600000,,0,P,0.14003,0.18186,0.05432,0.04933,frames/frame_005016.jpg
5017,83.616667,,0,P,0.13769,0.17520,0.05551,0.04655,frames/frame_005017.jpg
5018,83.633333,,0,P,0.13262,0.16727,0.05802,0.04665,frames/frame_005018.jpg
5019,83.650000,,0,P,0.12938,0.16373,0.05997,0.04328,frames/frame_005019.jpg
5020,83.666667,,0,P,0.12804,0.16168,0.06229,0.04030,frames/frame_005020.jpg
5021,83.683333,,0,P,0.12627,0.16155,0.06641,0.03848,frames/frame_005021.jpg
5022,83.700000,,0,P,0.12624,0.16212,0.06793,0.03739,frames/frame_005022.jpg
5023,83.716667,,0,P,0.12550,0.16132,0.07016,0.03484,frames/frame_005023.jpg
5024,83.733333,,0,P,0.12339,0.15944,0.07125,0.03294,frames/frame_005024.jpg
5025,83.750000,,0,P,0.12019,0.15934,0.07083,0.02939,frames/frame_005025.jpg
5026,83.766667,,0,P,0.11762,0.15557,0.07069,0.02566,frames/frame_005026.jpg
5027,83.783333,,0,P,0.11559,0.15444,0.06852,0.02177,frames/frame_005027.jpg
5028,83.800000,,0,P,0.11484,0.15220,0.06897,0.01962,frames/frame_005028.jpg
5029,83.816667,,0,P,0.11333,0.15011,0.06937,0.01629,frames/frame_005029.jpg
5030,83.833333,,0,P,0.11160,0.14964,0.06817,0.01426,frames/frame_005030.jpg
5031,83.850000,,0,P,0.10993,0.14778,0.06547,0.01142,frames/frame_005031.jpg
5032,83.866667,,0,P,0.10710,0.14656,0.06267,0.01120,frames/frame_005032.jpg
5033,83.883333,,0,B,0.10812,0.14664,0.06236,0.00647,frames/frame_005033.jpg
5034,83.900000,,0,B,0.10748,0.14654,0.06279,0.00519,frames/frame_005034.jpg
5035,83.916667,,0,B,0.10821,0.14871,0.06311,0.00483,frames/frame_005035.jpg
5036,83.933333,,0,P,0.12811,0.17402,0.07353,0.02817,frames/frame_005036.jpg
5037,83.950000,,0,P,0.11957,0.17676,0.06632,0.01560,frames/frame_005037.jpg
5038,83.966667,,0,B,0.11958,0.17533,0.06584,0.00478,frames/frame_005038.jpg
5039,83.983333,,0,P,0.11867,0.17683,0.06612,0.00448,frames/frame_005039.jpg
5040,84.000000,,1,I,0.11791,0.15769,0.06892,0.01071,frames/frame_005040.jpg
5041,84.016667,,0,B,0.11836,0.15513,0.06855,0.00437,frames/frame_005041.jpg
5042,84.033333,,0,B,0.11759,0.15393,0.06794,0.00368,frames/frame_005042.jpg
5043,84.050000,,0,B,0.11771,0.15436,0.06740,0.00339,frames/frame_005043.jpg
5044,84.066667,,0,P,0.11648,0.15318,0.06708,0.00358,frames/frame_005044.jpg
5045,84.083333,,0,B,0.11734,0.15349,0.06678,0.00344,frames/frame_005045.jpg
5046,84.100000,,0,B,0.11679,0.15373,0.06648,0.00310,frames/frame_005046.jpg
5047,84.116667,,0,B,0.11697,0.15115,0.06686,0.00270,frames/frame_005047.jpg
5048,84.133333,,0,P,0.11561,0.15066,0.06642,0.00316,frames/frame_005048.jpg
5049,84.150000,,0,B,0.11648,0.15022,0.06686,0.00283,frames/frame_005049.jpg
5050,84.166667,,0,B,0.11631,0.14928,0.06688,0.00245,frames/frame_005050.jpg
5051,84.183333,,0,B,0.11655,0.14901,0.06705,0.00240,frames/frame_005051.jpg
5052,84.200000,,0,P,0.11587,0.14805,0.06699,0.00278,frames/frame_005052.jpg
5053,84.216667,,0,B,0.11700,0.14776,0.06732,0.00294,frames/frame_005053.jpg
5054,84.233333,,0,B,0.11704,0.14679,0.06697,0.00238,frames/frame_005054.jpg
5055,84.250000,,0,B,0.11750,0.14641,0.06703,0.00227,frames/frame_005055.jpg
5056,84.266667,,0,P,0.11662,0.14578,0.06698,0.00273,frames/frame_005056.jpg
5057,84.283333,,0,B,0.11772,0.14598,0.06752,0.00304,frames/frame_005057.jpg
5058,84.300000,,0,B,0.11717,0.14481,0.06730,0.00285,frames/frame_005058.jpg
5059,84.316667,,0,B,0.11791,0.14441,0.06756,0.00303,frames/frame_005059.jpg
5060,84.333333,,0,P,0.12835,0.14217,0.07873,0.03288,frames/frame_005060.jpg
5061,84.350000,,0,P,0.13339,0.14800,0.07946,0.04667,frames/frame_005061.jpg
5062,84.366667,,0,P,0.13602,0.15311,0.08213,0.03596,frames/frame_005062.jpg
5063,84.383333,,0,P,0.13489,0.15947,0.07985,0.02643,frames/frame_005063.jpg
5064,84.400000,,0,B,0.13623,0.15816,0.07780,0.01593,frames/frame_005064.jpg
5065,84.416667,,0,B,0.13608,0.15865,0.07775,0.01132,frames/frame_005065.jpg
5066,84.433333,,0,B,0.13683,0.15949,0.07587,0.00826,frames/frame_005066.jpg
5067,84.450000,,0,P,0.13560,0.15835,0.07533,0.00653,frames/frame_005067.jpg
5068,84.466667,,0,B,0.13654,0.16070,0.07576,0.00559,frames/frame_005068.jpg
5069,84.483333,,0,B,0.13611,0.16232,0.07581,0.00473,frames/frame_005069.jpg
5070,84.500000,,0,B,0.13645,0.16575,0.07639,0.00433,frames/frame_005070.jpg
5071,84.516667,,0,P,0.13523,0.16668,0.07649,0.00419,frames/frame_005071.jpg
5072,84.533333,,0,B,0.13627,0.16791,0.07730,0.00395,frames/frame_005072.jpg
5073,84.550000,,0,B,0.13607,0.16690,0.07726,0.00343,frames/frame_005073.jpg
5074,84.566667,,0,B,0.13622,0.16731,0.07743,0.00308,frames/frame_005074.jpg
5075,84.583333,,0,P,0.13482,0.16690,0.07764,0.00363,frames/frame_005075.jpg
5076,84.600000,,0,B,0.13589,0.16804,0.07821,0.00322,frames/frame_005076.jpg
5077,84.616667,,0,B,0.13573,0.16686,0.07831,0.00299,frames/frame_005077.jpg
5078,84.633333,,0,B,0.13620,0.16565,0.07869,0.00280,frames/frame_005078.jpg
5079,84.650000,,0,P,0.13498,0.16739,0.07840,0.00344,frames/frame_005079.jpg
5080,84.666667,,0,B,0.13633,0.16635,0.07848,0.00329,frames/frame_005080.jpg
5081,84.683333,,0,B,0.13640,0.16715,0.07853,0.00268,frames/frame_005081.jpg
5082,84.700000,,0,B,0.13703,0.16728,0.07834,0.00272,frames/frame_005082.jpg
5083,84.716667,,0,P,0.13618,0.16507,0.07850,0.00289,frames/frame_005083.jpg
5084,84.733333,,0,B,0.13713,0.16672,0.07862,0.00305,frames/frame_005084.jpg
5085,84.750000,,0,B,0.13636,0.16560,0.07831,0.00294,frames/frame_005085.jpg
5086,84.766667,,0,B,0.13685,0.17129,0.07809,0.00522,frames/frame_005086.jpg
5087,84.783333,,0,P,0.14296,0.17767,0.08121,0.01701,frames/frame_005087.jpg
5088,84.800000,,0,B,0.14673,0.17041,0.07948,0.03671,frames/frame_005088.jpg
5089,84.816667,,0,B,0.14805,0.16225,0.07183,0.06093,frames/frame_005089.jpg
5090,84.833333,,0,P,0.14525,0.13775,0.06577,0.07765,frames/frame_005090.jpg
5091,84.850000,,0,B,0.13634,0.11209,0.05858,0.08389,frames/frame_005091.jpg
5092,84.866667,,0,P,0.12377,0.09616,0.05280,0.07781,frames/frame_005092.jpg
5093,84.883333,,0,P,0.11115,0.06577,0.03930,0.07446,frames/frame_005093.jpg
5094,84.900000,,0,P,0.06449,0.05210,0.01662,0.05638,frames/frame_005094.jpg
5095,84.916667,,0,P,0.06239,0.05468,0.01916,0.02115,frames/frame_005095.jpg
5096,84.933333,,0,P,0.06653,0.06263,0.02227,0.02090,frames/frame_005096.jpg
5097,84.950000,,0,P,0.07129,0.05794,0.02942,0.02566,frames/frame_005097.jpg
5098,84.966667,,0,P,0.07204,0.05839,0.03627,0.02674,frames/frame_005098.jpg
5099,84.983333,,0,P,0.06982,0.06243,0.04551,0.02133,frames/frame_005099.jpg
5100,85.000000,,0,P,0.06945,0.11842,0.04486,0.01429,frames/frame_005100.jpg
5101,85.016667,,0,P,0.07204,0.16220,0.04468,0.01053,frames/frame_005101.jpg
5102,85.033333,,0,P,0.07167,0.16482,0.04356,0.00832,frames/frame_005102.jpg
5103,85.050000,,0,B,0.07187,0.16171,0.04251,0.00691,frames/frame_005103.jpg
5104,85.066667,,0,B,0.07266,0.15833,0.04286,0.00684,frames/frame_005104.jpg
5105,85.083333,,0,P,0.07188,0.16076,0.04272,0.00660,frames/frame_005105.jpg
5106,85.100000,,0,B,0.07221,0.16134,0.04287,0.00651,frames/frame_005106.jpg
5107,85.116667,,0,B,0.07300,0.15828,0.04262,0.00648,frames/frame_005107.jpg
5108,85.133333,,0,P,0.07218,0.15895,0.04302,0.00646,frames/frame_005108.jpg
5109,85.150000,,0,B,0.07260,0.15790,0.04256,0.00641,frames/frame_005109.jpg
5110,85.166667,,0,B,0.07337,0.15592,0.04246,0.00624,frames/frame_005110.jpg
5111,85.183333,,0,P,0.07253,0.15904,0.04322,0.00649,frames/frame_005111.jpg
5112,85.200000,,0,B,0.07369,0.15492,0.04354,0.00655,frames/frame_005112.jpg
5113,85.216667,,0,P,0.07315,0.15504,0.04428,0.00663,frames/frame_005113.jpg
5114,85.233333,,0,B,0.07785,0.16185,0.04648,0.01261,frames/frame_005114.jpg
5115,85.250000,,0,B,0.07759,0.17296,0.04757,0.01551,frames/frame_005115.jpg
5116,85.266667,,0,B,0.07845,0.17302,0.04778,0.00506,frames/frame_005116.jpg
5117,85.283333,,0,P,0.07754,0.17342,0.04803,0.00704,frames/frame_005117.jpg
5118,85.300000,,0,B,0.07953,0.17548,0.04951,0.01053,frames/frame_005118.jpg
5119,85.316667,,0,P,0.07964,0.17428,0.05122,0.00817,frames/frame_005119.jpg
5120,85.333333,,0,B,0.08049,0.17266,0.05240,0.00702,frames/frame_005120.jpg
5121,85.350000,,0,B,0.08148,0.16982,0.05316,0.00799,frames/frame_005121.jpg
5122,85.366667,,0,P,0.08114,0.17580,0.05486,0.00894,frames/frame_005122.jpg
5123,85.383333,,0,B,0.08196,0.17377,0.05609,0.00845,frames/frame_005123.jpg
5124,85.400000,,0,B,0.08330,0.17260,0.05660,0.00743,frames/frame_005124.jpg
5125,85.416667,,0,P,0.08275,0.17496,0.05761,0.00819,frames/frame_005125.jpg
5126,85.433333,,0,B,0.08351,0.17472,0.05727,0.00898,frames/frame_005126.jpg
5127,85.450000,,0,B,0.08471,0.17419,0.05786,0.00869,frames/frame_005127.jpg
5128,85.466667,,0,P,0.08393,0.17541,0.05899,0.00814,frames/frame_005128.jpg
5129,85.483333,,0,B,0.08437,0.17595,0.05755,0.00835,frames/frame_005129.jpg
5130,85.500000,,0,B,0.08540,0.17319,0.05911,0.00868,frames/frame_005130.jpg
5131,85.516667,,0,P,0.08433,0.17727,0.05873,0.00889,frames/frame_005131.jpg
5132,85.533333,,0,B,0.08558,0.17460,0.05999,0.00872,frames/frame_005132.jpg
5133,85.550000,,0,P,0.09560,0.14283,0.06321,0.01941,frames/frame_005133.jpg
5134,85.566667,,0,B,0.09604,0.13887,0.06223,0.01080,frames/frame_005134.jpg
5135,85.583333,,0,B,0.09716,0.14112,0.06280,0.01060,frames/frame_005135.jpg
5136,85.600000,,0,P,0.09618,0.13849,0.06291,0.01066,frames/frame_005136.jpg
5137,85.616667,,0,B,0.09724,0.14809,0.06292,0.01073,frames/frame_005137.jpg
5138,85.633333,,0,B,0.09826,0.14928,0.06250,0.01083,frames/frame_005138.jpg
5139,85.650000,,0,P,0.10474,0.19325,0.06469,0.01890,frames/frame_005139.jpg
5140,85.666667,,0,B,0.10499,0.19688,0.06350,0.01187,frames/frame_005140.jpg
5141,85.683333,,0,B,0.10520,0.19599,0.06348,0.01183,frames/frame_005141.jpg
5142,85.700000,,0,P,0.11285,0.22772,0.07011,0.03707,frames/frame_005142.jpg
5143,85.716667,,0,B,0.11373,0.22309,0.06886,0.01792,frames/frame_005143.jpg
5144,85.733333,,0,B,0.11494,0.22151,0.06970,0.01108,frames/frame_005144.jpg
5145,85.750000,,0,P,0.11386,0.22501,0.06966,0.01098,frames/frame_005145.jpg
5146,85.766667,,0,B,0.11483,0.22278,0.07164,0.01528,frames/frame_005146.jpg
5147,85.783333,,0,P,0.11380,0.22269,0.07141,0.01572,frames/frame_005147.jpg
5148,85.800000,,0,B,0.11339,0.22201,0.07200,0.01077,frames/frame_005148.jpg
5149,85.816667,,0,B,0.11410,0.22231,0.07015,0.01043,frames/frame_005149.jpg
5150,85.833333,,0,P,0.11287,0.22498,0.07120,0.01431,frames/frame_005150.jpg
5151,85.850000,,0,B,0.11439,0.21944,0.07121,0.01389,frames/frame_005151.jpg
5152,85.866667,,0,B,0.11382,0.21837,0.07055,0.01170,frames/frame_005152.jpg
5153,85.883333,,0,B,0.11429,0.21852,0.07234,0.01111,frames/frame_005153.jpg
5154,85.900000,,0,P,0.11303,0.21909,0.07075,0.01321,frames/frame_005154.jpg
5155,85.916667,,0,B,0.11465,0.21701,0.07262,0.01370,frames/frame_005155.jpg
5156,85.933333,,0,B,0.11405,0.21827,0.07093,0.01187,frames/frame_005156.jpg
5157,85.950000,,0,B,0.11478,0.21653,0.07306,0.01197,frames/frame_005157.jpg
5158,85.966667,,0,P,0.11347,0.21939,0.07162,0.01301,frames/frame_005158.jpg
5159,85.983333,,0,B,0.11481,0.21468,0.07258,0.01326,frames/frame_005159.jpg
5160,86.000000,,0,B,0.11403,0.21933,0.07096,0.01272,frames/frame_005160.jpg
5161,86.016667,,0,B,0.11441,0.21927,0.07266,0.01187,frames/frame_005161.jpg
5162,86.033333,,0,P,0.11305,0.22041,0.07217,0.01285,frames/frame_005162.jpg
5163,86.050000,,0,B,0.11391,0.21460,0.07223,0.01283,frames/frame_005163.jpg
5164,86.066667,,0,B,0.11299,0.21611,0.07055,0.01191,frames/frame_005164.jpg
5165,86.083333,,0,B,0.11262,0.21552,0.07021,0.01123,frames/frame_005165.jpg
5166,86.100000,,0,P,0.11035,0.21749,0.06959,0.01228,frames/frame_005166.jpg
5167,86.116667,,0,B,0.10961,0.21686,0.06907,0.01166,frames/frame_005167.jpg
5168,86.133333,,0,B,0.10965,0.21374,0.06792,0.01176,frames/frame_005168.jpg
5169,86.150000,,0,P,0.10764,0.21435,0.06801,0.01165,frames/frame_005169.jpg
5170,86.166667,,0,B,0.10800,0.20977,0.06653,0.01187,frames/frame_005170.jpg
5171,86.183333,,0,B,0.10659,0.20888,0.06622,0.01130,frames/frame_005171.jpg
5172,86.200000,,0,B,0.10627,0.20719,0.06532,0.01115,frames/frame_005172.jpg
5173,86.216667,,0,P,0.10414,0.20900,0.06481,0.01154,frames/frame_005173.jpg
5174,86.233333,,0,B,0.10442,0.20403,0.06500,0.01151,frames/frame_005174.jpg
5175,86.250000,,0,B,0.10319,0.20533,0.06315,0.01095,frames/frame_005175.jpg
5176,86.266667,,0,B,0.10294,0.20176,0.06415,0.01073,frames/frame_005176.jpg
5177,86.283333,,0,P,0.10065,0.20564,0.06286,0.01128,frames/frame_005177.jpg
5178,86.300000,,0,B,0.10182,0.19864,0.06296,0.01021,frames/frame_005178.jpg
5179,86.316667,,0,B,0.10053,0.19789,0.06215,0.01085,frames/frame_005179.jpg
5180,86.333333,,0,B,0.10044,0.19547,0.06200,0.01074,frames/frame_005180.jpg
5181,86.350000,,0,P,0.09815,0.19750,0.06196,0.01134,frames/frame_005181.jpg
5182,86.366667,,0,B,0.09843,0.19067,0.06052,0.01105,frames/frame_005182.jpg
5183,86.383333,,0,P,0.09659,0.18878,0.06073,0.01093,frames/frame_005183.jpg
5184,86.400000,,0,B,0.09619,0.18176,0.05933,0.01094,frames/frame_005184.jpg
5185,86.416667,,0,P,0.10185,0.14057,0.04604,0.04229,frames/frame_005185.jpg
5186,86.433333,,0,P,0.12053,0.10079,0.05052,0.08244,frames/frame_005186.jpg
5187,86.450000,,0,P,0.10904,0.11242,0.05220,0.07924,frames/frame_005187.jpg
5188,86.466667,,0,P,0.10882,0.13099,0.06243,0.05674,frames/frame_005188.jpg
5189,86.483333,,0,P,0.10951,0.14260,0.06997,0.04407,frames/frame_005189.jpg
5190,86.500000,,0,P,0.10964,0.20960,0.07096,0.03283,frames/frame_005190.jpg
5191,86.516667,,0,P,0.10889,0.20421,0.07230,0.02371,frames/frame_005191.jpg
5192,86.533333,,0,P,0.10828,0.19898,0.06899,0.01681,frames/frame_005192.jpg
5193,86.550000,,0,P,0.10832,0.19613,0.07161,0.01079,frames/frame_005193.jpg
5194,86.566667,,0,P,0.10810,0.19269,0.07182,0.00530,frames/frame_005194.jpg
5195,86.583333,,0,B,0.10888,0.18654,0.07196,0.00436,frames/frame_005195.jpg
5196,86.600000,,0,B,0.10846,0.18717,0.07162,0.00316,frames/frame_005196.jpg
5197,86.616667,,0,B,0.10882,0.18519,0.07063,0.00432,frames/frame_005197.jpg
5198,86.633333,,0,P,0.10828,0.18655,0.06961,0.00313,frames/frame_005198.jpg
5199,86.650000,,0,B,0.10910,0.17833,0.06894,0.00382,frames/frame_005199.jpg
5200,86.666667,,0,B,0.10878,0.17907,0.06816,0.00293,frames/frame_005200.jpg
5201,86.683333,,0,B,0.10917,0.17938,0.06837,0.00273,frames/frame_005201.jpg
5202,86.700000,,0,P,0.10840,0.18464,0.06737,0.00357,frames/frame_005202.jpg
5203,86.716667,,0,B,0.10947,0.17736,0.06791,0.00402,frames/frame_005203.jpg
5204,86.733333,,0,B,0.10970,0.18020,0.06827,0.00338,frames/frame_005204.jpg
5205,86.750000,,0,B,0.11077,0.17717,0.07033,0.00376,frames/frame_005205.jpg
5206,86.766667,,0,P,0.11052,0.18262,0.07174,0.00414,frames/frame_005206.jpg
5207,86.783333,,0,B,0.11192,0.17747,0.07275,0.00438,frames/frame_005207.jpg
5208,86.800000,,0,B,0.11198,0.17702,0.07319,0.00391,frames/frame_005208.jpg
5209,86.816667,,0,B,0.11263,0.17575,0.07451,0.00380,frames/frame_005209.jpg
5210,86.833333,,0,P,0.11212,0.18118,0.07583,0.00443,frames/frame_005210.jpg
5211,86.850000,,0,B,0.11333,0.18157,0.07769,0.00458,frames/frame_005211.jpg
5212,86.866667,,0,B,0.11339,0.18117,0.07927,0.00404,frames/frame_005212.jpg
5213,86.883333,,0,B,0.11403,0.18133,0.08018,0.00412,frames/frame_005213.jpg
5214,86.900000,,0,P,0.11340,0.18755,0.07980,0.00413,frames/frame_005214.jpg
5215,86.916667,,0,B,0.11444,0.18306,0.07991,0.00426,frames/frame_005215.jpg
5216,86.933333,,0,B,0.11427,0.18472,0.07989,0.00372,frames/frame_005216.jpg
5217,86.950000,,0,B,0.11469,0.18293,0.08020,0.00340,frames/frame_005217.jpg
5218,86.966667,,0,P,0.11410,0.18663,0.08003,0.00363,frames/frame_005218.jpg
5219,86.983333,,0,P,0.11412,0.18569,0.07987,0.00328,frames/frame_005219.jpg
5220,87.000000,,1,I,0.11307,0.19844,0.07877,0.00489,frames/frame_005220.jpg
5221,87.016667,,0,B,0.11411,0.19405,0.07833,0.00357,frames/frame_005221.jpg
5222,87.033333,,0,B,0.11366,0.19728,0.07782,0.00314,frames/frame_005222.jpg
5223,87.050000,,0,B,0.11716,0.20542,0.07929,0.03475,frames/frame_005223.jpg
5224,87.066667,,0,P,0.11634,0.20744,0.07966,0.00720,frames/frame_005224.jpg
5225,87.083333,,0,B,0.11684,0.19984,0.08008,0.00599,frames/frame_005225.jpg
5226,87.100000,,0,B,0.11631,0.19978,0.07997,0.00492,frames/frame_005226.jpg
5227,87.116667,,0,B,0.11621,0.19945,0.07974,0.00433,frames/frame_005227.jpg
5228,87.133333,,0,P,0.11523,0.20074,0.07912,0.00373,frames/frame_005228.jpg
5229,87.150000,,0,B,0.11586,0.19893,0.07961,0.00302,frames/frame_005229.jpg
5230,87.166667,,0,B,0.11553,0.19886,0.07939,0.00252,frames/frame_005230.jpg
5231,87.183333,,0,B,0.11561,0.19686,0.07952,0.00225,frames/frame_005231.jpg
5232,87.200000,,0,P,0.11476,0.20160,0.07890,0.00274,frames/frame_005232.jpg
5233,87.216667,,0,B,0.11539,0.19523,0.07919,0.00269,frames/frame_005233.jpg
5234,87.233333,,0,B,0.11509,0.19749,0.07875,0.00225,frames/frame_005234.jpg
5235,87.250000,,0,B,0.11523,0.19586,0.07883,0.00216,frames/frame_005235.jpg
5236,87.266667,,0,P,0.11525,0.20493,0.07925,0.00326,frames/frame_005236.jpg
5237,87.283333,,0,P,0.12745,0.26781,0.08190,0.02673,frames/frame_005237.jpg
5238,87.300000,,0,P,0.12682,0.30048,0.08165,0.04399,frames/frame_005238.jpg
5239,87.316667,,0,P,0.12550,0.31132,0.08067,0.02592,frames/frame_005239.jpg
5240,87.333333,,0,B,0.12500,0.31450,0.08100,0.01574,frames/frame_005240.jpg
5241,87.350000,,0,B,0.12447,0.31871,0.08143,0.00679,frames/frame_005241.jpg
5242,87.366667,,0,B,0.12475,0.31588,0.08145,0.00681,frames/frame_005242.jpg
5243,87.383333,,0,P,0.12387,0.32079,0.08150,0.00510,frames/frame_005243.jpg
5244,87.400000,,0,B,0.12405,0.31875,0.08172,0.00587,frames/frame_005244.jpg
5245,87.416667,,0,B,0.12356,0.31887,0.08138,0.00349,frames/frame_005245.jpg
5246,87.433333,,0,B,0.12372,0.31833,0.08131,0.00299,frames/frame_005246.jpg
5247,87.450000,,0,P,0.12296,0.32101,0.08123,0.00318,frames/frame_005247.jpg
5248,87.466667,,0,B,0.12350,0.31678,0.08186,0.00454,frames/frame_005248.jpg
5249,87.483333,,0,B,0.12332,0.31660,0.08166,0.00196,frames/frame_005249.jpg
5250,87.500000,,0,B,0.12324,0.31643,0.08164,0.00198,frames/frame_005250.jpg
5251,87.516667,,0,P,0.12257,0.31952,0.08129,0.00248,frames/frame_005251.jpg
5252,87.533333,,0,B,0.12310,0.31843,0.08121,0.00298,frames/frame_005252.jpg
5253,87.550000,,0,B,0.12278,0.31878,0.08116,0.00238,frames/frame_005253.jpg
5254,87.566667,,0,B,0.12271,0.31792,0.08085,0.00152,frames/frame_005254.jpg
5255,87.583333,,0,P,0.12208,0.32085,0.08026,0.00221,frames/frame_005255.jpg
5256,87.600000,,0,B,0.12266,0.31764,0.08027,0.00254,frames/frame_005256.jpg
5257,87.616667,,0,B,0.12246,0.31641,0.07993,0.00197,frames/frame_005257.jpg
5258,87.633333,,0,B,0.12270,0.31654,0.07997,0.00167,frames/frame_005258.jpg
5259,87.650000,,0,P,0.12214,0.31897,0.07965,0.00219,frames/frame_005259.jpg
5260,87.666667,,0,P,0.13602,0.40512,0.08402,0.04089,frames/frame_005260.jpg
5261,87.683333,,0,P,0.13654,0.44249,0.08356,0.04177,frames/frame_005261.jpg
5262,87.700000,,0,P,0.13608,0.45736,0.08096,0.02370,frames/frame_005262.jpg
5263,87.716667,,0,B,0.13672,0.45846,0.08110,0.01243,frames/frame_005263.jpg
5264,87.733333,,0,B,0.13641,0.46056,0.07934,0.00985,frames/frame_005264.jpg
5265,87.750000,,0,B,0.13608,0.45927,0.07922,0.00478,frames/frame_005265.jpg
5266,87.766667,,0,P,0.13484,0.46276,0.08019,0.00784,frames/frame_005266.jpg
5267,87.783333,,0,B,0.13499,0.45891,0.07969,0.00553,frames/frame_005267.jpg
5268,87.800000,,0,B,0.13454,0.45852,0.08018,0.00735,frames/frame_005268.jpg
5269,87.816667,,0,B,0.13449,0.45466,0.07902,0.00550,frames/frame_005269.jpg
5270,87.833333,,0,P,0.13331,0.45313,0.07825,0.00455,frames/frame_005270.jpg
5271,87.850000,,0,B,0.13432,0.45582,0.07974,0.00474,frames/frame_005271.jpg
5272,87.866667,,0,B,0.13298,0.45458,0.07882,0.00514,frames/frame_005272.jpg
5273,87.883333,,0,B,0.13309,0.45185,0.07951,0.00289,frames/frame_005273.jpg
5274,87.900000,,0,P,0.13249,0.45464,0.07936,0.00265,frames/frame_005274.jpg
5275,87.916667,,0,B,0.13280,0.45401,0.07966,0.00172,frames/frame_005275.jpg
5276,87.933333,,0,P,0.13487,0.41547,0.07801,0.02896,frames/frame_005276.jpg
5277,87.950000,,0,P,0.14560,0.29877,0.06633,0.10276,frames/frame_005277.jpg
5278,87.966667,,0,P,0.14223,0.26619,0.07004,0.08843,frames/frame_005278.jpg
5279,87.983333,,0,P,0.14391,0.25325,0.08309,0.08873,frames/frame_005279.jpg
5280,88.000000,,0,P,0.14397,0.26508,0.08626,0.08122,frames/frame_005280.jpg
5281,88.016667,,0,P,0.14084,0.26595,0.09211,0.07152,frames/frame_005281.jpg
5282,88.033333,,0,P,0.13436,0.26143,0.08765,0.06139,frames/frame_005282.jpg
5283,88.050000,,0,P,0.12748,0.26104,0.08983,0.04733,frames/frame_005283.jpg
5284,88.066667,,0,P,0.12219,0.25717,0.08605,0.03755,frames/frame_005284.jpg
5285,88.083333,,0,P,0.11865,0.24475,0.08052,0.02962,frames/frame_005285.jpg
5286,88.100000,,0,P,0.11555,0.24472,0.07492,0.02269,frames/frame_005286.jpg
5287,88.116667,,0,P,0.11324,0.24351,0.07318,0.01704,frames/frame_005287.jpg
5288,88.133333,,0,P,0.11144,0.23794,0.07046,0.01188,frames/frame_005288.jpg
5289,88.150000,,0,P,0.11003,0.23758,0.07114,0.01025,frames/frame_005289.jpg
5290,88.166667,,0,B,0.10985,0.23053,0.07043,0.00884,frames/frame_005290.jpg
5291,88.183333,,0,B,0.10854,0.22917,0.06861,0.00663,frames/frame_005291.jpg
5292,88.200000,,0,B,0.10781,0.22699,0.06679,0.00498,frames/frame_005292.jpg
5293,88.216667,,0,P,0.10642,0.23298,0.06637,0.00399,frames/frame_005293.jpg
5294,88.233333,,0,B,0.10690,0.22204,0.06654,0.00368,frames/frame_005294.jpg
5295,88.250000,,0,B,0.10637,0.22164,0.06642,0.00302,frames/frame_005295.jpg
5296,88.266667,,0,B,0.10660,0.22016,0.06651,0.00187,frames/frame_005296.jpg
5297,88.283333,,0,P,0.10560,0.22358,0.06627,0.00240,frames/frame_005297.jpg
5298,88.300000,,0,B,0.10648,0.21674,0.06647,0.00261,frames/frame_005298.jpg
5299,88.316667,,0,B,0.10625,0.21382,0.06652,0.00175,frames/frame_005299.jpg
5300,88.333333,,0,B,0.10659,0.21513,0.06644,0.00195,frames/frame_005300.jpg
5301,88.350000,,0,P,0.10582,0.21775,0.06621,0.00240,frames/frame_005301.jpg
5302,88.366667,,0,B,0.10682,0.21232,0.06594,0.00245,frames/frame_005302.jpg
5303,88.383333,,0,B,0.10669,0.21021,0.06549,0.00225,frames/frame_005303.jpg
5304,88.400000,,0,B,0.10710,0.20963,0.06556,0.00228,frames/frame_005304.jpg
5305,88.416667,,0,P,0.10634,0.21274,0.06517,0.00276,frames/frame_005305.jpg
5306,88.433333,,0,B,0.10658,0.20285,0.06516,0.00312,frames/frame_005306.jpg
5307,88.450000,,0,B,0.10519,0.20098,0.06517,0.00304,frames/frame_005307.jpg
5308,88.466667,,0,B,0.10378,0.19527,0.06549,0.00413,frames/frame_005308.jpg
5309,88.483333,,0,P,0.10053,0.20132,0.06568,0.00634,frames/frame_005309.jpg
5310,88.500000,,0,B,0.09368,0.18698,0.06438,0.00935,frames/frame_005310.jpg
5311,88.516667,,0,P,0.08785,0.21364,0.06540,0.01230,frames/frame_005311.jpg
5312,88.533333,,0,P,0.08369,0.18825,0.06673,0.01240,frames/frame_005312.jpg
5313,88.550000,,0,P,0.08037,0.16103,0.06657,0.01551,frames/frame_005313.jpg
5314,88.566667,,0,P,0.07778,0.14431,0.06534,0.01739,frames/frame_005314.jpg
5315,88.583333,,0,P,0.07433,0.13831,0.06094,0.02098,frames/frame_005315.jpg
5316,88.600000,,0,P,0.07179,0.12704,0.05925,0.02167,frames/frame_005316.jpg
5317,88.616667,,0,P,0.06849,0.12319,0.05083,0.02190,frames/frame_005317.jpg
5318,88.633333,,0,P,0.06398,0.11336,0.04405,0.01715,frames/frame_005318.jpg
5319,88.650000,,0,B,0.06059,0.10334,0.03461,0.01289,frames/frame_005319.jpg
5320,88.666667,,0,B,0.05795,0.07365,0.02525,0.00918,frames/frame_005320.jpg
5321,88.683333,,0,P,0.05392,0.05747,0.01677,0.00648,frames/frame_005321.jpg
5322,88.700000,,0,P,0.05131,0.03830,0.00916,0.00478,frames/frame_005322.jpg
5323,88.716667,,0,B,0.05094,0.03146,0.00746,0.00212,frames/frame_005323.jpg
5324,88.733333,,0,B,0.05219,0.02201,0.00778,0.00158,frames/frame_005324.jpg
5325,88.750000,,0,P,0.05218,0.02026,0.00769,0.00045,frames/frame_005325.jpg
5326,88.766667,,0,B,0.05269,0.01630,0.00751,0.00077,frames/frame_005326.jpg
5327,88.783333,,0,B,0.05268,0.01624,0.00755,0.00009,frames/frame_005327.jpg
5328,88.800000,,0,B,0.05302,0.01635,0.00779,0.00051,frames/frame_005328.jpg
5329,88.816667,,0,P,0.05301,0.01726,0.00775,0.00009,frames/frame_005329.jpg
5330,88.833333,,0,B,0.05331,0.01193,0.00768,0.00051,frames/frame_005330.jpg
5331,88.850000,,0,B,0.05331,0.01193,0.00769,0.00003,frames/frame_005331.jpg
5332,88.866667,,0,B,0.05346,0.01186,0.00785,0.00028,frames/frame_005332.jpg
5333,88.883333,,0,P,0.05347,0.01483,0.00791,0.00019,frames/frame_005333.jpg
5334,88.900000,,0,B,0.05388,0.01134,0.00784,0.00061,frames/frame_005334.jpg
5335,88.916667,,0,B,0.05389,0.01128,0.00791,0.00010,frames/frame_005335.jpg
5336,88.933333,,0,B,0.05416,0.01193,0.00811,0.00039,frames/frame_005336.jpg
5337,88.950000,,0,P,0.05423,0.01337,0.00822,0.00015,frames/frame_005337.jpg
5338,88.966667,,0,B,0.05466,0.01328,0.00815,0.00069,frames/frame_005338.jpg
5339,88.983333,,0,B,0.05555,0.01121,0.00865,0.00125,frames/frame_005339.jpg
5340,89.000000,,0,P,0.05556,0.01264,0.00886,0.00031,frames/frame_005340.jpg
5341,89.016667,,0,B,0.05574,0.01122,0.00907,0.00030,frames/frame_005341.jpg
5342,89.033333,,0,B,0.05576,0.01165,0.00920,0.00013,frames/frame_005342.jpg
5343,89.050000,,0,B,0.05585,0.01166,0.00936,0.00021,frames/frame_005343.jpg
5344,89.066667,,0,P,0.05587,0.01191,0.00945,0.00015,frames/frame_005344.jpg
5345,89.083333,,0,B,0.05620,0.01178,0.00951,0.00051,frames/frame_005345.jpg
5346,89.100000,,0,B,0.05615,0.00924,0.00914,0.00029,frames/frame_005346.jpg
5347,89.116667,,0,B,0.05633,0.00879,0.00931,0.00034,frames/frame_005347.jpg
5348,89.133333,,0,P,0.05635,0.00929,0.01138,0.00107,frames/frame_005348.jpg
5349,89.150000,,0,B,0.05658,0.00828,0.01107,0.00088,frames/frame_005349.jpg
5350,89.166667,,0,B,0.05694,0.00832,0.01182,0.00048,frames/frame_005350.jpg
5351,89.183333,,0,B,0.05692,0.00832,0.01178,0.00061,frames/frame_005351.jpg
5352,89.200000,,0,P,0.05695,0.00983,0.01200,0.00026,frames/frame_005352.jpg
5353,89.216667,,0,B,0.05763,0.00982,0.01261,0.00093,frames/frame_005353.jpg
5354,89.233333,,0,B,0.05747,0.00991,0.01241,0.00039,frames/frame_005354.jpg
5355,89.250000,,0,B,0.05783,0.00993,0.01293,0.00063,frames/frame_005355.jpg
5356,89.266667,,0,P,0.05809,0.00993,0.01347,0.00039,frames/frame_005356.jpg
5357,89.283333,,0,P,0.06368,0.04689,0.02187,0.00596,frames/frame_005357.jpg
5358,89.300000,,0,B,0.06380,0.04610,0.02203,0.00558,frames/frame_005358.jpg
5359,89.316667,,0,P,0.06374,0.04765,0.02111,0.00466,frames/frame_005359.jpg
5360,89.333333,,0,P,0.06409,0.05144,0.02095,0.00442,frames/frame_005360.jpg
5361,89.350000,,0,P,0.06421,0.05123,0.01990,0.00368,frames/frame_005361.jpg
5362,89.366667,,0,P,0.06429,0.05174,0.01985,0.00332,frames/frame_005362.jpg
5363,89.383333,,0,P,0.06432,0.05307,0.01945,0.00272,frames/frame_005363.jpg
5364,89.400000,,0,P,0.06447,0.05330,0.01973,0.00231,frames/frame_005364.jpg
5365,89.416667,,0,B,0.06483,0.05309,0.01942,0.00238,frames/frame_005365.jpg
5366,89.433333,,0,P,0.06477,0.05378,0.01967,0.00165,frames/frame_005366.jpg
5367,89.450000,,0,B,0.06490,0.05433,0.01911,0.00151,frames/frame_005367.jpg
5368,89.466667,,0,B,0.06530,0.05318,0.01888,0.00157,frames/frame_005368.jpg
5369,89.483333,,0,P,0.06516,0.05203,0.01914,0.00093,frames/frame_005369.jpg
5370,89.500000,,0,B,0.06587,0.05219,0.01935,0.00155,frames/frame_005370.jpg
5371,89.516667,,0,B,0.06586,0.05263,0.01941,0.00066,frames/frame_005371.jpg
5372,89.533333,,0,B,0.06610,0.05161,0.01958,0.00097,frames/frame_005372.jpg
5373,89.550000,,0,P,0.06541,0.05465,0.01840,0.00103,frames/frame_005373.jpg
5374,89.566667,,0,B,0.06594,0.05336,0.01846,0.00104,frames/frame_005374.jpg
5375,89.583333,,0,B,0.06590,0.05378,0.01848,0.00047,frames/frame_005375.jpg
5376,89.600000,,0,B,0.06605,0.05295,0.01861,0.00062,frames/frame_005376.jpg
5377,89.616667,,0,P,0.06592,0.05388,0.01862,0.00054,frames/frame_005377.jpg
5378,89.633333,,0,B,0.06649,0.05360,0.01855,0.00118,frames/frame_005378.jpg
5379,89.650000,,0,B,0.06646,0.05320,0.01848,0.00044,frames/frame_005379.jpg
5380,89.666667,,0,B,0.06669,0.05337,0.01855,0.00074,frames/frame_005380.jpg
5381,89.683333,,0,P,0.06660,0.05389,0.01846,0.00051,frames/frame_005381.jpg
5382,89.700000,,0,B,0.06718,0.05370,0.01838,0.00113,frames/frame_005382.jpg
5383,89.716667,,0,B,0.06716,0.05428,0.01816,0.00048,frames/frame_005383.jpg
5384,89.733333,,0,B,0.06733,0.05438,0.01820,0.00076,frames/frame_005384.jpg
5385,89.750000,,0,P,0.06722,0.05452,0.01815,0.00061,frames/frame_005385.jpg
5386,89.766667,,0,B,0.06787,0.05289,0.01784,0.00129,frames/frame_005386.jpg
5387,89.783333,,0,B,0.06781,0.05328,0.01766,0.00060,frames/frame_005387.jpg
5388,89.800000,,0,B,0.06802,0.05348,0.01773,0.00079,frames/frame_005388.jpg
5389,89.816667,,0,P,0.06791,0.05353,0.01757,0.00070,frames/frame_005389.jpg
5390,89.833333,,0,B,0.06851,0.05377,0.01768,0.00122,frames/frame_005390.jpg
5391,89.850000,,0,B,0.06840,0.05364,0.01767,0.00065,frames/frame_005391.jpg
5392,89.866667,,0,B,0.06861,0.05251,0.01781,0.00090,frames/frame_005392.jpg
5393,89.883333,,0,P,0.06848,0.05394,0.01788,0.00073,frames/frame_005393.jpg
5394,89.900000,,0,B,0.06903,0.05263,0.01781,0.00120,frames/frame_005394.jpg
5395,89.916667,,0,B,0.06899,0.05208,0.01773,0.00063,frames/frame_005395.jpg
5396,89.933333,,0,B,0.06913,0.05237,0.01772,0.00078,frames/frame_005396.jpg
5397,89.950000,,0,P,0.06905,0.05326,0.01757,0.00069,frames/frame_005397.jpg
5398,89.966667,,0,B,0.06942,0.05184,0.01753,0.00105,frames/frame_005398.jpg
5399,89.983333,,0,P,0.06941,0.05181,0.01736,0.00077,frames/frame_005399.jpg
5400,90.000000,,1,I,0.07219,0.04880,0.01684,0.00358,frames/frame_005400.jpg
5401,90.016667,,0,B,0.07230,0.04840,0.01675,0.00057,frames/frame_005401.jpg
5402,90.033333,,0,B,0.07221,0.04859,0.01664,0.00047,frames/frame_005402.jpg
5403,90.050000,,0,B,0.07228,0.04812,0.01651,0.00046,frames/frame_005403.jpg
5404,90.066667,,0,P,0.07209,0.04916,0.01632,0.00058,frames/frame_005404.jpg
5405,90.083333,,0,B,0.07223,0.04744,0.01635,0.00059,frames/frame_005405.jpg
5406,90.100000,,0,B,0.07217,0.04746,0.01611,0.00051,frames/frame_005406.jpg
5407,90.116667,,0,B,0.07219,0.04682,0.01622,0.00041,frames/frame_005407.jpg
5408,90.133333,,0,P,0.07210,0.04666,0.01607,0.00053,frames/frame_005408.jpg
5409,90.150000,,0,B,0.07223,0.04613,0.01609,0.00050,frames/frame_005409.jpg
5410,90.166667,,0,B,0.07215,0.04686,0.01593,0.00041,frames/frame_005410.jpg
5411,90.183333,,0,B,0.07221,0.04598,0.01602,0.00043,frames/frame_005411.jpg
5412,90.200000,,0,P,0.07213,0.04708,0.01590,0.00054,frames/frame_005412.jpg
5413,90.216667,,0,B,0.07224,0.04649,0.01601,0.00068,frames/frame_005413.jpg
5414,90.233333,,0,B,0.07222,0.04634,0.01604,0.00071,frames/frame_005414.jpg
5415,90.250000,,0,B,0.07228,0.04587,0.01531,0.00091,frames/frame_005415.jpg
5416,90.266667,,0,P,0.07227,0.04585,0.01479,0.00104,frames/frame_005416.jpg
5417,90.283333,,0,B,0.07249,0.04343,0.01437,0.00093,frames/frame_005417.jpg
5418,90.300000,,0,B,0.07246,0.04183,0.01386,0.00053,frames/frame_005418.jpg
5419,90.316667,,0,B,0.07247,0.04168,0.01392,0.00028,frames/frame_005419.jpg
5420,90.333333,,0,P,0.07239,0.04263,0.01377,0.00035,frames/frame_005420.jpg
5421,90.350000,,0,B,0.07248,0.04244,0.01395,0.00034,frames/frame_005421.jpg
5422,90.366667,,0,B,0.07248,0.04241,0.01391,0.00025,frames/frame_005422.jpg
5423,90.383333,,0,B,0.07248,0.04222,0.01395,0.00025,frames/frame_005423.jpg
5424,90.400000,,0,P,0.07240,0.04247,0.01379,0.00027,frames/frame_005424.jpg
5425,90.416667,,0,B,0.07250,0.04246,0.01381,0.00031,frames/frame_005425.jpg
5426,90.433333,,0,B,0.07246,0.04219,0.01381,0.00024,frames/frame_005426.jpg
5427,90.450000,,0,B,0.07247,0.04237,0.01384,0.00024,frames/frame_005427.jpg
5428,90.466667,,0,P,0.07244,0.04274,0.01380,0.00027,frames/frame_005428.jpg
5429,90.483333,,0,B,0.07201,0.04125,0.01544,0.00136,frames/frame_005429.jpg
5430,90.500000,,0,B,0.07211,0.04130,0.01530,0.00048,frames/frame_005430.jpg
5431,90.516667,,0,B,0.07220,0.04131,0.01552,0.00039,frames/frame_005431.jpg
5432,90.533333,,0,P,0.07213,0.04210,0.01530,0.00050,frames/frame_005432.jpg
5433,90.550000,,0,B,0.07224,0.04158,0.01554,0.00041,frames/frame_005433.jpg
5434,90.566667,,0,B,0.07232,0.04147,0.01579,0.00031,frames/frame_005434.jpg
5435,90.583333,,0,B,0.07235,0.04147,0.01585,0.00041,frames/frame_005435.jpg
5436,90.600000,,0,P,0.07231,0.04128,0.01586,0.00041,frames/frame_005436.jpg
5437,90.616667,,0,B,0.07245,0.04152,0.01601,0.00045,frames/frame_005437.jpg
5438,90.633333,,0,B,0.07256,0.04200,0.01604,0.00031,frames/frame_005438.jpg
5439,90.650000,,0,P,0.07690,0.06293,0.02279,0.00690,frames/frame_005439.jpg
5440,90.666667,,0,P,0.07659,0.06365,0.02335,0.00609,frames/frame_005440.jpg
5441,90.683333,,0,P,0.07650,0.06316,0.02299,0.00528,frames/frame_005441.jpg
5442,90.700000,,0,B,0.07664,0.06339,0.02260,0.00490,frames/frame_005442.jpg
5443,90.716667,,0,P,0.07651,0.06596,0.02220,0.00457,frames/frame_005443.jpg
5444,90.733333,,0,P,0.07666,0.06926,0.02212,0.00439,frames/frame_005444.jpg
5445,90.750000,,0,P,0.07660,0.06996,0.02190,0.00386,frames/frame_005445.jpg
5446,90.766667,,0,B,0.07677,0.06860,0.02172,0.00328,frames/frame_005446.jpg
5447,90.783333,,0,P,0.07662,0.07051,0.02144,0.00253,frames/frame_005447.jpg
5448,90.800000,,0,B,0.07673,0.06803,0.02156,0.00232,frames/frame_005448.jpg
5449,90.816667,,0,B,0.07657,0.06616,0.02145,0.00173,frames/frame_005449.jpg
5450,90.833333,,0,B,0.07651,0.06529,0.02110,0.00161,frames/frame_005450.jpg
5451,90.850000,,0,P,0.07625,0.06597,0.02108,0.00148,frames/frame_005451.jpg
5452,90.866667,,0,B,0.07635,0.06407,0.02145,0.00116,frames/frame_005452.jpg
5453,90.883333,,0,B,0.07628,0.06486,0.02140,0.00094,frames/frame_005453.jpg
5454,90.900000,,0,B,0.07590,0.06507,0.02080,0.00106,frames/frame_005454.jpg
5455,90.916667,,0,P,0.07555,0.06595,0.02037,0.00098,frames/frame_005455.jpg
5456,90.933333,,0,B,0.07573,0.06386,0.02032,0.00078,frames/frame_005456.jpg
5457,90.950000,,0,B,0.07567,0.06232,0.02037,0.00071,frames/frame_005457.jpg
5458,90.966667,,0,B,0.07575,0.06200,0.02037,0.00059,frames/frame_005458.jpg
5459,90.983333,,0,P,0.07551,0.06230,0.02023,0.00082,frames/frame_005459.jpg
5460,91.000000,,0,B,0.07558,0.06147,0.02024,0.00065,frames/frame_005460.jpg
5461,91.016667,,0,B,0.07553,0.06117,0.02012,0.00049,frames/frame_005461.jpg
5462,91.033333,,0,B,0.07559,0.06101,0.02012,0.00047,frames/frame_005462.jpg
5463,91.050000,,0,P,0.07539,0.06170,0.01999,0.00063,frames/frame_005463.jpg
5464,91.066667,,0,B,0.07545,0.06026,0.02007,0.00052,frames/frame_005464.jpg
5465,91.083333,,0,B,0.07545,0.06019,0.02002,0.00034,frames/frame_005465.jpg
5466,91.100000,,0,B,0.07544,0.05971,0.02004,0.00040,frames/frame_005466.jpg
5467,91.116667,,0,P,0.07536,0.06123,0.01991,0.00049,frames/frame_005467.jpg
5468,91.133333,,0,B,0.07543,0.06003,0.01998,0.00040,frames/frame_005468.jpg
5469,91.150000,,0,B,0.07539,0.06026,0.01994,0.00030,frames/frame_005469.jpg
5470,91.166667,,0,B,0.07541,0.06018,0.02001,0.00030,frames/frame_005470.jpg
5471,91.183333,,0,P,0.07536,0.06084,0.01992,0.00032,frames/frame_005471.jpg
5472,91.200000,,0,B,0.07537,0.06025,0.02000,0.00037,frames/frame_005472.jpg
5473,91.216667,,0,B,0.07536,0.06040,0.02008,0.00031,frames/frame_005473.jpg
5474,91.233333,,0,B,0.07541,0.06019,0.02006,0.00030,frames/frame_005474.jpg
5475,91.250000,,0,P,0.07534,0.06034,0.02009,0.00035,frames/frame_005475.jpg
5476,91.266667,,0,B,0.07539,0.05960,0.02012,0.00039,frames/frame_005476.jpg
5477,91.283333,,0,B,0.07537,0.05950,0.02026,0.00028,frames/frame_005477.jpg
5478,91.300000,,0,B,0.07540,0.05971,0.02037,0.00031,frames/frame_005478.jpg
5479,91.316667,,0,P,0.07536,0.05934,0.02035,0.00040,frames/frame_005479.jpg
5480,91.333333,,0,B,0.07542,0.05894,0.02042,0.00035,frames/frame_005480.jpg
5481,91.350000,,0,B,0.07537,0.05903,0.02042,0.00036,frames/frame_005481.jpg
5482,91.366667,,0,B,0.07540,0.05922,0.02041,0.00032,frames/frame_005482.jpg
5483,91.383333,,0,P,0.07534,0.05944,0.02042,0.00041,frames/frame_005483.jpg
5484,91.400000,,0,B,0.07538,0.05938,0.02041,0.00036,frames/frame_005484.jpg
5485,91.416667,,0,B,0.07534,0.05969,0.02041,0.00033,frames/frame_005485.jpg
5486,91.433333,,0,B,0.07538,0.05976,0.02037,0.00031,frames/frame_005486.jpg
5487,91.450000,,0,P,0.07531,0.06055,0.02043,0.00040,frames/frame_005487.jpg
5488,91.466667,,0,B,0.07535,0.06034,0.02036,0.00044,frames/frame_005488.jpg
5489,91.483333,,0,B,0.07536,0.06052,0.02023,0.00036,frames/frame_005489.jpg
5490,91.500000,,0,B,0.07540,0.06070,0.02014,0.00039,frames/frame_005490.jpg
5491,91.516667,,0,P,0.07525,0.06017,0.02000,0.00048,frames/frame_005491.jpg
5492,91.533333,,0,B,0.07532,0.06096,0.02003,0.00055,frames/frame_005492.jpg
5493,91.550000,,0,B,0.07533,0.06094,0.02017,0.00042,frames/frame_005493.jpg
5494,91.566667,,0,B,0.07537,0.06084,0.02017,0.00062,frames/frame_005494.jpg
5495,91.583333,,0,P,0.07527,0.06053,0.02033,0.00077,frames/frame_005495.jpg
5496,91.600000,,0,B,0.07543,0.05926,0.02012,0.00102,frames/frame_005496.jpg
5497,91.616667,,0,B,0.07555,0.05682,0.02019,0.00113,frames/frame_005497.jpg
5498,91.633333,,0,B,0.07576,0.05566,0.01957,0.00113,frames/frame_005498.jpg
5499,91.650000,,0,P,0.07578,0.05463,0.01938,0.00098,frames/frame_005499.jpg
5500,91.666667,,0,B,0.07587,0.05258,0.01930,0.00066,frames/frame_005500.jpg
5501,91.683333,,0,B,0.07594,0.05205,0.01925,0.00045,frames/frame_005501.jpg
5502,91.700000,,0,B,0.07601,0.05164,0.01920,0.00043,frames/frame_005502.jpg
5503,91.716667,,0,P,0.07598,0.05079,0.01912,0.00056,frames/frame_005503.jpg
5504,91.733333,,0,B,0.07607,0.04711,0.01910,0.00065,frames/frame_005504.jpg
5505,91.750000,,0,B,0.07600,0.04734,0.01939,0.00052,frames/frame_005505.jpg
5506,91.766667,,0,B,0.07598,0.04590,0.01961,0.00051,frames/frame_005506.jpg
5507,91.783333,,0,P,0.07573,0.04517,0.01972,0.00070,frames/frame_005507.jpg
5508,91.800000,,0,B,0.07586,0.04239,0.01998,0.00060,frames/frame_005508.jpg
5509,91.816667,,0,B,0.07587,0.04202,0.02004,0.00048,frames/frame_005509.jpg
5510,91.833333,,0,B,0.07593,0.04228,0.02011,0.00043,frames/frame_005510.jpg
5511,91.850000,,0,P,0.07578,0.04067,0.02004,0.00060,frames/frame_005511.jpg
5512,91.866667,,0,B,0.07588,0.03964,0.02009,0.00051,frames/frame_005512.jpg
5513,91.883333,,0,B,0.07593,0.03911,0.02011,0.00039,frames/frame_005513.jpg
5514,91.900000,,0,B,0.07597,0.03861,0.02017,0.00040,frames/frame_005514.jpg
5515,91.916667,,0,P,0.07591,0.03782,0.02009,0.00053,frames/frame_005515.jpg
5516,91.933333,,0,B,0.07591,0.03619,0.02017,0.00048,frames/frame_005516.jpg
5517,91.950000,,0,B,0.07591,0.03588,0.02013,0.00036,frames/frame_005517.jpg
5518,91.966667,,0,B,0.07589,0.03531,0.02014,0.00033,frames/frame_005518.jpg
5519,91.983333,,0,P,0.07573,0.03577,0.02005,0.00046,frames/frame_005519.jpg
5520,92.000000,,0,B,0.07579,0.03538,0.02009,0.00036,frames/frame_005520.jpg
5521,92.016667,,0,B,0.07578,0.03544,0.02005,0.00027,frames/frame_005521.jpg
5522,92.033333,,0,B,0.07578,0.03535,0.02001,0.00031,frames/frame_005522.jpg
5523,92.050000,,0,P,0.07574,0.03528,0.02000,0.00035,frames/frame_005523.jpg
5524,92.066667,,0,B,0.07577,0.03461,0.02004,0.00035,frames/frame_005524.jpg
5525,92.083333,,0,B,0.07574,0.03517,0.02009,0.00030,frames/frame_005525.jpg
5526,92.100000,,0,B,0.07577,0.03464,0.02014,0.00028,frames/frame_005526.jpg
5527,92.116667,,0,P,0.07572,0.03572,0.02010,0.00036,frames/frame_005527.jpg
5528,92.133333,,0,B,0.07575,0.03469,0.02015,0.00038,frames/frame_005528.jpg
5529,92.150000,,0,B,0.07574,0.03494,0.02013,0.00025,frames/frame_005529.jpg
5530,92.166667,,0,B,0.07576,0.03430,0.01998,0.00033,frames/frame_005530.jpg
5531,92.183333,,0,P,0.07570,0.03511,0.01991,0.00037,frames/frame_005531.jpg
5532,92.200000,,0,B,0.07574,0.03502,0.01985,0.00036,frames/frame_005532.jpg
5533,92.216667,,0,B,0.07571,0.03492,0.01987,0.00030,frames/frame_005533.jpg
5534,92.233333,,0,B,0.07571,0.03511,0.01995,0.00031,frames/frame_005534.jpg
5535,92.250000,,0,P,0.07569,0.03504,0.02010,0.00043,frames/frame_005535.jpg
5536,92.266667,,0,B,0.07572,0.03509,0.02014,0.00040,frames/frame_005536.jpg
5537,92.283333,,0,B,0.07572,0.03504,0.02031,0.00034,frames/frame_005537.jpg
5538,92.300000,,0,B,0.07543,0.03309,0.02083,0.00085,frames/frame_005538.jpg
5539,92.316667,,0,P,0.07506,0.03338,0.02197,0.00096,frames/frame_005539.jpg
5540,92.333333,,0,B,0.07523,0.03319,0.02206,0.00059,frames/frame_005540.jpg
5541,92.350000,,0,B,0.07513,0.03379,0.02244,0.00051,frames/frame_005541.jpg
5542,92.366667,,0,B,0.07518,0.03373,0.02236,0.00050,frames/frame_005542.jpg
5543,92.383333,,0,P,0.07514,0.03396,0.02214,0.00052,frames/frame_005543.jpg
5544,92.400000,,0,B,0.07527,0.03365,0.02238,0.00059,frames/frame_005544.jpg
5545,92.416667,,0,B,0.07523,0.03386,0.02214,0.00040,frames/frame_005545.jpg
5546,92.433333,,0,B,0.07525,0.03354,0.02206,0.00046,frames/frame_005546.jpg
5547,92.450000,,0,P,0.07528,0.03409,0.02222,0.00051,frames/frame_005547.jpg
5548,92.466667,,0,P,0.08002,0.05272,0.02919,0.00831,frames/frame_005548.jpg
5549,92.483333,,0,P,0.07966,0.05371,0.02954,0.00907,frames/frame_005549.jpg
5550,92.500000,,0,P,0.07951,0.05357,0.02949,0.00790,frames/frame_005550.jpg
5551,92.516667,,0,P,0.07932,0.05570,0.02927,0.00750,frames/frame_005551.jpg
5552,92.533333,,0,P,0.07923,0.05587,0.02901,0.00723,frames/frame_005552.jpg
5553,92.550000,,0,P,0.07928,0.05705,0.02875,0.00643,frames/frame_005553.jpg
5554,92.566667,,0,P,0.07902,0.05830,0.02837,0.00547,frames/frame_005554.jpg
5555,92.583333,,0,P,0.07894,0.05972,0.02873,0.00467,frames/frame_005555.jpg
5556,92.600000,,0,B,0.07897,0.05641,0.02761,0.00395,frames/frame_005556.jpg
5557,92.616667,,0,P,0.07875,0.05893,0.02831,0.00316,frames/frame_005557.jpg
5558,92.633333,,0,B,0.07886,0.05791,0.02779,0.00258,frames/frame_005558.jpg
5559,92.650000,,0,B,0.07872,0.05727,0.02734,0.00215,frames/frame_005559.jpg
5560,92.666667,,0,B,0.07875,0.05793,0.02763,0.00164,frames/frame_005560.jpg
5561,92.683333,,0,P,0.07850,0.05898,0.02751,0.00147,frames/frame_005561.jpg
5562,92.700000,,0,B,0.07866,0.05634,0.02713,0.00131,frames/frame_005562.jpg
5563,92.716667,,0,B,0.07856,0.05432,0.02711,0.00110,frames/frame_005563.jpg
5564,92.733333,,0,B,0.07821,0.05587,0.02629,0.00137,frames/frame_005564.jpg
5565,92.750000,,0,P,0.07801,0.05775,0.02561,0.00138,frames/frame_005565.jpg
5566,92.766667,,0,B,0.07823,0.05316,0.02507,0.00152,frames/frame_005566.jpg
5567,92.783333,,0,B,0.07756,0.04955,0.02530,0.00203,frames/frame_005567.jpg
5568,92.800000,,0,B,0.07777,0.04847,0.02499,0.00111,frames/frame_005568.jpg
5569,92.816667,,0,P,0.07759,0.05139,0.02534,0.00132,frames/frame_005569.jpg
5570,92.833333,,0,B,0.07766,0.04981,0.02523,0.00126,frames/frame_005570.jpg
5571,92.850000,,0,B,0.07763,0.05106,0.02550,0.00118,frames/frame_005571.jpg
5572,92.866667,,0,B,0.07778,0.04850,0.02606,0.00141,frames/frame_005572.jpg
5573,92.883333,,0,P,0.07759,0.05291,0.02621,0.00153,frames/frame_005573.jpg
5574,92.900000,,0,B,0.07786,0.04925,0.02672,0.00158,frames/frame_005574.jpg
5575,92.916667,,0,B,0.07771,0.05031,0.02657,0.00149,frames/frame_005575.jpg
5576,92.933333,,0,B,0.07775,0.04902,0.02660,0.00164,frames/frame_005576.jpg
5577,92.950000,,0,P,0.08116,0.06704,0.03228,0.00848,frames/frame_005577.jpg
5578,92.966667,,0,P,0.08063,0.06846,0.03180,0.00828,frames/frame_005578.jpg
5579,92.983333,,0,P,0.08022,0.06987,0.03133,0.00714,frames/frame_005579.jpg
5580,93.000000,,1,I,0.08023,0.07088,0.02995,0.00658,frames/frame_005580.jpg
5581,93.016667,,0,B,0.08029,0.06712,0.02972,0.00373,frames/frame_005581.jpg
5582,93.033333,,0,B,0.08001,0.06666,0.02908,0.00226,frames/frame_005582.jpg
5583,93.050000,,0,B,0.07986,0.06554,0.02872,0.00144,frames/frame_005583.jpg
5584,93.066667,,0,P,0.07954,0.06726,0.02876,0.00160,frames/frame_005584.jpg
5585,93.083333,,0,B,0.07939,0.06548,0.02884,0.00189,frames/frame_005585.jpg
5586,93.100000,,0,B,0.07941,0.06234,0.02778,0.00253,frames/frame_005586.jpg
5587,93.116667,,0,P,0.07918,0.06339,0.02800,0.00297,frames/frame_005587.jpg
5588,93.133333,,0,B,0.07918,0.05938,0.02778,0.00319,frames/frame_005588.jpg
5589,93.150000,,0,P,0.07886,0.06006,0.02769,0.00344,frames/frame_005589.jpg
5590,93.166667,,0,B,0.07847,0.05683,0.02720,0.00433,frames/frame_005590.jpg
5591,93.183333,,0,P,0.07814,0.05690,0.02625,0.00367,frames/frame_005591.jpg
5592,93.200000,,0,P,0.07781,0.05425,0.02548,0.00362,frames/frame_005592.jpg
5593,93.216667,,0,B,0.07776,0.05188,0.02522,0.00331,frames/frame_005593.jpg
5594,93.233333,,0,P,0.07764,0.05160,0.02452,0.00318,frames/frame_005594.jpg
5595,93.250000,,0,B,0.07800,0.04743,0.02500,0.00308,frames/frame_005595.jpg
5596,93.266667,,0,P,0.07766,0.04756,0.02410,0.00279,frames/frame_005596.jpg
5597,93.283333,,0,B,0.07776,0.04661,0.02482,0.00253,frames/frame_005597.jpg
5598,93.300000,,0,P,0.07759,0.04716,0.02433,0.00224,frames/frame_005598.jpg
5599,93.316667,,0,B,0.07770,0.04705,0.02388,0.00231,frames/frame_005599.jpg
5600,93.333333,,0,B,0.07903,0.05807,0.02641,0.00867,frames/frame_005600.jpg
5601,93.350000,,0,B,0.07903,0.05658,0.02683,0.00367,frames/frame_005601.jpg
5602,93.366667,,0,P,0.07872,0.05622,0.02580,0.00307,frames/frame_005602.jpg
5603,93.383333,,0,B,0.07877,0.05544,0.02609,0.00249,frames/frame_005603.jpg
5604,93.400000,,0,B,0.07859,0.05493,0.02560,0.00210,frames/frame_005604.jpg
5605,93.416667,,0,B,0.07859,0.05393,0.02527,0.00180,frames/frame_005605.jpg
5606,93.433333,,0,P,0.07831,0.05531,0.02524,0.00160,frames/frame_005606.jpg
5607,93.450000,,0,B,0.07840,0.05272,0.02518,0.00126,frames/frame_005607.jpg
5608,93.466667,,0,B,0.07833,0.05278,0.02513,0.00105,frames/frame_005608.jpg
5609,93.483333,,0,B,0.07832,0.05266,0.02502,0.00101,frames/frame_005609.jpg
5610,93.500000,,0,P,0.07811,0.05311,0.02486,0.00104,frames/frame_005610.jpg
5611,93.516667,,0,B,0.07826,0.05043,0.02469,0.00096,frames/frame_005611.jpg
5612,93.533333,,0,B,0.07818,0.05088,0.02463,0.00081,frames/frame_005612.jpg
5613,93.550000,,0,B,0.07818,0.05015,0.02442,0.00071,frames/frame_005613.jpg
5614,93.566667,,0,P,0.07797,0.05247,0.02433,0.00089,frames/frame_005614.jpg
5615,93.583333,,0,B,0.07805,0.05111,0.02415,0.00092,frames/frame_005615.jpg
5616,93.600000,,0,B,0.07793,0.05145,0.02417,0.00074,frames/frame_005616.jpg
5617,93.616667,,0,B,0.07799,0.05061,0.02421,0.00075,frames/frame_005617.jpg
5618,93.633333,,0,P,0.07777,0.05041,0.02417,0.00084,frames/frame_005618.jpg
5619,93.650000,,0,B,0.07790,0.04963,0.02424,0.00080,frames/frame_005619.jpg
5620,93.666667,,0,B,0.07782,0.04965,0.02408,0.00068,frames/frame_005620.jpg
5621,93.683333,,0,B,0.07787,0.04846,0.02407,0.00068,frames/frame_005621.jpg
5622,93.700000,,0,P,0.07764,0.04920,0.02378,0.00085,frames/frame_005622.jpg
5623,93.716667,,0,B,0.07776,0.04846,0.02376,0.00077,frames/frame_005623.jpg
5624,93.733333,,0,B,0.07770,0.04808,0.02346,0.00069,frames/frame_005624.jpg
5625,93.750000,,0,B,0.07773,0.04745,0.02343,0.00074,frames/frame_005625.jpg
5626,93.766667,,0,P,0.07749,0.04838,0.02335,0.00082,frames/frame_005626.jpg
5627,93.783333,,0,B,0.07758,0.04797,0.02329,0.00083,frames/frame_005627.jpg
5628,93.800000,,0,B,0.07751,0.04729,0.02340,0.00078,frames/frame_005628.jpg
5629,93.816667,,0,B,0.07752,0.04736,0.02339,0.00074,frames/frame_005629.jpg
5630,93.833333,,0,P,0.07738,0.04919,0.02337,0.00085,frames/frame_005630.jpg
5631,93.850000,,0,B,0.07754,0.04795,0.02344,0.00084,frames/frame_005631.jpg
5632,93.866667,,0,B,0.07740,0.04796,0.02331,0.00080,frames/frame_005632.jpg
5633,93.883333,,0,B,0.07739,0.04761,0.02329,0.00083,frames/frame_005633.jpg
5634,93.900000,,0,P,0.07721,0.04924,0.02309,0.00097,frames/frame_005634.jpg
5635,93.916667,,0,B,0.07726,0.04716,0.02318,0.00101,frames/frame_005635.jpg
5636,93.933333,,0,B,0.07708,0.04777,0.02317,0.00091,frames/frame_005636.jpg
5637,93.950000,,0,B,0.07711,0.04573,0.02308,0.00085,frames/frame_005637.jpg
5638,93.966667,,0,P,0.07694,0.04764,0.02297,0.00098,frames/frame_005638.jpg
5639,93.983333,,0,B,0.07707,0.04557,0.02294,0.00100,frames/frame_005639.jpg
5640,94.000000,,0,B,0.07693,0.04535,0.02270,0.00096,frames/frame_005640.jpg
5641,94.016667,,0,B,0.07690,0.04556,0.02264,0.00097,frames/frame_005641.jpg
5642,94.033333,,0,P,0.07662,0.04628,0.02241,0.00112,frames/frame_005642.jpg
5643,94.050000,,0,B,0.07671,0.04505,0.02231,0.00108,frames/frame_005643.jpg
5644,94.066667,,0,B,0.07658,0.04481,0.02217,0.00096,frames/frame_005644.jpg
5645,94.083333,,0,B,0.07653,0.04469,0.02230,0.00107,frames/frame_005645.jpg
5646,94.100000,,0,P,0.07630,0.04363,0.02231,0.00120,frames/frame_005646.jpg
5647,94.116667,,0,B,0.07631,0.04215,0.02184,0.00134,frames/frame_005647.jpg
5648,94.133333,,0,B,0.07616,0.04182,0.02122,0.00123,frames/frame_005648.jpg
5649,94.150000,,0,B,0.07613,0.03855,0.02125,0.00138,frames/frame_005649.jpg
5650,94.166667,,0,P,0.07574,0.03832,0.02123,0.00109,frames/frame_005650.jpg
5651,94.183333,,0,B,0.07584,0.03777,0.02137,0.00099,frames/frame_005651.jpg
5652,94.200000,,0,B,0.07564,0.03761,0.02118,0.00094,frames/frame_005652.jpg
5653,94.216667,,0,B,0.07569,0.03720,0.02104,0.00092,frames/frame_005653.jpg
5654,94.233333,,0,P,0.07559,0.03837,0.02095,0.00100,frames/frame_005654.jpg
5655,94.250000,,0,B,0.07570,0.03748,0.02093,0.00086,frames/frame_005655.jpg
5656,94.266667,,0,B,0.07556,0.03781,0.02074,0.00081,frames/frame_005656.jpg
5657,94.283333,,0,B,0.07552,0.03722,0.02058,0.00078,frames/frame_005657.jpg
5658,94.300000,,0,P,0.07759,0.04428,0.02239,0.00324,frames/frame_005658.jpg
5659,94.316667,,0,B,0.07622,0.04494,0.02133,0.00299,frames/frame_005659.jpg
5660,94.333333,,0,B,0.07620,0.04536,0.02137,0.00051,frames/frame_005660.jpg
5661,94.350000,,0,B,0.07626,0.04486,0.02133,0.00049,frames/frame_005661.jpg
5662,94.366667,,0,P,0.07612,0.04498,0.02135,0.00054,frames/frame_005662.jpg
5663,94.383333,,0,B,0.07619,0.04509,0.02139,0.00056,frames/frame_005663.jpg
5664,94.400000,,0,B,0.07624,0.04522,0.02147,0.00050,frames/frame_005664.jpg
5665,94.416667,,0,B,0.07631,0.04551,0.02155,0.00049,frames/frame_005665.jpg
5666,94.433333,,0,P,0.07619,0.04479,0.02165,0.00057,frames/frame_005666.jpg
5667,94.450000,,0,B,0.07628,0.04500,0.02179,0.00051,frames/frame_005667.jpg
5668,94.466667,,0,B,0.07620,0.04452,0.02181,0.00052,frames/frame_005668.jpg
5669,94.483333,,0,B,0.07626,0.04338,0.02184,0.00044,frames/frame_005669.jpg
5670,94.500000,,0,P,0.07610,0.04436,0.02176,0.00056,frames/frame_005670.jpg
5671,94.516667,,0,B,0.07623,0.04272,0.02184,0.00055,frames/frame_005671.jpg
5672,94.533333,,0,B,0.07618,0.04361,0.02179,0.00044,frames/frame_005672.jpg
5673,94.550000,,0,B,0.07619,0.04348,0.02174,0.00044,frames/frame_005673.jpg
5674,94.566667,,0,P,0.07592,0.04425,0.02148,0.00064,frames/frame_005674.jpg
5675,94.583333,,0,B,0.07608,0.04306,0.02161,0.00061,frames/frame_005675.jpg
5676,94.600000,,0,B,0.07606,0.04393,0.02152,0.00048,frames/frame_005676.jpg
5677,94.616667,,0,B,0.07609,0.04361,0.02153,0.00045,frames/frame_005677.jpg
5678,94.633333,,0,P,0.07592,0.04463,0.02141,0.00054,frames/frame_005678.jpg
5679,94.650000,,0,B,0.07602,0.04266,0.02157,0.00056,frames/frame_005679.jpg
5680,94.666667,,0,B,0.07598,0.04262,0.02158,0.00043,frames/frame_005680.jpg
5681,94.683333,,0,B,0.07600,0.04232,0.02163,0.00044,frames/frame_005681.jpg
5682,94.700000,,0,P,0.07585,0.04321,0.02164,0.00053,frames/frame_005682.jpg
5683,94.716667,,0,B,0.07595,0.04227,0.02176,0.00058,frames/frame_005683.jpg
5684,94.733333,,0,B,0.07588,0.04170,0.02173,0.00048,frames/frame_005684.jpg
5685,94.750000,,0,B,0.07594,0.04145,0.02177,0.00047,frames/frame_005685.jpg
5686,94.766667,,0,P,0.07577,0.04185,0.02167,0.00061,frames/frame_005686.jpg
5687,94.783333,,0,B,0.07620,0.04457,0.02253,0.00101,frames/frame_005687.jpg
5688,94.800000,,0,B,0.07615,0.04511,0.02242,0.00052,frames/frame_005688.jpg
5689,94.816667,,0,B,0.07620,0.04521,0.02249,0.00054,frames/frame_005689.jpg
5690,94.833333,,0,P,0.07602,0.04477,0.02217,0.00062,frames/frame_005690.jpg
5691,94.850000,,0,B,0.07613,0.04464,0.02207,0.00065,frames/frame_005691.jpg
5692,94.866667,,0,B,0.07605,0.04390,0.02189,0.00056,frames/frame_005692.jpg
5693,94.883333,,0,B,0.07609,0.04401,0.02179,0.00058,frames/frame_005693.jpg
5694,94.900000,,0,P,0.07597,0.04520,0.02146,0.00068,frames/frame_005694.jpg
5695,94.916667,,0,B,0.07603,0.04320,0.02104,0.00067,frames/frame_005695.jpg
5696,94.933333,,0,B,0.07597,0.04304,0.02083,0.00056,frames/frame_005696.jpg
5697,94.950000,,0,B,0.07595,0.04252,0.02059,0.00058,frames/frame_005697.jpg
5698,94.966667,,0,P,0.07577,0.04236,0.02052,0.00066,frames/frame_005698.jpg
5699,94.983333,,0,B,0.07590,0.04173,0.02032,0.00071,frames/frame_005699.jpg
5700,95.000000,,0,B,0.07578,0.04149,0.02036,0.00062,frames/frame_005700.jpg
5701,95.016667,,0,B,0.07580,0.04160,0.02039,0.00065,frames/frame_005701.jpg
5702,95.033333,,0,P,0.07564,0.04256,0.02035,0.00067,frames/frame_005702.jpg
5703,95.050000,,0,B,0.07571,0.04136,0.02042,0.00058,frames/frame_005703.jpg
5704,95.066667,,0,B,0.07561,0.04068,0.02034,0.00052,frames/frame_005704.jpg
5705,95.083333,,0,B,0.07564,0.04099,0.02047,0.00050,frames/frame_005705.jpg
5706,95.100000,,0,P,0.07549,0.04111,0.02046,0.00058,frames/frame_005706.jpg
5707,95.116667,,0,B,0.07561,0.04033,0.02055,0.00056,frames/frame_005707.jpg
5708,95.133333,,0,B,0.07551,0.04030,0.02045,0.00051,frames/frame_005708.jpg
5709,95.150000,,0,B,0.07548,0.04017,0.02033,0.00047,frames/frame_005709.jpg
5710,95.166667,,0,P,0.07530,0.04180,0.02023,0.00057,frames/frame_005710.jpg
5711,95.183333,,0,B,0.07534,0.04147,0.02023,0.00048,frames/frame_005711.jpg
5712,95.200000,,0,B,0.07539,0.04067,0.02019,0.00052,frames/frame_005712.jpg
5713,95.216667,,0,P,0.07529,0.04180,0.02013,0.00054,frames/frame_005713.jpg
5714,95.233333,,0,B,0.05970,0.02259,0.01631,0.01507,frames/frame_005714.jpg
5715,95.250000,,0,P,0.03799,0.00224,0.00421,0.02163,frames/frame_005715.jpg
5716,95.266667,,0,B,0.03800,0.00228,0.00421,0.00001,frames/frame_005716.jpg
5717,95.283333,,0,B,0.03800,0.00228,0.00422,0.00001,frames/frame_005717.jpg
5718,95.300000,,0,B,0.03800,0.00227,0.00421,0.00000,frames/frame_005718.jpg
5719,95.316667,,0,P,0.03800,0.00210,0.00421,0.00002,frames/frame_005719.jpg
5720,95.333333,,0,B,0.03799,0.00205,0.00421,0.00001,frames/frame_005720.jpg
5721,95.350000,,0,B,0.03799,0.00211,0.00420,0.00003,frames/frame_005721.jpg
5722,95.366667,,0,B,0.03799,0.00208,0.00422,0.00001,frames/frame_005722.jpg
5723,95.383333,,0,P,0.03796,0.00230,0.00417,0.00004,frames/frame_005723.jpg
5724,95.400000,,0,B,0.03797,0.00197,0.00411,0.00012,frames/frame_005724.jpg
5725,95.416667,,0,P,0.03771,0.00199,0.00366,0.00028,frames/frame_005725.jpg
5726,95.433333,,0,B,0.03766,0.00182,0.00356,0.00008,frames/frame_005726.jpg
5727,95.450000,,0,B,0.03761,0.00101,0.00338,0.00008,frames/frame_005727.jpg
5728,95.466667,,0,P,0.03753,0.00000,0.00321,0.00009,frames/frame_005728.jpg
5729,95.483333,,0,B,0.03812,0.00045,0.00455,0.00060,frames/frame_005729.jpg
5730,95.500000,,0,P,0.03811,0.00044,0.00478,0.00028,frames/frame_005730.jpg
5731,95.516667,,0,B,0.03817,0.00038,0.00478,0.00025,frames/frame_005731.jpg
5732,95.533333,,0,B,0.03826,0.00083,0.00492,0.00025,frames/frame_005732.jpg
5733,95.550000,,0,B,0.03857,0.00052,0.00558,0.00045,frames/frame_005733.jpg
5734,95.566667,,0,P,0.03864,0.00056,0.00587,0.00026,frames/frame_005734.jpg
5735,95.583333,,0,B,0.03874,0.00052,0.00623,0.00026,frames/frame_005735.jpg
5736,95.600000,,0,B,0.03879,0.00048,0.00647,0.00019,frames/frame_005736.jpg
5737,95.616667,,0,B,0.03883,0.00058,0.00674,0.00018,frames/frame_005737.jpg
5738,95.633333,,0,P,0.03884,0.00053,0.00685,0.00019,frames/frame_005738.jpg
5739,95.650000,,0,B,0.03898,0.00055,0.00719,0.00029,frames/frame_005739.jpg
5740,95.666667,,0,P,0.03902,0.00051,0.00724,0.00017,frames/frame_005740.jpg
5741,95.683333,,0,B,0.03921,0.00048,0.00759,0.00030,frames/frame_005741.jpg
5742,95.700000,,0,P,0.03931,0.00051,0.00779,0.00021,frames/frame_005742.jpg
5743,95.716667,,0,B,0.03934,0.00049,0.00793,0.00015,frames/frame_005743.jpg
5744,95.733333,,0,B,0.04078,0.00246,0.01106,0.00209,frames/frame_005744.jpg
5745,95.750000,,0,P,0.04065,0.00263,0.01098,0.00186,frames/frame_005745.jpg
5746,95.766667,,0,B,0.04065,0.00094,0.01106,0.00133,frames/frame_005746.jpg
5747,95.783333,,0,P,0.04059,0.00182,0.01087,0.00086,frames/frame_005747.jpg
5748,95.800000,,0,P,0.04060,0.00195,0.01092,0.00068,frames/frame_005748.jpg
5749,95.816667,,0,B,0.04069,0.00215,0.01125,0.00061,frames/frame_005749.jpg
5750,95.833333,,0,B,0.04069,0.00203,0.01129,0.00036,frames/frame_005750.jpg
5751,95.850000,,0,B,0.04076,0.00204,0.01152,0.00032,frames/frame_005751.jpg
5752,95.866667,,0,P,0.04073,0.00203,0.01153,0.00027,frames/frame_005752.jpg
5753,95.883333,,0,B,0.04083,0.00209,0.01182,0.00032,frames/frame_005753.jpg
5754,95.900000,,0,B,0.04087,0.00202,0.01185,0.00021,frames/frame_005754.jpg
5755,95.916667,,0,B,0.04091,0.00198,0.01201,0.00013,frames/frame_005755.jpg
5756,95.933333,,0,P,0.04089,0.00204,0.01188,0.00022,frames/frame_005756.jpg
5757,95.950000,,0,B,0.04090,0.00202,0.01190,0.00008,frames/frame_005757.jpg
5758,95.966667,,0,B,0.04093,0.00198,0.01198,0.00011,frames/frame_005758.jpg
5759,95.983333,,0,P,0.04091,0.00207,0.01195,0.00008,frames/frame_005759.jpg
5760,96.000000,,1,I,0.04109,0.00202,0.01219,0.00070,frames/frame_005760.jpg
5761,96.016667,,0,B,0.04109,0.00200,0.01219,0.00001,frames/frame_005761.jpg
5762,96.033333,,0,B,0.04109,0.00204,0.01218,0.00000,frames/frame_005762.jpg
5763,96.050000,,0,B,0.04109,0.00201,0.01219,0.00000,frames/frame_005763.jpg
5764,96.066667,,0,P,0.04109,0.00201,0.01219,0.00001,frames/frame_005764.jpg
5765,96.083333,,0,B,0.04109,0.00205,0.01218,0.00001,frames/frame_005765.jpg
5766,96.100000,,0,B,0.04149,0.00187,0.01283,0.00047,frames/frame_005766.jpg
5767,96.116667,,0,P,0.04148,0.00227,0.01290,0.00194,frames/frame_005767.jpg
5768,96.133333,,0,P,0.04118,0.00176,0.01263,0.00135,frames/frame_005768.jpg
5769,96.150000,,0,B,0.04106,0.00246,0.01223,0.00085,frames/frame_005769.jpg
5770,96.166667,,0,B,0.04097,0.00330,0.01207,0.00056,frames/frame_005770.jpg
5771,96.183333,,0,B,0.04092,0.00338,0.01213,0.00035,frames/frame_005771.jpg
5772,96.200000,,0,P,0.04091,0.00349,0.01216,0.00027,frames/frame_005772.jpg
5773,96.216667,,0,B,0.04093,0.00338,0.01214,0.00019,frames/frame_005773.jpg
5774,96.233333,,0,B,0.04089,0.00347,0.01216,0.00014,frames/frame_005774.jpg
5775,96.250000,,0,B,0.04091,0.00337,0.01216,0.00007,frames/frame_005775.jpg
5776,96.266667,,0,P,0.04089,0.00340,0.01207,0.00010,frames/frame_005776.jpg
5777,96.283333,,0,B,0.04099,0.00407,0.01234,0.00031,frames/frame_005777.jpg
5778,96.300000,,0,B,0.04102,0.00413,0.01247,0.00021,frames/frame_005778.jpg
5779,96.316667,,0,B,0.04106,0.00411,0.01265,0.00028,frames/frame_005779.jpg
5780,96.333333,,0,P,0.04232,0.00493,0.01531,0.00269,frames/frame_005780.jpg
5781,96.350000,,0,B,0.04361,0.00425,0.02010,0.00375,frames/frame_005781.jpg
5782,96.366667,,0,B,0.04541,0.00202,0.02425,0.00433,frames/frame_005782.jpg
5783,96.383333,,0,P,0.04679,0.00385,0.02850,0.00739,frames/frame_005783.jpg
5784,96.400000,,0,P,0.04760,0.00157,0.03193,0.00921,frames/frame_005784.jpg
5785,96.416667,,0,P,0.04991,0.00249,0.03728,0.01075,frames/frame_005785.jpg
5786,96.433333,,0,P,0.04910,0.00231,0.03815,0.00770,frames/frame_005786.jpg
5787,96.450000,,0,P,0.04868,0.01980,0.03895,0.00479,frames/frame_005787.jpg
5788,96.466667,,0,P,0.04759,0.03850,0.03488,0.00373,frames/frame_005788.jpg
5789,96.483333,,0,B,0.04649,0.05708,0.02977,0.00209,frames/frame_005789.jpg
5790,96.500000,,0,B,0.04500,0.07927,0.02359,0.00228,frames/frame_005790.jpg
5791,96.516667,,0,B,0.04344,0.05107,0.01884,0.00235,frames/frame_005791.jpg
5792,96.533333,,0,P,0.04331,0.06368,0.01834,0.00102,frames/frame_005792.jpg
5793,96.550000,,0,P,0.04257,0.06888,0.01628,0.00133,frames/frame_005793.jpg
5794,96.566667,,0,P,0.04702,0.10957,0.01567,0.00680,frames/frame_005794.jpg
5795,96.583333,,0,B,0.04493,0.10376,0.01379,0.00267,frames/frame_005795.jpg
5796,96.600000,,0,B,0.03728,0.01404,0.00584,0.00826,frames/frame_005796.jpg
5797,96.616667,,0,P,0.04364,0.08109,0.00927,0.00674,frames/frame_005797.jpg
5798,96.633333,,0,P,0.04551,0.11225,0.01227,0.01188,frames/frame_005798.jpg
5799,96.650000,,0,B,0.04638,0.13928,0.01520,0.01204,frames/frame_005799.jpg
5800,96.666667,,0,P,0.04671,0.13940,0.01667,0.01210,frames/frame_005800.jpg
5801,96.683333,,0,P,0.04736,0.14886,0.01823,0.01072,frames/frame_005801.jpg
5802,96.700000,,0,P,0.04804,0.15491,0.02018,0.01099,frames/frame_005802.jpg
5803,96.716667,,0,B,0.04954,0.18317,0.02259,0.01098,frames/frame_005803.jpg
5804,96.733333,,0,P,0.04935,0.17987,0.02336,0.01078,frames/frame_005804.jpg
5805,96.750000,,0,P,0.04993,0.18680,0.02432,0.01033,frames/frame_005805.jpg
5806,96.766667,,0,B,0.05089,0.19004,0.02555,0.00884,frames/frame_005806.jpg
5807,96.783333,,0,P,0.05085,0.18748,0.02618,0.00953,frames/frame_005807.jpg
5808,96.800000,,0,P,0.05146,0.19222,0.02745,0.00951,frames/frame_005808.jpg
5809,96.816667,,0,B,0.05247,0.20317,0.02865,0.00943,frames/frame_005809.jpg
5810,96.833333,,0,P,0.05209,0.19528,0.02941,0.00854,frames/frame_005810.jpg
5811,96.850000,,0,P,0.05257,0.19865,0.03027,0.00671,frames/frame_005811.jpg
5812,96.866667,,0,P,0.05278,0.20091,0.03110,0.00647,frames/frame_005812.jpg
5813,96.883333,,0,B,0.05392,0.20215,0.03220,0.00576,frames/frame_005813.jpg
5814,96.900000,,0,B,0.05361,0.20452,0.03245,0.00491,frames/frame_005814.jpg
5815,96.916667,,0,B,0.05432,0.20808,0.03249,0.00396,frames/frame_005815.jpg
5816,96.933333,,0,P,0.05360,0.21095,0.03272,0.00377,frames/frame_005816.jpg
5817,96.950000,,0,B,0.05434,0.21140,0.03303,0.00255,frames/frame_005817.jpg
5818,96.966667,,0,B,0.05433,0.21252,0.03321,0.00190,frames/frame_005818.jpg
5819,96.983333,,0,B,0.05452,0.21154,0.03316,0.00144,frames/frame_005819.jpg
5820,97.000000,,0,P,0.05417,0.21774,0.03327,0.00164,frames/frame_005820.jpg
5821,97.016667,,0,B,0.05460,0.22298,0.03339,0.00139,frames/frame_005821.jpg
5822,97.033333,,0,B,0.05480,0.22248,0.03365,0.00123,frames/frame_005822.jpg
5823,97.050000,,0,B,0.05502,0.22373,0.03386,0.00115,frames/frame_005823.jpg
5824,97.066667,,0,P,0.06650,0.25877,0.05095,0.01204,frames/frame_005824.jpg
5825,97.083333,,0,B,0.07656,0.26284,0.05807,0.01132,frames/frame_005825.jpg
5826,97.100000,,0,B,0.08371,0.26066,0.06068,0.00920,frames/frame_005826.jpg
5827,97.116667,,0,B,0.08998,0.26250,0.06290,0.00841,frames/frame_005827.jpg
5828,97.133333,,0,P,0.09433,0.27704,0.06425,0.00695,frames/frame_005828.jpg
5829,97.150000,,0,B,0.09811,0.27037,0.06504,0.00580,frames/frame_005829.jpg
5830,97.166667,,0,B,0.10095,0.26829,0.06711,0.00478,frames/frame_005830.jpg
5831,97.183333,,0,B,0.10359,0.26200,0.06891,0.00451,frames/frame_005831.jpg
5832,97.200000,,0,P,0.10542,0.25986,0.06993,0.00398,frames/frame_005832.jpg
5833,97.216667,,0,P,0.10722,0.26017,0.07065,0.00416,frames/frame_005833.jpg
5834,97.233333,,0,P,0.10819,0.25278,0.07095,0.00380,frames/frame_005834.jpg
5835,97.250000,,0,B,0.10894,0.24052,0.07107,0.00393,frames/frame_005835.jpg
5836,97.266667,,0,B,0.10857,0.23653,0.07126,0.00344,frames/frame_005836.jpg
5837,97.283333,,0,B,0.10832,0.23146,0.07125,0.00298,frames/frame_005837.jpg
5838,97.300000,,0,P,0.10709,0.22835,0.07096,0.00357,frames/frame_005838.jpg
5839,97.316667,,0,B,0.10645,0.21428,0.07038,0.00338,frames/frame_005839.jpg
5840,97.333333,,0,B,0.10497,0.20885,0.06992,0.00321,frames/frame_005840.jpg
5841,97.350000,,0,B,0.10383,0.20530,0.06932,0.00279,frames/frame_005841.jpg
5842,97.366667,,0,P,0.10165,0.19733,0.06890,0.00370,frames/frame_005842.jpg
5843,97.383333,,0,B,0.10086,0.18636,0.06830,0.00264,frames/frame_005843.jpg
5844,97.400000,,0,B,0.09948,0.18239,0.06800,0.00270,frames/frame_005844.jpg
5845,97.416667,,0,B,0.09842,0.18032,0.06775,0.00244,frames/frame_005845.jpg
5846,97.433333,,0,P,0.09660,0.17409,0.06755,0.00292,frames/frame_005846.jpg
5847,97.450000,,0,B,0.09633,0.16548,0.06735,0.00235,frames/frame_005847.jpg
5848,97.466667,,0,B,0.09542,0.16390,0.06751,0.00244,frames/frame_005848.jpg
5849,97.483333,,0,B,0.09495,0.15937,0.06765,0.00211,frames/frame_005849.jpg
5850,97.500000,,0,P,0.09367,0.15815,0.06767,0.00264,frames/frame_005850.jpg
5851,97.516667,,0,P,0.14051,0.13047,0.11643,0.09248,frames/frame_005851.jpg
5852,97.533333,,0,P,0.14116,0.12997,0.11320,0.12186,frames/frame_005852.jpg
5853,97.550000,,0,P,0.13794,0.14330,0.11371,0.09644,frames/frame_005853.jpg
5854,97.566667,,0,B,0.13227,0.14340,0.11440,0.06727,frames/frame_005854.jpg
5855,97.583333,,0,P,0.12923,0.14444,0.11236,0.04859,frames/frame_005855.jpg
5856,97.600000,,0,P,0.12322,0.14526,0.11088,0.03149,frames/frame_005856.jpg
5857,97.616667,,0,B,0.11870,0.13828,0.10849,0.02607,frames/frame_005857.jpg
5858,97.633333,,0,B,0.11316,0.14028,0.10367,0.02562,frames/frame_005858.jpg
5859,97.650000,,0,B,0.10837,0.13588,0.09945,0.02803,frames/frame_005859.jpg
5860,97.666667,,0,P,0.10250,0.12588,0.09443,0.03058,frames/frame_005860.jpg
5861,97.683333,,0,B,0.09657,0.12215,0.08847,0.03332,frames/frame_005861.jpg
5862,97.700000,,0,B,0.09063,0.11414,0.08162,0.03286,frames/frame_005862.jpg
5863,97.716667,,0,P,0.08365,0.10188,0.07236,0.03311,frames/frame_005863.jpg
5864,97.733333,,0,P,0.09357,0.08540,0.07404,0.03590,frames/frame_005864.jpg
5865,97.750000,,0,P,0.09886,0.09350,0.09055,0.06344,frames/frame_005865.jpg
5866,97.766667,,0,P,0.09339,0.08482,0.09091,0.06113,frames/frame_005866.jpg
5867,97.783333,,0,P,0.08950,0.08704,0.09538,0.05016,frames/frame_005867.jpg
5868,97.800000,,0,P,0.08516,0.09021,0.08894,0.03206,frames/frame_005868.jpg
5869,97.816667,,0,P,0.08279,0.08938,0.08751,0.02118,frames/frame_005869.jpg
5870,97.833333,,0,P,0.08206,0.08862,0.08873,0.01358,frames/frame_005870.jpg
5871,97.850000,,0,P,0.08079,0.08929,0.08484,0.00994,frames/frame_005871.jpg
5872,97.866667,,0,P,0.08148,0.07627,0.08599,0.00927,frames/frame_005872.jpg
5873,97.883333,,0,B,0.08122,0.07511,0.08778,0.00519,frames/frame_005873.jpg
5874,97.900000,,0,B,0.08082,0.07625,0.08933,0.00354,frames/frame_005874.jpg
5875,97.916667,,0,B,0.08088,0.07540,0.09054,0.00262,frames/frame_005875.jpg
5876,97.933333,,0,P,0.08053,0.07553,0.09114,0.00217,frames/frame_005876.jpg
5877,97.950000,,0,B,0.08051,0.07351,0.09127,0.00168,frames/frame_005877.jpg
5878,97.966667,,0,P,0.11584,0.07184,0.11254,0.04410,frames/frame_005878.jpg
5879,97.983333,,0,B,0.12843,0.09991,0.14130,0.05919,frames/frame_005879.jpg
5880,98.000000,,0,B,0.13300,0.11047,0.15554,0.06165,frames/frame_005880.jpg
5881,98.016667,,0,P,0.13247,0.12174,0.15829,0.05799,frames/frame_005881.jpg
5882,98.033333,,0,P,0.12852,0.12207,0.15954,0.05446,frames/frame_005882.jpg
5883,98.050000,,0,P,0.12491,0.11978,0.15909,0.04754,frames/frame_005883.jpg
5884,98.066667,,0,P,0.12233,0.11635,0.15819,0.03401,frames/frame_005884.jpg
5885,98.083333,,0,B,0.11935,0.11197,0.15341,0.02657,frames/frame_005885.jpg
5886,98.100000,,0,B,0.11540,0.10838,0.15027,0.03016,frames/frame_005886.jpg
5887,98.116667,,0,B,0.11098,0.10729,0.13788,0.03629,frames/frame_005887.jpg
5888,98.133333,,0,P,0.10497,0.10541,0.12864,0.03961,frames/frame_005888.jpg
5889,98.150000,,0,B,0.09876,0.10031,0.12802,0.03884,frames/frame_005889.jpg
5890,98.166667,,0,B,0.09199,0.09044,0.10814,0.03870,frames/frame_005890.jpg
5891,98.183333,,0,B,0.08526,0.08418,0.09421,0.03304,frames/frame_005891.jpg
5892,98.200000,,0,P,0.11328,0.07168,0.10203,0.04663,frames/frame_005892.jpg
5893,98.216667,,0,P,0.10687,0.07352,0.10741,0.04068,frames/frame_005893.jpg
5894,98.233333,,0,B,0.09925,0.07517,0.10392,0.03758,frames/frame_005894.jpg
5895,98.250000,,0,P,0.09308,0.07977,0.10104,0.02986,frames/frame_005895.jpg
5896,98.266667,,0,P,0.08969,0.07748,0.10116,0.02200,frames/frame_005896.jpg
5897,98.283333,,0,B,0.08705,0.07623,0.09819,0.01559,frames/frame_005897.jpg
5898,98.300000,,0,B,0.08519,0.07511,0.09442,0.01086,frames/frame_005898.jpg
5899,98.316667,,0,B,0.08435,0.07553,0.09787,0.00738,frames/frame_005899.jpg
5900,98.333333,,0,P,0.08363,0.07486,0.09628,0.00450,frames/frame_005900.jpg
5901,98.350000,,0,B,0.08393,0.07149,0.09261,0.00370,frames/frame_005901.jpg
5902,98.366667,,0,B,0.08360,0.07226,0.08960,0.00246,frames/frame_005902.jpg
5903,98.383333,,0,B,0.08366,0.07191,0.08799,0.00172,frames/frame_005903.jpg
5904,98.400000,,0,P,0.08327,0.07059,0.08693,0.00162,frames/frame_005904.jpg
5905,98.416667,,0,P,0.11763,0.06668,0.07546,0.03516,frames/frame_005905.jpg
5906,98.433333,,0,P,0.12910,0.07349,0.11762,0.04278,frames/frame_005906.jpg
5907,98.450000,,0,P,0.12596,0.07796,0.13364,0.04395,frames/frame_005907.jpg
5908,98.466667,,0,B,0.12285,0.08043,0.13888,0.03941,frames/frame_005908.jpg
5909,98.483333,,0,B,0.11919,0.08416,0.14542,0.03981,frames/frame_005909.jpg
5910,98.500000,,0,B,0.11724,0.08762,0.13956,0.03769,frames/frame_005910.jpg
5911,98.516667,,0,P,0.11371,0.09062,0.13895,0.02631,frames/frame_005911.jpg
5912,98.533333,,0,B,0.11107,0.08530,0.13371,0.01560,frames/frame_005912.jpg
5913,98.550000,,0,B,0.10783,0.08471,0.12548,0.01938,frames/frame_005913.jpg
5914,98.566667,,0,P,0.10387,0.07915,0.11714,0.02376,frames/frame_005914.jpg
5915,98.583333,,0,P,0.09984,0.07722,0.10773,0.02523,frames/frame_005915.jpg
5916,98.600000,,0,P,0.09514,0.07726,0.09447,0.02369,frames/frame_005916.jpg
5917,98.616667,,0,P,0.09002,0.07527,0.08173,0.02105,frames/frame_005917.jpg
5918,98.633333,,0,B,0.08493,0.07398,0.06886,0.01865,frames/frame_005918.jpg
5919,98.650000,,0,P,0.10544,0.06749,0.06307,0.03052,frames/frame_005919.jpg
5920,98.666667,,0,B,0.09924,0.06287,0.05701,0.02356,frames/frame_005920.jpg
5921,98.683333,,0,P,0.09178,0.06650,0.05873,0.01887,frames/frame_005921.jpg
5922,98.700000,,0,P,0.08746,0.06616,0.05501,0.01522,frames/frame_005922.jpg
5923,98.716667,,0,B,0.08400,0.06474,0.05296,0.01102,frames/frame_005923.jpg
5924,98.733333,,0,B,0.08212,0.06569,0.05072,0.00743,frames/frame_005924.jpg
5925,98.750000,,0,P,0.07992,0.06499,0.04950,0.00545,frames/frame_005925.jpg
5926,98.766667,,0,B,0.07918,0.06589,0.04697,0.00369,frames/frame_005926.jpg
5927,98.783333,,0,B,0.07833,0.06604,0.04580,0.00302,frames/frame_005927.jpg
5928,98.800000,,0,B,0.07872,0.06489,0.04647,0.00285,frames/frame_005928.jpg
5929,98.816667,,0,P,0.07882,0.06351,0.04845,0.00318,frames/frame_005929.jpg
5930,98.833333,,0,B,0.08040,0.06190,0.05176,0.00357,frames/frame_005930.jpg
5931,98.850000,,0,B,0.08328,0.05893,0.05732,0.00449,frames/frame_005931.jpg
5932,98.866667,,0,P,0.08683,0.06120,0.06694,0.00669,frames/frame_005932.jpg
5933,98.883333,,0,P,0.07905,0.11028,0.06922,0.01215,frames/frame_005933.jpg
5934,98.900000,,0,P,0.08574,0.10285,0.07954,0.00802,frames/frame_005934.jpg
5935,98.916667,,0,P,0.09367,0.09311,0.08797,0.00913,frames/frame_005935.jpg
5936,98.933333,,0,B,0.10300,0.09399,0.09487,0.01046,frames/frame_005936.jpg
5937,98.950000,,0,B,0.11107,0.09032,0.09926,0.00980,frames/frame_005937.jpg
5938,98.966667,,0,B,0.11814,0.08817,0.10205,0.00911,frames/frame_005938.jpg
5939,98.983333,,0,P,0.12328,0.08147,0.10298,0.00823,frames/frame_005939.jpg
5940,99.000000,,1,I,0.12996,0.17617,0.10685,0.01828,frames/frame_005940.jpg
5941,99.016667,,0,B,0.13283,0.17082,0.10479,0.00645,frames/frame_005941.jpg
5942,99.033333,,0,B,0.13428,0.16341,0.10472,0.00596,frames/frame_005942.jpg
5943,99.050000,,0,B,0.13554,0.16248,0.10495,0.00666,frames/frame_005943.jpg
5944,99.066667,,0,P,0.13596,0.16068,0.10570,0.00719,frames/frame_005944.jpg
5945,99.083333,,0,B,0.13707,0.16172,0.10594,0.00850,frames/frame_005945.jpg
5946,99.100000,,0,B,0.13725,0.16019,0.10792,0.00904,frames/frame_005946.jpg
5947,99.116667,,0,B,0.13750,0.16259,0.10855,0.00986,frames/frame_005947.jpg
5948,99.133333,,0,P,0.13710,0.15962,0.10867,0.01153,frames/frame_005948.jpg
5949,99.150000,,0,B,0.13794,0.16166,0.10761,0.01340,frames/frame_005949.jpg
5950,99.166667,,0,B,0.13750,0.16211,0.10805,0.01454,frames/frame_005950.jpg
5951,99.183333,,0,B,0.13791,0.16410,0.10821,0.01678,frames/frame_005951.jpg
5952,99.200000,,0,P,0.13676,0.16111,0.10811,0.01929,frames/frame_005952.jpg
5953,99.216667,,0,P,0.13753,0.16201,0.10877,0.02148,frames/frame_005953.jpg
5954,99.233333,,0,P,0.13971,0.16242,0.11111,0.02567,frames/frame_005954.jpg
5955,99.250000,,0,B,0.14330,0.16129,0.11432,0.02876,frames/frame_005955.jpg
5956,99.266667,,0,P,0.14579,0.15896,0.11145,0.03158,frames/frame_005956.jpg
5957,99.283333,,0,P,0.15090,0.15403,0.11696,0.03448,frames/frame_005957.jpg
5958,99.300000,,0,P,0.15536,0.15265,0.12245,0.03766,frames/frame_005958.jpg
5959,99.316667,,0,P,0.15864,0.15031,0.12716,0.04041,frames/frame_005959.jpg
5960,99.333333,,0,P,0.16036,0.15185,0.13081,0.04278,frames/frame_005960.jpg
5961,99.350000,,0,B,0.16047,0.15509,0.13497,0.04442,frames/frame_005961.jpg
5962,99.366667,,0,P,0.16032,0.15969,0.13578,0.04686,frames/frame_005962.jpg
5963,99.383333,,0,P,0.15877,0.16316,0.14017,0.04670,frames/frame_005963.jpg
5964,99.400000,,0,P,0.15644,0.16743,0.14313,0.04841,frames/frame_005964.jpg
5965,99.416667,,0,P,0.15514,0.17390,0.14683,0.05085,frames/frame_005965.jpg
5966,99.433333,,0,P,0.15100,0.17971,0.14561,0.05450,frames/frame_005966.jpg
5967,99.450000,,0,P,0.14852,0.18109,0.14107,0.05375,frames/frame_005967.jpg
5968,99.466667,,0,P,0.14564,0.18514,0.13778,0.05388,frames/frame_005968.jpg
5969,99.483333,,0,P,0.14399,0.18957,0.13604,0.05357,frames/frame_005969.jpg
5970,99.500000,,0,P,0.14266,0.14874,0.13581,0.05394,frames/frame_005970.jpg
5971,99.516667,,0,P,0.14177,0.14449,0.13511,0.04992,frames/frame_005971.jpg
5972,99.533333,,0,P,0.14060,0.14278,0.13450,0.04525,frames/frame_005972.jpg
5973,99.550000,,0,P,0.13969,0.13939,0.13326,0.04064,frames/frame_005973.jpg
5974,99.566667,,0,P,0.13709,0.13781,0.12466,0.03363,frames/frame_005974.jpg
5975,99.583333,,0,P,0.13426,0.13689,0.12087,0.02761,frames/frame_005975.jpg
5976,99.600000,,0,P,0.13319,0.13275,0.11945,0.02402,frames/frame_005976.jpg
5977,99.616667,,0,P,0.13344,0.13249,0.11774,0.02231,frames/frame_005977.jpg
5978,99.633333,,0,P,0.13387,0.13023,0.11390,0.02068,frames/frame_005978.jpg
5979,99.650000,,0,P,0.13516,0.12811,0.11152,0.01905,frames/frame_005979.jpg
5980,99.666667,,0,P,0.13627,0.12717,0.11444,0.01771,frames/frame_005980.jpg
5981,99.683333,,0,P,0.13725,0.12831,0.11353,0.01542,frames/frame_005981.jpg
5982,99.700000,,0,P,0.13860,0.12774,0.11005,0.01389,frames/frame_005982.jpg
5983,99.716667,,0,P,0.13938,0.12824,0.10920,0.01126,frames/frame_005983.jpg
5984,99.733333,,0,B,0.14159,0.13529,0.10674,0.00928,frames/frame_005984.jpg
5985,99.750000,,0,B,0.14201,0.13944,0.10618,0.00726,frames/frame_005985.jpg
5986,99.766667,,0,B,0.14332,0.14719,0.10609,0.00600,frames/frame_005986.jpg
5987,99.783333,,0,P,0.14228,0.14918,0.10700,0.00594,frames/frame_005987.jpg
5988,99.800000,,0,B,0.14376,0.15279,0.10623,0.00693,frames/frame_005988.jpg
5989,99.816667,,0,B,0.14339,0.15221,0.10597,0.00751,frames/frame_005989.jpg
5990,99.833333,,0,B,0.14386,0.15321,0.10609,0.00826,frames/frame_005990.jpg
5991,99.850000,,0,P,0.14272,0.15097,0.10825,0.00896,frames/frame_005991.jpg
5992,99.866667,,0,B,0.14465,0.15586,0.10590,0.00983,frames/frame_005992.jpg
5993,99.883333,,0,B,0.14439,0.15576,0.10242,0.00991,frames/frame_005993.jpg
5994,99.900000,,0,B,0.14466,0.15684,0.10283,0.00993,frames/frame_005994.jpg
5995,99.916667,,0,P,0.14282,0.15182,0.10409,0.01071,frames/frame_005995.jpg
5996,99.933333,,0,B,0.14374,0.15302,0.10298,0.01043,frames/frame_005996.jpg
5997,99.950000,,0,B,0.14370,0.15036,0.10433,0.00986,frames/frame_005997.jpg
5998,99.966667,,0,B,0.14493,0.15210,0.10489,0.01017,frames/frame_005998.jpg
5999,99.983333,,0,P,0.14415,0.15125,0.10478,0.00992,frames/frame_005999.jpg
6000,100.000000,,0,B,0.14515,0.15660,0.10378,0.01142,frames/frame_006000.jpg
6001,100.016667,,0,B,0.14486,0.15402,0.10430,0.01117,frames/frame_006001.jpg
6002,100.033333,,0,B,0.14514,0.15480,0.10402,0.01061,frames/frame_006002.jpg
6003,100.050000,,0,P,0.14361,0.15700,0.10517,0.01156,frames/frame_006003.jpg
6004,100.066667,,0,B,0.14420,0.15557,0.10497,0.01126,frames/frame_006004.jpg
6005,100.083333,,0,P,0.14342,0.15909,0.10335,0.01088,frames/frame_006005.jpg
6006,100.100000,,0,B,0.14471,0.15444,0.10255,0.01181,frames/frame_006006.jpg
6007,100.116667,,0,B,0.14448,0.15567,0.10726,0.01140,frames/frame_006007.jpg
6008,100.133333,,0,B,0.14465,0.15571,0.10494,0.01121,frames/frame_006008.jpg
6009,100.150000,,0,P,0.14336,0.15726,0.10221,0.01184,frames/frame_006009.jpg
6010,100.166667,,0,B,0.14438,0.15876,0.10393,0.01208,frames/frame_006010.jpg
6011,100.183333,,0,B,0.14342,0.15958,0.10478,0.01123,frames/frame_006011.jpg
6012,100.200000,,0,B,0.14352,0.15996,0.10340,0.01071,frames/frame_006012.jpg
6013,100.216667,,0,P,0.14191,0.15977,0.10279,0.01117,frames/frame_006013.jpg
6014,100.233333,,0,B,0.14270,0.15824,0.10384,0.01026,frames/frame_006014.jpg
6015,100.250000,,0,B,0.14224,0.15831,0.10459,0.00984,frames/frame_006015.jpg
6016,100.266667,,0,B,0.14235,0.15924,0.10223,0.00956,frames/frame_006016.jpg
6017,100.283333,,0,P,0.14106,0.16016,0.10220,0.00964,frames/frame_006017.jpg
6018,100.300000,,0,B,0.14189,0.15907,0.10185,0.00956,frames/frame_006018.jpg
6019,100.316667,,0,B,0.14128,0.15828,0.10168,0.00893,frames/frame_006019.jpg
6020,100.333333,,0,B,0.14147,0.15787,0.10156,0.00886,frames/frame_006020.jpg
6021,100.350000,,0,P,0.14026,0.15740,0.10299,0.00890,frames/frame_006021.jpg
6022,100.366667,,0,B,0.14179,0.15543,0.10287,0.00837,frames/frame_006022.jpg
6023,100.383333,,0,B,0.14163,0.15618,0.10239,0.00787,frames/frame_006023.jpg
6024,100.400000,,0,B,0.14205,0.15628,0.10242,0.00755,frames/frame_006024.jpg
6025,100.416667,,0,P,0.14109,0.15737,0.10420,0.00832,frames/frame_006025.jpg
6026,100.433333,,0,B,0.14253,0.15681,0.10283,0.00948,frames/frame_006026.jpg
6027,100.450000,,0,B,0.14220,0.15736,0.10304,0.01081,frames/frame_006027.jpg
6028,100.466667,,0,B,0.14230,0.15654,0.10052,0.01329,frames/frame_006028.jpg
6029,100.483333,,0,P,0.14055,0.15904,0.10169,0.01687,frames/frame_006029.jpg
6030,100.500000,,0,B,0.14144,0.15522,0.09941,0.02036,frames/frame_006030.jpg
6031,100.516667,,0,P,0.14114,0.15947,0.10264,0.02393,frames/frame_006031.jpg
6032,100.533333,,0,P,0.14131,0.15865,0.10241,0.02873,frames/frame_006032.jpg
6033,100.550000,,0,P,0.14044,0.16122,0.10195,0.03263,frames/frame_006033.jpg
6034,100.566667,,0,P,0.13933,0.16255,0.09621,0.03551,frames/frame_006034.jpg
6035,100.583333,,0,P,0.13798,0.16058,0.09081,0.03662,frames/frame_006035.jpg
6036,100.600000,,0,P,0.13448,0.15694,0.09079,0.03658,frames/frame_006036.jpg
6037,100.616667,,0,P,0.13170,0.15533,0.08214,0.03446,frames/frame_006037.jpg
6038,100.633333,,0,P,0.12424,0.16673,0.07550,0.04217,frames/frame_006038.jpg
6039,100.650000,,0,B,0.11866,0.17825,0.07680,0.02501,frames/frame_006039.jpg
6040,100.666667,,0,P,0.13408,0.15131,0.07574,0.04800,frames/frame_006040.jpg
6041,100.683333,,0,P,0.16005,0.12798,0.10000,0.04988,frames/frame_006041.jpg
6042,100.700000,,0,P,0.17909,0.12143,0.12005,0.03020,frames/frame_006042.jpg
6043,100.716667,,0,P,0.19116,0.11474,0.13942,0.02921,frames/frame_006043.jpg
6044,100.733333,,0,P,0.19502,0.13932,0.14194,0.01806,frames/frame_006044.jpg
6045,100.750000,,0,P,0.19514,0.14012,0.13600,0.02193,frames/frame_006045.jpg
6046,100.766667,,0,P,0.19529,0.13971,0.13428,0.01301,frames/frame_006046.jpg
6047,100.783333,,0,B,0.19841,0.15670,0.13673,0.01329,frames/frame_006047.jpg
6048,100.800000,,0,B,0.19835,0.16135,0.13831,0.00597,frames/frame_006048.jpg
6049,100.816667,,0,B,0.19903,0.16156,0.13768,0.00540,frames/frame_006049.jpg
6050,100.833333,,0,P,0.19992,0.18206,0.13761,0.01032,frames/frame_006050.jpg
6051,100.850000,,0,B,0.20123,0.18019,0.13769,0.00469,frames/frame_006051.jpg
6052,100.866667,,0,B,0.20099,0.18165,0.13845,0.00406,frames/frame_006052.jpg
6053,100.883333,,0,B,0.21923,0.13921,0.14740,0.02357,frames/frame_006053.jpg
6054,100.900000,,0,P,0.21805,0.14114,0.14764,0.00388,frames/frame_006054.jpg
6055,100.916667,,0,B,0.21958,0.14620,0.14717,0.00473,frames/frame_006055.jpg
6056,100.933333,,0,P,0.21974,0.15462,0.14728,0.00594,frames/frame_006056.jpg
6057,100.950000,,0,B,0.22102,0.15706,0.14661,0.00404,frames/frame_006057.jpg
6058,100.966667,,0,B,0.22155,0.17033,0.14670,0.00606,frames/frame_006058.jpg
6059,100.983333,,0,B,0.22187,0.17339,0.14584,0.00370,frames/frame_006059.jpg
6060,101.000000,,0,P,0.22200,0.18970,0.14584,0.00743,frames/frame_006060.jpg
6061,101.016667,,0,B,0.22293,0.18813,0.14528,0.00325,frames/frame_006061.jpg
6062,101.033333,,0,B,0.22337,0.19671,0.14522,0.00513,frames/frame_006062.jpg
6063,101.050000,,0,B,0.22377,0.19604,0.14499,0.00273,frames/frame_006063.jpg
6064,101.066667,,0,P,0.22281,0.19761,0.14514,0.00350,frames/frame_006064.jpg
6065,101.083333,,0,B,0.22410,0.19978,0.14401,0.00382,frames/frame_006065.jpg
6066,101.100000,,0,B,0.22366,0.20123,0.14318,0.00322,frames/frame_006066.jpg
6067,101.116667,,0,B,0.22524,0.21019,0.14304,0.00569,frames/frame_006067.jpg
6068,101.133333,,0,P,0.22377,0.21106,0.14295,0.00380,frames/frame_006068.jpg
6069,101.150000,,0,P,0.25776,0.15007,0.14942,0.07895,frames/frame_006069.jpg
6070,101.166667,,0,P,0.24666,0.14537,0.14495,0.05761,frames/frame_006070.jpg
6071,101.183333,,0,P,0.23777,0.14505,0.14392,0.05748,frames/frame_006071.jpg
6072,101.200000,,0,P,0.22953,0.14679,0.13713,0.03631,frames/frame_006072.jpg
6073,101.216667,,0,P,0.22538,0.14862,0.13785,0.03562,frames/frame_006073.jpg
6074,101.233333,,0,P,0.22374,0.15099,0.13554,0.01168,frames/frame_006074.jpg
6075,101.250000,,0,P,0.22249,0.14992,0.13637,0.01404,frames/frame_006075.jpg
6076,101.266667,,0,B,0.22296,0.16053,0.13434,0.01067,frames/frame_006076.jpg
6077,101.283333,,0,B,0.22396,0.16149,0.13443,0.00814,frames/frame_006077.jpg
6078,101.300000,,0,P,0.22298,0.16440,0.13552,0.00729,frames/frame_006078.jpg
6079,101.316667,,0,P,0.22254,0.16671,0.13446,0.00662,frames/frame_006079.jpg
6080,101.333333,,0,B,0.22433,0.17272,0.13337,0.00711,frames/frame_006080.jpg
6081,101.350000,,0,B,0.22354,0.17383,0.13287,0.00537,frames/frame_006081.jpg
6082,101.366667,,0,B,0.22362,0.17385,0.13297,0.00454,frames/frame_006082.jpg
6083,101.383333,,0,P,0.22224,0.18313,0.13331,0.00615,frames/frame_006083.jpg
6084,101.400000,,0,B,0.22251,0.18191,0.13289,0.00363,frames/frame_006084.jpg
6085,101.416667,,0,B,0.22301,0.18109,0.13264,0.00378,frames/frame_006085.jpg
6086,101.433333,,0,P,0.22187,0.18258,0.13326,0.00384,frames/frame_006086.jpg
6087,101.450000,,0,B,0.22309,0.19067,0.13177,0.00617,frames/frame_006087.jpg
6088,101.466667,,0,B,0.22191,0.19244,0.13085,0.00437,frames/frame_006088.jpg
6089,101.483333,,0,B,0.22165,0.19386,0.13007,0.00451,frames/frame_006089.jpg
6090,101.500000,,0,P,0.21878,0.20744,0.13004,0.00661,frames/frame_006090.jpg
6091,101.516667,,0,B,0.22044,0.20638,0.12933,0.00517,frames/frame_006091.jpg
6092,101.533333,,0,B,0.22029,0.20569,0.12927,0.00394,frames/frame_006092.jpg
6093,101.550000,,0,B,0.22071,0.20503,0.12907,0.00405,frames/frame_006093.jpg
6094,101.566667,,0,P,0.23703,0.16642,0.13843,0.02452,frames/frame_006094.jpg
6095,101.583333,,0,B,0.23811,0.16220,0.13813,0.00427,frames/frame_006095.jpg
6096,101.600000,,0,P,0.24773,0.15844,0.13157,0.05083,frames/frame_006096.jpg
6097,101.616667,,0,P,0.23221,0.16298,0.12183,0.06334,frames/frame_006097.jpg
6098,101.633333,,0,P,0.19771,0.18488,0.10430,0.06078,frames/frame_006098.jpg
6099,101.650000,,0,P,0.18636,0.20245,0.10044,0.02889,frames/frame_006099.jpg
6100,101.666667,,0,P,0.18266,0.20328,0.09543,0.02306,frames/frame_006100.jpg
6101,101.683333,,0,B,0.18221,0.21178,0.09455,0.01189,frames/frame_006101.jpg
6102,101.700000,,0,B,0.18065,0.21087,0.09526,0.00954,frames/frame_006102.jpg
6103,101.716667,,0,B,0.18075,0.21142,0.09422,0.00926,frames/frame_006103.jpg
6104,101.733333,,0,P,0.18255,0.20117,0.09605,0.01175,frames/frame_006104.jpg
6105,101.750000,,0,B,0.18350,0.20109,0.09526,0.00850,frames/frame_006105.jpg
6106,101.766667,,0,P,0.18197,0.20254,0.09518,0.00689,frames/frame_006106.jpg
6107,101.783333,,0,P,0.18088,0.20198,0.09487,0.00559,frames/frame_006107.jpg
6108,101.800000,,0,P,0.17776,0.20536,0.09420,0.00962,frames/frame_006108.jpg
6109,101.816667,,0,P,0.17262,0.20891,0.09210,0.01087,frames/frame_006109.jpg
6110,101.833333,,0,B,0.16638,0.22484,0.08865,0.01121,frames/frame_006110.jpg
6111,101.850000,,0,B,0.15662,0.24067,0.08444,0.01240,frames/frame_006111.jpg
6112,101.866667,,0,B,0.14434,0.26222,0.07436,0.01372,frames/frame_006112.jpg
6113,101.883333,,0,P,0.12967,0.30211,0.06545,0.01719,frames/frame_006113.jpg
6114,101.900000,,0,B,0.11941,0.32794,0.05873,0.01228,frames/frame_006114.jpg
6115,101.916667,,0,B,0.11184,0.36069,0.05313,0.01303,frames/frame_006115.jpg
6116,101.933333,,0,P,0.10327,0.39193,0.04887,0.01017,frames/frame_006116.jpg
6117,101.950000,,0,P,0.09628,0.45320,0.04425,0.00842,frames/frame_006117.jpg
6118,101.966667,,0,P,0.08544,0.48164,0.04214,0.01228,frames/frame_006118.jpg
6119,101.983333,,0,P,0.07807,0.47014,0.04210,0.00845,frames/frame_006119.jpg
6120,102.000000,,1,I,0.06678,0.45067,0.03444,0.01241,frames/frame_006120.jpg
6121,102.016667,,0,B,0.05612,0.44070,0.02925,0.01117,frames/frame_006121.jpg
6122,102.033333,,0,B,0.04185,0.43781,0.03107,0.01459,frames/frame_006122.jpg
6123,102.050000,,0,P,0.03055,0.47049,0.02454,0.02083,frames/frame_006123.jpg
6124,102.066667,,0,B,0.06381,0.27963,0.03146,0.03909,frames/frame_006124.jpg
6125,102.083333,,0,B,0.06393,0.25937,0.03145,0.00147,frames/frame_006125.jpg
6126,102.100000,,0,B,0.06440,0.25904,0.03146,0.00114,frames/frame_006126.jpg
6127,102.116667,,0,P,0.06433,0.26248,0.03134,0.00108,frames/frame_006127.jpg
6128,102.133333,,0,B,0.06425,0.25885,0.03140,0.00118,frames/frame_006128.jpg
6129,102.150000,,0,B,0.06388,0.25852,0.03139,0.00105,frames/frame_006129.jpg
6130,102.166667,,0,B,0.06359,0.25806,0.03153,0.00105,frames/frame_006130.jpg
6131,102.183333,,0,P,0.06307,0.25815,0.03140,0.00123,frames/frame_006131.jpg
6132,102.200000,,0,B,0.06336,0.25708,0.03169,0.00117,frames/frame_006132.jpg
6133,102.216667,,0,B,0.06305,0.25611,0.03156,0.00122,frames/frame_006133.jpg
6134,102.233333,,0,B,0.06312,0.25650,0.03151,0.00107,frames/frame_006134.jpg
6135,102.250000,,0,P,0.06266,0.25817,0.03148,0.00134,frames/frame_006135.jpg
6136,102.266667,,0,B,0.06295,0.25636,0.03151,0.00122,frames/frame_006136.jpg
6137,102.283333,,0,B,0.06279,0.25726,0.03150,0.00097,frames/frame_006137.jpg
6138,102.300000,,0,B,0.06285,0.25628,0.03157,0.00100,frames/frame_006138.jpg
6139,102.316667,,0,P,0.06242,0.25777,0.03141,0.00122,frames/frame_006139.jpg
6140,102.333333,,0,B,0.06273,0.25506,0.03118,0.00129,frames/frame_006140.jpg
6141,102.350000,,0,B,0.06258,0.25639,0.03085,0.00102,frames/frame_006141.jpg
6142,102.366667,,0,B,0.06268,0.25544,0.03106,0.00103,frames/frame_006142.jpg
6143,102.383333,,0,P,0.06220,0.25809,0.03098,0.00145,frames/frame_006143.jpg
6144,102.400000,,0,B,0.06267,0.25048,0.03094,0.00175,frames/frame_006144.jpg
6145,102.416667,,0,B,0.06243,0.25263,0.03090,0.00124,frames/frame_006145.jpg
6146,102.433333,,0,B,0.06266,0.25118,0.03096,0.00113,frames/frame_006146.jpg
6147,102.450000,,0,P,0.06203,0.25280,0.03099,0.00173,frames/frame_006147.jpg
6148,102.466667,,0,B,0.06292,0.24933,0.03088,0.00237,frames/frame_006148.jpg
6149,102.483333,,0,B,0.06821,0.24188,0.03118,0.00681,frames/frame_006149.jpg
6150,102.500000,,0,B,0.06798,0.24627,0.03116,0.00275,frames/frame_006150.jpg
6151,102.516667,,0,P,0.06757,0.25029,0.03160,0.00286,frames/frame_006151.jpg
6152,102.533333,,0,B,0.06813,0.24455,0.03108,0.00302,frames/frame_006152.jpg
6153,102.550000,,0,B,0.06749,0.24610,0.03068,0.00269,frames/frame_006153.jpg
6154,102.566667,,0,B,0.07170,0.24325,0.03095,0.00560,frames/frame_006154.jpg
6155,102.583333,,0,P,0.07101,0.25502,0.03135,0.00286,frames/frame_006155.jpg
6156,102.600000,,0,P,0.06987,0.26289,0.03132,0.00317,frames/frame_006156.jpg
6157,102.616667,,0,B,0.07017,0.26185,0.03089,0.00314,frames/frame_006157.jpg
6158,102.633333,,0,B,0.07333,0.26042,0.03079,0.00506,frames/frame_006158.jpg
6159,102.650000,,0,B,0.07266,0.26061,0.03069,0.00286,frames/frame_006159.jpg
6160,102.666667,,0,P,0.07149,0.27168,0.03085,0.00308,frames/frame_006160.jpg
6161,102.683333,,0,B,0.07123,0.26965,0.03060,0.00295,frames/frame_006161.jpg
6162,102.700000,,0,B,0.07026,0.26946,0.03064,0.00277,frames/frame_006162.jpg
6163,102.716667,,0,B,0.07021,0.26975,0.03074,0.00253,frames/frame_006163.jpg
6164,102.733333,,0,P,0.07214,0.27203,0.03082,0.00437,frames/frame_006164.jpg
6165,102.750000,,0,B,0.07224,0.27491,0.03041,0.00353,frames/frame_006165.jpg
6166,102.766667,,0,B,0.07453,0.27311,0.03046,0.00417,frames/frame_006166.jpg
6167,102.783333,,0,B,0.07495,0.27311,0.03078,0.00279,frames/frame_006167.jpg
6168,102.800000,,0,P,0.07379,0.28121,0.03104,0.00326,frames/frame_006168.jpg
6169,102.816667,,0,B,0.07356,0.28822,0.03088,0.00298,frames/frame_006169.jpg
6170,102.833333,,0,B,0.07620,0.28396,0.03073,0.00453,frames/frame_006170.jpg
6171,102.850000,,0,P,0.07501,0.29259,0.03123,0.00329,frames/frame_006171.jpg
6172,102.866667,,0,B,0.07534,0.29191,0.03092,0.00345,frames/frame_006172.jpg
6173,102.883333,,0,B,0.07876,0.29273,0.03070,0.00537,frames/frame_006173.jpg
6174,102.900000,,0,B,0.07798,0.29467,0.03092,0.00319,frames/frame_006174.jpg
6175,102.916667,,0,P,0.07625,0.30352,0.03099,0.00372,frames/frame_006175.jpg
6176,102.933333,,0,B,0.07625,0.30721,0.03091,0.00363,frames/frame_006176.jpg
6177,102.950000,,0,B,0.07508,0.30907,0.03074,0.00341,frames/frame_006177.jpg
6178,102.966667,,0,B,0.07579,0.30819,0.03105,0.00364,frames/frame_006178.jpg
6179,102.983333,,0,P,0.07973,0.31897,0.03054,0.00664,frames/frame_006179.jpg
6180,103.000000,,0,B,0.07873,0.31417,0.03059,0.00374,frames/frame_006180.jpg
6181,103.016667,,0,P,0.07752,0.32379,0.03094,0.00371,frames/frame_006181.jpg
6182,103.033333,,0,B,0.08185,0.31722,0.03093,0.00658,frames/frame_006182.jpg
6183,103.050000,,0,B,0.07990,0.31931,0.03105,0.00417,frames/frame_006183.jpg
6184,103.066667,,0,B,0.07921,0.32130,0.03099,0.00349,frames/frame_006184.jpg
6185,103.083333,,0,P,0.07760,0.33672,0.03085,0.00409,frames/frame_006185.jpg
6186,103.100000,,0,P,0.08379,0.33560,0.03059,0.00864,frames/frame_006186.jpg
6187,103.116667,,0,P,0.08206,0.32933,0.03072,0.00491,frames/frame_006187.jpg
6188,103.133333,,0,B,0.08060,0.33038,0.03072,0.00393,frames/frame_006188.jpg
6189,103.150000,,0,P,0.07861,0.33621,0.03099,0.00428,frames/frame_006189.jpg
6190,103.166667,,0,B,0.07842,0.33441,0.03050,0.00370,frames/frame_006190.jpg
6191,103.183333,,0,P,0.07724,0.34272,0.03086,0.00345,frames/frame_006191.jpg
6192,103.200000,,0,B,0.07652,0.34042,0.03051,0.00341,frames/frame_006192.jpg
6193,103.216667,,0,P,0.07575,0.34549,0.03099,0.00416,frames/frame_006193.jpg
6194,103.233333,,0,B,0.08065,0.34659,0.03033,0.00678,frames/frame_006194.jpg
6195,103.250000,,0,B,0.07998,0.34369,0.03017,0.00329,frames/frame_006195.jpg
6196,103.266667,,0,P,0.07847,0.34855,0.03036,0.00355,frames/frame_006196.jpg
6197,103.283333,,0,B,0.07805,0.34918,0.03003,0.00331,frames/frame_006197.jpg
6198,103.300000,,0,B,0.07726,0.34815,0.03023,0.00368,frames/frame_006198.jpg
6199,103.316667,,0,P,0.08154,0.34975,0.02996,0.00708,frames/frame_006199.jpg
6200,103.333333,,0,B,0.08033,0.35019,0.02988,0.00329,frames/frame_006200.jpg
6201,103.350000,,0,P,0.07848,0.35419,0.03016,0.00376,frames/frame_006201.jpg
6202,103.366667,,0,B,0.07711,0.35478,0.02969,0.00327,frames/frame_006202.jpg
6203,103.383333,,0,B,0.07608,0.34163,0.02964,0.00341,frames/frame_006203.jpg
6204,103.400000,,0,P,0.07383,0.34278,0.02987,0.00396,frames/frame_006204.jpg
6205,103.416667,,0,B,0.07733,0.33683,0.02965,0.00501,frames/frame_006205.jpg
6206,103.433333,,0,P,0.07676,0.33905,0.02926,0.00270,frames/frame_006206.jpg
6207,103.450000,,0,B,0.07694,0.33260,0.02906,0.00273,frames/frame_006207.jpg
6208,103.466667,,0,B,0.07682,0.33396,0.02954,0.00258,frames/frame_006208.jpg
6209,103.483333,,0,B,0.07699,0.33431,0.02973,0.00220,frames/frame_006209.jpg
6210,103.500000,,0,P,0.07561,0.34509,0.02973,0.00286,frames/frame_006210.jpg
6211,103.516667,,0,B,0.07552,0.33958,0.02927,0.00252,frames/frame_006211.jpg
6212,103.533333,,0,B,0.07688,0.33908,0.02874,0.00352,frames/frame_006212.jpg
6213,103.550000,,0,B,0.07610,0.33519,0.02892,0.00233,frames/frame_006213.jpg
6214,103.566667,,0,P,0.07444,0.34121,0.02919,0.00294,frames/frame_006214.jpg
6215,103.583333,,0,B,0.07340,0.34100,0.02903,0.00233,frames/frame_006215.jpg
6216,103.600000,,0,B,0.07250,0.33592,0.02879,0.00249,frames/frame_006216.jpg
6217,103.616667,,0,P,0.07109,0.33625,0.02881,0.00275,frames/frame_006217.jpg
6218,103.633333,,0,B,0.07571,0.32686,0.02880,0.00750,frames/frame_006218.jpg
6219,103.650000,,0,P,0.08003,0.33103,0.02881,0.00765,frames/frame_006219.jpg
6220,103.666667,,0,B,0.07952,0.32736,0.02867,0.00536,frames/frame_006220.jpg
6221,103.683333,,0,P,0.08225,0.33942,0.02852,0.00665,frames/frame_006221.jpg
6222,103.700000,,0,B,0.08004,0.34427,0.02878,0.00552,frames/frame_006222.jpg
6223,103.716667,,0,B,0.07866,0.34020,0.02858,0.00513,frames/frame_006223.jpg
6224,103.733333,,0,P,0.07557,0.35589,0.02918,0.00454,frames/frame_006224.jpg
6225,103.750000,,0,P,0.07513,0.35412,0.02933,0.00408,frames/frame_006225.jpg
6226,103.766667,,0,B,0.07357,0.34996,0.02961,0.00780,frames/frame_006226.jpg
6227,103.783333,,0,B,0.07427,0.34075,0.03051,0.01027,frames/frame_006227.jpg
6228,103.800000,,0,P,0.07900,0.35009,0.03090,0.01741,frames/frame_006228.jpg
6229,103.816667,,0,P,0.08055,0.35487,0.03218,0.01709,frames/frame_006229.jpg
6230,103.833333,,0,P,0.08127,0.35994,0.03177,0.01197,frames/frame_006230.jpg
6231,103.850000,,0,B,0.08125,0.35669,0.03116,0.00611,frames/frame_006231.jpg
6232,103.866667,,0,B,0.08056,0.35850,0.03125,0.00241,frames/frame_006232.jpg
6233,103.883333,,0,B,0.08152,0.35871,0.03132,0.00224,frames/frame_006233.jpg
6234,103.900000,,0,P,0.08111,0.36564,0.03133,0.00220,frames/frame_006234.jpg
6235,103.916667,,0,B,0.08135,0.36138,0.03122,0.00199,frames/frame_006235.jpg
6236,103.933333,,0,B,0.08102,0.36255,0.03120,0.00163,frames/frame_006236.jpg
6237,103.950000,,0,B,0.08093,0.36221,0.03123,0.00182,frames/frame_006237.jpg
6238,103.966667,,0,P,0.08016,0.36596,0.03119,0.00212,frames/frame_006238.jpg
6239,103.983333,,0,B,0.08027,0.35901,0.03123,0.00270,frames/frame_006239.jpg
6240,104.000000,,0,B,0.07949,0.36304,0.03149,0.00243,frames/frame_006240.jpg
6241,104.016667,,0,B,0.07931,0.36187,0.03207,0.00240,frames/frame_006241.jpg
6242,104.033333,,0,P,0.07811,0.36412,0.03270,0.00292,frames/frame_006242.jpg
6243,104.050000,,0,B,0.07861,0.35931,0.03267,0.00293,frames/frame_006243.jpg
6244,104.066667,,0,B,0.07806,0.35885,0.03258,0.00277,frames/frame_006244.jpg
6245,104.083333,,0,B,0.07830,0.35695,0.03266,0.00282,frames/frame_006245.jpg
6246,104.100000,,0,P,0.07734,0.35914,0.03259,0.00339,frames/frame_006246.jpg
6247,104.116667,,0,B,0.07835,0.35758,0.03303,0.00388,frames/frame_006247.jpg
6248,104.133333,,0,B,0.07827,0.35955,0.03342,0.00325,frames/frame_006248.jpg
6249,104.150000,,0,B,0.07909,0.35794,0.03381,0.00387,frames/frame_006249.jpg
6250,104.166667,,0,P,0.08524,0.35841,0.03381,0.00874,frames/frame_006250.jpg
6251,104.183333,,0,B,0.08545,0.35707,0.03408,0.00422,frames/frame_006251.jpg
6252,104.200000,,0,B,0.08463,0.36103,0.03455,0.00396,frames/frame_006252.jpg
6253,104.216667,,0,B,0.08449,0.36414,0.03476,0.00423,frames/frame_006253.jpg
6254,104.233333,,0,P,0.08295,0.36845,0.03459,0.00468,frames/frame_006254.jpg
6255,104.250000,,0,B,0.08412,0.36705,0.03449,0.00459,frames/frame_006255.jpg
6256,104.266667,,0,B,0.08410,0.37051,0.03421,0.00405,frames/frame_006256.jpg
6257,104.283333,,0,B,0.08477,0.37039,0.03416,0.00416,frames/frame_006257.jpg
6258,104.300000,,0,P,0.08421,0.38138,0.03511,0.00429,frames/frame_006258.jpg
6259,104.316667,,0,B,0.08547,0.37407,0.03491,0.00466,frames/frame_006259.jpg
6260,104.333333,,0,B,0.08624,0.37742,0.03490,0.00403,frames/frame_006260.jpg
6261,104.350000,,0,B,0.08744,0.37625,0.03529,0.00419,frames/frame_006261.jpg
6262,104.366667,,0,P,0.08732,0.38089,0.03601,0.00407,frames/frame_006262.jpg
6263,104.383333,,0,B,0.08842,0.37461,0.03576,0.00428,frames/frame_006263.jpg
6264,104.400000,,0,B,0.08830,0.37521,0.03557,0.00380,frames/frame_006264.jpg
6265,104.416667,,0,B,0.08874,0.37534,0.03525,0.00377,frames/frame_006265.jpg
6266,104.433333,,0,P,0.08806,0.38498,0.03520,0.00385,frames/frame_006266.jpg
6267,104.450000,,0,B,0.08912,0.37909,0.03485,0.00427,frames/frame_006267.jpg
6268,104.466667,,0,B,0.08872,0.38352,0.03527,0.00358,frames/frame_006268.jpg
6269,104.483333,,0,B,0.08916,0.38508,0.03548,0.00352,frames/frame_006269.jpg
6270,104.500000,,0,P,0.08795,0.39337,0.03619,0.00391,frames/frame_006270.jpg
6271,104.516667,,0,B,0.08893,0.39207,0.03609,0.00305,frames/frame_006271.jpg
6272,104.533333,,0,B,0.08897,0.39397,0.03625,0.00241,frames/frame_006272.jpg
6273,104.550000,,0,B,0.08959,0.39198,0.03635,0.00252,frames/frame_006273.jpg
6274,104.566667,,0,P,0.08928,0.39549,0.03653,0.00248,frames/frame_006274.jpg
6275,104.583333,,0,B,0.09016,0.39405,0.03642,0.00279,frames/frame_006275.jpg
6276,104.600000,,0,B,0.09032,0.39563,0.03657,0.00222,frames/frame_006276.jpg
6277,104.616667,,0,B,0.09081,0.39530,0.03625,0.00216,frames/frame_006277.jpg
6278,104.633333,,0,P,0.09038,0.40067,0.03638,0.00216,frames/frame_006278.jpg
6279,104.650000,,0,B,0.09095,0.39915,0.03639,0.00215,frames/frame_006279.jpg
6280,104.666667,,0,B,0.09084,0.40221,0.03653,0.00173,frames/frame_006280.jpg
6281,104.683333,,0,B,0.09112,0.40046,0.03670,0.00182,frames/frame_006281.jpg
6282,104.700000,,0,P,0.09057,0.40513,0.03683,0.00183,frames/frame_006282.jpg
6283,104.716667,,0,B,0.09149,0.40020,0.03669,0.00245,frames/frame_006283.jpg
6284,104.733333,,0,B,0.09145,0.40312,0.03685,0.00192,frames/frame_006284.jpg
6285,104.750000,,0,B,0.10271,0.39307,0.03574,0.01211,frames/frame_006285.jpg
6286,104.766667,,0,P,0.10173,0.40010,0.03611,0.00358,frames/frame_006286.jpg
6287,104.783333,,0,B,0.16776,0.49784,0.05021,0.08513,frames/frame_006287.jpg
6288,104.800000,,0,B,0.16639,0.50644,0.05144,0.00654,frames/frame_006288.jpg
6289,104.816667,,0,B,0.16390,0.51446,0.05178,0.00773,frames/frame_006289.jpg
6290,104.833333,,0,P,0.16243,0.52972,0.05206,0.00627,frames/frame_006290.jpg
6291,104.850000,,0,B,0.16283,0.52971,0.05191,0.00600,frames/frame_006291.jpg
6292,104.866667,,0,B,0.16217,0.53122,0.05180,0.00434,frames/frame_006292.jpg
6293,104.883333,,0,B,0.16184,0.53145,0.05167,0.00371,frames/frame_006293.jpg
6294,104.900000,,0,P,0.16077,0.53468,0.05185,0.00420,frames/frame_006294.jpg
6295,104.916667,,0,B,0.16110,0.53268,0.05143,0.00445,frames/frame_006295.jpg
6296,104.933333,,0,B,0.16043,0.53780,0.05138,0.00406,frames/frame_006296.jpg
6297,104.950000,,0,B,0.16033,0.53466,0.05109,0.00392,frames/frame_006297.jpg
6298,104.966667,,0,P,0.15922,0.53994,0.05114,0.00434,frames/frame_006298.jpg
6299,104.983333,,0,P,0.15928,0.54173,0.05114,0.00425,frames/frame_006299.jpg
6300,105.000000,,1,I,0.15966,0.59982,0.05142,0.00831,frames/frame_006300.jpg
6301,105.016667,,0,B,0.16037,0.59759,0.05095,0.00379,frames/frame_006301.jpg
6302,105.033333,,0,B,0.16035,0.59865,0.05057,0.00329,frames/frame_006302.jpg
6303,105.050000,,0,B,0.16067,0.59636,0.05044,0.00320,frames/frame_006303.jpg
6304,105.066667,,0,P,0.16043,0.59929,0.05053,0.00341,frames/frame_006304.jpg
6305,105.083333,,0,B,0.16128,0.59550,0.05048,0.00380,frames/frame_006305.jpg
6306,105.100000,,0,B,0.16119,0.59800,0.05072,0.00351,frames/frame_006306.jpg
6307,105.116667,,0,B,0.16153,0.59661,0.05035,0.00390,frames/frame_006307.jpg
6308,105.133333,,0,P,0.16073,0.60152,0.05030,0.00406,frames/frame_006308.jpg
6309,105.150000,,0,B,0.16186,0.59708,0.05023,0.00448,frames/frame_006309.jpg
6310,105.166667,,0,B,0.16184,0.59891,0.05043,0.00400,frames/frame_006310.jpg
6311,105.183333,,0,B,0.16251,0.59775,0.05022,0.00408,frames/frame_006311.jpg
6312,105.200000,,0,P,0.16221,0.60112,0.05027,0.00410,frames/frame_006312.jpg
6313,105.216667,,0,B,0.16394,0.59805,0.05010,0.00479,frames/frame_006313.jpg
6314,105.233333,,0,B,0.16515,0.60020,0.05016,0.00415,frames/frame_006314.jpg
6315,105.250000,,0,B,0.16598,0.59910,0.05038,0.00404,frames/frame_006315.jpg
6316,105.266667,,0,P,0.16598,0.60339,0.05053,0.00394,frames/frame_006316.jpg
6317,105.283333,,0,B,0.16874,0.59720,0.05035,0.00554,frames/frame_006317.jpg
6318,105.300000,,0,B,0.19855,0.57116,0.05032,0.03175,frames/frame_006318.jpg
6319,105.316667,,0,B,0.20172,0.57332,0.04971,0.00570,frames/frame_006319.jpg
6320,105.333333,,0,P,0.19926,0.58386,0.05116,0.00678,frames/frame_006320.jpg
6321,105.350000,,0,B,0.19735,0.58844,0.05165,0.00742,frames/frame_006321.jpg
6322,105.366667,,0,B,0.19374,0.60167,0.05208,0.00821,frames/frame_006322.jpg
6323,105.383333,,0,B,0.18966,0.60833,0.05335,0.00880,frames/frame_006323.jpg
6324,105.400000,,0,P,0.18727,0.61598,0.05354,0.00729,frames/frame_006324.jpg
6325,105.416667,,0,B,0.18695,0.61599,0.05349,0.00542,frames/frame_006325.jpg
6326,105.433333,,0,B,0.18691,0.61367,0.05290,0.00518,frames/frame_006326.jpg
6327,105.450000,,0,P,0.18585,0.61905,0.05275,0.00497,frames/frame_006327.jpg
6328,105.466667,,0,B,0.18568,0.62192,0.05281,0.00543,frames/frame_006328.jpg
6329,105.483333,,0,B,0.18604,0.61812,0.05328,0.00563,frames/frame_006329.jpg
6330,105.500000,,0,P,0.18480,0.63119,0.05360,0.00576,frames/frame_006330.jpg
6331,105.516667,,0,B,0.18585,0.62719,0.05316,0.00488,frames/frame_006331.jpg
6332,105.533333,,0,B,0.18567,0.62830,0.05292,0.00418,frames/frame_006332.jpg
6333,105.550000,,0,B,0.18597,0.62617,0.05290,0.00435,frames/frame_006333.jpg
6334,105.566667,,0,P,0.18509,0.63220,0.05284,0.00453,frames/frame_006334.jpg
6335,105.583333,,0,B,0.18591,0.62902,0.05240,0.00457,frames/frame_006335.jpg
6336,105.600000,,0,P,0.18559,0.63174,0.05243,0.00437,frames/frame_006336.jpg
6337,105.616667,,0,B,0.18622,0.62920,0.05223,0.00475,frames/frame_006337.jpg
6338,105.633333,,0,P,0.18571,0.63223,0.05244,0.00461,frames/frame_006338.jpg
6339,105.650000,,0,B,0.18671,0.62855,0.05228,0.00469,frames/frame_006339.jpg
6340,105.666667,,0,B,0.18657,0.63045,0.05223,0.00427,frames/frame_006340.jpg
6341,105.683333,,0,B,0.18708,0.62948,0.05193,0.00399,frames/frame_006341.jpg
6342,105.700000,,0,P,0.18613,0.63553,0.05194,0.00401,frames/frame_006342.jpg
6343,105.716667,,0,B,0.18683,0.63604,0.05162,0.00403,frames/frame_006343.jpg
6344,105.733333,,0,B,0.18784,0.63213,0.05249,0.00829,frames/frame_006344.jpg
6345,105.750000,,0,P,0.18684,0.63814,0.05250,0.01531,frames/frame_006345.jpg
6346,105.766667,,0,P,0.18825,0.63974,0.05264,0.02599,frames/frame_006346.jpg
6347,105.783333,,0,B,0.19120,0.63513,0.05224,0.03796,frames/frame_006347.jpg
6348,105.800000,,0,B,0.18985,0.63854,0.05250,0.04875,frames/frame_006348.jpg
6349,105.816667,,0,B,0.18943,0.62887,0.05254,0.06242,frames/frame_006349.jpg
6350,105.833333,,0,P,0.18609,0.62797,0.05257,0.07564,frames/frame_006350.jpg
6351,105.850000,,0,P,0.18096,0.61341,0.05400,0.08738,frames/frame_006351.jpg
6352,105.866667,,0,B,0.16198,0.58573,0.04706,0.09002,frames/frame_006352.jpg
6353,105.883333,,0,B,0.12310,0.53764,0.03088,0.07074,frames/frame_006353.jpg
6354,105.900000,,0,P,0.09005,0.51408,0.02326,0.04743,frames/frame_006354.jpg
6355,105.916667,,0,P,0.07570,0.47629,0.02160,0.02860,frames/frame_006355.jpg
6356,105.933333,,0,P,0.07168,0.46236,0.02054,0.01932,frames/frame_006356.jpg
6357,105.950000,,0,P,0.06868,0.45063,0.02016,0.01539,frames/frame_006357.jpg
6358,105.966667,,0,P,0.06764,0.44639,0.02094,0.01279,frames/frame_006358.jpg
6359,105.983333,,0,P,0.06749,0.44770,0.02060,0.01075,frames/frame_006359.jpg
6360,106.000000,,0,P,0.06850,0.46146,0.02092,0.00859,frames/frame_006360.jpg
6361,106.016667,,0,B,0.06843,0.46188,0.02090,0.00429,frames/frame_006361.jpg
6362,106.033333,,0,B,0.06939,0.45415,0.02121,0.00326,frames/frame_006362.jpg
6363,106.050000,,0,P,0.06908,0.46262,0.02155,0.00189,frames/frame_006363.jpg
6364,106.066667,,0,B,0.06920,0.45851,0.02135,0.00338,frames/frame_006364.jpg
6365,106.083333,,0,P,0.06970,0.47111,0.02183,0.00181,frames/frame_006365.jpg
6366,106.100000,,0,P,0.07025,0.47171,0.02240,0.00173,frames/frame_006366.jpg
6367,106.116667,,0,B,0.07169,0.47066,0.02237,0.00229,frames/frame_006367.jpg
6368,106.133333,,0,B,0.07187,0.47350,0.02280,0.00121,frames/frame_006368.jpg
6369,106.150000,,0,B,0.07366,0.47322,0.02355,0.00231,frames/frame_006369.jpg
6370,106.166667,,0,P,0.07366,0.48182,0.02396,0.00210,frames/frame_006370.jpg
6371,106.183333,,0,B,0.07504,0.48386,0.02390,0.00283,frames/frame_006371.jpg
6372,106.200000,,0,B,0.07536,0.48499,0.02416,0.00161,frames/frame_006372.jpg
6373,106.216667,,0,B,0.07618,0.48259,0.02521,0.00215,frames/frame_006373.jpg
6374,106.233333,,0,P,0.07573,0.50317,0.02557,0.00248,frames/frame_006374.jpg
6375,106.250000,,0,B,0.07680,0.49865,0.02570,0.00292,frames/frame_006375.jpg
6376,106.266667,,0,B,0.07679,0.49995,0.02585,0.00223,frames/frame_006376.jpg
6377,106.283333,,0,B,0.07767,0.49789,0.02683,0.00263,frames/frame_006377.jpg
6378,106.300000,,0,P,0.07702,0.50894,0.02704,0.00257,frames/frame_006378.jpg
6379,106.316667,,0,B,0.07790,0.49618,0.02717,0.00326,frames/frame_006379.jpg
6380,106.333333,,0,B,0.07793,0.49918,0.02806,0.00265,frames/frame_006380.jpg
6381,106.350000,,0,B,0.07831,0.49952,0.02836,0.00253,frames/frame_006381.jpg
6382,106.366667,,0,P,0.07758,0.52037,0.02815,0.00278,frames/frame_006382.jpg
6383,106.383333,,0,B,0.07865,0.51546,0.02794,0.00303,frames/frame_006383.jpg
6384,106.400000,,0,B,0.07883,0.51709,0.02832,0.00239,frames/frame_006384.jpg
6385,106.416667,,0,B,0.07959,0.51493,0.02844,0.00257,frames/frame_006385.jpg
6386,106.433333,,0,P,0.07889,0.53772,0.02879,0.00263,frames/frame_006386.jpg
6387,106.450000,,0,B,0.08010,0.52705,0.02876,0.00316,frames/frame_006387.jpg
6388,106.466667,,0,B,0.08019,0.52998,0.02938,0.00268,frames/frame_006388.jpg
6389,106.483333,,0,B,0.08081,0.52970,0.02934,0.00254,frames/frame_006389.jpg
6390,106.500000,,0,P,0.07986,0.55480,0.02963,0.00331,frames/frame_006390.jpg
6391,106.516667,,0,B,0.08033,0.54127,0.02948,0.00220,frames/frame_006391.jpg
6392,106.533333,,0,B,0.07995,0.54485,0.02973,0.00178,frames/frame_006392.jpg
6393,106.550000,,0,B,0.08146,0.53839,0.03340,0.01087,frames/frame_006393.jpg
6394,106.566667,,0,P,0.07768,0.54739,0.03153,0.02243,frames/frame_006394.jpg
6395,106.583333,,0,P,0.07513,0.54384,0.02867,0.01812,frames/frame_006395.jpg
6396,106.600000,,0,P,0.07380,0.53289,0.02822,0.01428,frames/frame_006396.jpg
6397,106.616667,,0,B,0.07297,0.51708,0.02837,0.01114,frames/frame_006397.jpg
6398,106.633333,,0,P,0.07112,0.51356,0.02854,0.00968,frames/frame_006398.jpg
6399,106.650000,,0,P,0.06971,0.47878,0.02617,0.00787,frames/frame_006399.jpg
6400,106.666667,,0,P,0.06934,0.46189,0.02724,0.00592,frames/frame_006400.jpg
6401,106.683333,,0,P,0.06845,0.46119,0.02529,0.00454,frames/frame_006401.jpg
6402,106.700000,,0,P,0.06811,0.45590,0.02539,0.00400,frames/frame_006402.jpg
6403,106.716667,,0,B,0.06813,0.45006,0.02563,0.00296,frames/frame_006403.jpg
6404,106.733333,,0,B,0.06747,0.45059,0.02618,0.00251,frames/frame_006404.jpg
6405,106.750000,,0,B,0.06739,0.45073,0.02648,0.00190,frames/frame_006405.jpg
6406,106.766667,,0,P,0.06650,0.45234,0.02651,0.00227,frames/frame_006406.jpg
6407,106.783333,,0,B,0.06666,0.44797,0.02625,0.00152,frames/frame_006407.jpg
6408,106.800000,,0,B,0.06647,0.44888,0.02604,0.00117,frames/frame_006408.jpg
6409,106.816667,,0,B,0.06639,0.44805,0.02613,0.00098,frames/frame_006409.jpg
6410,106.833333,,0,P,0.06597,0.44923,0.02630,0.00142,frames/frame_006410.jpg
6411,106.850000,,0,B,0.06613,0.44551,0.02616,0.00104,frames/frame_006411.jpg
6412,106.866667,,0,B,0.06595,0.44575,0.02594,0.00079,frames/frame_006412.jpg
6413,106.883333,,0,B,0.06601,0.44510,0.02595,0.00067,frames/frame_006413.jpg
6414,106.900000,,0,P,0.06558,0.44611,0.02588,0.00120,frames/frame_006414.jpg
6415,106.916667,,0,B,0.06576,0.44075,0.02590,0.00091,frames/frame_006415.jpg
6416,106.933333,,0,B,0.06559,0.44126,0.02591,0.00074,frames/frame_006416.jpg
6417,106.950000,,0,B,0.06562,0.44116,0.02580,0.00058,frames/frame_006417.jpg
6418,106.966667,,0,P,0.06540,0.44377,0.02626,0.00138,frames/frame_006418.jpg
6419,106.983333,,0,B,0.06575,0.44037,0.02636,0.00113,frames/frame_006419.jpg
6420,107.000000,,0,B,0.06568,0.44042,0.02642,0.00082,frames/frame_006420.jpg
6421,107.016667,,0,B,0.06582,0.44066,0.02617,0.00080,frames/frame_006421.jpg
6422,107.033333,,0,P,0.06567,0.44428,0.02658,0.00121,frames/frame_006422.jpg
6423,107.050000,,0,B,0.06670,0.43835,0.02686,0.00188,frames/frame_006423.jpg
6424,107.066667,,0,B,0.06705,0.43718,0.02765,0.00150,frames/frame_006424.jpg
6425,107.083333,,0,B,0.06774,0.43447,0.02827,0.00146,frames/frame_006425.jpg
6426,107.100000,,0,P,0.06792,0.43637,0.02921,0.00170,frames/frame_006426.jpg
6427,107.116667,,0,B,0.06866,0.42975,0.02991,0.00172,frames/frame_006427.jpg
6428,107.133333,,0,B,0.06855,0.43241,0.03035,0.00147,frames/frame_006428.jpg
6429,107.150000,,0,B,0.06874,0.42966,0.03083,0.00139,frames/frame_006429.jpg
6430,107.166667,,0,P,0.06853,0.43734,0.03103,0.00180,frames/frame_006430.jpg
6431,107.183333,,0,B,0.06908,0.43312,0.03137,0.00186,frames/frame_006431.jpg
6432,107.200000,,0,B,0.06892,0.43323,0.03158,0.00150,frames/frame_006432.jpg
6433,107.216667,,0,B,0.06925,0.43122,0.03206,0.00151,frames/frame_006433.jpg
6434,107.233333,,0,P,0.06867,0.43771,0.03248,0.00195,frames/frame_006434.jpg
6435,107.250000,,0,B,0.06916,0.43185,0.03293,0.00162,frames/frame_006435.jpg
6436,107.266667,,0,B,0.06907,0.43108,0.03308,0.00117,frames/frame_006436.jpg
6437,107.283333,,0,B,0.06921,0.43055,0.03325,0.00115,frames/frame_006437.jpg
6438,107.300000,,0,P,0.06902,0.43546,0.03379,0.00154,frames/frame_006438.jpg
6439,107.316667,,0,B,0.06958,0.43140,0.03416,0.00173,frames/frame_006439.jpg
6440,107.333333,,0,B,0.06970,0.42978,0.03444,0.00116,frames/frame_006440.jpg
6441,107.350000,,0,B,0.07000,0.42728,0.03484,0.00125,frames/frame_006441.jpg
6442,107.366667,,0,P,0.06963,0.43805,0.03523,0.00161,frames/frame_006442.jpg
6443,107.383333,,0,B,0.07037,0.43133,0.03536,0.00178,frames/frame_006443.jpg
6444,107.400000,,0,B,0.07015,0.43224,0.03566,0.00116,frames/frame_006444.jpg
6445,107.416667,,0,B,0.07044,0.43046,0.03582,0.00123,frames/frame_006445.jpg
6446,107.433333,,0,P,0.07005,0.44004,0.03587,0.00156,frames/frame_006446.jpg
6447,107.450000,,0,B,0.07019,0.43806,0.03582,0.00173,frames/frame_006447.jpg
6448,107.466667,,0,P,0.07575,0.43189,0.05347,0.02099,frames/frame_006448.jpg
6449,107.483333,,0,P,0.07821,0.43254,0.05622,0.02896,frames/frame_006449.jpg
6450,107.500000,,0,P,0.07995,0.43097,0.06150,0.02995,frames/frame_006450.jpg
6451,107.516667,,0,P,0.08148,0.42717,0.06011,0.02611,frames/frame_006451.jpg
6452,107.533333,,0,P,0.08005,0.42876,0.05377,0.02120,frames/frame_006452.jpg
6453,107.550000,,0,B,0.07765,0.43004,0.05489,0.01712,frames/frame_006453.jpg
6454,107.566667,,0,P,0.07589,0.43414,0.05082,0.01513,frames/frame_006454.jpg
6455,107.583333,,0,P,0.07349,0.43554,0.04821,0.01171,frames/frame_006455.jpg
6456,107.600000,,0,B,0.07388,0.42694,0.04869,0.00775,frames/frame_006456.jpg
6457,107.616667,,0,B,0.07364,0.42712,0.05075,0.00614,frames/frame_006457.jpg
6458,107.633333,,0,B,0.07273,0.42917,0.04833,0.00564,frames/frame_006458.jpg
6459,107.650000,,0,P,0.07255,0.43182,0.04725,0.00781,frames/frame_006459.jpg
6460,107.666667,,0,B,0.07367,0.42900,0.04642,0.00698,frames/frame_006460.jpg
6461,107.683333,,0,B,0.07255,0.43398,0.04511,0.00412,frames/frame_006461.jpg
6462,107.700000,,0,B,0.07186,0.43679,0.04385,0.00261,frames/frame_006462.jpg
6463,107.716667,,0,P,0.07225,0.43758,0.04639,0.00296,frames/frame_006463.jpg
6464,107.733333,,0,B,0.07301,0.43443,0.04760,0.00432,frames/frame_006464.jpg
6465,107.750000,,0,B,0.07297,0.43383,0.04677,0.00402,frames/frame_006465.jpg
6466,107.766667,,0,B,0.07311,0.43331,0.04562,0.00381,frames/frame_006466.jpg
6467,107.783333,,0,P,0.07343,0.43649,0.04956,0.00505,frames/frame_006467.jpg
6468,107.800000,,0,B,0.07373,0.43058,0.05105,0.00507,frames/frame_006468.jpg
6469,107.816667,,0,B,0.07310,0.43094,0.04925,0.00341,frames/frame_006469.jpg
6470,107.833333,,0,B,0.07216,0.43199,0.04664,0.00207,frames/frame_006470.jpg
6471,107.850000,,0,P,0.07321,0.43296,0.05162,0.00456,frames/frame_006471.jpg
6472,107.866667,,0,B,0.07444,0.42831,0.05271,0.00469,frames/frame_006472.jpg
6473,107.883333,,0,B,0.07490,0.42957,0.05113,0.00456,frames/frame_006473.jpg
6474,107.900000,,0,B,0.07451,0.42493,0.04901,0.00264,frames/frame_006474.jpg
6475,107.916667,,0,P,0.07471,0.43163,0.05151,0.00380,frames/frame_006475.jpg
6476,107.933333,,0,B,0.07569,0.42035,0.05479,0.00489,frames/frame_006476.jpg
6477,107.950000,,0,B,0.07560,0.42690,0.05490,0.00518,frames/frame_006477.jpg
6478,107.966667,,0,B,0.07596,0.42544,0.05394,0.00428,frames/frame_006478.jpg
6479,107.983333,,0,P,0.07583,0.42694,0.05515,0.00322,frames/frame_006479.jpg
6480,108.000000,,1,I,0.07577,0.39888,0.05644,0.00756,frames/frame_006480.jpg
6481,108.016667,,0,B,0.07603,0.39618,0.05465,0.00355,frames/frame_006481.jpg
6482,108.033333,,0,B,0.07617,0.39476,0.05308,0.00316,frames/frame_006482.jpg
6483,108.050000,,0,B,0.07560,0.39585,0.05132,0.00156,frames/frame_006483.jpg
6484,108.066667,,0,P,0.07583,0.39672,0.05325,0.00294,frames/frame_006484.jpg
6485,108.083333,,0,B,0.07605,0.39502,0.05506,0.00331,frames/frame_006485.jpg
6486,108.100000,,0,B,0.07571,0.39624,0.05526,0.00232,frames/frame_006486.jpg
6487,108.116667,,0,B,0.07529,0.39569,0.05509,0.00218,frames/frame_006487.jpg
6488,108.133333,,0,P,0.07483,0.39712,0.05399,0.00171,frames/frame_006488.jpg
6489,108.150000,,0,B,0.07476,0.39348,0.05347,0.00144,frames/frame_006489.jpg
6490,108.166667,,0,B,0.07447,0.39681,0.05353,0.00114,frames/frame_006490.jpg
6491,108.183333,,0,B,0.07628,0.39017,0.05709,0.00654,frames/frame_006491.jpg
6492,108.200000,,0,P,0.07703,0.39091,0.05987,0.01277,frames/frame_006492.jpg
6493,108.216667,,0,B,0.07793,0.38127,0.05798,0.02675,frames/frame_006493.jpg
6494,108.233333,,0,P,0.07290,0.38587,0.05142,0.02499,frames/frame_006494.jpg
6495,108.250000,,0,B,0.07221,0.38001,0.05009,0.01438,frames/frame_006495.jpg
6496,108.266667,,0,P,0.07222,0.38140,0.04888,0.01375,frames/frame_006496.jpg
6497,108.283333,,0,B,0.07213,0.37680,0.04735,0.01543,frames/frame_006497.jpg
6498,108.300000,,0,P,0.07087,0.37875,0.04650,0.01321,frames/frame_006498.jpg
6499,108.316667,,0,P,0.06986,0.37958,0.04560,0.00939,frames/frame_006499.jpg
6500,108.333333,,0,B,0.06909,0.38006,0.04454,0.00661,frames/frame_006500.jpg
6501,108.350000,,0,B,0.06850,0.37569,0.04527,0.00412,frames/frame_006501.jpg
6502,108.366667,,0,P,0.06741,0.37894,0.04468,0.00269,frames/frame_006502.jpg
6503,108.383333,,0,B,0.06687,0.37738,0.04314,0.00149,frames/frame_006503.jpg
6504,108.400000,,0,B,0.06650,0.37717,0.04222,0.00130,frames/frame_006504.jpg
6505,108.416667,,0,B,0.06652,0.37540,0.04178,0.00218,frames/frame_006505.jpg
6506,108.433333,,0,P,0.06718,0.37393,0.04397,0.00256,frames/frame_006506.jpg
6507,108.450000,,0,P,0.07035,0.36909,0.04972,0.00760,frames/frame_006507.jpg
6508,108.466667,,0,P,0.07535,0.36169,0.05776,0.02927,frames/frame_006508.jpg
6509,108.483333,,0,B,0.08469,0.35079,0.07023,0.04177,frames/frame_006509.jpg
6510,108.500000,,0,P,0.09592,0.34836,0.08702,0.05130,frames/frame_006510.jpg
6511,108.516667,,0,P,0.10085,0.35445,0.08900,0.05926,frames/frame_006511.jpg
6512,108.533333,,0,B,0.09541,0.36244,0.07438,0.04337,frames/frame_006512.jpg
6513,108.550000,,0,B,0.09887,0.35501,0.08379,0.02301,frames/frame_006513.jpg
6514,108.566667,,0,P,0.10219,0.34770,0.09060,0.05773,frames/frame_006514.jpg
6515,108.583333,,0,P,0.08927,0.34959,0.07995,0.05619,frames/frame_006515.jpg
6516,108.600000,,0,P,0.08414,0.35203,0.07190,0.04495,frames/frame_006516.jpg
6517,108.616667,,0,P,0.07581,0.35878,0.06115,0.03685,frames/frame_006517.jpg
6518,108.633333,,0,P,0.07326,0.36383,0.05449,0.00538,frames/frame_006518.jpg
6519,108.650000,,0,B,0.07283,0.36233,0.05517,0.00725,frames/frame_006519.jpg
6520,108.666667,,0,B,0.07234,0.36356,0.05472,0.00265,frames/frame_006520.jpg
6521,108.683333,,0,B,0.07234,0.36223,0.05440,0.00257,frames/frame_006521.jpg
6522,108.700000,,0,P,0.07224,0.36661,0.05525,0.00320,frames/frame_006522.jpg
6523,108.716667,,0,B,0.07287,0.35778,0.05574,0.00398,frames/frame_006523.jpg
6524,108.733333,,0,B,0.07306,0.35956,0.05490,0.00443,frames/frame_006524.jpg
6525,108.750000,,0,B,0.07314,0.35711,0.05329,0.00463,frames/frame_006525.jpg
6526,108.766667,,0,P,0.07242,0.35830,0.05489,0.00586,frames/frame_006526.jpg
6527,108.783333,,0,B,0.07280,0.35891,0.06022,0.00684,frames/frame_006527.jpg
6528,108.800000,,0,B,0.07425,0.35285,0.05926,0.00847,frames/frame_006528.jpg
6529,108.816667,,0,P,0.07491,0.35278,0.05917,0.01018,frames/frame_006529.jpg
6530,108.833333,,0,B,0.07490,0.35254,0.06283,0.01107,frames/frame_006530.jpg
6531,108.850000,,0,B,0.07518,0.34801,0.06704,0.01294,frames/frame_006531.jpg
6532,108.866667,,0,P,0.07461,0.35644,0.06474,0.01374,frames/frame_006532.jpg
6533,108.883333,,0,P,0.07569,0.36096,0.06672,0.01613,frames/frame_006533.jpg
6534,108.900000,,0,P,0.08063,0.34692,0.07447,0.02727,frames/frame_006534.jpg
6535,108.916667,,0,P,0.08893,0.34361,0.08622,0.04291,frames/frame_006535.jpg
6536,108.933333,,0,P,0.09259,0.33450,0.09426,0.04657,frames/frame_006536.jpg
6537,108.950000,,0,P,0.09019,0.33654,0.07854,0.04308,frames/frame_006537.jpg
6538,108.966667,,0,P,0.08737,0.34341,0.07516,0.02933,frames/frame_006538.jpg
6539,108.983333,,0,B,0.08569,0.33886,0.07761,0.01794,frames/frame_006539.jpg
6540,109.000000,,0,P,0.08535,0.33629,0.07682,0.01556,frames/frame_006540.jpg
6541,109.016667,,0,B,0.08538,0.33002,0.07431,0.01805,frames/frame_006541.jpg
6542,109.033333,,0,P,0.08434,0.32853,0.07178,0.01691,frames/frame_006542.jpg
6543,109.050000,,0,P,0.08303,0.33045,0.07012,0.01482,frames/frame_006543.jpg
6544,109.066667,,0,B,0.08191,0.33260,0.07099,0.01363,frames/frame_006544.jpg
6545,109.083333,,0,P,0.08065,0.33245,0.06738,0.01252,frames/frame_006545.jpg
6546,109.100000,,0,B,0.08086,0.32577,0.06975,0.01379,frames/frame_006546.jpg
6547,109.116667,,0,B,0.08132,0.32698,0.06720,0.00849,frames/frame_006547.jpg
6548,109.133333,,0,B,0.08020,0.32256,0.06340,0.01206,frames/frame_006548.jpg
6549,109.150000,,0,P,0.07864,0.32800,0.06306,0.00833,frames/frame_006549.jpg
6550,109.166667,,0,B,0.07794,0.32837,0.06142,0.00659,frames/frame_006550.jpg
6551,109.183333,,0,B,0.07769,0.32591,0.06230,0.00494,frames/frame_006551.jpg
6552,109.200000,,0,B,0.07771,0.32529,0.06283,0.00420,frames/frame_006552.jpg
6553,109.216667,,0,P,0.07704,0.32903,0.06258,0.00392,frames/frame_006553.jpg
6554,109.233333,,0,B,0.07751,0.32478,0.06221,0.00346,frames/frame_006554.jpg
6555,109.250000,,0,B,0.07717,0.32636,0.06097,0.00283,frames/frame_006555.jpg
6556,109.266667,,0,B,0.07718,0.32342,0.05978,0.00240,frames/frame_006556.jpg
6557,109.283333,,0,P,0.07689,0.32519,0.05912,0.00198,frames/frame_006557.jpg
6558,109.300000,,0,B,0.07717,0.32418,0.05891,0.00164,frames/frame_006558.jpg
6559,109.316667,,0,B,0.07712,0.32359,0.05867,0.00144,frames/frame_006559.jpg
6560,109.333333,,0,B,0.07759,0.32378,0.05831,0.00287,frames/frame_006560.jpg
6561,109.350000,,0,P,0.07778,0.32374,0.05910,0.00192,frames/frame_006561.jpg
6562,109.366667,,0,B,0.07863,0.32281,0.06053,0.00269,frames/frame_006562.jpg
6563,109.383333,,0,B,0.07876,0.32347,0.06107,0.00227,frames/frame_006563.jpg
6564,109.400000,,0,B,0.07907,0.32179,0.06138,0.00247,frames/frame_006564.jpg
6565,109.416667,,0,P,0.07837,0.32307,0.06020,0.00180,frames/frame_006565.jpg
6566,109.433333,,0,B,0.07838,0.32236,0.05991,0.00128,frames/frame_006566.jpg
6567,109.450000,,0,B,0.07827,0.32337,0.05998,0.00096,frames/frame_006567.jpg
6568,109.466667,,0,B,0.07811,0.32360,0.06012,0.00098,frames/frame_006568.jpg
6569,109.483333,,0,P,0.07780,0.32406,0.05994,0.00112,frames/frame_006569.jpg
6570,109.500000,,0,B,0.07790,0.32095,0.06000,0.00145,frames/frame_006570.jpg
6571,109.516667,,0,B,0.07769,0.32208,0.05969,0.00108,frames/frame_006571.jpg
6572,109.533333,,0,B,0.07782,0.32254,0.06008,0.00108,frames/frame_006572.jpg
6573,109.550000,,0,P,0.07738,0.32471,0.06064,0.00169,frames/frame_006573.jpg
6574,109.566667,,0,B,0.07814,0.32354,0.06175,0.00226,frames/frame_006574.jpg
6575,109.583333,,0,P,0.07944,0.32238,0.06691,0.00971,frames/frame_006575.jpg
6576,109.600000,,0,P,0.08305,0.32473,0.07387,0.02327,frames/frame_006576.jpg
6577,109.616667,,0,B,0.08732,0.32372,0.08106,0.03610,frames/frame_006577.jpg
6578,109.633333,,0,P,0.09099,0.34531,0.08062,0.04940,frames/frame_006578.jpg
6579,109.650000,,0,B,0.09599,0.37587,0.08746,0.05993,frames/frame_006579.jpg
6580,109.666667,,0,B,0.09441,0.39477,0.07764,0.05779,frames/frame_006580.jpg
6581,109.683333,,0,P,0.08978,0.42148,0.07166,0.04549,frames/frame_006581.jpg
6582,109.700000,,0,P,0.08839,0.43100,0.06494,0.03417,frames/frame_006582.jpg
6583,109.716667,,0,P,0.08779,0.43668,0.06183,0.02399,frames/frame_006583.jpg
6584,109.733333,,0,P,0.08776,0.44421,0.05659,0.01930,frames/frame_006584.jpg
6585,109.750000,,0,P,0.08842,0.45216,0.05656,0.01686,frames/frame_006585.jpg
6586,109.766667,,0,B,0.09107,0.39420,0.05807,0.02134,frames/frame_006586.jpg
6587,109.783333,,0,P,0.11596,0.09827,0.02657,0.07119,frames/frame_006587.jpg
6588,109.800000,,0,P,0.12475,0.08867,0.03069,0.02964,frames/frame_006588.jpg
6589,109.816667,,0,B,0.12247,0.08588,0.03254,0.01335,frames/frame_006589.jpg
6590,109.833333,,0,B,0.12577,0.08869,0.03568,0.01781,frames/frame_006590.jpg
6591,109.850000,,0,B,0.12549,0.09031,0.03733,0.01806,frames/frame_006591.jpg
6592,109.866667,,0,P,0.12692,0.09099,0.03899,0.01706,frames/frame_006592.jpg
6593,109.883333,,0,P,0.12778,0.09341,0.04369,0.01960,frames/frame_006593.jpg
6594,109.900000,,0,P,0.12622,0.09800,0.04596,0.02088,frames/frame_006594.jpg
6595,109.916667,,0,P,0.12766,0.10090,0.04985,0.02355,frames/frame_006595.jpg
6596,109.933333,,0,P,0.12581,0.10349,0.05363,0.02238,frames/frame_006596.jpg
6597,109.950000,,0,P,0.12455,0.10412,0.05758,0.02301,frames/frame_006597.jpg
6598,109.966667,,0,P,0.12473,0.10432,0.06128,0.02411,frames/frame_006598.jpg
6599,109.983333,,0,B,0.12376,0.10372,0.06153,0.02576,frames/frame_006599.jpg
6600,110.000000,,0,P,0.12191,0.09462,0.06727,0.02799,frames/frame_006600.jpg
6601,110.016667,,0,P,0.12066,0.09113,0.06876,0.02830,frames/frame_006601.jpg
6602,110.033333,,0,B,0.11937,0.09227,0.07174,0.02934,frames/frame_006602.jpg
6603,110.050000,,0,B,0.10595,0.09033,0.06053,0.03090,frames/frame_006603.jpg
6604,110.066667,,0,P,0.10692,0.08986,0.06371,0.02281,frames/frame_006604.jpg
6605,110.083333,,0,P,0.10721,0.08768,0.06585,0.02225,frames/frame_006605.jpg
6606,110.100000,,0,P,0.10732,0.08878,0.06770,0.02195,frames/frame_006606.jpg
6607,110.116667,,0,P,0.10729,0.08845,0.06956,0.02119,frames/frame_006607.jpg
6608,110.133333,,0,P,0.10766,0.08902,0.07028,0.01918,frames/frame_006608.jpg
6609,110.150000,,0,P,0.10805,0.09082,0.07086,0.01676,frames/frame_006609.jpg
6610,110.166667,,0,P,0.10844,0.09156,0.07047,0.01415,frames/frame_006610.jpg
6611,110.183333,,0,P,0.13552,0.17847,0.06907,0.03383,frames/frame_006611.jpg
6612,110.200000,,0,B,0.13570,0.18352,0.06916,0.01113,frames/frame_006612.jpg
6613,110.216667,,0,B,0.13484,0.18191,0.06999,0.00711,frames/frame_006613.jpg
6614,110.233333,,0,B,0.13535,0.18524,0.07018,0.00474,frames/frame_006614.jpg
6615,110.250000,,0,P,0.13450,0.18321,0.07128,0.00461,frames/frame_006615.jpg
6616,110.266667,,0,P,0.13567,0.18801,0.07082,0.00344,frames/frame_006616.jpg
6617,110.283333,,0,P,0.13572,0.19149,0.07111,0.00358,frames/frame_006617.jpg
6618,110.300000,,0,P,0.13458,0.19298,0.07106,0.00244,frames/frame_006618.jpg
6619,110.316667,,0,P,0.13341,0.19569,0.07161,0.00407,frames/frame_006619.jpg
6620,110.333333,,0,P,0.13296,0.20024,0.07069,0.00435,frames/frame_006620.jpg
6621,110.350000,,0,P,0.13270,0.20308,0.07040,0.00188,frames/frame_006621.jpg
6622,110.366667,,0,B,0.13169,0.20389,0.07067,0.00252,frames/frame_006622.jpg
6623,110.383333,,0,P,0.13068,0.20697,0.07089,0.00324,frames/frame_006623.jpg
6624,110.400000,,0,P,0.13107,0.20975,0.07129,0.00158,frames/frame_006624.jpg
6625,110.416667,,0,P,0.12958,0.21131,0.07120,0.00249,frames/frame_006625.jpg
6626,110.433333,,0,B,0.12880,0.21193,0.07099,0.00232,frames/frame_006626.jpg
6627,110.450000,,0,B,0.12860,0.21245,0.07075,0.00243,frames/frame_006627.jpg
6628,110.466667,,0,P,0.12767,0.21506,0.07058,0.00276,frames/frame_006628.jpg
6629,110.483333,,0,B,0.12836,0.22146,0.06983,0.00408,frames/frame_006629.jpg
6630,110.500000,,0,B,0.12769,0.22003,0.06901,0.00563,frames/frame_006630.jpg
6631,110.516667,,0,B,0.12766,0.22324,0.06920,0.00726,frames/frame_006631.jpg
6632,110.533333,,0,P,0.12621,0.22329,0.06954,0.00946,frames/frame_006632.jpg
6633,110.550000,,0,B,0.12690,0.22751,0.06916,0.01116,frames/frame_006633.jpg
6634,110.566667,,0,P,0.12710,0.22949,0.06975,0.01340,frames/frame_006634.jpg
6635,110.583333,,0,B,0.13529,0.21792,0.08350,0.02598,frames/frame_006635.jpg
6636,110.600000,,0,B,0.13575,0.21956,0.08070,0.02273,frames/frame_006636.jpg
6637,110.616667,,0,B,0.13663,0.22439,0.07781,0.02369,frames/frame_006637.jpg
6638,110.633333,,0,P,0.13643,0.22351,0.07471,0.02450,frames/frame_006638.jpg
6639,110.650000,,0,P,0.13784,0.22281,0.07327,0.02480,frames/frame_006639.jpg
6640,110.666667,,0,P,0.14035,0.22273,0.07334,0.02576,frames/frame_006640.jpg
6641,110.683333,,0,B,0.16587,0.16276,0.09719,0.05039,frames/frame_006641.jpg
6642,110.700000,,0,P,0.17898,0.16982,0.06740,0.09651,frames/frame_006642.jpg
6643,110.716667,,0,P,0.18606,0.17089,0.07211,0.09348,frames/frame_006643.jpg
6644,110.733333,,0,P,0.16706,0.16688,0.06073,0.07103,frames/frame_006644.jpg
6645,110.750000,,0,P,0.14336,0.15175,0.05039,0.06329,frames/frame_006645.jpg
6646,110.766667,,0,P,0.15513,0.13785,0.06950,0.05800,frames/frame_006646.jpg
6647,110.783333,,0,B,0.14469,0.14487,0.07189,0.03584,frames/frame_006647.jpg
6648,110.800000,,0,B,0.13594,0.14700,0.07649,0.02438,frames/frame_006648.jpg
6649,110.816667,,0,B,0.13161,0.15166,0.08525,0.01914,frames/frame_006649.jpg
6650,110.833333,,0,P,0.11649,0.16562,0.07262,0.01754,frames/frame_006650.jpg
6651,110.850000,,0,B,0.11750,0.16926,0.07338,0.00498,frames/frame_006651.jpg
6652,110.866667,,0,B,0.11683,0.16718,0.07283,0.00746,frames/frame_006652.jpg
6653,110.883333,,0,B,0.11679,0.16915,0.07126,0.00878,frames/frame_006653.jpg
6654,110.900000,,0,P,0.11534,0.16886,0.07154,0.00933,frames/frame_006654.jpg
6655,110.916667,,0,B,0.11588,0.16895,0.07080,0.00810,frames/frame_006655.jpg
6656,110.933333,,0,B,0.11585,0.17146,0.07087,0.00564,frames/frame_006656.jpg
6657,110.950000,,0,B,0.11634,0.17206,0.07105,0.00299,frames/frame_006657.jpg
6658,110.966667,,0,P,0.11569,0.17183,0.07197,0.00477,frames/frame_006658.jpg
6659,110.983333,,0,P,0.11440,0.16844,0.06921,0.00906,frames/frame_006659.jpg
6660,111.000000,,1,I,0.10912,0.13600,0.06351,0.01491,frames/frame_006660.jpg
6661,111.016667,,0,B,0.11027,0.13599,0.06508,0.01267,frames/frame_006661.jpg
6662,111.033333,,0,B,0.12436,0.13080,0.08640,0.02602,frames/frame_006662.jpg
6663,111.050000,,0,B,0.12506,0.13180,0.08051,0.02482,frames/frame_006663.jpg
6664,111.066667,,0,P,0.12502,0.13176,0.07748,0.02451,frames/frame_006664.jpg
6665,111.083333,,0,P,0.12636,0.13210,0.07543,0.02517,frames/frame_006665.jpg
6666,111.100000,,0,P,0.12603,0.13096,0.07174,0.02624,frames/frame_006666.jpg
6667,111.116667,,0,P,0.12886,0.13006,0.07057,0.02706,frames/frame_006667.jpg
6668,111.133333,,0,B,0.13607,0.12761,0.07914,0.03056,frames/frame_006668.jpg
6669,111.150000,,0,P,0.14948,0.14093,0.04576,0.06525,frames/frame_006669.jpg
6670,111.166667,,0,P,0.15432,0.15972,0.04605,0.06568,frames/frame_006670.jpg
6671,111.183333,,0,P,0.15245,0.17673,0.05028,0.06133,frames/frame_006671.jpg
6672,111.200000,,0,P,0.13685,0.15765,0.04549,0.05106,frames/frame_006672.jpg
6673,111.216667,,0,P,0.15381,0.14198,0.06171,0.05307,frames/frame_006673.jpg
6674,111.233333,,0,B,0.14403,0.15151,0.06816,0.03755,frames/frame_006674.jpg
6675,111.250000,,0,B,0.13640,0.15857,0.07755,0.02728,frames/frame_006675.jpg
6676,111.266667,,0,B,0.13434,0.16401,0.08686,0.01978,frames/frame_006676.jpg
6677,111.283333,,0,P,0.11443,0.17838,0.07330,0.02216,frames/frame_006677.jpg
6678,111.300000,,0,P,0.11293,0.18191,0.06950,0.00595,frames/frame_006678.jpg
6679,111.316667,,0,P,0.11288,0.18242,0.06909,0.00546,frames/frame_006679.jpg
6680,111.333333,,0,B,0.11381,0.18404,0.06906,0.00696,frames/frame_006680.jpg
6681,111.350000,,0,B,0.11527,0.18260,0.07451,0.00991,frames/frame_006681.jpg
6682,111.366667,,0,B,0.11566,0.18335,0.07310,0.00961,frames/frame_006682.jpg
6683,111.383333,,0,P,0.11317,0.18326,0.06937,0.00740,frames/frame_006683.jpg
6684,111.400000,,0,B,0.11462,0.18719,0.07054,0.00509,frames/frame_006684.jpg
6685,111.416667,,0,B,0.11466,0.18665,0.07041,0.00428,frames/frame_006685.jpg
6686,111.433333,,0,B,0.11553,0.18616,0.07109,0.00748,frames/frame_006686.jpg
6687,111.450000,,0,P,0.11520,0.18417,0.07251,0.01208,frames/frame_006687.jpg
6688,111.466667,,0,P,0.11537,0.18565,0.07271,0.01426,frames/frame_006688.jpg
6689,111.483333,,0,B,0.12516,0.17861,0.08378,0.02300,frames/frame_006689.jpg
6690,111.500000,,0,B,0.13019,0.16902,0.08807,0.02681,frames/frame_006690.jpg
6691,111.516667,,0,B,0.13056,0.16891,0.08348,0.02780,frames/frame_006691.jpg
6692,111.533333,,0,P,0.13083,0.16967,0.07991,0.02798,frames/frame_006692.jpg
6693,111.550000,,0,P,0.13097,0.16472,0.07555,0.02933,frames/frame_006693.jpg
6694,111.566667,,0,P,0.13377,0.16081,0.07335,0.02854,frames/frame_006694.jpg
6695,111.583333,,0,B,0.14185,0.15875,0.08296,0.03310,frames/frame_006695.jpg
6696,111.600000,,0,P,0.15295,0.16334,0.05227,0.05717,frames/frame_006696.jpg
6697,111.616667,,0,P,0.15927,0.20589,0.04830,0.07237,frames/frame_006697.jpg
6698,111.633333,,0,P,0.16561,0.22206,0.05487,0.07308,frames/frame_006698.jpg
6699,111.650000,,0,P,0.14788,0.18263,0.04809,0.05993,frames/frame_006699.jpg
6700,111.666667,,0,P,0.16154,0.17327,0.06129,0.05816,frames/frame_006700.jpg
6701,111.683333,,0,P,0.15964,0.18032,0.07460,0.04762,frames/frame_006701.jpg
6702,111.700000,,0,P,0.15109,0.19214,0.08393,0.03750,frames/frame_006702.jpg
6703,111.716667,,0,P,0.14158,0.20188,0.08758,0.02551,frames/frame_006703.jpg
6704,111.733333,,0,P,0.12609,0.21943,0.08851,0.02233,frames/frame_006704.jpg
6705,111.750000,,0,P,0.12771,0.22640,0.09609,0.01229,frames/frame_006705.jpg
6706,111.766667,,0,P,0.12462,0.22681,0.08342,0.01223,frames/frame_006706.jpg
6707,111.783333,,0,B,0.12564,0.22491,0.08506,0.01219,frames/frame_006707.jpg
6708,111.800000,,0,P,0.12510,0.22099,0.08411,0.01254,frames/frame_006708.jpg
6709,111.816667,,0,P,0.12519,0.21651,0.08332,0.01279,frames/frame_006709.jpg
6710,111.833333,,0,B,0.12569,0.21941,0.07999,0.01232,frames/frame_006710.jpg
6711,111.850000,,0,P,0.12565,0.21465,0.08237,0.01052,frames/frame_006711.jpg
6712,111.866667,,0,B,0.12627,0.22070,0.08030,0.00908,frames/frame_006712.jpg
6713,111.883333,,0,B,0.12600,0.22098,0.08066,0.00956,frames/frame_006713.jpg
6714,111.900000,,0,B,0.12616,0.22606,0.07933,0.01222,frames/frame_006714.jpg
6715,111.916667,,0,P,0.12653,0.22079,0.08336,0.01583,frames/frame_006715.jpg
6716,111.933333,,0,P,0.12674,0.21837,0.08154,0.02020,frames/frame_006716.jpg
6717,111.950000,,0,B,0.13898,0.21418,0.08969,0.03075,frames/frame_006717.jpg
6718,111.966667,,0,B,0.13970,0.20801,0.08569,0.02800,frames/frame_006718.jpg
6719,111.983333,,0,B,0.14106,0.20543,0.08064,0.02890,frames/frame_006719.jpg
6720,112.000000,,0,P,0.13999,0.18304,0.07887,0.03005,frames/frame_006720.jpg
6721,112.016667,,0,P,0.14347,0.18339,0.08082,0.03072,frames/frame_006721.jpg
6722,112.033333,,0,B,0.15169,0.18326,0.08836,0.03629,frames/frame_006722.jpg
6723,112.050000,,0,B,0.15627,0.19736,0.07745,0.04154,frames/frame_006723.jpg
6724,112.066667,,0,P,0.16768,0.26423,0.05088,0.08541,frames/frame_006724.jpg
6725,112.083333,,0,P,0.17241,0.27454,0.05613,0.07996,frames/frame_006725.jpg
6726,112.100000,,0,P,0.15453,0.22049,0.04934,0.06355,frames/frame_006726.jpg
6727,112.116667,,0,P,0.15030,0.20718,0.05066,0.05110,frames/frame_006727.jpg
6728,112.133333,,0,P,0.16994,0.20692,0.06899,0.05751,frames/frame_006728.jpg
6729,112.150000,,0,B,0.15794,0.21977,0.07292,0.04205,frames/frame_006729.jpg
6730,112.166667,,0,B,0.14742,0.22951,0.08074,0.02546,frames/frame_006730.jpg
6731,112.183333,,0,B,0.13767,0.25071,0.08507,0.01833,frames/frame_006731.jpg
6732,112.200000,,0,P,0.13375,0.25628,0.08572,0.00824,frames/frame_006732.jpg
6733,112.216667,,0,P,0.13114,0.26132,0.07949,0.00736,frames/frame_006733.jpg
6734,112.233333,,0,B,0.13072,0.25833,0.07903,0.00795,frames/frame_006734.jpg
6735,112.250000,,0,B,0.13240,0.25827,0.08338,0.01200,frames/frame_006735.jpg
6736,112.266667,,0,P,0.12922,0.25450,0.07795,0.01179,frames/frame_006736.jpg
6737,112.283333,,0,B,0.13068,0.25789,0.07970,0.00726,frames/frame_006737.jpg
6738,112.300000,,0,B,0.13024,0.25463,0.07900,0.00702,frames/frame_006738.jpg
6739,112.316667,,0,B,0.13038,0.25827,0.07814,0.00431,frames/frame_006739.jpg
6740,112.333333,,0,P,0.12932,0.25349,0.07871,0.00691,frames/frame_006740.jpg
6741,112.350000,,0,B,0.13040,0.25704,0.07853,0.01030,frames/frame_006741.jpg
6742,112.366667,,0,B,0.13067,0.25716,0.07880,0.01318,frames/frame_006742.jpg
6743,112.383333,,0,B,0.13185,0.25768,0.08020,0.01688,frames/frame_006743.jpg
6744,112.400000,,0,P,0.14456,0.24742,0.09369,0.03105,frames/frame_006744.jpg
6745,112.416667,,0,P,0.14473,0.24659,0.08880,0.02959,frames/frame_006745.jpg
6746,112.433333,,0,P,0.14832,0.24830,0.08940,0.03151,frames/frame_006746.jpg
6747,112.450000,,0,P,0.14864,0.24918,0.08612,0.03328,frames/frame_006747.jpg
6748,112.466667,,0,P,0.15061,0.24727,0.08563,0.03253,frames/frame_006748.jpg
6749,112.483333,,0,B,0.15265,0.24602,0.08664,0.03427,frames/frame_006749.jpg
6750,112.500000,,0,B,0.15511,0.23909,0.09006,0.04021,frames/frame_006750.jpg
6751,112.516667,,0,P,0.11445,0.21992,0.03775,0.08443,frames/frame_006751.jpg
6752,112.533333,,0,P,0.11831,0.21366,0.03992,0.02960,frames/frame_006752.jpg
6753,112.550000,,0,P,0.11887,0.20623,0.04615,0.02681,frames/frame_006753.jpg
6754,112.566667,,0,P,0.12823,0.17308,0.05838,0.03246,frames/frame_006754.jpg
6755,112.583333,,0,B,0.13471,0.17157,0.06836,0.02976,frames/frame_006755.jpg
6756,112.600000,,0,P,0.13141,0.17077,0.07220,0.02151,frames/frame_006756.jpg
6757,112.616667,,0,P,0.12759,0.17314,0.07181,0.01309,frames/frame_006757.jpg
6758,112.633333,,0,B,0.12580,0.17768,0.07081,0.00878,frames/frame_006758.jpg
6759,112.650000,,0,B,0.11516,0.18155,0.05886,0.01307,frames/frame_006759.jpg
6760,112.666667,,0,B,0.11569,0.18269,0.05910,0.00213,frames/frame_006760.jpg
6761,112.683333,,0,P,0.11493,0.18055,0.05914,0.00225,frames/frame_006761.jpg
6762,112.700000,,0,B,0.11525,0.18209,0.05906,0.00339,frames/frame_006762.jpg
6763,112.716667,,0,B,0.11484,0.18156,0.05866,0.00355,frames/frame_006763.jpg
6764,112.733333,,0,B,0.11504,0.18395,0.05919,0.00231,frames/frame_006764.jpg
6765,112.750000,,0,P,0.11429,0.18104,0.05932,0.00260,frames/frame_006765.jpg
6766,112.766667,,0,B,0.11506,0.18407,0.05918,0.00225,frames/frame_006766.jpg
6767,112.783333,,0,B,0.11510,0.17941,0.05914,0.00267,frames/frame_006767.jpg
6768,112.800000,,0,B,0.11586,0.18281,0.05845,0.00392,frames/frame_006768.jpg
6769,112.816667,,0,P,0.11812,0.17323,0.05957,0.00780,frames/frame_006769.jpg
6770,112.833333,,0,B,0.11987,0.17538,0.06150,0.00715,frames/frame_006770.jpg
6771,112.850000,,0,B,0.12900,0.17079,0.06989,0.01469,frames/frame_006771.jpg
6772,112.866667,,0,B,0.13103,0.17332,0.07140,0.01085,frames/frame_006772.jpg
6773,112.883333,,0,P,0.13180,0.17005,0.07223,0.01196,frames/frame_006773.jpg
6774,112.900000,,0,P,0.13360,0.17085,0.07373,0.01361,frames/frame_006774.jpg
6775,112.916667,,0,P,0.13509,0.17180,0.07390,0.01478,frames/frame_006775.jpg
6776,112.933333,,0,B,0.13643,0.17023,0.07431,0.01542,frames/frame_006776.jpg
6777,112.950000,,0,B,0.13940,0.16602,0.07746,0.01867,frames/frame_006777.jpg
6778,112.966667,,0,P,0.14293,0.15656,0.06517,0.04809,frames/frame_006778.jpg
6779,112.983333,,0,P,0.13675,0.15541,0.05787,0.05677,frames/frame_006779.jpg
6780,113.000000,,0,P,0.13178,0.13852,0.05735,0.04206,frames/frame_006780.jpg
6781,113.016667,,0,P,0.13434,0.13741,0.06000,0.03715,frames/frame_006781.jpg
6782,113.033333,,0,P,0.14302,0.13853,0.07347,0.03087,frames/frame_006782.jpg
6783,113.050000,,0,B,0.14411,0.14105,0.07697,0.02242,frames/frame_006783.jpg
6784,113.066667,,0,B,0.14223,0.14220,0.08039,0.01758,frames/frame_006784.jpg
6785,113.083333,,0,B,0.14036,0.14477,0.07873,0.01019,frames/frame_006785.jpg
6786,113.100000,,0,P,0.13188,0.14734,0.06738,0.01351,frames/frame_006786.jpg
6787,113.116667,,0,B,0.13151,0.14818,0.06600,0.00300,frames/frame_006787.jpg
6788,113.133333,,0,B,0.13179,0.14933,0.06606,0.00317,frames/frame_006788.jpg
6789,113.150000,,0,P,0.13116,0.14931,0.06634,0.00315,frames/frame_006789.jpg
6790,113.166667,,0,B,0.13121,0.15160,0.06548,0.00344,frames/frame_006790.jpg
6791,113.183333,,0,B,0.13084,0.15145,0.06473,0.00378,frames/frame_006791.jpg
6792,113.200000,,0,B,0.13098,0.15292,0.06481,0.00225,frames/frame_006792.jpg
6793,113.216667,,0,P,0.13014,0.15073,0.06486,0.00230,frames/frame_006793.jpg
6794,113.233333,,0,B,0.13083,0.15514,0.06432,0.00292,frames/frame_006794.jpg
6795,113.250000,,0,B,0.13084,0.15616,0.06419,0.00364,frames/frame_006795.jpg
6796,113.266667,,0,B,0.13510,0.17383,0.06432,0.00843,frames/frame_006796.jpg
6797,113.283333,,0,P,0.13514,0.17535,0.06453,0.00707,frames/frame_006797.jpg
6798,113.300000,,0,P,0.13659,0.17539,0.06698,0.00812,frames/frame_006798.jpg
6799,113.316667,,0,P,0.14107,0.17203,0.07499,0.01436,frames/frame_006799.jpg
6800,113.333333,,0,P,0.14234,0.17204,0.07593,0.01171,frames/frame_006800.jpg
6801,113.350000,,0,P,0.14356,0.17336,0.07724,0.01285,frames/frame_006801.jpg
6802,113.366667,,0,P,0.14414,0.17511,0.07681,0.01361,frames/frame_006802.jpg
6803,113.383333,,0,B,0.14909,0.16346,0.08010,0.01909,frames/frame_006803.jpg
6804,113.400000,,0,B,0.14947,0.16264,0.08197,0.01816,frames/frame_006804.jpg
6805,113.416667,,0,P,0.17389,0.15512,0.08053,0.10154,frames/frame_006805.jpg
6806,113.433333,,0,P,0.18709,0.16928,0.08161,0.10534,frames/frame_006806.jpg
6807,113.450000,,0,P,0.17608,0.17330,0.07476,0.07894,frames/frame_006807.jpg
6808,113.466667,,0,P,0.15676,0.17739,0.06433,0.06217,frames/frame_006808.jpg
6809,113.483333,,0,P,0.15097,0.17412,0.06435,0.05483,frames/frame_006809.jpg
6810,113.500000,,0,B,0.16115,0.16755,0.08329,0.04636,frames/frame_006810.jpg
6811,113.516667,,0,P,0.15616,0.17515,0.09186,0.03520,frames/frame_006811.jpg
6812,113.533333,,0,B,0.14747,0.18470,0.09338,0.02726,frames/frame_006812.jpg
6813,113.550000,,0,B,0.13374,0.20395,0.08975,0.01892,frames/frame_006813.jpg
6814,113.566667,,0,B,0.13542,0.21062,0.09325,0.00564,frames/frame_006814.jpg
6815,113.583333,,0,P,0.13316,0.21977,0.08530,0.00878,frames/frame_006815.jpg
6816,113.600000,,0,B,0.13151,0.22393,0.07924,0.00678,frames/frame_006816.jpg
6817,113.616667,,0,B,0.13414,0.22186,0.08525,0.01101,frames/frame_006817.jpg
6818,113.633333,,0,P,0.13072,0.22668,0.07876,0.01054,frames/frame_006818.jpg
6819,113.650000,,0,B,0.13231,0.22677,0.07854,0.00773,frames/frame_006819.jpg
6820,113.666667,,0,B,0.13409,0.22725,0.08009,0.00581,frames/frame_006820.jpg
6821,113.683333,,0,B,0.15890,0.17609,0.09149,0.02850,frames/frame_006821.jpg
6822,113.700000,,0,P,0.16148,0.18047,0.09230,0.00744,frames/frame_006822.jpg
6823,113.716667,,0,B,0.16323,0.18223,0.09188,0.01243,frames/frame_006823.jpg
6824,113.733333,,0,B,0.16563,0.18904,0.09254,0.01565,frames/frame_006824.jpg
6825,113.750000,,0,P,0.16838,0.19354,0.09499,0.01879,frames/frame_006825.jpg
6826,113.766667,,0,P,0.16816,0.19184,0.09978,0.03278,frames/frame_006826.jpg
6827,113.783333,,0,P,0.17124,0.19018,0.10119,0.02725,frames/frame_006827.jpg
6828,113.800000,,0,P,0.17289,0.19280,0.09995,0.03074,frames/frame_006828.jpg
6829,113.816667,,0,P,0.17483,0.19512,0.09782,0.03182,frames/frame_006829.jpg
6830,113.833333,,0,P,0.17865,0.19632,0.09907,0.03270,frames/frame_006830.jpg
6831,113.850000,,0,P,0.18162,0.19956,0.10729,0.03887,frames/frame_006831.jpg
6832,113.866667,,0,B,0.18558,0.19570,0.10954,0.04129,frames/frame_006832.jpg
6833,113.883333,,0,P,0.20161,0.20979,0.08149,0.11886,frames/frame_006833.jpg
6834,113.900000,,0,P,0.20403,0.17246,0.08873,0.10191,frames/frame_006834.jpg
6835,113.916667,,0,P,0.17482,0.17948,0.06980,0.08281,frames/frame_006835.jpg
6836,113.933333,,0,P,0.15347,0.18205,0.05848,0.06608,frames/frame_006836.jpg
6837,113.950000,,0,P,0.17092,0.17845,0.07887,0.05433,frames/frame_006837.jpg
6838,113.966667,,0,B,0.16241,0.18658,0.08067,0.03670,frames/frame_006838.jpg
6839,113.983333,,0,P,0.15732,0.20107,0.09257,0.02534,frames/frame_006839.jpg
6840,114.000000,,1,I,0.15354,0.19691,0.10010,0.02194,frames/frame_006840.jpg
6841,114.016667,,0,B,0.14218,0.21344,0.07707,0.01692,frames/frame_006841.jpg
6842,114.033333,,0,B,0.14780,0.21869,0.08612,0.00951,frames/frame_006842.jpg
6843,114.050000,,0,P,0.14550,0.22613,0.08058,0.01323,frames/frame_006843.jpg
6844,114.066667,,0,B,0.14730,0.23481,0.08354,0.00922,frames/frame_006844.jpg
6845,114.083333,,0,B,0.14699,0.24341,0.08348,0.01017,frames/frame_006845.jpg
6846,114.100000,,0,B,0.14709,0.25443,0.08085,0.01169,frames/frame_006846.jpg
6847,114.116667,,0,P,0.14580,0.26396,0.07914,0.00814,frames/frame_006847.jpg
6848,114.133333,,0,B,0.14761,0.26127,0.07907,0.00580,frames/frame_006848.jpg
6849,114.150000,,0,P,0.17102,0.20893,0.09541,0.02970,frames/frame_006849.jpg
6850,114.166667,,0,B,0.18245,0.18365,0.09867,0.01575,frames/frame_006850.jpg
6851,114.183333,,0,B,0.18307,0.18032,0.09816,0.00532,frames/frame_006851.jpg
6852,114.200000,,0,B,0.18876,0.16629,0.11323,0.03087,frames/frame_006852.jpg
6853,114.216667,,0,P,0.18804,0.15678,0.10003,0.06141,frames/frame_006853.jpg
6854,114.233333,,0,P,0.19673,0.15278,0.09660,0.07505,frames/frame_006854.jpg
6855,114.250000,,0,P,0.21100,0.16802,0.09725,0.09017,frames/frame_006855.jpg
6856,114.266667,,0,P,0.22010,0.17005,0.09695,0.10139,frames/frame_006856.jpg
6857,114.283333,,0,P,0.21384,0.15958,0.08795,0.09773,frames/frame_006857.jpg
6858,114.300000,,0,P,0.17930,0.16070,0.06528,0.09598,frames/frame_006858.jpg
6859,114.316667,,0,P,0.16665,0.15990,0.05092,0.07886,frames/frame_006859.jpg
6860,114.333333,,0,P,0.12846,0.18784,0.06611,0.07434,frames/frame_006860.jpg
6861,114.350000,,0,B,0.12920,0.18780,0.06691,0.00416,frames/frame_006861.jpg
6862,114.366667,,0,P,0.13055,0.18965,0.06886,0.00644,frames/frame_006862.jpg
6863,114.383333,,0,P,0.13279,0.19463,0.06625,0.01574,frames/frame_006863.jpg
6864,114.400000,,0,P,0.13289,0.18421,0.06653,0.00384,frames/frame_006864.jpg
6865,114.416667,,0,P,0.13298,0.17929,0.06769,0.00313,frames/frame_006865.jpg
6866,114.433333,,0,B,0.13325,0.17229,0.06836,0.00303,frames/frame_006866.jpg
6867,114.450000,,0,P,0.13485,0.17050,0.07126,0.01464,frames/frame_006867.jpg
6868,114.466667,,0,P,0.13336,0.17053,0.07213,0.02042,frames/frame_006868.jpg
6869,114.483333,,0,P,0.13118,0.16824,0.06885,0.01869,frames/frame_006869.jpg
6870,114.500000,,0,P,0.13093,0.17965,0.06750,0.02850,frames/frame_006870.jpg
6871,114.516667,,0,P,0.12879,0.17936,0.06591,0.01415,frames/frame_006871.jpg
6872,114.533333,,0,B,0.12724,0.17863,0.06473,0.01186,frames/frame_006872.jpg
6873,114.550000,,0,P,0.12512,0.17947,0.06330,0.00986,frames/frame_006873.jpg
6874,114.566667,,0,P,0.12377,0.17772,0.06224,0.00771,frames/frame_006874.jpg
6875,114.583333,,0,B,0.12266,0.17926,0.06114,0.00612,frames/frame_006875.jpg
6876,114.600000,,0,B,0.12211,0.17710,0.06052,0.00458,frames/frame_006876.jpg
6877,114.616667,,0,P,0.12109,0.17635,0.05987,0.00341,frames/frame_006877.jpg
6878,114.633333,,0,B,0.12267,0.19763,0.05974,0.01244,frames/frame_006878.jpg
6879,114.650000,,0,B,0.12236,0.19769,0.05964,0.00218,frames/frame_006879.jpg
6880,114.666667,,0,B,0.12301,0.19958,0.05998,0.00216,frames/frame_006880.jpg
6881,114.683333,,0,P,0.12340,0.20557,0.05981,0.00318,frames/frame_006881.jpg
6882,114.700000,,0,B,0.12428,0.20292,0.05987,0.00291,frames/frame_006882.jpg
6883,114.716667,,0,B,0.12429,0.20405,0.06017,0.00265,frames/frame_006883.jpg
6884,114.733333,,0,B,0.12468,0.20333,0.06055,0.00261,frames/frame_006884.jpg
6885,114.750000,,0,P,0.12438,0.20713,0.06210,0.00625,frames/frame_006885.jpg
6886,114.766667,,0,B,0.12603,0.22063,0.06023,0.00751,frames/frame_006886.jpg
6887,114.783333,,0,B,0.12606,0.22250,0.05999,0.00260,frames/frame_006887.jpg
6888,114.800000,,0,B,0.12647,0.22426,0.05984,0.00197,frames/frame_006888.jpg
6889,114.816667,,0,P,0.12596,0.22825,0.05983,0.00221,frames/frame_006889.jpg
6890,114.833333,,0,B,0.12635,0.22835,0.05964,0.00219,frames/frame_006890.jpg
6891,114.850000,,0,B,0.12606,0.22873,0.05946,0.00216,frames/frame_006891.jpg
6892,114.866667,,0,B,0.12606,0.23024,0.05956,0.00224,frames/frame_006892.jpg
6893,114.883333,,0,P,0.12312,0.23308,0.05966,0.00738,frames/frame_006893.jpg
6894,114.900000,,0,B,0.12359,0.23178,0.05970,0.00272,frames/frame_006894.jpg
6895,114.916667,,0,B,0.12345,0.23153,0.05964,0.00235,frames/frame_006895.jpg
6896,114.933333,,0,B,0.12371,0.23151,0.05934,0.00224,frames/frame_006896.jpg
6897,114.950000,,0,P,0.12298,0.23377,0.05951,0.00275,frames/frame_006897.jpg
6898,114.966667,,0,B,0.12359,0.23277,0.05978,0.00304,frames/frame_006898.jpg
6899,114.983333,,0,B,0.12339,0.23549,0.06053,0.00286,frames/frame_006899.jpg
6900,115.000000,,0,B,0.12349,0.23752,0.06118,0.00350,frames/frame_006900.jpg
6901,115.016667,,0,P,0.13028,0.26797,0.06319,0.01222,frames/frame_006901.jpg
6902,115.033333,,0,B,0.13091,0.26655,0.06363,0.00422,frames/frame_006902.jpg
6903,115.050000,,0,B,0.13094,0.26733,0.06407,0.00349,frames/frame_006903.jpg
6904,115.066667,,0,B,0.13150,0.26774,0.06468,0.00346,frames/frame_006904.jpg
6905,115.083333,,0,P,0.13095,0.26989,0.06447,0.00381,frames/frame_006905.jpg
6906,115.100000,,0,B,0.13179,0.27072,0.06310,0.00435,frames/frame_006906.jpg
6907,115.116667,,0,B,0.13142,0.26863,0.06179,0.00432,frames/frame_006907.jpg
6908,115.133333,,0,B,0.12152,0.24852,0.06160,0.01258,frames/frame_006908.jpg
6909,115.150000,,0,P,0.12082,0.24959,0.06211,0.00428,frames/frame_006909.jpg
6910,115.166667,,0,B,0.12120,0.25036,0.06352,0.00404,frames/frame_006910.jpg
6911,115.183333,,0,B,0.12099,0.25201,0.06455,0.00376,frames/frame_006911.jpg
6912,115.200000,,0,B,0.12117,0.25067,0.06496,0.00346,frames/frame_006912.jpg
6913,115.216667,,0,P,0.12082,0.25202,0.06432,0.00359,frames/frame_006913.jpg
6914,115.233333,,0,P,0.05307,0.14835,0.05015,0.07648,frames/frame_006914.jpg
6915,115.250000,,0,B,0.05454,0.15470,0.05263,0.00309,frames/frame_006915.jpg
6916,115.266667,,0,P,0.05376,0.15973,0.05144,0.00268,frames/frame_006916.jpg
6917,115.283333,,0,P,0.05391,0.16346,0.05145,0.00227,frames/frame_006917.jpg
6918,115.300000,,0,B,0.05447,0.16677,0.05287,0.00184,frames/frame_006918.jpg
6919,115.316667,,0,B,0.05466,0.16556,0.05377,0.00161,frames/frame_006919.jpg
6920,115.333333,,0,B,0.05464,0.16666,0.05387,0.00146,frames/frame_006920.jpg
6921,115.350000,,0,P,0.05440,0.17015,0.05398,0.00186,frames/frame_006921.jpg
6922,115.366667,,0,B,0.05495,0.16993,0.05479,0.00131,frames/frame_006922.jpg
6923,115.383333,,0,B,0.05513,0.17272,0.05527,0.00154,frames/frame_006923.jpg
6924,115.400000,,0,B,0.05529,0.17311,0.05556,0.00097,frames/frame_006924.jpg
6925,115.416667,,0,P,0.05471,0.17117,0.05427,0.00185,frames/frame_006925.jpg
6926,115.433333,,0,B,0.05516,0.17343,0.05475,0.00127,frames/frame_006926.jpg
6927,115.450000,,0,B,0.05517,0.17524,0.05494,0.00125,frames/frame_006927.jpg
6928,115.466667,,0,B,0.05527,0.17789,0.05505,0.00091,frames/frame_006928.jpg
6929,115.483333,,0,P,0.05521,0.17661,0.05490,0.00132,frames/frame_006929.jpg
6930,115.500000,,0,B,0.05557,0.18057,0.05528,0.00123,frames/frame_006930.jpg
6931,115.516667,,0,B,0.05547,0.17987,0.05497,0.00100,frames/frame_006931.jpg
6932,115.533333,,0,B,0.05576,0.18246,0.05569,0.00110,frames/frame_006932.jpg
6933,115.550000,,0,P,0.05547,0.18294,0.05496,0.00143,frames/frame_006933.jpg
6934,115.566667,,0,B,0.05568,0.18763,0.05521,0.00099,frames/frame_006934.jpg
6935,115.583333,,0,B,0.05576,0.18877,0.05506,0.00078,frames/frame_006935.jpg
6936,115.600000,,0,B,0.05590,0.19098,0.05529,0.00088,frames/frame_006936.jpg
6937,115.616667,,0,P,0.05590,0.19394,0.05561,0.00088,frames/frame_006937.jpg
6938,115.633333,,0,B,0.05612,0.19514,0.05588,0.00101,frames/frame_006938.jpg
6939,115.650000,,0,B,0.05610,0.19608,0.05590,0.00085,frames/frame_006939.jpg
6940,115.666667,,0,B,0.05637,0.19744,0.05633,0.00093,frames/frame_006940.jpg
6941,115.683333,,0,P,0.05629,0.19606,0.05627,0.00090,frames/frame_006941.jpg
6942,115.700000,,0,P,0.06433,0.20161,0.06769,0.01472,frames/frame_006942.jpg
6943,115.716667,,0,P,0.06400,0.19528,0.06607,0.01560,frames/frame_006943.jpg
6944,115.733333,,0,P,0.08804,0.17180,0.10021,0.03701,frames/frame_006944.jpg
6945,115.750000,,0,P,0.09168,0.17021,0.10461,0.05953,frames/frame_006945.jpg
6946,115.766667,,0,P,0.09168,0.16519,0.11396,0.05660,frames/frame_006946.jpg
6947,115.783333,,0,P,0.09136,0.16181,0.11118,0.04949,frames/frame_006947.jpg
6948,115.800000,,0,P,0.08561,0.16804,0.08982,0.03347,frames/frame_006948.jpg
6949,115.816667,,0,P,0.07980,0.17098,0.08356,0.02313,frames/frame_006949.jpg
6950,115.833333,,0,B,0.07849,0.16938,0.07511,0.01027,frames/frame_006950.jpg
6951,115.850000,,0,B,0.07861,0.17112,0.07312,0.00658,frames/frame_006951.jpg
6952,115.866667,,0,B,0.07969,0.17276,0.08226,0.01199,frames/frame_006952.jpg
6953,115.883333,,0,P,0.08230,0.17069,0.08260,0.01706,frames/frame_006953.jpg
6954,115.900000,,0,P,0.08343,0.17075,0.09019,0.01914,frames/frame_006954.jpg
6955,115.916667,,0,P,0.08493,0.17461,0.10278,0.02172,frames/frame_006955.jpg
6956,115.933333,,0,P,0.08634,0.17205,0.10164,0.02241,frames/frame_006956.jpg
6957,115.950000,,0,B,0.08824,0.17320,0.11044,0.01946,frames/frame_006957.jpg
6958,115.966667,,0,B,0.08879,0.17487,0.10459,0.01746,frames/frame_006958.jpg
6959,115.983333,,0,P,0.08819,0.17610,0.11633,0.01268,frames/frame_006959.jpg
6960,116.000000,,0,B,0.08843,0.17707,0.11796,0.00700,frames/frame_006960.jpg
6961,116.016667,,0,B,0.08825,0.17731,0.11303,0.00559,frames/frame_006961.jpg
6962,116.033333,,0,B,0.08851,0.17715,0.11739,0.00671,frames/frame_006962.jpg
6963,116.050000,,0,P,0.08813,0.17888,0.11690,0.00717,frames/frame_006963.jpg
6964,116.066667,,0,B,0.08840,0.17722,0.11947,0.00865,frames/frame_006964.jpg
6965,116.083333,,0,B,0.09700,0.12526,0.12260,0.01775,frames/frame_006965.jpg
6966,116.100000,,0,B,0.09730,0.12548,0.12141,0.00974,frames/frame_006966.jpg
6967,116.116667,,0,P,0.09694,0.12543,0.12080,0.00775,frames/frame_006967.jpg
6968,116.133333,,0,B,0.09723,0.12709,0.11590,0.00784,frames/frame_006968.jpg
6969,116.150000,,0,P,0.12017,0.13088,0.13412,0.04240,frames/frame_006969.jpg
6970,116.166667,,0,P,0.11889,0.12943,0.11964,0.04248,frames/frame_006970.jpg
6971,116.183333,,0,P,0.12613,0.12859,0.12657,0.04306,frames/frame_006971.jpg
6972,116.200000,,0,P,0.15875,0.11354,0.17120,0.07342,frames/frame_006972.jpg
6973,116.216667,,0,P,0.18090,0.09789,0.18851,0.08633,frames/frame_006973.jpg
6974,116.233333,,0,P,0.17851,0.10144,0.18202,0.09296,frames/frame_006974.jpg
6975,116.250000,,0,P,0.16931,0.10783,0.15485,0.06727,frames/frame_006975.jpg
6976,116.266667,,0,B,0.15964,0.11093,0.14705,0.04825,frames/frame_006976.jpg
6977,116.283333,,0,B,0.15633,0.11400,0.13739,0.03098,frames/frame_006977.jpg
6978,116.300000,,0,B,0.15493,0.11480,0.13848,0.01221,frames/frame_006978.jpg
6979,116.316667,,0,P,0.15606,0.11671,0.13759,0.02296,frames/frame_006979.jpg
6980,116.333333,,0,B,0.16095,0.11367,0.14855,0.03331,frames/frame_006980.jpg
6981,116.350000,,0,B,0.16216,0.11202,0.14998,0.03675,frames/frame_006981.jpg
6982,116.366667,,0,P,0.16607,0.11185,0.16017,0.03907,frames/frame_006982.jpg
6983,116.383333,,0,P,0.16661,0.11087,0.16810,0.04014,frames/frame_006983.jpg
6984,116.400000,,0,B,0.16770,0.11149,0.17060,0.03489,frames/frame_006984.jpg
6985,116.416667,,0,P,0.16887,0.11309,0.18029,0.03094,frames/frame_006985.jpg
6986,116.433333,,0,B,0.17094,0.11013,0.18092,0.02521,frames/frame_006986.jpg
6987,116.450000,,0,B,0.17150,0.11073,0.17733,0.02078,frames/frame_006987.jpg
6988,116.466667,,0,B,0.17222,0.11052,0.18435,0.01828,frames/frame_006988.jpg
6989,116.483333,,0,P,0.17142,0.11273,0.18352,0.01757,frames/frame_006989.jpg
6990,116.500000,,0,B,0.17082,0.11022,0.17894,0.02013,frames/frame_006990.jpg
6991,116.516667,,0,B,0.17026,0.11191,0.18083,0.02038,frames/frame_006991.jpg
6992,116.533333,,0,B,0.16981,0.11239,0.18225,0.02111,frames/frame_006992.jpg
6993,116.550000,,0,P,0.16934,0.11211,0.18155,0.02087,frames/frame_006993.jpg
6994,116.566667,,0,B,0.16932,0.11233,0.18326,0.01983,frames/frame_006994.jpg
6995,116.583333,,0,B,0.16851,0.11560,0.18274,0.02021,frames/frame_006995.jpg
6996,116.600000,,0,B,0.22300,0.12213,0.16372,0.07649,frames/frame_006996.jpg
6997,116.616667,,0,P,0.23039,0.12446,0.14853,0.04857,frames/frame_006997.jpg
6998,116.633333,,0,B,0.21924,0.12666,0.14935,0.04583,frames/frame_006998.jpg
6999,116.650000,,0,P,0.22268,0.12888,0.14056,0.04476,frames/frame_006999.jpg
7000,116.666667,,0,P,0.25201,0.11005,0.19068,0.08149,frames/frame_007000.jpg
7001,116.683333,,0,P,0.28629,0.10009,0.18406,0.07731,frames/frame_007001.jpg
7002,116.700000,,0,B,0.29611,0.09722,0.17458,0.04987,frames/frame_007002.jpg
7003,116.716667,,0,B,0.29682,0.09877,0.16363,0.04235,frames/frame_007003.jpg
7004,116.733333,,0,B,0.29488,0.09750,0.17119,0.03115,frames/frame_007004.jpg
7005,116.750000,,0,P,0.29525,0.09953,0.16870,0.01995,frames/frame_007005.jpg
7006,116.766667,,0,P,0.29538,0.10037,0.17048,0.01986,frames/frame_007006.jpg
7007,116.783333,,0,P,0.29318,0.10110,0.16993,0.02819,frames/frame_007007.jpg
7008,116.800000,,0,B,0.29526,0.09888,0.16078,0.03124,frames/frame_007008.jpg
7009,116.816667,,0,B,0.29578,0.09942,0.16403,0.03108,frames/frame_007009.jpg
7010,116.833333,,0,B,0.29614,0.10107,0.17259,0.03148,frames/frame_007010.jpg
7011,116.850000,,0,P,0.29252,0.10582,0.17933,0.02927,frames/frame_007011.jpg
7012,116.866667,,0,B,0.29115,0.10569,0.18022,0.02622,frames/frame_007012.jpg
7013,116.883333,,0,B,0.29071,0.10440,0.17808,0.02470,frames/frame_007013.jpg
7014,116.900000,,0,B,0.29123,0.10777,0.17787,0.02369,frames/frame_007014.jpg
7015,116.916667,,0,P,0.29004,0.10652,0.18104,0.02184,frames/frame_007015.jpg
7016,116.933333,,0,B,0.29108,0.10788,0.17738,0.02236,frames/frame_007016.jpg
7017,116.950000,,0,B,0.29074,0.10927,0.18067,0.02270,frames/frame_007017.jpg
7018,116.966667,,0,B,0.29128,0.10850,0.17766,0.02421,frames/frame_007018.jpg
7019,116.983333,,0,P,0.29061,0.10962,0.18025,0.02405,frames/frame_007019.jpg
7020,117.000000,,1,I,0.29282,0.11421,0.18648,0.02945,frames/frame_007020.jpg
7021,117.016667,,0,B,0.21713,0.14744,0.16156,0.09439,frames/frame_007021.jpg
7022,117.033333,,0,B,0.22053,0.15237,0.16059,0.02481,frames/frame_007022.jpg
7023,117.050000,,0,P,0.26295,0.20795,0.14689,0.05578,frames/frame_007023.jpg
7024,117.066667,,0,P,0.26426,0.23565,0.15651,0.05733,frames/frame_007024.jpg
7025,117.083333,,0,P,0.25896,0.24053,0.15505,0.04833,frames/frame_007025.jpg
7026,117.100000,,0,B,0.24939,0.24569,0.16600,0.05883,frames/frame_007026.jpg
7027,117.116667,,0,P,0.23167,0.24768,0.18167,0.06799,frames/frame_007027.jpg
7028,117.133333,,0,P,0.22532,0.24779,0.18847,0.07069,frames/frame_007028.jpg
7029,117.150000,,0,P,0.21312,0.26742,0.18115,0.06964,frames/frame_007029.jpg
7030,117.166667,,0,P,0.19959,0.28953,0.16769,0.06536,frames/frame_007030.jpg
7031,117.183333,,0,P,0.18639,0.31353,0.15117,0.05521,frames/frame_007031.jpg
7032,117.200000,,0,P,0.17248,0.33842,0.14246,0.04533,frames/frame_007032.jpg
7033,117.216667,,0,B,0.16209,0.35437,0.12957,0.04305,frames/frame_007033.jpg
7034,117.233333,,0,P,0.15308,0.37551,0.11134,0.03681,frames/frame_007034.jpg
7035,117.250000,,0,B,0.14386,0.36066,0.10121,0.03152,frames/frame_007035.jpg
7036,117.266667,,0,P,0.13588,0.37266,0.09510,0.02721,frames/frame_007036.jpg
7037,117.283333,,0,P,0.12604,0.37112,0.08333,0.02380,frames/frame_007037.jpg
7038,117.300000,,0,P,0.12162,0.37918,0.07610,0.01747,frames/frame_007038.jpg
7039,117.316667,,0,P,0.11525,0.37237,0.07197,0.01059,frames/frame_007039.jpg
7040,117.333333,,0,P,0.11273,0.38405,0.06918,0.00910,frames/frame_007040.jpg
7041,117.350000,,0,P,0.11524,0.38699,0.06953,0.00459,frames/frame_007041.jpg
7042,117.366667,,0,P,0.11584,0.38643,0.07021,0.00278,frames/frame_007042.jpg
7043,117.383333,,0,P,0.12064,0.40127,0.07572,0.00609,frames/frame_007043.jpg
7044,117.400000,,0,P,0.12487,0.41365,0.07765,0.00552,frames/frame_007044.jpg
7045,117.416667,,0,P,0.13027,0.42956,0.08071,0.00649,frames/frame_007045.jpg
7046,117.433333,,0,P,0.13242,0.43230,0.08405,0.00351,frames/frame_007046.jpg
7047,117.450000,,0,P,0.13851,0.44462,0.08719,0.00853,frames/frame_007047.jpg
7048,117.466667,,0,P,0.14355,0.45832,0.09407,0.04926,frames/frame_007048.jpg
7049,117.483333,,0,P,0.14441,0.45987,0.09818,0.03707,frames/frame_007049.jpg
7050,117.500000,,0,P,0.14728,0.48162,0.10052,0.02721,frames/frame_007050.jpg
7051,117.516667,,0,P,0.19424,0.66027,0.12726,0.06248,frames/frame_007051.jpg
7052,117.533333,,0,P,0.26938,0.32831,0.18072,0.12368,frames/frame_007052.jpg
7053,117.550000,,0,P,0.26330,0.30037,0.17190,0.02614,frames/frame_007053.jpg
7054,117.566667,,0,P,0.26607,0.25125,0.16724,0.04163,frames/frame_007054.jpg
7055,117.583333,,0,P,0.26764,0.26568,0.17011,0.01724,frames/frame_007055.jpg
7056,117.600000,,0,P,0.26923,0.27256,0.17220,0.01702,frames/frame_007056.jpg
7057,117.616667,,0,P,0.27107,0.29118,0.17256,0.01354,frames/frame_007057.jpg
7058,117.633333,,0,P,0.27298,0.30933,0.17324,0.01379,frames/frame_007058.jpg
7059,117.650000,,0,B,0.27957,0.32538,0.17333,0.01295,frames/frame_007059.jpg
7060,117.666667,,0,P,0.28332,0.33946,0.17720,0.01415,frames/frame_007060.jpg
7061,117.683333,,0,P,0.28593,0.34917,0.18117,0.01019,frames/frame_007061.jpg
7062,117.700000,,0,P,0.29009,0.35847,0.18102,0.01083,frames/frame_007062.jpg
7063,117.716667,,0,B,0.29555,0.37386,0.18444,0.01055,frames/frame_007063.jpg
7064,117.733333,,0,P,0.30015,0.39381,0.18817,0.01050,frames/frame_007064.jpg
7065,117.750000,,0,P,0.30912,0.39471,0.19097,0.01687,frames/frame_007065.jpg
7066,117.766667,,0,P,0.31505,0.40447,0.20047,0.18413,frames/frame_007066.jpg
7067,117.783333,,0,P,0.31400,0.41214,0.20793,0.15300,frames/frame_007067.jpg
7068,117.800000,,0,P,0.29642,0.42155,0.19087,0.09379,frames/frame_007068.jpg
7069,117.816667,,0,P,0.28112,0.43543,0.19102,0.06301,frames/frame_007069.jpg
7070,117.833333,,0,P,0.34976,0.17449,0.23821,0.13102,frames/frame_007070.jpg
7071,117.850000,,0,P,0.34661,0.18529,0.22678,0.04081,frames/frame_007071.jpg
7072,117.866667,,0,P,0.34729,0.19611,0.23912,0.02715,frames/frame_007072.jpg
7073,117.883333,,0,P,0.34955,0.20958,0.22826,0.02041,frames/frame_007073.jpg
7074,117.900000,,0,B,0.35200,0.22237,0.22786,0.01480,frames/frame_007074.jpg
7075,117.916667,,0,B,0.35326,0.22940,0.23085,0.00964,frames/frame_007075.jpg
7076,117.933333,,0,P,0.35468,0.23893,0.23234,0.00756,frames/frame_007076.jpg
7077,117.950000,,0,P,0.38429,0.12692,0.25112,0.04068,frames/frame_007077.jpg
7078,117.966667,,0,P,0.39344,0.14173,0.26227,0.06934,frames/frame_007078.jpg
7079,117.983333,,0,B,0.40194,0.14785,0.26982,0.02102,frames/frame_007079.jpg
7080,118.000000,,0,P,0.39880,0.15835,0.27023,0.01606,frames/frame_007080.jpg
7081,118.016667,,0,P,0.39934,0.16373,0.26829,0.01441,frames/frame_007081.jpg
7082,118.033333,,0,P,0.40327,0.16143,0.26752,0.01709,frames/frame_007082.jpg
7083,118.050000,,0,P,0.40502,0.16893,0.26613,0.01089,frames/frame_007083.jpg
7084,118.066667,,0,B,0.40366,0.17920,0.27071,0.01695,frames/frame_007084.jpg
7085,118.083333,,0,B,0.40854,0.18384,0.26916,0.01065,frames/frame_007085.jpg
7086,118.100000,,0,P,0.40783,0.18840,0.26885,0.00591,frames/frame_007086.jpg
7087,118.116667,,0,P,0.40673,0.19695,0.27418,0.01043,frames/frame_007087.jpg
7088,118.133333,,0,B,0.40936,0.20781,0.27384,0.00879,frames/frame_007088.jpg
7089,118.150000,,0,B,0.41197,0.21400,0.27415,0.00997,frames/frame_007089.jpg
7090,118.166667,,0,B,0.41301,0.21790,0.27509,0.00745,frames/frame_007090.jpg
7091,118.183333,,0,P,0.41340,0.22470,0.27550,0.00686,frames/frame_007091.jpg
7092,118.200000,,0,B,0.41613,0.23681,0.27779,0.00675,frames/frame_007092.jpg
7093,118.216667,,0,P,0.41825,0.24193,0.27942,0.00614,frames/frame_007093.jpg
7094,118.233333,,0,B,0.41893,0.24379,0.28083,0.00320,frames/frame_007094.jpg
7095,118.250000,,0,P,0.41963,0.24574,0.28302,0.00325,frames/frame_007095.jpg
7096,118.266667,,0,P,0.42212,0.25226,0.28605,0.00336,frames/frame_007096.jpg
7097,118.283333,,0,P,0.36986,0.26759,0.24013,0.22216,frames/frame_007097.jpg
7098,118.300000,,0,P,0.31016,0.27247,0.20802,0.18578,frames/frame_007098.jpg
7099,118.316667,,0,P,0.26734,0.29349,0.18842,0.13052,frames/frame_007099.jpg
7100,118.333333,,0,P,0.24799,0.30998,0.17790,0.09565,frames/frame_007100.jpg
7101,118.350000,,0,P,0.27347,0.16697,0.19456,0.10965,frames/frame_007101.jpg
7102,118.366667,,0,P,0.26491,0.17403,0.18960,0.05570,frames/frame_007102.jpg
7103,118.383333,,0,P,0.26123,0.18341,0.18537,0.03679,frames/frame_007103.jpg
7104,118.400000,,0,P,0.25750,0.18441,0.18466,0.02231,frames/frame_007104.jpg
7105,118.416667,,0,P,0.32674,0.39963,0.18587,0.11082,frames/frame_007105.jpg
7106,118.433333,,0,P,0.33191,0.39833,0.18625,0.04436,frames/frame_007106.jpg
7107,118.450000,,0,P,0.32386,0.39844,0.19420,0.02515,frames/frame_007107.jpg
7108,118.466667,,0,P,0.31531,0.40717,0.20166,0.03716,frames/frame_007108.jpg
7109,118.483333,,0,B,0.31669,0.39177,0.19707,0.02639,frames/frame_007109.jpg
7110,118.500000,,0,P,0.30887,0.38708,0.20151,0.02421,frames/frame_007110.jpg
7111,118.516667,,0,P,0.30779,0.38495,0.20276,0.03001,frames/frame_007111.jpg
7112,118.533333,,0,P,0.31474,0.39098,0.20337,0.01185,frames/frame_007112.jpg
7113,118.550000,,0,B,0.32314,0.40807,0.20764,0.01775,frames/frame_007113.jpg
7114,118.566667,,0,B,0.32365,0.41505,0.20819,0.01768,frames/frame_007114.jpg
7115,118.583333,,0,P,0.32316,0.42233,0.20769,0.00912,frames/frame_007115.jpg
7116,118.600000,,0,P,0.32862,0.43761,0.21019,0.01068,frames/frame_007116.jpg
7117,118.616667,,0,B,0.33345,0.44768,0.21040,0.01325,frames/frame_007117.jpg
7118,118.633333,,0,P,0.33541,0.45694,0.21302,0.01256,frames/frame_007118.jpg
7119,118.650000,,0,B,0.34018,0.47006,0.21417,0.00939,frames/frame_007119.jpg
7120,118.666667,,0,B,0.34118,0.46917,0.21373,0.00644,frames/frame_007120.jpg
7121,118.683333,,0,P,0.34482,0.48176,0.21865,0.00810,frames/frame_007121.jpg
7122,118.700000,,0,B,0.35153,0.49412,0.21827,0.00818,frames/frame_007122.jpg
7123,118.716667,,0,B,0.35601,0.49904,0.21927,0.00612,frames/frame_007123.jpg
7124,118.733333,,0,B,0.35609,0.49839,0.21933,0.00198,frames/frame_007124.jpg
7125,118.750000,,0,P,0.35575,0.50066,0.21994,0.00214,frames/frame_007125.jpg
7126,118.766667,,0,P,0.35488,0.50220,0.22027,0.00390,frames/frame_007126.jpg
7127,118.783333,,0,P,0.35838,0.50476,0.22438,0.04302,frames/frame_007127.jpg
7128,118.800000,,0,P,0.47740,0.10389,0.23598,0.33001,frames/frame_007128.jpg
7129,118.816667,,0,P,0.52510,0.09542,0.19184,0.28924,frames/frame_007129.jpg
7130,118.833333,,0,P,0.53566,0.09151,0.15772,0.30039,frames/frame_007130.jpg
7131,118.850000,,0,P,0.55787,0.08617,0.12240,0.36773,frames/frame_007131.jpg
7132,118.866667,,0,P,0.57735,0.10319,0.07825,0.40177,frames/frame_007132.jpg
7133,118.883333,,0,B,0.34588,0.13211,0.17137,0.41052,frames/frame_007133.jpg
7134,118.900000,,0,B,0.34672,0.13264,0.16822,0.00689,frames/frame_007134.jpg
7135,118.916667,,0,P,0.35022,0.13288,0.12913,0.13279,frames/frame_007135.jpg
7136,118.933333,,0,P,0.35756,0.14610,0.11355,0.22568,frames/frame_007136.jpg
7137,118.950000,,0,P,0.34733,0.17620,0.11335,0.20586,frames/frame_007137.jpg
7138,118.966667,,0,P,0.27393,0.24419,0.09816,0.17673,frames/frame_007138.jpg
7139,118.983333,,0,P,0.24117,0.33595,0.11426,0.13721,frames/frame_007139.jpg
7140,119.000000,,0,P,0.22772,0.32693,0.12656,0.09573,frames/frame_007140.jpg
7141,119.016667,,0,P,0.22940,0.32926,0.13855,0.08712,frames/frame_007141.jpg
7142,119.033333,,0,P,0.22738,0.34238,0.13918,0.08030,frames/frame_007142.jpg
7143,119.050000,,0,P,0.22196,0.36157,0.14403,0.07963,frames/frame_007143.jpg
7144,119.066667,,0,P,0.21400,0.37810,0.14473,0.06957,frames/frame_007144.jpg
7145,119.083333,,0,P,0.20632,0.39386,0.15497,0.05764,frames/frame_007145.jpg
7146,119.100000,,0,P,0.20235,0.40184,0.13276,0.04023,frames/frame_007146.jpg
7147,119.116667,,0,P,0.19919,0.40181,0.13671,0.02896,frames/frame_007147.jpg
7148,119.133333,,0,P,0.19788,0.40430,0.13342,0.01894,frames/frame_007148.jpg
7149,119.150000,,0,B,0.19919,0.40052,0.13180,0.01179,frames/frame_007149.jpg
7150,119.166667,,0,B,0.19952,0.40188,0.13253,0.00932,frames/frame_007150.jpg
7151,119.183333,,0,B,0.20122,0.39907,0.13294,0.00940,frames/frame_007151.jpg
7152,119.200000,,0,P,0.20095,0.39938,0.13402,0.00988,frames/frame_007152.jpg
7153,119.216667,,0,B,0.20243,0.39345,0.13497,0.00942,frames/frame_007153.jpg
7154,119.233333,,0,B,0.20294,0.39097,0.13631,0.00884,frames/frame_007154.jpg
7155,119.250000,,0,B,0.20412,0.38759,0.13862,0.00820,frames/frame_007155.jpg
7156,119.266667,,0,P,0.20438,0.38667,0.14012,0.00889,frames/frame_007156.jpg
7157,119.283333,,0,B,0.20484,0.38352,0.13970,0.00909,frames/frame_007157.jpg
7158,119.300000,,0,B,0.20630,0.38339,0.14129,0.00811,frames/frame_007158.jpg
7159,119.316667,,0,P,0.20660,0.38202,0.14316,0.00848,frames/frame_007159.jpg
7160,119.333333,,0,B,0.20992,0.37575,0.14761,0.02631,frames/frame_007160.jpg
7161,119.350000,,0,B,0.20969,0.37475,0.14704,0.01042,frames/frame_007161.jpg
7162,119.366667,,0,B,0.21021,0.37056,0.14714,0.00926,frames/frame_007162.jpg
7163,119.383333,,0,P,0.20902,0.37005,0.14765,0.01027,frames/frame_007163.jpg
7164,119.400000,,0,B,0.21129,0.36778,0.14734,0.00929,frames/frame_007164.jpg
7165,119.416667,,0,B,0.21183,0.36845,0.14881,0.00890,frames/frame_007165.jpg
7166,119.433333,,0,B,0.21265,0.36510,0.14963,0.00853,frames/frame_007166.jpg
7167,119.450000,,0,P,0.21192,0.36557,0.14969,0.00928,frames/frame_007167.jpg
7168,119.466667,,0,B,0.21366,0.35640,0.15083,0.00986,frames/frame_007168.jpg
7169,119.483333,,0,B,0.21400,0.35363,0.15272,0.01003,frames/frame_007169.jpg
7170,119.500000,,0,B,0.21462,0.34283,0.15278,0.01115,frames/frame_007170.jpg
7171,119.516667,,0,P,0.21359,0.34082,0.15532,0.01054,frames/frame_007171.jpg
7172,119.533333,,0,B,0.21550,0.34133,0.15550,0.00941,frames/frame_007172.jpg
7173,119.550000,,0,B,0.21561,0.34043,0.15580,0.00796,frames/frame_007173.jpg
7174,119.566667,,0,B,0.21700,0.33884,0.15681,0.00821,frames/frame_007174.jpg
7175,119.583333,,0,P,0.21714,0.33460,0.15774,0.00890,frames/frame_007175.jpg
7176,119.600000,,0,B,0.21857,0.33252,0.15870,0.00902,frames/frame_007176.jpg
7177,119.616667,,0,B,0.21853,0.33178,0.15964,0.00758,frames/frame_007177.jpg
7178,119.633333,,0,B,0.22016,0.33062,0.15957,0.00810,frames/frame_007178.jpg
7179,119.650000,,0,P,0.22042,0.32799,0.15927,0.00829,frames/frame_007179.jpg
7180,119.666667,,0,B,0.22256,0.32260,0.16143,0.00832,frames/frame_007180.jpg
7181,119.683333,,0,B,0.22230,0.31956,0.16162,0.00669,frames/frame_007181.jpg
7182,119.700000,,0,B,0.22405,0.31858,0.16361,0.00707,frames/frame_007182.jpg
7183,119.716667,,0,P,0.22430,0.31851,0.16584,0.00733,frames/frame_007183.jpg
7184,119.733333,,0,B,0.22697,0.31941,0.16602,0.00795,frames/frame_007184.jpg
7185,119.750000,,0,B,0.22924,0.31976,0.16735,0.00703,frames/frame_007185.jpg
7186,119.766667,,0,P,0.22946,0.31809,0.16899,0.00712,frames/frame_007186.jpg
7187,119.783333,,0,B,0.23710,0.31209,0.17396,0.03162,frames/frame_007187.jpg
7188,119.800000,,0,B,0.23643,0.31212,0.17361,0.01004,frames/frame_007188.jpg
7189,119.816667,,0,B,0.23700,0.31281,0.17138,0.00875,frames/frame_007189.jpg
7190,119.833333,,0,P,0.23527,0.31507,0.17099,0.00901,frames/frame_007190.jpg
7191,119.850000,,0,B,0.23725,0.31273,0.16989,0.00838,frames/frame_007191.jpg
7192,119.866667,,0,B,0.23757,0.31434,0.16948,0.00803,frames/frame_007192.jpg
7193,119.883333,,0,B,0.23804,0.31281,0.16966,0.00794,frames/frame_007193.jpg
7194,119.900000,,0,P,0.23681,0.31468,0.16952,0.00878,frames/frame_007194.jpg
7195,119.916667,,0,B,0.23844,0.31797,0.16908,0.00850,frames/frame_007195.jpg
7196,119.933333,,0,B,0.23894,0.31838,0.16991,0.00859,frames/frame_007196.jpg
7197,119.950000,,0,B,0.24031,0.31932,0.16876,0.00835,frames/frame_007197.jpg
7198,119.966667,,0,P,0.23872,0.32260,0.16973,0.00878,frames/frame_007198.jpg
7199,119.983333,,0,P,0.23878,0.32405,0.16957,0.00814,frames/frame_007199.jpg
7200,120.000000,,1,I,0.23278,0.29125,0.16988,0.01848,frames/frame_007200.jpg
7201,120.016667,,0,B,0.23475,0.29365,0.16911,0.00738,frames/frame_007201.jpg
7202,120.033333,,0,B,0.23545,0.29558,0.16933,0.00706,frames/frame_007202.jpg
7203,120.050000,,0,B,0.23637,0.29575,0.16985,0.00701,frames/frame_007203.jpg
7204,120.066667,,0,P,0.23593,0.29321,0.17126,0.00736,frames/frame_007204.jpg
7205,120.083333,,0,B,0.23801,0.29575,0.17052,0.00784,frames/frame_007205.jpg
7206,120.100000,,0,B,0.23808,0.29567,0.17048,0.00730,frames/frame_007206.jpg
7207,120.116667,,0,B,0.23930,0.29759,0.17015,0.00721,frames/frame_007207.jpg
7208,120.133333,,0,P,0.23832,0.30072,0.17134,0.00784,frames/frame_007208.jpg
7209,120.150000,,0,B,0.23949,0.30233,0.17093,0.00816,frames/frame_007209.jpg
7210,120.166667,,0,B,0.23951,0.30644,0.17221,0.00772,frames/frame_007210.jpg
7211,120.183333,,0,B,0.24053,0.30966,0.17223,0.00776,frames/frame_007211.jpg
7212,120.200000,,0,P,0.23984,0.31344,0.17282,0.00857,frames/frame_007212.jpg
7213,120.216667,,0,B,0.24095,0.31375,0.17327,0.01008,frames/frame_007213.jpg
7214,120.233333,,0,B,0.24495,0.31225,0.17512,0.03548,frames/frame_007214.jpg
7215,120.250000,,0,B,0.24520,0.31075,0.17391,0.00973,frames/frame_007215.jpg
7216,120.266667,,0,P,0.24399,0.31049,0.17553,0.00956,frames/frame_007216.jpg
7217,120.283333,,0,B,0.24529,0.31148,0.17549,0.00987,frames/frame_007217.jpg
7218,120.300000,,0,B,0.24530,0.31176,0.17586,0.00907,frames/frame_007218.jpg
7219,120.316667,,0,B,0.24670,0.31100,0.17659,0.00788,frames/frame_007219.jpg
7220,120.333333,,0,P,0.24598,0.31217,0.17784,0.00864,frames/frame_007220.jpg
7221,120.350000,,0,B,0.24778,0.31127,0.17700,0.00886,frames/frame_007221.jpg
7222,120.366667,,0,B,0.24822,0.31373,0.17681,0.00787,frames/frame_007222.jpg
7223,120.383333,,0,B,0.24978,0.31415,0.17796,0.00784,frames/frame_007223.jpg
7224,120.400000,,0,P,0.25018,0.31647,0.17825,0.00925,frames/frame_007224.jpg
7225,120.416667,,0,B,0.25225,0.32006,0.17728,0.00932,frames/frame_007225.jpg
7226,120.433333,,0,B,0.25205,0.32412,0.17832,0.00920,frames/frame_007226.jpg
7227,120.450000,,0,B,0.25246,0.32780,0.17718,0.00863,frames/frame_007227.jpg
7228,120.466667,,0,P,0.25155,0.33289,0.17754,0.00987,frames/frame_007228.jpg
7229,120.483333,,0,B,0.25125,0.32543,0.17745,0.01084,frames/frame_007229.jpg
7230,120.500000,,0,B,0.24793,0.31980,0.17749,0.01230,frames/frame_007230.jpg
7231,120.516667,,0,B,0.24818,0.31603,0.17699,0.00906,frames/frame_007231.jpg
7232,120.533333,,0,P,0.24638,0.31318,0.17889,0.01047,frames/frame_007232.jpg
7233,120.550000,,0,B,0.24818,0.31556,0.17820,0.01084,frames/frame_007233.jpg
7234,120.566667,,0,B,0.24828,0.31637,0.17885,0.01030,frames/frame_007234.jpg
7235,120.583333,,0,B,0.24887,0.31792,0.17989,0.01073,frames/frame_007235.jpg
7236,120.600000,,0,P,0.24714,0.31540,0.18054,0.01137,frames/frame_007236.jpg
7237,120.616667,,0,B,0.24894,0.31592,0.18166,0.01186,frames/frame_007237.jpg
7238,120.633333,,0,B,0.24914,0.31887,0.18336,0.01158,frames/frame_007238.jpg
7239,120.650000,,0,B,0.25042,0.32033,0.18371,0.01225,frames/frame_007239.jpg
7240,120.666667,,0,P,0.24934,0.32134,0.18600,0.01315,frames/frame_007240.jpg
7241,120.683333,,0,B,0.24936,0.31955,0.18458,0.01286,frames/frame_007241.jpg
7242,120.700000,,0,B,0.13085,0.13679,0.04500,0.23527,frames/frame_007242.jpg
7243,120.716667,,0,B,0.12955,0.13767,0.04635,0.00537,frames/frame_007243.jpg
7244,120.733333,,0,P,0.12829,0.13920,0.04744,0.00445,frames/frame_007244.jpg
7245,120.750000,,0,B,0.12831,0.13779,0.04812,0.00377,frames/frame_007245.jpg
7246,120.766667,,0,B,0.13769,0.17254,0.05410,0.01129,frames/frame_007246.jpg
7247,120.783333,,0,B,0.13637,0.17052,0.05426,0.00522,frames/frame_007247.jpg
7248,120.800000,,0,P,0.13500,0.16881,0.05366,0.00340,frames/frame_007248.jpg
7249,120.816667,,0,B,0.13447,0.16728,0.05416,0.00223,frames/frame_007249.jpg
7250,120.833333,,0,P,0.13370,0.16303,0.05395,0.00279,frames/frame_007250.jpg
7251,120.850000,,0,B,0.13376,0.16171,0.05497,0.00338,frames/frame_007251.jpg
7252,120.866667,,0,B,0.13353,0.16078,0.05537,0.00318,frames/frame_007252.jpg
7253,120.883333,,0,B,0.13355,0.16152,0.05559,0.00289,frames/frame_007253.jpg
7254,120.900000,,0,P,0.13315,0.15621,0.05474,0.00255,frames/frame_007254.jpg
7255,120.916667,,0,B,0.13389,0.15584,0.05468,0.00229,frames/frame_007255.jpg
7256,120.933333,,0,B,0.13381,0.15456,0.05450,0.00086,frames/frame_007256.jpg
7257,120.950000,,0,B,0.13385,0.15419,0.05481,0.00094,frames/frame_007257.jpg
7258,120.966667,,0,P,0.13361,0.09465,0.05488,0.00276,frames/frame_007258.jpg
7259,120.983333,,0,B,0.13395,0.09640,0.05547,0.00177,frames/frame_007259.jpg
7260,121.000000,,0,B,0.13791,0.10498,0.05841,0.00542,frames/frame_007260.jpg
7261,121.016667,,0,B,0.13897,0.11211,0.05843,0.00503,frames/frame_007261.jpg
7262,121.033333,,0,P,0.13810,0.10817,0.05847,0.00367,frames/frame_007262.jpg
7263,121.050000,,0,B,0.13794,0.10758,0.05867,0.00203,frames/frame_007263.jpg
7264,121.066667,,0,B,0.13759,0.10649,0.05825,0.00148,frames/frame_007264.jpg
7265,121.083333,,0,B,0.13746,0.10746,0.05779,0.00206,frames/frame_007265.jpg
7266,121.100000,,0,P,0.13723,0.10368,0.05811,0.00264,frames/frame_007266.jpg
7267,121.116667,,0,B,0.13741,0.10136,0.05887,0.00238,frames/frame_007267.jpg
7268,121.133333,,0,B,0.13810,0.10039,0.06014,0.00268,frames/frame_007268.jpg
7269,121.150000,,0,B,0.13919,0.09602,0.06098,0.00455,frames/frame_007269.jpg
7270,121.166667,,0,P,0.13919,0.09863,0.06127,0.00664,frames/frame_007270.jpg
7271,121.183333,,0,B,0.13862,0.09408,0.05949,0.00770,frames/frame_007271.jpg
7272,121.200000,,0,B,0.14431,0.12235,0.06349,0.01303,frames/frame_007272.jpg
7273,121.216667,,0,B,0.14585,0.13171,0.06667,0.00915,frames/frame_007273.jpg
7274,121.233333,,0,P,0.14379,0.13169,0.06427,0.00706,frames/frame_007274.jpg
7275,121.250000,,0,B,0.14310,0.12914,0.06339,0.00518,frames/frame_007275.jpg
7276,121.266667,,0,B,0.14232,0.12775,0.06283,0.00438,frames/frame_007276.jpg
7277,121.283333,,0,B,0.14182,0.12685,0.06292,0.00374,frames/frame_007277.jpg
7278,121.300000,,0,P,0.14126,0.12869,0.06270,0.00357,frames/frame_007278.jpg
7279,121.316667,,0,B,0.14151,0.12826,0.06294,0.00301,frames/frame_007279.jpg
7280,121.333333,,0,B,0.14150,0.12616,0.06263,0.00233,frames/frame_007280.jpg
7281,121.350000,,0,B,0.14173,0.12782,0.06252,0.00224,frames/frame_007281.jpg
7282,121.366667,,0,P,0.14140,0.13030,0.06263,0.00239,frames/frame_007282.jpg
7283,121.383333,,0,B,0.14197,0.12814,0.06340,0.00258,frames/frame_007283.jpg
7284,121.400000,,0,B,0.14199,0.12849,0.06373,0.00247,frames/frame_007284.jpg
7285,121.416667,,0,B,0.14208,0.12688,0.06369,0.00233,frames/frame_007285.jpg
7286,121.433333,,0,P,0.15073,0.15788,0.07562,0.01198,frames/frame_007286.jpg
7287,121.450000,,0,B,0.15020,0.15682,0.07605,0.00391,frames/frame_007287.jpg
7288,121.466667,,0,B,0.14950,0.15598,0.07547,0.00232,frames/frame_007288.jpg
7289,121.483333,,0,B,0.14918,0.15516,0.07557,0.00188,frames/frame_007289.jpg
7290,121.500000,,0,P,0.14860,0.15459,0.07503,0.00277,frames/frame_007290.jpg
7291,121.516667,,0,B,0.14872,0.15330,0.07469,0.00281,frames/frame_007291.jpg
7292,121.533333,,0,B,0.14863,0.15297,0.07329,0.00253,frames/frame_007292.jpg
7293,121.550000,,0,B,0.14865,0.15135,0.07331,0.00215,frames/frame_007293.jpg
7294,121.566667,,0,P,0.14841,0.15169,0.07313,0.00192,frames/frame_007294.jpg
7295,121.583333,,0,B,0.14854,0.15230,0.07312,0.00152,frames/frame_007295.jpg
7296,121.600000,,0,B,0.15435,0.16151,0.07628,0.00954,frames/frame_007296.jpg
7297,121.616667,,0,P,0.15102,0.15714,0.07595,0.01334,frames/frame_007297.jpg
7298,121.633333,,0,B,0.15225,0.15288,0.07572,0.00896,frames/frame_007298.jpg
7299,121.650000,,0,B,0.15132,0.14734,0.07591,0.00969,frames/frame_007299.jpg
7300,121.666667,,0,B,0.16780,0.07395,0.08586,0.03104,frames/frame_007300.jpg
7301,121.683333,,0,P,0.16764,0.07339,0.08658,0.00997,frames/frame_007301.jpg
7302,121.700000,,0,B,0.16850,0.07050,0.08626,0.00895,frames/frame_007302.jpg
7303,121.716667,,0,B,0.16854,0.07057,0.08717,0.00853,frames/frame_007303.jpg
7304,121.733333,,0,B,0.16828,0.07163,0.08723,0.00679,frames/frame_007304.jpg
7305,121.750000,,0,P,0.16759,0.07293,0.08808,0.00487,frames/frame_007305.jpg
7306,121.766667,,0,B,0.16840,0.07404,0.08869,0.00424,frames/frame_007306.jpg
7307,121.783333,,0,B,0.16843,0.07335,0.08858,0.00327,frames/frame_007307.jpg
7308,121.800000,,0,B,0.16873,0.07385,0.08827,0.00296,frames/frame_007308.jpg
7309,121.816667,,0,P,0.16826,0.07498,0.08779,0.00297,frames/frame_007309.jpg
7310,121.833333,,0,B,0.16881,0.07384,0.08730,0.00365,frames/frame_007310.jpg
7311,121.850000,,0,B,0.16875,0.07335,0.08726,0.00354,frames/frame_007311.jpg
7312,121.866667,,0,B,0.16889,0.07416,0.08767,0.00369,frames/frame_007312.jpg
7313,121.883333,,0,P,0.16824,0.07331,0.08694,0.00384,frames/frame_007313.jpg
7314,121.900000,,0,B,0.16849,0.07455,0.08662,0.00340,frames/frame_007314.jpg
7315,121.916667,,0,B,0.16843,0.07636,0.08652,0.00313,frames/frame_007315.jpg
7316,121.933333,,0,B,0.17042,0.06903,0.08969,0.00478,frames/frame_007316.jpg
7317,121.950000,,0,P,0.17042,0.06883,0.09026,0.00310,frames/frame_007317.jpg
7318,121.966667,,0,B,0.17091,0.06941,0.09066,0.00285,frames/frame_007318.jpg
7319,121.983333,,0,B,0.17087,0.07257,0.09003,0.00224,frames/frame_007319.jpg
7320,122.000000,,0,B,0.17121,0.07356,0.08937,0.00209,frames/frame_007320.jpg
7321,122.016667,,0,P,0.17127,0.07504,0.08979,0.00228,frames/frame_007321.jpg
7322,122.033333,,0,B,0.17202,0.07370,0.09021,0.00266,frames/frame_007322.jpg
7323,122.050000,,0,B,0.17705,0.07699,0.09318,0.00772,frames/frame_007323.jpg
7324,122.066667,,0,B,0.17802,0.07650,0.09556,0.01534,frames/frame_007324.jpg
7325,122.083333,,0,P,0.17777,0.08082,0.09606,0.01651,frames/frame_007325.jpg
7326,122.100000,,0,B,0.17941,0.08793,0.09786,0.01892,frames/frame_007326.jpg
7327,122.116667,,0,B,0.18193,0.09364,0.09955,0.02077,frames/frame_007327.jpg
7328,122.133333,,0,B,0.18315,0.09973,0.10029,0.02030,frames/frame_007328.jpg
7329,122.150000,,0,P,0.18448,0.10170,0.10119,0.01649,frames/frame_007329.jpg
7330,122.166667,,0,B,0.18562,0.10189,0.10225,0.01491,frames/frame_007330.jpg
7331,122.183333,,0,B,0.18701,0.10369,0.10411,0.01394,frames/frame_007331.jpg
7332,122.200000,,0,B,0.18834,0.10889,0.10278,0.01040,frames/frame_007332.jpg
7333,122.216667,,0,P,0.18867,0.11246,0.10358,0.00840,frames/frame_007333.jpg
7334,122.233333,,0,B,0.18938,0.11320,0.10500,0.00578,frames/frame_007334.jpg
7335,122.250000,,0,B,0.18972,0.11855,0.10625,0.00430,frames/frame_007335.jpg
7336,122.266667,,0,B,0.19081,0.12317,0.10675,0.00437,frames/frame_007336.jpg
7337,122.283333,,0,P,0.19092,0.12454,0.10691,0.00450,frames/frame_007337.jpg
7338,122.300000,,0,B,0.19206,0.12855,0.10778,0.00511,frames/frame_007338.jpg
7339,122.316667,,0,B,0.19199,0.12900,0.10751,0.00488,frames/frame_007339.jpg
7340,122.333333,,0,B,0.19322,0.13486,0.10931,0.00591,frames/frame_007340.jpg
7341,122.350000,,0,P,0.19370,0.13921,0.10963,0.00630,frames/frame_007341.jpg
7342,122.366667,,0,B,0.19477,0.14562,0.11009,0.00632,frames/frame_007342.jpg
7343,122.383333,,0,B,0.19542,0.14958,0.11180,0.00620,frames/frame_007343.jpg
7344,122.400000,,0,B,0.19511,0.15101,0.11206,0.00492,frames/frame_007344.jpg
7345,122.416667,,0,P,0.19435,0.15573,0.11068,0.00465,frames/frame_007345.jpg
7346,122.433333,,0,B,0.19451,0.15605,0.11042,0.00398,frames/frame_007346.jpg
7347,122.450000,,0,B,0.19412,0.15545,0.11048,0.00309,frames/frame_007347.jpg
7348,122.466667,,0,B,0.19414,0.15583,0.11066,0.00238,frames/frame_007348.jpg
7349,122.483333,,0,P,0.19360,0.15840,0.11073,0.00226,frames/frame_007349.jpg
7350,122.500000,,0,B,0.19355,0.16186,0.11052,0.00243,frames/frame_007350.jpg
7351,122.516667,,0,B,0.20332,0.16944,0.11446,0.02451,frames/frame_007351.jpg
7352,122.533333,,0,P,0.19964,0.16776,0.11352,0.03075,frames/frame_007352.jpg
7353,122.550000,,0,B,0.20436,0.17227,0.11502,0.02933,frames/frame_007353.jpg
7354,122.566667,,0,B,0.20248,0.16983,0.11428,0.02914,frames/frame_007354.jpg
7355,122.583333,,0,B,0.20191,0.17271,0.11512,0.02842,frames/frame_007355.jpg
7356,122.600000,,0,P,0.20335,0.17598,0.11297,0.02535,frames/frame_007356.jpg
7357,122.616667,,0,B,0.20144,0.17535,0.11195,0.01941,frames/frame_007357.jpg
7358,122.633333,,0,B,0.20220,0.17571,0.11167,0.01586,frames/frame_007358.jpg
7359,122.650000,,0,P,0.19962,0.17571,0.11288,0.01222,frames/frame_007359.jpg
7360,122.666667,,0,B,0.19967,0.17268,0.11217,0.00685,frames/frame_007360.jpg
7361,122.683333,,0,B,0.19865,0.17334,0.11222,0.00661,frames/frame_007361.jpg
7362,122.700000,,0,B,0.19873,0.17380,0.11216,0.00674,frames/frame_007362.jpg
7363,122.716667,,0,P,0.19840,0.17326,0.11188,0.00771,frames/frame_007363.jpg
7364,122.733333,,0,B,0.19851,0.17151,0.11131,0.00821,frames/frame_007364.jpg
7365,122.750000,,0,B,0.19799,0.17184,0.11096,0.00784,frames/frame_007365.jpg
7366,122.766667,,0,B,0.19777,0.17135,0.11091,0.00761,frames/frame_007366.jpg
7367,122.783333,,0,P,0.19708,0.17464,0.11070,0.00724,frames/frame_007367.jpg
7368,122.800000,,0,B,0.19757,0.17173,0.11082,0.00612,frames/frame_007368.jpg
7369,122.816667,,0,B,0.19753,0.17330,0.11114,0.00524,frames/frame_007369.jpg
7370,122.833333,,0,B,0.19793,0.17287,0.11072,0.00440,frames/frame_007370.jpg
7371,122.850000,,0,P,0.19777,0.17360,0.11044,0.00435,frames/frame_007371.jpg
7372,122.866667,,0,B,0.19843,0.17094,0.11028,0.00432,frames/frame_007372.jpg
7373,122.883333,,0,B,0.19854,0.17167,0.11068,0.00396,frames/frame_007373.jpg
7374,122.900000,,0,B,0.19898,0.17273,0.11115,0.00378,frames/frame_007374.jpg
7375,122.916667,,0,P,0.19891,0.17703,0.11112,0.00378,frames/frame_007375.jpg
7376,122.933333,,0,B,0.19954,0.17305,0.11120,0.00351,frames/frame_007376.jpg
7377,122.950000,,0,B,0.19948,0.17408,0.11134,0.00304,frames/frame_007377.jpg
7378,122.966667,,0,B,0.20417,0.17709,0.11382,0.01675,frames/frame_007378.jpg
7379,122.983333,,0,P,0.20479,0.17808,0.11487,0.03588,frames/frame_007379.jpg
7380,123.000000,,1,I,0.20342,0.19496,0.11391,0.03934,frames/frame_007380.jpg
7381,123.016667,,0,B,0.20622,0.18914,0.11432,0.04273,frames/frame_007381.jpg
7382,123.033333,,0,B,0.20249,0.19659,0.11426,0.04012,frames/frame_007382.jpg
7383,123.050000,,0,B,0.20213,0.19766,0.11346,0.03257,frames/frame_007383.jpg
7384,123.066667,,0,P,0.19760,0.20354,0.11304,0.02930,frames/frame_007384.jpg
7385,123.083333,,0,B,0.19630,0.20092,0.11444,0.02347,frames/frame_007385.jpg
7386,123.100000,,0,B,0.19461,0.20106,0.11555,0.01652,frames/frame_007386.jpg
7387,123.116667,,0,B,0.19266,0.20299,0.11465,0.01167,frames/frame_007387.jpg
7388,123.133333,,0,P,0.19005,0.20491,0.11512,0.00923,frames/frame_007388.jpg
7389,123.150000,,0,B,0.18943,0.20620,0.11406,0.00860,frames/frame_007389.jpg
7390,123.166667,,0,B,0.18882,0.20572,0.11428,0.00891,frames/frame_007390.jpg
7391,123.183333,,0,B,0.18904,0.20545,0.11430,0.00897,frames/frame_007391.jpg
7392,123.200000,,0,P,0.18881,0.20637,0.11351,0.00976,frames/frame_007392.jpg
7393,123.216667,,0,B,0.19004,0.20382,0.11304,0.01028,frames/frame_007393.jpg
7394,123.233333,,0,B,0.19078,0.20183,0.11361,0.00974,frames/frame_007394.jpg
7395,123.250000,,0,B,0.19187,0.19950,0.11469,0.00896,frames/frame_007395.jpg
7396,123.266667,,0,P,0.19236,0.20119,0.11510,0.00830,frames/frame_007396.jpg
7397,123.283333,,0,B,0.19371,0.19990,0.11444,0.00738,frames/frame_007397.jpg
7398,123.300000,,0,B,0.19434,0.20012,0.11407,0.00662,frames/frame_007398.jpg
7399,123.316667,,0,B,0.19522,0.19950,0.11330,0.00616,frames/frame_007399.jpg
7400,123.333333,,0,P,0.19519,0.20005,0.11362,0.00576,frames/frame_007400.jpg
7401,123.350000,,0,B,0.19602,0.19845,0.11307,0.00550,frames/frame_007401.jpg
7402,123.366667,,0,B,0.19609,0.19855,0.11289,0.00462,frames/frame_007402.jpg
7403,123.383333,,0,B,0.19635,0.19533,0.11273,0.00416,frames/frame_007403.jpg
7404,123.400000,,0,P,0.19592,0.19717,0.11273,0.00368,frames/frame_007404.jpg
7405,123.416667,,0,B,0.20701,0.19997,0.11326,0.01584,frames/frame_007405.jpg
7406,123.433333,,0,B,0.20222,0.19870,0.11314,0.02137,frames/frame_007406.jpg
7407,123.450000,,0,B,0.19671,0.20114,0.11509,0.02149,frames/frame_007407.jpg
7408,123.466667,,0,P,0.19487,0.20279,0.11492,0.02604,frames/frame_007408.jpg
7409,123.483333,,0,B,0.19269,0.20233,0.11412,0.02700,frames/frame_007409.jpg
7410,123.500000,,0,P,0.18910,0.20405,0.11465,0.02276,frames/frame_007410.jpg
7411,123.516667,,0,B,0.18469,0.20581,0.11356,0.01855,frames/frame_007411.jpg
7412,123.533333,,0,B,0.18180,0.20818,0.11272,0.01453,frames/frame_007412.jpg
7413,123.550000,,0,P,0.17900,0.20800,0.11137,0.01113,frames/frame_007413.jpg
7414,123.566667,,0,B,0.17644,0.20932,0.11152,0.00924,frames/frame_007414.jpg
7415,123.583333,,0,B,0.17449,0.21005,0.11051,0.00714,frames/frame_007415.jpg
7416,123.600000,,0,B,0.17392,0.21050,0.11066,0.00583,frames/frame_007416.jpg
7417,123.616667,,0,P,0.17274,0.20982,0.11039,0.00590,frames/frame_007417.jpg
7418,123.633333,,0,B,0.17348,0.21166,0.11037,0.00530,frames/frame_007418.jpg
7419,123.650000,,0,B,0.17383,0.21093,0.11109,0.00530,frames/frame_007419.jpg
7420,123.666667,,0,B,0.17467,0.21079,0.11226,0.00535,frames/frame_007420.jpg
7421,123.683333,,0,P,0.17505,0.21162,0.11207,0.00577,frames/frame_007421.jpg
7422,123.700000,,0,B,0.17651,0.21042,0.11200,0.00575,frames/frame_007422.jpg
7423,123.716667,,0,B,0.17712,0.20982,0.11322,0.00552,frames/frame_007423.jpg
7424,123.733333,,0,B,0.17820,0.20901,0.11303,0.00506,frames/frame_007424.jpg
7425,123.750000,,0,P,0.17840,0.20947,0.11310,0.00533,frames/frame_007425.jpg
7426,123.766667,,0,B,0.17950,0.20755,0.11356,0.00504,frames/frame_007426.jpg
7427,123.783333,,0,B,0.17988,0.20701,0.11386,0.00445,frames/frame_007427.jpg
7428,123.800000,,0,B,0.18029,0.20676,0.11333,0.00425,frames/frame_007428.jpg
7429,123.816667,,0,P,0.18002,0.20569,0.11342,0.00398,frames/frame_007429.jpg
7430,123.833333,,0,B,0.18052,0.20666,0.11346,0.00381,frames/frame_007430.jpg
7431,123.850000,,0,B,0.18005,0.20695,0.11295,0.00343,frames/frame_007431.jpg
7432,123.866667,,0,B,0.18001,0.20700,0.11271,0.00291,frames/frame_007432.jpg
7433,123.883333,,0,P,0.19310,0.22636,0.11863,0.06782,frames/frame_007433.jpg
7434,123.900000,,0,B,0.19444,0.23971,0.12108,0.08273,frames/frame_007434.jpg
7435,123.916667,,0,B,0.19022,0.24550,0.12082,0.08648,frames/frame_007435.jpg
7436,123.933333,,0,P,0.19870,0.24205,0.12233,0.07983,frames/frame_007436.jpg
7437,123.950000,,0,B,0.21104,0.23277,0.12096,0.07918,frames/frame_007437.jpg
7438,123.966667,,0,B,0.21775,0.23464,0.11942,0.06758,frames/frame_007438.jpg
7439,123.983333,,0,B,0.22595,0.23335,0.11886,0.05628,frames/frame_007439.jpg
7440,124.000000,,0,P,0.22447,0.23053,0.11834,0.05162,frames/frame_007440.jpg
7441,124.016667,,0,B,0.21809,0.22328,0.11518,0.04360,frames/frame_007441.jpg
7442,124.033333,,0,B,0.21329,0.22019,0.11571,0.03783,frames/frame_007442.jpg
7443,124.050000,,0,B,0.20998,0.22051,0.11380,0.03469,frames/frame_007443.jpg
7444,124.066667,,0,P,0.21032,0.22375,0.11200,0.03494,frames/frame_007444.jpg
7445,124.083333,,0,B,0.21255,0.22461,0.11164,0.03274,frames/frame_007445.jpg
7446,124.100000,,0,P,0.21548,0.22727,0.11394,0.02977,frames/frame_007446.jpg
7447,124.116667,,0,B,0.21863,0.22924,0.11460,0.02562,frames/frame_007447.jpg
7448,124.133333,,0,B,0.22061,0.23205,0.11403,0.02202,frames/frame_007448.jpg
7449,124.150000,,0,B,0.22229,0.22977,0.11498,0.02110,frames/frame_007449.jpg
7450,124.166667,,0,P,0.22298,0.22924,0.11660,0.01976,frames/frame_007450.jpg
7451,124.183333,,0,B,0.22468,0.22875,0.11708,0.01933,frames/frame_007451.jpg
7452,124.200000,,0,B,0.22577,0.22693,0.11839,0.01902,frames/frame_007452.jpg
7453,124.216667,,0,B,0.22700,0.22863,0.11848,0.01926,frames/frame_007453.jpg
7454,124.233333,,0,P,0.22789,0.22850,0.11888,0.01956,frames/frame_007454.jpg
7455,124.250000,,0,B,0.22984,0.22793,0.11975,0.01979,frames/frame_007455.jpg
7456,124.266667,,0,B,0.23127,0.22875,0.12057,0.01872,frames/frame_007456.jpg
7457,124.283333,,0,B,0.23284,0.22776,0.11959,0.01740,frames/frame_007457.jpg
7458,124.300000,,0,P,0.23380,0.22952,0.11908,0.01560,frames/frame_007458.jpg
7459,124.316667,,0,B,0.23442,0.22926,0.11916,0.01322,frames/frame_007459.jpg
7460,124.333333,,0,B,0.07091,0.21747,0.07260,0.18356,frames/frame_007460.jpg
7461,124.350000,,0,B,0.06818,0.27002,0.06646,0.02445,frames/frame_007461.jpg
7462,124.366667,,0,P,0.06789,0.19419,0.06933,0.02295,frames/frame_007462.jpg
7463,124.383333,,0,B,0.06546,0.23932,0.06062,0.02175,frames/frame_007463.jpg
7464,124.400000,,0,B,0.07235,0.26612,0.07441,0.02461,frames/frame_007464.jpg
7465,124.416667,,0,B,0.07458,0.21127,0.08101,0.02409,frames/frame_007465.jpg
7466,124.433333,,0,P,0.07156,0.22589,0.07590,0.02505,frames/frame_007466.jpg
7467,124.450000,,0,B,0.06911,0.27204,0.06839,0.02506,frames/frame_007467.jpg
7468,124.466667,,0,B,0.06833,0.21274,0.06954,0.02330,frames/frame_007468.jpg
7469,124.483333,,0,B,0.06569,0.23979,0.06247,0.02223,frames/frame_007469.jpg
7470,124.500000,,0,P,0.07024,0.25681,0.07382,0.02439,frames/frame_007470.jpg
7471,124.516667,,0,P,0.07462,0.17623,0.08493,0.02600,frames/frame_007471.jpg
7472,124.533333,,0,P,0.44988,0.14077,0.14464,0.40180,frames/frame_007472.jpg
7473,124.550000,,0,P,0.54179,0.52352,0.04191,0.39709,frames/frame_007473.jpg
7474,124.566667,,0,P,0.30710,0.80112,0.09410,0.33715,frames/frame_007474.jpg
7475,124.583333,,0,P,0.31368,0.80026,0.09615,0.01777,frames/frame_007475.jpg
7476,124.600000,,0,P,0.31705,0.80193,0.09464,0.00990,frames/frame_007476.jpg
7477,124.616667,,0,P,0.31822,0.80406,0.09336,0.01145,frames/frame_007477.jpg
7478,124.633333,,0,P,0.31937,0.80573,0.09496,0.01007,frames/frame_007478.jpg
7479,124.650000,,0,P,0.31965,0.80579,0.09487,0.00934,frames/frame_007479.jpg
7480,124.666667,,0,P,0.31953,0.80724,0.09646,0.00533,frames/frame_007480.jpg
7481,124.683333,,0,P,0.31974,0.80928,0.09735,0.00737,frames/frame_007481.jpg
7482,124.700000,,0,P,0.31976,0.80747,0.09741,0.00613,frames/frame_007482.jpg
7483,124.716667,,0,P,0.31925,0.80966,0.09613,0.00341,frames/frame_007483.jpg
7484,124.733333,,0,P,0.31964,0.80778,0.09802,0.00666,frames/frame_007484.jpg
7485,124.750000,,0,P,0.31969,0.80954,0.09657,0.00506,frames/frame_007485.jpg
7486,124.766667,,0,P,0.31985,0.80910,0.09693,0.00347,frames/frame_007486.jpg
7487,124.783333,,0,P,0.05729,0.11346,0.02244,0.26435,frames/frame_007487.jpg
7488,124.800000,,0,P,0.08896,0.10907,0.03514,0.03845,frames/frame_007488.jpg
7489,124.816667,,0,P,0.83895,0.06199,0.08277,0.78940,frames/frame_007489.jpg
7490,124.833333,,0,P,0.80680,0.06766,0.09899,0.06395,frames/frame_007490.jpg
7491,124.850000,,0,P,0.80588,0.06793,0.10651,0.06401,frames/frame_007491.jpg
7492,124.866667,,0,P,0.77835,0.07386,0.12244,0.07660,frames/frame_007492.jpg
7493,124.883333,,0,P,0.78536,0.07268,0.12190,0.05603,frames/frame_007493.jpg
7494,124.900000,,0,P,0.77732,0.07409,0.13078,0.05717,frames/frame_007494.jpg
7495,124.916667,,0,P,0.78477,0.06929,0.12583,0.03562,frames/frame_007495.jpg
7496,124.933333,,0,P,0.75002,0.07493,0.14443,0.06340,frames/frame_007496.jpg
7497,124.950000,,0,P,0.75281,0.07441,0.14579,0.05229,frames/frame_007497.jpg
7498,124.966667,,0,P,0.71908,0.07952,0.16560,0.07383,frames/frame_007498.jpg
7499,124.983333,,0,P,0.72723,0.07903,0.16557,0.06237,frames/frame_007499.jpg
7500,125.000000,,0,P,0.73557,0.07968,0.16000,0.05408,frames/frame_007500.jpg
7501,125.016667,,0,P,0.10876,0.04507,0.10926,0.64306,frames/frame_007501.jpg
7502,125.033333,,0,P,0.11697,0.04103,0.09793,0.03977,frames/frame_007502.jpg
7503,125.050000,,0,P,0.15148,0.04474,0.10674,0.07583,frames/frame_007503.jpg
7504,125.066667,,0,P,0.15157,0.04672,0.10636,0.05720,frames/frame_007504.jpg
7505,125.083333,,0,P,0.18048,0.05066,0.11442,0.08991,frames/frame_007505.jpg
7506,125.100000,,0,P,0.17652,0.05154,0.11376,0.06518,frames/frame_007506.jpg
7507,125.116667,,0,P,0.17870,0.05368,0.11517,0.06854,frames/frame_007507.jpg
7508,125.133333,,0,P,0.17124,0.05067,0.11189,0.04065,frames/frame_007508.jpg
7509,125.150000,,0,P,0.19610,0.05544,0.12390,0.06805,frames/frame_007509.jpg
7510,125.166667,,0,P,0.20174,0.05729,0.12312,0.05150,frames/frame_007510.jpg
7511,125.183333,,0,P,0.22828,0.05709,0.13714,0.08031,frames/frame_007511.jpg
7512,125.200000,,0,P,0.33918,0.08157,0.16516,0.21058,frames/frame_007512.jpg
7513,125.216667,,0,P,0.34621,0.11906,0.14430,0.24627,frames/frame_007513.jpg
7514,125.233333,,0,P,0.43446,0.89704,0.04517,0.41382,frames/frame_007514.jpg
7515,125.250000,,0,P,0.23216,0.70802,0.09568,0.25284,frames/frame_007515.jpg
7516,125.266667,,0,P,0.24058,0.71244,0.09724,0.02093,frames/frame_007516.jpg
7517,125.283333,,0,P,0.24490,0.71658,0.10073,0.01061,frames/frame_007517.jpg
7518,125.300000,,0,P,0.24693,0.71854,0.10391,0.00697,frames/frame_007518.jpg
7519,125.316667,,0,P,0.24770,0.72003,0.10540,0.00591,frames/frame_007519.jpg
7520,125.333333,,0,P,0.24870,0.72082,0.10550,0.00629,frames/frame_007520.jpg
7521,125.350000,,0,B,0.24922,0.72112,0.10510,0.00435,frames/frame_007521.jpg
7522,125.366667,,0,P,0.24903,0.72283,0.10607,0.00402,frames/frame_007522.jpg
7523,125.383333,,0,P,0.24910,0.72474,0.10683,0.00385,frames/frame_007523.jpg
7524,125.400000,,0,P,0.25253,0.68439,0.09180,0.10654,frames/frame_007524.jpg
7525,125.416667,,0,P,0.16887,0.48945,0.05909,0.15403,frames/frame_007525.jpg
7526,125.433333,,0,P,0.37789,0.88736,0.04190,0.22247,frames/frame_007526.jpg
7527,125.450000,,0,P,0.46727,0.89028,0.05474,0.10058,frames/frame_007527.jpg
7528,125.466667,,0,P,0.85716,0.08015,0.09054,0.43339,frames/frame_007528.jpg
7529,125.483333,,0,B,0.85771,0.07975,0.08939,0.00527,frames/frame_007529.jpg
7530,125.500000,,0,B,0.85798,0.08004,0.08920,0.00248,frames/frame_007530.jpg
7531,125.516667,,0,B,0.85818,0.07999,0.08958,0.00226,frames/frame_007531.jpg
7532,125.533333,,0,P,0.85823,0.07940,0.08991,0.00251,frames/frame_007532.jpg
7533,125.550000,,0,B,0.85904,0.07911,0.09011,0.00320,frames/frame_007533.jpg
7534,125.566667,,0,B,0.85936,0.07927,0.08965,0.00291,frames/frame_007534.jpg
7535,125.583333,,0,B,0.85973,0.07908,0.08995,0.00206,frames/frame_007535.jpg
7536,125.600000,,0,P,0.85983,0.07968,0.09028,0.00192,frames/frame_007536.jpg
7537,125.616667,,0,B,0.86015,0.07926,0.09029,0.00137,frames/frame_007537.jpg
7538,125.633333,,0,B,0.86028,0.07919,0.09033,0.00158,frames/frame_007538.jpg
7539,125.650000,,0,B,0.86042,0.07913,0.09032,0.00121,frames/frame_007539.jpg
7540,125.666667,,0,P,0.73015,0.07725,0.18796,0.15620,frames/frame_007540.jpg
7541,125.683333,,0,P,0.75155,0.07163,0.19069,0.13494,frames/frame_007541.jpg
7542,125.700000,,0,P,0.24689,0.65644,0.10354,0.60952,frames/frame_007542.jpg
7543,125.716667,,0,P,0.24649,0.69722,0.10479,0.06872,frames/frame_007543.jpg
7544,125.733333,,0,B,0.23463,0.69674,0.10635,0.05175,frames/frame_007544.jpg
7545,125.750000,,0,P,0.23471,0.70272,0.10502,0.01934,frames/frame_007545.jpg
7546,125.766667,,0,P,0.23424,0.71459,0.10900,0.03802,frames/frame_007546.jpg
7547,125.783333,,0,B,0.23137,0.70797,0.10733,0.00720,frames/frame_007547.jpg
7548,125.800000,,0,P,0.20482,0.69091,0.13268,0.06143,frames/frame_007548.jpg
7549,125.816667,,0,P,0.21011,0.72410,0.11682,0.05414,frames/frame_007549.jpg
7550,125.833333,,0,P,0.20348,0.72195,0.11971,0.05190,frames/frame_007550.jpg
7551,125.850000,,0,P,0.19670,0.71104,0.11551,0.04594,frames/frame_007551.jpg
7552,125.866667,,0,P,0.19114,0.69843,0.11346,0.04188,frames/frame_007552.jpg
7553,125.883333,,0,P,0.18548,0.68588,0.11129,0.03822,frames/frame_007553.jpg
7554,125.900000,,0,P,0.18144,0.67553,0.10899,0.03233,frames/frame_007554.jpg
7555,125.916667,,0,P,0.17879,0.67240,0.11003,0.02940,frames/frame_007555.jpg
7556,125.933333,,0,P,0.17553,0.66825,0.10906,0.02702,frames/frame_007556.jpg
7557,125.950000,,0,P,0.17239,0.66141,0.10715,0.02522,frames/frame_007557.jpg
7558,125.966667,,0,P,0.16952,0.65746,0.10717,0.02303,frames/frame_007558.jpg
7559,125.983333,,0,P,0.16714,0.65348,0.10623,0.02032,frames/frame_007559.jpg
7560,126.000000,,1,I,0.16389,0.61872,0.10677,0.02368,frames/frame_007560.jpg
7561,126.016667,,0,B,0.16048,0.61104,0.09958,0.01504,frames/frame_007561.jpg
7562,126.033333,,0,B,0.15935,0.60493,0.09930,0.00589,frames/frame_007562.jpg
7563,126.050000,,0,P,0.11432,0.44768,0.06992,0.09283,frames/frame_007563.jpg
7564,126.066667,,0,P,0.07988,0.31774,0.04628,0.06012,frames/frame_007564.jpg
7565,126.083333,,0,P,0.06148,0.23701,0.03985,0.03084,frames/frame_007565.jpg
7566,126.100000,,0,P,0.05335,0.18601,0.02468,0.01333,frames/frame_007566.jpg
7567,126.116667,,0,P,0.04422,0.05830,0.01921,0.01012,frames/frame_007567.jpg
7568,126.133333,,0,P,0.04459,0.05998,0.01853,0.00122,frames/frame_007568.jpg
7569,126.150000,,0,B,0.04421,0.07153,0.01692,0.00279,frames/frame_007569.jpg
7570,126.166667,,0,P,0.04451,0.07126,0.01722,0.00107,frames/frame_007570.jpg
7571,126.183333,,0,P,0.04500,0.07757,0.01728,0.00117,frames/frame_007571.jpg
7572,126.200000,,0,P,0.04505,0.14876,0.01680,0.00306,frames/frame_007572.jpg
7573,126.216667,,0,P,0.04565,0.17684,0.01655,0.00253,frames/frame_007573.jpg
7574,126.233333,,0,P,0.04638,0.18399,0.01694,0.00259,frames/frame_007574.jpg
7575,126.250000,,0,P,0.04685,0.18638,0.01736,0.00346,frames/frame_007575.jpg
7576,126.266667,,0,P,0.04741,0.18666,0.01725,0.00447,frames/frame_007576.jpg
7577,126.283333,,0,P,0.04771,0.18749,0.01685,0.00560,frames/frame_007577.jpg
7578,126.300000,,0,P,0.04755,0.18884,0.01543,0.00677,frames/frame_007578.jpg
7579,126.316667,,0,P,0.04819,0.19525,0.01616,0.00728,frames/frame_007579.jpg
7580,126.333333,,0,P,0.04838,0.19560,0.01657,0.00790,frames/frame_007580.jpg
7581,126.350000,,0,B,0.04921,0.20037,0.01762,0.00864,frames/frame_007581.jpg
7582,126.366667,,0,P,0.04948,0.20082,0.01806,0.00845,frames/frame_007582.jpg
7583,126.383333,,0,P,0.04963,0.19937,0.01796,0.00710,frames/frame_007583.jpg
7584,126.400000,,0,P,0.04985,0.20654,0.01784,0.00599,frames/frame_007584.jpg
7585,126.416667,,0,P,0.04985,0.20247,0.01735,0.00448,frames/frame_007585.jpg
7586,126.433333,,0,P,0.05009,0.20774,0.01708,0.00203,frames/frame_007586.jpg
7587,126.450000,,0,P,0.05089,0.20904,0.01776,0.00253,frames/frame_007587.jpg
7588,126.466667,,0,P,0.05162,0.20735,0.01846,0.00342,frames/frame_007588.jpg
7589,126.483333,,0,P,0.05240,0.20768,0.01955,0.00448,frames/frame_007589.jpg
7590,126.500000,,0,P,0.05332,0.21040,0.02080,0.00534,frames/frame_007590.jpg
7591,126.516667,,0,P,0.05411,0.20987,0.02209,0.00584,frames/frame_007591.jpg
7592,126.533333,,0,P,0.05485,0.20838,0.02314,0.00637,frames/frame_007592.jpg
7593,126.550000,,0,P,0.05484,0.21106,0.02345,0.00465,frames/frame_007593.jpg
7594,126.566667,,0,B,0.05535,0.21113,0.02386,0.00391,frames/frame_007594.jpg
7595,126.583333,,0,B,0.05571,0.20831,0.02550,0.00388,frames/frame_007595.jpg
7596,126.600000,,0,P,0.05487,0.20268,0.02409,0.00498,frames/frame_007596.jpg
7597,126.616667,,0,P,0.05464,0.20062,0.02301,0.00401,frames/frame_007597.jpg
7598,126.633333,,0,P,0.05437,0.19789,0.02248,0.00303,frames/frame_007598.jpg
7599,126.650000,,0,P,0.05445,0.19468,0.02280,0.00275,frames/frame_007599.jpg
7600,126.666667,,0,B,0.05466,0.19278,0.02267,0.00274,frames/frame_007600.jpg
7601,126.683333,,0,P,0.05469,0.19237,0.02351,0.00275,frames/frame_007601.jpg
7602,126.700000,,0,B,0.05487,0.18996,0.02408,0.00303,frames/frame_007602.jpg
7603,126.716667,,0,B,0.05538,0.18778,0.02445,0.00295,frames/frame_007603.jpg
7604,126.733333,,0,P,0.05515,0.18594,0.02472,0.00323,frames/frame_007604.jpg
7605,126.750000,,0,B,0.05586,0.18629,0.02483,0.00319,frames/frame_007605.jpg
7606,126.766667,,0,P,0.05589,0.18318,0.02461,0.00323,frames/frame_007606.jpg
7607,126.783333,,0,B,0.05663,0.18633,0.02468,0.00345,frames/frame_007607.jpg
7608,126.800000,,0,P,0.05662,0.18771,0.02437,0.00346,frames/frame_007608.jpg
7609,126.816667,,0,B,0.05744,0.18683,0.02472,0.00352,frames/frame_007609.jpg
7610,126.833333,,0,P,0.05738,0.18316,0.02508,0.00365,frames/frame_007610.jpg
7611,126.850000,,0,P,0.05792,0.18275,0.02521,0.00377,frames/frame_007611.jpg
7612,126.866667,,0,P,0.05853,0.18312,0.02606,0.00383,frames/frame_007612.jpg
7613,126.883333,,0,B,0.05922,0.18373,0.02650,0.00357,frames/frame_007613.jpg
7614,126.900000,,0,P,0.05916,0.18375,0.02713,0.00365,frames/frame_007614.jpg
7615,126.916667,,0,B,0.05987,0.18418,0.02760,0.00382,frames/frame_007615.jpg
7616,126.933333,,0,P,0.05975,0.18641,0.02780,0.00377,frames/frame_007616.jpg
7617,126.950000,,0,B,0.06047,0.18437,0.02832,0.00397,frames/frame_007617.jpg
7618,126.966667,,0,P,0.06027,0.18562,0.02821,0.00381,frames/frame_007618.jpg
7619,126.983333,,0,P,0.06060,0.18570,0.02826,0.00401,frames/frame_007619.jpg
7620,127.000000,,0,P,0.06083,0.18405,0.02838,0.00422,frames/frame_007620.jpg
7621,127.016667,,0,P,0.06118,0.18151,0.02847,0.00438,frames/frame_007621.jpg
7622,127.033333,,0,P,0.06158,0.18221,0.02814,0.00431,frames/frame_007622.jpg
7623,127.050000,,0,B,0.06251,0.18426,0.02859,0.00482,frames/frame_007623.jpg
7624,127.066667,,0,P,0.06220,0.18378,0.02849,0.00411,frames/frame_007624.jpg
7625,127.083333,,0,P,0.06243,0.18584,0.02880,0.00446,frames/frame_007625.jpg
7626,127.100000,,0,P,0.06268,0.18507,0.02875,0.00473,frames/frame_007626.jpg
7627,127.116667,,0,P,0.06288,0.18533,0.02998,0.00535,frames/frame_007627.jpg
7628,127.133333,,0,B,0.06333,0.18258,0.03085,0.00589,frames/frame_007628.jpg
7629,127.150000,,0,P,0.06267,0.18334,0.03069,0.00634,frames/frame_007629.jpg
7630,127.166667,,0,B,0.06318,0.18371,0.03002,0.00686,frames/frame_007630.jpg
7631,127.183333,,0,P,0.06225,0.18113,0.02913,0.00772,frames/frame_007631.jpg
7632,127.200000,,0,B,0.06221,0.17811,0.03023,0.00773,frames/frame_007632.jpg
7633,127.216667,,0,B,0.06221,0.18120,0.02873,0.00816,frames/frame_007633.jpg
7634,127.233333,,0,P,0.06110,0.17566,0.03040,0.00858,frames/frame_007634.jpg
7635,127.250000,,0,B,0.06067,0.17301,0.02773,0.00845,frames/frame_007635.jpg
7636,127.266667,,0,B,0.06023,0.17142,0.02694,0.00716,frames/frame_007636.jpg
7637,127.283333,,0,P,0.05921,0.16958,0.02601,0.00619,frames/frame_007637.jpg
7638,127.300000,,0,P,0.05856,0.16578,0.02355,0.00466,frames/frame_007638.jpg
7639,127.316667,,0,P,0.05843,0.16545,0.02403,0.00360,frames/frame_007639.jpg
7640,127.333333,,0,B,0.05826,0.16457,0.02303,0.00297,frames/frame_007640.jpg
7641,127.350000,,0,B,0.05843,0.16539,0.02365,0.00250,frames/frame_007641.jpg
7642,127.366667,,0,P,0.05806,0.16364,0.02350,0.00205,frames/frame_007642.jpg
7643,127.383333,,0,B,0.05841,0.16610,0.02310,0.00173,frames/frame_007643.jpg
7644,127.400000,,0,B,0.05832,0.16393,0.02298,0.00127,frames/frame_007644.jpg
7645,127.416667,,0,B,0.05859,0.16392,0.02310,0.00115,frames/frame_007645.jpg
7646,127.433333,,0,P,0.05831,0.16203,0.02292,0.00127,frames/frame_007646.jpg
7647,127.450000,,0,P,0.05863,0.16267,0.02299,0.00121,frames/frame_007647.jpg
7648,127.466667,,0,P,0.05890,0.16328,0.02326,0.00112,frames/frame_007648.jpg
7649,127.483333,,0,P,0.05922,0.16201,0.02338,0.00141,frames/frame_007649.jpg
7650,127.500000,,0,P,0.06002,0.15735,0.02423,0.00298,frames/frame_007650.jpg
7651,127.516667,,0,P,0.13193,0.06072,0.02753,0.06942,frames/frame_007651.jpg
7652,127.533333,,0,P,0.12731,0.05810,0.02896,0.00582,frames/frame_007652.jpg
7653,127.550000,,0,P,0.12207,0.07017,0.03070,0.00866,frames/frame_007653.jpg
7654,127.566667,,0,B,0.11571,0.07594,0.03173,0.00782,frames/frame_007654.jpg
7655,127.583333,,0,B,0.11059,0.08252,0.03230,0.00665,frames/frame_007655.jpg
7656,127.600000,,0,B,0.10607,0.08524,0.03229,0.00563,frames/frame_007656.jpg
7657,127.616667,,0,P,0.09918,0.09016,0.03267,0.00805,frames/frame_007657.jpg
7658,127.633333,,0,B,0.09794,0.09252,0.03247,0.00260,frames/frame_007658.jpg
7659,127.650000,,0,B,0.09358,0.09755,0.03259,0.00531,frames/frame_007659.jpg
7660,127.666667,,0,B,0.08933,0.10297,0.03258,0.00512,frames/frame_007660.jpg
7661,127.683333,,0,P,0.08497,0.10806,0.03187,0.00499,frames/frame_007661.jpg
7662,127.700000,,0,B,0.08481,0.10682,0.03172,0.00129,frames/frame_007662.jpg
7663,127.716667,,0,B,0.08150,0.10994,0.03171,0.00387,frames/frame_007663.jpg
7664,127.733333,,0,B,0.08107,0.11083,0.03158,0.00122,frames/frame_007664.jpg
7665,127.750000,,0,P,0.07735,0.11619,0.03139,0.00416,frames/frame_007665.jpg
7666,127.766667,,0,B,0.07722,0.11502,0.03136,0.00100,frames/frame_007666.jpg
7667,127.783333,,0,B,0.07370,0.12032,0.03139,0.00398,frames/frame_007667.jpg
7668,127.800000,,0,B,0.07334,0.12145,0.03143,0.00110,frames/frame_007668.jpg
7669,127.816667,,0,P,0.06898,0.12957,0.03174,0.00472,frames/frame_007669.jpg
7670,127.833333,,0,B,0.06936,0.12410,0.03182,0.00119,frames/frame_007670.jpg
7671,127.850000,,0,B,0.06908,0.12512,0.03155,0.00087,frames/frame_007671.jpg
7672,127.866667,,0,B,0.06915,0.12518,0.03157,0.00082,frames/frame_007672.jpg
7673,127.883333,,0,P,0.06863,0.12622,0.03140,0.00127,frames/frame_007673.jpg
7674,127.900000,,0,B,0.06900,0.12587,0.03157,0.00113,frames/frame_007674.jpg
7675,127.916667,,0,B,0.06879,0.12476,0.03144,0.00081,frames/frame_007675.jpg
7676,127.933333,,0,B,0.06887,0.12355,0.03159,0.00081,frames/frame_007676.jpg
7677,127.950000,,0,P,0.06832,0.12724,0.03154,0.00114,frames/frame_007677.jpg
7678,127.966667,,0,P,0.21517,0.13295,0.11687,0.15535,frames/frame_007678.jpg
7679,127.983333,,0,B,0.22229,0.13501,0.12566,0.01322,frames/frame_007679.jpg
7680,128.000000,,0,B,0.22076,0.13564,0.12429,0.00560,frames/frame_007680.jpg
7681,128.016667,,0,B,0.22047,0.13551,0.12423,0.00520,frames/frame_007681.jpg
7682,128.033333,,0,P,0.21836,0.13800,0.12371,0.00490,frames/frame_007682.jpg
7683,128.050000,,0,B,0.21879,0.13772,0.12303,0.00482,frames/frame_007683.jpg
7684,128.066667,,0,B,0.21762,0.13956,0.12288,0.00416,frames/frame_007684.jpg
7685,128.083333,,0,B,0.21693,0.13999,0.12233,0.00366,frames/frame_007685.jpg
7686,128.100000,,0,P,0.21466,0.14371,0.12231,0.00420,frames/frame_007686.jpg
7687,128.116667,,0,B,0.21448,0.14346,0.12142,0.00392,frames/frame_007687.jpg
7688,128.133333,,0,B,0.21276,0.14728,0.12039,0.00356,frames/frame_007688.jpg
7689,128.150000,,0,B,0.21208,0.14935,0.12049,0.00308,frames/frame_007689.jpg
7690,128.166667,,0,P,0.20992,0.15328,0.12038,0.00360,frames/frame_007690.jpg
7691,128.183333,,0,B,0.20994,0.15377,0.11930,0.00348,frames/frame_007691.jpg
7692,128.200000,,0,P,0.21310,0.14047,0.12167,0.00829,frames/frame_007692.jpg
7693,128.216667,,0,B,0.21511,0.12990,0.12128,0.00599,frames/frame_007693.jpg
7694,128.233333,,0,B,0.21415,0.13161,0.12028,0.00264,frames/frame_007694.jpg
7695,128.250000,,0,B,0.21375,0.13308,0.12028,0.00268,frames/frame_007695.jpg
7696,128.266667,,0,P,0.21201,0.13449,0.12014,0.00307,frames/frame_007696.jpg
7697,128.283333,,0,B,0.21183,0.13470,0.11932,0.00237,frames/frame_007697.jpg
7698,128.300000,,0,B,0.21056,0.13613,0.11973,0.00227,frames/frame_007698.jpg
7699,128.316667,,0,B,0.20982,0.13813,0.11913,0.00206,frames/frame_007699.jpg
7700,128.333333,,0,P,0.20824,0.14086,0.11854,0.00239,frames/frame_007700.jpg
7701,128.350000,,0,P,0.20713,0.14362,0.11849,0.00285,frames/frame_007701.jpg
7702,128.366667,,0,B,0.20683,0.14523,0.11812,0.00239,frames/frame_007702.jpg
7703,128.383333,,0,B,0.20601,0.14652,0.11775,0.00191,frames/frame_007703.jpg
7704,128.400000,,0,B,0.20536,0.14869,0.11730,0.00174,frames/frame_007704.jpg
7705,128.416667,,0,P,0.20217,0.15192,0.11195,0.01909,frames/frame_007705.jpg
7706,128.433333,,0,B,0.20930,0.15452,0.11815,0.01475,frames/frame_007706.jpg
7707,128.450000,,0,B,0.20764,0.15553,0.11934,0.00572,frames/frame_007707.jpg
7708,128.466667,,0,B,0.20707,0.15600,0.11980,0.00517,frames/frame_007708.jpg
7709,128.483333,,0,P,0.20400,0.16057,0.11988,0.00578,frames/frame_007709.jpg
7710,128.500000,,0,B,0.20306,0.16218,0.11926,0.00484,frames/frame_007710.jpg
7711,128.516667,,0,B,0.20097,0.16494,0.11977,0.00479,frames/frame_007711.jpg
7712,128.533333,,0,B,0.19926,0.16763,0.11950,0.00441,frames/frame_007712.jpg
7713,128.550000,,0,P,0.19566,0.17315,0.11916,0.00526,frames/frame_007713.jpg
7714,128.566667,,0,B,0.19609,0.17628,0.11860,0.00434,frames/frame_007714.jpg
7715,128.583333,,0,B,0.19468,0.17779,0.11787,0.00387,frames/frame_007715.jpg
7716,128.600000,,0,B,0.20254,0.15409,0.12109,0.01268,frames/frame_007716.jpg
7717,128.616667,,0,P,0.20137,0.14913,0.12038,0.01197,frames/frame_007717.jpg
7718,128.633333,,0,B,0.19783,0.15522,0.11875,0.00675,frames/frame_007718.jpg
7719,128.650000,,0,B,0.19235,0.16291,0.11711,0.00683,frames/frame_007719.jpg
7720,128.666667,,0,B,0.18803,0.17229,0.11487,0.00651,frames/frame_007720.jpg
7721,128.683333,,0,P,0.18503,0.17650,0.11329,0.00423,frames/frame_007721.jpg
7722,128.700000,,0,B,0.18557,0.17601,0.11335,0.00249,frames/frame_007722.jpg
7723,128.716667,,0,B,0.18486,0.17712,0.11219,0.00190,frames/frame_007723.jpg
7724,128.733333,,0,B,0.18474,0.17803,0.11185,0.00187,frames/frame_007724.jpg
7725,128.750000,,0,P,0.18329,0.18051,0.11125,0.00229,frames/frame_007725.jpg
7726,128.766667,,0,B,0.18353,0.18082,0.11117,0.00209,frames/frame_007726.jpg
7727,128.783333,,0,B,0.18282,0.18221,0.11099,0.00176,frames/frame_007727.jpg
7728,128.800000,,0,B,0.18233,0.18306,0.11106,0.00177,frames/frame_007728.jpg
7729,128.816667,,0,P,0.18108,0.18484,0.11020,0.00218,frames/frame_007729.jpg
7730,128.833333,,0,P,0.18043,0.18604,0.10976,0.00266,frames/frame_007730.jpg
7731,128.850000,,0,B,0.18059,0.18570,0.10858,0.00299,frames/frame_007731.jpg
7732,128.866667,,0,B,0.18217,0.18281,0.10996,0.01048,frames/frame_007732.jpg
7733,128.883333,,0,B,0.18747,0.19100,0.12150,0.02074,frames/frame_007733.jpg
7734,128.900000,,0,P,0.18584,0.19259,0.12188,0.00570,frames/frame_007734.jpg
7735,128.916667,,0,B,0.18640,0.18975,0.12173,0.00546,frames/frame_007735.jpg
7736,128.933333,,0,B,0.18492,0.19156,0.12100,0.00496,frames/frame_007736.jpg
7737,128.950000,,0,B,0.18398,0.19151,0.11916,0.00472,frames/frame_007737.jpg
7738,128.966667,,0,P,0.18185,0.19596,0.11890,0.00486,frames/frame_007738.jpg
7739,128.983333,,0,P,0.18115,0.19407,0.11932,0.00420,frames/frame_007739.jpg
7740,129.000000,,1,I,0.17623,0.23972,0.11659,0.00851,frames/frame_007740.jpg
7741,129.016667,,0,B,0.17698,0.23375,0.11601,0.00355,frames/frame_007741.jpg
7742,129.033333,,0,B,0.17623,0.23533,0.11625,0.00285,frames/frame_007742.jpg
7743,129.050000,,0,B,0.17598,0.23260,0.11720,0.00285,frames/frame_007743.jpg
7744,129.066667,,0,P,0.17472,0.23488,0.11681,0.00284,frames/frame_007744.jpg
7745,129.083333,,0,B,0.17513,0.23343,0.11628,0.00272,frames/frame_007745.jpg
7746,129.100000,,0,B,0.17425,0.23456,0.11565,0.00232,frames/frame_007746.jpg
7747,129.116667,,0,B,0.17391,0.23461,0.11546,0.00235,frames/frame_007747.jpg
7748,129.133333,,0,P,0.17252,0.23752,0.11519,0.00263,frames/frame_007748.jpg
7749,129.150000,,0,B,0.17289,0.23636,0.11479,0.00226,frames/frame_007749.jpg
7750,129.166667,,0,B,0.17206,0.23773,0.11454,0.00194,frames/frame_007750.jpg
7751,129.183333,,0,B,0.17179,0.23829,0.11474,0.00187,frames/frame_007751.jpg
7752,129.200000,,0,P,0.17039,0.24149,0.11381,0.00225,frames/frame_007752.jpg
7753,129.216667,,0,B,0.17046,0.24037,0.11381,0.00189,frames/frame_007753.jpg
7754,129.233333,,0,B,0.16984,0.24161,0.11364,0.00163,frames/frame_007754.jpg
7755,129.250000,,0,B,0.16936,0.24187,0.11306,0.00155,frames/frame_007755.jpg
7756,129.266667,,0,P,0.16837,0.24400,0.11283,0.00187,frames/frame_007756.jpg
7757,129.283333,,0,B,0.16802,0.24478,0.11211,0.00109,frames/frame_007757.jpg
7758,129.300000,,0,P,0.18375,0.19974,0.11682,0.06290,frames/frame_007758.jpg
7759,129.316667,,0,P,0.19252,0.17103,0.12009,0.08002,frames/frame_007759.jpg
7760,129.333333,,0,P,0.20053,0.17814,0.12833,0.06890,frames/frame_007760.jpg
7761,129.350000,,0,B,0.20171,0.17618,0.12855,0.04544,frames/frame_007761.jpg
7762,129.366667,,0,P,0.20041,0.18016,0.12419,0.03013,frames/frame_007762.jpg
7763,129.383333,,0,B,0.20110,0.17619,0.12504,0.02004,frames/frame_007763.jpg
7764,129.400000,,0,B,0.19949,0.17637,0.12498,0.01378,frames/frame_007764.jpg
7765,129.416667,,0,B,0.19892,0.17773,0.12400,0.00907,frames/frame_007765.jpg
7766,129.433333,,0,P,0.19687,0.17761,0.12493,0.00744,frames/frame_007766.jpg
7767,129.450000,,0,B,0.19662,0.17913,0.12365,0.00558,frames/frame_007767.jpg
7768,129.466667,,0,B,0.19496,0.18288,0.12267,0.00497,frames/frame_007768.jpg
7769,129.483333,,0,B,0.19414,0.18274,0.12081,0.00392,frames/frame_007769.jpg
7770,129.500000,,0,P,0.19162,0.18659,0.11994,0.00472,frames/frame_007770.jpg
7771,129.516667,,0,B,0.19226,0.18425,0.11885,0.00355,frames/frame_007771.jpg
7772,129.533333,,0,B,0.19136,0.18594,0.11798,0.00292,frames/frame_007772.jpg
7773,129.550000,,0,B,0.19125,0.18571,0.11772,0.00259,frames/frame_007773.jpg
7774,129.566667,,0,P,0.18969,0.18786,0.11784,0.00309,frames/frame_007774.jpg
7775,129.583333,,0,B,0.19010,0.18568,0.11769,0.00290,frames/frame_007775.jpg
7776,129.600000,,0,B,0.18915,0.18663,0.11693,0.00232,frames/frame_007776.jpg
7777,129.616667,,0,B,0.18898,0.18660,0.11676,0.00229,frames/frame_007777.jpg
7778,129.633333,,0,P,0.18758,0.18850,0.11656,0.00270,frames/frame_007778.jpg
7779,129.650000,,0,B,0.18789,0.18853,0.11631,0.00234,frames/frame_007779.jpg
7780,129.666667,,0,B,0.18696,0.19151,0.11588,0.00213,frames/frame_007780.jpg
7781,129.683333,,0,B,0.18653,0.19116,0.11608,0.00198,frames/frame_007781.jpg
7782,129.700000,,0,P,0.18496,0.19441,0.11558,0.00252,frames/frame_007782.jpg
7783,129.716667,,0,B,0.18459,0.19546,0.11500,0.00210,frames/frame_007783.jpg
7784,129.733333,,0,P,0.18346,0.19681,0.11457,0.00218,frames/frame_007784.jpg
7785,129.750000,,0,P,0.18248,0.19776,0.11441,0.00284,frames/frame_007785.jpg
7786,129.766667,,0,B,0.18200,0.19900,0.11396,0.00062,frames/frame_007786.jpg
7787,129.783333,,0,P,0.16968,0.14707,0.11677,0.18852,frames/frame_007787.jpg
7788,129.800000,,0,B,0.17592,0.13976,0.10576,0.01814,frames/frame_007788.jpg
7789,129.816667,,0,B,0.17541,0.14070,0.10614,0.00581,frames/frame_007789.jpg
7790,129.833333,,0,B,0.17624,0.14110,0.10456,0.00627,frames/frame_007790.jpg
7791,129.850000,,0,P,0.17494,0.14726,0.10593,0.00631,frames/frame_007791.jpg
7792,129.866667,,0,B,0.17637,0.14449,0.10396,0.00753,frames/frame_007792.jpg
7793,129.883333,,0,B,0.17648,0.14784,0.10617,0.00722,frames/frame_007793.jpg
7794,129.900000,,0,B,0.17720,0.14719,0.10748,0.00797,frames/frame_007794.jpg
7795,129.916667,,0,P,0.17634,0.15119,0.10940,0.00826,frames/frame_007795.jpg
7796,129.933333,,0,B,0.17752,0.15178,0.11350,0.00873,frames/frame_007796.jpg
7797,129.950000,,0,B,0.17682,0.15364,0.10905,0.00822,frames/frame_007797.jpg
7798,129.966667,,0,B,0.17700,0.15523,0.11525,0.00763,frames/frame_007798.jpg
7799,129.983333,,0,P,0.17522,0.16056,0.11641,0.00731,frames/frame_007799.jpg
7800,130.000000,,0,B,0.17565,0.16087,0.11369,0.00695,frames/frame_007800.jpg
7801,130.016667,,0,B,0.17454,0.16416,0.11306,0.00597,frames/frame_007801.jpg
7802,130.033333,,0,B,0.17784,0.15531,0.11387,0.00866,frames/frame_007802.jpg
7803,130.050000,,0,P,0.17640,0.16105,0.11572,0.00580,frames/frame_007803.jpg
7804,130.066667,,0,B,0.17732,0.15912,0.11784,0.00402,frames/frame_007804.jpg
7805,130.083333,,0,B,0.17666,0.16034,0.11849,0.00311,frames/frame_007805.jpg
7806,130.100000,,0,B,0.17645,0.15979,0.11836,0.00298,frames/frame_007806.jpg
7807,130.116667,,0,P,0.17498,0.16301,0.11766,0.00330,frames/frame_007807.jpg
7808,130.133333,,0,B,0.17504,0.16379,0.11733,0.00257,frames/frame_007808.jpg
7809,130.150000,,0,B,0.17422,0.16397,0.11702,0.00234,frames/frame_007809.jpg
7810,130.166667,,0,B,0.17376,0.16520,0.11698,0.00241,frames/frame_007810.jpg
7811,130.183333,,0,P,0.17252,0.16877,0.11660,0.00294,frames/frame_007811.jpg
7812,130.200000,,0,B,0.17194,0.16781,0.11680,0.00245,frames/frame_007812.jpg
7813,130.216667,,0,P,0.17072,0.16948,0.11667,0.00260,frames/frame_007813.jpg
7814,130.233333,,0,B,0.17472,0.16526,0.11037,0.03052,frames/frame_007814.jpg
7815,130.250000,,0,B,0.17318,0.16676,0.10961,0.00541,frames/frame_007815.jpg
7816,130.266667,,0,B,0.17288,0.17069,0.10892,0.00489,frames/frame_007816.jpg
7817,130.283333,,0,P,0.17083,0.17499,0.10788,0.00502,frames/frame_007817.jpg
7818,130.300000,,0,B,0.17187,0.17464,0.10648,0.00631,frames/frame_007818.jpg
7819,130.316667,,0,B,0.17053,0.17862,0.10666,0.00724,frames/frame_007819.jpg
7820,130.333333,,0,B,0.16803,0.18536,0.10779,0.01166,frames/frame_007820.jpg
7821,130.350000,,0,P,0.16288,0.18612,0.10649,0.01441,frames/frame_007821.jpg
7822,130.366667,,0,P,0.16126,0.18763,0.10324,0.01803,frames/frame_007822.jpg
7823,130.383333,,0,P,0.16176,0.18655,0.09957,0.02116,frames/frame_007823.jpg
7824,130.400000,,0,P,0.16430,0.18858,0.10612,0.02751,frames/frame_007824.jpg
7825,130.416667,,0,P,0.16859,0.18536,0.11844,0.03442,frames/frame_007825.jpg
7826,130.433333,,0,P,0.17373,0.18277,0.12221,0.04091,frames/frame_007826.jpg
7827,130.450000,,0,P,0.17158,0.18025,0.12032,0.04213,frames/frame_007827.jpg
7828,130.466667,,0,P,0.16335,0.17659,0.11255,0.05132,frames/frame_007828.jpg
7829,130.483333,,0,P,0.16489,0.18041,0.11292,0.04274,frames/frame_007829.jpg
7830,130.500000,,0,P,0.16887,0.16776,0.10721,0.03886,frames/frame_007830.jpg
7831,130.516667,,0,P,0.17134,0.16252,0.11787,0.03605,frames/frame_007831.jpg
7832,130.533333,,0,P,0.17732,0.15912,0.11886,0.03437,frames/frame_007832.jpg
7833,130.550000,,0,P,0.18430,0.15212,0.11054,0.02994,frames/frame_007833.jpg
7834,130.566667,,0,P,0.19353,0.14864,0.10562,0.02338,frames/frame_007834.jpg
7835,130.583333,,0,B,0.22204,0.09388,0.11078,0.03734,frames/frame_007835.jpg
7836,130.600000,,0,P,0.23924,0.08665,0.11322,0.02073,frames/frame_007836.jpg
7837,130.616667,,0,P,0.25656,0.08883,0.10458,0.01959,frames/frame_007837.jpg
7838,130.633333,,0,B,0.28656,0.07846,0.09799,0.03102,frames/frame_007838.jpg
7839,130.650000,,0,P,0.31421,0.07299,0.09480,0.02832,frames/frame_007839.jpg
7840,130.666667,,0,P,0.35320,0.07431,0.09036,0.03861,frames/frame_007840.jpg
7841,130.683333,,0,P,0.39776,0.06580,0.08584,0.04677,frames/frame_007841.jpg
7842,130.700000,,0,P,0.36833,0.07747,0.08951,0.03803,frames/frame_007842.jpg
7843,130.716667,,0,B,0.33362,0.07700,0.09390,0.03433,frames/frame_007843.jpg
7844,130.733333,,0,B,0.30011,0.08964,0.09913,0.03394,frames/frame_007844.jpg
7845,130.750000,,0,B,0.27596,0.09895,0.10235,0.02416,frames/frame_007845.jpg
7846,130.766667,,0,P,0.24989,0.11125,0.10544,0.02672,frames/frame_007846.jpg
7847,130.783333,,0,B,0.23389,0.12041,0.10645,0.01789,frames/frame_007847.jpg
7848,130.800000,,0,B,0.21666,0.13264,0.10799,0.02187,frames/frame_007848.jpg
7849,130.816667,,0,B,0.20468,0.14491,0.10754,0.02198,frames/frame_007849.jpg
7850,130.833333,,0,P,0.19132,0.15647,0.10901,0.02734,frames/frame_007850.jpg
7851,130.850000,,0,P,0.18282,0.16756,0.10824,0.02945,frames/frame_007851.jpg
7852,130.866667,,0,P,0.17781,0.17474,0.10940,0.03289,frames/frame_007852.jpg
7853,130.883333,,0,P,0.16981,0.18365,0.10873,0.03898,frames/frame_007853.jpg
7854,130.900000,,0,P,0.16443,0.19132,0.10658,0.04001,frames/frame_007854.jpg
7855,130.916667,,0,P,0.15791,0.20197,0.10295,0.04101,frames/frame_007855.jpg
7856,130.933333,,0,P,0.15399,0.21239,0.10382,0.03741,frames/frame_007856.jpg
7857,130.950000,,0,P,0.15414,0.21725,0.10669,0.03577,frames/frame_007857.jpg
7858,130.966667,,0,P,0.15306,0.22342,0.10456,0.03430,frames/frame_007858.jpg
7859,130.983333,,0,P,0.15292,0.22372,0.10863,0.03050,frames/frame_007859.jpg
7860,131.000000,,0,P,0.14882,0.19208,0.11288,0.02866,frames/frame_007860.jpg
7861,131.016667,,0,B,0.15037,0.19314,0.10840,0.02113,frames/frame_007861.jpg
7862,131.033333,,0,B,0.14987,0.19433,0.10887,0.01508,frames/frame_007862.jpg
7863,131.050000,,0,B,0.15041,0.19727,0.10740,0.00990,frames/frame_007863.jpg
7864,131.066667,,0,P,0.14851,0.19652,0.10854,0.00732,frames/frame_007864.jpg
7865,131.083333,,0,B,0.14857,0.19671,0.10847,0.00399,frames/frame_007865.jpg
7866,131.100000,,0,B,0.14908,0.19732,0.10859,0.00280,frames/frame_007866.jpg
7867,131.116667,,0,P,0.14789,0.19804,0.10846,0.00290,frames/frame_007867.jpg
7868,131.133333,,0,P,0.14811,0.19805,0.10873,0.00294,frames/frame_007868.jpg
7869,131.150000,,0,B,0.15904,0.19427,0.12162,0.02888,frames/frame_007869.jpg
7870,131.166667,,0,B,0.16013,0.19332,0.12310,0.00964,frames/frame_007870.jpg
7871,131.183333,,0,B,0.16041,0.20125,0.11938,0.01485,frames/frame_007871.jpg
7872,131.200000,,0,P,0.15474,0.19760,0.11492,0.01993,frames/frame_007872.jpg
7873,131.216667,,0,P,0.14786,0.20251,0.10604,0.02389,frames/frame_007873.jpg
7874,131.233333,,0,P,0.14509,0.21101,0.09798,0.02668,frames/frame_007874.jpg
7875,131.250000,,0,P,0.14746,0.21786,0.10787,0.03218,frames/frame_007875.jpg
7876,131.266667,,0,P,0.15603,0.22371,0.12386,0.04354,frames/frame_007876.jpg
7877,131.283333,,0,P,0.15942,0.23007,0.13224,0.05041,frames/frame_007877.jpg
7878,131.300000,,0,P,0.14359,0.23287,0.12038,0.05797,frames/frame_007878.jpg
7879,131.316667,,0,P,0.14478,0.23651,0.12271,0.05366,frames/frame_007879.jpg
7880,131.333333,,0,P,0.15223,0.23415,0.12436,0.06110,frames/frame_007880.jpg
7881,131.350000,,0,P,0.14880,0.25527,0.10933,0.06100,frames/frame_007881.jpg
7882,131.366667,,0,P,0.14555,0.26999,0.11074,0.06663,frames/frame_007882.jpg
7883,131.383333,,0,P,0.13257,0.27448,0.09911,0.06285,frames/frame_007883.jpg
7884,131.400000,,0,P,0.11541,0.29630,0.08092,0.05462,frames/frame_007884.jpg
7885,131.416667,,0,P,0.12428,0.32247,0.10616,0.06635,frames/frame_007885.jpg
7886,131.433333,,0,P,0.10265,0.34650,0.09246,0.06000,frames/frame_007886.jpg
7887,131.450000,,0,B,0.08136,0.31681,0.07300,0.04706,frames/frame_007887.jpg
7888,131.466667,,0,B,0.07492,0.31168,0.06413,0.02740,frames/frame_007888.jpg
7889,131.483333,,0,P,0.06937,0.33242,0.05738,0.02407,frames/frame_007889.jpg
7890,131.500000,,0,B,0.06326,0.25513,0.05177,0.02229,frames/frame_007890.jpg
7891,131.516667,,0,B,0.05834,0.26493,0.03839,0.01618,frames/frame_007891.jpg
7892,131.533333,,0,B,0.05010,0.23762,0.02171,0.01429,frames/frame_007892.jpg
7893,131.550000,,0,P,0.04562,0.18764,0.01853,0.00763,frames/frame_007893.jpg
7894,131.566667,,0,B,0.04484,0.18826,0.01775,0.00206,frames/frame_007894.jpg
7895,131.583333,,0,B,0.04470,0.18561,0.01743,0.00096,frames/frame_007895.jpg
7896,131.600000,,0,P,0.04310,0.18527,0.01677,0.00190,frames/frame_007896.jpg
7897,131.616667,,0,P,0.04280,0.18723,0.01656,0.00061,frames/frame_007897.jpg
7898,131.633333,,0,B,0.04309,0.19642,0.01634,0.00090,frames/frame_007898.jpg
7899,131.650000,,0,B,0.04291,0.19707,0.01623,0.00050,frames/frame_007899.jpg
7900,131.666667,,0,B,0.04294,0.19718,0.01622,0.00046,frames/frame_007900.jpg
7901,131.683333,,0,P,0.04268,0.19058,0.01607,0.00119,frames/frame_007901.jpg
7902,131.700000,,0,B,0.04292,0.19531,0.01609,0.00077,frames/frame_007902.jpg
7903,131.716667,,0,B,0.04287,0.16503,0.01598,0.00072,frames/frame_007903.jpg
7904,131.733333,,0,B,0.04297,0.16297,0.01589,0.00046,frames/frame_007904.jpg
7905,131.750000,,0,P,0.04276,0.14910,0.01586,0.00078,frames/frame_007905.jpg
7906,131.766667,,0,B,0.04294,0.14730,0.01594,0.00069,frames/frame_007906.jpg
7907,131.783333,,0,B,0.04269,0.14741,0.01573,0.00057,frames/frame_007907.jpg
7908,131.800000,,0,B,0.04270,0.14864,0.01565,0.00041,frames/frame_007908.jpg
7909,131.816667,,0,P,0.04217,0.14673,0.01568,0.00087,frames/frame_007909.jpg
7910,131.833333,,0,B,0.04239,0.14340,0.01575,0.00058,frames/frame_007910.jpg
7911,131.850000,,0,B,0.04234,0.14456,0.01577,0.00027,frames/frame_007911.jpg
7912,131.866667,,0,B,0.04245,0.14507,0.01581,0.00034,frames/frame_007912.jpg
7913,131.883333,,0,P,0.04227,0.14816,0.01578,0.00048,frames/frame_007913.jpg
7914,131.900000,,0,B,0.04255,0.14884,0.01591,0.00062,frames/frame_007914.jpg
7915,131.916667,,0,B,0.04253,0.14776,0.01583,0.00024,frames/frame_007915.jpg
7916,131.933333,,0,B,0.04262,0.14879,0.01583,0.00034,frames/frame_007916.jpg
7917,131.950000,,0,P,0.04252,0.14659,0.01578,0.00039,frames/frame_007917.jpg
7918,131.966667,,0,B,0.04279,0.14604,0.01587,0.00063,frames/frame_007918.jpg
7919,131.983333,,0,P,0.04295,0.14523,0.01590,0.00071,frames/frame_007919.jpg
7920,132.000000,,1,I,0.04503,0.12363,0.01571,0.00338,frames/frame_007920.jpg
7921,132.016667,,0,B,0.04532,0.12171,0.01611,0.00048,frames/frame_007921.jpg
7922,132.033333,,0,B,0.04515,0.12994,0.01590,0.00044,frames/frame_007922.jpg
7923,132.050000,,0,B,0.04512,0.12979,0.01591,0.00030,frames/frame_007923.jpg
7924,132.066667,,0,P,0.04485,0.12892,0.01598,0.00054,frames/frame_007924.jpg
7925,132.083333,,0,B,0.04525,0.12776,0.01608,0.00096,frames/frame_007925.jpg
7926,132.100000,,0,B,0.04524,0.12913,0.01614,0.00069,frames/frame_007926.jpg
7927,132.116667,,0,B,0.04571,0.12836,0.01637,0.00091,frames/frame_007927.jpg
7928,132.133333,,0,P,0.04564,0.13221,0.01635,0.00083,frames/frame_007928.jpg
7929,132.150000,,0,B,0.04594,0.13337,0.01641,0.00110,frames/frame_007929.jpg
7930,132.166667,,0,B,0.04606,0.13358,0.01648,0.00106,frames/frame_007930.jpg
7931,132.183333,,0,B,0.04641,0.13049,0.01650,0.00135,frames/frame_007931.jpg
7932,132.200000,,0,P,0.04640,0.13236,0.01668,0.00160,frames/frame_007932.jpg
7933,132.216667,,0,B,0.04739,0.13122,0.01700,0.00243,frames/frame_007933.jpg
7934,132.233333,,0,B,0.04751,0.13047,0.01703,0.00213,frames/frame_007934.jpg
7935,132.250000,,0,B,0.04817,0.13018,0.01704,0.00258,frames/frame_007935.jpg
7936,132.266667,,0,P,0.04825,0.13351,0.01791,0.00307,frames/frame_007936.jpg
7937,132.283333,,0,B,0.04955,0.13030,0.01882,0.00390,frames/frame_007937.jpg
7938,132.300000,,0,B,0.05027,0.13711,0.01915,0.00430,frames/frame_007938.jpg
7939,132.316667,,0,B,0.05181,0.13900,0.01961,0.00482,frames/frame_007939.jpg
7940,132.333333,,0,P,0.05267,0.14524,0.02054,0.00539,frames/frame_007940.jpg
7941,132.350000,,0,B,0.05487,0.14614,0.02121,0.00642,frames/frame_007941.jpg
7942,132.366667,,0,B,0.05701,0.14880,0.02181,0.00713,frames/frame_007942.jpg
7943,132.383333,,0,B,0.06003,0.14710,0.02258,0.00834,frames/frame_007943.jpg
7944,132.400000,,0,P,0.06341,0.15225,0.02352,0.00952,frames/frame_007944.jpg
7945,132.416667,,0,B,0.06878,0.14149,0.02465,0.01184,frames/frame_007945.jpg
7946,132.433333,,0,B,0.07620,0.14287,0.02618,0.01417,frames/frame_007946.jpg
7947,132.450000,,0,B,0.08629,0.14677,0.02730,0.01711,frames/frame_007947.jpg
7948,132.466667,,0,P,0.09776,0.14599,0.02895,0.01954,frames/frame_007948.jpg
7949,132.483333,,0,B,0.11097,0.15113,0.03162,0.02255,frames/frame_007949.jpg
7950,132.500000,,0,B,0.12822,0.17030,0.03721,0.02869,frames/frame_007950.jpg
7951,132.516667,,0,B,0.16679,0.21219,0.04291,0.05122,frames/frame_007951.jpg
7952,132.533333,,0,P,0.19070,0.21817,0.04445,0.03924,frames/frame_007952.jpg
7953,132.550000,,0,B,0.21030,0.22772,0.04660,0.03703,frames/frame_007953.jpg
7954,132.566667,,0,B,0.22601,0.21950,0.04723,0.03438,frames/frame_007954.jpg
7955,132.583333,,0,P,0.23907,0.22470,0.04594,0.03028,frames/frame_007955.jpg
7956,132.600000,,0,B,0.25355,0.22281,0.04573,0.02786,frames/frame_007956.jpg
7957,132.616667,,0,B,0.26531,0.22158,0.04631,0.02347,frames/frame_007957.jpg
7958,132.633333,,0,B,0.27678,0.21541,0.04629,0.02172,frames/frame_007958.jpg
7959,132.650000,,0,P,0.28606,0.21990,0.04736,0.01830,frames/frame_007959.jpg
7960,132.666667,,0,B,0.29490,0.21750,0.04776,0.01742,frames/frame_007960.jpg
7961,132.683333,,0,B,0.30156,0.21561,0.04838,0.01479,frames/frame_007961.jpg
7962,132.700000,,0,B,0.30819,0.21392,0.04891,0.01351,frames/frame_007962.jpg
7963,132.716667,,0,P,0.31262,0.21955,0.04977,0.01138,frames/frame_007963.jpg
7964,132.733333,,0,B,0.31709,0.21416,0.04935,0.01031,frames/frame_007964.jpg
7965,132.750000,,0,B,0.31996,0.21600,0.04961,0.00835,frames/frame_007965.jpg
7966,132.766667,,0,B,0.32304,0.21493,0.04958,0.00730,frames/frame_007966.jpg
7967,132.783333,,0,P,0.32440,0.22054,0.05069,0.00633,frames/frame_007967.jpg
7968,132.800000,,0,B,0.32650,0.21738,0.04997,0.00544,frames/frame_007968.jpg
7969,132.816667,,0,B,0.32751,0.21910,0.04998,0.00420,frames/frame_007969.jpg
7970,132.833333,,0,B,0.32886,0.21874,0.05011,0.00355,frames/frame_007970.jpg
7971,132.850000,,0,P,0.32901,0.22063,0.05066,0.00301,frames/frame_007971.jpg
7972,132.866667,,0,B,0.32982,0.22143,0.05055,0.00397,frames/frame_007972.jpg
7973,132.883333,,0,B,0.33028,0.21874,0.05069,0.00250,frames/frame_007973.jpg
7974,132.900000,,0,P,0.25719,0.23899,0.06052,0.07405,frames/frame_007974.jpg
7975,132.916667,,0,B,0.23275,0.25568,0.06316,0.03164,frames/frame_007975.jpg
7976,132.933333,,0,P,0.24303,0.25911,0.06302,0.01216,frames/frame_007976.jpg
7977,132.950000,,0,B,0.26544,0.24797,0.06684,0.02409,frames/frame_007977.jpg
7978,132.966667,,0,B,0.28524,0.24180,0.06630,0.02589,frames/frame_007978.jpg
7979,132.983333,,0,B,0.28761,0.23816,0.06670,0.01297,frames/frame_007979.jpg
7980,133.000000,,0,P,0.28757,0.24796,0.06669,0.01184,frames/frame_007980.jpg
7981,133.016667,,0,B,0.28963,0.24774,0.06731,0.01089,frames/frame_007981.jpg
7982,133.033333,,0,B,0.29003,0.24833,0.06753,0.00497,frames/frame_007982.jpg
7983,133.050000,,0,B,0.29116,0.24590,0.06736,0.00673,frames/frame_007983.jpg
7984,133.066667,,0,P,0.29106,0.24740,0.06779,0.00326,frames/frame_007984.jpg
7985,133.083333,,0,B,0.29217,0.24873,0.06784,0.00399,frames/frame_007985.jpg
7986,133.100000,,0,B,0.29246,0.24936,0.06801,0.00218,frames/frame_007986.jpg
7987,133.116667,,0,B,0.29282,0.24820,0.06802,0.00227,frames/frame_007987.jpg
7988,133.133333,,0,P,0.29253,0.25274,0.06806,0.00241,frames/frame_007988.jpg
7989,133.150000,,0,B,0.29353,0.25324,0.06820,0.00256,frames/frame_007989.jpg
7990,133.166667,,0,B,0.29344,0.25367,0.06822,0.00216,frames/frame_007990.jpg
7991,133.183333,,0,B,0.29399,0.25296,0.06845,0.00187,frames/frame_007991.jpg
7992,133.200000,,0,P,0.29376,0.25549,0.06861,0.00198,frames/frame_007992.jpg
7993,133.216667,,0,B,0.29432,0.25593,0.06858,0.00266,frames/frame_007993.jpg
7994,133.233333,,0,B,0.29436,0.25359,0.06869,0.00180,frames/frame_007994.jpg
7995,133.250000,,0,B,0.29458,0.25424,0.06867,0.00181,frames/frame_007995.jpg
7996,133.266667,,0,P,0.29402,0.25425,0.06876,0.00195,frames/frame_007996.jpg
7997,133.283333,,0,B,0.29538,0.25898,0.06852,0.00272,frames/frame_007997.jpg
7998,133.300000,,0,B,0.29561,0.25921,0.06860,0.00162,frames/frame_007998.jpg
7999,133.316667,,0,B,0.29621,0.25896,0.06868,0.00183,frames/frame_007999.jpg
8000,133.333333,,0,P,0.29578,0.27304,0.06870,0.00215,frames/frame_008000.jpg
8001,133.350000,,0,B,0.29726,0.27298,0.06875,0.00272,frames/frame_008001.jpg
8002,133.366667,,0,B,0.30017,0.27335,0.06934,0.00532,frames/frame_008002.jpg
8003,133.383333,,0,P,0.30240,0.27558,0.07021,0.00699,frames/frame_008003.jpg
8004,133.400000,,0,B,0.30594,0.27426,0.07064,0.00766,frames/frame_008004.jpg
8005,133.416667,,0,P,0.30836,0.27377,0.07151,0.00627,frames/frame_008005.jpg
8006,133.433333,,0,P,0.31205,0.27283,0.07251,0.00726,frames/frame_008006.jpg
8007,133.450000,,0,B,0.31656,0.26258,0.07349,0.00760,frames/frame_008007.jpg
8008,133.466667,,0,B,0.31833,0.26569,0.07389,0.00545,frames/frame_008008.jpg
8009,133.483333,,0,B,0.32112,0.26461,0.07446,0.00567,frames/frame_008009.jpg
8010,133.500000,,0,P,0.32191,0.26866,0.07584,0.00505,frames/frame_008010.jpg
8011,133.516667,,0,B,0.32392,0.26602,0.07555,0.00422,frames/frame_008011.jpg
8012,133.533333,,0,B,0.32482,0.26553,0.07538,0.00335,frames/frame_008012.jpg
8013,133.550000,,0,B,0.32610,0.26614,0.07537,0.00342,frames/frame_008013.jpg
8014,133.566667,,0,P,0.32647,0.26720,0.07594,0.00338,frames/frame_008014.jpg
8015,133.583333,,0,B,0.32836,0.26549,0.07657,0.00396,frames/frame_008015.jpg
8016,133.600000,,0,B,0.32900,0.26426,0.07736,0.00300,frames/frame_008016.jpg
8017,133.616667,,0,B,0.33007,0.26306,0.07773,0.00344,frames/frame_008017.jpg
8018,133.633333,,0,P,0.33018,0.26542,0.07817,0.00362,frames/frame_008018.jpg
8019,133.650000,,0,B,0.33241,0.26516,0.07843,0.00533,frames/frame_008019.jpg
8020,133.666667,,0,B,0.33298,0.26507,0.07926,0.00453,frames/frame_008020.jpg
8021,133.683333,,0,B,0.33417,0.26385,0.07981,0.00554,frames/frame_008021.jpg
8022,133.700000,,0,P,0.33421,0.26653,0.08068,0.00577,frames/frame_008022.jpg
8023,133.716667,,0,B,0.33700,0.26528,0.08093,0.00844,frames/frame_008023.jpg
8024,133.733333,,0,B,0.33815,0.26576,0.08178,0.00805,frames/frame_008024.jpg
8025,133.750000,,0,B,0.33979,0.26319,0.08209,0.00912,frames/frame_008025.jpg
8026,133.766667,,0,P,0.33992,0.26588,0.08304,0.00953,frames/frame_008026.jpg
8027,133.783333,,0,B,0.34293,0.26147,0.08274,0.01213,frames/frame_008027.jpg
8028,133.800000,,0,B,0.34398,0.26319,0.08424,0.01199,frames/frame_008028.jpg
8029,133.816667,,0,B,0.34551,0.26082,0.08572,0.01324,frames/frame_008029.jpg
8030,133.833333,,0,P,0.34519,0.26591,0.08772,0.01381,frames/frame_008030.jpg
8031,133.850000,,0,B,0.34720,0.26271,0.08788,0.01585,frames/frame_008031.jpg
8032,133.866667,,0,B,0.34763,0.26245,0.08866,0.01589,frames/frame_008032.jpg
8033,133.883333,,0,B,0.35009,0.26248,0.09026,0.01679,frames/frame_008033.jpg
8034,133.900000,,0,P,0.35047,0.26597,0.09352,0.01464,frames/frame_008034.jpg
8035,133.916667,,0,P,0.35229,0.26650,0.09605,0.01529,frames/frame_008035.jpg
8036,133.933333,,0,B,0.35582,0.26405,0.09693,0.01795,frames/frame_008036.jpg
8037,133.950000,,0,B,0.35782,0.26324,0.09845,0.01866,frames/frame_008037.jpg
8038,133.966667,,0,B,0.36169,0.26140,0.10060,0.02023,frames/frame_008038.jpg
8039,133.983333,,0,P,0.36443,0.26143,0.10282,0.02019,frames/frame_008039.jpg
8040,134.000000,,0,B,0.36892,0.25814,0.10289,0.02029,frames/frame_008040.jpg
8041,134.016667,,0,B,0.37338,0.25695,0.10272,0.02023,frames/frame_008041.jpg
8042,134.033333,,0,B,0.37841,0.25431,0.10306,0.02040,frames/frame_008042.jpg
8043,134.050000,,0,P,0.38122,0.25658,0.10220,0.02111,frames/frame_008043.jpg
8044,134.066667,,0,B,0.38411,0.24962,0.10060,0.02200,frames/frame_008044.jpg
8045,134.083333,,0,B,0.38474,0.24922,0.09954,0.02188,frames/frame_008045.jpg
8046,134.100000,,0,B,0.38529,0.24783,0.09892,0.02164,frames/frame_008046.jpg
8047,134.116667,,0,P,0.38410,0.24826,0.10014,0.02155,frames/frame_008047.jpg
8048,134.133333,,0,B,0.38421,0.24405,0.10074,0.02026,frames/frame_008048.jpg
8049,134.150000,,0,B,0.38305,0.24505,0.10078,0.02032,frames/frame_008049.jpg
8050,134.166667,,0,B,0.38056,0.24406,0.10209,0.02055,frames/frame_008050.jpg
8051,134.183333,,0,P,0.37381,0.24635,0.10300,0.02355,frames/frame_008051.jpg
8052,134.200000,,0,B,0.36491,0.24307,0.10520,0.02568,frames/frame_008052.jpg
8053,134.216667,,0,B,0.35358,0.24755,0.10757,0.02662,frames/frame_008053.jpg
8054,134.233333,,0,B,0.34374,0.25149,0.10789,0.02477,frames/frame_008054.jpg
8055,134.250000,,0,P,0.33444,0.25609,0.10538,0.02338,frames/frame_008055.jpg
8056,134.266667,,0,B,0.32698,0.24888,0.10177,0.02175,frames/frame_008056.jpg
8057,134.283333,,0,P,0.32019,0.25834,0.10203,0.01970,frames/frame_008057.jpg
8058,134.300000,,0,B,0.31607,0.25555,0.10250,0.01744,frames/frame_008058.jpg
8059,134.316667,,0,B,0.31183,0.25961,0.10322,0.01597,frames/frame_008059.jpg
8060,134.333333,,0,B,0.30922,0.25757,0.10138,0.01453,frames/frame_008060.jpg
8061,134.350000,,0,P,0.30615,0.25984,0.09719,0.01328,frames/frame_008061.jpg
8062,134.366667,,0,B,0.30373,0.26180,0.09666,0.01179,frames/frame_008062.jpg
8063,134.383333,,0,B,0.30231,0.26220,0.10004,0.01018,frames/frame_008063.jpg
8064,134.400000,,0,P,0.29979,0.26003,0.09996,0.00918,frames/frame_008064.jpg
8065,134.416667,,0,P,0.29781,0.25852,0.09638,0.00771,frames/frame_008065.jpg
8066,134.433333,,0,P,0.29545,0.25926,0.09698,0.00837,frames/frame_008066.jpg
8067,134.450000,,0,P,0.29244,0.25921,0.09693,0.00898,frames/frame_008067.jpg
8068,134.466667,,0,P,0.28887,0.26118,0.09878,0.01077,frames/frame_008068.jpg
8069,134.483333,,0,P,0.28383,0.26195,0.10129,0.01324,frames/frame_008069.jpg
8070,134.500000,,0,P,0.27683,0.25415,0.09979,0.01715,frames/frame_008070.jpg
8071,134.516667,,0,P,0.26811,0.25697,0.09806,0.02026,frames/frame_008071.jpg
8072,134.533333,,0,P,0.25466,0.26121,0.09481,0.02682,frames/frame_008072.jpg
8073,134.550000,,0,P,0.23551,0.26090,0.09302,0.03507,frames/frame_008073.jpg
8074,134.566667,,0,P,0.20968,0.26482,0.08959,0.04369,frames/frame_008074.jpg
8075,134.583333,,0,P,0.18165,0.26331,0.08119,0.04353,frames/frame_008075.jpg
8076,134.600000,,0,P,0.15219,0.27664,0.06629,0.04059,frames/frame_008076.jpg
8077,134.616667,,0,P,0.12525,0.28069,0.05458,0.03645,frames/frame_008077.jpg
8078,134.633333,,0,P,0.10273,0.27411,0.04331,0.02829,frames/frame_008078.jpg
8079,134.650000,,0,P,0.08320,0.26347,0.03950,0.02241,frames/frame_008079.jpg
8080,134.666667,,0,P,0.06679,0.22811,0.03512,0.01820,frames/frame_008080.jpg
8081,134.683333,,0,P,0.05264,0.19631,0.03226,0.01449,frames/frame_008081.jpg
8082,134.700000,,0,P,0.03964,0.12874,0.03048,0.01280,frames/frame_008082.jpg
8083,134.716667,,0,P,0.03266,0.06669,0.02940,0.00706,frames/frame_008083.jpg
8084,134.733333,,0,B,0.03164,0.05949,0.02956,0.00130,frames/frame_008084.jpg
8085,134.750000,,0,B,0.03140,0.06449,0.02933,0.00057,frames/frame_008085.jpg
8086,134.766667,,0,B,0.03137,0.06263,0.02926,0.00025,frames/frame_008086.jpg
8087,134.783333,,0,P,0.03081,0.06917,0.02934,0.00074,frames/frame_008087.jpg
8088,134.800000,,0,B,0.03082,0.06691,0.02934,0.00028,frames/frame_008088.jpg
8089,134.816667,,0,B,0.03060,0.07127,0.02928,0.00043,frames/frame_008089.jpg
8090,134.833333,,0,B,0.03042,0.07008,0.02933,0.00035,frames/frame_008090.jpg
8091,134.850000,,0,P,0.03022,0.07113,0.02933,0.00046,frames/frame_008091.jpg
8092,134.866667,,0,B,0.03018,0.05543,0.02939,0.00038,frames/frame_008092.jpg
8093,134.883333,,0,B,0.02996,0.05021,0.02959,0.00048,frames/frame_008093.jpg
8094,134.900000,,0,B,0.02986,0.04917,0.02946,0.00046,frames/frame_008094.jpg
8095,134.916667,,0,P,0.02948,0.05249,0.02902,0.00075,frames/frame_008095.jpg
8096,134.933333,,0,B,0.02927,0.04894,0.02802,0.00118,frames/frame_008096.jpg
8097,134.950000,,0,B,0.02908,0.04782,0.02645,0.00137,frames/frame_008097.jpg
8098,134.966667,,0,B,0.02866,0.05002,0.02430,0.00183,frames/frame_008098.jpg
8099,134.983333,,0,P,0.02806,0.05245,0.02791,0.00274,frames/frame_008099.jpg
8100,135.000000,,1,I,0.02483,0.02184,0.02552,0.00597,frames/frame_008100.jpg
8101,135.016667,,0,B,0.02377,0.02380,0.02150,0.00347,frames/frame_008101.jpg
8102,135.033333,,0,B,0.02231,0.02417,0.02165,0.00404,frames/frame_008102.jpg
8103,135.050000,,0,P,0.02104,0.03143,0.01954,0.00373,frames/frame_008103.jpg
8104,135.066667,,0,B,0.02005,0.02843,0.01614,0.00296,frames/frame_008104.jpg
8105,135.083333,,0,B,0.01928,0.03084,0.01746,0.00271,frames/frame_008105.jpg
8106,135.100000,,0,P,0.01880,0.03328,0.01514,0.00218,frames/frame_008106.jpg
8107,135.116667,,0,B,0.01811,0.02419,0.01365,0.00148,frames/frame_008107.jpg
8108,135.133333,,0,B,0.01735,0.03054,0.01362,0.00111,frames/frame_008108.jpg
8109,135.150000,,0,B,0.01676,0.02539,0.01313,0.00081,frames/frame_008109.jpg
8110,135.166667,,0,P,0.01740,0.08983,0.01370,0.00185,frames/frame_008110.jpg
8111,135.183333,,0,B,0.01897,0.12454,0.01397,0.00230,frames/frame_008111.jpg
8112,135.200000,,0,B,0.01975,0.16020,0.01396,0.00146,frames/frame_008112.jpg
8113,135.216667,,0,B,0.02027,0.19601,0.01425,0.00118,frames/frame_008113.jpg
8114,135.233333,,0,P,0.01991,0.21948,0.01322,0.00117,frames/frame_008114.jpg
8115,135.250000,,0,B,0.02012,0.22298,0.01327,0.00048,frames/frame_008115.jpg
8116,135.266667,,0,B,0.02015,0.22322,0.01332,0.00027,frames/frame_008116.jpg
8117,135.283333,,0,B,0.02017,0.22490,0.01327,0.00017,frames/frame_008117.jpg
8118,135.300000,,0,P,0.02021,0.22907,0.01335,0.00026,frames/frame_008118.jpg
8119,135.316667,,0,B,0.02027,0.22581,0.01333,0.00019,frames/frame_008119.jpg
8120,135.333333,,0,B,0.02024,0.22584,0.01330,0.00009,frames/frame_008120.jpg
8121,135.350000,,0,B,0.02022,0.22652,0.01329,0.00021,frames/frame_008121.jpg
8122,135.366667,,0,P,0.02014,0.22566,0.01332,0.00030,frames/frame_008122.jpg
8123,135.383333,,0,B,0.02017,0.21747,0.01336,0.00038,frames/frame_008123.jpg
8124,135.400000,,0,B,0.02001,0.21666,0.01330,0.00037,frames/frame_008124.jpg
8125,135.416667,,0,B,0.01992,0.21016,0.01314,0.00037,frames/frame_008125.jpg
8126,135.433333,,0,P,0.01971,0.19823,0.01304,0.00054,frames/frame_008126.jpg
8127,135.450000,,0,B,0.01959,0.17712,0.01294,0.00067,frames/frame_008127.jpg
8128,135.466667,,0,B,0.01937,0.16577,0.01274,0.00067,frames/frame_008128.jpg
8129,135.483333,,0,B,0.01913,0.14897,0.01272,0.00058,frames/frame_008129.jpg
8130,135.500000,,0,P,0.01865,0.14653,0.01249,0.00083,frames/frame_008130.jpg
8131,135.516667,,0,B,0.01846,0.13447,0.01235,0.00050,frames/frame_008131.jpg
8132,135.533333,,0,B,0.01815,0.13073,0.01213,0.00056,frames/frame_008132.jpg
8133,135.550000,,0,B,0.01795,0.12140,0.01201,0.00047,frames/frame_008133.jpg
8134,135.566667,,0,P,0.01750,0.11198,0.01176,0.00071,frames/frame_008134.jpg
8135,135.583333,,0,B,0.01722,0.10488,0.01171,0.00051,frames/frame_008135.jpg
8136,135.600000,,0,B,0.01709,0.10164,0.01168,0.00047,frames/frame_008136.jpg
8137,135.616667,,0,B,0.01696,0.09791,0.01166,0.00034,frames/frame_008137.jpg
8138,135.633333,,0,P,0.01666,0.09637,0.01154,0.00049,frames/frame_008138.jpg
8139,135.650000,,0,B,0.01662,0.09487,0.01148,0.00027,frames/frame_008139.jpg
8140,135.666667,,0,B,0.01656,0.09404,0.01144,0.00023,frames/frame_008140.jpg
8141,135.683333,,0,B,0.01661,0.09220,0.01152,0.00018,frames/frame_008141.jpg
8142,135.700000,,0,P,0.01654,0.09517,0.01149,0.00022,frames/frame_008142.jpg
8143,135.716667,,0,B,0.01651,0.09408,0.01141,0.00025,frames/frame_008143.jpg
8144,135.733333,,0,B,0.01656,0.09468,0.01148,0.00016,frames/frame_008144.jpg
8145,135.750000,,0,B,0.01657,0.09498,0.01148,0.00019,frames/frame_008145.jpg
8146,135.766667,,0,P,0.01655,0.09392,0.01148,0.00017,frames/frame_008146.jpg
8147,135.783333,,0,B,0.01661,0.09405,0.01153,0.00017,frames/frame_008147.jpg
8148,135.800000,,0,B,0.01665,0.09208,0.01158,0.00019,frames/frame_008148.jpg
8149,135.816667,,0,B,0.01669,0.09148,0.01160,0.00019,frames/frame_008149.jpg
8150,135.833333,,0,P,0.01669,0.09710,0.01158,0.00028,frames/frame_008150.jpg
8151,135.850000,,0,B,0.01675,0.09499,0.01154,0.00028,frames/frame_008151.jpg
8152,135.866667,,0,B,0.01678,0.09650,0.01155,0.00022,frames/frame_008152.jpg
8153,135.883333,,0,B,0.01684,0.09804,0.01158,0.00026,frames/frame_008153.jpg
8154,135.900000,,0,P,0.01691,0.10148,0.01167,0.00027,frames/frame_008154.jpg
8155,135.916667,,0,B,0.01706,0.10584,0.01172,0.00031,frames/frame_008155.jpg
8156,135.933333,,0,B,0.01716,0.10708,0.01182,0.00022,frames/frame_008156.jpg
8157,135.950000,,0,B,0.01725,0.10661,0.01182,0.00025,frames/frame_008157.jpg
8158,135.966667,,0,P,0.01735,0.11174,0.01185,0.00029,frames/frame_008158.jpg
8159,135.983333,,0,B,0.01763,0.11659,0.01197,0.00057,frames/frame_008159.jpg
8160,136.000000,,0,B,0.01769,0.11678,0.01204,0.00046,frames/frame_008160.jpg
8161,136.016667,,0,B,0.01783,0.12283,0.01226,0.00044,frames/frame_008161.jpg
8162,136.033333,,0,P,0.01791,0.12937,0.01231,0.00036,frames/frame_008162.jpg
8163,136.050000,,0,B,0.01812,0.12848,0.01245,0.00037,frames/frame_008163.jpg
8164,136.066667,,0,B,0.01815,0.13651,0.01246,0.00037,frames/frame_008164.jpg
8165,136.083333,,0,B,0.01829,0.13892,0.01247,0.00033,frames/frame_008165.jpg
8166,136.100000,,0,P,0.01838,0.14663,0.01251,0.00038,frames/frame_008166.jpg
8167,136.116667,,0,B,0.01867,0.14612,0.01260,0.00049,frames/frame_008167.jpg
8168,136.133333,,0,B,0.01866,0.15064,0.01253,0.00031,frames/frame_008168.jpg
8169,136.150000,,0,B,0.01885,0.15710,0.01265,0.00037,frames/frame_008169.jpg
8170,136.166667,,0,P,0.01892,0.16969,0.01273,0.00033,frames/frame_008170.jpg
8171,136.183333,,0,B,0.01914,0.17419,0.01274,0.00048,frames/frame_008171.jpg
8172,136.200000,,0,B,0.01924,0.18007,0.01293,0.00042,frames/frame_008172.jpg
8173,136.216667,,0,B,0.01936,0.18381,0.01310,0.00035,frames/frame_008173.jpg
8174,136.233333,,0,P,0.01946,0.18833,0.01319,0.00039,frames/frame_008174.jpg
8175,136.250000,,0,B,0.01961,0.19099,0.01329,0.00052,frames/frame_008175.jpg
8176,136.266667,,0,B,0.01964,0.19769,0.01336,0.00035,frames/frame_008176.jpg
8177,136.283333,,0,B,0.01970,0.19906,0.01339,0.00039,frames/frame_008177.jpg
8178,136.300000,,0,P,0.01972,0.20271,0.01339,0.00036,frames/frame_008178.jpg
8179,136.316667,,0,B,0.01997,0.20885,0.01351,0.00055,frames/frame_008179.jpg
8180,136.333333,,0,B,0.02003,0.21313,0.01355,0.00032,frames/frame_008180.jpg
8181,136.350000,,0,B,0.02010,0.22340,0.01354,0.00034,frames/frame_008181.jpg
8182,136.366667,,0,P,0.02011,0.22019,0.01348,0.00033,frames/frame_008182.jpg
8183,136.383333,,0,B,0.02031,0.22276,0.01371,0.00042,frames/frame_008183.jpg
8184,136.400000,,0,B,0.02026,0.22859,0.01356,0.00032,frames/frame_008184.jpg
8185,136.416667,,0,B,0.02036,0.22733,0.01358,0.00028,frames/frame_008185.jpg
8186,136.433333,,0,P,0.02034,0.22787,0.01360,0.00033,frames/frame_008186.jpg
8187,136.450000,,0,B,0.02051,0.22393,0.01376,0.00045,frames/frame_008187.jpg
8188,136.466667,,0,B,0.02052,0.22879,0.01374,0.00028,frames/frame_008188.jpg
8189,136.483333,,0,B,0.02058,0.22558,0.01380,0.00026,frames/frame_008189.jpg
8190,136.500000,,0,P,0.02062,0.23211,0.01386,0.00035,frames/frame_008190.jpg
8191,136.516667,,0,B,0.02072,0.23647,0.01391,0.00035,frames/frame_008191.jpg
8192,136.533333,,0,B,0.02064,0.23503,0.01382,0.00022,frames/frame_008192.jpg
8193,136.550000,,0,B,0.02069,0.23494,0.01389,0.00022,frames/frame_008193.jpg
8194,136.566667,,0,P,0.02068,0.23755,0.01389,0.00021,frames/frame_008194.jpg
8195,136.583333,,0,B,0.02075,0.23830,0.01390,0.00035,frames/frame_008195.jpg
8196,136.600000,,0,B,0.02078,0.23969,0.01384,0.00027,frames/frame_008196.jpg
8197,136.616667,,0,B,0.02075,0.23787,0.01364,0.00036,frames/frame_008197.jpg
8198,136.633333,,0,P,0.02063,0.23277,0.01353,0.00037,frames/frame_008198.jpg
8199,136.650000,,0,B,0.02065,0.22411,0.01334,0.00047,frames/frame_008199.jpg
8200,136.666667,,0,B,0.02050,0.22759,0.01327,0.00033,frames/frame_008200.jpg
8201,136.683333,,0,B,0.02043,0.22248,0.01321,0.00033,frames/frame_008201.jpg
8202,136.700000,,0,P,0.02016,0.22129,0.01322,0.00052,frames/frame_008202.jpg
8203,136.716667,,0,B,0.02006,0.19774,0.01325,0.00063,frames/frame_008203.jpg
8204,136.733333,,0,B,0.01975,0.17462,0.01294,0.00073,frames/frame_008204.jpg
8205,136.750000,,0,B,0.01949,0.17075,0.01267,0.00055,frames/frame_008205.jpg
8206,136.766667,,0,P,0.01877,0.15346,0.01225,0.00112,frames/frame_008206.jpg
8207,136.783333,,0,B,0.01848,0.13501,0.01207,0.00073,frames/frame_008207.jpg
8208,136.800000,,0,B,0.01785,0.12066,0.01168,0.00098,frames/frame_008208.jpg
8209,136.816667,,0,B,0.01750,0.11341,0.01155,0.00061,frames/frame_008209.jpg
8210,136.833333,,0,P,0.01675,0.10344,0.01119,0.00101,frames/frame_008210.jpg
8211,136.850000,,0,B,0.01659,0.09166,0.01108,0.00046,frames/frame_008211.jpg
8212,136.866667,,0,B,0.01640,0.08632,0.01095,0.00036,frames/frame_008212.jpg
8213,136.883333,,0,B,0.01636,0.07737,0.01094,0.00029,frames/frame_008213.jpg
8214,136.900000,,0,P,0.01613,0.08258,0.01079,0.00041,frames/frame_008214.jpg
8215,136.916667,,0,B,0.01604,0.07315,0.01065,0.00027,frames/frame_008215.jpg
8216,136.933333,,0,B,0.01602,0.07006,0.01065,0.00021,frames/frame_008216.jpg
8217,136.950000,,0,B,0.01604,0.07090,0.01062,0.00018,frames/frame_008217.jpg
8218,136.966667,,0,P,0.01592,0.07476,0.01064,0.00033,frames/frame_008218.jpg
8219,136.983333,,0,B,0.01585,0.05623,0.01052,0.00039,frames/frame_008219.jpg
8220,137.000000,,0,B,0.01564,0.04995,0.01041,0.00044,frames/frame_008220.jpg
8221,137.016667,,0,B,0.01534,0.03829,0.01012,0.00050,frames/frame_008221.jpg
8222,137.033333,,0,P,0.01497,0.02943,0.00974,0.00052,frames/frame_008222.jpg
8223,137.050000,,0,B,0.01445,0.00622,0.00900,0.00067,frames/frame_008223.jpg
8224,137.066667,,0,P,0.01423,0.00917,0.00904,0.00032,frames/frame_008224.jpg
8225,137.083333,,0,B,0.01410,0.00447,0.00883,0.00022,frames/frame_008225.jpg
8226,137.100000,,0,B,0.01390,0.00453,0.00860,0.00023,frames/frame_008226.jpg
8227,137.116667,,0,B,0.01378,0.00497,0.00833,0.00018,frames/frame_008227.jpg
8228,137.133333,,0,P,0.01344,0.00910,0.00813,0.00039,frames/frame_008228.jpg
8229,137.150000,,0,B,0.01322,0.00737,0.00765,0.00030,frames/frame_008229.jpg
8230,137.166667,,0,B,0.01292,0.00738,0.00724,0.00035,frames/frame_008230.jpg
8231,137.183333,,0,B,0.01268,0.00729,0.00677,0.00032,frames/frame_008231.jpg
8232,137.200000,,0,P,0.01236,0.00748,0.00623,0.00041,frames/frame_008232.jpg
8233,137.216667,,0,B,0.01193,0.00650,0.00552,0.00049,frames/frame_008233.jpg
8234,137.233333,,0,B,0.01143,0.00589,0.00466,0.00062,frames/frame_008234.jpg
8235,137.250000,,0,B,0.01025,0.00454,0.00278,0.00121,frames/frame_008235.jpg
8236,137.266667,,0,P,0.00979,0.00289,0.00261,0.00050,frames/frame_008236.jpg
8237,137.283333,,0,B,0.01000,0.00289,0.00286,0.00027,frames/frame_008237.jpg
8238,137.300000,,0,B,0.01001,0.00289,0.00283,0.00002,frames/frame_008238.jpg
8239,137.316667,,0,B,0.01001,0.00289,0.00283,0.00000,frames/frame_008239.jpg
8240,137.333333,,0,P,0.00875,0.00322,0.00214,0.00129,frames/frame_008240.jpg
8241,137.350000,,0,B,0.00876,0.00322,0.00217,0.00001,frames/frame_008241.jpg
8242,137.366667,,0,P,0.00912,0.01718,0.00284,0.00041,frames/frame_008242.jpg
8243,137.383333,,0,P,0.12965,0.15385,0.01277,0.11672,frames/frame_008243.jpg
8244,137.400000,,0,P,0.13260,0.17821,0.02112,0.01196,frames/frame_008244.jpg
8245,137.416667,,0,B,0.12118,0.19276,0.01990,0.01151,frames/frame_008245.jpg
8246,137.433333,,0,P,0.10595,0.21526,0.01819,0.01527,frames/frame_008246.jpg
8247,137.450000,,0,B,0.10167,0.20383,0.01934,0.00648,frames/frame_008247.jpg
8248,137.466667,,0,B,0.09471,0.22243,0.02015,0.00799,frames/frame_008248.jpg
8249,137.483333,,0,B,0.08898,0.23854,0.02101,0.00595,frames/frame_008249.jpg
8250,137.500000,,0,P,0.08052,0.26603,0.02138,0.00859,frames/frame_008250.jpg
8251,137.516667,,0,B,0.07834,0.25840,0.02125,0.00281,frames/frame_008251.jpg
8252,137.533333,,0,P,0.07319,0.27642,0.02206,0.00526,frames/frame_008252.jpg
8253,137.550000,,0,P,0.07062,0.27256,0.02250,0.00318,frames/frame_008253.jpg
8254,137.566667,,0,P,0.06773,0.26929,0.02230,0.00354,frames/frame_008254.jpg
8255,137.583333,,0,P,0.06483,0.26783,0.02205,0.00338,frames/frame_008255.jpg
8256,137.600000,,0,P,0.06331,0.27051,0.02190,0.00219,frames/frame_008256.jpg
8257,137.616667,,0,P,0.06170,0.26756,0.02177,0.00244,frames/frame_008257.jpg
8258,137.633333,,0,P,0.06043,0.26941,0.02181,0.00204,frames/frame_008258.jpg
8259,137.650000,,0,P,0.05922,0.26468,0.02181,0.00207,frames/frame_008259.jpg
8260,137.666667,,0,P,0.05815,0.27456,0.02147,0.00190,frames/frame_008260.jpg
8261,137.683333,,0,P,0.05739,0.27588,0.02157,0.00175,frames/frame_008261.jpg
8262,137.700000,,0,P,0.05690,0.27047,0.02145,0.00166,frames/frame_008262.jpg
8263,137.716667,,0,P,0.05650,0.26338,0.02160,0.00135,frames/frame_008263.jpg
8264,137.733333,,0,P,0.05592,0.26844,0.02128,0.00157,frames/frame_008264.jpg
8265,137.750000,,0,P,0.05563,0.26521,0.02110,0.00136,frames/frame_008265.jpg
8266,137.766667,,0,P,0.05553,0.26066,0.02092,0.00148,frames/frame_008266.jpg
8267,137.783333,,0,P,0.05543,0.26446,0.02104,0.00136,frames/frame_008267.jpg
8268,137.800000,,0,P,0.05534,0.26398,0.02107,0.00168,frames/frame_008268.jpg
8269,137.816667,,0,P,0.05525,0.25449,0.02117,0.00132,frames/frame_008269.jpg
8270,137.833333,,0,P,0.05521,0.25482,0.02108,0.00144,frames/frame_008270.jpg
8271,137.850000,,0,P,0.05519,0.25868,0.02129,0.00139,frames/frame_008271.jpg
8272,137.866667,,0,P,0.05504,0.25490,0.02117,0.00154,frames/frame_008272.jpg
8273,137.883333,,0,P,0.05502,0.24802,0.02092,0.00142,frames/frame_008273.jpg
8274,137.900000,,0,P,0.05504,0.24189,0.02093,0.00122,frames/frame_008274.jpg
8275,137.916667,,0,P,0.05514,0.23935,0.02080,0.00129,frames/frame_008275.jpg
8276,137.933333,,0,P,0.05507,0.24450,0.02090,0.00142,frames/frame_008276.jpg
8277,137.950000,,0,P,0.05510,0.24001,0.02070,0.00133,frames/frame_008277.jpg
8278,137.966667,,0,P,0.05489,0.23649,0.02072,0.00139,frames/frame_008278.jpg
8279,137.983333,,0,P,0.05488,0.23688,0.02063,0.00133,frames/frame_008279.jpg
8280,138.000000,,1,I,0.05255,0.24906,0.02026,0.00422,frames/frame_008280.jpg
8281,138.016667,,0,P,0.05265,0.25191,0.02025,0.00064,frames/frame_008281.jpg
8282,138.033333,,0,P,0.05291,0.24034,0.02018,0.00115,frames/frame_008282.jpg
8283,138.050000,,0,P,0.05310,0.22801,0.02032,0.00126,frames/frame_008283.jpg
8284,138.066667,,0,P,0.05329,0.22886,0.02022,0.00145,frames/frame_008284.jpg
8285,138.083333,,0,P,0.05347,0.22394,0.02016,0.00109,frames/frame_008285.jpg
8286,138.100000,,0,P,0.05365,0.21385,0.02020,0.00145,frames/frame_008286.jpg
8287,138.116667,,0,P,0.05380,0.21181,0.02037,0.00123,frames/frame_008287.jpg
8288,138.133333,,0,P,0.05377,0.21223,0.02032,0.00137,frames/frame_008288.jpg
8289,138.150000,,0,P,0.05387,0.20980,0.02052,0.00143,frames/frame_008289.jpg
8290,138.166667,,0,P,0.05395,0.20000,0.02012,0.00156,frames/frame_008290.jpg
8291,138.183333,,0,P,0.05399,0.20309,0.02012,0.00130,frames/frame_008291.jpg
8292,138.200000,,0,P,0.05410,0.20248,0.02055,0.00147,frames/frame_008292.jpg
8293,138.216667,,0,P,0.05412,0.20382,0.02040,0.00136,frames/frame_008293.jpg
8294,138.233333,,0,P,0.05414,0.19576,0.02056,0.00144,frames/frame_008294.jpg
8295,138.250000,,0,P,0.05422,0.19976,0.02076,0.00137,frames/frame_008295.jpg
8296,138.266667,,0,P,0.05440,0.19680,0.02086,0.00141,frames/frame_008296.jpg
8297,138.283333,,0,P,0.05457,0.19552,0.02112,0.00148,frames/frame_008297.jpg
8298,138.300000,,0,P,0.05476,0.19328,0.02090,0.00156,frames/frame_008298.jpg
8299,138.316667,,0,P,0.05478,0.19049,0.02121,0.00164,frames/frame_008299.jpg
8300,138.333333,,0,P,0.05476,0.18653,0.02075,0.00153,frames/frame_008300.jpg
8301,138.350000,,0,B,0.05562,0.18238,0.02076,0.00183,frames/frame_008301.jpg
8302,138.366667,,0,P,0.05493,0.18651,0.02090,0.00164,frames/frame_008302.jpg
8303,138.383333,,0,P,0.05499,0.18473,0.02074,0.00153,frames/frame_008303.jpg
8304,138.400000,,0,P,0.05516,0.18374,0.02103,0.00152,frames/frame_008304.jpg
8305,138.416667,,0,P,0.05513,0.19207,0.02087,0.00184,frames/frame_008305.jpg
8306,138.433333,,0,B,0.05666,0.18883,0.02115,0.00256,frames/frame_008306.jpg
8307,138.450000,,0,B,0.05644,0.18952,0.02132,0.00158,frames/frame_008307.jpg
8308,138.466667,,0,B,0.05715,0.18755,0.02171,0.00147,frames/frame_008308.jpg
8309,138.483333,,0,P,0.05608,0.18558,0.02210,0.00221,frames/frame_008309.jpg
8310,138.500000,,0,B,0.05734,0.18986,0.02228,0.00235,frames/frame_008310.jpg
8311,138.516667,,0,B,0.05688,0.19172,0.02214,0.00135,frames/frame_008311.jpg
8312,138.533333,,0,B,0.05731,0.19130,0.02227,0.00132,frames/frame_008312.jpg
8313,138.550000,,0,P,0.05616,0.18736,0.02264,0.00225,frames/frame_008313.jpg
8314,138.566667,,0,B,0.05746,0.18949,0.02289,0.00223,frames/frame_008314.jpg
8315,138.583333,,0,B,0.05712,0.19051,0.02285,0.00123,frames/frame_008315.jpg
8316,138.600000,,0,B,0.05755,0.19094,0.02296,0.00129,frames/frame_008316.jpg
8317,138.616667,,0,P,0.05626,0.19376,0.02302,0.00216,frames/frame_008317.jpg
8318,138.633333,,0,B,0.05772,0.19048,0.02287,0.00236,frames/frame_008318.jpg
8319,138.650000,,0,B,0.05755,0.19197,0.02276,0.00142,frames/frame_008319.jpg
8320,138.666667,,0,B,0.05811,0.18986,0.02264,0.00143,frames/frame_008320.jpg
8321,138.683333,,0,P,0.05692,0.19254,0.02247,0.00224,frames/frame_008321.jpg
8322,138.700000,,0,B,0.05841,0.18955,0.02236,0.00248,frames/frame_008322.jpg
8323,138.716667,,0,B,0.05800,0.19085,0.02232,0.00147,frames/frame_008323.jpg
8324,138.733333,,0,B,0.05867,0.19012,0.02240,0.00157,frames/frame_008324.jpg
8325,138.750000,,0,P,0.05746,0.19261,0.02226,0.00217,frames/frame_008325.jpg
8326,138.766667,,0,B,0.05767,0.19043,0.02179,0.00145,frames/frame_008326.jpg
8327,138.783333,,0,B,0.05855,0.19133,0.02229,0.00200,frames/frame_008327.jpg
8328,138.800000,,0,P,0.05765,0.19497,0.02233,0.00210,frames/frame_008328.jpg
8329,138.816667,,0,B,0.05854,0.19165,0.02253,0.00199,frames/frame_008329.jpg
8330,138.833333,,0,P,0.05777,0.19770,0.02240,0.00189,frames/frame_008330.jpg
8331,138.850000,,0,B,0.05814,0.19797,0.02237,0.00170,frames/frame_008331.jpg
8332,138.866667,,0,B,0.05922,0.19103,0.02220,0.00215,frames/frame_008332.jpg
8333,138.883333,,0,P,0.05804,0.19708,0.02245,0.00225,frames/frame_008333.jpg
8334,138.900000,,0,B,0.05908,0.19353,0.02252,0.00206,frames/frame_008334.jpg
8335,138.916667,,0,P,0.05829,0.19585,0.02267,0.00180,frames/frame_008335.jpg
8336,138.933333,,0,B,0.05982,0.18941,0.02254,0.00264,frames/frame_008336.jpg
8337,138.950000,,0,B,0.05949,0.19245,0.02253,0.00151,frames/frame_008337.jpg
8338,138.966667,,0,B,0.05995,0.19155,0.02261,0.00157,frames/frame_008338.jpg
8339,138.983333,,0,P,0.05869,0.19422,0.02303,0.00226,frames/frame_008339.jpg
8340,139.000000,,0,B,0.05989,0.19218,0.02299,0.00229,frames/frame_008340.jpg
8341,139.016667,,0,B,0.05942,0.19125,0.02327,0.00156,frames/frame_008341.jpg
8342,139.033333,,0,B,0.05993,0.19113,0.02327,0.00153,frames/frame_008342.jpg
8343,139.050000,,0,P,0.05886,0.19734,0.02371,0.00227,frames/frame_008343.jpg
8344,139.066667,,0,B,0.06019,0.19180,0.02361,0.00238,frames/frame_008344.jpg
8345,139.083333,,0,B,0.05988,0.19378,0.02367,0.00137,frames/frame_008345.jpg
8346,139.100000,,0,B,0.06043,0.19392,0.02382,0.00147,frames/frame_008346.jpg
8347,139.116667,,0,P,0.05920,0.19811,0.02427,0.00224,frames/frame_008347.jpg
8348,139.133333,,0,B,0.06076,0.20306,0.02416,0.00266,frames/frame_008348.jpg
8349,139.150000,,0,B,0.06069,0.20581,0.02418,0.00174,frames/frame_008349.jpg
8350,139.166667,,0,B,0.06133,0.20558,0.02423,0.00161,frames/frame_008350.jpg
8351,139.183333,,0,P,0.06036,0.21221,0.02434,0.00225,frames/frame_008351.jpg
8352,139.200000,,0,P,0.06010,0.20596,0.02435,0.00195,frames/frame_008352.jpg
8353,139.216667,,0,B,0.06143,0.20622,0.02404,0.00255,frames/frame_008353.jpg
8354,139.233333,,0,B,0.06115,0.21170,0.02396,0.00168,frames/frame_008354.jpg
8355,139.250000,,0,B,0.06173,0.21424,0.02405,0.00177,frames/frame_008355.jpg
8356,139.266667,,0,P,0.06066,0.22125,0.02393,0.00246,frames/frame_008356.jpg
8357,139.283333,,0,B,0.06168,0.22231,0.02378,0.00241,frames/frame_008357.jpg
8358,139.300000,,0,B,0.06115,0.23123,0.02389,0.00205,frames/frame_008358.jpg
8359,139.316667,,0,B,0.06152,0.23175,0.02396,0.00173,frames/frame_008359.jpg
8360,139.333333,,0,P,0.06011,0.23829,0.02386,0.00251,frames/frame_008360.jpg
8361,139.350000,,0,B,0.06093,0.24615,0.02365,0.00244,frames/frame_008361.jpg
8362,139.366667,,0,B,0.05994,0.25620,0.02369,0.00232,frames/frame_008362.jpg
8363,139.383333,,0,B,0.05971,0.26376,0.02361,0.00214,frames/frame_008363.jpg
8364,139.400000,,0,P,0.05772,0.27393,0.02434,0.00333,frames/frame_008364.jpg
8365,139.416667,,0,B,0.05636,0.28769,0.02360,0.00343,frames/frame_008365.jpg
8366,139.433333,,0,B,0.05320,0.30814,0.02353,0.00447,frames/frame_008366.jpg
8367,139.450000,,0,B,0.05095,0.31971,0.02259,0.00358,frames/frame_008367.jpg
8368,139.466667,,0,P,0.04659,0.41501,0.02267,0.00598,frames/frame_008368.jpg
8369,139.483333,,0,B,0.04419,0.39967,0.02069,0.00391,frames/frame_008369.jpg
8370,139.500000,,0,P,0.03918,0.42403,0.02001,0.00579,frames/frame_008370.jpg
8371,139.516667,,0,B,0.03928,0.36572,0.01944,0.00190,frames/frame_008371.jpg
8372,139.533333,,0,B,0.03784,0.36501,0.01784,0.00267,frames/frame_008372.jpg
8373,139.550000,,0,B,0.03670,0.37264,0.01782,0.00179,frames/frame_008373.jpg
8374,139.566667,,0,P,0.03227,0.41618,0.01712,0.00534,frames/frame_008374.jpg
8375,139.583333,,0,B,0.03084,0.25846,0.01697,0.00382,frames/frame_008375.jpg
8376,139.600000,,0,B,0.02876,0.25206,0.01724,0.00260,frames/frame_008376.jpg
8377,139.616667,,0,B,0.02709,0.24650,0.01556,0.00210,frames/frame_008377.jpg
8378,139.633333,,0,P,0.02356,0.20119,0.01733,0.00458,frames/frame_008378.jpg
8379,139.650000,,0,B,0.02255,0.19839,0.01690,0.00153,frames/frame_008379.jpg
8380,139.666667,,0,B,0.02163,0.12592,0.01500,0.00183,frames/frame_008380.jpg
8381,139.683333,,0,B,0.02104,0.11717,0.01319,0.00092,frames/frame_008381.jpg
8382,139.700000,,0,P,0.02050,0.10010,0.01240,0.00111,frames/frame_008382.jpg
8383,139.716667,,0,B,0.02048,0.10692,0.01217,0.00052,frames/frame_008383.jpg
8384,139.733333,,0,B,0.02042,0.10809,0.01202,0.00044,frames/frame_008384.jpg
8385,139.750000,,0,B,0.02045,0.10897,0.01209,0.00018,frames/frame_008385.jpg
8386,139.766667,,0,P,0.02036,0.11098,0.01218,0.00043,frames/frame_008386.jpg
8387,139.783333,,0,B,0.02041,0.10775,0.01216,0.00024,frames/frame_008387.jpg
8388,139.800000,,0,B,0.02040,0.10627,0.01212,0.00016,frames/frame_008388.jpg
8389,139.816667,,0,B,0.02041,0.10746,0.01211,0.00018,frames/frame_008389.jpg
8390,139.833333,,0,P,0.02037,0.10833,0.01221,0.00034,frames/frame_008390.jpg
8391,139.850000,,0,B,0.02039,0.10969,0.01218,0.00017,frames/frame_008391.jpg
8392,139.866667,,0,B,0.02037,0.11015,0.01217,0.00014,frames/frame_008392.jpg
8393,139.883333,,0,B,0.02039,0.11043,0.01221,0.00016,frames/frame_008393.jpg
8394,139.900000,,0,P,0.02031,0.11011,0.01225,0.00022,frames/frame_008394.jpg
8395,139.916667,,0,B,0.02034,0.10655,0.01230,0.00027,frames/frame_008395.jpg
8396,139.933333,,0,B,0.01981,0.10715,0.01307,0.00078,frames/frame_008396.jpg
8397,139.950000,,0,B,0.01981,0.10662,0.01317,0.00015,frames/frame_008397.jpg
8398,139.966667,,0,P,0.01881,0.12241,0.01408,0.00127,frames/frame_008398.jpg
8399,139.983333,,0,B,0.01654,0.11974,0.01411,0.00262,frames/frame_008399.jpg
8400,140.000000,,0,B,0.01474,0.13696,0.01390,0.00260,frames/frame_008400.jpg
8401,140.016667,,0,B,0.01537,0.14931,0.01404,0.00132,frames/frame_008401.jpg
8402,140.033333,,0,P,0.01510,0.15812,0.01430,0.00149,frames/frame_008402.jpg
8403,140.050000,,0,B,0.01531,0.15158,0.01491,0.00088,frames/frame_008403.jpg
8404,140.066667,,0,B,0.01443,0.16153,0.01357,0.00157,frames/frame_008404.jpg
8405,140.083333,,0,B,0.01448,0.16652,0.01361,0.00025,frames/frame_008405.jpg
8406,140.100000,,0,P,0.01302,0.17943,0.01363,0.00165,frames/frame_008406.jpg
8407,140.116667,,0,B,0.01301,0.17693,0.01371,0.00040,frames/frame_008407.jpg
8408,140.133333,,0,P,0.01297,0.17326,0.01364,0.00044,frames/frame_008408.jpg
8409,140.150000,,0,P,0.01181,0.11095,0.01285,0.00156,frames/frame_008409.jpg
8410,140.166667,,0,B,0.01053,0.11213,0.01083,0.00248,frames/frame_008410.jpg
8411,140.183333,,0,B,0.00963,0.13323,0.00683,0.00390,frames/frame_008411.jpg
8412,140.200000,,0,P,0.00800,0.12189,0.00303,0.00280,frames/frame_008412.jpg
8413,140.216667,,0,B,0.00802,0.12592,0.00305,0.00010,frames/frame_008413.jpg
8414,140.233333,,0,P,0.95338,0.06028,0.05754,0.93652,frames/frame_008414.jpg
8415,140.250000,,0,P,0.86530,0.07349,0.05278,0.08883,frames/frame_008415.jpg
8416,140.266667,,0,P,0.79462,0.07839,0.05239,0.07259,frames/frame_008416.jpg
8417,140.283333,,0,B,0.74210,0.10285,0.06047,0.05843,frames/frame_008417.jpg
8418,140.300000,,0,P,0.69235,0.13147,0.07123,0.05676,frames/frame_008418.jpg
8419,140.316667,,0,B,0.65102,0.15594,0.08119,0.04562,frames/frame_008419.jpg
8420,140.333333,,0,B,0.61249,0.17947,0.09256,0.04746,frames/frame_008420.jpg
8421,140.350000,,0,B,0.58090,0.20326,0.09951,0.03882,frames/frame_008421.jpg
8422,140.366667,,0,P,0.55409,0.22661,0.11216,0.04174,frames/frame_008422.jpg
8423,140.383333,,0,B,0.53471,0.24778,0.11177,0.03507,frames/frame_008423.jpg
8424,140.400000,,0,B,0.51595,0.26498,0.11753,0.03536,frames/frame_008424.jpg
8425,140.416667,,0,B,0.49757,0.28276,0.11989,0.03667,frames/frame_008425.jpg
8426,140.433333,,0,P,0.47949,0.29930,0.12598,0.03706,frames/frame_008426.jpg
8427,140.450000,,0,P,0.47063,0.31478,0.12799,0.03038,frames/frame_008427.jpg
8428,140.466667,,0,P,0.45756,0.33233,0.12700,0.03864,frames/frame_008428.jpg
8429,140.483333,,0,B,0.43588,0.36972,0.12107,0.03072,frames/frame_008429.jpg
8430,140.500000,,0,P,0.40258,0.43210,0.12452,0.04604,frames/frame_008430.jpg
8431,140.516667,,0,P,0.40415,0.43459,0.12325,0.02351,frames/frame_008431.jpg
8432,140.533333,,0,P,0.40423,0.43910,0.12436,0.02636,frames/frame_008432.jpg
8433,140.550000,,0,P,0.40312,0.44260,0.12686,0.02919,frames/frame_008433.jpg
8434,140.566667,,0,P,0.39941,0.45169,0.12734,0.02122,frames/frame_008434.jpg
8435,140.583333,,0,P,0.39534,0.46177,0.13089,0.03305,frames/frame_008435.jpg
8436,140.600000,,0,P,0.38974,0.47105,0.13170,0.02124,frames/frame_008436.jpg
8437,140.616667,,0,P,0.38991,0.47753,0.13379,0.02991,frames/frame_008437.jpg
8438,140.633333,,0,P,0.38724,0.48540,0.13380,0.02498,frames/frame_008438.jpg
8439,140.650000,,0,P,0.38631,0.49024,0.13682,0.02446,frames/frame_008439.jpg
8440,140.666667,,0,P,0.38317,0.49681,0.13609,0.02601,frames/frame_008440.jpg
8441,140.683333,,0,P,0.37971,0.50270,0.13511,0.02319,frames/frame_008441.jpg
8442,140.700000,,0,P,0.37850,0.50741,0.13740,0.02251,frames/frame_008442.jpg
8443,140.716667,,0,B,0.37829,0.50807,0.13458,0.02448,frames/frame_008443.jpg
8444,140.733333,,0,P,0.37528,0.51365,0.13862,0.01237,frames/frame_008444.jpg
8445,140.750000,,0,B,0.37627,0.51126,0.13664,0.02552,frames/frame_008445.jpg
8446,140.766667,,0,P,0.37406,0.51729,0.13815,0.00834,frames/frame_008446.jpg
8447,140.783333,,0,P,0.37370,0.51934,0.13779,0.02569,frames/frame_008447.jpg
8448,140.800000,,0,P,0.37082,0.52553,0.13595,0.01505,frames/frame_008448.jpg
8449,140.816667,,0,P,0.36813,0.53135,0.13756,0.02220,frames/frame_008449.jpg
8450,140.833333,,0,B,0.36794,0.53193,0.13647,0.01994,frames/frame_008450.jpg
8451,140.850000,,0,B,0.36733,0.53638,0.13656,0.01577,frames/frame_008451.jpg
8452,140.866667,,0,B,0.36871,0.53782,0.13763,0.02066,frames/frame_008452.jpg
8453,140.883333,,0,P,0.36658,0.54176,0.13723,0.01642,frames/frame_008453.jpg
8454,140.900000,,0,B,0.36754,0.54114,0.13794,0.01846,frames/frame_008454.jpg
8455,140.916667,,0,B,0.36508,0.54515,0.13799,0.01847,frames/frame_008455.jpg
8456,140.933333,,0,B,0.36514,0.54548,0.13886,0.01336,frames/frame_008456.jpg
8457,140.950000,,0,P,0.36261,0.55024,0.13832,0.01810,frames/frame_008457.jpg
8458,140.966667,,0,B,0.36420,0.54764,0.13699,0.01359,frames/frame_008458.jpg
8459,140.983333,,0,P,0.36348,0.55052,0.13848,0.01405,frames/frame_008459.jpg
8460,141.000000,,1,I,0.34573,0.57448,0.14106,0.02901,frames/frame_008460.jpg
8461,141.016667,,0,B,0.34803,0.57107,0.14033,0.01146,frames/frame_008461.jpg
8462,141.033333,,0,B,0.34794,0.57139,0.14021,0.01960,frames/frame_008462.jpg
8463,141.050000,,0,B,0.34863,0.56993,0.13994,0.00856,frames/frame_008463.jpg
8464,141.066667,,0,P,0.34712,0.57354,0.14055,0.01878,frames/frame_008464.jpg
8465,141.083333,,0,P,0.34733,0.57284,0.14216,0.01260,frames/frame_008465.jpg
8466,141.100000,,0,B,0.34935,0.56671,0.14165,0.01547,frames/frame_008466.jpg
8467,141.116667,,0,B,0.34873,0.56790,0.13983,0.01440,frames/frame_008467.jpg
8468,141.133333,,0,B,0.34918,0.56462,0.13986,0.01273,frames/frame_008468.jpg
8469,141.150000,,0,P,0.34775,0.56921,0.14176,0.01398,frames/frame_008469.jpg
8470,141.166667,,0,B,0.34959,0.56249,0.14110,0.01261,frames/frame_008470.jpg
8471,141.183333,,0,B,0.34892,0.56466,0.14094,0.00829,frames/frame_008471.jpg
8472,141.200000,,0,B,0.34964,0.56170,0.14004,0.01315,frames/frame_008472.jpg
8473,141.216667,,0,P,0.34733,0.56688,0.13995,0.00679,frames/frame_008473.jpg
8474,141.233333,,0,B,0.34934,0.56164,0.14013,0.01327,frames/frame_008474.jpg
8475,141.250000,,0,B,0.34834,0.56482,0.13985,0.00869,frames/frame_008475.jpg
8476,141.266667,,0,B,0.34942,0.56410,0.14007,0.01128,frames/frame_008476.jpg
8477,141.283333,,0,P,0.34829,0.56875,0.13964,0.01314,frames/frame_008477.jpg
8478,141.300000,,0,B,0.35085,0.56582,0.14030,0.01002,frames/frame_008478.jpg
8479,141.316667,,0,B,0.34986,0.56754,0.14039,0.01358,frames/frame_008479.jpg
8480,141.333333,,0,B,0.35080,0.56547,0.14090,0.00972,frames/frame_008480.jpg
8481,141.350000,,0,P,0.34872,0.57073,0.14081,0.01291,frames/frame_008481.jpg
8482,141.366667,,0,B,0.35074,0.56464,0.14074,0.01148,frames/frame_008482.jpg
8483,141.383333,,0,B,0.35025,0.56617,0.14065,0.01067,frames/frame_008483.jpg
8484,141.400000,,0,B,0.35084,0.56430,0.14112,0.01135,frames/frame_008484.jpg
8485,141.416667,,0,P,0.34909,0.56969,0.14143,0.01102,frames/frame_008485.jpg
8486,141.433333,,0,B,0.35035,0.56465,0.14051,0.01070,frames/frame_008486.jpg
8487,141.450000,,0,B,0.34990,0.56638,0.14006,0.01114,frames/frame_008487.jpg
8488,141.466667,,0,B,0.35040,0.56498,0.14026,0.00776,frames/frame_008488.jpg
8489,141.483333,,0,P,0.34877,0.56935,0.14102,0.01236,frames/frame_008489.jpg
8490,141.500000,,0,B,0.34929,0.56560,0.14153,0.00780,frames/frame_008490.jpg
8491,141.516667,,0,B,0.34872,0.56609,0.14075,0.01083,frames/frame_008491.jpg
8492,141.533333,,0,B,0.34874,0.56339,0.14059,0.00870,frames/frame_008492.jpg
8493,141.550000,,0,P,0.34633,0.56834,0.14186,0.01017,frames/frame_008493.jpg
8494,141.566667,,0,B,0.34811,0.56269,0.14193,0.00968,frames/frame_008494.jpg
8495,141.583333,,0,B,0.34715,0.56371,0.14115,0.00750,frames/frame_008495.jpg
8496,141.600000,,0,B,0.34766,0.56111,0.14107,0.01003,frames/frame_008496.jpg
8497,141.616667,,0,P,0.34593,0.56634,0.14083,0.00778,frames/frame_008497.jpg
8498,141.633333,,0,B,0.34758,0.55997,0.14105,0.00713,frames/frame_008498.jpg
8499,141.650000,,0,B,0.34666,0.56178,0.14103,0.00694,frames/frame_008499.jpg
8500,141.666667,,0,B,0.34747,0.55955,0.14076,0.00513,frames/frame_008500.jpg
8501,141.683333,,0,P,0.34628,0.56339,0.14011,0.00748,frames/frame_008501.jpg
8502,141.700000,,0,B,0.34753,0.56001,0.13962,0.00684,frames/frame_008502.jpg
8503,141.716667,,0,B,0.34783,0.56156,0.14017,0.00653,frames/frame_008503.jpg
8504,141.733333,,0,B,0.34848,0.56110,0.14050,0.00766,frames/frame_008504.jpg
8505,141.750000,,0,P,0.34773,0.56446,0.14076,0.00700,frames/frame_008505.jpg
8506,141.766667,,0,B,0.34515,0.56472,0.14054,0.01039,frames/frame_008506.jpg
8507,141.783333,,0,B,0.34050,0.56960,0.14062,0.00991,frames/frame_008507.jpg
8508,141.800000,,0,B,0.33337,0.57441,0.13886,0.01207,frames/frame_008508.jpg
8509,141.816667,,0,P,0.32497,0.58170,0.13934,0.01225,frames/frame_008509.jpg
8510,141.833333,,0,B,0.31349,0.56617,0.13848,0.01640,frames/frame_008510.jpg
8511,141.850000,,0,B,0.29937,0.56195,0.13729,0.01759,frames/frame_008511.jpg
8512,141.866667,,0,B,0.28874,0.55326,0.13627,0.01466,frames/frame_008512.jpg
8513,141.883333,,0,P,0.26698,0.54783,0.13377,0.02330,frames/frame_008513.jpg
8514,141.900000,,0,B,0.24273,0.53012,0.12596,0.02516,frames/frame_008514.jpg
8515,141.916667,,0,B,0.22582,0.52631,0.12103,0.01898,frames/frame_008515.jpg
8516,141.933333,,0,B,0.20991,0.52226,0.11593,0.01802,frames/frame_008516.jpg
8517,141.950000,,0,P,0.18299,0.53652,0.10701,0.02718,frames/frame_008517.jpg
8518,141.966667,,0,B,0.16351,0.54650,0.09942,0.02022,frames/frame_008518.jpg
8519,141.983333,,0,B,0.12954,0.59523,0.08461,0.03354,frames/frame_008519.jpg
8520,142.000000,,0,B,0.08750,0.62710,0.05594,0.04018,frames/frame_008520.jpg
8521,142.016667,,0,P,0.07876,0.63324,0.05232,0.00928,frames/frame_008521.jpg
8522,142.033333,,0,P,0.04868,0.82161,0.03402,0.02832,frames/frame_008522.jpg
8523,142.050000,,0,P,0.20087,0.10032,0.03924,0.15500,frames/frame_008523.jpg
8524,142.066667,,0,P,0.07676,0.28198,0.03278,0.12648,frames/frame_008524.jpg
8525,142.083333,,0,P,0.03859,0.54244,0.02987,0.03951,frames/frame_008525.jpg
8526,142.100000,,0,B,0.03779,0.51308,0.02978,0.00392,frames/frame_008526.jpg
8527,142.116667,,0,B,0.03762,0.52799,0.02978,0.00302,frames/frame_008527.jpg
8528,142.133333,,0,B,0.03741,0.46410,0.02945,0.00251,frames/frame_008528.jpg
8529,142.150000,,0,P,0.03653,0.43633,0.02922,0.00249,frames/frame_008529.jpg
8530,142.166667,,0,B,0.03644,0.43735,0.02911,0.00059,frames/frame_008530.jpg
8531,142.183333,,0,B,0.03650,0.43853,0.02903,0.00066,frames/frame_008531.jpg
8532,142.200000,,0,P,0.03629,0.47160,0.02909,0.00115,frames/frame_008532.jpg
8533,142.216667,,0,B,0.03636,0.47431,0.02909,0.00071,frames/frame_008533.jpg
8534,142.233333,,0,B,0.03633,0.48350,0.02901,0.00054,frames/frame_008534.jpg
8535,142.250000,,0,B,0.03634,0.48249,0.02900,0.00035,frames/frame_008535.jpg
8536,142.266667,,0,P,0.03614,0.48734,0.02891,0.00068,frames/frame_008536.jpg
8537,142.283333,,0,B,0.03622,0.49006,0.02897,0.00045,frames/frame_008537.jpg
8538,142.300000,,0,B,0.03618,0.49020,0.02893,0.00031,frames/frame_008538.jpg
8539,142.316667,,0,B,0.03622,0.48946,0.02898,0.00032,frames/frame_008539.jpg
8540,142.333333,,0,P,0.03613,0.50023,0.02893,0.00046,frames/frame_008540.jpg
8541,142.350000,,0,B,0.03620,0.48229,0.02899,0.00050,frames/frame_008541.jpg
8542,142.366667,,0,B,0.03620,0.48342,0.02895,0.00029,frames/frame_008542.jpg
8543,142.383333,,0,B,0.03620,0.48274,0.02897,0.00033,frames/frame_008543.jpg
8544,142.400000,,0,P,0.03613,0.52646,0.02899,0.00063,frames/frame_008544.jpg
8545,142.416667,,0,B,0.03614,0.49437,0.02890,0.00045,frames/frame_008545.jpg
8546,142.433333,,0,B,0.03612,0.50869,0.02891,0.00021,frames/frame_008546.jpg
8547,142.450000,,0,B,0.03613,0.50079,0.02890,0.00023,frames/frame_008547.jpg
8548,142.466667,,0,P,0.03606,0.50108,0.02891,0.00034,frames/frame_008548.jpg
8549,142.483333,,0,B,0.03616,0.43661,0.02889,0.00091,frames/frame_008549.jpg
8550,142.500000,,0,B,0.03607,0.44546,0.02894,0.00080,frames/frame_008550.jpg
8551,142.516667,,0,B,0.03802,0.45414,0.03172,0.00971,frames/frame_008551.jpg
8552,142.533333,,0,P,0.03787,0.46970,0.03136,0.00307,frames/frame_008552.jpg
8553,142.550000,,0,B,0.03769,0.46752,0.03124,0.00392,frames/frame_008553.jpg
8554,142.566667,,0,B,0.03764,0.46711,0.03188,0.00148,frames/frame_008554.jpg
8555,142.583333,,0,B,0.03755,0.46584,0.03197,0.00232,frames/frame_008555.jpg
8556,142.600000,,0,P,0.03737,0.46696,0.03130,0.00140,frames/frame_008556.jpg
8557,142.616667,,0,B,0.03739,0.46589,0.03118,0.00058,frames/frame_008557.jpg
8558,142.633333,,0,B,0.03728,0.46648,0.03103,0.00053,frames/frame_008558.jpg
8559,142.650000,,0,B,0.03735,0.46293,0.03110,0.00026,frames/frame_008559.jpg
8560,142.666667,,0,P,0.03733,0.46300,0.03122,0.00037,frames/frame_008560.jpg
8561,142.683333,,0,B,0.03736,0.46258,0.03128,0.00031,frames/frame_008561.jpg
8562,142.700000,,0,B,0.03735,0.46223,0.03129,0.00011,frames/frame_008562.jpg
8563,142.716667,,0,B,0.03742,0.46239,0.03148,0.00016,frames/frame_008563.jpg
8564,142.733333,,0,P,0.03743,0.46209,0.03164,0.00028,frames/frame_008564.jpg
8565,142.750000,,0,B,0.03747,0.46178,0.03166,0.00030,frames/frame_008565.jpg
8566,142.766667,,0,B,0.03747,0.46181,0.03170,0.00013,frames/frame_008566.jpg
8567,142.783333,,0,B,0.03751,0.46158,0.03172,0.00011,frames/frame_008567.jpg
8568,142.800000,,0,P,0.03746,0.46260,0.03172,0.00035,frames/frame_008568.jpg
8569,142.816667,,0,B,0.03753,0.46160,0.03194,0.00030,frames/frame_008569.jpg
8570,142.833333,,0,B,0.03757,0.46175,0.03205,0.00027,frames/frame_008570.jpg
8571,142.850000,,0,B,0.03761,0.46151,0.03213,0.00023,frames/frame_008571.jpg
8572,142.866667,,0,P,0.03761,0.46156,0.03225,0.00028,frames/frame_008572.jpg
8573,142.883333,,0,B,0.03767,0.46233,0.03233,0.00036,frames/frame_008573.jpg
8574,142.900000,,0,B,0.03769,0.45966,0.03241,0.00028,frames/frame_008574.jpg
8575,142.916667,,0,B,0.03769,0.45966,0.03240,0.00022,frames/frame_008575.jpg
8576,142.933333,,0,P,0.03768,0.46266,0.03239,0.00032,frames/frame_008576.jpg
8577,142.950000,,0,B,0.03779,0.46156,0.03242,0.00056,frames/frame_008577.jpg
8578,142.966667,,0,B,0.04151,0.50901,0.03697,0.01000,frames/frame_008578.jpg
8579,142.983333,,0,B,0.04225,0.55129,0.03903,0.00798,frames/frame_008579.jpg
8580,143.000000,,0,P,0.03979,0.55451,0.03738,0.01019,frames/frame_008580.jpg
8581,143.016667,,0,B,0.03905,0.54998,0.03593,0.00431,frames/frame_008581.jpg
8582,143.033333,,0,B,0.03844,0.54851,0.03553,0.00362,frames/frame_008582.jpg
8583,143.050000,,0,B,0.03830,0.54341,0.03573,0.00187,frames/frame_008583.jpg
8584,143.066667,,0,P,0.03766,0.53858,0.03572,0.00147,frames/frame_008584.jpg
8585,143.083333,,0,B,0.03766,0.53497,0.03572,0.00068,frames/frame_008585.jpg
8586,143.100000,,0,B,0.03760,0.53616,0.03574,0.00051,frames/frame_008586.jpg
8587,143.116667,,0,B,0.03761,0.53504,0.03579,0.00042,frames/frame_008587.jpg
8588,143.133333,,0,P,0.03747,0.53376,0.03574,0.00057,frames/frame_008588.jpg
8589,143.150000,,0,B,0.03748,0.53661,0.03570,0.00036,frames/frame_008589.jpg
8590,143.166667,,0,B,0.03748,0.53566,0.03569,0.00025,frames/frame_008590.jpg
8591,143.183333,,0,B,0.03748,0.53017,0.03566,0.00021,frames/frame_008591.jpg
8592,143.200000,,0,P,0.03741,0.53739,0.03567,0.00039,frames/frame_008592.jpg
8593,143.216667,,0,B,0.03744,0.53719,0.03567,0.00037,frames/frame_008593.jpg
8594,143.233333,,0,B,0.03744,0.53665,0.03567,0.00018,frames/frame_008594.jpg
8595,143.250000,,0,B,0.03745,0.53536,0.03566,0.00016,frames/frame_008595.jpg
8596,143.266667,,0,P,0.03733,0.53119,0.03571,0.00035,frames/frame_008596.jpg
8597,143.283333,,0,B,0.03735,0.53453,0.03571,0.00031,frames/frame_008597.jpg
8598,143.300000,,0,B,0.03733,0.53407,0.03570,0.00017,frames/frame_008598.jpg
8599,143.316667,,0,B,0.03734,0.53442,0.03570,0.00023,frames/frame_008599.jpg
8600,143.333333,,0,P,0.03730,0.53781,0.03563,0.00040,frames/frame_008600.jpg
8601,143.350000,,0,B,0.03732,0.53798,0.03565,0.00034,frames/frame_008601.jpg
8602,143.366667,,0,B,0.03730,0.53695,0.03563,0.00031,frames/frame_008602.jpg
8603,143.383333,,0,B,0.03731,0.53691,0.03562,0.00025,frames/frame_008603.jpg
8604,143.400000,,0,P,0.03728,0.54255,0.03560,0.00032,frames/frame_008604.jpg
8605,143.416667,,0,B,0.03627,0.51357,0.03807,0.00970,frames/frame_008605.jpg
8606,143.433333,,0,P,0.03415,0.54237,0.03369,0.01403,frames/frame_008606.jpg
8607,143.450000,,0,B,0.03420,0.54144,0.03417,0.00301,frames/frame_008607.jpg
8608,143.466667,,0,B,0.03414,0.54355,0.03408,0.00248,frames/frame_008608.jpg
8609,143.483333,,0,B,0.03413,0.54223,0.03413,0.00204,frames/frame_008609.jpg
8610,143.500000,,0,P,0.03394,0.54256,0.03365,0.00154,frames/frame_008610.jpg
8611,143.516667,,0,B,0.03375,0.54159,0.03358,0.00104,frames/frame_008611.jpg
8612,143.533333,,0,B,0.03381,0.54022,0.03345,0.00060,frames/frame_008612.jpg
8613,143.550000,,0,B,0.03380,0.53745,0.03344,0.00037,frames/frame_008613.jpg
8614,143.566667,,0,P,0.03366,0.53769,0.03339,0.00054,frames/frame_008614.jpg
8615,143.583333,,0,B,0.03371,0.54180,0.03337,0.00029,frames/frame_008615.jpg
8616,143.600000,,0,B,0.03368,0.53664,0.03336,0.00021,frames/frame_008616.jpg
8617,143.616667,,0,B,0.03370,0.53933,0.03337,0.00023,frames/frame_008617.jpg
8618,143.633333,,0,P,0.03367,0.53990,0.03334,0.00035,frames/frame_008618.jpg
8619,143.650000,,0,B,0.03369,0.53630,0.03331,0.00030,frames/frame_008619.jpg
8620,143.666667,,0,B,0.03369,0.53605,0.03330,0.00016,frames/frame_008620.jpg
8621,143.683333,,0,B,0.03369,0.53674,0.03331,0.00012,frames/frame_008621.jpg
8622,143.700000,,0,P,0.03360,0.53639,0.03335,0.00038,frames/frame_008622.jpg
8623,143.716667,,0,B,0.03362,0.53607,0.03336,0.00031,frames/frame_008623.jpg
8624,143.733333,,0,B,0.03361,0.53641,0.03334,0.00018,frames/frame_008624.jpg
8625,143.750000,,0,B,0.03362,0.53609,0.03333,0.00023,frames/frame_008625.jpg
8626,143.766667,,0,P,0.03361,0.53779,0.03333,0.00032,frames/frame_008626.jpg
8627,143.783333,,0,B,0.03362,0.54174,0.03334,0.00031,frames/frame_008627.jpg
8628,143.800000,,0,B,0.03361,0.54157,0.03334,0.00018,frames/frame_008628.jpg
8629,143.816667,,0,B,0.03362,0.54012,0.03334,0.00018,frames/frame_008629.jpg
8630,143.833333,,0,P,0.03358,0.53970,0.03333,0.00032,frames/frame_008630.jpg
8631,143.850000,,0,B,0.03358,0.54235,0.03334,0.00003,frames/frame_008631.jpg
8632,143.866667,,0,P,0.21211,0.13267,0.05173,0.17907,frames/frame_008632.jpg
8633,143.883333,,0,P,0.10305,0.38836,0.03951,0.12065,frames/frame_008633.jpg
8634,143.900000,,0,P,0.05804,0.55994,0.03615,0.04505,frames/frame_008634.jpg
8635,143.916667,,0,B,0.05815,0.52908,0.03577,0.00487,frames/frame_008635.jpg
8636,143.933333,,0,B,0.05771,0.53027,0.03444,0.00338,frames/frame_008636.jpg
8637,143.950000,,0,B,0.05756,0.53054,0.03438,0.00304,frames/frame_008637.jpg
8638,143.966667,,0,P,0.05691,0.53183,0.03480,0.00212,frames/frame_008638.jpg
8639,143.983333,,0,P,0.05678,0.53014,0.03487,0.00101,frames/frame_008639.jpg
8640,144.000000,,1,I,0.05616,0.52886,0.03467,0.00203,frames/frame_008640.jpg
8641,144.016667,,0,B,0.05622,0.52834,0.03478,0.00026,frames/frame_008641.jpg
8642,144.033333,,0,B,0.05623,0.52899,0.03475,0.00015,frames/frame_008642.jpg
8643,144.050000,,0,B,0.05620,0.52869,0.03476,0.00016,frames/frame_008643.jpg
8644,144.066667,,0,P,0.05622,0.52915,0.03476,0.00021,frames/frame_008644.jpg
8645,144.083333,,0,B,0.05624,0.52857,0.03474,0.00010,frames/frame_008645.jpg
8646,144.100000,,0,B,0.05623,0.52834,0.03474,0.00005,frames/frame_008646.jpg
8647,144.116667,,0,B,0.05625,0.52886,0.03472,0.00010,frames/frame_008647.jpg
8648,144.133333,,0,P,0.05622,0.52835,0.03475,0.00019,frames/frame_008648.jpg
8649,144.150000,,0,B,0.05623,0.52656,0.03474,0.00016,frames/frame_008649.jpg
8650,144.166667,,0,B,0.05621,0.52745,0.03474,0.00011,frames/frame_008650.jpg
8651,144.183333,,0,B,0.05621,0.52803,0.03477,0.00005,frames/frame_008651.jpg
8652,144.200000,,0,P,0.05623,0.52671,0.03476,0.00013,frames/frame_008652.jpg
8653,144.216667,,0,B,0.05621,0.52685,0.03478,0.00024,frames/frame_008653.jpg
8654,144.233333,,0,B,0.05623,0.52689,0.03480,0.00013,frames/frame_008654.jpg
8655,144.250000,,0,B,0.05625,0.52666,0.03479,0.00007,frames/frame_008655.jpg
8656,144.266667,,0,P,0.05623,0.52721,0.03474,0.00012,frames/frame_008656.jpg
8657,144.283333,,0,B,0.05670,0.52454,0.03486,0.00077,frames/frame_008657.jpg
8658,144.300000,,0,B,0.05676,0.52400,0.03503,0.00037,frames/frame_008658.jpg
8659,144.316667,,0,B,0.05680,0.51815,0.03504,0.00059,frames/frame_008659.jpg
8660,144.333333,,0,P,0.07409,0.51532,0.04625,0.03547,frames/frame_008660.jpg
8661,144.350000,,0,B,0.07332,0.51103,0.04528,0.00958,frames/frame_008661.jpg
8662,144.366667,,0,B,0.07275,0.51610,0.04491,0.00736,frames/frame_008662.jpg
8663,144.383333,,0,B,0.07219,0.51789,0.04429,0.00452,frames/frame_008663.jpg
8664,144.400000,,0,P,0.07110,0.52005,0.04386,0.00616,frames/frame_008664.jpg
8665,144.416667,,0,B,0.07129,0.52156,0.04319,0.00300,frames/frame_008665.jpg
8666,144.433333,,0,B,0.07098,0.52145,0.04330,0.00148,frames/frame_008666.jpg
8667,144.450000,,0,B,0.07093,0.52194,0.04334,0.00073,frames/frame_008667.jpg
8668,144.466667,,0,P,0.07062,0.52974,0.04325,0.00100,frames/frame_008668.jpg
8669,144.483333,,0,B,0.07063,0.52784,0.04325,0.00031,frames/frame_008669.jpg
8670,144.500000,,0,B,0.07061,0.52818,0.04324,0.00027,frames/frame_008670.jpg
8671,144.516667,,0,B,0.07059,0.52812,0.04324,0.00018,frames/frame_008671.jpg
8672,144.533333,,0,P,0.07052,0.52982,0.04322,0.00039,frames/frame_008672.jpg
8673,144.550000,,0,B,0.07052,0.52634,0.04322,0.00030,frames/frame_008673.jpg
8674,144.566667,,0,B,0.07050,0.52609,0.04319,0.00020,frames/frame_008674.jpg
8675,144.583333,,0,B,0.07050,0.52550,0.04321,0.00019,frames/frame_008675.jpg
8676,144.600000,,0,P,0.07044,0.52557,0.04321,0.00028,frames/frame_008676.jpg
8677,144.616667,,0,B,0.07049,0.52657,0.04315,0.00022,frames/frame_008677.jpg
8678,144.633333,,0,B,0.07049,0.52685,0.04315,0.00017,frames/frame_008678.jpg
8679,144.650000,,0,B,0.07053,0.52586,0.04314,0.00014,frames/frame_008679.jpg
8680,144.666667,,0,P,0.07052,0.52785,0.04315,0.00021,frames/frame_008680.jpg
8681,144.683333,,0,B,0.07052,0.52769,0.04310,0.00021,frames/frame_008681.jpg
8682,144.700000,,0,B,0.07050,0.53188,0.04315,0.00023,frames/frame_008682.jpg
8683,144.716667,,0,B,0.07048,0.52899,0.04315,0.00017,frames/frame_008683.jpg
8684,144.733333,,0,P,0.07041,0.53066,0.04318,0.00030,frames/frame_008684.jpg
8685,144.750000,,0,B,0.07059,0.52781,0.04322,0.00066,frames/frame_008685.jpg
8686,144.766667,,0,B,0.07063,0.52593,0.04328,0.00061,frames/frame_008686.jpg
8687,144.783333,,0,P,0.07427,0.52235,0.04763,0.02792,frames/frame_008687.jpg
8688,144.800000,,0,B,0.07306,0.52290,0.04563,0.01364,frames/frame_008688.jpg
8689,144.816667,,0,B,0.07255,0.53157,0.04659,0.00722,frames/frame_008689.jpg
8690,144.833333,,0,B,0.07212,0.52742,0.04504,0.00481,frames/frame_008690.jpg
8691,144.850000,,0,P,0.07114,0.53571,0.04631,0.00697,frames/frame_008691.jpg
8692,144.866667,,0,B,0.07113,0.53379,0.04481,0.00355,frames/frame_008692.jpg
8693,144.883333,,0,B,0.07082,0.53673,0.04494,0.00177,frames/frame_008693.jpg
8694,144.900000,,0,B,0.07078,0.53831,0.04511,0.00089,frames/frame_008694.jpg
8695,144.916667,,0,P,0.07046,0.53848,0.04507,0.00105,frames/frame_008695.jpg
8696,144.933333,,0,B,0.07044,0.53784,0.04501,0.00040,frames/frame_008696.jpg
8697,144.950000,,0,B,0.07044,0.53797,0.04491,0.00026,frames/frame_008697.jpg
8698,144.966667,,0,B,0.07042,0.53844,0.04489,0.00017,frames/frame_008698.jpg
8699,144.983333,,0,P,0.07035,0.53742,0.04488,0.00033,frames/frame_008699.jpg
8700,145.000000,,0,B,0.07040,0.53987,0.04486,0.00027,frames/frame_008700.jpg
8701,145.016667,,0,B,0.07041,0.53895,0.04484,0.00014,frames/frame_008701.jpg
8702,145.033333,,0,B,0.07041,0.54024,0.04490,0.00013,frames/frame_008702.jpg
8703,145.050000,,0,P,0.07036,0.53978,0.04490,0.00022,frames/frame_008703.jpg
8704,145.066667,,0,B,0.07038,0.53629,0.04489,0.00021,frames/frame_008704.jpg
8705,145.083333,,0,B,0.07035,0.53608,0.04487,0.00009,frames/frame_008705.jpg
8706,145.100000,,0,B,0.07033,0.53579,0.04486,0.00010,frames/frame_008706.jpg
8707,145.116667,,0,P,0.07029,0.53626,0.04482,0.00024,frames/frame_008707.jpg
8708,145.133333,,0,B,0.07030,0.53414,0.04484,0.00017,frames/frame_008708.jpg
8709,145.150000,,0,B,0.07029,0.53482,0.04483,0.00012,frames/frame_008709.jpg
8710,145.166667,,0,B,0.07031,0.53513,0.04483,0.00012,frames/frame_008710.jpg
8711,145.183333,,0,P,0.07029,0.53587,0.04480,0.00021,frames/frame_008711.jpg
8712,145.200000,,0,B,0.07075,0.55609,0.04505,0.00084,frames/frame_008712.jpg
8713,145.216667,,0,B,0.07079,0.55512,0.04527,0.00036,frames/frame_008713.jpg
8714,145.233333,,0,B,0.10212,0.52412,0.06529,0.05916,frames/frame_008714.jpg
8715,145.250000,,0,P,0.10035,0.54509,0.05952,0.03050,frames/frame_008715.jpg
8716,145.266667,,0,B,0.09911,0.54321,0.05948,0.01098,frames/frame_008716.jpg
8717,145.283333,,0,B,0.09783,0.54924,0.05826,0.00976,frames/frame_008717.jpg
8718,145.300000,,0,B,0.09672,0.54728,0.05875,0.01171,frames/frame_008718.jpg
8719,145.316667,,0,P,0.09582,0.55560,0.05786,0.00914,frames/frame_008719.jpg
8720,145.333333,,0,B,0.09564,0.54929,0.05780,0.00423,frames/frame_008720.jpg
8721,145.350000,,0,B,0.09529,0.55000,0.05706,0.00218,frames/frame_008721.jpg
8722,145.366667,,0,B,0.09523,0.54965,0.05685,0.00120,frames/frame_008722.jpg
8723,145.383333,,0,P,0.09494,0.55032,0.05664,0.00104,frames/frame_008723.jpg
8724,145.400000,,0,B,0.09494,0.54894,0.05666,0.00050,frames/frame_008724.jpg
8725,145.416667,,0,B,0.09482,0.54965,0.05661,0.00033,frames/frame_008725.jpg
8726,145.433333,,0,B,0.09482,0.54910,0.05665,0.00019,frames/frame_008726.jpg
8727,145.450000,,0,P,0.09464,0.54973,0.05665,0.00056,frames/frame_008727.jpg
8728,145.466667,,0,B,0.09465,0.55024,0.05665,0.00030,frames/frame_008728.jpg
8729,145.483333,,0,B,0.09465,0.55007,0.05667,0.00016,frames/frame_008729.jpg
8730,145.500000,,0,B,0.09466,0.54994,0.05664,0.00011,frames/frame_008730.jpg
8731,145.516667,,0,P,0.09461,0.55076,0.05664,0.00029,frames/frame_008731.jpg
8732,145.533333,,0,B,0.09467,0.55093,0.05661,0.00027,frames/frame_008732.jpg
8733,145.550000,,0,B,0.09464,0.55159,0.05660,0.00016,frames/frame_008733.jpg
8734,145.566667,,0,B,0.09467,0.54987,0.05659,0.00011,frames/frame_008734.jpg
8735,145.583333,,0,P,0.09461,0.55116,0.05659,0.00026,frames/frame_008735.jpg
8736,145.600000,,0,B,0.09460,0.54729,0.05660,0.00018,frames/frame_008736.jpg
8737,145.616667,,0,B,0.09455,0.54812,0.05659,0.00013,frames/frame_008737.jpg
8738,145.633333,,0,B,0.09455,0.54439,0.05658,0.00015,frames/frame_008738.jpg
8739,145.650000,,0,P,0.09445,0.54426,0.05660,0.00037,frames/frame_008739.jpg
8740,145.666667,,0,B,0.09446,0.54345,0.05657,0.00010,frames/frame_008740.jpg
8741,145.683333,,0,B,0.09446,0.54344,0.05659,0.00002,frames/frame_008741.jpg
8742,145.700000,,0,P,0.08024,0.27512,0.01578,0.09287,frames/frame_008742.jpg
8743,145.716667,,0,P,0.02746,0.22205,0.02161,0.06687,frames/frame_008743.jpg
8744,145.733333,,0,P,0.03374,0.25015,0.02517,0.01117,frames/frame_008744.jpg
8745,145.750000,,0,P,0.03931,0.26959,0.02928,0.00738,frames/frame_008745.jpg
8746,145.766667,,0,P,0.04485,0.28355,0.03344,0.00758,frames/frame_008746.jpg
8747,145.783333,,0,B,0.05106,0.31085,0.03805,0.00773,frames/frame_008747.jpg
8748,145.800000,,0,P,0.05232,0.30964,0.04157,0.00302,frames/frame_008748.jpg
8749,145.816667,,0,P,0.05639,0.33600,0.04207,0.00467,frames/frame_008749.jpg
8750,145.833333,,0,B,0.06181,0.34912,0.04660,0.00553,frames/frame_008750.jpg
8751,145.850000,,0,B,0.06198,0.35287,0.04658,0.00048,frames/frame_008751.jpg
8752,145.866667,,0,P,0.06194,0.35031,0.04656,0.00040,frames/frame_008752.jpg
8753,145.883333,,0,B,0.06198,0.35325,0.04659,0.00027,frames/frame_008753.jpg
8754,145.900000,,0,B,0.06199,0.35567,0.04658,0.00016,frames/frame_008754.jpg
8755,145.916667,,0,B,0.06201,0.35720,0.04658,0.00013,frames/frame_008755.jpg
8756,145.933333,,0,P,0.06197,0.35594,0.04658,0.00017,frames/frame_008756.jpg
8757,145.950000,,0,B,0.06200,0.35588,0.04660,0.00014,frames/frame_008757.jpg
8758,145.966667,,0,B,0.06200,0.35246,0.04661,0.00009,frames/frame_008758.jpg
8759,145.983333,,0,B,0.06201,0.35573,0.04662,0.00009,frames/frame_008759.jpg
8760,146.000000,,0,P,0.06199,0.35274,0.04663,0.00011,frames/frame_008760.jpg
8761,146.016667,,0,B,0.06200,0.35236,0.04665,0.00012,frames/frame_008761.jpg
8762,146.033333,,0,B,0.06201,0.35206,0.04663,0.00013,frames/frame_008762.jpg
8763,146.050000,,0,P,0.06199,0.35227,0.04657,0.00016,frames/frame_008763.jpg
8764,146.066667,,0,B,0.06202,0.35023,0.04663,0.00015,frames/frame_008764.jpg
8765,146.083333,,0,B,0.06202,0.35116,0.04663,0.00007,frames/frame_008765.jpg
8766,146.100000,,0,B,0.06202,0.35330,0.04661,0.00012,frames/frame_008766.jpg
8767,146.116667,,0,P,0.06198,0.35191,0.04658,0.00013,frames/frame_008767.jpg
8768,146.133333,,0,B,0.06179,0.35627,0.04655,0.00065,frames/frame_008768.jpg
8769,146.150000,,0,B,0.02383,0.24654,0.01949,0.04912,frames/frame_008769.jpg
8770,146.166667,,0,P,0.04799,0.30431,0.03947,0.02786,frames/frame_008770.jpg
8771,146.183333,,0,B,0.06646,0.32281,0.05468,0.02494,frames/frame_008771.jpg
8772,146.200000,,0,P,0.08255,0.34084,0.06611,0.02182,frames/frame_008772.jpg
8773,146.216667,,0,B,0.09496,0.36387,0.07610,0.01786,frames/frame_008773.jpg
8774,146.233333,,0,B,0.10845,0.38036,0.08651,0.01679,frames/frame_008774.jpg
8775,146.250000,,0,B,0.11671,0.37691,0.09314,0.01114,frames/frame_008775.jpg
8776,146.266667,,0,P,0.12366,0.40787,0.09868,0.00994,frames/frame_008776.jpg
8777,146.283333,,0,B,0.12683,0.41735,0.10216,0.00371,frames/frame_008777.jpg
8778,146.300000,,0,B,0.13189,0.40797,0.10559,0.00546,frames/frame_008778.jpg
8779,146.316667,,0,B,0.13477,0.40488,0.10823,0.00326,frames/frame_008779.jpg
8780,146.333333,,0,P,0.13580,0.43103,0.10816,0.00174,frames/frame_008780.jpg
8781,146.350000,,0,B,0.13596,0.43321,0.10810,0.00053,frames/frame_008781.jpg
8782,146.366667,,0,B,0.13591,0.43305,0.10812,0.00026,frames/frame_008782.jpg
8783,146.383333,,0,B,0.13596,0.43227,0.10809,0.00033,frames/frame_008783.jpg
8784,146.400000,,0,P,0.13592,0.43493,0.10813,0.00040,frames/frame_008784.jpg
8785,146.416667,,0,B,0.13605,0.43518,0.10811,0.00043,frames/frame_008785.jpg
8786,146.433333,,0,B,0.13603,0.43538,0.10808,0.00025,frames/frame_008786.jpg
8787,146.450000,,0,B,0.13604,0.43650,0.10815,0.00028,frames/frame_008787.jpg
8788,146.466667,,0,P,0.13598,0.43405,0.10816,0.00038,frames/frame_008788.jpg
8789,146.483333,,0,B,0.13602,0.43374,0.10819,0.00016,frames/frame_008789.jpg
8790,146.500000,,0,B,0.13602,0.43357,0.10818,0.00010,frames/frame_008790.jpg
8791,146.516667,,0,B,0.13603,0.43347,0.10819,0.00011,frames/frame_008791.jpg
8792,146.533333,,0,P,0.13602,0.43427,0.10816,0.00016,frames/frame_008792.jpg
8793,146.550000,,0,B,0.13601,0.43370,0.10816,0.00007,frames/frame_008793.jpg
8794,146.566667,,0,B,0.13593,0.43425,0.10819,0.00013,frames/frame_008794.jpg
8795,146.583333,,0,B,0.13592,0.43536,0.10817,0.00010,frames/frame_008795.jpg
8796,146.600000,,0,P,0.01688,0.18310,0.01523,0.12505,frames/frame_008796.jpg
8797,146.616667,,0,P,0.04392,0.30929,0.03697,0.02793,frames/frame_008797.jpg
8798,146.633333,,0,P,0.06407,0.32385,0.05455,0.02479,frames/frame_008798.jpg
8799,146.650000,,0,B,0.08208,0.36641,0.07043,0.02404,frames/frame_008799.jpg
8800,146.666667,,0,B,0.09661,0.34564,0.08505,0.02063,frames/frame_008800.jpg
8801,146.683333,,0,B,0.10814,0.34567,0.09676,0.01510,frames/frame_008801.jpg
8802,146.700000,,0,P,0.11645,0.36852,0.10541,0.01213,frames/frame_008802.jpg
8803,146.716667,,0,B,0.12519,0.38021,0.11366,0.01033,frames/frame_008803.jpg
8804,146.733333,,0,B,0.12966,0.37173,0.11825,0.00609,frames/frame_008804.jpg
8805,146.750000,,0,B,0.13409,0.36692,0.12254,0.00522,frames/frame_008805.jpg
8806,146.766667,,0,P,0.13668,0.39975,0.12449,0.00377,frames/frame_008806.jpg
8807,146.783333,,0,B,0.13965,0.40118,0.12711,0.00368,frames/frame_008807.jpg
8808,146.800000,,0,P,0.14086,0.41147,0.12806,0.00212,frames/frame_008808.jpg
8809,146.816667,,0,B,0.14095,0.41113,0.12794,0.00065,frames/frame_008809.jpg
8810,146.833333,,0,B,0.14124,0.41158,0.12793,0.00094,frames/frame_008810.jpg
8811,146.850000,,0,P,0.14121,0.41440,0.12791,0.00067,frames/frame_008811.jpg
8812,146.866667,,0,B,0.14140,0.41181,0.12787,0.00050,frames/frame_008812.jpg
8813,146.883333,,0,B,0.14137,0.41331,0.12787,0.00025,frames/frame_008813.jpg
8814,146.900000,,0,B,0.14140,0.41193,0.12792,0.00031,frames/frame_008814.jpg
8815,146.916667,,0,P,0.14135,0.41697,0.12781,0.00036,frames/frame_008815.jpg
8816,146.933333,,0,B,0.14143,0.41331,0.12780,0.00032,frames/frame_008816.jpg
8817,146.950000,,0,B,0.14144,0.41357,0.12779,0.00015,frames/frame_008817.jpg
8818,146.966667,,0,B,0.14145,0.41180,0.12781,0.00019,frames/frame_008818.jpg
8819,146.983333,,0,P,0.14138,0.41260,0.12776,0.00026,frames/frame_008819.jpg
8820,147.000000,,1,I,0.14364,0.40256,0.12768,0.00419,frames/frame_008820.jpg
8821,147.016667,,0,B,0.14161,0.43069,0.12777,0.00266,frames/frame_008821.jpg
8822,147.033333,,0,B,0.14215,0.41241,0.12790,0.00226,frames/frame_008822.jpg
8823,147.050000,,0,P,0.01124,0.82998,0.01366,0.13322,frames/frame_008823.jpg
8824,147.066667,,0,P,0.03828,0.72362,0.04695,0.02748,frames/frame_008824.jpg
8825,147.083333,,0,P,0.06098,0.63763,0.07391,0.02839,frames/frame_008825.jpg
8826,147.100000,,0,P,0.08011,0.57460,0.08337,0.03121,frames/frame_008826.jpg
8827,147.116667,,0,B,0.09553,0.51902,0.09942,0.02540,frames/frame_008827.jpg
8828,147.133333,,0,B,0.10934,0.46548,0.11209,0.01825,frames/frame_008828.jpg
8829,147.150000,,0,P,0.11875,0.44402,0.12457,0.01350,frames/frame_008829.jpg
8830,147.166667,,0,B,0.12756,0.41022,0.13432,0.01111,frames/frame_008830.jpg
8831,147.183333,,0,P,0.13318,0.39949,0.14173,0.00855,frames/frame_008831.jpg
8832,147.200000,,0,B,0.13846,0.33273,0.14738,0.00660,frames/frame_008832.jpg
8833,147.216667,,0,P,0.14182,0.34273,0.15199,0.00501,frames/frame_008833.jpg
8834,147.233333,,0,P,0.14390,0.34295,0.15448,0.00427,frames/frame_008834.jpg
8835,147.250000,,0,B,0.14554,0.32447,0.15577,0.00280,frames/frame_008835.jpg
8836,147.266667,,0,P,0.14610,0.32834,0.15606,0.00198,frames/frame_008836.jpg
8837,147.283333,,0,P,0.14604,0.32925,0.15601,0.00201,frames/frame_008837.jpg
8838,147.300000,,0,B,0.14621,0.33052,0.15583,0.00120,frames/frame_008838.jpg
8839,147.316667,,0,P,0.14610,0.33558,0.15565,0.00118,frames/frame_008839.jpg
8840,147.333333,,0,P,0.14643,0.33560,0.15530,0.00195,frames/frame_008840.jpg
8841,147.350000,,0,P,0.14638,0.33606,0.15518,0.00127,frames/frame_008841.jpg
8842,147.366667,,0,P,0.14640,0.33529,0.15522,0.00104,frames/frame_008842.jpg
8843,147.383333,,0,P,0.14655,0.33326,0.15504,0.00139,frames/frame_008843.jpg
8844,147.400000,,0,P,0.14642,0.33628,0.15494,0.00108,frames/frame_008844.jpg
8845,147.416667,,0,P,0.14657,0.33496,0.15466,0.00136,frames/frame_008845.jpg
8846,147.433333,,0,B,0.14660,0.33391,0.15473,0.00061,frames/frame_008846.jpg
8847,147.450000,,0,P,0.14659,0.33468,0.15468,0.00056,frames/frame_008847.jpg
8848,147.466667,,0,P,0.14653,0.33499,0.15458,0.00068,frames/frame_008848.jpg
8849,147.483333,,0,P,0.14653,0.33480,0.15460,0.00042,frames/frame_008849.jpg
8850,147.500000,,0,B,0.14652,0.33506,0.15455,0.00027,frames/frame_008850.jpg
8851,147.516667,,0,P,0.08553,0.24374,0.00808,0.12334,frames/frame_008851.jpg
8852,147.533333,,0,B,0.01040,0.23797,0.00471,0.07170,frames/frame_008852.jpg
8853,147.550000,,0,B,0.00970,0.23778,0.00378,0.00107,frames/frame_008853.jpg
8854,147.566667,,0,B,0.01003,0.23714,0.00386,0.00055,frames/frame_008854.jpg
8855,147.583333,,0,P,0.01039,0.24163,0.00388,0.00085,frames/frame_008855.jpg
8856,147.600000,,0,B,0.01107,0.24674,0.00405,0.00118,frames/frame_008856.jpg
8857,147.616667,,0,B,0.01170,0.25974,0.00417,0.00129,frames/frame_008857.jpg
8858,147.633333,,0,B,0.01202,0.29084,0.00430,0.00140,frames/frame_008858.jpg
8859,147.650000,,0,P,0.01227,0.30349,0.00440,0.00167,frames/frame_008859.jpg
8860,147.666667,,0,B,0.01251,0.29615,0.00480,0.00213,frames/frame_008860.jpg
8861,147.683333,,0,B,0.01263,0.30161,0.00504,0.00256,frames/frame_008861.jpg
8862,147.700000,,0,B,0.01297,0.30405,0.00533,0.00311,frames/frame_008862.jpg
8863,147.716667,,0,P,0.01293,0.31516,0.00542,0.00338,frames/frame_008863.jpg
8864,147.733333,,0,B,0.01374,0.30985,0.00598,0.00401,frames/frame_008864.jpg
8865,147.750000,,0,B,0.01405,0.28960,0.00668,0.00458,frames/frame_008865.jpg
8866,147.766667,,0,B,0.01466,0.29122,0.00742,0.00472,frames/frame_008866.jpg
8867,147.783333,,0,P,0.01511,0.30532,0.00785,0.00565,frames/frame_008867.jpg
8868,147.800000,,0,B,0.01579,0.31563,0.00897,0.00584,frames/frame_008868.jpg
8869,147.816667,,0,B,0.01649,0.32761,0.01032,0.00669,frames/frame_008869.jpg
8870,147.833333,,0,B,0.01772,0.37768,0.01128,0.00705,frames/frame_008870.jpg
8871,147.850000,,0,P,0.01768,0.35463,0.01215,0.00730,frames/frame_008871.jpg
8872,147.866667,,0,B,0.01921,0.40849,0.01339,0.00717,frames/frame_008872.jpg
8873,147.883333,,0,B,0.01917,0.39997,0.01395,0.00759,frames/frame_008873.jpg
8874,147.900000,,0,B,0.02032,0.46882,0.01509,0.00752,frames/frame_008874.jpg
8875,147.916667,,0,P,0.02050,0.47453,0.01571,0.00873,frames/frame_008875.jpg
8876,147.933333,,0,B,0.02229,0.57778,0.01764,0.00842,frames/frame_008876.jpg
8877,147.950000,,0,P,0.02349,0.60490,0.01921,0.01027,frames/frame_008877.jpg
8878,147.966667,,0,B,0.02582,0.65589,0.02160,0.01048,frames/frame_008878.jpg
8879,147.983333,,0,B,0.02732,0.70668,0.02257,0.00993,frames/frame_008879.jpg
8880,148.000000,,0,B,0.02810,0.68427,0.02313,0.00835,frames/frame_008880.jpg
8881,148.016667,,0,P,0.02668,0.66573,0.02254,0.00705,frames/frame_008881.jpg
8882,148.033333,,0,B,0.02747,0.68275,0.02280,0.00737,frames/frame_008882.jpg
8883,148.050000,,0,B,0.02750,0.71932,0.02306,0.00740,frames/frame_008883.jpg
8884,148.066667,,0,B,0.02790,0.72509,0.02269,0.00733,frames/frame_008884.jpg
8885,148.083333,,0,P,0.02700,0.74644,0.02267,0.00787,frames/frame_008885.jpg
8886,148.100000,,0,B,0.02844,0.75452,0.02338,0.00601,frames/frame_008886.jpg
8887,148.116667,,0,B,0.02903,0.77105,0.02346,0.00596,frames/frame_008887.jpg
8888,148.133333,,0,B,0.02937,0.77972,0.02346,0.00534,frames/frame_008888.jpg
8889,148.150000,,0,P,0.02835,0.75538,0.02345,0.00588,frames/frame_008889.jpg
8890,148.166667,,0,B,0.02929,0.67424,0.02339,0.00437,frames/frame_008890.jpg
8891,148.183333,,0,B,0.02902,0.67999,0.02342,0.00358,frames/frame_008891.jpg
8892,148.200000,,0,B,0.02932,0.67606,0.02367,0.00303,frames/frame_008892.jpg
8893,148.216667,,0,P,0.02777,0.61388,0.02303,0.00403,frames/frame_008893.jpg
8894,148.233333,,0,P,0.02782,0.58673,0.02261,0.00243,frames/frame_008894.jpg
8895,148.250000,,0,B,0.02838,0.57987,0.02249,0.00211,frames/frame_008895.jpg
8896,148.266667,,0,B,0.02814,0.57746,0.02237,0.00185,frames/frame_008896.jpg
8897,148.283333,,0,B,0.02844,0.57889,0.02225,0.00156,frames/frame_008897.jpg
8898,148.300000,,0,P,0.02784,0.58068,0.02190,0.00192,frames/frame_008898.jpg
8899,148.316667,,0,B,0.02805,0.57741,0.02182,0.00112,frames/frame_008899.jpg
8900,148.333333,,0,B,0.02804,0.58051,0.02183,0.00093,frames/frame_008900.jpg
8901,148.350000,,0,B,0.02802,0.57862,0.02181,0.00082,frames/frame_008901.jpg
8902,148.366667,,0,P,0.02784,0.57839,0.02170,0.00099,frames/frame_008902.jpg
8903,148.383333,,0,B,0.02790,0.58142,0.02187,0.00111,frames/frame_008903.jpg
8904,148.400000,,0,B,0.02792,0.56817,0.02194,0.00076,frames/frame_008904.jpg
8905,148.416667,,0,P,0.04216,0.22865,0.02531,0.04665,frames/frame_008905.jpg
8906,148.433333,,0,B,0.04228,0.22555,0.02248,0.00452,frames/frame_008906.jpg
8907,148.450000,,0,B,0.04223,0.22431,0.02533,0.00495,frames/frame_008907.jpg
8908,148.466667,,0,B,0.04227,0.22311,0.02365,0.00240,frames/frame_008908.jpg
8909,148.483333,,0,P,0.04218,0.22242,0.02575,0.00215,frames/frame_008909.jpg
8910,148.500000,,0,B,0.04227,0.22149,0.02603,0.00109,frames/frame_008910.jpg
8911,148.516667,,0,P,0.04213,0.22223,0.02576,0.00073,frames/frame_008911.jpg
8912,148.533333,,0,B,0.02521,0.42978,0.02016,0.03135,frames/frame_008912.jpg
8913,148.550000,,0,B,0.02488,0.45098,0.01998,0.00083,frames/frame_008913.jpg
8914,148.566667,,0,B,0.02489,0.45102,0.01995,0.00007,frames/frame_008914.jpg
8915,148.583333,,0,P,0.02473,0.45881,0.01992,0.00027,frames/frame_008915.jpg
8916,148.600000,,0,B,0.02475,0.45831,0.01993,0.00006,frames/frame_008916.jpg
8917,148.616667,,0,B,0.02476,0.45673,0.01993,0.00005,frames/frame_008917.jpg
8918,148.633333,,0,B,0.02532,0.50063,0.02094,0.00085,frames/frame_008918.jpg
8919,148.650000,,0,P,0.07220,0.35221,0.03445,0.06189,frames/frame_008919.jpg
8920,148.666667,,0,B,0.07235,0.32694,0.03452,0.00049,frames/frame_008920.jpg
8921,148.683333,,0,B,0.07233,0.30792,0.03446,0.00027,frames/frame_008921.jpg
8922,148.700000,,0,B,0.07234,0.30759,0.03451,0.00010,frames/frame_008922.jpg
8923,148.716667,,0,P,0.07231,0.30833,0.03449,0.00021,frames/frame_008923.jpg
8924,148.733333,,0,B,0.07241,0.31111,0.03454,0.00022,frames/frame_008924.jpg
8925,148.750000,,0,B,0.07238,0.31814,0.03452,0.00008,frames/frame_008925.jpg
8926,148.766667,,0,B,0.05251,0.69006,0.04284,0.05747,frames/frame_008926.jpg
8927,148.783333,,0,P,0.05215,0.73732,0.04259,0.00133,frames/frame_008927.jpg
8928,148.800000,,0,B,0.05219,0.74968,0.04269,0.00058,frames/frame_008928.jpg
8929,148.816667,,0,B,0.05221,0.75392,0.04255,0.00044,frames/frame_008929.jpg
8930,148.833333,,0,B,0.05221,0.75394,0.04259,0.00023,frames/frame_008930.jpg
8931,148.850000,,0,P,0.05217,0.75078,0.04254,0.00059,frames/frame_008931.jpg
8932,148.866667,,0,P,0.05375,0.39381,0.05182,0.04872,frames/frame_008932.jpg
8933,148.883333,,0,P,0.06209,0.24933,0.03491,0.02604,frames/frame_008933.jpg
8934,148.900000,,0,B,0.06239,0.25142,0.03609,0.00628,frames/frame_008934.jpg
8935,148.916667,,0,B,0.06234,0.24976,0.03551,0.00545,frames/frame_008935.jpg
8936,148.933333,,0,B,0.06231,0.25045,0.03616,0.00217,frames/frame_008936.jpg
8937,148.950000,,0,P,0.06234,0.26033,0.03657,0.00237,frames/frame_008937.jpg
8938,148.966667,,0,B,0.06241,0.30254,0.03652,0.00145,frames/frame_008938.jpg
8939,148.983333,,0,B,0.03630,0.48455,0.02988,0.04843,frames/frame_008939.jpg
8940,149.000000,,0,B,0.03637,0.49027,0.02968,0.00057,frames/frame_008940.jpg
8941,149.016667,,0,P,0.03613,0.51066,0.02984,0.00077,frames/frame_008941.jpg
8942,149.033333,,0,B,0.03613,0.52053,0.02982,0.00042,frames/frame_008942.jpg
8943,149.050000,,0,B,0.03604,0.52285,0.02971,0.00027,frames/frame_008943.jpg
8944,149.066667,,0,B,0.03605,0.52355,0.02968,0.00012,frames/frame_008944.jpg
8945,149.083333,,0,P,0.03589,0.52729,0.02970,0.00037,frames/frame_008945.jpg
8946,149.100000,,0,P,0.09935,0.33231,0.05743,0.07878,frames/frame_008946.jpg
8947,149.116667,,0,B,0.09942,0.32250,0.05744,0.00043,frames/frame_008947.jpg
8948,149.133333,,0,B,0.09941,0.32318,0.05745,0.00014,frames/frame_008948.jpg
8949,149.150000,,0,B,0.09943,0.32121,0.05746,0.00011,frames/frame_008949.jpg
8950,149.166667,,0,P,0.09938,0.32220,0.05746,0.00037,frames/frame_008950.jpg
8951,149.183333,,0,B,0.09940,0.32957,0.05743,0.00044,frames/frame_008951.jpg
8952,149.200000,,0,B,0.09918,0.33663,0.05747,0.00039,frames/frame_008952.jpg
8953,149.216667,,0,B,0.01850,0.37854,0.01342,0.08752,frames/frame_008953.jpg
8954,149.233333,,0,P,0.01765,0.31235,0.01233,0.00100,frames/frame_008954.jpg
8955,149.250000,,0,B,0.01765,0.31430,0.01234,0.00019,frames/frame_008955.jpg
8956,149.266667,,0,B,0.01765,0.31385,0.01233,0.00009,frames/frame_008956.jpg
8957,149.283333,,0,B,0.01765,0.31372,0.01235,0.00008,frames/frame_008957.jpg
8958,149.300000,,0,P,0.01764,0.31409,0.01234,0.00011,frames/frame_008958.jpg
8959,149.316667,,0,B,0.01764,0.31372,0.01234,0.00005,frames/frame_008959.jpg
8960,149.333333,,0,B,0.00484,0.01136,0.00207,0.01396,frames/frame_008960.jpg
8961,149.350000,,0,P,0.00527,0.01325,0.00256,0.00058,frames/frame_008961.jpg
8962,149.366667,,0,P,0.00713,0.01552,0.00560,0.00198,frames/frame_008962.jpg
8963,149.383333,,0,P,0.00766,0.01988,0.00555,0.00128,frames/frame_008963.jpg
8964,149.400000,,0,B,0.00809,0.01937,0.00546,0.00069,frames/frame_008964.jpg
8965,149.416667,,0,B,0.00826,0.01824,0.00545,0.00027,frames/frame_008965.jpg
8966,149.433333,,0,B,0.00834,0.01822,0.00546,0.00017,frames/frame_008966.jpg
8967,149.450000,,0,P,0.00835,0.01926,0.00541,0.00013,frames/frame_008967.jpg
8968,149.466667,,0,B,0.00859,0.01352,0.00558,0.00027,frames/frame_008968.jpg
8969,149.483333,,0,B,0.00859,0.01328,0.00559,0.00002,frames/frame_008969.jpg
8970,149.500000,,0,B,0.00862,0.01368,0.00558,0.00009,frames/frame_008970.jpg
8971,149.516667,,0,P,0.00861,0.01411,0.00553,0.00009,frames/frame_008971.jpg
8972,149.533333,,0,B,0.00862,0.01384,0.00553,0.00005,frames/frame_008972.jpg
8973,149.550000,,0,B,0.00861,0.01388,0.00553,0.00003,frames/frame_008973.jpg
8974,149.566667,,0,B,0.00861,0.01392,0.00553,0.00002,frames/frame_008974.jpg
8975,149.583333,,0,P,0.00859,0.01399,0.00552,0.00005,frames/frame_008975.jpg
8976,149.600000,,0,B,0.00860,0.01391,0.00552,0.00003,frames/frame_008976.jpg
8977,149.616667,,0,B,0.00860,0.01395,0.00553,0.00004,frames/frame_008977.jpg
8978,149.633333,,0,B,0.00860,0.01443,0.00551,0.00006,frames/frame_008978.jpg
8979,149.650000,,0,P,0.00860,0.01438,0.00552,0.00004,frames/frame_008979.jpg
8980,149.666667,,0,B,0.00860,0.01431,0.00553,0.00002,frames/frame_008980.jpg
8981,149.683333,,0,B,0.00860,0.01445,0.00553,0.00002,frames/frame_008981.jpg
8982,149.700000,,0,B,0.00859,0.01429,0.00553,0.00002,frames/frame_008982.jpg
8983,149.716667,,0,P,0.00860,0.01437,0.00553,0.00001,frames/frame_008983.jpg
8984,149.733333,,0,B,0.00861,0.01395,0.00554,0.00007,frames/frame_008984.jpg
8985,149.750000,,0,B,0.00861,0.01393,0.00554,0.00002,frames/frame_008985.jpg
8986,149.766667,,0,B,0.00862,0.01392,0.00553,0.00002,frames/frame_008986.jpg
8987,149.783333,,0,P,0.00950,0.01449,0.00761,0.00092,frames/frame_008987.jpg
8988,149.800000,,0,P,0.01112,0.01795,0.01030,0.00196,frames/frame_008988.jpg
8989,149.816667,,0,P,0.01326,0.02175,0.01198,0.00274,frames/frame_008989.jpg
8990,149.833333,,0,P,0.01483,0.01730,0.01318,0.00235,frames/frame_008990.jpg
8991,149.850000,,0,P,0.01666,0.01982,0.01484,0.00238,frames/frame_008991.jpg
8992,149.866667,,0,P,0.01922,0.02078,0.01774,0.00306,frames/frame_008992.jpg
8993,149.883333,,0,P,0.02036,0.02126,0.01768,0.00186,frames/frame_008993.jpg
8994,149.900000,,0,B,0.02105,0.02144,0.01794,0.00111,frames/frame_008994.jpg
8995,149.916667,,0,B,0.02128,0.02080,0.01799,0.00046,frames/frame_008995.jpg
8996,149.933333,,0,B,0.02146,0.02006,0.01808,0.00041,frames/frame_008996.jpg
8997,149.950000,,0,P,0.02150,0.02072,0.01804,0.00029,frames/frame_008997.jpg
8998,149.966667,,0,B,0.02154,0.02027,0.01803,0.00013,frames/frame_008998.jpg
8999,149.983333,,0,P,0.02155,0.01988,0.01804,0.00013,frames/frame_008999.jpg
9000,150.000000,,1,I,0.02197,0.01349,0.01817,0.00070,frames/frame_009000.jpg
9001,150.016667,,0,B,0.02199,0.01355,0.01820,0.00013,frames/frame_009001.jpg
9002,150.033333,,0,B,0.02198,0.01353,0.01822,0.00010,frames/frame_009002.jpg
9003,150.050000,,0,B,0.02198,0.01374,0.01819,0.00013,frames/frame_009003.jpg
9004,150.066667,,0,P,0.02197,0.01328,0.01820,0.00011,frames/frame_009004.jpg
9005,150.083333,,0,B,0.02199,0.01365,0.01821,0.00018,frames/frame_009005.jpg
9006,150.100000,,0,B,0.02200,0.01396,0.01820,0.00014,frames/frame_009006.jpg
9007,150.116667,,0,B,0.02201,0.01413,0.01816,0.00022,frames/frame_009007.jpg
9008,150.133333,,0,P,0.02198,0.01347,0.01816,0.00018,frames/frame_009008.jpg
9009,150.150000,,0,B,0.02199,0.01403,0.01813,0.00020,frames/frame_009009.jpg
9010,150.166667,,0,B,0.02198,0.01355,0.01812,0.00012,frames/frame_009010.jpg
9011,150.183333,,0,B,0.02201,0.01335,0.01813,0.00017,frames/frame_009011.jpg
9012,150.200000,,0,P,0.02198,0.01341,0.01809,0.00012,frames/frame_009012.jpg
9013,150.216667,,0,B,0.02199,0.01306,0.01811,0.00018,frames/frame_009013.jpg
9014,150.233333,,0,P,0.02292,0.01779,0.02054,0.00108,frames/frame_009014.jpg
9015,150.250000,,0,P,0.02459,0.01874,0.02276,0.00222,frames/frame_009015.jpg
9016,150.266667,,0,P,0.02570,0.01742,0.02329,0.00184,frames/frame_009016.jpg
9017,150.283333,,0,P,0.02635,0.01798,0.02327,0.00112,frames/frame_009017.jpg
9018,150.300000,,0,B,0.02671,0.01867,0.02314,0.00067,frames/frame_009018.jpg
9019,150.316667,,0,B,0.02681,0.01696,0.02309,0.00039,frames/frame_009019.jpg
9020,150.333333,,0,B,0.02690,0.01713,0.02313,0.00031,frames/frame_009020.jpg
9021,150.350000,,0,P,0.02690,0.01942,0.02306,0.00030,frames/frame_009021.jpg
9022,150.366667,,0,B,0.02699,0.01854,0.02281,0.00058,frames/frame_009022.jpg
9023,150.383333,,0,B,0.02700,0.01812,0.02282,0.00031,frames/frame_009023.jpg
9024,150.400000,,0,B,0.02698,0.01831,0.02281,0.00027,frames/frame_009024.jpg
9025,150.416667,,0,P,0.02696,0.01873,0.02282,0.00027,frames/frame_009025.jpg
9026,150.433333,,0,B,0.02704,0.02000,0.02284,0.00030,frames/frame_009026.jpg
9027,150.450000,,0,B,0.02706,0.01832,0.02283,0.00025,frames/frame_009027.jpg
9028,150.466667,,0,B,0.02705,0.01820,0.02270,0.00026,frames/frame_009028.jpg
9029,150.483333,,0,P,0.02705,0.01858,0.02271,0.00030,frames/frame_009029.jpg
9030,150.500000,,0,B,0.02710,0.01896,0.02293,0.00040,frames/frame_009030.jpg
9031,150.516667,,0,B,0.02772,0.01914,0.02500,0.00090,frames/frame_009031.jpg
9032,150.533333,,0,B,0.02811,0.01960,0.02634,0.00067,frames/frame_009032.jpg
9033,150.550000,,0,P,0.02831,0.01814,0.02733,0.00057,frames/frame_009033.jpg
9034,150.566667,,0,B,0.02844,0.01830,0.02771,0.00055,frames/frame_009034.jpg
9035,150.583333,,0,B,0.02857,0.01785,0.02818,0.00049,frames/frame_009035.jpg
9036,150.600000,,0,B,0.02872,0.01766,0.02903,0.00056,frames/frame_009036.jpg
9037,150.616667,,0,P,0.02879,0.01724,0.02919,0.00043,frames/frame_009037.jpg
9038,150.633333,,0,B,0.02894,0.01572,0.02962,0.00048,frames/frame_009038.jpg
9039,150.650000,,0,B,0.02891,0.01660,0.02954,0.00051,frames/frame_009039.jpg
9040,150.666667,,0,B,0.02890,0.01659,0.02949,0.00046,frames/frame_009040.jpg
9041,150.683333,,0,P,0.03017,0.01927,0.02969,0.00212,frames/frame_009041.jpg
9042,150.700000,,0,P,0.02984,0.03344,0.02969,0.00287,frames/frame_009042.jpg
9043,150.716667,,0,B,0.03012,0.05541,0.02977,0.00106,frames/frame_009043.jpg
9044,150.733333,,0,B,0.03028,0.06818,0.02969,0.00083,frames/frame_009044.jpg
9045,150.750000,,0,B,0.03063,0.08664,0.02990,0.00088,frames/frame_009045.jpg
9046,150.766667,,0,P,0.03098,0.10221,0.03044,0.00107,frames/frame_009046.jpg
9047,150.783333,,0,B,0.03190,0.15904,0.03113,0.00151,frames/frame_009047.jpg
9048,150.800000,,0,B,0.03280,0.17048,0.03179,0.00161,frames/frame_009048.jpg
9049,150.816667,,0,B,0.03437,0.17256,0.03284,0.00215,frames/frame_009049.jpg
9050,150.833333,,0,P,0.03564,0.20352,0.03396,0.00226,frames/frame_009050.jpg
9051,150.850000,,0,B,0.03793,0.23192,0.03541,0.00307,frames/frame_009051.jpg
9052,150.866667,,0,B,0.03942,0.23603,0.03617,0.00231,frames/frame_009052.jpg
9053,150.883333,,0,B,0.04082,0.23950,0.03673,0.00234,frames/frame_009053.jpg
9054,150.900000,,0,P,0.04192,0.25709,0.03756,0.00234,frames/frame_009054.jpg
9055,150.916667,,0,B,0.04344,0.28021,0.03826,0.00266,frames/frame_009055.jpg
9056,150.933333,,0,B,0.04427,0.28429,0.03888,0.00207,frames/frame_009056.jpg
9057,150.950000,,0,B,0.04553,0.28775,0.03949,0.00220,frames/frame_009057.jpg
9058,150.966667,,0,P,0.04587,0.30735,0.03939,0.00179,frames/frame_009058.jpg
9059,150.983333,,0,B,0.04699,0.30325,0.03987,0.00203,frames/frame_009059.jpg
9060,151.000000,,0,B,0.04741,0.30617,0.04025,0.00147,frames/frame_009060.jpg
9061,151.016667,,0,B,0.04802,0.30547,0.04068,0.00138,frames/frame_009061.jpg
9062,151.033333,,0,P,0.04811,0.31696,0.04077,0.00129,frames/frame_009062.jpg
9063,151.050000,,0,B,0.05013,0.32577,0.04248,0.00285,frames/frame_009063.jpg
9064,151.066667,,0,B,0.05121,0.32727,0.04402,0.00195,frames/frame_009064.jpg
9065,151.083333,,0,B,0.05245,0.32880,0.04535,0.00216,frames/frame_009065.jpg
9066,151.100000,,0,P,0.05320,0.34144,0.04620,0.00228,frames/frame_009066.jpg
9067,151.116667,,0,B,0.05420,0.33849,0.04642,0.00188,frames/frame_009067.jpg
9068,151.133333,,0,B,0.05451,0.33778,0.04664,0.00129,frames/frame_009068.jpg
9069,151.150000,,0,B,0.05600,0.34040,0.04900,0.00720,frames/frame_009069.jpg
9070,151.166667,,0,P,0.05585,0.34348,0.04868,0.00403,frames/frame_009070.jpg
9071,151.183333,,0,B,0.05587,0.34604,0.04918,0.00313,frames/frame_009071.jpg
9072,151.200000,,0,B,0.05513,0.34865,0.04920,0.00385,frames/frame_009072.jpg
9073,151.216667,,0,B,0.05473,0.35203,0.04899,0.00134,frames/frame_009073.jpg
9074,151.233333,,0,P,0.05357,0.35935,0.04869,0.00384,frames/frame_009074.jpg
9075,151.250000,,0,B,0.05300,0.37208,0.04876,0.00249,frames/frame_009075.jpg
9076,151.266667,,0,B,0.05251,0.37672,0.04890,0.00228,frames/frame_009076.jpg
9077,151.283333,,0,B,0.05245,0.37070,0.04928,0.00211,frames/frame_009077.jpg
9078,151.300000,,0,P,0.05114,0.38141,0.04903,0.00301,frames/frame_009078.jpg
9079,151.316667,,0,B,0.05130,0.37397,0.04914,0.00244,frames/frame_009079.jpg
9080,151.333333,,0,B,0.05063,0.38277,0.04903,0.00233,frames/frame_009080.jpg
9081,151.350000,,0,B,0.05025,0.38101,0.04916,0.00208,frames/frame_009081.jpg
9082,151.366667,,0,P,0.04910,0.38572,0.04882,0.00251,frames/frame_009082.jpg
9083,151.383333,,0,B,0.04879,0.39064,0.04875,0.00196,frames/frame_009083.jpg
9084,151.400000,,0,B,0.04813,0.39214,0.04863,0.00167,frames/frame_009084.jpg
9085,151.416667,,0,B,0.04783,0.39189,0.04852,0.00120,frames/frame_009085.jpg
9086,151.433333,,0,P,0.04696,0.36778,0.04817,0.00176,frames/frame_009086.jpg
9087,151.450000,,0,B,0.04723,0.36760,0.04820,0.00111,frames/frame_009087.jpg
9088,151.466667,,0,B,0.04722,0.36404,0.04804,0.00089,frames/frame_009088.jpg
9089,151.483333,,0,B,0.04749,0.36324,0.04847,0.00105,frames/frame_009089.jpg
9090,151.500000,,0,P,0.04786,0.36193,0.04892,0.00139,frames/frame_009090.jpg
9091,151.516667,,0,B,0.04888,0.35175,0.04912,0.00171,frames/frame_009091.jpg
9092,151.533333,,0,B,0.04943,0.34903,0.04919,0.00129,frames/frame_009092.jpg
9093,151.550000,,0,B,0.05010,0.34189,0.04935,0.00134,frames/frame_009093.jpg
9094,151.566667,,0,P,0.05043,0.34708,0.04949,0.00131,frames/frame_009094.jpg
9095,151.583333,,0,B,0.05056,0.34233,0.04968,0.00115,frames/frame_009095.jpg
9096,151.600000,,0,B,0.05035,0.34214,0.04979,0.00091,frames/frame_009096.jpg
9097,151.616667,,0,B,0.05037,0.34282,0.05017,0.00081,frames/frame_009097.jpg
9098,151.633333,,0,P,0.05007,0.33994,0.05029,0.00124,frames/frame_009098.jpg
9099,151.650000,,0,B,0.04999,0.32721,0.05080,0.00111,frames/frame_009099.jpg
9100,151.666667,,0,B,0.04972,0.32002,0.05096,0.00128,frames/frame_009100.jpg
9101,151.683333,,0,B,0.04958,0.31681,0.05099,0.00098,frames/frame_009101.jpg
9102,151.700000,,0,P,0.04901,0.29851,0.05125,0.00192,frames/frame_009102.jpg
9103,151.716667,,0,B,0.04893,0.28269,0.05135,0.00110,frames/frame_009103.jpg
9104,151.733333,,0,B,0.04846,0.28301,0.05139,0.00111,frames/frame_009104.jpg
9105,151.750000,,0,B,0.04825,0.27918,0.05137,0.00098,frames/frame_009105.jpg
9106,151.766667,,0,P,0.04754,0.27236,0.05124,0.00142,frames/frame_009106.jpg
9107,151.783333,,0,B,0.04743,0.25477,0.05106,0.00106,frames/frame_009107.jpg
9108,151.800000,,0,B,0.04701,0.25119,0.05101,0.00098,frames/frame_009108.jpg
9109,151.816667,,0,B,0.04682,0.25425,0.05084,0.00081,frames/frame_009109.jpg
9110,151.833333,,0,P,0.04626,0.25402,0.05045,0.00125,frames/frame_009110.jpg
9111,151.850000,,0,B,0.04644,0.24943,0.05052,0.00088,frames/frame_009111.jpg
9112,151.866667,,0,B,0.04623,0.24987,0.05040,0.00081,frames/frame_009112.jpg
9113,151.883333,,0,B,0.04618,0.25103,0.05006,0.00075,frames/frame_009113.jpg
9114,151.900000,,0,P,0.04595,0.25802,0.04990,0.00088,frames/frame_009114.jpg
9115,151.916667,,0,B,0.04592,0.24980,0.04966,0.00077,frames/frame_009115.jpg
9116,151.933333,,0,B,0.04574,0.25142,0.04947,0.00075,frames/frame_009116.jpg
9117,151.950000,,0,B,0.04557,0.25852,0.04932,0.00076,frames/frame_009117.jpg
9118,151.966667,,0,P,0.04525,0.26061,0.04925,0.00085,frames/frame_009118.jpg
9119,151.983333,,0,B,0.04540,0.25997,0.04934,0.00064,frames/frame_009119.jpg
9120,152.000000,,0,B,0.04537,0.25971,0.04951,0.00055,frames/frame_009120.jpg
9121,152.016667,,0,B,0.04543,0.25985,0.04961,0.00046,frames/frame_009121.jpg
9122,152.033333,,0,P,0.04535,0.25950,0.04954,0.00060,frames/frame_009122.jpg
9123,152.050000,,0,B,0.04424,0.29393,0.04860,0.00876,frames/frame_009123.jpg
9124,152.066667,,0,B,0.04421,0.29948,0.04893,0.00262,frames/frame_009124.jpg
9125,152.083333,,0,B,0.04658,0.33185,0.04961,0.00350,frames/frame_009125.jpg
9126,152.100000,,0,P,0.05017,0.36500,0.04992,0.00512,frames/frame_009126.jpg
9127,152.116667,,0,B,0.05624,0.40289,0.05094,0.00665,frames/frame_009127.jpg
9128,152.133333,,0,B,0.06104,0.41158,0.05181,0.00564,frames/frame_009128.jpg
9129,152.150000,,0,B,0.06479,0.40981,0.05326,0.00524,frames/frame_009129.jpg
9130,152.166667,,0,P,0.06784,0.43579,0.05354,0.00535,frames/frame_009130.jpg
9131,152.183333,,0,B,0.07020,0.43844,0.05413,0.00506,frames/frame_009131.jpg
9132,152.200000,,0,B,0.07251,0.44487,0.05462,0.00459,frames/frame_009132.jpg
9133,152.216667,,0,B,0.07474,0.44930,0.05535,0.00457,frames/frame_009133.jpg
9134,152.233333,,0,P,0.07665,0.46344,0.05598,0.00434,frames/frame_009134.jpg
9135,152.250000,,0,B,0.07917,0.46722,0.05706,0.00459,frames/frame_009135.jpg
9136,152.266667,,0,B,0.08147,0.47050,0.05842,0.00460,frames/frame_009136.jpg
9137,152.283333,,0,B,0.08426,0.47558,0.05868,0.00533,frames/frame_009137.jpg
9138,152.300000,,0,P,0.08703,0.48752,0.05893,0.00539,frames/frame_009138.jpg
9139,152.316667,,0,B,0.08886,0.48179,0.05984,0.00568,frames/frame_009139.jpg
9140,152.333333,,0,B,0.08891,0.48012,0.06085,0.00541,frames/frame_009140.jpg
9141,152.350000,,0,B,0.08613,0.47422,0.06026,0.00609,frames/frame_009141.jpg
9142,152.366667,,0,P,0.08264,0.47973,0.06084,0.00612,frames/frame_009142.jpg
9143,152.383333,,0,B,0.07933,0.46787,0.06024,0.00527,frames/frame_009143.jpg
9144,152.400000,,0,B,0.07675,0.46795,0.06076,0.00498,frames/frame_009144.jpg
9145,152.416667,,0,B,0.07461,0.45209,0.06083,0.00463,frames/frame_009145.jpg
9146,152.433333,,0,P,0.07206,0.44835,0.06125,0.00458,frames/frame_009146.jpg
9147,152.450000,,0,B,0.06919,0.41994,0.06096,0.00406,frames/frame_009147.jpg
9148,152.466667,,0,P,0.06669,0.40401,0.06056,0.00317,frames/frame_009148.jpg
9149,152.483333,,0,P,0.06485,0.38420,0.06047,0.00235,frames/frame_009149.jpg
9150,152.500000,,0,P,0.06291,0.37470,0.05984,0.00246,frames/frame_009150.jpg
9151,152.516667,,0,P,0.06181,0.31841,0.05986,0.00202,frames/frame_009151.jpg
9152,152.533333,,0,P,0.06046,0.30816,0.05964,0.00208,frames/frame_009152.jpg
9153,152.550000,,0,P,0.05922,0.31164,0.05935,0.00179,frames/frame_009153.jpg
9154,152.566667,,0,P,0.05772,0.31359,0.05895,0.00189,frames/frame_009154.jpg
9155,152.583333,,0,P,0.05628,0.31562,0.05856,0.00188,frames/frame_009155.jpg
9156,152.600000,,0,P,0.05470,0.31936,0.05811,0.00193,frames/frame_009156.jpg
9157,152.616667,,0,B,0.05257,0.32213,0.05741,0.00246,frames/frame_009157.jpg
9158,152.633333,,0,B,0.04962,0.30130,0.05669,0.00331,frames/frame_009158.jpg
9159,152.650000,,0,P,0.04729,0.31307,0.05651,0.00260,frames/frame_009159.jpg
9160,152.666667,,0,B,0.04732,0.31155,0.05653,0.00046,frames/frame_009160.jpg
9161,152.683333,,0,P,0.04733,0.30834,0.05663,0.00045,frames/frame_009161.jpg
9162,152.700000,,0,B,0.04739,0.30478,0.05667,0.00047,frames/frame_009162.jpg
9163,152.716667,,0,P,0.04735,0.30321,0.05684,0.00054,frames/frame_009163.jpg
9164,152.733333,,0,P,0.04740,0.28920,0.05694,0.00071,frames/frame_009164.jpg
9165,152.750000,,0,B,0.04744,0.28656,0.05710,0.00034,frames/frame_009165.jpg
9166,152.766667,,0,B,0.04747,0.28611,0.05726,0.00021,frames/frame_009166.jpg
9167,152.783333,,0,B,0.04754,0.28431,0.05744,0.00019,frames/frame_009167.jpg
9168,152.800000,,0,P,0.04753,0.28430,0.05754,0.00019,frames/frame_009168.jpg
9169,152.816667,,0,B,0.04761,0.27949,0.05774,0.00025,frames/frame_009169.jpg
9170,152.833333,,0,B,0.04763,0.27987,0.05785,0.00011,frames/frame_009170.jpg
9171,152.850000,,0,B,0.04763,0.27975,0.05786,0.00007,frames/frame_009171.jpg
9172,152.866667,,0,P,0.04763,0.27960,0.05786,0.00014,frames/frame_009172.jpg
9173,152.883333,,0,B,0.04764,0.27967,0.05786,0.00012,frames/frame_009173.jpg
9174,152.900000,,0,B,0.04764,0.27944,0.05785,0.00009,frames/frame_009174.jpg
9175,152.916667,,0,B,0.04764,0.27902,0.05785,0.00009,frames/frame_009175.jpg
9176,152.933333,,0,P,0.04762,0.28359,0.05782,0.00014,frames/frame_009176.jpg
9177,152.950000,,0,B,0.04708,0.28511,0.05798,0.00099,frames/frame_009177.jpg
9178,152.966667,,0,B,0.04619,0.26863,0.05824,0.00173,frames/frame_009178.jpg
9179,152.983333,,0,P,0.04504,0.27151,0.05856,0.00178,frames/frame_009179.jpg
9180,153.000000,,1,I,0.04422,0.22043,0.05795,0.00184,frames/frame_009180.jpg
9181,153.016667,,0,B,0.04427,0.22162,0.05802,0.00079,frames/frame_009181.jpg
9182,153.033333,,0,B,0.04423,0.22319,0.05791,0.00084,frames/frame_009182.jpg
9183,153.050000,,0,B,0.04422,0.22190,0.05793,0.00098,frames/frame_009183.jpg
9184,153.066667,,0,P,0.04415,0.22186,0.05726,0.00103,frames/frame_009184.jpg
9185,153.083333,,0,B,0.04413,0.21776,0.05653,0.00153,frames/frame_009185.jpg
9186,153.100000,,0,B,0.04393,0.21835,0.05569,0.00163,frames/frame_009186.jpg
9187,153.116667,,0,B,0.04381,0.21561,0.05495,0.00239,frames/frame_009187.jpg
9188,153.133333,,0,P,0.04350,0.21594,0.05401,0.00240,frames/frame_009188.jpg
9189,153.150000,,0,B,0.04338,0.21265,0.05294,0.00296,frames/frame_009189.jpg
9190,153.166667,,0,B,0.04297,0.21312,0.05289,0.00406,frames/frame_009190.jpg
9191,153.183333,,0,B,0.04263,0.21252,0.05188,0.00478,frames/frame_009191.jpg
9192,153.200000,,0,P,0.04189,0.21042,0.05216,0.00601,frames/frame_009192.jpg
9193,153.216667,,0,B,0.04124,0.20188,0.05354,0.00729,frames/frame_009193.jpg
9194,153.233333,,0,P,0.04018,0.19942,0.05218,0.00879,frames/frame_009194.jpg
9195,153.250000,,0,P,0.03904,0.19439,0.04985,0.01117,frames/frame_009195.jpg
9196,153.266667,,0,P,0.03753,0.18636,0.04912,0.01348,frames/frame_009196.jpg
9197,153.283333,,0,P,0.03567,0.17222,0.04502,0.01456,frames/frame_009197.jpg
9198,153.300000,,0,P,0.03306,0.15261,0.04344,0.01565,frames/frame_009198.jpg
9199,153.316667,,0,P,0.03009,0.13817,0.04055,0.01545,frames/frame_009199.jpg
9200,153.333333,,0,P,0.02640,0.12300,0.03431,0.01480,frames/frame_009200.jpg
9201,153.350000,,0,P,0.02209,0.09849,0.02681,0.01381,frames/frame_009201.jpg
9202,153.366667,,0,P,0.01694,0.06720,0.02101,0.01280,frames/frame_009202.jpg
9203,153.383333,,0,B,0.01179,0.04647,0.01286,0.01044,frames/frame_009203.jpg
9204,153.400000,,0,P,0.00663,0.02478,0.00599,0.00672,frames/frame_009204.jpg
9205,153.416667,,0,B,0.00589,0.06176,0.00218,0.00178,frames/frame_009205.jpg
9206,153.433333,,0,B,0.00609,0.07844,0.00220,0.00034,frames/frame_009206.jpg
9207,153.450000,,0,B,0.00600,0.07383,0.00218,0.00016,frames/frame_009207.jpg
9208,153.466667,,0,P,0.00601,0.07875,0.00218,0.00014,frames/frame_009208.jpg
9209,153.483333,,0,B,0.00594,0.07253,0.00221,0.00014,frames/frame_009209.jpg
9210,153.500000,,0,B,0.00575,0.05906,0.00219,0.00029,frames/frame_009210.jpg
9211,153.516667,,0,B,0.00588,0.06662,0.00217,0.00019,frames/frame_009211.jpg
9212,153.533333,,0,P,0.00538,0.06886,0.00163,0.00060,frames/frame_009212.jpg
9213,153.550000,,0,B,0.00554,0.07632,0.00167,0.00022,frames/frame_009213.jpg
9214,153.566667,,0,B,0.00561,0.08482,0.00166,0.00012,frames/frame_009214.jpg
9215,153.583333,,0,B,0.00561,0.08419,0.00165,0.00009,frames/frame_009215.jpg
9216,153.600000,,0,P,0.00573,0.08975,0.00169,0.00023,frames/frame_009216.jpg
9217,153.616667,,0,B,0.00564,0.08722,0.00170,0.00014,frames/frame_009217.jpg
9218,153.633333,,0,B,0.00565,0.08881,0.00168,0.00011,frames/frame_009218.jpg
9219,153.650000,,0,B,0.00572,0.09015,0.00190,0.00012,frames/frame_009219.jpg
9220,153.666667,,0,P,0.00568,0.08151,0.00223,0.00042,frames/frame_009220.jpg
9221,153.683333,,0,B,0.00603,0.07956,0.00282,0.00041,frames/frame_009221.jpg
9222,153.700000,,0,P,0.00609,0.07355,0.00336,0.00044,frames/frame_009222.jpg
9223,153.716667,,0,P,0.00637,0.07279,0.00399,0.00039,frames/frame_009223.jpg
9224,153.733333,,0,B,0.00670,0.08125,0.00440,0.00040,frames/frame_009224.jpg
9225,153.750000,,0,P,0.00681,0.08031,0.00484,0.00031,frames/frame_009225.jpg
9226,153.766667,,0,P,0.00741,0.08254,0.00525,0.00064,frames/frame_009226.jpg
9227,153.783333,,0,P,0.00752,0.08324,0.00566,0.00032,frames/frame_009227.jpg
9228,153.800000,,0,P,0.00780,0.08277,0.00604,0.00041,frames/frame_009228.jpg
9229,153.816667,,0,B,0.00799,0.08447,0.00639,0.00029,frames/frame_009229.jpg
9230,153.833333,,0,P,0.00794,0.07369,0.00678,0.00048,frames/frame_009230.jpg
9231,153.850000,,0,B,0.00829,0.08104,0.00703,0.00043,frames/frame_009231.jpg
9232,153.866667,,0,B,0.00839,0.07369,0.00729,0.00037,frames/frame_009232.jpg
9233,153.883333,,0,B,0.00863,0.07657,0.00747,0.00035,frames/frame_009233.jpg
9234,153.900000,,0,P,0.00886,0.07974,0.00758,0.00037,frames/frame_009234.jpg
9235,153.916667,,0,B,0.00898,0.07362,0.00768,0.00034,frames/frame_009235.jpg
9236,153.933333,,0,B,0.00923,0.08162,0.00773,0.00040,frames/frame_009236.jpg
9237,153.950000,,0,B,0.00931,0.08583,0.00774,0.00019,frames/frame_009237.jpg
9238,153.966667,,0,P,0.00930,0.09004,0.00783,0.00020,frames/frame_009238.jpg
9239,153.983333,,0,B,0.00944,0.09173,0.00783,0.00026,frames/frame_009239.jpg
9240,154.000000,,0,B,0.00925,0.08881,0.00781,0.00027,frames/frame_009240.jpg
9241,154.016667,,0,B,0.00936,0.08870,0.00788,0.00020,frames/frame_009241.jpg
9242,154.033333,,0,P,0.00930,0.09074,0.00790,0.00018,frames/frame_009242.jpg
9243,154.050000,,0,B,0.00918,0.08851,0.00788,0.00017,frames/frame_009243.jpg
9244,154.066667,,0,B,0.00925,0.08820,0.00787,0.00011,frames/frame_009244.jpg
9245,154.083333,,0,B,0.00913,0.08757,0.00788,0.00015,frames/frame_009245.jpg
9246,154.100000,,0,P,0.00927,0.08799,0.00794,0.00016,frames/frame_009246.jpg
9247,154.116667,,0,B,0.00934,0.07926,0.00789,0.00018,frames/frame_009247.jpg
9248,154.133333,,0,B,0.00933,0.08027,0.00793,0.00005,frames/frame_009248.jpg
9249,154.150000,,0,B,0.00951,0.08690,0.00797,0.00027,frames/frame_009249.jpg
9250,154.166667,,0,P,0.00937,0.08958,0.00791,0.00025,frames/frame_009250.jpg
9251,154.183333,,0,B,0.00941,0.09069,0.00795,0.00013,frames/frame_009251.jpg
9252,154.200000,,0,B,0.00938,0.09097,0.00791,0.00007,frames/frame_009252.jpg
9253,154.216667,,0,B,0.00924,0.08863,0.00789,0.00026,frames/frame_009253.jpg
9254,154.233333,,0,P,0.00931,0.08519,0.00791,0.00017,frames/frame_009254.jpg
9255,154.250000,,0,B,0.00918,0.08641,0.00793,0.00026,frames/frame_009255.jpg
9256,154.266667,,0,B,0.00927,0.08158,0.00794,0.00020,frames/frame_009256.jpg
9257,154.283333,,0,B,0.00935,0.08510,0.00794,0.00015,frames/frame_009257.jpg
9258,154.300000,,0,P,0.00931,0.09219,0.00793,0.00013,frames/frame_009258.jpg
9259,154.316667,,0,B,0.00946,0.09076,0.00779,0.00028,frames/frame_009259.jpg
9260,154.333333,,0,B,0.00938,0.08879,0.00778,0.00019,frames/frame_009260.jpg
9261,154.350000,,0,B,0.00941,0.09088,0.00795,0.00012,frames/frame_009261.jpg
9262,154.366667,,0,P,0.00942,0.09198,0.00794,0.00015,frames/frame_009262.jpg
9263,154.383333,,0,B,0.00927,0.08856,0.00800,0.00030,frames/frame_009263.jpg
9264,154.400000,,0,B,0.00936,0.09181,0.00791,0.00024,frames/frame_009264.jpg
9265,154.416667,,0,B,0.00920,0.08333,0.00782,0.00029,frames/frame_009265.jpg
9266,154.433333,,0,P,0.00916,0.08468,0.00794,0.00022,frames/frame_009266.jpg
9267,154.450000,,0,B,0.00926,0.08485,0.00800,0.00021,frames/frame_009267.jpg
9268,154.466667,,0,P,0.00919,0.08283,0.00782,0.00027,frames/frame_009268.jpg
9269,154.483333,,0,B,0.00940,0.09751,0.00791,0.00043,frames/frame_009269.jpg
9270,154.500000,,0,B,0.00939,0.09466,0.00802,0.00030,frames/frame_009270.jpg
9271,154.516667,,0,P,0.00939,0.09944,0.00780,0.00028,frames/frame_009271.jpg
9272,154.533333,,0,B,0.00948,0.09994,0.00789,0.00031,frames/frame_009272.jpg
9273,154.550000,,0,B,0.00931,0.08999,0.00786,0.00038,frames/frame_009273.jpg
9274,154.566667,,0,B,0.00942,0.09547,0.00789,0.00034,frames/frame_009274.jpg
9275,154.583333,,0,P,0.00926,0.08806,0.00790,0.00040,frames/frame_009275.jpg
9276,154.600000,,0,P,0.00921,0.08338,0.00784,0.00033,frames/frame_009276.jpg
9277,154.616667,,0,B,0.00925,0.08926,0.00784,0.00028,frames/frame_009277.jpg
9278,154.633333,,0,B,0.00914,0.07974,0.00790,0.00040,frames/frame_009278.jpg
9279,154.650000,,0,P,0.00930,0.09499,0.00784,0.00046,frames/frame_009279.jpg
9280,154.666667,,0,P,0.00930,0.09114,0.00779,0.00029,frames/frame_009280.jpg
9281,154.683333,,0,B,0.00932,0.09268,0.00781,0.00021,frames/frame_009281.jpg
9282,154.700000,,0,B,0.00950,0.09879,0.00776,0.00038,frames/frame_009282.jpg
9283,154.716667,,0,P,0.00933,0.09409,0.00792,0.00035,frames/frame_009283.jpg
9284,154.733333,,0,B,0.00939,0.09882,0.00781,0.00025,frames/frame_009284.jpg
9285,154.750000,,0,B,0.00932,0.08871,0.00762,0.00025,frames/frame_009285.jpg
9286,154.766667,,0,B,0.00923,0.08593,0.00761,0.00026,frames/frame_009286.jpg
9287,154.783333,,0,P,0.00928,0.09043,0.00760,0.00026,frames/frame_009287.jpg
9288,154.800000,,0,B,0.00911,0.08334,0.00756,0.00034,frames/frame_009288.jpg
9289,154.816667,,0,B,0.00927,0.08862,0.00747,0.00027,frames/frame_009289.jpg
9290,154.833333,,0,B,0.00929,0.08733,0.00753,0.00016,frames/frame_009290.jpg
9291,154.850000,,0,P,0.00925,0.08810,0.00758,0.00015,frames/frame_009291.jpg
9292,154.866667,,0,B,0.00946,0.09599,0.00758,0.00033,frames/frame_009292.jpg
9293,154.883333,,0,B,0.00936,0.09328,0.00764,0.00022,frames/frame_009293.jpg
9294,154.900000,,0,B,0.00943,0.09613,0.00757,0.00018,frames/frame_009294.jpg
9295,154.916667,,0,P,0.00939,0.09646,0.00757,0.00013,frames/frame_009295.jpg
9296,154.933333,,0,B,0.00929,0.09259,0.00765,0.00019,frames/frame_009296.jpg
9297,154.950000,,0,B,0.00935,0.09555,0.00763,0.00014,frames/frame_009297.jpg
9298,154.966667,,0,B,0.00920,0.08662,0.00765,0.00025,frames/frame_009298.jpg
9299,154.983333,,0,P,0.00927,0.08940,0.00767,0.00017,frames/frame_009299.jpg
9300,155.000000,,0,B,0.00930,0.08739,0.00772,0.00022,frames/frame_009300.jpg
9301,155.016667,,0,B,0.00923,0.08195,0.00773,0.00018,frames/frame_009301.jpg
9302,155.033333,,0,B,0.00944,0.09650,0.00774,0.00030,frames/frame_009302.jpg
9303,155.050000,,0,P,0.00935,0.09458,0.00769,0.00019,frames/frame_009303.jpg
9304,155.066667,,0,B,0.00943,0.09023,0.00770,0.00015,frames/frame_009304.jpg
9305,155.083333,,0,B,0.00943,0.09211,0.00766,0.00007,frames/frame_009305.jpg
9306,155.100000,,0,B,0.00931,0.08885,0.00767,0.00020,frames/frame_009306.jpg
9307,155.116667,,0,P,0.00937,0.09356,0.00766,0.00014,frames/frame_009307.jpg
9308,155.133333,,0,B,0.00923,0.08615,0.00768,0.00024,frames/frame_009308.jpg
9309,155.150000,,0,B,0.00925,0.08632,0.00767,0.00007,frames/frame_009309.jpg
9310,155.166667,,0,B,0.00926,0.08605,0.00769,0.00007,frames/frame_009310.jpg
9311,155.183333,,0,P,0.00909,0.08453,0.00767,0.00021,frames/frame_009311.jpg
9312,155.200000,,0,B,0.00926,0.08921,0.00768,0.00022,frames/frame_009312.jpg
9313,155.216667,,0,B,0.00925,0.08878,0.00771,0.00008,frames/frame_009313.jpg
9314,155.233333,,0,B,0.81859,0.06606,0.05239,0.80083,frames/frame_009314.jpg
9315,155.250000,,0,P,0.81859,0.06605,0.05239,0.00001,frames/frame_009315.jpg
9316,155.266667,,0,B,0.81859,0.06598,0.05236,0.00009,frames/frame_009316.jpg
9317,155.283333,,0,P,0.81857,0.06593,0.05234,0.00009,frames/frame_009317.jpg
9318,155.300000,,0,P,0.30862,0.45387,0.07005,0.53673,frames/frame_009318.jpg
9319,155.316667,,0,B,0.30738,0.44331,0.06959,0.01142,frames/frame_009319.jpg
9320,155.333333,,0,P,0.06961,0.13515,0.03324,0.24579,frames/frame_009320.jpg
9321,155.350000,,0,P,0.33911,0.41470,0.14488,0.26799,frames/frame_009321.jpg
9322,155.366667,,0,P,0.33745,0.41233,0.14225,0.06683,frames/frame_009322.jpg
9323,155.383333,,0,P,0.13371,0.13681,0.05776,0.26333,frames/frame_009323.jpg
9324,155.400000,,0,B,0.06650,0.25046,0.02617,0.08538,frames/frame_009324.jpg
9325,155.416667,,0,P,0.06434,0.23992,0.02597,0.02039,frames/frame_009325.jpg
9326,155.433333,,0,P,0.14640,0.21252,0.10598,0.10365,frames/frame_009326.jpg
9327,155.450000,,0,B,0.09972,0.35750,0.05833,0.10843,frames/frame_009327.jpg
9328,155.466667,,0,P,0.09966,0.35465,0.05806,0.03168,frames/frame_009328.jpg
9329,155.483333,,0,P,0.86637,0.08130,0.12179,0.76131,frames/frame_009329.jpg
9330,155.500000,,0,P,0.91497,0.09801,0.08980,0.09253,frames/frame_009330.jpg
9331,155.516667,,0,P,0.65327,0.17119,0.09303,0.26120,frames/frame_009331.jpg
9332,155.533333,,0,P,0.16072,0.29044,0.06898,0.48842,frames/frame_009332.jpg
9333,155.550000,,0,P,0.20736,0.45078,0.08860,0.14804,frames/frame_009333.jpg
9334,155.566667,,0,P,0.18643,0.35899,0.10256,0.13899,frames/frame_009334.jpg
9335,155.583333,,0,B,0.15619,0.30301,0.09102,0.08384,frames/frame_009335.jpg
9336,155.600000,,0,P,0.15624,0.48336,0.09114,0.12936,frames/frame_009336.jpg
9337,155.616667,,0,P,0.13937,0.38041,0.06441,0.14199,frames/frame_009337.jpg
9338,155.633333,,0,B,0.14026,0.36588,0.06536,0.04987,frames/frame_009338.jpg
9339,155.650000,,0,B,0.00295,0.00366,0.00299,0.13565,frames/frame_009339.jpg
9340,155.666667,,0,B,0.00295,0.00377,0.00300,0.00000,frames/frame_009340.jpg
9341,155.683333,,0,P,0.00295,0.00381,0.00300,0.00000,frames/frame_009341.jpg
9342,155.700000,,0,P,0.32416,0.07116,0.02116,0.31603,frames/frame_009342.jpg
9343,155.716667,,0,P,0.25202,0.01767,0.01730,0.06650,frames/frame_009343.jpg
9344,155.733333,,0,P,0.19393,0.03278,0.01337,0.05987,frames/frame_009344.jpg
9345,155.750000,,0,P,0.14775,0.04615,0.01131,0.04619,frames/frame_009345.jpg
9346,155.766667,,0,P,0.10888,0.06261,0.00823,0.03897,frames/frame_009346.jpg
9347,155.783333,,0,P,0.08047,0.08050,0.00685,0.02835,frames/frame_009347.jpg
9348,155.800000,,0,P,0.05452,0.28125,0.00586,0.02794,frames/frame_009348.jpg
9349,155.816667,,0,P,0.03312,0.07661,0.00436,0.01876,frames/frame_009349.jpg
9350,155.833333,,0,P,0.02375,0.06686,0.00352,0.00929,frames/frame_009350.jpg
9351,155.850000,,0,B,0.01542,0.06522,0.00591,0.00838,frames/frame_009351.jpg
9352,155.866667,,0,P,0.01197,0.08800,0.00340,0.00379,frames/frame_009352.jpg
9353,155.883333,,0,B,0.01056,0.08476,0.00533,0.00168,frames/frame_009353.jpg
9354,155.900000,,0,B,0.00855,0.08699,0.00341,0.00242,frames/frame_009354.jpg
9355,155.916667,,0,B,0.00876,0.08901,0.00320,0.00036,frames/frame_009355.jpg
9356,155.933333,,0,P,0.00814,0.10232,0.00356,0.00080,frames/frame_009356.jpg
9357,155.950000,,0,B,0.00815,0.10313,0.00366,0.00011,frames/frame_009357.jpg
9358,155.966667,,0,B,0.00828,0.09564,0.00372,0.00023,frames/frame_009358.jpg
9359,155.983333,,0,P,0.00820,0.10896,0.00381,0.00023,frames/frame_009359.jpg
9360,156.000000,,1,I,0.00554,0.05497,0.00307,0.00303,frames/frame_009360.jpg
9361,156.016667,,0,B,0.00545,0.05033,0.00311,0.00015,frames/frame_009361.jpg
9362,156.033333,,0,B,0.00536,0.05492,0.00306,0.00014,frames/frame_009362.jpg
9363,156.050000,,0,B,0.00539,0.05292,0.00309,0.00009,frames/frame_009363.jpg
9364,156.066667,,0,P,0.00516,0.06066,0.00303,0.00029,frames/frame_009364.jpg
9365,156.083333,,0,B,0.00529,0.05790,0.00308,0.00022,frames/frame_009365.jpg
9366,156.100000,,0,B,0.00530,0.05757,0.00307,0.00007,frames/frame_009366.jpg
9367,156.116667,,0,B,0.00530,0.05598,0.00307,0.00007,frames/frame_009367.jpg
9368,156.133333,,0,P,0.00539,0.05709,0.00304,0.00019,frames/frame_009368.jpg
9369,156.150000,,0,B,0.00532,0.05565,0.00303,0.00015,frames/frame_009369.jpg
9370,156.166667,,0,B,0.00541,0.05442,0.00304,0.00015,frames/frame_009370.jpg
9371,156.183333,,0,B,0.00539,0.05204,0.00304,0.00007,frames/frame_009371.jpg
9372,156.200000,,0,P,0.00529,0.05626,0.00304,0.00015,frames/frame_009372.jpg
9373,156.216667,,0,B,0.00533,0.05736,0.00301,0.00010,frames/frame_009373.jpg
9374,156.233333,,0,B,0.00519,0.05956,0.00304,0.00025,frames/frame_009374.jpg
9375,156.250000,,0,B,0.00523,0.05532,0.00300,0.00014,frames/frame_009375.jpg
9376,156.266667,,0,P,0.00521,0.05605,0.00298,0.00007,frames/frame_009376.jpg
9377,156.283333,,0,B,0.00520,0.05137,0.00302,0.00014,frames/frame_009377.jpg
9378,156.300000,,0,B,0.00531,0.06045,0.00299,0.00024,frames/frame_009378.jpg
9379,156.316667,,0,B,0.00523,0.05425,0.00299,0.00017,frames/frame_009379.jpg
9380,156.333333,,0,P,0.00527,0.05417,0.00297,0.00012,frames/frame_009380.jpg
9381,156.350000,,0,B,0.00522,0.05250,0.00288,0.00016,frames/frame_009381.jpg
9382,156.366667,,0,B,0.00504,0.04638,0.00270,0.00028,frames/frame_009382.jpg
9383,156.383333,,0,B,0.00502,0.05048,0.00260,0.00010,frames/frame_009383.jpg
9384,156.400000,,0,P,0.00477,0.04348,0.00233,0.00032,frames/frame_009384.jpg
9385,156.416667,,0,B,0.00467,0.04384,0.00216,0.00017,frames/frame_009385.jpg
9386,156.433333,,0,B,0.00456,0.04718,0.00194,0.00016,frames/frame_009386.jpg
9387,156.450000,,0,P,0.00440,0.02854,0.00168,0.00026,frames/frame_009387.jpg
9388,156.466667,,0,B,0.00435,0.02268,0.00151,0.00011,frames/frame_009388.jpg
9389,156.483333,,0,B,0.00422,0.02937,0.00125,0.00019,frames/frame_009389.jpg
9390,156.500000,,0,B,0.00414,0.01675,0.00097,0.00016,frames/frame_009390.jpg
9391,156.516667,,0,P,0.00403,0.01858,0.00073,0.00014,frames/frame_009391.jpg
9392,156.533333,,0,B,0.00393,0.00424,0.00027,0.00014,frames/frame_009392.jpg
9393,156.550000,,0,B,0.00392,0.00482,0.00022,0.00002,frames/frame_009393.jpg
9394,156.566667,,0,B,0.00392,0.00482,0.00022,0.00000,frames/frame_009394.jpg
9395,156.583333,,0,P,0.00392,0.00000,0.00022,0.00001,frames/frame_009395.jpg
9396,156.600000,,0,B,0.00392,0.00482,0.00022,0.00001,frames/frame_009396.jpg
9397,156.616667,,0,B,0.00392,0.00482,0.00022,0.00000,frames/frame_009397.jpg
9398,156.633333,,0,P,0.00392,0.00000,0.00022,0.00001,frames/frame_009398.jpg
