frame,timestamp_seconds,duration_seconds,keyframe,pict_type,brightness_0_1,saturation_0_1,edge_energy_0_1,frame_delta_0_1,image
0,0.000000,,1,I,0.33318,0.72503,0.04491,0.00000,frames/frame_000000.jpg
1,0.041667,,0,P,0.36262,0.69397,0.06193,0.03703,frames/frame_000001.jpg
2,0.083333,,0,P,0.39188,0.66380,0.07134,0.04510,frames/frame_000002.jpg
3,0.125000,,0,B,0.42343,0.63711,0.08163,0.03736,frames/frame_000003.jpg
4,0.166667,,0,B,0.45647,0.60511,0.09112,0.04143,frames/frame_000004.jpg
5,0.208333,,0,B,0.48742,0.57908,0.10108,0.03977,frames/frame_000005.jpg
6,0.250000,,0,P,0.49555,0.57222,0.10371,0.03559,frames/frame_000006.jpg
7,0.291667,,0,B,0.51578,0.57062,0.11384,0.03453,frames/frame_000007.jpg
8,0.333333,,0,B,0.52897,0.54173,0.11046,0.03636,frames/frame_000008.jpg
9,0.375000,,0,B,0.54384,0.53065,0.11519,0.01995,frames/frame_000009.jpg
10,0.416667,,0,P,0.52204,0.56054,0.11107,0.03761,frames/frame_000010.jpg
11,0.458333,,0,B,0.53516,0.55305,0.11800,0.02014,frames/frame_000011.jpg
12,0.500000,,0,B,0.53171,0.56280,0.11669,0.03145,frames/frame_000012.jpg
13,0.541667,,0,B,0.53288,0.56194,0.11956,0.01088,frames/frame_000013.jpg
14,0.583333,,0,P,0.52348,0.55336,0.11941,0.03316,frames/frame_000014.jpg
15,0.625000,,0,B,0.53353,0.54330,0.12783,0.02460,frames/frame_000015.jpg
16,0.666667,,0,B,0.53111,0.53980,0.12424,0.02603,frames/frame_000016.jpg
17,0.708333,,0,B,0.51531,0.54495,0.11806,0.01778,frames/frame_000017.jpg
18,0.750000,,0,P,0.52711,0.53297,0.12529,0.02474,frames/frame_000018.jpg
19,0.791667,,0,B,0.52656,0.52153,0.12308,0.01767,frames/frame_000019.jpg
20,0.833333,,0,B,0.52822,0.54316,0.12373,0.02652,frames/frame_000020.jpg
21,0.875000,,0,B,0.53085,0.54298,0.12517,0.01504,frames/frame_000021.jpg
22,0.916667,,0,P,0.52707,0.54675,0.12694,0.02856,frames/frame_000022.jpg
23,0.958333,,0,B,0.53989,0.53114,0.13340,0.02027,frames/frame_000023.jpg
24,1.000000,,0,B,0.52967,0.54330,0.12747,0.02698,frames/frame_000024.jpg
25,1.041667,,0,B,0.53348,0.54176,0.12881,0.00968,frames/frame_000025.jpg
26,1.083333,,0,P,0.53702,0.51141,0.13061,0.02945,frames/frame_000026.jpg
27,1.125000,,0,B,0.54311,0.50741,0.13300,0.01028,frames/frame_000027.jpg
28,1.166667,,0,B,0.54057,0.52835,0.12917,0.02639,frames/frame_000028.jpg
29,1.208333,,0,B,0.53188,0.53016,0.12579,0.01174,frames/frame_000029.jpg
30,1.250000,,0,P,0.55490,0.51067,0.13507,0.05379,frames/frame_000030.jpg
31,1.291667,,0,B,0.49224,0.59326,0.10331,0.09705,frames/frame_000031.jpg
32,1.333333,,0,B,0.45939,0.64645,0.08025,0.07533,frames/frame_000032.jpg
33,1.375000,,0,B,0.46481,0.64848,0.07423,0.03377,frames/frame_000033.jpg
34,1.416667,,0,P,0.46903,0.64628,0.07100,0.01831,frames/frame_000034.jpg
35,1.458333,,0,B,0.47159,0.64429,0.06821,0.02081,frames/frame_000035.jpg
36,1.500000,,0,B,0.46321,0.65032,0.07050,0.02117,frames/frame_000036.jpg
37,1.541667,,0,B,0.45343,0.64198,0.06990,0.02461,frames/frame_000037.jpg
38,1.583333,,0,P,0.45526,0.62829,0.07062,0.02893,frames/frame_000038.jpg
39,1.625000,,0,B,0.40525,0.60007,0.07895,0.07230,frames/frame_000039.jpg
40,1.666667,,0,P,0.35881,0.53809,0.08609,0.08235,frames/frame_000040.jpg
41,1.708333,,0,P,0.31329,0.47367,0.09991,0.08049,frames/frame_000041.jpg
42,1.750000,,0,B,0.26125,0.44677,0.09197,0.06656,frames/frame_000042.jpg
43,1.791667,,0,P,0.26136,0.44629,0.09209,0.00541,frames/frame_000043.jpg
44,1.833333,,0,B,0.26692,0.44330,0.09196,0.02116,frames/frame_000044.jpg
45,1.875000,,0,B,0.26705,0.44368,0.09194,0.00615,frames/frame_000045.jpg
46,1.916667,,0,B,0.26916,0.44402,0.09159,0.01821,frames/frame_000046.jpg
47,1.958333,,0,P,0.27024,0.44517,0.09103,0.00826,frames/frame_000047.jpg
48,2.000000,,0,B,0.26472,0.44841,0.09070,0.01911,frames/frame_000048.jpg
49,2.041667,,0,B,0.26553,0.44899,0.09227,0.00771,frames/frame_000049.jpg
50,2.083333,,0,B,0.26488,0.44627,0.09294,0.01947,frames/frame_000050.jpg
51,2.125000,,0,P,0.26643,0.44575,0.09349,0.00895,frames/frame_000051.jpg
52,2.166667,,0,B,0.27540,0.44648,0.09414,0.01993,frames/frame_000052.jpg
53,2.208333,,0,B,0.27719,0.44683,0.09447,0.00930,frames/frame_000053.jpg
54,2.250000,,0,B,0.27181,0.44729,0.09558,0.02403,frames/frame_000054.jpg
55,2.291667,,0,P,0.27312,0.44820,0.09748,0.00984,frames/frame_000055.jpg
56,2.333333,,0,B,0.27058,0.44743,0.10050,0.01659,frames/frame_000056.jpg
57,2.375000,,0,B,0.27193,0.44774,0.09980,0.01030,frames/frame_000057.jpg
58,2.416667,,0,B,0.27214,0.45081,0.10147,0.02019,frames/frame_000058.jpg
59,2.458333,,0,P,0.27323,0.45225,0.10218,0.00976,frames/frame_000059.jpg
60,2.500000,,0,B,0.27753,0.45211,0.10216,0.03245,frames/frame_000060.jpg
61,2.541667,,0,P,0.27727,0.45335,0.10141,0.01060,frames/frame_000061.jpg
62,2.583333,,0,B,0.27456,0.45727,0.10400,0.02953,frames/frame_000062.jpg
63,2.625000,,0,P,0.27672,0.45706,0.10516,0.01131,frames/frame_000063.jpg
64,2.666667,,0,B,0.28419,0.45072,0.10627,0.03388,frames/frame_000064.jpg
65,2.708333,,0,P,0.28534,0.45175,0.10670,0.00981,frames/frame_000065.jpg
66,2.750000,,0,B,0.28218,0.45310,0.10840,0.02081,frames/frame_000066.jpg
67,2.791667,,0,B,0.28271,0.45456,0.10906,0.00910,frames/frame_000067.jpg
68,2.833333,,0,B,0.28870,0.45643,0.11221,0.03925,frames/frame_000068.jpg
69,2.875000,,0,P,0.28830,0.45680,0.11098,0.01004,frames/frame_000069.jpg
70,2.916667,,0,B,0.29020,0.45378,0.10709,0.04170,frames/frame_000070.jpg
71,2.958333,,0,P,0.29218,0.45444,0.10732,0.01047,frames/frame_000071.jpg
72,3.000000,,1,I,0.29398,0.45649,0.11210,0.03464,frames/frame_000072.jpg
73,3.041667,,0,B,0.29565,0.45607,0.11334,0.00974,frames/frame_000073.jpg
74,3.083333,,0,B,0.29579,0.45320,0.11241,0.02118,frames/frame_000074.jpg
75,3.125000,,0,B,0.29676,0.45362,0.10928,0.00884,frames/frame_000075.jpg
76,3.166667,,0,P,0.29307,0.45993,0.10772,0.02752,frames/frame_000076.jpg
77,3.208333,,0,B,0.29393,0.46122,0.10820,0.00804,frames/frame_000077.jpg
78,3.250000,,0,B,0.29134,0.45919,0.11060,0.03795,frames/frame_000078.jpg
79,3.291667,,0,P,0.29079,0.45964,0.11176,0.00772,frames/frame_000079.jpg
80,3.333333,,0,B,0.28490,0.46781,0.11625,0.02311,frames/frame_000080.jpg
81,3.375000,,0,B,0.28601,0.46744,0.11594,0.00730,frames/frame_000081.jpg
82,3.416667,,0,B,0.29491,0.45813,0.11161,0.02838,frames/frame_000082.jpg
83,3.458333,,0,P,0.29485,0.45925,0.11120,0.00716,frames/frame_000083.jpg
84,3.500000,,0,B,0.28521,0.46948,0.10576,0.03102,frames/frame_000084.jpg
85,3.541667,,0,B,0.28623,0.46959,0.10513,0.00640,frames/frame_000085.jpg
86,3.583333,,0,P,0.29982,0.46243,0.11119,0.03327,frames/frame_000086.jpg
87,3.625000,,0,P,0.43265,0.48021,0.14930,0.21019,frames/frame_000087.jpg
88,3.666667,,0,B,0.41316,0.50171,0.13955,0.04165,frames/frame_000088.jpg
89,3.708333,,0,P,0.41315,0.50254,0.13878,0.00450,frames/frame_000089.jpg
90,3.750000,,0,B,0.41325,0.49371,0.13913,0.02384,frames/frame_000090.jpg
91,3.791667,,0,B,0.41294,0.49543,0.14041,0.00523,frames/frame_000091.jpg
92,3.833333,,0,B,0.42331,0.48539,0.14627,0.03238,frames/frame_000092.jpg
93,3.875000,,0,P,0.42427,0.48761,0.14739,0.00609,frames/frame_000093.jpg
94,3.916667,,0,B,0.42401,0.48384,0.14823,0.01849,frames/frame_000094.jpg
95,3.958333,,0,B,0.42288,0.48528,0.14558,0.01502,frames/frame_000095.jpg
96,4.000000,,0,B,0.42903,0.48462,0.14687,0.04059,frames/frame_000096.jpg
97,4.041667,,0,P,0.43189,0.48502,0.14960,0.01410,frames/frame_000097.jpg
98,4.083333,,0,B,0.43060,0.47814,0.14753,0.03238,frames/frame_000098.jpg
99,4.125000,,0,P,0.43102,0.48017,0.14918,0.01359,frames/frame_000099.jpg
100,4.166667,,0,B,0.42583,0.48835,0.14252,0.03415,frames/frame_000100.jpg
101,4.208333,,0,P,0.42565,0.49113,0.14163,0.00850,frames/frame_000101.jpg
102,4.250000,,0,B,0.42313,0.48707,0.14709,0.03380,frames/frame_000102.jpg
103,4.291667,,0,B,0.42279,0.48812,0.14708,0.00885,frames/frame_000103.jpg
104,4.333333,,0,B,0.43610,0.47558,0.15757,0.02971,frames/frame_000104.jpg
105,4.375000,,0,P,0.43535,0.47567,0.15854,0.01783,frames/frame_000105.jpg
106,4.416667,,0,B,0.43283,0.47249,0.15580,0.03705,frames/frame_000106.jpg
107,4.458333,,0,P,0.43228,0.47348,0.15409,0.01564,frames/frame_000107.jpg
108,4.500000,,0,B,0.42882,0.48278,0.15462,0.02587,frames/frame_000108.jpg
109,4.541667,,0,P,0.42744,0.48618,0.15290,0.01261,frames/frame_000109.jpg
110,4.583333,,0,B,0.42283,0.49956,0.14628,0.03711,frames/frame_000110.jpg
111,4.625000,,0,P,0.42324,0.50149,0.14846,0.01046,frames/frame_000111.jpg
112,4.666667,,0,B,0.42722,0.48441,0.15981,0.03253,frames/frame_000112.jpg
113,4.708333,,0,P,0.42591,0.48384,0.16027,0.01860,frames/frame_000113.jpg
114,4.750000,,0,B,0.42938,0.47782,0.16382,0.03567,frames/frame_000114.jpg
115,4.791667,,0,B,0.42820,0.48168,0.16082,0.01707,frames/frame_000115.jpg
116,4.833333,,0,B,0.43045,0.48684,0.15917,0.02871,frames/frame_000116.jpg
117,4.875000,,0,P,0.42974,0.49108,0.15975,0.01594,frames/frame_000117.jpg
118,4.916667,,0,B,0.42931,0.48970,0.15960,0.03747,frames/frame_000118.jpg
119,4.958333,,0,P,0.42878,0.49087,0.16445,0.01410,frames/frame_000119.jpg
120,5.000000,,0,B,0.43432,0.48435,0.16739,0.04380,frames/frame_000120.jpg
121,5.041667,,0,P,0.43341,0.48611,0.16726,0.01981,frames/frame_000121.jpg
122,5.083333,,0,B,0.43683,0.48013,0.16784,0.03116,frames/frame_000122.jpg
123,5.125000,,0,B,0.43667,0.48427,0.16328,0.01888,frames/frame_000123.jpg
124,5.166667,,0,B,0.43007,0.49277,0.15690,0.03002,frames/frame_000124.jpg
125,5.208333,,0,P,0.42955,0.49789,0.15808,0.01485,frames/frame_000125.jpg
126,5.250000,,0,B,0.42755,0.49900,0.15131,0.02420,frames/frame_000126.jpg
127,5.291667,,0,B,0.42740,0.50132,0.14984,0.01176,frames/frame_000127.jpg
128,5.333333,,0,B,0.42840,0.50409,0.15057,0.04603,frames/frame_000128.jpg
129,5.375000,,0,P,0.42901,0.50362,0.15200,0.01525,frames/frame_000129.jpg
130,5.416667,,0,B,0.43120,0.48980,0.15455,0.03643,frames/frame_000130.jpg
131,5.458333,,0,P,0.43055,0.49378,0.15651,0.01563,frames/frame_000131.jpg
132,5.500000,,0,B,0.43191,0.49494,0.16048,0.02994,frames/frame_000132.jpg
133,5.541667,,0,P,0.43137,0.49563,0.15977,0.01686,frames/frame_000133.jpg
134,5.583333,,0,B,0.43234,0.49513,0.16262,0.03509,frames/frame_000134.jpg
135,5.625000,,0,P,0.43025,0.50029,0.15831,0.01520,frames/frame_000135.jpg
136,5.666667,,0,B,0.22857,0.52163,0.06264,0.21064,frames/frame_000136.jpg
137,5.708333,,0,P,0.22804,0.52116,0.06238,0.00440,frames/frame_000137.jpg
138,5.750000,,0,B,0.22884,0.52010,0.06381,0.01790,frames/frame_000138.jpg
139,5.791667,,0,B,0.22791,0.52041,0.06337,0.00362,frames/frame_000139.jpg
140,5.833333,,0,P,0.22769,0.52211,0.05363,0.01690,frames/frame_000140.jpg
141,5.875000,,0,B,0.22558,0.52708,0.05396,0.00459,frames/frame_000141.jpg
142,5.916667,,0,B,0.22353,0.52757,0.05335,0.00874,frames/frame_000142.jpg
143,5.958333,,0,P,0.22128,0.52695,0.05575,0.00592,frames/frame_000143.jpg
144,6.000000,,1,I,0.22303,0.52679,0.05780,0.02540,frames/frame_000144.jpg
145,6.041667,,0,B,0.22636,0.52085,0.06041,0.01781,frames/frame_000145.jpg
146,6.083333,,0,B,0.22622,0.51779,0.06282,0.02739,frames/frame_000146.jpg
147,6.125000,,0,B,0.23140,0.51269,0.07229,0.02054,frames/frame_000147.jpg
148,6.166667,,0,P,0.22958,0.51607,0.07220,0.02078,frames/frame_000148.jpg
149,6.208333,,0,B,0.22760,0.51616,0.07239,0.01456,frames/frame_000149.jpg
150,6.250000,,0,B,0.22602,0.51683,0.07317,0.01686,frames/frame_000150.jpg
151,6.291667,,0,B,0.22633,0.51701,0.07384,0.00842,frames/frame_000151.jpg
152,6.333333,,0,P,0.22726,0.51809,0.07595,0.02002,frames/frame_000152.jpg
153,6.375000,,0,B,0.22690,0.51878,0.07395,0.02910,frames/frame_000153.jpg
154,6.416667,,0,B,0.23323,0.51605,0.07392,0.03434,frames/frame_000154.jpg
155,6.458333,,0,P,0.23185,0.51753,0.07253,0.02051,frames/frame_000155.jpg
156,6.500000,,0,B,0.22941,0.51664,0.07330,0.02016,frames/frame_000156.jpg
157,6.541667,,0,B,0.23030,0.51646,0.07483,0.00898,frames/frame_000157.jpg
158,6.583333,,0,B,0.22640,0.51457,0.07314,0.01782,frames/frame_000158.jpg
159,6.625000,,0,P,0.22577,0.51469,0.07363,0.01164,frames/frame_000159.jpg
160,6.666667,,0,B,0.22996,0.50970,0.07767,0.01635,frames/frame_000160.jpg
161,6.708333,,0,B,0.23079,0.50824,0.07804,0.00969,frames/frame_000161.jpg
162,6.750000,,0,B,0.22846,0.50916,0.07659,0.01570,frames/frame_000162.jpg
163,6.791667,,0,P,0.22897,0.50799,0.07633,0.00934,frames/frame_000163.jpg
164,6.833333,,0,B,0.23313,0.50403,0.07962,0.02112,frames/frame_000164.jpg
165,6.875000,,0,B,0.23069,0.50295,0.07991,0.00991,frames/frame_000165.jpg
166,6.916667,,0,B,0.23282,0.50148,0.08280,0.01436,frames/frame_000166.jpg
167,6.958333,,0,P,0.23101,0.50140,0.08182,0.00963,frames/frame_000167.jpg
168,7.000000,,0,B,0.22554,0.50197,0.08222,0.01713,frames/frame_000168.jpg
169,7.041667,,0,B,0.22579,0.50115,0.08246,0.01982,frames/frame_000169.jpg
170,7.083333,,0,B,0.22761,0.49909,0.08079,0.03031,frames/frame_000170.jpg
171,7.125000,,0,P,0.22634,0.49785,0.08233,0.02191,frames/frame_000171.jpg
172,7.166667,,0,B,0.22333,0.49730,0.08336,0.02045,frames/frame_000172.jpg
173,7.208333,,0,B,0.22245,0.49674,0.08362,0.00734,frames/frame_000173.jpg
174,7.250000,,0,B,0.23356,0.49330,0.08257,0.01768,frames/frame_000174.jpg
175,7.291667,,0,P,0.23212,0.49344,0.08326,0.00674,frames/frame_000175.jpg
176,7.333333,,0,B,0.22208,0.49786,0.08201,0.01961,frames/frame_000176.jpg
177,7.375000,,0,B,0.22151,0.49859,0.08234,0.00658,frames/frame_000177.jpg
178,7.416667,,0,B,0.23080,0.49461,0.08366,0.01811,frames/frame_000178.jpg
179,7.458333,,0,P,0.23135,0.49474,0.08417,0.00730,frames/frame_000179.jpg
180,7.500000,,0,B,0.22847,0.49637,0.08371,0.01279,frames/frame_000180.jpg
181,7.541667,,0,B,0.22884,0.49690,0.08357,0.00680,frames/frame_000181.jpg
182,7.583333,,0,B,0.22648,0.49850,0.08402,0.01567,frames/frame_000182.jpg
183,7.625000,,0,P,0.22554,0.49884,0.08278,0.00651,frames/frame_000183.jpg
184,7.666667,,0,B,0.22235,0.49914,0.08050,0.01286,frames/frame_000184.jpg
185,7.708333,,0,P,0.22156,0.49974,0.08062,0.00498,frames/frame_000185.jpg
186,7.750000,,0,P,0.23435,0.49301,0.08449,0.03479,frames/frame_000186.jpg
187,7.791667,,0,P,0.23769,0.49262,0.09066,0.02351,frames/frame_000187.jpg
188,7.833333,,0,B,0.23476,0.49358,0.09252,0.03097,frames/frame_000188.jpg
189,7.875000,,0,P,0.24110,0.49397,0.10329,0.02208,frames/frame_000189.jpg
190,7.916667,,0,B,0.24695,0.49161,0.11606,0.03276,frames/frame_000190.jpg
191,7.958333,,0,P,0.25356,0.49149,0.12415,0.02027,frames/frame_000191.jpg
192,8.000000,,0,P,0.44124,0.48206,0.12950,0.22012,frames/frame_000192.jpg
193,8.041667,,0,B,0.43416,0.48110,0.12986,0.01131,frames/frame_000193.jpg
194,8.083333,,0,B,0.42129,0.47621,0.13790,0.03623,frames/frame_000194.jpg
195,8.125000,,0,B,0.42245,0.47398,0.14344,0.00659,frames/frame_000195.jpg
196,8.166667,,0,P,0.42835,0.47526,0.14484,0.02127,frames/frame_000196.jpg
197,8.208333,,0,B,0.42829,0.47506,0.14476,0.00227,frames/frame_000197.jpg
198,8.250000,,0,B,0.42440,0.48041,0.13906,0.02479,frames/frame_000198.jpg
199,8.291667,,0,P,0.42413,0.48147,0.13853,0.00140,frames/frame_000199.jpg
200,8.333333,,0,B,0.41764,0.48006,0.14058,0.03127,frames/frame_000200.jpg
201,8.375000,,0,B,0.41809,0.48072,0.13945,0.00199,frames/frame_000201.jpg
202,8.416667,,0,B,0.42067,0.48154,0.13914,0.02054,frames/frame_000202.jpg
203,8.458333,,0,P,0.42052,0.48221,0.13952,0.00847,frames/frame_000203.jpg
204,8.500000,,0,B,0.42188,0.47561,0.13532,0.02516,frames/frame_000204.jpg
205,8.541667,,0,P,0.44233,0.45059,0.15304,0.03200,frames/frame_000205.jpg
206,8.583333,,0,B,0.46176,0.43537,0.16373,0.05264,frames/frame_000206.jpg
207,8.625000,,0,B,0.46176,0.43609,0.16308,0.00564,frames/frame_000207.jpg
208,8.666667,,0,P,0.45792,0.43874,0.15262,0.02886,frames/frame_000208.jpg
209,8.708333,,0,B,0.45775,0.43758,0.15411,0.00856,frames/frame_000209.jpg
210,8.750000,,0,B,0.45378,0.44116,0.15514,0.02615,frames/frame_000210.jpg
211,8.791667,,0,P,0.46025,0.44200,0.15046,0.03931,frames/frame_000211.jpg
212,8.833333,,0,P,0.46665,0.45780,0.15274,0.14482,frames/frame_000212.jpg
213,8.875000,,0,P,0.41139,0.53248,0.13371,0.16203,frames/frame_000213.jpg
214,8.916667,,0,P,0.42301,0.53446,0.11310,0.14002,frames/frame_000214.jpg
215,8.958333,,0,P,0.50249,0.46409,0.11631,0.14893,frames/frame_000215.jpg
216,9.000000,,1,I,0.82129,0.12815,0.09713,0.35691,frames/frame_000216.jpg
217,9.041667,,0,B,0.80031,0.13244,0.10581,0.02804,frames/frame_000217.jpg
218,9.083333,,0,P,0.78648,0.13912,0.11042,0.02568,frames/frame_000218.jpg
219,9.125000,,0,B,0.78908,0.13427,0.12653,0.01800,frames/frame_000219.jpg
220,9.166667,,0,B,0.78816,0.13429,0.13092,0.03538,frames/frame_000220.jpg
221,9.208333,,0,B,0.79175,0.13482,0.12847,0.03821,frames/frame_000221.jpg
222,9.250000,,0,P,0.78782,0.13844,0.10845,0.03739,frames/frame_000222.jpg
223,9.291667,,0,B,0.78985,0.13707,0.10469,0.02286,frames/frame_000223.jpg
224,9.333333,,0,P,0.78868,0.13896,0.10934,0.02417,frames/frame_000224.jpg
225,9.375000,,0,B,0.78882,0.13416,0.12375,0.03387,frames/frame_000225.jpg
226,9.416667,,0,P,0.77987,0.13878,0.12540,0.03990,frames/frame_000226.jpg
227,9.458333,,0,B,0.77915,0.13569,0.12742,0.04115,frames/frame_000227.jpg
228,9.500000,,0,P,0.76274,0.16230,0.13168,0.04698,frames/frame_000228.jpg
229,9.541667,,0,B,0.76307,0.16187,0.12537,0.01151,frames/frame_000229.jpg
230,9.583333,,0,B,0.77371,0.13365,0.13288,0.02909,frames/frame_000230.jpg
231,9.625000,,0,B,0.77366,0.13387,0.13034,0.01560,frames/frame_000231.jpg
232,9.666667,,0,P,0.78396,0.14185,0.13453,0.02398,frames/frame_000232.jpg
233,9.708333,,0,P,0.78328,0.14219,0.13133,0.01927,frames/frame_000233.jpg
234,9.750000,,0,B,0.78184,0.13581,0.13094,0.02719,frames/frame_000234.jpg
235,9.791667,,0,B,0.78172,0.13656,0.12899,0.02448,frames/frame_000235.jpg
236,9.833333,,0,B,0.78172,0.14127,0.12475,0.02467,frames/frame_000236.jpg
237,9.875000,,0,P,0.77888,0.14156,0.12458,0.01868,frames/frame_000237.jpg
238,9.916667,,0,B,0.78427,0.14142,0.12646,0.03047,frames/frame_000238.jpg
239,9.958333,,0,B,0.78541,0.14489,0.12731,0.01979,frames/frame_000239.jpg
240,10.000000,,0,B,0.77796,0.14106,0.12725,0.02379,frames/frame_000240.jpg
241,10.041667,,0,P,0.77879,0.13940,0.12996,0.02975,frames/frame_000241.jpg
242,10.083333,,0,B,0.78216,0.14198,0.12643,0.02708,frames/frame_000242.jpg
243,10.125000,,0,B,0.78435,0.14435,0.12574,0.02078,frames/frame_000243.jpg
244,10.166667,,0,B,0.77688,0.15440,0.12226,0.03092,frames/frame_000244.jpg
245,10.208333,,0,P,0.78131,0.15199,0.12252,0.02562,frames/frame_000245.jpg
246,10.250000,,0,B,0.78286,0.15205,0.11960,0.02733,frames/frame_000246.jpg
247,10.291667,,0,B,0.78255,0.15540,0.11660,0.01982,frames/frame_000247.jpg
248,10.333333,,0,B,0.78662,0.15262,0.11570,0.02061,frames/frame_000248.jpg
249,10.375000,,0,P,0.78401,0.15005,0.11560,0.02238,frames/frame_000249.jpg
250,10.416667,,0,B,0.78412,0.14777,0.11693,0.02075,frames/frame_000250.jpg
251,10.458333,,0,B,0.78897,0.15144,0.11524,0.02032,frames/frame_000251.jpg
252,10.500000,,0,B,0.79039,0.15661,0.11149,0.02631,frames/frame_000252.jpg
253,10.541667,,0,P,0.78776,0.15791,0.11426,0.02749,frames/frame_000253.jpg
254,10.583333,,0,B,0.78461,0.15861,0.11412,0.02599,frames/frame_000254.jpg
255,10.625000,,0,B,0.77541,0.17078,0.11515,0.02525,frames/frame_000255.jpg
256,10.666667,,0,P,0.78187,0.16437,0.11515,0.01918,frames/frame_000256.jpg
257,10.708333,,0,P,0.78201,0.16460,0.11701,0.00470,frames/frame_000257.jpg
258,10.750000,,0,P,0.77953,0.16921,0.11678,0.01804,frames/frame_000258.jpg
259,10.791667,,0,B,0.77948,0.16902,0.11685,0.00233,frames/frame_000259.jpg
260,10.833333,,0,B,0.78868,0.14457,0.11492,0.04138,frames/frame_000260.jpg
261,10.875000,,0,B,0.78880,0.14415,0.11494,0.00189,frames/frame_000261.jpg
262,10.916667,,0,P,0.78503,0.14905,0.11490,0.01030,frames/frame_000262.jpg
263,10.958333,,0,B,0.78485,0.14898,0.11461,0.00406,frames/frame_000263.jpg
264,11.000000,,0,B,0.78398,0.14703,0.11130,0.01580,frames/frame_000264.jpg
265,11.041667,,0,B,0.78400,0.14723,0.11155,0.00833,frames/frame_000265.jpg
266,11.083333,,0,P,0.78480,0.14853,0.11324,0.01970,frames/frame_000266.jpg
267,11.125000,,0,B,0.78096,0.15245,0.11316,0.02145,frames/frame_000267.jpg
268,11.166667,,0,P,0.78821,0.15109,0.11260,0.03014,frames/frame_000268.jpg
269,11.208333,,0,B,0.78344,0.15240,0.11243,0.02674,frames/frame_000269.jpg
270,11.250000,,0,B,0.78927,0.15085,0.11186,0.03386,frames/frame_000270.jpg
271,11.291667,,0,B,0.78464,0.14574,0.10965,0.02920,frames/frame_000271.jpg
272,11.333333,,0,P,0.78206,0.13789,0.11301,0.02919,frames/frame_000272.jpg
273,11.375000,,0,B,0.76977,0.13428,0.11346,0.03066,frames/frame_000273.jpg
274,11.416667,,0,B,0.77203,0.12742,0.10021,0.02088,frames/frame_000274.jpg
275,11.458333,,0,P,0.78195,0.11608,0.10345,0.04173,frames/frame_000275.jpg
276,11.500000,,0,P,0.76087,0.12692,0.11304,0.04843,frames/frame_000276.jpg
277,11.541667,,0,B,0.77257,0.13004,0.09849,0.04151,frames/frame_000277.jpg
278,11.583333,,0,B,0.76023,0.12172,0.09955,0.02787,frames/frame_000278.jpg
279,11.625000,,0,B,0.75741,0.12101,0.10059,0.00923,frames/frame_000279.jpg
280,11.666667,,0,P,0.77109,0.13827,0.10210,0.02876,frames/frame_000280.jpg
281,11.708333,,0,B,0.77053,0.13601,0.10065,0.00856,frames/frame_000281.jpg
282,11.750000,,0,B,0.75118,0.12847,0.10158,0.03094,frames/frame_000282.jpg
283,11.791667,,0,B,0.75341,0.13113,0.10388,0.01101,frames/frame_000283.jpg
284,11.833333,,0,P,0.76049,0.13568,0.10666,0.02895,frames/frame_000284.jpg
285,11.875000,,0,B,0.75969,0.13559,0.10748,0.00593,frames/frame_000285.jpg
286,11.916667,,0,B,0.75689,0.13017,0.10397,0.02412,frames/frame_000286.jpg
287,11.958333,,0,P,0.75585,0.13031,0.10536,0.00765,frames/frame_000287.jpg
288,12.000000,,1,I,0.76097,0.14155,0.10552,0.02727,frames/frame_000288.jpg
289,12.041667,,0,B,0.76083,0.14134,0.10653,0.00922,frames/frame_000289.jpg
290,12.083333,,0,P,0.76050,0.13586,0.10819,0.02189,frames/frame_000290.jpg
291,12.125000,,0,P,0.22454,0.51518,0.07072,0.49733,frames/frame_000291.jpg
292,12.166667,,0,B,0.22323,0.51442,0.07081,0.01598,frames/frame_000292.jpg
293,12.208333,,0,B,0.22127,0.51563,0.07316,0.00739,frames/frame_000293.jpg
294,12.250000,,0,B,0.22674,0.51371,0.07403,0.02171,frames/frame_000294.jpg
295,12.291667,,0,P,0.22528,0.51383,0.07489,0.00685,frames/frame_000295.jpg
296,12.333333,,0,B,0.23263,0.50813,0.06363,0.03488,frames/frame_000296.jpg
297,12.375000,,0,P,0.23237,0.51016,0.06009,0.01144,frames/frame_000297.jpg
298,12.416667,,0,B,0.22580,0.51632,0.06179,0.02553,frames/frame_000298.jpg
299,12.458333,,0,P,0.22568,0.51704,0.06183,0.01638,frames/frame_000299.jpg
300,12.500000,,0,P,0.21785,0.52165,0.06137,0.04299,frames/frame_000300.jpg
301,12.541667,,0,P,0.21721,0.51826,0.05992,0.03547,frames/frame_000301.jpg
302,12.583333,,0,P,0.22009,0.51929,0.06203,0.02939,frames/frame_000302.jpg
303,12.625000,,0,P,0.22626,0.51702,0.06625,0.03491,frames/frame_000303.jpg
304,12.666667,,0,P,0.21673,0.52302,0.06287,0.03207,frames/frame_000304.jpg
305,12.708333,,0,P,0.21697,0.52511,0.06922,0.03222,frames/frame_000305.jpg
306,12.750000,,0,P,0.22284,0.52506,0.06543,0.03716,frames/frame_000306.jpg
307,12.791667,,0,P,0.22339,0.52229,0.07296,0.03886,frames/frame_000307.jpg
308,12.833333,,0,B,0.22014,0.52902,0.06550,0.02718,frames/frame_000308.jpg
309,12.875000,,0,P,0.21975,0.52861,0.06661,0.00682,frames/frame_000309.jpg
310,12.916667,,0,B,0.22661,0.47190,0.05859,0.08544,frames/frame_000310.jpg
311,12.958333,,0,P,0.22659,0.47160,0.05874,0.00129,frames/frame_000311.jpg
312,13.000000,,0,B,0.22561,0.46169,0.05764,0.01042,frames/frame_000312.jpg
313,13.041667,,0,B,0.22565,0.45942,0.05856,0.00323,frames/frame_000313.jpg
314,13.083333,,0,B,0.22296,0.47262,0.05665,0.01159,frames/frame_000314.jpg
315,13.125000,,0,P,0.22864,0.46672,0.07086,0.01069,frames/frame_000315.jpg
316,13.166667,,0,B,0.23159,0.45231,0.07140,0.01231,frames/frame_000316.jpg
317,13.208333,,0,B,0.23278,0.45196,0.07239,0.00797,frames/frame_000317.jpg
318,13.250000,,0,B,0.23305,0.45475,0.07241,0.01952,frames/frame_000318.jpg
319,13.291667,,0,P,0.23133,0.45395,0.07181,0.01223,frames/frame_000319.jpg
320,13.333333,,0,P,0.24406,0.43689,0.07803,0.03236,frames/frame_000320.jpg
321,13.375000,,0,P,0.24918,0.44229,0.08446,0.01634,frames/frame_000321.jpg
322,13.416667,,0,B,0.24762,0.46823,0.08992,0.02375,frames/frame_000322.jpg
323,13.458333,,0,B,0.24873,0.47001,0.09297,0.01180,frames/frame_000323.jpg
324,13.500000,,0,B,0.25528,0.44947,0.09407,0.01733,frames/frame_000324.jpg
325,13.541667,,0,P,0.25435,0.44953,0.09393,0.00692,frames/frame_000325.jpg
326,13.583333,,0,B,0.25337,0.45420,0.09510,0.01310,frames/frame_000326.jpg
327,13.625000,,0,B,0.25329,0.45384,0.09538,0.00298,frames/frame_000327.jpg
328,13.666667,,0,B,0.25207,0.46241,0.09451,0.02075,frames/frame_000328.jpg
329,13.708333,,0,P,0.25169,0.46250,0.09403,0.00706,frames/frame_000329.jpg
330,13.750000,,0,B,0.25082,0.46850,0.09466,0.01077,frames/frame_000330.jpg
331,13.791667,,0,B,0.25046,0.46890,0.09448,0.00472,frames/frame_000331.jpg
332,13.833333,,0,B,0.24838,0.47087,0.09356,0.01233,frames/frame_000332.jpg
333,13.875000,,0,P,0.24989,0.47167,0.09165,0.00930,frames/frame_000333.jpg
334,13.916667,,0,B,0.25405,0.45173,0.09222,0.02277,frames/frame_000334.jpg
335,13.958333,,0,P,0.25398,0.45205,0.09323,0.00568,frames/frame_000335.jpg
336,14.000000,,0,B,0.25472,0.45540,0.09274,0.02393,frames/frame_000336.jpg
337,14.041667,,0,P,0.25531,0.45523,0.09360,0.00653,frames/frame_000337.jpg
338,14.083333,,0,B,0.24902,0.47373,0.09310,0.01987,frames/frame_000338.jpg
339,14.125000,,0,B,0.24866,0.47453,0.09354,0.00562,frames/frame_000339.jpg
340,14.166667,,0,B,0.25141,0.46854,0.09441,0.01604,frames/frame_000340.jpg
341,14.208333,,0,P,0.25119,0.46810,0.09428,0.00528,frames/frame_000341.jpg
342,14.250000,,0,B,0.25113,0.47167,0.09389,0.01123,frames/frame_000342.jpg
343,14.291667,,0,B,0.24948,0.47339,0.09453,0.00637,frames/frame_000343.jpg
344,14.333333,,0,B,0.25353,0.46619,0.09667,0.01496,frames/frame_000344.jpg
345,14.375000,,0,P,0.25202,0.46558,0.09637,0.00643,frames/frame_000345.jpg
346,14.416667,,0,B,0.25204,0.45882,0.09634,0.01318,frames/frame_000346.jpg
347,14.458333,,0,B,0.25328,0.45801,0.09555,0.00436,frames/frame_000347.jpg
348,14.500000,,0,B,0.25089,0.47273,0.09559,0.01518,frames/frame_000348.jpg
349,14.541667,,0,P,0.25011,0.47302,0.09335,0.00954,frames/frame_000349.jpg
350,14.583333,,0,B,0.25239,0.46224,0.09474,0.01643,frames/frame_000350.jpg
351,14.625000,,0,B,0.25159,0.46172,0.09488,0.00551,frames/frame_000351.jpg
352,14.666667,,0,B,0.25194,0.46749,0.09411,0.01666,frames/frame_000352.jpg
353,14.708333,,0,P,0.25224,0.46707,0.09484,0.00611,frames/frame_000353.jpg
354,14.750000,,0,B,0.25104,0.46528,0.09514,0.01746,frames/frame_000354.jpg
355,14.791667,,0,B,0.25337,0.46681,0.09506,0.00680,frames/frame_000355.jpg
356,14.833333,,0,B,0.25442,0.46283,0.09874,0.01715,frames/frame_000356.jpg
357,14.875000,,0,P,0.25287,0.46392,0.10034,0.00693,frames/frame_000357.jpg
358,14.916667,,0,B,0.25582,0.45377,0.09721,0.01565,frames/frame_000358.jpg
359,14.958333,,0,P,0.25553,0.45364,0.09854,0.00613,frames/frame_000359.jpg
360,15.000000,,1,I,0.25239,0.47140,0.09728,0.02193,frames/frame_000360.jpg
361,15.041667,,0,B,0.25098,0.47204,0.09732,0.00761,frames/frame_000361.jpg
362,15.083333,,0,B,0.25683,0.44993,0.09849,0.01776,frames/frame_000362.jpg
363,15.125000,,0,B,0.25685,0.44945,0.09774,0.00782,frames/frame_000363.jpg
364,15.166667,,0,P,0.25377,0.46271,0.09862,0.01679,frames/frame_000364.jpg
365,15.208333,,0,B,0.25429,0.46322,0.09893,0.00922,frames/frame_000365.jpg
366,15.250000,,0,B,0.25628,0.45102,0.09886,0.02559,frames/frame_000366.jpg
367,15.291667,,0,B,0.25644,0.45098,0.09906,0.00359,frames/frame_000367.jpg
368,15.333333,,0,P,0.24980,0.47268,0.09501,0.01199,frames/frame_000368.jpg
369,15.375000,,0,B,0.25152,0.47258,0.09599,0.00600,frames/frame_000369.jpg
370,15.416667,,0,B,0.25468,0.46228,0.09765,0.01279,frames/frame_000370.jpg
371,15.458333,,0,B,0.25441,0.46157,0.09774,0.00635,frames/frame_000371.jpg
372,15.500000,,0,P,0.25793,0.45380,0.09735,0.01257,frames/frame_000372.jpg
373,15.541667,,0,B,0.25673,0.45180,0.09774,0.00880,frames/frame_000373.jpg
374,15.583333,,0,B,0.25456,0.46521,0.09687,0.01225,frames/frame_000374.jpg
375,15.625000,,0,B,0.25396,0.46566,0.09700,0.00568,frames/frame_000375.jpg
376,15.666667,,0,P,0.25248,0.47301,0.09594,0.00967,frames/frame_000376.jpg
377,15.708333,,0,B,0.25276,0.47305,0.09576,0.00408,frames/frame_000377.jpg
378,15.750000,,0,B,0.25203,0.47731,0.09844,0.01254,frames/frame_000378.jpg
379,15.791667,,0,B,0.25239,0.47699,0.09789,0.00648,frames/frame_000379.jpg
380,15.833333,,0,P,0.25694,0.45556,0.09740,0.01673,frames/frame_000380.jpg
381,15.875000,,0,B,0.25548,0.45638,0.09724,0.00517,frames/frame_000381.jpg
382,15.916667,,0,B,0.25516,0.46462,0.09773,0.02277,frames/frame_000382.jpg
383,15.958333,,0,B,0.25475,0.46493,0.09802,0.00568,frames/frame_000383.jpg
384,16.000000,,0,P,0.25606,0.45640,0.09694,0.01142,frames/frame_000384.jpg
385,16.041667,,0,B,0.25776,0.45547,0.09800,0.00576,frames/frame_000385.jpg
386,16.083333,,0,B,0.25097,0.47934,0.09697,0.01863,frames/frame_000386.jpg
387,16.125000,,0,B,0.25210,0.47779,0.09662,0.00624,frames/frame_000387.jpg
388,16.166667,,0,P,0.25337,0.47171,0.09818,0.01540,frames/frame_000388.jpg
389,16.208333,,0,B,0.25345,0.47097,0.09826,0.00395,frames/frame_000389.jpg
390,16.250000,,0,B,0.25380,0.46770,0.09900,0.01757,frames/frame_000390.jpg
391,16.291667,,0,B,0.25389,0.46759,0.09868,0.00380,frames/frame_000391.jpg
392,16.333333,,0,P,0.25574,0.46309,0.09851,0.01931,frames/frame_000392.jpg
393,16.375000,,0,B,0.25570,0.46352,0.09931,0.00601,frames/frame_000393.jpg
394,16.416667,,0,B,0.24828,0.46865,0.08611,0.02069,frames/frame_000394.jpg
395,16.458333,,0,B,0.24825,0.47081,0.08555,0.00704,frames/frame_000395.jpg
396,16.500000,,0,P,0.25028,0.46097,0.08402,0.01033,frames/frame_000396.jpg
397,16.541667,,0,B,0.25041,0.46247,0.08560,0.00518,frames/frame_000397.jpg
398,16.583333,,0,B,0.25068,0.46381,0.08353,0.01900,frames/frame_000398.jpg
399,16.625000,,0,B,0.24844,0.46057,0.08726,0.00776,frames/frame_000399.jpg
400,16.666667,,0,P,0.24478,0.47221,0.08844,0.01680,frames/frame_000400.jpg
401,16.708333,,0,B,0.24516,0.47227,0.08942,0.00500,frames/frame_000401.jpg
402,16.750000,,0,B,0.24469,0.47438,0.09062,0.01098,frames/frame_000402.jpg
403,16.791667,,0,B,0.24474,0.47341,0.09034,0.00403,frames/frame_000403.jpg
404,16.833333,,0,P,0.24441,0.47262,0.08907,0.00815,frames/frame_000404.jpg
405,16.875000,,0,B,0.24461,0.47230,0.08821,0.00362,frames/frame_000405.jpg
406,16.916667,,0,B,0.24707,0.46959,0.08909,0.01603,frames/frame_000406.jpg
407,16.958333,,0,B,0.24752,0.46870,0.09023,0.00436,frames/frame_000407.jpg
408,17.000000,,0,P,0.24909,0.46433,0.09137,0.01300,frames/frame_000408.jpg
409,17.041667,,0,B,0.24911,0.46545,0.09135,0.00431,frames/frame_000409.jpg
410,17.083333,,0,B,0.25177,0.45126,0.09258,0.01528,frames/frame_000410.jpg
411,17.125000,,0,B,0.25072,0.45227,0.09169,0.00906,frames/frame_000411.jpg
412,17.166667,,0,P,0.24520,0.47270,0.09033,0.02023,frames/frame_000412.jpg
413,17.208333,,0,B,0.24722,0.47270,0.08765,0.00689,frames/frame_000413.jpg
414,17.250000,,0,B,0.25064,0.45754,0.08975,0.01665,frames/frame_000414.jpg
415,17.291667,,0,B,0.25164,0.45804,0.09243,0.01848,frames/frame_000415.jpg
416,17.333333,,0,P,0.24972,0.46559,0.09167,0.01868,frames/frame_000416.jpg
417,17.375000,,0,B,0.25016,0.46558,0.08951,0.01425,frames/frame_000417.jpg
418,17.416667,,0,B,0.24984,0.46375,0.09161,0.02297,frames/frame_000418.jpg
419,17.458333,,0,B,0.24992,0.46451,0.09330,0.01522,frames/frame_000419.jpg
420,17.500000,,0,P,0.24845,0.47614,0.09308,0.02234,frames/frame_000420.jpg
421,17.541667,,0,B,0.24916,0.47582,0.09337,0.02017,frames/frame_000421.jpg
422,17.583333,,0,B,0.25230,0.46194,0.09522,0.03343,frames/frame_000422.jpg
423,17.625000,,0,P,0.25334,0.46156,0.09717,0.02496,frames/frame_000423.jpg
424,17.666667,,0,B,0.25694,0.45067,0.09775,0.03708,frames/frame_000424.jpg
425,17.708333,,0,B,0.25831,0.44737,0.09893,0.02656,frames/frame_000425.jpg
426,17.750000,,0,B,0.25530,0.46467,0.09750,0.04211,frames/frame_000426.jpg
427,17.791667,,0,P,0.25617,0.46336,0.10057,0.03021,frames/frame_000427.jpg
428,17.833333,,0,B,0.25493,0.47571,0.09895,0.03922,frames/frame_000428.jpg
429,17.875000,,0,P,0.25769,0.47747,0.10073,0.02914,frames/frame_000429.jpg
430,17.916667,,0,P,0.27241,0.42829,0.10652,0.04768,frames/frame_000430.jpg
431,17.958333,,0,P,0.45343,0.34688,0.09647,0.24340,frames/frame_000431.jpg
432,18.000000,,1,I,0.46078,0.33785,0.10920,0.02278,frames/frame_000432.jpg
433,18.041667,,0,B,0.46107,0.33807,0.11118,0.00825,frames/frame_000433.jpg
434,18.083333,,0,P,0.46644,0.34003,0.11136,0.01543,frames/frame_000434.jpg
435,18.125000,,0,B,0.46164,0.33713,0.10843,0.01267,frames/frame_000435.jpg
436,18.166667,,0,B,0.46197,0.33629,0.11140,0.01471,frames/frame_000436.jpg
437,18.208333,,0,B,0.46067,0.33637,0.11114,0.00965,frames/frame_000437.jpg
438,18.250000,,0,P,0.45706,0.33893,0.10960,0.02124,frames/frame_000438.jpg
439,18.291667,,0,B,0.46140,0.34555,0.11167,0.01486,frames/frame_000439.jpg
440,18.333333,,0,P,0.47107,0.34302,0.11289,0.02139,frames/frame_000440.jpg
441,18.375000,,0,B,0.47115,0.34429,0.11533,0.01888,frames/frame_000441.jpg
442,18.416667,,0,P,0.46511,0.34241,0.11192,0.02293,frames/frame_000442.jpg
443,18.458333,,0,B,0.46130,0.34196,0.10947,0.01278,frames/frame_000443.jpg
444,18.500000,,0,B,0.45191,0.34483,0.10796,0.01862,frames/frame_000444.jpg
445,18.541667,,0,B,0.45199,0.34521,0.10866,0.00614,frames/frame_000445.jpg
446,18.583333,,0,P,0.45830,0.34237,0.10912,0.01570,frames/frame_000446.jpg
447,18.625000,,0,B,0.45929,0.34120,0.10987,0.00788,frames/frame_000447.jpg
448,18.666667,,0,P,0.45578,0.34122,0.10697,0.01219,frames/frame_000448.jpg
449,18.708333,,0,B,0.45604,0.34158,0.10582,0.00772,frames/frame_000449.jpg
450,18.750000,,0,B,0.45930,0.34001,0.10769,0.01309,frames/frame_000450.jpg
451,18.791667,,0,B,0.45994,0.34139,0.10913,0.00734,frames/frame_000451.jpg
452,18.833333,,0,P,0.46042,0.34078,0.11090,0.01591,frames/frame_000452.jpg
453,18.875000,,0,P,0.46049,0.34053,0.11062,0.00955,frames/frame_000453.jpg
454,18.916667,,0,P,0.46000,0.33925,0.11118,0.01707,frames/frame_000454.jpg
455,18.958333,,0,B,0.46315,0.34233,0.11328,0.01250,frames/frame_000455.jpg
456,19.000000,,0,B,0.46777,0.34828,0.11354,0.01669,frames/frame_000456.jpg
457,19.041667,,0,P,0.47019,0.34797,0.11655,0.01494,frames/frame_000457.jpg
458,19.083333,,0,P,0.47019,0.34594,0.11469,0.02193,frames/frame_000458.jpg
459,19.125000,,0,P,0.46389,0.34043,0.11262,0.01530,frames/frame_000459.jpg
460,19.166667,,0,P,0.45593,0.34503,0.10860,0.01957,frames/frame_000460.jpg
461,19.208333,,0,B,0.45678,0.34531,0.10857,0.00744,frames/frame_000461.jpg
462,19.250000,,0,B,0.46052,0.34148,0.10971,0.01409,frames/frame_000462.jpg
463,19.291667,,0,B,0.46132,0.34143,0.10924,0.00733,frames/frame_000463.jpg
464,19.333333,,0,P,0.46342,0.33961,0.10962,0.01576,frames/frame_000464.jpg
465,19.375000,,0,B,0.46023,0.33895,0.10615,0.01028,frames/frame_000465.jpg
466,19.416667,,0,P,0.45473,0.34178,0.10338,0.01525,frames/frame_000466.jpg
467,19.458333,,0,B,0.45520,0.34230,0.10396,0.00548,frames/frame_000467.jpg
468,19.500000,,0,P,0.46024,0.34194,0.10842,0.01530,frames/frame_000468.jpg
469,19.541667,,0,B,0.46246,0.34477,0.11406,0.01176,frames/frame_000469.jpg
470,19.583333,,0,P,0.46106,0.34411,0.11580,0.01931,frames/frame_000470.jpg
471,19.625000,,0,P,0.46090,0.34574,0.11543,0.01197,frames/frame_000471.jpg
472,19.666667,,0,B,0.46495,0.34706,0.11773,0.01726,frames/frame_000472.jpg
473,19.708333,,0,B,0.47151,0.34931,0.11797,0.01683,frames/frame_000473.jpg
474,19.750000,,0,B,0.46846,0.35244,0.11410,0.02559,frames/frame_000474.jpg
475,19.791667,,0,P,0.46122,0.35056,0.11520,0.01653,frames/frame_000475.jpg
476,19.833333,,0,B,0.45898,0.34649,0.11316,0.02108,frames/frame_000476.jpg
477,19.875000,,0,B,0.45796,0.34818,0.11019,0.01054,frames/frame_000477.jpg
478,19.916667,,0,B,0.45938,0.34971,0.11111,0.01405,frames/frame_000478.jpg
479,19.958333,,0,P,0.45912,0.35036,0.11299,0.01118,frames/frame_000479.jpg
480,20.000000,,0,B,0.46106,0.34610,0.11008,0.01518,frames/frame_000480.jpg
481,20.041667,,0,B,0.46237,0.34588,0.11139,0.01007,frames/frame_000481.jpg
482,20.083333,,0,P,0.45588,0.34540,0.10837,0.01970,frames/frame_000482.jpg
483,20.125000,,0,P,0.45588,0.34506,0.10852,0.00528,frames/frame_000483.jpg
484,20.166667,,0,B,0.45376,0.34701,0.10666,0.01660,frames/frame_000484.jpg
485,20.208333,,0,P,0.45795,0.34679,0.11442,0.01334,frames/frame_000485.jpg
486,20.250000,,0,B,0.46156,0.34475,0.11737,0.02853,frames/frame_000486.jpg
487,20.291667,,0,B,0.45909,0.34447,0.11459,0.02098,frames/frame_000487.jpg
488,20.333333,,0,B,0.46048,0.35538,0.11815,0.02956,frames/frame_000488.jpg
489,20.375000,,0,P,0.46371,0.35524,0.12145,0.01940,frames/frame_000489.jpg
490,20.416667,,0,B,0.46606,0.35182,0.12230,0.02924,frames/frame_000490.jpg
491,20.458333,,0,B,0.46040,0.34610,0.11462,0.02386,frames/frame_000491.jpg
492,20.500000,,0,B,0.45452,0.34490,0.11333,0.02244,frames/frame_000492.jpg
493,20.541667,,0,P,0.45078,0.34987,0.11415,0.01595,frames/frame_000493.jpg
494,20.583333,,0,B,0.45468,0.35187,0.11589,0.02101,frames/frame_000494.jpg
495,20.625000,,0,B,0.45453,0.35218,0.11484,0.01570,frames/frame_000495.jpg
496,20.666667,,0,B,0.45750,0.35225,0.11093,0.02167,frames/frame_000496.jpg
497,20.708333,,0,P,0.45842,0.34997,0.10983,0.01266,frames/frame_000497.jpg
498,20.750000,,0,B,0.45864,0.34237,0.10573,0.01711,frames/frame_000498.jpg
499,20.791667,,0,B,0.45874,0.34232,0.10579,0.00525,frames/frame_000499.jpg
500,20.833333,,0,B,0.45771,0.34386,0.10698,0.01041,frames/frame_000500.jpg
501,20.875000,,0,P,0.46225,0.34636,0.11718,0.01427,frames/frame_000501.jpg
502,20.916667,,0,P,0.46306,0.35042,0.11859,0.02195,frames/frame_000502.jpg
503,20.958333,,0,P,0.45998,0.35308,0.12189,0.01748,frames/frame_000503.jpg
504,21.000000,,1,I,0.45568,0.35410,0.12121,0.02829,frames/frame_000504.jpg
505,21.041667,,0,P,0.45539,0.35478,0.12376,0.01728,frames/frame_000505.jpg
506,21.083333,,0,P,0.46458,0.35701,0.12996,0.03152,frames/frame_000506.jpg
507,21.125000,,0,B,0.46352,0.35947,0.12613,0.02167,frames/frame_000507.jpg
508,21.166667,,0,P,0.45688,0.35834,0.12747,0.02690,frames/frame_000508.jpg
509,21.208333,,0,P,0.45461,0.35760,0.12555,0.01990,frames/frame_000509.jpg
510,21.250000,,0,B,0.45202,0.35606,0.12093,0.02619,frames/frame_000510.jpg
511,21.291667,,0,B,0.45604,0.35711,0.12150,0.01780,frames/frame_000511.jpg
512,21.333333,,0,P,0.45955,0.35639,0.12082,0.02991,frames/frame_000512.jpg
513,21.375000,,0,B,0.46041,0.35061,0.11563,0.01409,frames/frame_000513.jpg
514,21.416667,,0,B,0.45479,0.34849,0.10863,0.02015,frames/frame_000514.jpg
515,21.458333,,0,B,0.45367,0.34935,0.10849,0.00453,frames/frame_000515.jpg
516,21.500000,,0,P,0.45909,0.34689,0.10818,0.01474,frames/frame_000516.jpg
517,21.541667,,0,B,0.45956,0.34653,0.10823,0.00372,frames/frame_000517.jpg
518,21.583333,,0,B,0.45667,0.34532,0.10778,0.01313,frames/frame_000518.jpg
519,21.625000,,0,B,0.45846,0.34578,0.10594,0.00561,frames/frame_000519.jpg
520,21.666667,,0,P,0.46298,0.34383,0.10558,0.01589,frames/frame_000520.jpg
521,21.708333,,0,B,0.46589,0.34591,0.10658,0.00888,frames/frame_000521.jpg
522,21.750000,,0,P,0.46711,0.35029,0.11085,0.01708,frames/frame_000522.jpg
523,21.791667,,0,B,0.47303,0.35176,0.11065,0.01097,frames/frame_000523.jpg
524,21.833333,,0,B,0.47548,0.34802,0.11150,0.01252,frames/frame_000524.jpg
525,21.875000,,0,B,0.47660,0.34687,0.11333,0.00942,frames/frame_000525.jpg
526,21.916667,,0,P,0.47226,0.35219,0.11747,0.01653,frames/frame_000526.jpg
527,21.958333,,0,P,0.47362,0.35125,0.11975,0.01132,frames/frame_000527.jpg
528,22.000000,,0,P,0.47972,0.34468,0.12121,0.02187,frames/frame_000528.jpg
529,22.041667,,0,B,0.46670,0.34648,0.12640,0.04364,frames/frame_000529.jpg
530,22.083333,,0,B,0.46612,0.34430,0.12827,0.02556,frames/frame_000530.jpg
531,22.125000,,0,B,0.47426,0.33784,0.13183,0.05629,frames/frame_000531.jpg
532,22.166667,,0,P,0.46671,0.34098,0.13828,0.03853,frames/frame_000532.jpg
533,22.208333,,0,B,0.45529,0.35780,0.12462,0.04195,frames/frame_000533.jpg
534,22.250000,,0,B,0.45174,0.36312,0.13155,0.03005,frames/frame_000534.jpg
535,22.291667,,0,P,0.44996,0.37300,0.14061,0.03424,frames/frame_000535.jpg
536,22.333333,,0,B,0.45344,0.38093,0.14303,0.04227,frames/frame_000536.jpg
537,22.375000,,0,P,0.45939,0.39020,0.14444,0.05067,frames/frame_000537.jpg
538,22.416667,,0,P,0.47049,0.39685,0.13232,0.06826,frames/frame_000538.jpg
539,22.458333,,0,P,0.47794,0.41718,0.13510,0.08175,frames/frame_000539.jpg
540,22.500000,,0,B,0.47840,0.34420,0.08912,0.14362,frames/frame_000540.jpg
541,22.541667,,0,P,0.47845,0.34414,0.08915,0.00010,frames/frame_000541.jpg
542,22.583333,,0,B,0.48037,0.34283,0.08775,0.00804,frames/frame_000542.jpg
543,22.625000,,0,P,0.49462,0.32424,0.10923,0.01826,frames/frame_000543.jpg
544,22.666667,,0,P,0.41202,0.39530,0.13504,0.16731,frames/frame_000544.jpg
545,22.708333,,0,P,0.49811,0.32090,0.13971,0.19126,frames/frame_000545.jpg
546,22.750000,,0,P,0.15932,0.29248,0.03025,0.35709,frames/frame_000546.jpg
547,22.791667,,0,B,0.17122,0.30352,0.04586,0.01673,frames/frame_000547.jpg
548,22.833333,,0,P,0.16965,0.30220,0.04468,0.00559,frames/frame_000548.jpg
549,22.875000,,0,P,0.16623,0.29871,0.03978,0.01261,frames/frame_000549.jpg
550,22.916667,,0,B,0.16269,0.29597,0.03704,0.00340,frames/frame_000550.jpg
551,22.958333,,0,P,0.15376,0.28653,0.02526,0.01095,frames/frame_000551.jpg
552,23.000000,,0,B,0.14468,0.27732,0.00938,0.00769,frames/frame_000552.jpg
553,23.041667,,0,P,0.23038,0.27680,0.06667,0.08439,frames/frame_000553.jpg
554,23.083333,,0,P,0.29776,0.28910,0.09902,0.09268,frames/frame_000554.jpg
555,23.125000,,0,B,0.43186,0.29456,0.13223,0.16580,frames/frame_000555.jpg
556,23.166667,,0,P,0.55195,0.35189,0.16820,0.19605,frames/frame_000556.jpg
557,23.208333,,0,P,0.61399,0.38110,0.17472,0.13679,frames/frame_000557.jpg
558,23.250000,,0,B,0.61621,0.43300,0.17392,0.11101,frames/frame_000558.jpg
559,23.291667,,0,B,0.60037,0.45723,0.16220,0.05141,frames/frame_000559.jpg
560,23.333333,,0,B,0.61497,0.44230,0.15763,0.05674,frames/frame_000560.jpg
561,23.375000,,0,P,0.61381,0.44126,0.15546,0.02923,frames/frame_000561.jpg
562,23.416667,,0,B,0.59142,0.45299,0.15092,0.06007,frames/frame_000562.jpg
563,23.458333,,0,B,0.58937,0.45262,0.15495,0.02475,frames/frame_000563.jpg
564,23.500000,,0,B,0.60106,0.44549,0.15191,0.05141,frames/frame_000564.jpg
565,23.541667,,0,P,0.60021,0.44881,0.14735,0.02688,frames/frame_000565.jpg
566,23.583333,,0,B,0.58726,0.46856,0.14879,0.04961,frames/frame_000566.jpg
567,23.625000,,0,B,0.58043,0.47163,0.14489,0.02413,frames/frame_000567.jpg
568,23.666667,,0,B,0.58292,0.45643,0.14887,0.04836,frames/frame_000568.jpg
569,23.708333,,0,P,0.59370,0.44260,0.14697,0.04230,frames/frame_000569.jpg
570,23.750000,,0,B,0.58794,0.46971,0.14788,0.04886,frames/frame_000570.jpg
571,23.791667,,0,B,0.58597,0.47158,0.15110,0.02362,frames/frame_000571.jpg
572,23.833333,,0,B,0.58346,0.46950,0.14979,0.03793,frames/frame_000572.jpg
573,23.875000,,0,P,0.58546,0.47001,0.15039,0.01964,frames/frame_000573.jpg
574,23.916667,,0,B,0.59067,0.44600,0.15066,0.04429,frames/frame_000574.jpg
575,23.958333,,0,P,0.58445,0.44879,0.14728,0.02364,frames/frame_000575.jpg
576,24.000000,,1,I,0.56889,0.46662,0.15077,0.04235,frames/frame_000576.jpg
577,24.041667,,0,B,0.57056,0.46674,0.15163,0.02736,frames/frame_000577.jpg
578,24.083333,,0,B,0.59091,0.45123,0.15293,0.06251,frames/frame_000578.jpg
579,24.125000,,0,P,0.57917,0.47219,0.14754,0.03147,frames/frame_000579.jpg
580,24.166667,,0,B,0.57290,0.49709,0.14735,0.04311,frames/frame_000580.jpg
581,24.208333,,0,B,0.56599,0.49798,0.14277,0.02768,frames/frame_000581.jpg
582,24.250000,,0,B,0.58189,0.46157,0.14441,0.04427,frames/frame_000582.jpg
583,24.291667,,0,P,0.57052,0.47060,0.14525,0.03203,frames/frame_000583.jpg
584,24.333333,,0,B,0.55950,0.49650,0.13941,0.04443,frames/frame_000584.jpg
585,24.375000,,0,B,0.55815,0.50312,0.13584,0.01928,frames/frame_000585.jpg
586,24.416667,,0,B,0.56649,0.48180,0.13143,0.04452,frames/frame_000586.jpg
587,24.458333,,0,P,0.56759,0.48331,0.13260,0.03076,frames/frame_000587.jpg
588,24.500000,,0,P,0.55931,0.51384,0.12727,0.12009,frames/frame_000588.jpg
589,24.541667,,0,B,0.54897,0.50691,0.12802,0.01486,frames/frame_000589.jpg
590,24.583333,,0,B,0.54715,0.48868,0.13023,0.03774,frames/frame_000590.jpg
591,24.625000,,0,B,0.55696,0.47984,0.13984,0.01668,frames/frame_000591.jpg
592,24.666667,,0,P,0.56105,0.46991,0.14364,0.03264,frames/frame_000592.jpg
593,24.708333,,0,B,0.55944,0.48560,0.14204,0.02642,frames/frame_000593.jpg
594,24.750000,,0,B,0.55659,0.49525,0.14257,0.03302,frames/frame_000594.jpg
595,24.791667,,0,B,0.55556,0.48826,0.14329,0.01458,frames/frame_000595.jpg
596,24.833333,,0,P,0.56116,0.47193,0.14500,0.03242,frames/frame_000596.jpg
597,24.875000,,0,B,0.56252,0.47635,0.14522,0.02337,frames/frame_000597.jpg
598,24.916667,,0,B,0.56372,0.49907,0.14573,0.03431,frames/frame_000598.jpg
599,24.958333,,0,B,0.56160,0.49793,0.14723,0.01845,frames/frame_000599.jpg
600,25.000000,,0,P,0.56261,0.46910,0.14576,0.03784,frames/frame_000600.jpg
601,25.041667,,0,B,0.58022,0.46459,0.14902,0.02534,frames/frame_000601.jpg
602,25.083333,,0,B,0.56371,0.48091,0.14832,0.03741,frames/frame_000602.jpg
603,25.125000,,0,B,0.55842,0.48231,0.14527,0.01988,frames/frame_000603.jpg
604,25.166667,,0,P,0.58103,0.46617,0.14959,0.04264,frames/frame_000604.jpg
605,25.208333,,0,B,0.58470,0.47143,0.14853,0.02304,frames/frame_000605.jpg
606,25.250000,,0,B,0.58407,0.44814,0.15147,0.03159,frames/frame_000606.jpg
607,25.291667,,0,B,0.58670,0.44966,0.14795,0.02014,frames/frame_000607.jpg
608,25.333333,,0,P,0.58703,0.47469,0.14319,0.02985,frames/frame_000608.jpg
609,25.375000,,0,B,0.58222,0.45197,0.14721,0.03121,frames/frame_000609.jpg
610,25.416667,,0,P,0.58244,0.45798,0.14525,0.03644,frames/frame_000610.jpg
611,25.458333,,0,P,0.82033,0.19355,0.08314,0.24483,frames/frame_000611.jpg
612,25.500000,,0,P,0.69526,0.34760,0.11460,0.12894,frames/frame_000612.jpg
613,25.541667,,0,P,0.58362,0.46323,0.14428,0.12655,frames/frame_000613.jpg
614,25.583333,,0,B,0.53878,0.49549,0.15938,0.09874,frames/frame_000614.jpg
615,25.625000,,0,B,0.53253,0.50240,0.16119,0.05293,frames/frame_000615.jpg
616,25.666667,,0,B,0.52434,0.49550,0.15779,0.07678,frames/frame_000616.jpg
617,25.708333,,0,P,0.50602,0.50202,0.15490,0.09091,frames/frame_000617.jpg
618,25.750000,,0,P,0.50244,0.47577,0.14805,0.09759,frames/frame_000618.jpg
619,25.791667,,0,P,0.47731,0.46756,0.14797,0.10456,frames/frame_000619.jpg
620,25.833333,,0,B,0.43713,0.50406,0.13223,0.11338,frames/frame_000620.jpg
621,25.875000,,0,P,0.41016,0.48896,0.11646,0.09171,frames/frame_000621.jpg
622,25.916667,,0,P,0.44926,0.42872,0.13423,0.13892,frames/frame_000622.jpg
623,25.958333,,0,P,0.40409,0.45044,0.13983,0.15510,frames/frame_000623.jpg
624,26.000000,,0,P,0.42363,0.43596,0.16548,0.20505,frames/frame_000624.jpg
625,26.041667,,0,P,0.46679,0.40968,0.14099,0.19422,frames/frame_000625.jpg
626,26.083333,,0,P,0.52972,0.36252,0.14172,0.16505,frames/frame_000626.jpg
627,26.125000,,0,P,0.60518,0.35652,0.13962,0.13475,frames/frame_000627.jpg
628,26.166667,,0,P,0.68506,0.33842,0.14852,0.13036,frames/frame_000628.jpg
629,26.208333,,0,B,0.72518,0.32521,0.11447,0.07432,frames/frame_000629.jpg
630,26.250000,,0,B,0.74351,0.31106,0.11776,0.05008,frames/frame_000630.jpg
631,26.291667,,0,P,0.72580,0.30939,0.11186,0.03804,frames/frame_000631.jpg
632,26.333333,,0,B,0.71918,0.30076,0.09875,0.04592,frames/frame_000632.jpg
633,26.375000,,0,B,0.71838,0.29934,0.09502,0.04521,frames/frame_000633.jpg
634,26.416667,,0,P,0.71058,0.29028,0.09572,0.04290,frames/frame_000634.jpg
635,26.458333,,0,P,0.70475,0.28010,0.10263,0.04328,frames/frame_000635.jpg
636,26.500000,,0,P,0.85368,0.17814,0.08498,0.13169,frames/frame_000636.jpg
637,26.541667,,0,P,0.78185,0.23840,0.11515,0.08801,frames/frame_000637.jpg
638,26.583333,,0,B,0.74650,0.26019,0.15118,0.07427,frames/frame_000638.jpg
639,26.625000,,0,B,0.74363,0.26060,0.16366,0.06718,frames/frame_000639.jpg
640,26.666667,,0,B,0.74390,0.26034,0.17123,0.04802,frames/frame_000640.jpg
641,26.708333,,0,P,0.74359,0.26281,0.17038,0.04105,frames/frame_000641.jpg
642,26.750000,,0,B,0.74617,0.26416,0.15777,0.02823,frames/frame_000642.jpg
643,26.791667,,0,P,0.74447,0.26530,0.15792,0.03278,frames/frame_000643.jpg
644,26.833333,,0,B,0.74495,0.26499,0.16672,0.01989,frames/frame_000644.jpg
645,26.875000,,0,B,0.74459,0.26482,0.17034,0.00939,frames/frame_000645.jpg
646,26.916667,,0,B,0.74601,0.26382,0.16758,0.01247,frames/frame_000646.jpg
647,26.958333,,0,P,0.74312,0.26351,0.17387,0.01913,frames/frame_000647.jpg
648,27.000000,,1,I,0.74186,0.26099,0.17015,0.02921,frames/frame_000648.jpg
649,27.041667,,0,B,0.74155,0.25891,0.17594,0.03191,frames/frame_000649.jpg
650,27.083333,,0,P,0.73976,0.25358,0.18057,0.03861,frames/frame_000650.jpg
651,27.125000,,0,B,0.73746,0.25347,0.19116,0.04450,frames/frame_000651.jpg
652,27.166667,,0,P,0.73560,0.25111,0.19809,0.04791,frames/frame_000652.jpg
653,27.208333,,0,P,0.73247,0.25072,0.21107,0.05417,frames/frame_000653.jpg
654,27.250000,,0,P,0.72998,0.25136,0.21227,0.05553,frames/frame_000654.jpg
655,27.291667,,0,P,0.72707,0.25175,0.21088,0.05436,frames/frame_000655.jpg
656,27.333333,,0,B,0.72550,0.25081,0.23409,0.05411,frames/frame_000656.jpg
657,27.375000,,0,B,0.72578,0.24895,0.23683,0.05153,frames/frame_000657.jpg
658,27.416667,,0,P,0.72011,0.24959,0.22126,0.04579,frames/frame_000658.jpg
659,27.458333,,0,B,0.72202,0.25030,0.21742,0.03441,frames/frame_000659.jpg
660,27.500000,,0,B,0.72330,0.24903,0.22605,0.02902,frames/frame_000660.jpg
661,27.541667,,0,B,0.72063,0.25047,0.23863,0.03757,frames/frame_000661.jpg
662,27.583333,,0,P,0.71628,0.25230,0.22626,0.05708,frames/frame_000662.jpg
663,27.625000,,0,P,0.71523,0.25310,0.23441,0.07056,frames/frame_000663.jpg
664,27.666667,,0,P,0.72265,0.25217,0.22276,0.07371,frames/frame_000664.jpg
665,27.708333,,0,P,0.72443,0.25180,0.22936,0.07069,frames/frame_000665.jpg
666,27.750000,,0,P,0.71563,0.25290,0.23523,0.08093,frames/frame_000666.jpg
667,27.791667,,0,P,0.71876,0.25248,0.22266,0.09003,frames/frame_000667.jpg
668,27.833333,,0,P,0.72233,0.25457,0.21589,0.08805,frames/frame_000668.jpg
669,27.875000,,0,P,0.73028,0.25925,0.22068,0.08838,frames/frame_000669.jpg
670,27.916667,,0,P,0.73591,0.26979,0.18855,0.07377,frames/frame_000670.jpg
671,27.958333,,0,B,0.73905,0.27133,0.18584,0.05341,frames/frame_000671.jpg
672,28.000000,,0,B,0.82646,0.16896,0.13319,0.17853,frames/frame_000672.jpg
673,28.041667,,0,B,0.81347,0.17062,0.13949,0.01640,frames/frame_000673.jpg
674,28.083333,,0,P,0.80462,0.17307,0.14378,0.01661,frames/frame_000674.jpg
675,28.125000,,0,B,0.80531,0.17088,0.15175,0.01355,frames/frame_000675.jpg
676,28.166667,,0,P,0.66547,0.33257,0.15221,0.18763,frames/frame_000676.jpg
677,28.208333,,0,P,0.59389,0.45564,0.14413,0.23187,frames/frame_000677.jpg
678,28.250000,,0,B,0.59007,0.50015,0.13171,0.14143,frames/frame_000678.jpg
679,28.291667,,0,B,0.59592,0.49707,0.12476,0.09131,frames/frame_000679.jpg
680,28.333333,,0,B,0.58952,0.50209,0.12395,0.05604,frames/frame_000680.jpg
681,28.375000,,0,P,0.58904,0.49833,0.12683,0.04608,frames/frame_000681.jpg
682,28.416667,,0,B,0.58788,0.48737,0.13136,0.04131,frames/frame_000682.jpg
683,28.458333,,0,B,0.60182,0.47939,0.13539,0.05182,frames/frame_000683.jpg
684,28.500000,,0,B,0.59511,0.47813,0.13866,0.03236,frames/frame_000684.jpg
685,28.541667,,0,P,0.59026,0.48095,0.14079,0.03195,frames/frame_000685.jpg
686,28.583333,,0,B,0.58409,0.47826,0.14158,0.03132,frames/frame_000686.jpg
687,28.625000,,0,B,0.58063,0.47644,0.13890,0.03161,frames/frame_000687.jpg
688,28.666667,,0,B,0.57798,0.47546,0.13771,0.03193,frames/frame_000688.jpg
689,28.708333,,0,P,0.57409,0.47383,0.13795,0.03098,frames/frame_000689.jpg
690,28.750000,,0,B,0.56666,0.42349,0.13911,0.08160,frames/frame_000690.jpg
691,28.791667,,0,B,0.56809,0.41349,0.13734,0.03488,frames/frame_000691.jpg
692,28.833333,,0,B,0.56396,0.42809,0.13819,0.03802,frames/frame_000692.jpg
693,28.875000,,0,P,0.56049,0.42741,0.13739,0.04466,frames/frame_000693.jpg
694,28.916667,,0,B,0.56325,0.41670,0.13689,0.03560,frames/frame_000694.jpg
695,28.958333,,0,P,0.56228,0.42303,0.13862,0.03846,frames/frame_000695.jpg
696,29.000000,,0,B,0.56406,0.42285,0.13879,0.04505,frames/frame_000696.jpg
697,29.041667,,0,B,0.56511,0.42320,0.13443,0.04238,frames/frame_000697.jpg
698,29.083333,,0,B,0.56060,0.43370,0.13129,0.04598,frames/frame_000698.jpg
699,29.125000,,0,P,0.56127,0.43592,0.12626,0.03835,frames/frame_000699.jpg
700,29.166667,,0,B,0.56407,0.42341,0.12300,0.03569,frames/frame_000700.jpg
701,29.208333,,0,B,0.56296,0.42958,0.12495,0.03180,frames/frame_000701.jpg
702,29.250000,,0,B,0.56533,0.44136,0.13061,0.03901,frames/frame_000702.jpg
703,29.291667,,0,P,0.58355,0.44383,0.13221,0.05793,frames/frame_000703.jpg
704,29.333333,,0,B,0.60305,0.41324,0.13104,0.06157,frames/frame_000704.jpg
705,29.375000,,0,B,0.60945,0.40453,0.14801,0.07342,frames/frame_000705.jpg
706,29.416667,,0,P,0.60422,0.40567,0.14883,0.04596,frames/frame_000706.jpg
707,29.458333,,0,B,0.59989,0.40603,0.14719,0.03937,frames/frame_000707.jpg
708,29.500000,,0,B,0.57269,0.44035,0.19703,0.20729,frames/frame_000708.jpg
709,29.541667,,0,P,0.56457,0.43289,0.20006,0.09900,frames/frame_000709.jpg
710,29.583333,,0,B,0.54509,0.44433,0.19734,0.05142,frames/frame_000710.jpg
711,29.625000,,0,B,0.55322,0.44375,0.20572,0.03603,frames/frame_000711.jpg
712,29.666667,,0,B,0.57199,0.42187,0.20890,0.04110,frames/frame_000712.jpg
713,29.708333,,0,P,0.57470,0.42217,0.21141,0.02639,frames/frame_000713.jpg
714,29.750000,,0,B,0.56576,0.41320,0.21114,0.03321,frames/frame_000714.jpg
715,29.791667,,0,B,0.56829,0.41323,0.20906,0.02814,frames/frame_000715.jpg
716,29.833333,,0,B,0.56325,0.45288,0.20636,0.04709,frames/frame_000716.jpg
717,29.875000,,0,P,0.57241,0.43054,0.21462,0.05036,frames/frame_000717.jpg
718,29.916667,,0,B,0.55887,0.41996,0.20984,0.04654,frames/frame_000718.jpg
719,29.958333,,0,P,0.56701,0.41348,0.20960,0.03677,frames/frame_000719.jpg
720,30.000000,,1,I,0.58247,0.40101,0.21246,0.04370,frames/frame_000720.jpg
721,30.041667,,0,B,0.57619,0.42246,0.20925,0.03991,frames/frame_000721.jpg
722,30.083333,,0,B,0.55553,0.44866,0.20657,0.05224,frames/frame_000722.jpg
723,30.125000,,0,B,0.55916,0.44755,0.21058,0.03959,frames/frame_000723.jpg
724,30.166667,,0,P,0.56379,0.44113,0.20923,0.05128,frames/frame_000724.jpg
725,30.208333,,0,B,0.57433,0.41480,0.20856,0.04703,frames/frame_000725.jpg
726,30.250000,,0,B,0.56316,0.44041,0.21137,0.08228,frames/frame_000726.jpg
727,30.291667,,0,B,0.55991,0.44534,0.20859,0.06299,frames/frame_000727.jpg
728,30.333333,,0,P,0.56440,0.45845,0.20603,0.05142,frames/frame_000728.jpg
729,30.375000,,0,B,0.56048,0.42516,0.20212,0.05031,frames/frame_000729.jpg
730,30.416667,,0,B,0.56636,0.46594,0.20238,0.04672,frames/frame_000730.jpg
731,30.458333,,0,B,0.57121,0.42552,0.20349,0.04777,frames/frame_000731.jpg
732,30.500000,,0,P,0.55397,0.44725,0.20444,0.05324,frames/frame_000732.jpg
733,30.541667,,0,B,0.55964,0.44581,0.20165,0.03603,frames/frame_000733.jpg
734,30.583333,,0,B,0.55984,0.46756,0.20090,0.06751,frames/frame_000734.jpg
735,30.625000,,0,B,0.56020,0.46727,0.19925,0.08203,frames/frame_000735.jpg
736,30.666667,,0,P,0.58137,0.41736,0.19923,0.11125,frames/frame_000736.jpg
737,30.708333,,0,P,0.59201,0.44277,0.19974,0.10650,frames/frame_000737.jpg
738,30.750000,,0,P,0.59872,0.45020,0.19354,0.10103,frames/frame_000738.jpg
739,30.791667,,0,P,0.61066,0.41742,0.18039,0.09138,frames/frame_000739.jpg
740,30.833333,,0,P,0.59296,0.44880,0.17863,0.08375,frames/frame_000740.jpg
741,30.875000,,0,B,0.58578,0.48073,0.16981,0.08036,frames/frame_000741.jpg
742,30.916667,,0,B,0.58774,0.42517,0.16891,0.09239,frames/frame_000742.jpg
743,30.958333,,0,B,0.57960,0.42843,0.16882,0.04219,frames/frame_000743.jpg
744,31.000000,,0,P,0.57787,0.45882,0.17151,0.03689,frames/frame_000744.jpg
745,31.041667,,0,B,0.57427,0.49822,0.16745,0.03662,frames/frame_000745.jpg
746,31.083333,,0,B,0.57738,0.48173,0.17415,0.03012,frames/frame_000746.jpg
747,31.125000,,0,B,0.57760,0.48063,0.17189,0.01235,frames/frame_000747.jpg
748,31.166667,,0,P,0.58065,0.46683,0.17323,0.02436,frames/frame_000748.jpg
749,31.208333,,0,B,0.57840,0.44704,0.17031,0.02183,frames/frame_000749.jpg
750,31.250000,,0,B,0.58607,0.44334,0.16975,0.02513,frames/frame_000750.jpg
751,31.291667,,0,B,0.57475,0.48082,0.17127,0.03557,frames/frame_000751.jpg
752,31.333333,,0,P,0.59012,0.43949,0.16271,0.04993,frames/frame_000752.jpg
753,31.375000,,0,B,0.59216,0.43811,0.16254,0.01981,frames/frame_000753.jpg
754,31.416667,,0,B,0.57020,0.45550,0.16613,0.04431,frames/frame_000754.jpg
755,31.458333,,0,B,0.57206,0.45443,0.16593,0.01586,frames/frame_000755.jpg
756,31.500000,,0,P,0.59065,0.42683,0.16274,0.03741,frames/frame_000756.jpg
757,31.541667,,0,B,0.57986,0.44901,0.16249,0.03165,frames/frame_000757.jpg
758,31.583333,,0,B,0.58144,0.44994,0.16800,0.06741,frames/frame_000758.jpg
759,31.625000,,0,B,0.56367,0.46585,0.16087,0.07020,frames/frame_000759.jpg
760,31.666667,,0,P,0.56026,0.46423,0.16995,0.05974,frames/frame_000760.jpg
761,31.708333,,0,B,0.55508,0.46829,0.16881,0.03474,frames/frame_000761.jpg
762,31.750000,,0,B,0.56929,0.45098,0.17146,0.06190,frames/frame_000762.jpg
763,31.791667,,0,B,0.56731,0.45158,0.17897,0.02788,frames/frame_000763.jpg
764,31.833333,,0,P,0.56737,0.42286,0.18010,0.04412,frames/frame_000764.jpg
765,31.875000,,0,B,0.56933,0.42208,0.17506,0.02311,frames/frame_000765.jpg
766,31.916667,,0,B,0.55256,0.48685,0.16985,0.05261,frames/frame_000766.jpg
767,31.958333,,0,B,0.56272,0.48510,0.17270,0.02275,frames/frame_000767.jpg
768,32.000000,,0,P,0.57320,0.48531,0.17045,0.04196,frames/frame_000768.jpg
769,32.041667,,0,B,0.57490,0.48459,0.16978,0.01413,frames/frame_000769.jpg
770,32.083333,,0,B,0.56983,0.44244,0.17084,0.04125,frames/frame_000770.jpg
771,32.125000,,0,B,0.56870,0.44328,0.16845,0.01533,frames/frame_000771.jpg
772,32.166667,,0,P,0.57869,0.44609,0.16689,0.03638,frames/frame_000772.jpg
773,32.208333,,0,B,0.58056,0.44295,0.16772,0.01932,frames/frame_000773.jpg
774,32.250000,,0,B,0.58060,0.46220,0.16694,0.03739,frames/frame_000774.jpg
775,32.291667,,0,B,0.58367,0.45809,0.16952,0.03795,frames/frame_000775.jpg
776,32.333333,,0,P,0.57130,0.44532,0.16620,0.03339,frames/frame_000776.jpg
777,32.375000,,0,B,0.57221,0.44669,0.16904,0.01887,frames/frame_000777.jpg
778,32.416667,,0,B,0.57923,0.46203,0.16682,0.03367,frames/frame_000778.jpg
779,32.458333,,0,B,0.57465,0.44246,0.16585,0.02832,frames/frame_000779.jpg
780,32.500000,,0,P,0.58265,0.43803,0.16524,0.03240,frames/frame_000780.jpg
781,32.541667,,0,B,0.57821,0.43937,0.16530,0.01750,frames/frame_000781.jpg
782,32.583333,,0,B,0.58102,0.43559,0.16622,0.02849,frames/frame_000782.jpg
783,32.625000,,0,B,0.58143,0.43462,0.16715,0.00682,frames/frame_000783.jpg
784,32.666667,,0,P,0.57408,0.44445,0.17022,0.02610,frames/frame_000784.jpg
785,32.708333,,0,B,0.57475,0.44362,0.16871,0.00968,frames/frame_000785.jpg
786,32.750000,,0,B,0.56838,0.44686,0.16723,0.02970,frames/frame_000786.jpg
787,32.791667,,0,B,0.56857,0.47350,0.16799,0.03658,frames/frame_000787.jpg
788,32.833333,,0,P,0.57969,0.45311,0.17016,0.03712,frames/frame_000788.jpg
789,32.875000,,0,B,0.57949,0.44049,0.17134,0.03145,frames/frame_000789.jpg
790,32.916667,,0,B,0.57901,0.44296,0.17084,0.04256,frames/frame_000790.jpg
791,32.958333,,0,P,0.58322,0.43085,0.17608,0.06214,frames/frame_000791.jpg
792,33.000000,,1,I,0.57707,0.45392,0.17940,0.08465,frames/frame_000792.jpg
793,33.041667,,0,B,0.57677,0.42820,0.17810,0.10552,frames/frame_000793.jpg
794,33.083333,,0,P,0.57489,0.39833,0.17999,0.10352,frames/frame_000794.jpg
795,33.125000,,0,P,0.56848,0.41053,0.17131,0.10553,frames/frame_000795.jpg
796,33.166667,,0,P,0.59006,0.41022,0.17162,0.12446,frames/frame_000796.jpg
797,33.208333,,0,P,0.57776,0.46888,0.16974,0.14477,frames/frame_000797.jpg
798,33.250000,,0,P,0.56866,0.47981,0.14574,0.13214,frames/frame_000798.jpg
799,33.291667,,0,P,0.56860,0.49018,0.13686,0.08035,frames/frame_000799.jpg
800,33.333333,,0,P,0.56343,0.50290,0.13416,0.09095,frames/frame_000800.jpg
801,33.375000,,0,B,0.53642,0.52150,0.14091,0.09641,frames/frame_000801.jpg
802,33.416667,,0,P,0.47096,0.50783,0.14000,0.15427,frames/frame_000802.jpg
803,33.458333,,0,P,0.26398,0.58738,0.09769,0.22305,frames/frame_000803.jpg
804,33.500000,,0,B,0.15029,0.70536,0.06545,0.18134,frames/frame_000804.jpg
805,33.541667,,0,P,0.15191,0.69538,0.06580,0.00411,frames/frame_000805.jpg
806,33.583333,,0,B,0.15188,0.68825,0.06555,0.02367,frames/frame_000806.jpg
807,33.625000,,0,B,0.23083,0.73502,0.08287,0.08957,frames/frame_000807.jpg
808,33.666667,,0,P,0.22259,0.73110,0.08215,0.03472,frames/frame_000808.jpg
809,33.708333,,0,B,0.21608,0.72766,0.08274,0.01484,frames/frame_000809.jpg
810,33.750000,,0,P,0.20911,0.72033,0.08259,0.02768,frames/frame_000810.jpg
811,33.791667,,0,B,0.20324,0.71681,0.08030,0.01547,frames/frame_000811.jpg
812,33.833333,,0,B,0.19762,0.71234,0.07851,0.02548,frames/frame_000812.jpg
813,33.875000,,0,B,0.19282,0.71003,0.07724,0.01216,frames/frame_000813.jpg
814,33.916667,,0,P,0.19028,0.70537,0.08276,0.02587,frames/frame_000814.jpg
815,33.958333,,0,B,0.18716,0.70192,0.08290,0.00854,frames/frame_000815.jpg
816,34.000000,,0,B,0.18079,0.69975,0.07969,0.03107,frames/frame_000816.jpg
817,34.041667,,0,B,0.17797,0.69973,0.07792,0.00816,frames/frame_000817.jpg
818,34.083333,,0,P,0.17629,0.69664,0.08042,0.02630,frames/frame_000818.jpg
819,34.125000,,0,B,0.17419,0.69596,0.07947,0.00722,frames/frame_000819.jpg
820,34.166667,,0,P,0.17639,0.69015,0.07675,0.05480,frames/frame_000820.jpg
821,34.208333,,0,P,0.18545,0.71689,0.06441,0.03922,frames/frame_000821.jpg
822,34.250000,,0,P,0.20668,0.72242,0.07558,0.06445,frames/frame_000822.jpg
823,34.291667,,0,P,0.19908,0.71746,0.07760,0.04330,frames/frame_000823.jpg
824,34.333333,,0,B,0.19850,0.71639,0.07867,0.05429,frames/frame_000824.jpg
825,34.375000,,0,P,0.19794,0.71545,0.08007,0.00720,frames/frame_000825.jpg
826,34.416667,,0,B,0.19694,0.71560,0.07910,0.02743,frames/frame_000826.jpg
827,34.458333,,0,B,0.19679,0.71124,0.08228,0.00873,frames/frame_000827.jpg
828,34.500000,,0,B,0.19555,0.71005,0.08089,0.02853,frames/frame_000828.jpg
829,34.541667,,0,P,0.19490,0.70893,0.08049,0.00610,frames/frame_000829.jpg
830,34.583333,,0,B,0.19459,0.71286,0.08063,0.02451,frames/frame_000830.jpg
831,34.625000,,0,B,0.19387,0.71145,0.08065,0.00473,frames/frame_000831.jpg
832,34.666667,,0,B,0.19322,0.70549,0.07888,0.02334,frames/frame_000832.jpg
833,34.708333,,0,P,0.19240,0.70429,0.07922,0.00507,frames/frame_000833.jpg
834,34.750000,,0,B,0.19194,0.70586,0.08204,0.02306,frames/frame_000834.jpg
835,34.791667,,0,B,0.19172,0.70542,0.08232,0.00492,frames/frame_000835.jpg
836,34.833333,,0,B,0.19487,0.70424,0.08629,0.02802,frames/frame_000836.jpg
837,34.875000,,0,P,0.19307,0.70533,0.08583,0.00589,frames/frame_000837.jpg
838,34.916667,,0,B,0.19156,0.70279,0.08121,0.02504,frames/frame_000838.jpg
839,34.958333,,0,B,0.19088,0.70352,0.08149,0.00494,frames/frame_000839.jpg
840,35.000000,,0,B,0.18993,0.70522,0.08039,0.02788,frames/frame_000840.jpg
841,35.041667,,0,P,0.18809,0.70770,0.07966,0.00705,frames/frame_000841.jpg
842,35.083333,,0,B,0.18986,0.71049,0.08254,0.02275,frames/frame_000842.jpg
843,35.125000,,0,B,0.19119,0.70886,0.08230,0.00642,frames/frame_000843.jpg
844,35.166667,,0,B,0.19005,0.70626,0.08218,0.02548,frames/frame_000844.jpg
845,35.208333,,0,P,0.19029,0.70415,0.08362,0.00477,frames/frame_000845.jpg
846,35.250000,,0,P,0.19140,0.70711,0.08509,0.02633,frames/frame_000846.jpg
847,35.291667,,0,P,0.20687,0.69643,0.07998,0.02198,frames/frame_000847.jpg
848,35.333333,,0,B,0.25979,0.70996,0.06348,0.07110,frames/frame_000848.jpg
849,35.375000,,0,P,0.32281,0.74642,0.04927,0.07924,frames/frame_000849.jpg
850,35.416667,,0,P,0.35120,0.79020,0.02698,0.05469,frames/frame_000850.jpg
851,35.458333,,0,P,0.36274,0.81094,0.02554,0.01972,frames/frame_000851.jpg
852,35.500000,,0,B,0.36506,0.81337,0.02478,0.00413,frames/frame_000852.jpg
853,35.541667,,0,P,0.38086,0.77454,0.03666,0.02764,frames/frame_000853.jpg
854,35.583333,,0,P,0.41632,0.69387,0.06757,0.05429,frames/frame_000854.jpg
855,35.625000,,0,P,0.46850,0.58912,0.10420,0.07038,frames/frame_000855.jpg
856,35.666667,,0,B,0.53424,0.50547,0.14358,0.08101,frames/frame_000856.jpg
857,35.708333,,0,P,0.56770,0.46616,0.16274,0.07028,frames/frame_000857.jpg
858,35.750000,,0,B,0.55471,0.48766,0.16406,0.06744,frames/frame_000858.jpg
859,35.791667,,0,B,0.55002,0.49423,0.15757,0.04406,frames/frame_000859.jpg
860,35.833333,,0,B,0.55267,0.48136,0.14972,0.05462,frames/frame_000860.jpg
861,35.875000,,0,P,0.55072,0.48899,0.14795,0.04130,frames/frame_000861.jpg
862,35.916667,,0,B,0.54892,0.50756,0.13893,0.04958,frames/frame_000862.jpg
863,35.958333,,0,P,0.54643,0.50965,0.13548,0.04266,frames/frame_000863.jpg
864,36.000000,,1,I,0.54029,0.54437,0.12692,0.06739,frames/frame_000864.jpg
865,36.041667,,0,B,0.54089,0.52797,0.11870,0.05056,frames/frame_000865.jpg
866,36.083333,,0,B,0.53864,0.53956,0.11666,0.04580,frames/frame_000866.jpg
867,36.125000,,0,B,0.52338,0.54977,0.12172,0.03634,frames/frame_000867.jpg
868,36.166667,,0,P,0.50615,0.54780,0.12201,0.05008,frames/frame_000868.jpg
869,36.208333,,0,B,0.51085,0.54936,0.12540,0.02924,frames/frame_000869.jpg
870,36.250000,,0,B,0.49790,0.55005,0.11831,0.03320,frames/frame_000870.jpg
871,36.291667,,0,B,0.51025,0.54348,0.11338,0.02589,frames/frame_000871.jpg
872,36.333333,,0,P,0.51302,0.54703,0.10852,0.04061,frames/frame_000872.jpg
873,36.375000,,0,B,0.52559,0.53775,0.11158,0.03121,frames/frame_000873.jpg
874,36.416667,,0,B,0.51910,0.53975,0.11950,0.03973,frames/frame_000874.jpg
875,36.458333,,0,B,0.50002,0.54921,0.12246,0.03047,frames/frame_000875.jpg
876,36.500000,,0,P,0.51255,0.53687,0.12748,0.03674,frames/frame_000876.jpg
877,36.541667,,0,B,0.51138,0.54489,0.12922,0.03040,frames/frame_000877.jpg
878,36.583333,,0,B,0.49453,0.57617,0.12280,0.03417,frames/frame_000878.jpg
879,36.625000,,0,B,0.49884,0.57468,0.12416,0.01302,frames/frame_000879.jpg
880,36.666667,,0,P,0.51326,0.55308,0.12749,0.02725,frames/frame_000880.jpg
881,36.708333,,0,B,0.51200,0.55273,0.12516,0.01028,frames/frame_000881.jpg
882,36.750000,,0,B,0.49915,0.55560,0.12110,0.03744,frames/frame_000882.jpg
883,36.791667,,0,B,0.51274,0.54914,0.12564,0.02276,frames/frame_000883.jpg
884,36.833333,,0,P,0.50939,0.53665,0.12439,0.02663,frames/frame_000884.jpg
885,36.875000,,0,B,0.50024,0.54177,0.11713,0.02127,frames/frame_000885.jpg
886,36.916667,,0,B,0.51493,0.54129,0.12817,0.03368,frames/frame_000886.jpg
887,36.958333,,0,B,0.52274,0.53220,0.12526,0.02520,frames/frame_000887.jpg
888,37.000000,,0,P,0.50551,0.54992,0.12553,0.03323,frames/frame_000888.jpg
889,37.041667,,0,B,0.52455,0.53591,0.13170,0.04801,frames/frame_000889.jpg
890,37.083333,,0,B,0.51514,0.54205,0.12149,0.04164,frames/frame_000890.jpg
891,37.125000,,0,B,0.51442,0.54201,0.12915,0.02704,frames/frame_000891.jpg
892,37.166667,,0,P,0.51098,0.54147,0.13337,0.03815,frames/frame_000892.jpg
893,37.208333,,0,B,0.51458,0.54238,0.13594,0.03250,frames/frame_000893.jpg
894,37.250000,,0,B,0.51562,0.53249,0.13355,0.03251,frames/frame_000894.jpg
895,37.291667,,0,B,0.51639,0.53339,0.13528,0.01887,frames/frame_000895.jpg
896,37.333333,,0,P,0.50984,0.53764,0.13498,0.03366,frames/frame_000896.jpg
897,37.375000,,0,B,0.50770,0.56260,0.13489,0.03545,frames/frame_000897.jpg
898,37.416667,,0,B,0.49632,0.55166,0.13343,0.02914,frames/frame_000898.jpg
899,37.458333,,0,B,0.50613,0.55924,0.13321,0.02776,frames/frame_000899.jpg
900,37.500000,,0,P,0.50998,0.55737,0.14138,0.03243,frames/frame_000900.jpg
901,37.541667,,0,B,0.51107,0.55790,0.13775,0.01631,frames/frame_000901.jpg
902,37.583333,,0,B,0.51615,0.54702,0.13730,0.03214,frames/frame_000902.jpg
903,37.625000,,0,B,0.51134,0.54963,0.13593,0.02135,frames/frame_000903.jpg
904,37.666667,,0,P,0.51875,0.52294,0.14150,0.03596,frames/frame_000904.jpg
905,37.708333,,0,B,0.51746,0.53456,0.13562,0.02657,frames/frame_000905.jpg
906,37.750000,,0,B,0.52190,0.53402,0.13662,0.04821,frames/frame_000906.jpg
907,37.791667,,0,B,0.51978,0.53617,0.13269,0.02601,frames/frame_000907.jpg
908,37.833333,,0,P,0.50176,0.53151,0.12986,0.03786,frames/frame_000908.jpg
909,37.875000,,0,B,0.50054,0.53397,0.12668,0.02142,frames/frame_000909.jpg
910,37.916667,,0,B,0.51112,0.53792,0.13289,0.03496,frames/frame_000910.jpg
911,37.958333,,0,B,0.50109,0.54219,0.12677,0.01761,frames/frame_000911.jpg
912,38.000000,,0,P,0.52066,0.51539,0.12644,0.03546,frames/frame_000912.jpg
913,38.041667,,0,B,0.52079,0.51584,0.12679,0.00991,frames/frame_000913.jpg
914,38.083333,,0,B,0.51215,0.56045,0.12962,0.03804,frames/frame_000914.jpg
915,38.125000,,0,B,0.51042,0.55412,0.12855,0.02123,frames/frame_000915.jpg
916,38.166667,,0,P,0.51373,0.54665,0.13084,0.02360,frames/frame_000916.jpg
917,38.208333,,0,B,0.51335,0.54557,0.13072,0.01238,frames/frame_000917.jpg
918,38.250000,,0,B,0.51839,0.49905,0.13152,0.06301,frames/frame_000918.jpg
919,38.291667,,0,P,0.41640,0.49457,0.10922,0.14045,frames/frame_000919.jpg
920,38.333333,,0,B,0.34064,0.50890,0.08559,0.11337,frames/frame_000920.jpg
921,38.375000,,0,B,0.32510,0.49949,0.07349,0.05247,frames/frame_000921.jpg
922,38.416667,,0,B,0.33265,0.49255,0.07809,0.02308,frames/frame_000922.jpg
923,38.458333,,0,P,0.33441,0.48758,0.07461,0.02865,frames/frame_000923.jpg
924,38.500000,,0,B,0.33248,0.49215,0.07639,0.02618,frames/frame_000924.jpg
925,38.541667,,0,B,0.32945,0.48789,0.07387,0.02898,frames/frame_000925.jpg
926,38.583333,,0,B,0.33186,0.48035,0.08094,0.02946,frames/frame_000926.jpg
927,38.625000,,0,P,0.39846,0.43940,0.11627,0.08286,frames/frame_000927.jpg
928,38.666667,,0,B,0.51765,0.36350,0.13833,0.11824,frames/frame_000928.jpg
929,38.708333,,0,P,0.63625,0.26919,0.16498,0.11806,frames/frame_000929.jpg
930,38.750000,,0,B,0.68658,0.23143,0.18242,0.06033,frames/frame_000930.jpg
931,38.791667,,0,B,0.68644,0.23095,0.18201,0.00880,frames/frame_000931.jpg
932,38.833333,,0,B,0.68775,0.23026,0.18091,0.01210,frames/frame_000932.jpg
933,38.875000,,0,P,0.68745,0.23108,0.18428,0.00840,frames/frame_000933.jpg
934,38.916667,,0,B,0.68929,0.23253,0.18286,0.01175,frames/frame_000934.jpg
935,38.958333,,0,P,0.68821,0.23349,0.18434,0.00811,frames/frame_000935.jpg
936,39.000000,,1,I,0.68803,0.23037,0.18298,0.01574,frames/frame_000936.jpg
937,39.041667,,0,B,0.68846,0.23113,0.18293,0.00900,frames/frame_000937.jpg
938,39.083333,,0,B,0.68847,0.23431,0.18100,0.01303,frames/frame_000938.jpg
939,39.125000,,0,B,0.68735,0.23193,0.17997,0.00861,frames/frame_000939.jpg
940,39.166667,,0,P,0.68561,0.23259,0.17935,0.01437,frames/frame_000940.jpg
941,39.208333,,0,B,0.68744,0.23201,0.18093,0.01011,frames/frame_000941.jpg
942,39.250000,,0,B,0.69007,0.22862,0.18270,0.01357,frames/frame_000942.jpg
943,39.291667,,0,B,0.69002,0.23018,0.18565,0.00805,frames/frame_000943.jpg
944,39.333333,,0,P,0.68865,0.23660,0.18471,0.01366,frames/frame_000944.jpg
945,39.375000,,0,B,0.69022,0.23446,0.18403,0.00801,frames/frame_000945.jpg
946,39.416667,,0,B,0.68993,0.23336,0.18365,0.01161,frames/frame_000946.jpg
947,39.458333,,0,B,0.68988,0.23396,0.18489,0.00834,frames/frame_000947.jpg
948,39.500000,,0,P,0.69049,0.23388,0.18408,0.01017,frames/frame_000948.jpg
949,39.541667,,0,B,0.69001,0.23338,0.18266,0.00752,frames/frame_000949.jpg
950,39.583333,,0,B,0.68704,0.23412,0.18038,0.01175,frames/frame_000950.jpg
951,39.625000,,0,B,0.68805,0.23350,0.17995,0.00661,frames/frame_000951.jpg
952,39.666667,,0,P,0.68822,0.23112,0.17785,0.01191,frames/frame_000952.jpg
953,39.708333,,0,B,0.68859,0.23071,0.17837,0.00739,frames/frame_000953.jpg
954,39.750000,,0,B,0.68730,0.23475,0.18245,0.01372,frames/frame_000954.jpg
955,39.791667,,0,B,0.68770,0.23448,0.18436,0.00740,frames/frame_000955.jpg
956,39.833333,,0,P,0.68807,0.23416,0.18456,0.01285,frames/frame_000956.jpg
957,39.875000,,0,B,0.68769,0.23285,0.18609,0.00754,frames/frame_000957.jpg
958,39.916667,,0,B,0.68819,0.23472,0.18741,0.01235,frames/frame_000958.jpg
959,39.958333,,0,B,0.68826,0.23382,0.18593,0.00726,frames/frame_000959.jpg
960,40.000000,,0,P,0.68907,0.23489,0.18398,0.01138,frames/frame_000960.jpg
961,40.041667,,0,B,0.68860,0.23400,0.18210,0.00668,frames/frame_000961.jpg
962,40.083333,,0,B,0.68648,0.23764,0.18211,0.01165,frames/frame_000962.jpg
963,40.125000,,0,B,0.68687,0.23777,0.18078,0.00532,frames/frame_000963.jpg
964,40.166667,,0,P,0.68561,0.23598,0.17785,0.01191,frames/frame_000964.jpg
965,40.208333,,0,B,0.68528,0.23475,0.17885,0.00733,frames/frame_000965.jpg
966,40.250000,,0,B,0.68591,0.23654,0.18030,0.01115,frames/frame_000966.jpg
967,40.291667,,0,B,0.68539,0.23540,0.17945,0.00630,frames/frame_000967.jpg
968,40.333333,,0,P,0.68168,0.23600,0.17916,0.01289,frames/frame_000968.jpg
969,40.375000,,0,B,0.68345,0.23770,0.17955,0.00687,frames/frame_000969.jpg
970,40.416667,,0,B,0.68388,0.23900,0.18040,0.01076,frames/frame_000970.jpg
971,40.458333,,0,B,0.68415,0.23823,0.18064,0.00620,frames/frame_000971.jpg
972,40.500000,,0,P,0.68228,0.23743,0.18293,0.01365,frames/frame_000972.jpg
973,40.541667,,0,B,0.68282,0.23577,0.18533,0.00752,frames/frame_000973.jpg
974,40.583333,,0,B,0.68582,0.23415,0.18536,0.01319,frames/frame_000974.jpg
975,40.625000,,0,B,0.68709,0.23574,0.18575,0.00738,frames/frame_000975.jpg
976,40.666667,,0,P,0.68367,0.23577,0.18504,0.01176,frames/frame_000976.jpg
977,40.708333,,0,B,0.68353,0.23383,0.18435,0.00706,frames/frame_000977.jpg
978,40.750000,,0,B,0.68300,0.23153,0.18215,0.01322,frames/frame_000978.jpg
979,40.791667,,0,B,0.68555,0.23610,0.18385,0.00718,frames/frame_000979.jpg
980,40.833333,,0,P,0.68492,0.23627,0.18157,0.01301,frames/frame_000980.jpg
981,40.875000,,0,B,0.68417,0.23529,0.18193,0.01064,frames/frame_000981.jpg
982,40.916667,,0,P,0.68572,0.23595,0.19072,0.04588,frames/frame_000982.jpg
983,40.958333,,0,P,0.68223,0.22535,0.18740,0.07776,frames/frame_000983.jpg
984,41.000000,,0,P,0.69566,0.22501,0.15281,0.09276,frames/frame_000984.jpg
985,41.041667,,0,P,0.71492,0.21588,0.14680,0.09445,frames/frame_000985.jpg
986,41.083333,,0,P,0.74120,0.16884,0.13981,0.11484,frames/frame_000986.jpg
987,41.125000,,0,B,0.76040,0.12440,0.18642,0.10635,frames/frame_000987.jpg
988,41.166667,,0,B,0.76187,0.12395,0.17801,0.01293,frames/frame_000988.jpg
989,41.208333,,0,B,0.76167,0.12410,0.17768,0.00770,frames/frame_000989.jpg
990,41.250000,,0,P,0.76145,0.12376,0.18194,0.00932,frames/frame_000990.jpg
991,41.291667,,0,B,0.76118,0.12405,0.18008,0.00662,frames/frame_000991.jpg
992,41.333333,,0,B,0.76268,0.12163,0.17137,0.01699,frames/frame_000992.jpg
993,41.375000,,0,B,0.77482,0.11703,0.17114,0.01940,frames/frame_000993.jpg
994,41.416667,,0,P,0.77942,0.11704,0.16929,0.01593,frames/frame_000994.jpg
995,41.458333,,0,B,0.77999,0.11633,0.16902,0.00881,frames/frame_000995.jpg
996,41.500000,,0,B,0.77877,0.11615,0.17166,0.01205,frames/frame_000996.jpg
997,41.541667,,0,B,0.76262,0.12158,0.17664,0.02219,frames/frame_000997.jpg
998,41.583333,,0,P,0.75674,0.12333,0.17598,0.01571,frames/frame_000998.jpg
999,41.625000,,0,B,0.75902,0.11861,0.18700,0.01262,frames/frame_000999.jpg
1000,41.666667,,0,B,0.75632,0.11822,0.18408,0.01236,frames/frame_001000.jpg
1001,41.708333,,0,B,0.75647,0.11888,0.18346,0.00758,frames/frame_001001.jpg
1002,41.750000,,0,P,0.75914,0.11727,0.18501,0.01208,frames/frame_001002.jpg
1003,41.791667,,0,B,0.75909,0.11797,0.18100,0.00984,frames/frame_001003.jpg
1004,41.833333,,0,B,0.77265,0.11277,0.16598,0.03483,frames/frame_001004.jpg
1005,41.875000,,0,B,0.76299,0.12231,0.17913,0.04167,frames/frame_001005.jpg
1006,41.916667,,0,P,0.75340,0.12484,0.18749,0.03541,frames/frame_001006.jpg
1007,41.958333,,0,P,0.75212,0.12427,0.17953,0.04065,frames/frame_001007.jpg
1008,42.000000,,1,I,0.74617,0.12377,0.18267,0.02747,frames/frame_001008.jpg
1009,42.041667,,0,B,0.74652,0.12455,0.18376,0.04070,frames/frame_001009.jpg
1010,42.083333,,0,B,0.74478,0.13245,0.18167,0.04110,frames/frame_001010.jpg
1011,42.125000,,0,B,0.74446,0.13030,0.18640,0.02799,frames/frame_001011.jpg
1012,42.166667,,0,P,0.72719,0.17066,0.18523,0.04590,frames/frame_001012.jpg
1013,42.208333,,0,B,0.74025,0.14320,0.17721,0.04533,frames/frame_001013.jpg
1014,42.250000,,0,B,0.74535,0.13296,0.18844,0.03744,frames/frame_001014.jpg
1015,42.291667,,0,B,0.73403,0.15605,0.17779,0.03063,frames/frame_001015.jpg
1016,42.333333,,0,P,0.72648,0.16486,0.17741,0.03436,frames/frame_001016.jpg
1017,42.375000,,0,B,0.72755,0.16465,0.17863,0.02040,frames/frame_001017.jpg
1018,42.416667,,0,B,0.73215,0.16384,0.17702,0.05172,frames/frame_001018.jpg
1019,42.458333,,0,P,0.74805,0.13568,0.17535,0.04443,frames/frame_001019.jpg
1020,42.500000,,0,B,0.68234,0.23715,0.18415,0.18128,frames/frame_001020.jpg
1021,42.541667,,0,P,0.68133,0.23462,0.18371,0.01885,frames/frame_001021.jpg
1022,42.583333,,0,P,0.67445,0.23899,0.18856,0.05757,frames/frame_001022.jpg
1023,42.625000,,0,B,0.63997,0.26025,0.19425,0.05729,frames/frame_001023.jpg
1024,42.666667,,0,B,0.62158,0.27091,0.20208,0.06698,frames/frame_001024.jpg
1025,42.708333,,0,B,0.61183,0.27827,0.20020,0.05698,frames/frame_001025.jpg
1026,42.750000,,0,P,0.60794,0.28090,0.21039,0.05492,frames/frame_001026.jpg
1027,42.791667,,0,B,0.61129,0.27646,0.20446,0.04034,frames/frame_001027.jpg
1028,42.833333,,0,B,0.61481,0.27274,0.19836,0.04451,frames/frame_001028.jpg
1029,42.875000,,0,B,0.62255,0.26248,0.20446,0.06743,frames/frame_001029.jpg
1030,42.916667,,0,P,0.62875,0.26205,0.20793,0.05606,frames/frame_001030.jpg
1031,42.958333,,0,B,0.63099,0.25604,0.21339,0.03856,frames/frame_001031.jpg
1032,43.000000,,0,B,0.63232,0.25644,0.21193,0.03803,frames/frame_001032.jpg
1033,43.041667,,0,B,0.63146,0.25491,0.21939,0.03323,frames/frame_001033.jpg
1034,43.083333,,0,P,0.63197,0.25420,0.21890,0.03591,frames/frame_001034.jpg
1035,43.125000,,0,B,0.63402,0.25222,0.21257,0.03900,frames/frame_001035.jpg
1036,43.166667,,0,B,0.62910,0.25357,0.21207,0.03058,frames/frame_001036.jpg
1037,43.208333,,0,B,0.62784,0.25519,0.20957,0.03047,frames/frame_001037.jpg
1038,43.250000,,0,P,0.62924,0.25768,0.21011,0.04595,frames/frame_001038.jpg
1039,43.291667,,0,B,0.62735,0.25828,0.21088,0.03813,frames/frame_001039.jpg
1040,43.333333,,0,B,0.62461,0.26045,0.21012,0.04469,frames/frame_001040.jpg
1041,43.375000,,0,B,0.62281,0.26248,0.21208,0.04131,frames/frame_001041.jpg
1042,43.416667,,0,P,0.61778,0.26709,0.21180,0.03659,frames/frame_001042.jpg
1043,43.458333,,0,B,0.61520,0.26447,0.21215,0.03717,frames/frame_001043.jpg
1044,43.500000,,0,B,0.61441,0.26746,0.20375,0.04737,frames/frame_001044.jpg
1045,43.541667,,0,B,0.61500,0.26844,0.20513,0.02579,frames/frame_001045.jpg
1046,43.583333,,0,P,0.61605,0.26729,0.21149,0.04933,frames/frame_001046.jpg
1047,43.625000,,0,B,0.61844,0.26374,0.20984,0.04389,frames/frame_001047.jpg
1048,43.666667,,0,B,0.62213,0.26172,0.20561,0.02864,frames/frame_001048.jpg
1049,43.708333,,0,B,0.62567,0.26214,0.20215,0.02924,frames/frame_001049.jpg
1050,43.750000,,0,P,0.62501,0.26114,0.20317,0.02953,frames/frame_001050.jpg
1051,43.791667,,0,B,0.62582,0.26458,0.20595,0.04593,frames/frame_001051.jpg
1052,43.833333,,0,B,0.62225,0.26627,0.20306,0.03724,frames/frame_001052.jpg
1053,43.875000,,0,B,0.62160,0.26851,0.20554,0.04053,frames/frame_001053.jpg
1054,43.916667,,0,P,0.61845,0.26538,0.19965,0.05600,frames/frame_001054.jpg
1055,43.958333,,0,B,0.61807,0.26846,0.19778,0.03236,frames/frame_001055.jpg
1056,44.000000,,0,B,0.61671,0.27087,0.19846,0.04741,frames/frame_001056.jpg
1057,44.041667,,0,B,0.61338,0.27138,0.20079,0.03945,frames/frame_001057.jpg
1058,44.083333,,0,P,0.61040,0.27029,0.19911,0.03917,frames/frame_001058.jpg
1059,44.125000,,0,B,0.61019,0.27128,0.19927,0.02814,frames/frame_001059.jpg
1060,44.166667,,0,B,0.60491,0.27038,0.19491,0.04260,frames/frame_001060.jpg
1061,44.208333,,0,B,0.60539,0.27294,0.20123,0.04110,frames/frame_001061.jpg
1062,44.250000,,0,P,0.60729,0.27893,0.19956,0.03775,frames/frame_001062.jpg
1063,44.291667,,0,B,0.60822,0.27615,0.19629,0.03544,frames/frame_001063.jpg
1064,44.333333,,0,B,0.61289,0.27418,0.20302,0.03758,frames/frame_001064.jpg
1065,44.375000,,0,B,0.61633,0.27026,0.19948,0.04716,frames/frame_001065.jpg
1066,44.416667,,0,P,0.61773,0.27406,0.20257,0.05667,frames/frame_001066.jpg
1067,44.458333,,0,B,0.61946,0.27286,0.20327,0.03141,frames/frame_001067.jpg
1068,44.500000,,0,B,0.61889,0.27468,0.19519,0.04011,frames/frame_001068.jpg
1069,44.541667,,0,B,0.62169,0.27411,0.19554,0.04158,frames/frame_001069.jpg
1070,44.583333,,0,P,0.62155,0.26835,0.19643,0.03832,frames/frame_001070.jpg
1071,44.625000,,0,B,0.61985,0.26741,0.19146,0.04173,frames/frame_001071.jpg
1072,44.666667,,0,B,0.62120,0.27448,0.19932,0.05125,frames/frame_001072.jpg
1073,44.708333,,0,B,0.61751,0.27135,0.19734,0.05177,frames/frame_001073.jpg
1074,44.750000,,0,P,0.60506,0.27229,0.19044,0.08426,frames/frame_001074.jpg
1075,44.791667,,0,P,0.59904,0.26311,0.17692,0.12094,frames/frame_001075.jpg
1076,44.833333,,0,P,0.62771,0.25341,0.12505,0.12852,frames/frame_001076.jpg
1077,44.875000,,0,P,0.62783,0.25179,0.08313,0.11037,frames/frame_001077.jpg
1078,44.916667,,0,P,0.55091,0.28974,0.07037,0.13760,frames/frame_001078.jpg
1079,44.958333,,0,P,0.21889,0.49292,0.05875,0.37098,frames/frame_001079.jpg
1080,45.000000,,1,I,0.06820,0.57572,0.00869,0.17702,frames/frame_001080.jpg
1081,45.041667,,0,P,0.33033,0.44867,0.07344,0.24261,frames/frame_001081.jpg
1082,45.083333,,0,B,0.59046,0.30143,0.10275,0.26852,frames/frame_001082.jpg
1083,45.125000,,0,P,0.69805,0.24334,0.12751,0.12230,frames/frame_001083.jpg
1084,45.166667,,0,B,0.74136,0.22658,0.13385,0.05734,frames/frame_001084.jpg
1085,45.208333,,0,B,0.74436,0.22653,0.13515,0.01844,frames/frame_001085.jpg
1086,45.250000,,0,B,0.74688,0.22041,0.13608,0.02354,frames/frame_001086.jpg
1087,45.291667,,0,P,0.74460,0.22156,0.13997,0.01907,frames/frame_001087.jpg
1088,45.333333,,0,B,0.70944,0.27415,0.14119,0.04775,frames/frame_001088.jpg
1089,45.375000,,0,B,0.70935,0.27541,0.14680,0.01854,frames/frame_001089.jpg
1090,45.416667,,0,P,0.73417,0.23651,0.14306,0.04652,frames/frame_001090.jpg
1091,45.458333,,0,B,0.73584,0.23372,0.13928,0.01940,frames/frame_001091.jpg
1092,45.500000,,0,B,0.71446,0.24952,0.14799,0.04327,frames/frame_001092.jpg
1093,45.541667,,0,B,0.71483,0.24968,0.14697,0.02291,frames/frame_001093.jpg
1094,45.583333,,0,P,0.68965,0.29759,0.14702,0.04716,frames/frame_001094.jpg
1095,45.625000,,0,B,0.69103,0.29728,0.13818,0.02351,frames/frame_001095.jpg
1096,45.666667,,0,B,0.73266,0.22760,0.14241,0.05693,frames/frame_001096.jpg
1097,45.708333,,0,B,0.73386,0.22697,0.14057,0.01988,frames/frame_001097.jpg
1098,45.750000,,0,P,0.68759,0.29640,0.12754,0.06521,frames/frame_001098.jpg
1099,45.791667,,0,B,0.68841,0.29287,0.12469,0.02155,frames/frame_001099.jpg
1100,45.833333,,0,B,0.68891,0.29864,0.12496,0.02425,frames/frame_001100.jpg
1101,45.875000,,0,B,0.68819,0.29926,0.13067,0.01994,frames/frame_001101.jpg
1102,45.916667,,0,P,0.69273,0.29004,0.13021,0.03493,frames/frame_001102.jpg
1103,45.958333,,0,B,0.69261,0.28841,0.13316,0.02103,frames/frame_001103.jpg
1104,46.000000,,0,B,0.70083,0.26784,0.13193,0.03273,frames/frame_001104.jpg
1105,46.041667,,0,B,0.70217,0.26500,0.13089,0.02164,frames/frame_001105.jpg
1106,46.083333,,0,P,0.69225,0.28309,0.13884,0.02929,frames/frame_001106.jpg
1107,46.125000,,0,B,0.69423,0.28259,0.13838,0.01794,frames/frame_001107.jpg
1108,46.166667,,0,B,0.72333,0.23128,0.12861,0.04008,frames/frame_001108.jpg
1109,46.208333,,0,P,0.72327,0.23219,0.12957,0.01537,frames/frame_001109.jpg
1110,46.250000,,0,B,0.70000,0.27309,0.13069,0.03861,frames/frame_001110.jpg
1111,46.291667,,0,B,0.69986,0.27414,0.13206,0.01645,frames/frame_001111.jpg
1112,46.333333,,0,B,0.71855,0.22957,0.12415,0.03734,frames/frame_001112.jpg
1113,46.375000,,0,P,0.71907,0.23082,0.12629,0.01933,frames/frame_001113.jpg
1114,46.416667,,0,B,0.73733,0.20405,0.12910,0.03253,frames/frame_001114.jpg
1115,46.458333,,0,B,0.73900,0.20023,0.12168,0.01952,frames/frame_001115.jpg
1116,46.500000,,0,P,0.69053,0.28345,0.12148,0.05828,frames/frame_001116.jpg
1117,46.541667,,0,B,0.68934,0.28413,0.12530,0.01603,frames/frame_001117.jpg
1118,46.583333,,0,B,0.72308,0.21778,0.12041,0.04848,frames/frame_001118.jpg
1119,46.625000,,0,P,0.72060,0.21916,0.12304,0.01910,frames/frame_001119.jpg
1120,46.666667,,0,B,0.72252,0.21724,0.12594,0.01833,frames/frame_001120.jpg
1121,46.708333,,0,B,0.72309,0.21627,0.12494,0.01670,frames/frame_001121.jpg
1122,46.750000,,0,B,0.73297,0.20312,0.12770,0.02238,frames/frame_001122.jpg
1123,46.791667,,0,P,0.73284,0.20441,0.12582,0.01375,frames/frame_001123.jpg
1124,46.833333,,0,B,0.71694,0.21758,0.12474,0.02984,frames/frame_001124.jpg
1125,46.875000,,0,B,0.71595,0.21833,0.12668,0.01499,frames/frame_001125.jpg
1126,46.916667,,0,B,0.73189,0.20424,0.11971,0.02996,frames/frame_001126.jpg
1127,46.958333,,0,P,0.73137,0.20614,0.11964,0.01372,frames/frame_001127.jpg
1128,47.000000,,0,P,0.71540,0.22153,0.12505,0.03470,frames/frame_001128.jpg
1129,47.041667,,0,B,0.71554,0.21932,0.12393,0.02028,frames/frame_001129.jpg
1130,47.083333,,0,B,0.72364,0.20563,0.12405,0.02677,frames/frame_001130.jpg
1131,47.125000,,0,B,0.72056,0.20206,0.12831,0.02214,frames/frame_001131.jpg
1132,47.166667,,0,P,0.70922,0.20651,0.12994,0.03487,frames/frame_001132.jpg
1133,47.208333,,0,P,0.70886,0.20889,0.13223,0.02979,frames/frame_001133.jpg
1134,47.250000,,0,P,0.68201,0.23021,0.13747,0.05447,frames/frame_001134.jpg
1135,47.291667,,0,P,0.67871,0.23108,0.14337,0.04021,frames/frame_001135.jpg
1136,47.333333,,0,P,0.69414,0.19751,0.14685,0.05378,frames/frame_001136.jpg
1137,47.375000,,0,P,0.69144,0.19278,0.14496,0.03790,frames/frame_001137.jpg
1138,47.416667,,0,B,0.67549,0.21307,0.15105,0.04564,frames/frame_001138.jpg
1139,47.458333,,0,B,0.67567,0.21034,0.14365,0.03398,frames/frame_001139.jpg
1140,47.500000,,0,B,0.66885,0.21898,0.14306,0.03773,frames/frame_001140.jpg
1141,47.541667,,0,P,0.66706,0.21446,0.13768,0.03309,frames/frame_001141.jpg
1142,47.583333,,0,P,0.71644,0.17088,0.14274,0.06901,frames/frame_001142.jpg
1143,47.625000,,0,P,0.71632,0.16844,0.13825,0.02674,frames/frame_001143.jpg
1144,47.666667,,0,B,0.70744,0.16783,0.13663,0.03251,frames/frame_001144.jpg
1145,47.708333,,0,B,0.70647,0.17162,0.13949,0.02060,frames/frame_001145.jpg
1146,47.750000,,0,P,0.67835,0.19763,0.13870,0.04720,frames/frame_001146.jpg
1147,47.791667,,0,B,0.68027,0.19746,0.13381,0.02165,frames/frame_001147.jpg
1148,47.833333,,0,B,0.67487,0.20145,0.13024,0.02609,frames/frame_001148.jpg
1149,47.875000,,0,B,0.67602,0.20288,0.13150,0.02557,frames/frame_001149.jpg
1150,47.916667,,0,P,0.68991,0.19090,0.12793,0.03299,frames/frame_001150.jpg
1151,47.958333,,0,P,0.68279,0.20124,0.13304,0.03522,frames/frame_001151.jpg
1152,48.000000,,1,I,0.69279,0.20322,0.13256,0.05346,frames/frame_001152.jpg
1153,48.041667,,0,P,0.69041,0.21036,0.14525,0.03514,frames/frame_001153.jpg
1154,48.083333,,0,B,0.68723,0.21070,0.14642,0.03274,frames/frame_001154.jpg
1155,48.125000,,0,B,0.68631,0.21646,0.14457,0.03088,frames/frame_001155.jpg
1156,48.166667,,0,B,0.65453,0.22762,0.13924,0.06907,frames/frame_001156.jpg
1157,48.208333,,0,P,0.65554,0.22786,0.14493,0.02523,frames/frame_001157.jpg
1158,48.250000,,0,B,0.68080,0.20636,0.14198,0.04486,frames/frame_001158.jpg
1159,48.291667,,0,B,0.68157,0.20644,0.14002,0.02671,frames/frame_001159.jpg
1160,48.333333,,0,P,0.67306,0.20757,0.14548,0.03538,frames/frame_001160.jpg
1161,48.375000,,0,B,0.67363,0.20143,0.13611,0.04897,frames/frame_001161.jpg
1162,48.416667,,0,B,0.67445,0.17405,0.10921,0.07373,frames/frame_001162.jpg
1163,48.458333,,0,P,0.69558,0.15876,0.09952,0.06672,frames/frame_001163.jpg
1164,48.500000,,0,B,0.70737,0.17752,0.09683,0.05866,frames/frame_001164.jpg
1165,48.541667,,0,B,0.71136,0.18403,0.09776,0.01923,frames/frame_001165.jpg
1166,48.583333,,0,P,0.72373,0.18022,0.10207,0.02221,frames/frame_001166.jpg
1167,48.625000,,0,P,0.74106,0.17004,0.10867,0.05841,frames/frame_001167.jpg
1168,48.666667,,0,B,0.74095,0.16426,0.10017,0.02335,frames/frame_001168.jpg
1169,48.708333,,0,P,0.73975,0.15829,0.09380,0.02929,frames/frame_001169.jpg
1170,48.750000,,0,P,0.73560,0.15972,0.08742,0.04355,frames/frame_001170.jpg
1171,48.791667,,0,B,0.73487,0.17345,0.09088,0.03132,frames/frame_001171.jpg
1172,48.833333,,0,P,0.73433,0.17207,0.09232,0.03078,frames/frame_001172.jpg
1173,48.875000,,0,P,0.73845,0.17208,0.08311,0.02711,frames/frame_001173.jpg
1174,48.916667,,0,P,0.74702,0.18972,0.08151,0.03889,frames/frame_001174.jpg
1175,48.958333,,0,P,0.74719,0.19001,0.08377,0.02642,frames/frame_001175.jpg
1176,49.000000,,0,P,0.74535,0.18918,0.08446,0.03387,frames/frame_001176.jpg
1177,49.041667,,0,B,0.74613,0.18899,0.08479,0.01406,frames/frame_001177.jpg
1178,49.083333,,0,P,0.75443,0.19823,0.08484,0.02505,frames/frame_001178.jpg
1179,49.125000,,0,B,0.75454,0.19816,0.08356,0.01197,frames/frame_001179.jpg
1180,49.166667,,0,P,0.73360,0.18174,0.08508,0.03491,frames/frame_001180.jpg
1181,49.208333,,0,B,0.73406,0.18251,0.08324,0.01004,frames/frame_001181.jpg
1182,49.250000,,0,B,0.72714,0.17965,0.08541,0.01801,frames/frame_001182.jpg
1183,49.291667,,0,B,0.72736,0.17993,0.08412,0.00377,frames/frame_001183.jpg
1184,49.333333,,0,P,0.75551,0.19976,0.08175,0.03434,frames/frame_001184.jpg
1185,49.375000,,0,B,0.75575,0.20004,0.08180,0.00200,frames/frame_001185.jpg
1186,49.416667,,0,B,0.74382,0.19229,0.08279,0.01687,frames/frame_001186.jpg
1187,49.458333,,0,B,0.73402,0.19308,0.08709,0.01258,frames/frame_001187.jpg
1188,49.500000,,0,P,0.70858,0.18020,0.09754,0.03951,frames/frame_001188.jpg
1189,49.541667,,0,B,0.70651,0.18070,0.09893,0.00583,frames/frame_001189.jpg
1190,49.583333,,0,B,0.73539,0.19801,0.09856,0.04203,frames/frame_001190.jpg
1191,49.625000,,0,B,0.73565,0.19772,0.09782,0.00459,frames/frame_001191.jpg
1192,49.666667,,0,P,0.73281,0.19172,0.09910,0.00995,frames/frame_001192.jpg
1193,49.708333,,0,B,0.73301,0.19151,0.10017,0.00511,frames/frame_001193.jpg
1194,49.750000,,0,B,0.71936,0.18088,0.10109,0.02135,frames/frame_001194.jpg
1195,49.791667,,0,B,0.71883,0.18114,0.10105,0.00270,frames/frame_001195.jpg
1196,49.833333,,0,P,0.72616,0.18398,0.09955,0.02395,frames/frame_001196.jpg
1197,49.875000,,0,B,0.72681,0.18419,0.09900,0.00346,frames/frame_001197.jpg
1198,49.916667,,0,B,0.73013,0.19198,0.09980,0.02213,frames/frame_001198.jpg
1199,49.958333,,0,B,0.72988,0.19216,0.10082,0.00433,frames/frame_001199.jpg
1200,50.000000,,0,P,0.77952,0.15975,0.07792,0.05147,frames/frame_001200.jpg
1201,50.041667,,0,B,0.75143,0.18696,0.08709,0.02941,frames/frame_001201.jpg
1202,50.083333,,0,P,0.74634,0.19009,0.09066,0.01946,frames/frame_001202.jpg
1203,50.125000,,0,B,0.74635,0.19122,0.09177,0.01033,frames/frame_001203.jpg
1204,50.166667,,0,B,0.74198,0.18825,0.09252,0.02307,frames/frame_001204.jpg
1205,50.208333,,0,B,0.74202,0.18871,0.09023,0.01434,frames/frame_001205.jpg
1206,50.250000,,0,P,0.73994,0.18884,0.08818,0.02761,frames/frame_001206.jpg
1207,50.291667,,0,B,0.74039,0.18896,0.08972,0.01422,frames/frame_001207.jpg
1208,50.333333,,0,B,0.71679,0.19235,0.09092,0.03945,frames/frame_001208.jpg
1209,50.375000,,0,B,0.71693,0.19270,0.09166,0.01373,frames/frame_001209.jpg
1210,50.416667,,0,P,0.74710,0.19695,0.09217,0.04635,frames/frame_001210.jpg
1211,50.458333,,0,P,0.74766,0.19691,0.09158,0.01295,frames/frame_001211.jpg
1212,50.500000,,0,P,0.72039,0.18649,0.09083,0.04096,frames/frame_001212.jpg
1213,50.541667,,0,P,0.72115,0.18664,0.09110,0.01167,frames/frame_001213.jpg
1214,50.583333,,0,B,0.71853,0.18212,0.09045,0.02869,frames/frame_001214.jpg
1215,50.625000,,0,B,0.71869,0.18121,0.08341,0.01249,frames/frame_001215.jpg
1216,50.666667,,0,B,0.72396,0.18480,0.07714,0.03028,frames/frame_001216.jpg
1217,50.708333,,0,P,0.71776,0.18438,0.08542,0.01170,frames/frame_001217.jpg
1218,50.750000,,0,B,0.74036,0.19225,0.08257,0.03240,frames/frame_001218.jpg
1219,50.791667,,0,B,0.74254,0.19327,0.08096,0.00547,frames/frame_001219.jpg
1220,50.833333,,0,B,0.74621,0.19804,0.07778,0.00896,frames/frame_001220.jpg
1221,50.875000,,0,P,0.74656,0.19845,0.07719,0.00294,frames/frame_001221.jpg
1222,50.916667,,0,B,0.73715,0.18436,0.07603,0.01438,frames/frame_001222.jpg
1223,50.958333,,0,P,0.73659,0.18419,0.07596,0.00247,frames/frame_001223.jpg
1224,51.000000,,1,I,0.74323,0.19058,0.07633,0.01098,frames/frame_001224.jpg
1225,51.041667,,0,B,0.74340,0.19074,0.07648,0.00290,frames/frame_001225.jpg
1226,51.083333,,0,B,0.71800,0.17445,0.07686,0.03306,frames/frame_001226.jpg
1227,51.125000,,0,B,0.71817,0.17448,0.07655,0.00171,frames/frame_001227.jpg
1228,51.166667,,0,P,0.73853,0.18465,0.07525,0.02850,frames/frame_001228.jpg
1229,51.208333,,0,B,0.73877,0.18537,0.07577,0.00187,frames/frame_001229.jpg
1230,51.250000,,0,B,0.74027,0.19339,0.07958,0.01742,frames/frame_001230.jpg
1231,51.291667,,0,B,0.73606,0.19252,0.08491,0.00820,frames/frame_001231.jpg
1232,51.333333,,0,P,0.74803,0.20139,0.07642,0.02285,frames/frame_001232.jpg
1233,51.375000,,0,P,0.75161,0.19058,0.08895,0.02425,frames/frame_001233.jpg
1234,51.416667,,0,P,0.71819,0.17874,0.09610,0.04661,frames/frame_001234.jpg
1235,51.458333,,0,B,0.71667,0.18093,0.09829,0.01118,frames/frame_001235.jpg
1236,51.500000,,0,B,0.73460,0.20067,0.09698,0.03942,frames/frame_001236.jpg
1237,51.541667,,0,B,0.73416,0.20109,0.09683,0.01268,frames/frame_001237.jpg
1238,51.583333,,0,P,0.71105,0.18600,0.09741,0.03230,frames/frame_001238.jpg
1239,51.625000,,0,B,0.71203,0.18551,0.09728,0.00969,frames/frame_001239.jpg
1240,51.666667,,0,B,0.73726,0.20411,0.09662,0.03680,frames/frame_001240.jpg
1241,51.708333,,0,B,0.73764,0.20402,0.09743,0.00559,frames/frame_001241.jpg
1242,51.750000,,0,P,0.72133,0.18214,0.09819,0.02751,frames/frame_001242.jpg
1243,51.791667,,0,B,0.72174,0.18290,0.09833,0.00877,frames/frame_001243.jpg
1244,51.833333,,0,B,0.71949,0.18565,0.08759,0.02607,frames/frame_001244.jpg
1245,51.875000,,0,B,0.73119,0.18427,0.08367,0.01873,frames/frame_001245.jpg
1246,51.916667,,0,P,0.72400,0.17171,0.08898,0.02853,frames/frame_001246.jpg
1247,51.958333,,0,B,0.73074,0.16744,0.08859,0.01292,frames/frame_001247.jpg
1248,52.000000,,0,B,0.73763,0.15709,0.09014,0.02422,frames/frame_001248.jpg
1249,52.041667,,0,B,0.75817,0.15324,0.09943,0.03428,frames/frame_001249.jpg
1250,52.083333,,0,P,0.79082,0.14137,0.10101,0.04967,frames/frame_001250.jpg
1251,52.125000,,0,P,0.80583,0.14457,0.09887,0.03829,frames/frame_001251.jpg
1252,52.166667,,0,P,0.82782,0.13005,0.09891,0.04382,frames/frame_001252.jpg
1253,52.208333,,0,P,0.82854,0.13219,0.09727,0.02961,frames/frame_001253.jpg
1254,52.250000,,0,B,0.82985,0.13368,0.09350,0.02831,frames/frame_001254.jpg
1255,52.291667,,0,P,0.83122,0.13488,0.09166,0.02549,frames/frame_001255.jpg
1256,52.333333,,0,P,0.83313,0.13352,0.09143,0.02499,frames/frame_001256.jpg
1257,52.375000,,0,P,0.83422,0.13372,0.08892,0.02339,frames/frame_001257.jpg
1258,52.416667,,0,B,0.82771,0.14325,0.08890,0.02755,frames/frame_001258.jpg
1259,52.458333,,0,P,0.81009,0.15994,0.09107,0.03411,frames/frame_001259.jpg
1260,52.500000,,0,P,0.79745,0.17282,0.10048,0.03421,frames/frame_001260.jpg
1261,52.541667,,0,P,0.77832,0.18016,0.12068,0.04366,frames/frame_001261.jpg
1262,52.583333,,0,P,0.76398,0.19123,0.14118,0.04833,frames/frame_001262.jpg
1263,52.625000,,0,P,0.75400,0.19871,0.13975,0.05688,frames/frame_001263.jpg
1264,52.666667,,0,P,0.73550,0.21498,0.13981,0.05606,frames/frame_001264.jpg
1265,52.708333,,0,P,0.70553,0.23742,0.18518,0.06825,frames/frame_001265.jpg
1266,52.750000,,0,B,0.69404,0.24488,0.18089,0.06248,frames/frame_001266.jpg
1267,52.791667,,0,P,0.69129,0.24477,0.17377,0.03847,frames/frame_001267.jpg
1268,52.833333,,0,B,0.68747,0.24861,0.17224,0.04115,frames/frame_001268.jpg
1269,52.875000,,0,P,0.68209,0.25129,0.16480,0.03108,frames/frame_001269.jpg
1270,52.916667,,0,B,0.68255,0.25099,0.17024,0.02230,frames/frame_001270.jpg
1271,52.958333,,0,B,0.68344,0.25132,0.16723,0.01624,frames/frame_001271.jpg
1272,53.000000,,0,P,0.68181,0.25180,0.17161,0.01409,frames/frame_001272.jpg
1273,53.041667,,0,B,0.68218,0.25225,0.16997,0.01162,frames/frame_001273.jpg
1274,53.083333,,0,B,0.68126,0.25277,0.17111,0.01212,frames/frame_001274.jpg
1275,53.125000,,0,B,0.68215,0.25241,0.16819,0.01054,frames/frame_001275.jpg
1276,53.166667,,0,P,0.67928,0.25325,0.16958,0.01300,frames/frame_001276.jpg
1277,53.208333,,0,B,0.68055,0.25264,0.16945,0.00980,frames/frame_001277.jpg
1278,53.250000,,0,B,0.68261,0.25115,0.16721,0.01173,frames/frame_001278.jpg
1279,53.291667,,0,B,0.68273,0.25203,0.16770,0.00906,frames/frame_001279.jpg
1280,53.333333,,0,P,0.68123,0.25240,0.16753,0.01035,frames/frame_001280.jpg
1281,53.375000,,0,B,0.68162,0.25232,0.16789,0.00900,frames/frame_001281.jpg
1282,53.416667,,0,B,0.68231,0.24725,0.16755,0.01884,frames/frame_001282.jpg
1283,53.458333,,0,B,0.64503,0.28402,0.17657,0.04133,frames/frame_001283.jpg
1284,53.500000,,0,P,0.64470,0.28058,0.19007,0.05805,frames/frame_001284.jpg
1285,53.541667,,0,B,0.64523,0.27915,0.18778,0.03745,frames/frame_001285.jpg
1286,53.583333,,0,B,0.64658,0.27819,0.18733,0.02601,frames/frame_001286.jpg
1287,53.625000,,0,P,0.64511,0.27797,0.18914,0.02035,frames/frame_001287.jpg
1288,53.666667,,0,B,0.64685,0.27800,0.18982,0.02771,frames/frame_001288.jpg
1289,53.708333,,0,B,0.64728,0.27707,0.18958,0.02133,frames/frame_001289.jpg
1290,53.750000,,0,B,0.64755,0.27779,0.18946,0.04161,frames/frame_001290.jpg
1291,53.791667,,0,P,0.64809,0.27696,0.18720,0.01127,frames/frame_001291.jpg
1292,53.833333,,0,B,0.64690,0.27973,0.18671,0.01075,frames/frame_001292.jpg
1293,53.875000,,0,B,0.64646,0.27988,0.18772,0.01161,frames/frame_001293.jpg
1294,53.916667,,0,B,0.64794,0.27893,0.18754,0.01084,frames/frame_001294.jpg
1295,53.958333,,0,P,0.64748,0.27794,0.18831,0.00909,frames/frame_001295.jpg
1296,54.000000,,1,I,0.64865,0.27702,0.18772,0.01220,frames/frame_001296.jpg
1297,54.041667,,0,B,0.64977,0.27721,0.18538,0.01143,frames/frame_001297.jpg
1298,54.083333,,0,B,0.65127,0.27545,0.18592,0.02450,frames/frame_001298.jpg
1299,54.125000,,0,B,0.65035,0.27671,0.18654,0.01476,frames/frame_001299.jpg
1300,54.166667,,0,P,0.64685,0.27751,0.18556,0.01608,frames/frame_001300.jpg
1301,54.208333,,0,B,0.64726,0.27886,0.18571,0.01377,frames/frame_001301.jpg
1302,54.250000,,0,B,0.64797,0.27900,0.18663,0.01239,frames/frame_001302.jpg
1303,54.291667,,0,B,0.64851,0.27907,0.18705,0.00949,frames/frame_001303.jpg
1304,54.333333,,0,P,0.64824,0.27827,0.19037,0.01123,frames/frame_001304.jpg
1305,54.375000,,0,B,0.64747,0.27926,0.18943,0.00886,frames/frame_001305.jpg
1306,54.416667,,0,B,0.64662,0.27966,0.18900,0.00948,frames/frame_001306.jpg
1307,54.458333,,0,B,0.64639,0.27984,0.18878,0.00666,frames/frame_001307.jpg
1308,54.500000,,0,P,0.64735,0.27901,0.18823,0.01109,frames/frame_001308.jpg
1309,54.541667,,0,B,0.64852,0.27977,0.18769,0.00842,frames/frame_001309.jpg
1310,54.583333,,0,B,0.64829,0.28004,0.18590,0.01244,frames/frame_001310.jpg
1311,54.625000,,0,B,0.64857,0.28033,0.18663,0.00995,frames/frame_001311.jpg
1312,54.666667,,0,P,0.64687,0.27898,0.18958,0.01471,frames/frame_001312.jpg
1313,54.708333,,0,B,0.64745,0.27962,0.19186,0.01064,frames/frame_001313.jpg
1314,54.750000,,0,B,0.64636,0.28157,0.19335,0.01356,frames/frame_001314.jpg
1315,54.791667,,0,B,0.64847,0.27985,0.19067,0.03036,frames/frame_001315.jpg
1316,54.833333,,0,P,0.64810,0.28041,0.19423,0.01304,frames/frame_001316.jpg
1317,54.875000,,0,B,0.64839,0.28144,0.19457,0.01047,frames/frame_001317.jpg
1318,54.916667,,0,B,0.64772,0.28099,0.19454,0.01369,frames/frame_001318.jpg
1319,54.958333,,0,B,0.64801,0.28123,0.19522,0.00942,frames/frame_001319.jpg
1320,55.000000,,0,P,0.64875,0.28015,0.19637,0.01171,frames/frame_001320.jpg
1321,55.041667,,0,B,0.64871,0.28146,0.19766,0.00824,frames/frame_001321.jpg
1322,55.083333,,0,B,0.64800,0.28202,0.19929,0.00941,frames/frame_001322.jpg
1323,55.125000,,0,B,0.64790,0.28267,0.20087,0.00576,frames/frame_001323.jpg
1324,55.166667,,0,P,0.64669,0.28123,0.20008,0.00972,frames/frame_001324.jpg
1325,55.208333,,0,B,0.64683,0.28247,0.20135,0.00883,frames/frame_001325.jpg
1326,55.250000,,0,B,0.64577,0.28367,0.20170,0.01118,frames/frame_001326.jpg
1327,55.291667,,0,B,0.64586,0.28428,0.20170,0.00902,frames/frame_001327.jpg
1328,55.333333,,0,P,0.64484,0.28434,0.20125,0.01152,frames/frame_001328.jpg
1329,55.375000,,0,B,0.64567,0.28485,0.19933,0.01113,frames/frame_001329.jpg
1330,55.416667,,0,B,0.64550,0.28446,0.19965,0.01235,frames/frame_001330.jpg
1331,55.458333,,0,B,0.64808,0.28240,0.20057,0.02518,frames/frame_001331.jpg
1332,55.500000,,0,P,0.64658,0.28389,0.20061,0.01758,frames/frame_001332.jpg
1333,55.541667,,0,B,0.64713,0.28436,0.19969,0.01373,frames/frame_001333.jpg
1334,55.583333,,0,B,0.64664,0.28286,0.20060,0.01520,frames/frame_001334.jpg
1335,55.625000,,0,B,0.64703,0.28352,0.20132,0.01166,frames/frame_001335.jpg
1336,55.666667,,0,P,0.64495,0.28437,0.20368,0.01280,frames/frame_001336.jpg
1337,55.708333,,0,B,0.64600,0.28436,0.20161,0.00783,frames/frame_001337.jpg
1338,55.750000,,0,B,0.64654,0.28398,0.19991,0.01073,frames/frame_001338.jpg
1339,55.791667,,0,B,0.64726,0.28390,0.19921,0.00653,frames/frame_001339.jpg
1340,55.833333,,0,P,0.64425,0.28469,0.19954,0.01067,frames/frame_001340.jpg
1341,55.875000,,0,B,0.64561,0.28508,0.19810,0.00744,frames/frame_001341.jpg
1342,55.916667,,0,B,0.64656,0.28513,0.19853,0.01051,frames/frame_001342.jpg
1343,55.958333,,0,B,0.64704,0.28546,0.19914,0.00956,frames/frame_001343.jpg
1344,56.000000,,0,P,0.64496,0.28560,0.19911,0.01237,frames/frame_001344.jpg
1345,56.041667,,0,B,0.64509,0.28626,0.19846,0.01111,frames/frame_001345.jpg
1346,56.083333,,0,B,0.64571,0.28507,0.19688,0.01133,frames/frame_001346.jpg
1347,56.125000,,0,B,0.62638,0.30402,0.21422,0.10514,frames/frame_001347.jpg
1348,56.166667,,0,P,0.62615,0.30366,0.21399,0.03135,frames/frame_001348.jpg
1349,56.208333,,0,B,0.62676,0.30439,0.21458,0.02696,frames/frame_001349.jpg
1350,56.250000,,0,B,0.62494,0.30438,0.21624,0.02433,frames/frame_001350.jpg
1351,56.291667,,0,B,0.62511,0.30554,0.21504,0.01667,frames/frame_001351.jpg
1352,56.333333,,0,P,0.62265,0.30643,0.21678,0.01361,frames/frame_001352.jpg
1353,56.375000,,0,B,0.62472,0.30625,0.21435,0.01027,frames/frame_001353.jpg
1354,56.416667,,0,B,0.62588,0.30516,0.21451,0.01216,frames/frame_001354.jpg
1355,56.458333,,0,B,0.62500,0.30538,0.21491,0.01056,frames/frame_001355.jpg
1356,56.500000,,0,P,0.62292,0.30572,0.21807,0.01282,frames/frame_001356.jpg
1357,56.541667,,0,B,0.62414,0.30553,0.21673,0.01213,frames/frame_001357.jpg
1358,56.583333,,0,B,0.62210,0.30591,0.21977,0.01246,frames/frame_001358.jpg
1359,56.625000,,0,B,0.62124,0.30668,0.22009,0.00888,frames/frame_001359.jpg
1360,56.666667,,0,P,0.62225,0.30727,0.22137,0.01404,frames/frame_001360.jpg
1361,56.708333,,0,B,0.62286,0.30847,0.22178,0.01077,frames/frame_001361.jpg
1362,56.750000,,0,B,0.62352,0.30740,0.22235,0.01514,frames/frame_001362.jpg
1363,56.791667,,0,B,0.62436,0.30757,0.22169,0.01464,frames/frame_001363.jpg
1364,56.833333,,0,P,0.62468,0.30533,0.21861,0.02706,frames/frame_001364.jpg
1365,56.875000,,0,B,0.62481,0.30673,0.22065,0.01611,frames/frame_001365.jpg
1366,56.916667,,0,B,0.62506,0.30790,0.22315,0.01615,frames/frame_001366.jpg
1367,56.958333,,0,P,0.62743,0.30656,0.22222,0.01653,frames/frame_001367.jpg
1368,57.000000,,1,I,0.62683,0.30682,0.21903,0.01295,frames/frame_001368.jpg
1369,57.041667,,0,B,0.62647,0.30768,0.21754,0.00862,frames/frame_001369.jpg
1370,57.083333,,0,B,0.62526,0.30743,0.21747,0.01014,frames/frame_001370.jpg
1371,57.125000,,0,B,0.62101,0.30766,0.21959,0.02076,frames/frame_001371.jpg
1372,57.166667,,0,P,0.61501,0.31047,0.22334,0.03101,frames/frame_001372.jpg
1373,57.208333,,0,B,0.61369,0.31079,0.22858,0.03780,frames/frame_001373.jpg
1374,57.250000,,0,B,0.61743,0.30850,0.23318,0.01874,frames/frame_001374.jpg
1375,57.291667,,0,B,0.61948,0.30486,0.22873,0.03854,frames/frame_001375.jpg
1376,57.333333,,0,P,0.62117,0.30028,0.22601,0.04117,frames/frame_001376.jpg
1377,57.375000,,0,B,0.62211,0.29894,0.22918,0.02762,frames/frame_001377.jpg
1378,57.416667,,0,B,0.62223,0.30117,0.22865,0.01787,frames/frame_001378.jpg
1379,57.458333,,0,P,0.62306,0.30035,0.22958,0.02355,frames/frame_001379.jpg
1380,57.500000,,0,B,0.64335,0.28546,0.19764,0.13149,frames/frame_001380.jpg
1381,57.541667,,0,B,0.64454,0.28338,0.19491,0.01000,frames/frame_001381.jpg
1382,57.583333,,0,B,0.64807,0.28248,0.19226,0.01187,frames/frame_001382.jpg
1383,57.625000,,0,P,0.64835,0.28194,0.19196,0.00799,frames/frame_001383.jpg
1384,57.666667,,0,B,0.64903,0.28152,0.19153,0.00990,frames/frame_001384.jpg
1385,57.708333,,0,B,0.64871,0.28182,0.18988,0.00760,frames/frame_001385.jpg
1386,57.750000,,0,B,0.64961,0.28116,0.19128,0.00842,frames/frame_001386.jpg
1387,57.791667,,0,P,0.65069,0.28116,0.19195,0.00774,frames/frame_001387.jpg
1388,57.833333,,0,B,0.64906,0.28247,0.18884,0.01495,frames/frame_001388.jpg
1389,57.875000,,0,B,0.64804,0.28525,0.19186,0.02125,frames/frame_001389.jpg
1390,57.916667,,0,B,0.64712,0.28610,0.19060,0.01092,frames/frame_001390.jpg
1391,57.958333,,0,P,0.64597,0.28560,0.19099,0.02030,frames/frame_001391.jpg
1392,58.000000,,0,B,0.64626,0.28363,0.19216,0.02230,frames/frame_001392.jpg
1393,58.041667,,0,B,0.64662,0.28275,0.18978,0.01220,frames/frame_001393.jpg
1394,58.083333,,0,P,0.64719,0.28221,0.18812,0.01164,frames/frame_001394.jpg
1395,58.125000,,0,B,0.64732,0.28222,0.18875,0.01065,frames/frame_001395.jpg
1396,58.166667,,0,B,0.64450,0.28505,0.18878,0.02370,frames/frame_001396.jpg
1397,58.208333,,0,B,0.64500,0.28453,0.18963,0.01025,frames/frame_001397.jpg
1398,58.250000,,0,P,0.64565,0.28423,0.18794,0.01155,frames/frame_001398.jpg
1399,58.291667,,0,B,0.64664,0.28497,0.19215,0.01379,frames/frame_001399.jpg
1400,58.333333,,0,B,0.64496,0.28519,0.18594,0.03178,frames/frame_001400.jpg
1401,58.375000,,0,B,0.64903,0.28908,0.18703,0.04230,frames/frame_001401.jpg
1402,58.416667,,0,P,0.65064,0.29211,0.18646,0.05071,frames/frame_001402.jpg
1403,58.458333,,0,B,0.64975,0.29922,0.19015,0.05684,frames/frame_001403.jpg
1404,58.500000,,0,P,0.64490,0.31032,0.18773,0.06700,frames/frame_001404.jpg
1405,58.541667,,0,B,0.63711,0.32774,0.18110,0.07393,frames/frame_001405.jpg
1406,58.583333,,0,P,0.63323,0.34305,0.16516,0.07635,frames/frame_001406.jpg
1407,58.625000,,0,B,0.63440,0.35746,0.13363,0.07460,frames/frame_001407.jpg
1408,58.666667,,0,P,0.63930,0.36733,0.10348,0.06207,frames/frame_001408.jpg
1409,58.708333,,0,B,0.66274,0.35630,0.08492,0.04868,frames/frame_001409.jpg
1410,58.750000,,0,B,0.67270,0.35236,0.07789,0.03109,frames/frame_001410.jpg
1411,58.791667,,0,B,0.67839,0.35115,0.07130,0.02151,frames/frame_001411.jpg
1412,58.833333,,0,P,0.68345,0.34671,0.06493,0.01801,frames/frame_001412.jpg
1413,58.875000,,0,B,0.68921,0.34940,0.05816,0.01481,frames/frame_001413.jpg
1414,58.916667,,0,P,0.69264,0.34974,0.05295,0.00983,frames/frame_001414.jpg
1415,58.958333,,0,B,0.69275,0.34953,0.05272,0.00122,frames/frame_001415.jpg
1416,59.000000,,0,B,0.72653,0.30196,0.04825,0.04074,frames/frame_001416.jpg
1417,59.041667,,0,B,0.71608,0.30238,0.05426,0.01860,frames/frame_001417.jpg
1418,59.083333,,0,P,0.69892,0.31019,0.06725,0.02886,frames/frame_001418.jpg
1419,59.125000,,0,B,0.67758,0.33096,0.10015,0.04656,frames/frame_001419.jpg
1420,59.166667,,0,P,0.63964,0.37203,0.12303,0.07066,frames/frame_001420.jpg
1421,59.208333,,0,B,0.60587,0.37658,0.15530,0.06896,frames/frame_001421.jpg
1422,59.250000,,0,B,0.58628,0.40212,0.17061,0.08980,frames/frame_001422.jpg
1423,59.291667,,0,B,0.57000,0.40898,0.16312,0.03886,frames/frame_001423.jpg
1424,59.333333,,0,P,0.57630,0.39542,0.16533,0.03536,frames/frame_001424.jpg
1425,59.375000,,0,B,0.57239,0.39932,0.16476,0.01419,frames/frame_001425.jpg
1426,59.416667,,0,B,0.57626,0.39479,0.16506,0.04179,frames/frame_001426.jpg
1427,59.458333,,0,B,0.58087,0.37998,0.16633,0.04124,frames/frame_001427.jpg
1428,59.500000,,0,P,0.57727,0.41098,0.16168,0.05813,frames/frame_001428.jpg
1429,59.541667,,0,B,0.57682,0.41701,0.15788,0.04762,frames/frame_001429.jpg
1430,59.583333,,0,B,0.55465,0.43615,0.17152,0.05857,frames/frame_001430.jpg
1431,59.625000,,0,B,0.55322,0.43020,0.17322,0.03775,frames/frame_001431.jpg
1432,59.666667,,0,P,0.56950,0.41496,0.16803,0.05119,frames/frame_001432.jpg
1433,59.708333,,0,B,0.57208,0.40983,0.16879,0.02871,frames/frame_001433.jpg
1434,59.750000,,0,B,0.56020,0.43801,0.16331,0.05462,frames/frame_001434.jpg
1435,59.791667,,0,B,0.56345,0.43535,0.16414,0.02443,frames/frame_001435.jpg
1436,59.833333,,0,P,0.57876,0.39646,0.16671,0.04746,frames/frame_001436.jpg
1437,59.875000,,0,B,0.56605,0.39125,0.16872,0.03683,frames/frame_001437.jpg
1438,59.916667,,0,B,0.58238,0.38429,0.17031,0.04528,frames/frame_001438.jpg
1439,59.958333,,0,P,0.58066,0.38642,0.16404,0.02321,frames/frame_001439.jpg
1440,60.000000,,1,I,0.57781,0.38178,0.17217,0.05448,frames/frame_001440.jpg
1441,60.041667,,0,B,0.57032,0.38516,0.17158,0.02443,frames/frame_001441.jpg
1442,60.083333,,0,B,0.58126,0.41301,0.17484,0.05280,frames/frame_001442.jpg
1443,60.125000,,0,B,0.58634,0.40740,0.17592,0.04101,frames/frame_001443.jpg
1444,60.166667,,0,P,0.56435,0.43032,0.16938,0.06423,frames/frame_001444.jpg
1445,60.208333,,0,B,0.57070,0.42995,0.16043,0.04206,frames/frame_001445.jpg
1446,60.250000,,0,B,0.57778,0.40917,0.17710,0.06292,frames/frame_001446.jpg
1447,60.291667,,0,B,0.56873,0.41749,0.17476,0.03866,frames/frame_001447.jpg
1448,60.333333,,0,P,0.57612,0.41744,0.16970,0.05174,frames/frame_001448.jpg
1449,60.375000,,0,B,0.57008,0.42192,0.15934,0.03255,frames/frame_001449.jpg
1450,60.416667,,0,B,0.57709,0.37982,0.16569,0.05271,frames/frame_001450.jpg
1451,60.458333,,0,P,0.56446,0.38731,0.12158,0.15511,frames/frame_001451.jpg
1452,60.500000,,0,B,0.55192,0.44862,0.11883,0.05132,frames/frame_001452.jpg
1453,60.541667,,0,B,0.53205,0.41829,0.11765,0.05030,frames/frame_001453.jpg
1454,60.583333,,0,B,0.54613,0.42267,0.12153,0.04782,frames/frame_001454.jpg
1455,60.625000,,0,P,0.55025,0.39184,0.12677,0.04043,frames/frame_001455.jpg
1456,60.666667,,0,B,0.55428,0.40214,0.12625,0.04040,frames/frame_001456.jpg
1457,60.708333,,0,B,0.52893,0.41867,0.12093,0.03023,frames/frame_001457.jpg
1458,60.750000,,0,B,0.56797,0.43789,0.12605,0.05933,frames/frame_001458.jpg
1459,60.791667,,0,P,0.57069,0.43470,0.12777,0.01248,frames/frame_001459.jpg
1460,60.833333,,0,B,0.53882,0.45584,0.12219,0.05121,frames/frame_001460.jpg
1461,60.875000,,0,B,0.54812,0.41398,0.12203,0.04416,frames/frame_001461.jpg
1462,60.916667,,0,B,0.56145,0.40524,0.12723,0.04471,frames/frame_001462.jpg
1463,60.958333,,0,P,0.54329,0.41923,0.12596,0.04829,frames/frame_001463.jpg
1464,61.000000,,0,B,0.54434,0.43093,0.12667,0.05727,frames/frame_001464.jpg
1465,61.041667,,0,B,0.52156,0.45789,0.12161,0.03067,frames/frame_001465.jpg
1466,61.083333,,0,B,0.55615,0.44837,0.12835,0.05615,frames/frame_001466.jpg
1467,61.125000,,0,P,0.55464,0.45102,0.12754,0.01872,frames/frame_001467.jpg
1468,61.166667,,0,B,0.55579,0.40877,0.12865,0.05362,frames/frame_001468.jpg
1469,61.208333,,0,B,0.55774,0.40860,0.12769,0.01908,frames/frame_001469.jpg
1470,61.250000,,0,B,0.56255,0.44614,0.12650,0.04710,frames/frame_001470.jpg
1471,61.291667,,0,P,0.55432,0.45361,0.12418,0.02234,frames/frame_001471.jpg
1472,61.333333,,0,B,0.56937,0.42650,0.13262,0.06252,frames/frame_001472.jpg
1473,61.375000,,0,B,0.55661,0.41175,0.13073,0.04268,frames/frame_001473.jpg
1474,61.416667,,0,B,0.55067,0.43842,0.12941,0.05730,frames/frame_001474.jpg
1475,61.458333,,0,P,0.55513,0.43347,0.13218,0.01760,frames/frame_001475.jpg
1476,61.500000,,0,B,0.55876,0.43307,0.12852,0.04477,frames/frame_001476.jpg
1477,61.541667,,0,P,0.53556,0.45683,0.12313,0.04260,frames/frame_001477.jpg
1478,61.583333,,0,P,0.69905,0.30422,0.09664,0.17358,frames/frame_001478.jpg
1479,61.625000,,0,P,0.60396,0.37776,0.13152,0.10076,frames/frame_001479.jpg
1480,61.666667,,0,B,0.57223,0.43246,0.16311,0.09026,frames/frame_001480.jpg
1481,61.708333,,0,P,0.57883,0.42687,0.16586,0.06979,frames/frame_001481.jpg
1482,61.750000,,0,B,0.55483,0.41261,0.16061,0.06976,frames/frame_001482.jpg
1483,61.791667,,0,B,0.54995,0.41410,0.15977,0.04824,frames/frame_001483.jpg
1484,61.833333,,0,P,0.54344,0.43993,0.16060,0.07327,frames/frame_001484.jpg
1485,61.875000,,0,B,0.56686,0.41433,0.16665,0.06136,frames/frame_001485.jpg
1486,61.916667,,0,B,0.55363,0.43246,0.16198,0.05019,frames/frame_001486.jpg
1487,61.958333,,0,B,0.55188,0.43625,0.16264,0.03207,frames/frame_001487.jpg
1488,62.000000,,0,P,0.51719,0.43054,0.16254,0.06661,frames/frame_001488.jpg
1489,62.041667,,0,B,0.54877,0.43280,0.16317,0.05518,frames/frame_001489.jpg
1490,62.083333,,0,B,0.53548,0.42712,0.16086,0.04470,frames/frame_001490.jpg
1491,62.125000,,0,B,0.53991,0.42318,0.16477,0.02936,frames/frame_001491.jpg
1492,62.166667,,0,P,0.55373,0.44815,0.16576,0.05936,frames/frame_001492.jpg
1493,62.208333,,0,B,0.55760,0.42601,0.16491,0.04259,frames/frame_001493.jpg
1494,62.250000,,0,B,0.54835,0.40873,0.16900,0.04686,frames/frame_001494.jpg
1495,62.291667,,0,B,0.54010,0.41530,0.16624,0.04571,frames/frame_001495.jpg
1496,62.333333,,0,P,0.54175,0.39768,0.16286,0.06288,frames/frame_001496.jpg
1497,62.375000,,0,B,0.54919,0.39742,0.15918,0.03472,frames/frame_001497.jpg
1498,62.416667,,0,B,0.55619,0.42800,0.15671,0.04722,frames/frame_001498.jpg
1499,62.458333,,0,B,0.54453,0.42953,0.15047,0.02897,frames/frame_001499.jpg
1500,62.500000,,0,P,0.55039,0.46233,0.15042,0.05231,frames/frame_001500.jpg
1501,62.541667,,0,B,0.54428,0.42819,0.14348,0.06441,frames/frame_001501.jpg
1502,62.583333,,0,B,0.52876,0.43340,0.13984,0.05094,frames/frame_001502.jpg
1503,62.625000,,0,B,0.54037,0.42680,0.13986,0.02822,frames/frame_001503.jpg
1504,62.666667,,0,P,0.55594,0.42578,0.13411,0.05380,frames/frame_001504.jpg
1505,62.708333,,0,B,0.56919,0.41527,0.13969,0.02770,frames/frame_001505.jpg
1506,62.750000,,0,B,0.55115,0.41624,0.14084,0.04697,frames/frame_001506.jpg
1507,62.791667,,0,B,0.55358,0.41538,0.14214,0.01738,frames/frame_001507.jpg
1508,62.833333,,0,P,0.55489,0.42523,0.13815,0.04774,frames/frame_001508.jpg
1509,62.875000,,0,B,0.56400,0.44132,0.14043,0.05228,frames/frame_001509.jpg
1510,62.916667,,0,P,0.56588,0.38468,0.13597,0.05746,frames/frame_001510.jpg
1511,62.958333,,0,P,0.79537,0.17622,0.16849,0.26473,frames/frame_001511.jpg
1512,63.000000,,1,I,0.79733,0.17781,0.16993,0.01366,frames/frame_001512.jpg
1513,63.041667,,0,P,0.78994,0.17581,0.16921,0.01045,frames/frame_001513.jpg
1514,63.083333,,0,B,0.78813,0.17465,0.16335,0.01250,frames/frame_001514.jpg
1515,63.125000,,0,B,0.78882,0.17300,0.16844,0.00982,frames/frame_001515.jpg
1516,63.166667,,0,P,0.78730,0.17787,0.15395,0.01611,frames/frame_001516.jpg
1517,63.208333,,0,P,0.78404,0.18312,0.15233,0.03107,frames/frame_001517.jpg
1518,63.250000,,0,B,0.77609,0.19237,0.15677,0.04108,frames/frame_001518.jpg
1519,63.291667,,0,P,0.76578,0.20861,0.14226,0.04291,frames/frame_001519.jpg
1520,63.333333,,0,P,0.75578,0.22431,0.14920,0.06083,frames/frame_001520.jpg
1521,63.375000,,0,P,0.74763,0.24187,0.12453,0.07279,frames/frame_001521.jpg
1522,63.416667,,0,P,0.72193,0.27954,0.10246,0.06122,frames/frame_001522.jpg
1523,63.458333,,0,P,0.70043,0.30584,0.09776,0.05017,frames/frame_001523.jpg
1524,63.500000,,0,P,0.68119,0.32958,0.09205,0.04866,frames/frame_001524.jpg
1525,63.541667,,0,P,0.67999,0.33050,0.09435,0.03365,frames/frame_001525.jpg
1526,63.583333,,0,P,0.59352,0.33819,0.08757,0.09484,frames/frame_001526.jpg
1527,63.625000,,0,P,0.44599,0.34754,0.09094,0.17334,frames/frame_001527.jpg
1528,63.666667,,0,P,0.36527,0.41106,0.09050,0.16805,frames/frame_001528.jpg
1529,63.708333,,0,P,0.35854,0.42670,0.09101,0.12466,frames/frame_001529.jpg
1530,63.750000,,0,P,0.34220,0.44277,0.08630,0.11963,frames/frame_001530.jpg
1531,63.791667,,0,B,0.33402,0.45853,0.09081,0.09254,frames/frame_001531.jpg
1532,63.833333,,0,P,0.33896,0.45718,0.08938,0.06837,frames/frame_001532.jpg
1533,63.875000,,0,B,0.33838,0.45781,0.08838,0.04164,frames/frame_001533.jpg
1534,63.916667,,0,B,0.33319,0.46437,0.08817,0.04394,frames/frame_001534.jpg
1535,63.958333,,0,P,0.33331,0.46660,0.08634,0.03969,frames/frame_001535.jpg
1536,64.000000,,0,B,0.33759,0.46795,0.07862,0.05125,frames/frame_001536.jpg
1537,64.041667,,0,P,0.34124,0.46922,0.07694,0.04509,frames/frame_001537.jpg
1538,64.083333,,0,B,0.34273,0.46854,0.07980,0.05257,frames/frame_001538.jpg
1539,64.125000,,0,P,0.34192,0.46779,0.08182,0.03517,frames/frame_001539.jpg
1540,64.166667,,0,B,0.33634,0.47024,0.07700,0.03573,frames/frame_001540.jpg
1541,64.208333,,0,P,0.33559,0.47167,0.07817,0.01844,frames/frame_001541.jpg
1542,64.250000,,0,B,0.33994,0.46882,0.08135,0.02021,frames/frame_001542.jpg
1543,64.291667,,0,B,0.34051,0.46815,0.08194,0.00971,frames/frame_001543.jpg
1544,64.333333,,0,P,0.33746,0.47052,0.07565,0.02201,frames/frame_001544.jpg
1545,64.375000,,0,P,0.32608,0.47838,0.07179,0.04051,frames/frame_001545.jpg
1546,64.416667,,0,B,0.28625,0.49589,0.06501,0.06359,frames/frame_001546.jpg
1547,64.458333,,0,P,0.25734,0.50367,0.06425,0.04864,frames/frame_001547.jpg
1548,64.500000,,0,B,0.15249,0.52971,0.08892,0.14252,frames/frame_001548.jpg
1549,64.541667,,0,P,0.15322,0.52381,0.08813,0.03086,frames/frame_001549.jpg
1550,64.583333,,0,B,0.15530,0.52570,0.08812,0.03313,frames/frame_001550.jpg
1551,64.625000,,0,B,0.16196,0.51882,0.09890,0.03602,frames/frame_001551.jpg
1552,64.666667,,0,B,0.15991,0.52005,0.09984,0.03197,frames/frame_001552.jpg
1553,64.708333,,0,P,0.15664,0.51841,0.09672,0.03165,frames/frame_001553.jpg
1554,64.750000,,0,B,0.15628,0.52042,0.09569,0.03047,frames/frame_001554.jpg
1555,64.791667,,0,B,0.15778,0.51817,0.09692,0.03127,frames/frame_001555.jpg
1556,64.833333,,0,B,0.15936,0.51832,0.10038,0.03301,frames/frame_001556.jpg
1557,64.875000,,0,P,0.16115,0.51461,0.10182,0.03591,frames/frame_001557.jpg
1558,64.916667,,0,B,0.15878,0.51924,0.09259,0.03726,frames/frame_001558.jpg
1559,64.958333,,0,B,0.16055,0.52188,0.09107,0.03416,frames/frame_001559.jpg
1560,65.000000,,0,P,0.16198,0.51543,0.08811,0.03679,frames/frame_001560.jpg
1561,65.041667,,0,B,0.16205,0.52095,0.08517,0.03062,frames/frame_001561.jpg
1562,65.083333,,0,B,0.16776,0.51650,0.09582,0.03525,frames/frame_001562.jpg
1563,65.125000,,0,B,0.17094,0.51514,0.09937,0.03614,frames/frame_001563.jpg
1564,65.166667,,0,P,0.17591,0.50822,0.10500,0.04037,frames/frame_001564.jpg
1565,65.208333,,0,B,0.17934,0.50660,0.10789,0.04403,frames/frame_001565.jpg
1566,65.250000,,0,B,0.17884,0.50927,0.10715,0.04586,frames/frame_001566.jpg
1567,65.291667,,0,P,0.18198,0.50576,0.10845,0.04791,frames/frame_001567.jpg
1568,65.333333,,0,B,0.18141,0.50609,0.10892,0.04847,frames/frame_001568.jpg
1569,65.375000,,0,P,0.18154,0.50615,0.10895,0.04654,frames/frame_001569.jpg
1570,65.416667,,0,B,0.18409,0.50647,0.10818,0.04987,frames/frame_001570.jpg
1571,65.458333,,0,B,0.18346,0.50585,0.10536,0.04825,frames/frame_001571.jpg
1572,65.500000,,0,B,0.18729,0.50528,0.10625,0.04539,frames/frame_001572.jpg
1573,65.541667,,0,P,0.19169,0.49972,0.10942,0.05244,frames/frame_001573.jpg
1574,65.583333,,0,B,0.19420,0.50146,0.10978,0.05441,frames/frame_001574.jpg
1575,65.625000,,0,B,0.19408,0.50351,0.10860,0.04986,frames/frame_001575.jpg
1576,65.666667,,0,P,0.19634,0.49845,0.10030,0.05195,frames/frame_001576.jpg
1577,65.708333,,0,B,0.19741,0.49941,0.10060,0.04086,frames/frame_001577.jpg
1578,65.750000,,0,B,0.21297,0.49343,0.09966,0.05188,frames/frame_001578.jpg
1579,65.791667,,0,P,0.24724,0.46692,0.10140,0.06909,frames/frame_001579.jpg
1580,65.833333,,0,P,0.33753,0.39993,0.08815,0.11128,frames/frame_001580.jpg
1581,65.875000,,0,P,0.52196,0.29260,0.07814,0.18209,frames/frame_001581.jpg
1582,65.916667,,0,P,0.74647,0.15250,0.06659,0.20115,frames/frame_001582.jpg
1583,65.958333,,0,P,0.90557,0.13243,0.05614,0.13321,frames/frame_001583.jpg
1584,66.000000,,1,I,0.91806,0.14581,0.05472,0.01189,frames/frame_001584.jpg
1585,66.041667,,0,B,0.83255,0.08103,0.05984,0.07285,frames/frame_001585.jpg
1586,66.083333,,0,P,0.71579,0.07168,0.06882,0.11006,frames/frame_001586.jpg
1587,66.125000,,0,P,0.58695,0.15489,0.09574,0.14547,frames/frame_001587.jpg
1588,66.166667,,0,P,0.45433,0.20747,0.13247,0.14894,frames/frame_001588.jpg
1589,66.208333,,0,P,0.35251,0.25945,0.17276,0.14799,frames/frame_001589.jpg
1590,66.250000,,0,P,0.27998,0.29354,0.18679,0.13368,frames/frame_001590.jpg
1591,66.291667,,0,P,0.25535,0.32513,0.19125,0.10189,frames/frame_001591.jpg
1592,66.333333,,0,P,0.24519,0.34221,0.17831,0.09130,frames/frame_001592.jpg
1593,66.375000,,0,P,0.23338,0.36342,0.15760,0.07541,frames/frame_001593.jpg
1594,66.416667,,0,P,0.22262,0.38052,0.14298,0.06937,frames/frame_001594.jpg
1595,66.458333,,0,P,0.21194,0.39701,0.13840,0.05614,frames/frame_001595.jpg
1596,66.500000,,0,B,0.20375,0.41202,0.12273,0.05316,frames/frame_001596.jpg
1597,66.541667,,0,B,0.19499,0.42668,0.11130,0.03835,frames/frame_001597.jpg
1598,66.583333,,0,P,0.19288,0.43530,0.11128,0.04138,frames/frame_001598.jpg
1599,66.625000,,0,B,0.19171,0.44145,0.10658,0.02891,frames/frame_001599.jpg
1600,66.666667,,0,P,0.18955,0.44519,0.09764,0.02906,frames/frame_001600.jpg
1601,66.708333,,0,P,0.18612,0.45141,0.09275,0.02095,frames/frame_001601.jpg
1602,66.750000,,0,B,0.18399,0.45787,0.09609,0.02778,frames/frame_001602.jpg
1603,66.791667,,0,B,0.18161,0.45957,0.09462,0.01267,frames/frame_001603.jpg
1604,66.833333,,0,B,0.17876,0.46159,0.09409,0.01863,frames/frame_001604.jpg
1605,66.875000,,0,P,0.17766,0.46244,0.09229,0.00818,frames/frame_001605.jpg
1606,66.916667,,0,B,0.17920,0.46513,0.08952,0.01566,frames/frame_001606.jpg
1607,66.958333,,0,B,0.17833,0.46420,0.08992,0.00795,frames/frame_001607.jpg
1608,67.000000,,0,B,0.17828,0.46620,0.09303,0.01601,frames/frame_001608.jpg
1609,67.041667,,0,P,0.17754,0.46624,0.09217,0.00712,frames/frame_001609.jpg
1610,67.083333,,0,B,0.17787,0.46698,0.09000,0.01340,frames/frame_001610.jpg
1611,67.125000,,0,B,0.17816,0.46680,0.08961,0.00802,frames/frame_001611.jpg
1612,67.166667,,0,B,0.17794,0.46561,0.08921,0.01488,frames/frame_001612.jpg
1613,67.208333,,0,P,0.17693,0.46544,0.09196,0.01052,frames/frame_001613.jpg
1614,67.250000,,0,B,0.17480,0.46540,0.09078,0.01574,frames/frame_001614.jpg
1615,67.291667,,0,B,0.17611,0.46479,0.09054,0.00915,frames/frame_001615.jpg
1616,67.333333,,0,B,0.17882,0.46326,0.09199,0.01477,frames/frame_001616.jpg
1617,67.375000,,0,P,0.17649,0.46322,0.09193,0.00949,frames/frame_001617.jpg
1618,67.416667,,0,B,0.17683,0.46783,0.09141,0.01947,frames/frame_001618.jpg
1619,67.458333,,0,B,0.17633,0.46793,0.09231,0.00924,frames/frame_001619.jpg
1620,67.500000,,0,B,0.17822,0.46699,0.09087,0.01423,frames/frame_001620.jpg
1621,67.541667,,0,P,0.17847,0.46626,0.09220,0.01042,frames/frame_001621.jpg
1622,67.583333,,0,B,0.17747,0.46815,0.09211,0.01735,frames/frame_001622.jpg
1623,67.625000,,0,B,0.17852,0.46717,0.09396,0.01206,frames/frame_001623.jpg
1624,67.666667,,0,B,0.17696,0.46635,0.08946,0.02271,frames/frame_001624.jpg
1625,67.708333,,0,P,0.17604,0.46554,0.08880,0.01094,frames/frame_001625.jpg
1626,67.750000,,0,B,0.17557,0.46751,0.08792,0.02054,frames/frame_001626.jpg
1627,67.791667,,0,B,0.17550,0.46807,0.08968,0.01274,frames/frame_001627.jpg
1628,67.833333,,0,B,0.17532,0.46786,0.09145,0.01506,frames/frame_001628.jpg
1629,67.875000,,0,P,0.17369,0.46483,0.08832,0.01260,frames/frame_001629.jpg
1630,67.916667,,0,B,0.17554,0.46624,0.09219,0.02111,frames/frame_001630.jpg
1631,67.958333,,0,B,0.17573,0.46590,0.09163,0.01102,frames/frame_001631.jpg
1632,68.000000,,0,B,0.17536,0.46601,0.08937,0.02011,frames/frame_001632.jpg
1633,68.041667,,0,P,0.17473,0.46513,0.09006,0.01256,frames/frame_001633.jpg
1634,68.083333,,0,B,0.17517,0.46734,0.09222,0.02069,frames/frame_001634.jpg
1635,68.125000,,0,B,0.17485,0.46758,0.09021,0.01088,frames/frame_001635.jpg
1636,68.166667,,0,B,0.17417,0.46937,0.08939,0.01813,frames/frame_001636.jpg
1637,68.208333,,0,P,0.17492,0.46715,0.08829,0.01334,frames/frame_001637.jpg
1638,68.250000,,0,B,0.17841,0.46729,0.09186,0.02098,frames/frame_001638.jpg
1639,68.291667,,0,B,0.17769,0.46748,0.08945,0.01723,frames/frame_001639.jpg
1640,68.333333,,0,B,0.17806,0.46705,0.08995,0.02112,frames/frame_001640.jpg
1641,68.375000,,0,P,0.17760,0.46543,0.08974,0.01859,frames/frame_001641.jpg
1642,68.416667,,0,B,0.17234,0.47017,0.08522,0.04245,frames/frame_001642.jpg
1643,68.458333,,0,B,0.17070,0.47640,0.08420,0.04523,frames/frame_001643.jpg
1644,68.500000,,0,B,0.16763,0.47834,0.07854,0.03096,frames/frame_001644.jpg
1645,68.541667,,0,P,0.16605,0.47457,0.08134,0.03010,frames/frame_001645.jpg
1646,68.583333,,0,B,0.16550,0.47826,0.08282,0.02650,frames/frame_001646.jpg
1647,68.625000,,0,B,0.16552,0.47594,0.08073,0.01987,frames/frame_001647.jpg
1648,68.666667,,0,B,0.17072,0.47509,0.08377,0.02467,frames/frame_001648.jpg
1649,68.708333,,0,P,0.17025,0.47416,0.08150,0.01567,frames/frame_001649.jpg
1650,68.750000,,0,B,0.16833,0.47772,0.08227,0.03428,frames/frame_001650.jpg
1651,68.791667,,0,B,0.16824,0.47633,0.08565,0.02287,frames/frame_001651.jpg
1652,68.833333,,0,B,0.16981,0.47532,0.08030,0.03072,frames/frame_001652.jpg
1653,68.875000,,0,P,0.16961,0.47488,0.08242,0.01954,frames/frame_001653.jpg
1654,68.916667,,0,B,0.17183,0.47643,0.08596,0.02302,frames/frame_001654.jpg
1655,68.958333,,0,P,0.17064,0.47335,0.08743,0.01791,frames/frame_001655.jpg
1656,69.000000,,1,I,0.16722,0.47583,0.08516,0.02154,frames/frame_001656.jpg
1657,69.041667,,0,B,0.16930,0.47654,0.08556,0.02207,frames/frame_001657.jpg
1658,69.083333,,0,B,0.17062,0.47493,0.08628,0.02699,frames/frame_001658.jpg
1659,69.125000,,0,B,0.17039,0.47567,0.08524,0.01738,frames/frame_001659.jpg
1660,69.166667,,0,P,0.17014,0.47452,0.08461,0.02414,frames/frame_001660.jpg
1661,69.208333,,0,B,0.17089,0.47590,0.08283,0.01924,frames/frame_001661.jpg
1662,69.250000,,0,B,0.17012,0.47710,0.08595,0.02894,frames/frame_001662.jpg
1663,69.291667,,0,B,0.17180,0.47602,0.08458,0.01265,frames/frame_001663.jpg
1664,69.333333,,0,P,0.16778,0.47611,0.08139,0.02096,frames/frame_001664.jpg
1665,69.375000,,0,B,0.16819,0.47809,0.08321,0.01445,frames/frame_001665.jpg
1666,69.416667,,0,B,0.16873,0.47660,0.08321,0.02127,frames/frame_001666.jpg
1667,69.458333,,0,B,0.16911,0.47685,0.08475,0.01312,frames/frame_001667.jpg
1668,69.500000,,0,P,0.16767,0.47563,0.08719,0.01850,frames/frame_001668.jpg
1669,69.541667,,0,B,0.16801,0.47685,0.08455,0.01956,frames/frame_001669.jpg
1670,69.583333,,0,B,0.17111,0.47687,0.08655,0.02132,frames/frame_001670.jpg
1671,69.625000,,0,B,0.17033,0.47666,0.08605,0.01796,frames/frame_001671.jpg
1672,69.666667,,0,P,0.16745,0.47670,0.08353,0.02113,frames/frame_001672.jpg
1673,69.708333,,0,B,0.16792,0.47583,0.08494,0.01293,frames/frame_001673.jpg
1674,69.750000,,0,B,0.17112,0.47629,0.08437,0.02491,frames/frame_001674.jpg
1675,69.791667,,0,B,0.17525,0.47338,0.08635,0.02417,frames/frame_001675.jpg
1676,69.833333,,0,P,0.17551,0.47197,0.08739,0.02274,frames/frame_001676.jpg
1677,69.875000,,0,P,0.17578,0.46815,0.08971,0.03017,frames/frame_001677.jpg
1678,69.916667,,0,P,0.17371,0.46706,0.09398,0.07624,frames/frame_001678.jpg
1679,69.958333,,0,P,0.15234,0.48536,0.08108,0.07824,frames/frame_001679.jpg
1680,70.000000,,0,P,0.35789,0.50038,0.10131,0.25546,frames/frame_001680.jpg
1681,70.041667,,0,P,0.44898,0.39524,0.12039,0.16800,frames/frame_001681.jpg
1682,70.083333,,0,P,0.50721,0.33533,0.13388,0.16955,frames/frame_001682.jpg
1683,70.125000,,0,P,0.55544,0.29050,0.16008,0.15253,frames/frame_001683.jpg
1684,70.166667,,0,P,0.57273,0.27011,0.16242,0.09778,frames/frame_001684.jpg
1685,70.208333,,0,P,0.57955,0.25979,0.16299,0.06082,frames/frame_001685.jpg
1686,70.250000,,0,B,0.58268,0.25829,0.16512,0.03372,frames/frame_001686.jpg
1687,70.291667,,0,B,0.58624,0.25672,0.16322,0.01941,frames/frame_001687.jpg
1688,70.333333,,0,B,0.58889,0.25427,0.16395,0.02199,frames/frame_001688.jpg
1689,70.375000,,0,P,0.59281,0.25152,0.16217,0.02140,frames/frame_001689.jpg
1690,70.416667,,0,B,0.59821,0.24547,0.15622,0.01834,frames/frame_001690.jpg
1691,70.458333,,0,B,0.60126,0.24127,0.16204,0.04045,frames/frame_001691.jpg
1692,70.500000,,0,B,0.60239,0.24694,0.15657,0.02645,frames/frame_001692.jpg
1693,70.541667,,0,P,0.60289,0.24987,0.16000,0.01741,frames/frame_001693.jpg
1694,70.583333,,0,B,0.59944,0.25128,0.15936,0.02320,frames/frame_001694.jpg
1695,70.625000,,0,B,0.59926,0.24896,0.16012,0.01567,frames/frame_001695.jpg
1696,70.666667,,0,B,0.59779,0.24892,0.16538,0.01901,frames/frame_001696.jpg
1697,70.708333,,0,P,0.59852,0.24612,0.15893,0.02155,frames/frame_001697.jpg
1698,70.750000,,0,B,0.59936,0.24585,0.16207,0.01848,frames/frame_001698.jpg
1699,70.791667,,0,B,0.59895,0.24677,0.16270,0.01336,frames/frame_001699.jpg
1700,70.833333,,0,B,0.59677,0.25050,0.16569,0.01650,frames/frame_001700.jpg
1701,70.875000,,0,P,0.59466,0.25381,0.16751,0.01388,frames/frame_001701.jpg
1702,70.916667,,0,B,0.59515,0.25542,0.16889,0.01783,frames/frame_001702.jpg
1703,70.958333,,0,B,0.59299,0.25432,0.16696,0.01459,frames/frame_001703.jpg
1704,71.000000,,0,B,0.59115,0.25414,0.16858,0.01428,frames/frame_001704.jpg
1705,71.041667,,0,P,0.59004,0.25254,0.16837,0.00817,frames/frame_001705.jpg
1706,71.083333,,0,B,0.58952,0.25189,0.16839,0.00978,frames/frame_001706.jpg
1707,71.125000,,0,B,0.58996,0.25390,0.16831,0.00738,frames/frame_001707.jpg
1708,71.166667,,0,B,0.59250,0.25363,0.17041,0.01271,frames/frame_001708.jpg
1709,71.208333,,0,P,0.59267,0.25270,0.17030,0.00584,frames/frame_001709.jpg
1710,71.250000,,0,B,0.59155,0.25276,0.16965,0.00881,frames/frame_001710.jpg
1711,71.291667,,0,B,0.59046,0.25223,0.17054,0.00767,frames/frame_001711.jpg
1712,71.333333,,0,B,0.59096,0.25183,0.16927,0.00863,frames/frame_001712.jpg
1713,71.375000,,0,P,0.59076,0.25294,0.17157,0.00855,frames/frame_001713.jpg
1714,71.416667,,0,B,0.58945,0.25290,0.17186,0.01338,frames/frame_001714.jpg
1715,71.458333,,0,B,0.58991,0.25355,0.17119,0.01922,frames/frame_001715.jpg
1716,71.500000,,0,B,0.58875,0.25332,0.17138,0.02907,frames/frame_001716.jpg
1717,71.541667,,0,P,0.58917,0.25367,0.17365,0.03733,frames/frame_001717.jpg
1718,71.583333,,0,P,0.59026,0.25510,0.17104,0.04902,frames/frame_001718.jpg
1719,71.625000,,0,P,0.59065,0.25677,0.16879,0.04936,frames/frame_001719.jpg
1720,71.666667,,0,P,0.59230,0.25744,0.16663,0.05565,frames/frame_001720.jpg
1721,71.708333,,0,B,0.58804,0.25814,0.16614,0.05994,frames/frame_001721.jpg
1722,71.750000,,0,B,0.58805,0.25740,0.16305,0.05927,frames/frame_001722.jpg
1723,71.791667,,0,B,0.58942,0.25366,0.16061,0.05749,frames/frame_001723.jpg
1724,71.833333,,0,P,0.59178,0.24792,0.15327,0.04862,frames/frame_001724.jpg
1725,71.875000,,0,B,0.59617,0.24620,0.14420,0.04463,frames/frame_001725.jpg
1726,71.916667,,0,P,0.59463,0.24440,0.14293,0.04316,frames/frame_001726.jpg
1727,71.958333,,0,P,0.58533,0.24362,0.14600,0.05015,frames/frame_001727.jpg
1728,72.000000,,1,I,0.58172,0.24007,0.14837,0.05037,frames/frame_001728.jpg
1729,72.041667,,0,P,0.57847,0.24189,0.15084,0.04573,frames/frame_001729.jpg
1730,72.083333,,0,P,0.57351,0.24219,0.15305,0.04146,frames/frame_001730.jpg
1731,72.125000,,0,B,0.57174,0.24440,0.15357,0.03707,frames/frame_001731.jpg
1732,72.166667,,0,B,0.57102,0.24189,0.15211,0.03371,frames/frame_001732.jpg
1733,72.208333,,0,P,0.56908,0.24503,0.15197,0.02471,frames/frame_001733.jpg
1734,72.250000,,0,B,0.56917,0.24568,0.15368,0.02013,frames/frame_001734.jpg
1735,72.291667,,0,B,0.56863,0.24481,0.15346,0.01514,frames/frame_001735.jpg
1736,72.333333,,0,B,0.56714,0.24434,0.15571,0.01151,frames/frame_001736.jpg
1737,72.375000,,0,P,0.56648,0.24624,0.15494,0.01036,frames/frame_001737.jpg
1738,72.416667,,0,B,0.56676,0.24605,0.15634,0.00763,frames/frame_001738.jpg
1739,72.458333,,0,B,0.56715,0.24440,0.15585,0.00411,frames/frame_001739.jpg
1740,72.500000,,0,B,0.56806,0.24383,0.15675,0.00556,frames/frame_001740.jpg
1741,72.541667,,0,P,0.56756,0.24441,0.15649,0.00525,frames/frame_001741.jpg
1742,72.583333,,0,B,0.56713,0.24600,0.15398,0.00725,frames/frame_001742.jpg
1743,72.625000,,0,B,0.56725,0.24477,0.15328,0.00488,frames/frame_001743.jpg
1744,72.666667,,0,B,0.56577,0.24640,0.15456,0.00675,frames/frame_001744.jpg
1745,72.708333,,0,P,0.56682,0.24737,0.15503,0.00545,frames/frame_001745.jpg
1746,72.750000,,0,B,0.54765,0.26768,0.15734,0.04048,frames/frame_001746.jpg
1747,72.791667,,0,B,0.52926,0.37416,0.11872,0.09206,frames/frame_001747.jpg
1748,72.833333,,0,B,0.50013,0.47145,0.07344,0.09167,frames/frame_001748.jpg
1749,72.875000,,0,P,0.48890,0.51974,0.05559,0.05182,frames/frame_001749.jpg
1750,72.916667,,0,B,0.49208,0.51734,0.05724,0.01998,frames/frame_001750.jpg
1751,72.958333,,0,B,0.49094,0.51941,0.05852,0.01890,frames/frame_001751.jpg
1752,73.000000,,0,B,0.49047,0.52103,0.05056,0.01894,frames/frame_001752.jpg
1753,73.041667,,0,P,0.48244,0.51841,0.05391,0.02429,frames/frame_001753.jpg
1754,73.083333,,0,B,0.48357,0.51040,0.06205,0.02689,frames/frame_001754.jpg
1755,73.125000,,0,B,0.52545,0.46828,0.08474,0.06930,frames/frame_001755.jpg
1756,73.166667,,0,P,0.58842,0.40887,0.12287,0.09546,frames/frame_001756.jpg
1757,73.208333,,0,B,0.64327,0.36092,0.16043,0.08685,frames/frame_001757.jpg
1758,73.250000,,0,B,0.68164,0.33092,0.17785,0.06911,frames/frame_001758.jpg
1759,73.291667,,0,B,0.67902,0.33369,0.18015,0.03152,frames/frame_001759.jpg
1760,73.333333,,0,P,0.67600,0.33616,0.18320,0.04100,frames/frame_001760.jpg
1761,73.375000,,0,P,0.67257,0.34045,0.18723,0.04605,frames/frame_001761.jpg
1762,73.416667,,0,B,0.67118,0.34290,0.19375,0.05311,frames/frame_001762.jpg
1763,73.458333,,0,P,0.66718,0.34573,0.19372,0.05379,frames/frame_001763.jpg
1764,73.500000,,0,P,0.66591,0.34490,0.20045,0.06067,frames/frame_001764.jpg
1765,73.541667,,0,P,0.66508,0.34885,0.19844,0.06168,frames/frame_001765.jpg
1766,73.583333,,0,B,0.66514,0.34605,0.19411,0.06194,frames/frame_001766.jpg
1767,73.625000,,0,B,0.66722,0.34655,0.18937,0.05924,frames/frame_001767.jpg
1768,73.666667,,0,P,0.66985,0.34704,0.18553,0.05896,frames/frame_001768.jpg
1769,73.708333,,0,P,0.67179,0.35134,0.18485,0.05652,frames/frame_001769.jpg
1770,73.750000,,0,P,0.67430,0.35218,0.18839,0.05556,frames/frame_001770.jpg
1771,73.791667,,0,P,0.67348,0.35339,0.18521,0.04807,frames/frame_001771.jpg
1772,73.833333,,0,B,0.67487,0.35281,0.18487,0.04478,frames/frame_001772.jpg
1773,73.875000,,0,B,0.67295,0.35429,0.18386,0.04018,frames/frame_001773.jpg
1774,73.916667,,0,B,0.67182,0.35063,0.19152,0.03912,frames/frame_001774.jpg
1775,73.958333,,0,P,0.67274,0.35005,0.19030,0.03016,frames/frame_001775.jpg
1776,74.000000,,0,B,0.67501,0.34815,0.18482,0.01850,frames/frame_001776.jpg
1777,74.041667,,0,B,0.67519,0.34590,0.18123,0.01202,frames/frame_001777.jpg
1778,74.083333,,0,B,0.67515,0.34874,0.18244,0.01644,frames/frame_001778.jpg
1779,74.125000,,0,P,0.67453,0.34856,0.18122,0.00771,frames/frame_001779.jpg
1780,74.166667,,0,B,0.67691,0.34515,0.18163,0.00818,frames/frame_001780.jpg
1781,74.208333,,0,B,0.67637,0.34610,0.18419,0.00665,frames/frame_001781.jpg
1782,74.250000,,0,B,0.67522,0.34656,0.17963,0.00727,frames/frame_001782.jpg
1783,74.291667,,0,P,0.67464,0.34686,0.17900,0.00397,frames/frame_001783.jpg
1784,74.333333,,0,B,0.67356,0.35147,0.17469,0.01087,frames/frame_001784.jpg
1785,74.375000,,0,B,0.67324,0.35154,0.17416,0.00529,frames/frame_001785.jpg
1786,74.416667,,0,B,0.67670,0.34288,0.18025,0.01257,frames/frame_001786.jpg
1787,74.458333,,0,P,0.67664,0.34288,0.18093,0.00571,frames/frame_001787.jpg
1788,74.500000,,0,B,0.67709,0.34291,0.18225,0.01600,frames/frame_001788.jpg
1789,74.541667,,0,B,0.67730,0.34112,0.17967,0.02730,frames/frame_001789.jpg
1790,74.583333,,0,P,0.67679,0.34109,0.18226,0.03454,frames/frame_001790.jpg
1791,74.625000,,0,P,0.67596,0.34301,0.18224,0.03641,frames/frame_001791.jpg
1792,74.666667,,0,P,0.67463,0.34578,0.18561,0.04186,frames/frame_001792.jpg
1793,74.708333,,0,P,0.67181,0.34666,0.19133,0.04714,frames/frame_001793.jpg
1794,74.750000,,0,B,0.66751,0.34743,0.19970,0.05368,frames/frame_001794.jpg
1795,74.791667,,0,P,0.66328,0.34401,0.20952,0.05716,frames/frame_001795.jpg
1796,74.833333,,0,P,0.66130,0.34396,0.21348,0.05995,frames/frame_001796.jpg
1797,74.875000,,0,B,0.65999,0.34106,0.21216,0.06036,frames/frame_001797.jpg
1798,74.916667,,0,P,0.66028,0.33969,0.22068,0.06285,frames/frame_001798.jpg
1799,74.958333,,0,P,0.66116,0.34141,0.21543,0.06248,frames/frame_001799.jpg
1800,75.000000,,1,I,0.65412,0.34496,0.20502,0.06371,frames/frame_001800.jpg
1801,75.041667,,0,P,0.65842,0.34590,0.20612,0.05562,frames/frame_001801.jpg
1802,75.083333,,0,P,0.66665,0.33878,0.20855,0.05834,frames/frame_001802.jpg
1803,75.125000,,0,P,0.66701,0.33753,0.20938,0.05322,frames/frame_001803.jpg
1804,75.166667,,0,P,0.66555,0.33941,0.20681,0.04843,frames/frame_001804.jpg
1805,75.208333,,0,P,0.66740,0.33962,0.20539,0.03957,frames/frame_001805.jpg
1806,75.250000,,0,B,0.66968,0.33761,0.20789,0.03859,frames/frame_001806.jpg
1807,75.291667,,0,B,0.67142,0.33826,0.20466,0.02434,frames/frame_001807.jpg
1808,75.333333,,0,B,0.67123,0.33992,0.19718,0.01718,frames/frame_001808.jpg
1809,75.375000,,0,P,0.67188,0.34098,0.19219,0.01323,frames/frame_001809.jpg
1810,75.416667,,0,B,0.67725,0.33716,0.19229,0.01707,frames/frame_001810.jpg
1811,75.458333,,0,B,0.67737,0.33650,0.19337,0.01564,frames/frame_001811.jpg
1812,75.500000,,0,B,0.67414,0.33892,0.19505,0.01533,frames/frame_001812.jpg
1813,75.541667,,0,P,0.67206,0.34084,0.19571,0.01013,frames/frame_001813.jpg
1814,75.583333,,0,B,0.66965,0.34187,0.18965,0.02502,frames/frame_001814.jpg
1815,75.625000,,0,P,0.66824,0.34397,0.19691,0.04351,frames/frame_001815.jpg
1816,75.666667,,0,P,0.67082,0.34328,0.19667,0.05740,frames/frame_001816.jpg
1817,75.708333,,0,P,0.67072,0.34341,0.18335,0.05892,frames/frame_001817.jpg
1818,75.750000,,0,P,0.67493,0.34174,0.17431,0.06100,frames/frame_001818.jpg
1819,75.791667,,0,P,0.67956,0.34140,0.17271,0.05503,frames/frame_001819.jpg
1820,75.833333,,0,B,0.68144,0.33916,0.17399,0.05217,frames/frame_001820.jpg
1821,75.875000,,0,P,0.68358,0.33627,0.16820,0.04255,frames/frame_001821.jpg
1822,75.916667,,0,B,0.68749,0.33394,0.16965,0.03298,frames/frame_001822.jpg
1823,75.958333,,0,B,0.68757,0.33308,0.16642,0.01714,frames/frame_001823.jpg
1824,76.000000,,0,B,0.68570,0.33695,0.16715,0.01237,frames/frame_001824.jpg
1825,76.041667,,0,P,0.68412,0.33962,0.17003,0.00733,frames/frame_001825.jpg
1826,76.083333,,0,B,0.68272,0.34082,0.17065,0.01179,frames/frame_001826.jpg
1827,76.125000,,0,B,0.68447,0.34433,0.17336,0.01517,frames/frame_001827.jpg
1828,76.166667,,0,B,0.68436,0.34229,0.17174,0.01695,frames/frame_001828.jpg
1829,76.208333,,0,P,0.68368,0.34278,0.16930,0.01226,frames/frame_001829.jpg
1830,76.250000,,0,B,0.68509,0.33938,0.17145,0.01253,frames/frame_001830.jpg
1831,76.291667,,0,B,0.68398,0.34041,0.17188,0.00996,frames/frame_001831.jpg
1832,76.333333,,0,B,0.68614,0.34066,0.17274,0.01356,frames/frame_001832.jpg
1833,76.375000,,0,P,0.68583,0.34015,0.16907,0.01894,frames/frame_001833.jpg
1834,76.416667,,0,B,0.68543,0.33978,0.16465,0.01448,frames/frame_001834.jpg
1835,76.458333,,0,B,0.68574,0.33844,0.16379,0.01005,frames/frame_001835.jpg
1836,76.500000,,0,B,0.68673,0.33662,0.16304,0.01102,frames/frame_001836.jpg
1837,76.541667,,0,P,0.68681,0.33763,0.16293,0.00938,frames/frame_001837.jpg
1838,76.583333,,0,B,0.68626,0.33038,0.16997,0.02408,frames/frame_001838.jpg
1839,76.625000,,0,B,0.68663,0.33214,0.17165,0.01567,frames/frame_001839.jpg
1840,76.666667,,0,B,0.67952,0.34020,0.16429,0.01953,frames/frame_001840.jpg
1841,76.708333,,0,P,0.67706,0.34233,0.16773,0.00890,frames/frame_001841.jpg
1842,76.750000,,0,B,0.68346,0.33519,0.17596,0.01571,frames/frame_001842.jpg
1843,76.791667,,0,B,0.68263,0.33582,0.17973,0.01043,frames/frame_001843.jpg
1844,76.833333,,0,B,0.68222,0.33412,0.17871,0.01972,frames/frame_001844.jpg
1845,76.875000,,0,P,0.68286,0.33255,0.17680,0.01455,frames/frame_001845.jpg
1846,76.916667,,0,B,0.68388,0.33281,0.17662,0.01287,frames/frame_001846.jpg
1847,76.958333,,0,B,0.68155,0.33431,0.17871,0.00932,frames/frame_001847.jpg
1848,77.000000,,0,B,0.67920,0.33653,0.17640,0.01360,frames/frame_001848.jpg
1849,77.041667,,0,P,0.67885,0.33658,0.17583,0.01775,frames/frame_001849.jpg
1850,77.083333,,0,B,0.68173,0.33194,0.17483,0.01956,frames/frame_001850.jpg
1851,77.125000,,0,B,0.68263,0.33052,0.17245,0.01115,frames/frame_001851.jpg
1852,77.166667,,0,B,0.68374,0.33373,0.17151,0.01112,frames/frame_001852.jpg
1853,77.208333,,0,P,0.68325,0.33438,0.16837,0.01052,frames/frame_001853.jpg
1854,77.250000,,0,B,0.68385,0.33152,0.16713,0.01725,frames/frame_001854.jpg
1855,77.291667,,0,B,0.68502,0.33325,0.17063,0.02238,frames/frame_001855.jpg
1856,77.333333,,0,B,0.69232,0.33332,0.14337,0.04088,frames/frame_001856.jpg
1857,77.375000,,0,P,0.71246,0.33762,0.13106,0.07029,frames/frame_001857.jpg
1858,77.416667,,0,B,0.73876,0.34731,0.11879,0.07237,frames/frame_001858.jpg
1859,77.458333,,0,P,0.77396,0.31971,0.11012,0.06237,frames/frame_001859.jpg
1860,77.500000,,0,P,0.78958,0.31034,0.11174,0.06263,frames/frame_001860.jpg
1861,77.541667,,0,P,0.71410,0.28203,0.10074,0.10330,frames/frame_001861.jpg
1862,77.583333,,0,P,0.64216,0.31915,0.11784,0.10629,frames/frame_001862.jpg
1863,77.625000,,0,P,0.61106,0.33998,0.14329,0.09237,frames/frame_001863.jpg
1864,77.666667,,0,P,0.60775,0.33879,0.15443,0.06375,frames/frame_001864.jpg
1865,77.708333,,0,P,0.60636,0.34014,0.15529,0.03863,frames/frame_001865.jpg
1866,77.750000,,0,B,0.60633,0.33978,0.15312,0.01672,frames/frame_001866.jpg
1867,77.791667,,0,B,0.60569,0.34042,0.15308,0.00959,frames/frame_001867.jpg
1868,77.833333,,0,B,0.60733,0.33919,0.15424,0.01182,frames/frame_001868.jpg
1869,77.875000,,0,P,0.60731,0.33901,0.15484,0.00896,frames/frame_001869.jpg
1870,77.916667,,0,B,0.60558,0.34030,0.15301,0.01160,frames/frame_001870.jpg
1871,77.958333,,0,P,0.60485,0.34079,0.15254,0.00720,frames/frame_001871.jpg
1872,78.000000,,1,I,0.60526,0.34306,0.15428,0.01307,frames/frame_001872.jpg
1873,78.041667,,0,B,0.60595,0.34194,0.15492,0.00694,frames/frame_001873.jpg
1874,78.083333,,0,B,0.60474,0.34132,0.15673,0.00815,frames/frame_001874.jpg
1875,78.125000,,0,B,0.60518,0.34062,0.15541,0.00703,frames/frame_001875.jpg
1876,78.166667,,0,P,0.60519,0.34123,0.15665,0.00974,frames/frame_001876.jpg
1877,78.208333,,0,B,0.60586,0.34002,0.15722,0.00630,frames/frame_001877.jpg
1878,78.250000,,0,B,0.60538,0.34040,0.15746,0.00890,frames/frame_001878.jpg
1879,78.291667,,0,B,0.60559,0.34030,0.15768,0.00603,frames/frame_001879.jpg
1880,78.333333,,0,P,0.60209,0.34155,0.15748,0.01015,frames/frame_001880.jpg
1881,78.375000,,0,B,0.60263,0.34135,0.15839,0.00792,frames/frame_001881.jpg
1882,78.416667,,0,B,0.60526,0.34139,0.15731,0.00993,frames/frame_001882.jpg
1883,78.458333,,0,B,0.60583,0.34056,0.15500,0.00770,frames/frame_001883.jpg
1884,78.500000,,0,P,0.60382,0.34310,0.15610,0.01130,frames/frame_001884.jpg
1885,78.541667,,0,B,0.60399,0.34229,0.15610,0.00695,frames/frame_001885.jpg
1886,78.583333,,0,B,0.60340,0.34194,0.15766,0.01171,frames/frame_001886.jpg
1887,78.625000,,0,B,0.60436,0.34138,0.15895,0.00958,frames/frame_001887.jpg
1888,78.666667,,0,P,0.60503,0.34092,0.15899,0.01288,frames/frame_001888.jpg
1889,78.708333,,0,B,0.60564,0.33973,0.15633,0.00955,frames/frame_001889.jpg
1890,78.750000,,0,B,0.60578,0.34057,0.15843,0.01116,frames/frame_001890.jpg
1891,78.791667,,0,B,0.60592,0.34121,0.16056,0.00834,frames/frame_001891.jpg
1892,78.833333,,0,P,0.60604,0.34092,0.15650,0.01135,frames/frame_001892.jpg
1893,78.875000,,0,B,0.60671,0.34045,0.15587,0.00773,frames/frame_001893.jpg
1894,78.916667,,0,B,0.60429,0.34278,0.15763,0.01105,frames/frame_001894.jpg
1895,78.958333,,0,B,0.60504,0.34083,0.15670,0.00803,frames/frame_001895.jpg
1896,79.000000,,0,P,0.60576,0.33915,0.15677,0.01026,frames/frame_001896.jpg
1897,79.041667,,0,B,0.60610,0.33563,0.15517,0.00635,frames/frame_001897.jpg
1898,79.083333,,0,B,0.60451,0.33778,0.15549,0.01051,frames/frame_001898.jpg
1899,79.125000,,0,B,0.60496,0.33691,0.15475,0.00476,frames/frame_001899.jpg
1900,79.166667,,0,P,0.60336,0.33710,0.15451,0.00782,frames/frame_001900.jpg
1901,79.208333,,0,B,0.60358,0.33178,0.15539,0.00704,frames/frame_001901.jpg
1902,79.250000,,0,B,0.60264,0.33162,0.15523,0.00801,frames/frame_001902.jpg
1903,79.291667,,0,B,0.60327,0.32803,0.15422,0.00655,frames/frame_001903.jpg
1904,79.333333,,0,P,0.60100,0.32881,0.15750,0.01192,frames/frame_001904.jpg
1905,79.375000,,0,B,0.60112,0.32349,0.15757,0.01411,frames/frame_001905.jpg
1906,79.416667,,0,B,0.60013,0.32247,0.15879,0.01320,frames/frame_001906.jpg
1907,79.458333,,0,B,0.60102,0.31944,0.15658,0.01785,frames/frame_001907.jpg
1908,79.500000,,0,P,0.60038,0.31814,0.15899,0.01520,frames/frame_001908.jpg
1909,79.541667,,0,B,0.59795,0.31702,0.16121,0.01813,frames/frame_001909.jpg
1910,79.583333,,0,B,0.59646,0.31310,0.16814,0.02563,frames/frame_001910.jpg
1911,79.625000,,0,B,0.59746,0.30892,0.16687,0.01846,frames/frame_001911.jpg
1912,79.666667,,0,P,0.59408,0.30857,0.16452,0.01865,frames/frame_001912.jpg
1913,79.708333,,0,B,0.59455,0.30696,0.16450,0.00807,frames/frame_001913.jpg
1914,79.750000,,0,B,0.59625,0.30668,0.16786,0.01112,frames/frame_001914.jpg
1915,79.791667,,0,B,0.59580,0.30593,0.16748,0.00847,frames/frame_001915.jpg
1916,79.833333,,0,P,0.59388,0.30659,0.16277,0.01127,frames/frame_001916.jpg
1917,79.875000,,0,B,0.59229,0.30591,0.16289,0.01136,frames/frame_001917.jpg
1918,79.916667,,0,B,0.59256,0.30705,0.15901,0.01347,frames/frame_001918.jpg
1919,79.958333,,0,B,0.59195,0.30578,0.15970,0.01112,frames/frame_001919.jpg
1920,80.000000,,0,P,0.59274,0.30511,0.16474,0.01263,frames/frame_001920.jpg
1921,80.041667,,0,B,0.59506,0.30417,0.16732,0.01517,frames/frame_001921.jpg
1922,80.083333,,0,B,0.59732,0.30407,0.16507,0.02158,frames/frame_001922.jpg
1923,80.125000,,0,B,0.61148,0.30094,0.16135,0.02563,frames/frame_001923.jpg
1924,80.166667,,0,P,0.63897,0.29390,0.15963,0.03987,frames/frame_001924.jpg
1925,80.208333,,0,B,0.67833,0.27923,0.14628,0.05002,frames/frame_001925.jpg
1926,80.250000,,0,B,0.69260,0.27195,0.14778,0.03090,frames/frame_001926.jpg
1927,80.291667,,0,B,0.69354,0.27035,0.14423,0.01058,frames/frame_001927.jpg
1928,80.333333,,0,P,0.69538,0.27190,0.14134,0.01194,frames/frame_001928.jpg
1929,80.375000,,0,B,0.69681,0.27090,0.14289,0.00767,frames/frame_001929.jpg
1930,80.416667,,0,B,0.69597,0.27045,0.14090,0.00983,frames/frame_001930.jpg
1931,80.458333,,0,B,0.69630,0.27144,0.14274,0.00886,frames/frame_001931.jpg
1932,80.500000,,0,P,0.69726,0.27123,0.14099,0.01111,frames/frame_001932.jpg
1933,80.541667,,0,B,0.70024,0.27341,0.14159,0.01200,frames/frame_001933.jpg
1934,80.583333,,0,B,0.70117,0.27209,0.14615,0.02830,frames/frame_001934.jpg
1935,80.625000,,0,P,0.70945,0.26671,0.14206,0.03942,frames/frame_001935.jpg
1936,80.666667,,0,B,0.71715,0.25434,0.15339,0.04949,frames/frame_001936.jpg
1937,80.708333,,0,B,0.72751,0.24010,0.15028,0.05574,frames/frame_001937.jpg
1938,80.750000,,0,P,0.74444,0.22506,0.14234,0.05849,frames/frame_001938.jpg
1939,80.791667,,0,B,0.76030,0.21236,0.14387,0.05644,frames/frame_001939.jpg
1940,80.833333,,0,B,0.76755,0.20450,0.13614,0.04985,frames/frame_001940.jpg
1941,80.875000,,0,B,0.78129,0.19784,0.12955,0.04647,frames/frame_001941.jpg
1942,80.916667,,0,P,0.79049,0.19797,0.11623,0.04186,frames/frame_001942.jpg
1943,80.958333,,0,P,0.80756,0.19712,0.10514,0.03586,frames/frame_001943.jpg
1944,81.000000,,1,I,0.65243,0.42240,0.10324,0.18987,frames/frame_001944.jpg
1945,81.041667,,0,P,0.61817,0.37248,0.09171,0.04134,frames/frame_001945.jpg
1946,81.083333,,0,B,0.61513,0.35512,0.08397,0.03302,frames/frame_001946.jpg
1947,81.125000,,0,B,0.60943,0.35949,0.08523,0.00962,frames/frame_001947.jpg
1948,81.166667,,0,B,0.60584,0.35296,0.08421,0.01837,frames/frame_001948.jpg
1949,81.208333,,0,P,0.60538,0.35215,0.08543,0.00505,frames/frame_001949.jpg
1950,81.250000,,0,B,0.61152,0.35918,0.08522,0.02863,frames/frame_001950.jpg
1951,81.291667,,0,B,0.61101,0.35960,0.08478,0.00509,frames/frame_001951.jpg
1952,81.333333,,0,B,0.59585,0.36942,0.08566,0.02617,frames/frame_001952.jpg
1953,81.375000,,0,P,0.59572,0.36914,0.08636,0.00554,frames/frame_001953.jpg
1954,81.416667,,0,B,0.58346,0.37013,0.08833,0.01987,frames/frame_001954.jpg
1955,81.458333,,0,B,0.57769,0.37063,0.08838,0.01077,frames/frame_001955.jpg
1956,81.500000,,0,B,0.58763,0.36510,0.10096,0.02407,frames/frame_001956.jpg
1957,81.541667,,0,P,0.58552,0.36500,0.10267,0.00757,frames/frame_001957.jpg
1958,81.583333,,0,B,0.57630,0.36911,0.10101,0.01721,frames/frame_001958.jpg
1959,81.625000,,0,B,0.57531,0.36966,0.10086,0.00649,frames/frame_001959.jpg
1960,81.666667,,0,B,0.58602,0.36907,0.10010,0.01912,frames/frame_001960.jpg
1961,81.708333,,0,P,0.58585,0.36898,0.10182,0.00645,frames/frame_001961.jpg
1962,81.750000,,0,B,0.59848,0.35382,0.10134,0.02069,frames/frame_001962.jpg
1963,81.791667,,0,B,0.59818,0.35337,0.10058,0.00614,frames/frame_001963.jpg
1964,81.833333,,0,B,0.59822,0.35988,0.10374,0.02261,frames/frame_001964.jpg
1965,81.875000,,0,P,0.59697,0.35982,0.10446,0.00685,frames/frame_001965.jpg
1966,81.916667,,0,B,0.59438,0.36128,0.09923,0.02625,frames/frame_001966.jpg
1967,81.958333,,0,B,0.59379,0.36187,0.09934,0.00653,frames/frame_001967.jpg
1968,82.000000,,0,B,0.59966,0.35769,0.10281,0.01985,frames/frame_001968.jpg
1969,82.041667,,0,P,0.59951,0.35815,0.10350,0.00830,frames/frame_001969.jpg
1970,82.083333,,0,B,0.59956,0.35772,0.10167,0.02189,frames/frame_001970.jpg
1971,82.125000,,0,B,0.59968,0.35775,0.10316,0.00678,frames/frame_001971.jpg
1972,82.166667,,0,B,0.60348,0.35503,0.10141,0.02448,frames/frame_001972.jpg
1973,82.208333,,0,P,0.60307,0.35477,0.10060,0.00823,frames/frame_001973.jpg
1974,82.250000,,0,B,0.59800,0.35641,0.10108,0.02339,frames/frame_001974.jpg
1975,82.291667,,0,B,0.59824,0.35556,0.10182,0.00781,frames/frame_001975.jpg
1976,82.333333,,0,B,0.60063,0.36646,0.10203,0.02265,frames/frame_001976.jpg
1977,82.375000,,0,P,0.60040,0.36665,0.10233,0.00666,frames/frame_001977.jpg
1978,82.416667,,0,B,0.59253,0.37419,0.10340,0.02336,frames/frame_001978.jpg
1979,82.458333,,0,B,0.59232,0.37487,0.10230,0.00719,frames/frame_001979.jpg
1980,82.500000,,0,B,0.59203,0.37404,0.10255,0.02103,frames/frame_001980.jpg
1981,82.541667,,0,P,0.59234,0.37354,0.10379,0.00800,frames/frame_001981.jpg
1982,82.583333,,0,P,0.58861,0.37460,0.10424,0.02584,frames/frame_001982.jpg
1983,82.625000,,0,B,0.59014,0.37393,0.10493,0.00827,frames/frame_001983.jpg
1984,82.666667,,0,B,0.59655,0.38041,0.10559,0.02017,frames/frame_001984.jpg
1985,82.708333,,0,B,0.59607,0.38123,0.10722,0.00608,frames/frame_001985.jpg
1986,82.750000,,0,P,0.58743,0.37576,0.11392,0.06133,frames/frame_001986.jpg
1987,82.791667,,0,P,0.61306,0.37010,0.11858,0.06450,frames/frame_001987.jpg
1988,82.833333,,0,P,0.64577,0.38149,0.13005,0.05949,frames/frame_001988.jpg
1989,82.875000,,0,B,0.65369,0.38323,0.12838,0.03498,frames/frame_001989.jpg
1990,82.916667,,0,P,0.63251,0.35898,0.12914,0.03955,frames/frame_001990.jpg
1991,82.958333,,0,P,0.59001,0.32748,0.11293,0.05628,frames/frame_001991.jpg
1992,83.000000,,0,P,0.56278,0.32841,0.12387,0.04855,frames/frame_001992.jpg
1993,83.041667,,0,B,0.56380,0.32983,0.12176,0.03730,frames/frame_001993.jpg
1994,83.083333,,0,P,0.55967,0.33194,0.12698,0.03089,frames/frame_001994.jpg
1995,83.125000,,0,B,0.55947,0.33117,0.12962,0.01485,frames/frame_001995.jpg
1996,83.166667,,0,B,0.55600,0.31604,0.13636,0.02857,frames/frame_001996.jpg
1997,83.208333,,0,B,0.55840,0.31374,0.13305,0.01205,frames/frame_001997.jpg
1998,83.250000,,0,P,0.55846,0.32450,0.13738,0.02258,frames/frame_001998.jpg
1999,83.291667,,0,B,0.55531,0.31900,0.14029,0.01190,frames/frame_001999.jpg
2000,83.333333,,0,B,0.56132,0.31397,0.13712,0.02487,frames/frame_002000.jpg
2001,83.375000,,0,B,0.56738,0.31517,0.13215,0.01446,frames/frame_002001.jpg
2002,83.416667,,0,P,0.55764,0.31766,0.13932,0.03870,frames/frame_002002.jpg
2003,83.458333,,0,B,0.55885,0.31707,0.14199,0.01975,frames/frame_002003.jpg
2004,83.500000,,0,B,0.55777,0.31900,0.13597,0.01956,frames/frame_002004.jpg
2005,83.541667,,0,B,0.55922,0.31804,0.13100,0.02087,frames/frame_002005.jpg
2006,83.583333,,0,P,0.56787,0.30805,0.13209,0.03268,frames/frame_002006.jpg
2007,83.625000,,0,B,0.56753,0.31088,0.12978,0.02325,frames/frame_002007.jpg
2008,83.666667,,0,B,0.55516,0.32379,0.12820,0.02125,frames/frame_002008.jpg
2009,83.708333,,0,B,0.55418,0.32467,0.12897,0.00476,frames/frame_002009.jpg
2010,83.750000,,0,P,0.55067,0.32709,0.12897,0.02071,frames/frame_002010.jpg
2011,83.791667,,0,B,0.55109,0.32770,0.12819,0.00734,frames/frame_002011.jpg
2012,83.833333,,0,B,0.56605,0.31251,0.13040,0.02415,frames/frame_002012.jpg
2013,83.875000,,0,B,0.56408,0.31535,0.13348,0.00808,frames/frame_002013.jpg
2014,83.916667,,0,P,0.55837,0.32144,0.13355,0.01729,frames/frame_002014.jpg
2015,83.958333,,0,P,0.55758,0.32149,0.13367,0.00787,frames/frame_002015.jpg
2016,84.000000,,1,I,0.55430,0.31868,0.13530,0.01878,frames/frame_002016.jpg
2017,84.041667,,0,B,0.55344,0.32105,0.13529,0.00634,frames/frame_002017.jpg
2018,84.083333,,0,B,0.55185,0.32394,0.13445,0.01503,frames/frame_002018.jpg
2019,84.125000,,0,B,0.55222,0.32305,0.13503,0.00574,frames/frame_002019.jpg
2020,84.166667,,0,P,0.56279,0.31670,0.13429,0.01442,frames/frame_002020.jpg
2021,84.208333,,0,B,0.56139,0.31621,0.13365,0.00617,frames/frame_002021.jpg
2022,84.250000,,0,B,0.55349,0.32233,0.13354,0.01360,frames/frame_002022.jpg
2023,84.291667,,0,B,0.55407,0.32319,0.13318,0.00454,frames/frame_002023.jpg
2024,84.333333,,0,P,0.55614,0.32033,0.13418,0.01188,frames/frame_002024.jpg
2025,84.375000,,0,B,0.55607,0.32084,0.13419,0.00307,frames/frame_002025.jpg
2026,84.416667,,0,B,0.54150,0.33532,0.13731,0.01908,frames/frame_002026.jpg
2027,84.458333,,0,B,0.54308,0.33454,0.13686,0.00396,frames/frame_002027.jpg
2028,84.500000,,0,P,0.55387,0.32411,0.13868,0.01591,frames/frame_002028.jpg
2029,84.541667,,0,B,0.55295,0.32516,0.13705,0.00423,frames/frame_002029.jpg
2030,84.583333,,0,B,0.54779,0.32695,0.13398,0.01513,frames/frame_002030.jpg
2031,84.625000,,0,B,0.54747,0.32794,0.13448,0.02986,frames/frame_002031.jpg
2032,84.666667,,0,P,0.55346,0.34095,0.13198,0.05449,frames/frame_002032.jpg
2033,84.708333,,0,P,0.56429,0.35307,0.12128,0.06245,frames/frame_002033.jpg
2034,84.750000,,0,B,0.56968,0.35656,0.10781,0.08533,frames/frame_002034.jpg
2035,84.791667,,0,P,0.58006,0.36292,0.09309,0.09764,frames/frame_002035.jpg
2036,84.833333,,0,P,0.56654,0.38318,0.07640,0.12965,frames/frame_002036.jpg
2037,84.875000,,0,P,0.53257,0.37242,0.06362,0.09570,frames/frame_002037.jpg
2038,84.916667,,0,P,0.50880,0.29767,0.06884,0.06902,frames/frame_002038.jpg
2039,84.958333,,0,P,0.51487,0.27809,0.08293,0.06113,frames/frame_002039.jpg
2040,85.000000,,0,P,0.58560,0.32756,0.09598,0.06708,frames/frame_002040.jpg
2041,85.041667,,0,P,0.55427,0.30094,0.10373,0.06292,frames/frame_002041.jpg
2042,85.083333,,0,P,0.53971,0.29435,0.10380,0.07031,frames/frame_002042.jpg
2043,85.125000,,0,P,0.54271,0.32085,0.11503,0.08319,frames/frame_002043.jpg
2044,85.166667,,0,P,0.53374,0.36169,0.12329,0.09641,frames/frame_002044.jpg
2045,85.208333,,0,P,0.55201,0.36455,0.12933,0.09477,frames/frame_002045.jpg
2046,85.250000,,0,B,0.57497,0.34060,0.12938,0.10270,frames/frame_002046.jpg
2047,85.291667,,0,P,0.57349,0.33825,0.12097,0.08513,frames/frame_002047.jpg
2048,85.333333,,0,P,0.56772,0.33065,0.12270,0.08688,frames/frame_002048.jpg
2049,85.375000,,0,B,0.57088,0.32087,0.12565,0.07059,frames/frame_002049.jpg
2050,85.416667,,0,B,0.58026,0.30197,0.12382,0.07493,frames/frame_002050.jpg
2051,85.458333,,0,B,0.58595,0.30125,0.13329,0.06322,frames/frame_002051.jpg
2052,85.500000,,0,P,0.58852,0.31424,0.13564,0.06138,frames/frame_002052.jpg
2053,85.541667,,0,B,0.59290,0.31200,0.13723,0.05091,frames/frame_002053.jpg
2054,85.583333,,0,B,0.59245,0.30908,0.13833,0.04877,frames/frame_002054.jpg
2055,85.625000,,0,P,0.59641,0.30651,0.14075,0.03965,frames/frame_002055.jpg
2056,85.666667,,0,P,0.58493,0.31120,0.14461,0.04236,frames/frame_002056.jpg
2057,85.708333,,0,B,0.58893,0.31238,0.14423,0.02666,frames/frame_002057.jpg
2058,85.750000,,0,B,0.59481,0.31895,0.14541,0.03275,frames/frame_002058.jpg
2059,85.791667,,0,B,0.59523,0.32101,0.14621,0.01725,frames/frame_002059.jpg
2060,85.833333,,0,P,0.60753,0.31556,0.14582,0.03408,frames/frame_002060.jpg
2061,85.875000,,0,B,0.60831,0.31658,0.14722,0.01166,frames/frame_002061.jpg
2062,85.916667,,0,B,0.60236,0.32717,0.14913,0.01975,frames/frame_002062.jpg
2063,85.958333,,0,B,0.60361,0.32689,0.14820,0.00752,frames/frame_002063.jpg
2064,86.000000,,0,P,0.60370,0.31586,0.14632,0.02055,frames/frame_002064.jpg
2065,86.041667,,0,B,0.60491,0.31628,0.14622,0.00698,frames/frame_002065.jpg
2066,86.083333,,0,B,0.61057,0.31729,0.14797,0.01843,frames/frame_002066.jpg
2067,86.125000,,0,B,0.61143,0.31620,0.14865,0.01979,frames/frame_002067.jpg
2068,86.166667,,0,P,0.60957,0.31062,0.15828,0.02618,frames/frame_002068.jpg
2069,86.208333,,0,B,0.60648,0.31459,0.16282,0.02170,frames/frame_002069.jpg
2070,86.250000,,0,B,0.60066,0.32028,0.16111,0.02203,frames/frame_002070.jpg
2071,86.291667,,0,B,0.60104,0.31973,0.15990,0.01583,frames/frame_002071.jpg
2072,86.333333,,0,P,0.60198,0.32723,0.16446,0.01956,frames/frame_002072.jpg
2073,86.375000,,0,B,0.60275,0.32721,0.16457,0.01123,frames/frame_002073.jpg
2074,86.416667,,0,B,0.59970,0.32821,0.15901,0.01823,frames/frame_002074.jpg
2075,86.458333,,0,B,0.60039,0.32789,0.16054,0.00889,frames/frame_002075.jpg
2076,86.500000,,0,P,0.60729,0.32545,0.16042,0.02100,frames/frame_002076.jpg
2077,86.541667,,0,B,0.60788,0.32231,0.16026,0.00879,frames/frame_002077.jpg
2078,86.583333,,0,B,0.60188,0.31685,0.16098,0.01965,frames/frame_002078.jpg
2079,86.625000,,0,B,0.60240,0.31612,0.16032,0.00759,frames/frame_002079.jpg
2080,86.666667,,0,P,0.61083,0.31416,0.16252,0.01977,frames/frame_002080.jpg
2081,86.708333,,0,B,0.61038,0.31564,0.16342,0.00788,frames/frame_002081.jpg
2082,86.750000,,0,B,0.59835,0.32591,0.16282,0.01889,frames/frame_002082.jpg
2083,86.791667,,0,B,0.59835,0.32557,0.16171,0.00908,frames/frame_002083.jpg
2084,86.833333,,0,P,0.59966,0.32161,0.16360,0.02623,frames/frame_002084.jpg
2085,86.875000,,0,B,0.59983,0.31987,0.16199,0.01232,frames/frame_002085.jpg
2086,86.916667,,0,B,0.60247,0.31964,0.15847,0.02390,frames/frame_002086.jpg
2087,86.958333,,0,P,0.60318,0.31830,0.15636,0.01299,frames/frame_002087.jpg
2088,87.000000,,1,I,0.60462,0.31601,0.15241,0.02880,frames/frame_002088.jpg
2089,87.041667,,0,B,0.60736,0.31457,0.15127,0.01876,frames/frame_002089.jpg
2090,87.083333,,0,B,0.60164,0.30763,0.15135,0.02680,frames/frame_002090.jpg
2091,87.125000,,0,B,0.60087,0.30916,0.15157,0.01881,frames/frame_002091.jpg
2092,87.166667,,0,P,0.60734,0.31678,0.14985,0.02646,frames/frame_002092.jpg
2093,87.208333,,0,B,0.60579,0.31767,0.14946,0.01702,frames/frame_002093.jpg
2094,87.250000,,0,B,0.61735,0.31297,0.15256,0.02859,frames/frame_002094.jpg
2095,87.291667,,0,B,0.61633,0.31090,0.15377,0.02553,frames/frame_002095.jpg
2096,87.333333,,0,P,0.59691,0.31887,0.15413,0.03760,frames/frame_002096.jpg
2097,87.375000,,0,B,0.59638,0.31908,0.15676,0.02295,frames/frame_002097.jpg
2098,87.416667,,0,B,0.60510,0.31484,0.15491,0.02942,frames/frame_002098.jpg
2099,87.458333,,0,B,0.60375,0.31435,0.15500,0.01654,frames/frame_002099.jpg
2100,87.500000,,0,P,0.60585,0.31450,0.15168,0.02974,frames/frame_002100.jpg
2101,87.541667,,0,B,0.60604,0.31598,0.15441,0.01324,frames/frame_002101.jpg
2102,87.583333,,0,B,0.61010,0.32262,0.16154,0.03010,frames/frame_002102.jpg
2103,87.625000,,0,B,0.61353,0.32298,0.15927,0.02945,frames/frame_002103.jpg
2104,87.666667,,0,P,0.61590,0.31198,0.15685,0.04524,frames/frame_002104.jpg
2105,87.708333,,0,P,0.61395,0.31332,0.15778,0.03638,frames/frame_002105.jpg
2106,87.750000,,0,P,0.61045,0.30666,0.15229,0.04690,frames/frame_002106.jpg
2107,87.791667,,0,B,0.61198,0.30844,0.15062,0.03889,frames/frame_002107.jpg
2108,87.833333,,0,P,0.60900,0.30646,0.14844,0.05096,frames/frame_002108.jpg
2109,87.875000,,0,P,0.60987,0.30786,0.14605,0.03329,frames/frame_002109.jpg
2110,87.916667,,0,B,0.61618,0.32575,0.12756,0.05246,frames/frame_002110.jpg
2111,87.958333,,0,P,0.64873,0.34502,0.11947,0.04752,frames/frame_002111.jpg
2112,88.000000,,0,P,0.66053,0.36065,0.11741,0.09314,frames/frame_002112.jpg
2113,88.041667,,0,P,0.55559,0.25234,0.10986,0.09191,frames/frame_002113.jpg
2114,88.083333,,0,P,0.44521,0.30202,0.07564,0.10222,frames/frame_002114.jpg
2115,88.125000,,0,P,0.39172,0.39960,0.05842,0.05533,frames/frame_002115.jpg
2116,88.166667,,0,B,0.39040,0.40466,0.06103,0.00818,frames/frame_002116.jpg
2117,88.208333,,0,B,0.38763,0.40542,0.06247,0.00710,frames/frame_002117.jpg
2118,88.250000,,0,B,0.38597,0.40341,0.06299,0.01368,frames/frame_002118.jpg
2119,88.291667,,0,P,0.38459,0.40311,0.06320,0.00938,frames/frame_002119.jpg
2120,88.333333,,0,P,0.38473,0.40636,0.06287,0.01612,frames/frame_002120.jpg
2121,88.375000,,0,B,0.38678,0.40787,0.05840,0.01815,frames/frame_002121.jpg
2122,88.416667,,0,B,0.38439,0.40356,0.05910,0.02108,frames/frame_002122.jpg
2123,88.458333,,0,B,0.38412,0.40531,0.05938,0.01777,frames/frame_002123.jpg
2124,88.500000,,0,P,0.39111,0.41039,0.05939,0.02463,frames/frame_002124.jpg
2125,88.541667,,0,B,0.39159,0.41275,0.06042,0.01425,frames/frame_002125.jpg
2126,88.583333,,0,B,0.39040,0.41539,0.06136,0.01870,frames/frame_002126.jpg
2127,88.625000,,0,P,0.38912,0.41597,0.06112,0.01209,frames/frame_002127.jpg
2128,88.666667,,0,B,0.39603,0.41749,0.06013,0.02298,frames/frame_002128.jpg
2129,88.708333,,0,B,0.39542,0.41713,0.05975,0.00736,frames/frame_002129.jpg
2130,88.750000,,0,B,0.38662,0.41859,0.06081,0.02115,frames/frame_002130.jpg
2131,88.791667,,0,P,0.38593,0.41777,0.06166,0.00555,frames/frame_002131.jpg
2132,88.833333,,0,B,0.38423,0.41743,0.06150,0.01273,frames/frame_002132.jpg
2133,88.875000,,0,B,0.38404,0.41789,0.06361,0.00974,frames/frame_002133.jpg
2134,88.916667,,0,B,0.38678,0.41769,0.06261,0.02047,frames/frame_002134.jpg
2135,88.958333,,0,P,0.38747,0.41672,0.06584,0.01659,frames/frame_002135.jpg
2136,89.000000,,0,B,0.38602,0.41608,0.06514,0.01461,frames/frame_002136.jpg
2137,89.041667,,0,B,0.38560,0.41617,0.06553,0.01077,frames/frame_002137.jpg
2138,89.083333,,0,B,0.39091,0.41316,0.06600,0.01492,frames/frame_002138.jpg
2139,89.125000,,0,P,0.39116,0.41038,0.06531,0.01008,frames/frame_002139.jpg
2140,89.166667,,0,B,0.38796,0.41402,0.06331,0.01796,frames/frame_002140.jpg
2141,89.208333,,0,B,0.38829,0.41239,0.06568,0.01708,frames/frame_002141.jpg
2142,89.250000,,0,B,0.39451,0.41195,0.06524,0.02499,frames/frame_002142.jpg
2143,89.291667,,0,P,0.39603,0.40928,0.06602,0.02253,frames/frame_002143.jpg
2144,89.333333,,0,P,0.39294,0.40810,0.06675,0.02760,frames/frame_002144.jpg
2145,89.375000,,0,B,0.39153,0.40848,0.06457,0.02543,frames/frame_002145.jpg
2146,89.416667,,0,B,0.39076,0.40958,0.06794,0.03340,frames/frame_002146.jpg
2147,89.458333,,0,P,0.38777,0.40638,0.06715,0.02964,frames/frame_002147.jpg
2148,89.500000,,0,B,0.38370,0.40192,0.07845,0.04202,frames/frame_002148.jpg
2149,89.541667,,0,B,0.38325,0.40125,0.07734,0.02730,frames/frame_002149.jpg
2150,89.583333,,0,B,0.38275,0.40321,0.07723,0.03140,frames/frame_002150.jpg
2151,89.625000,,0,P,0.38288,0.40146,0.07945,0.02545,frames/frame_002151.jpg
2152,89.666667,,0,B,0.38850,0.40125,0.08010,0.03014,frames/frame_002152.jpg
2153,89.708333,,0,B,0.38854,0.40189,0.08383,0.01884,frames/frame_002153.jpg
2154,89.750000,,0,B,0.38899,0.40490,0.07905,0.02526,frames/frame_002154.jpg
2155,89.791667,,0,P,0.38917,0.40451,0.07819,0.00702,frames/frame_002155.jpg
2156,89.833333,,0,B,0.39145,0.40724,0.07904,0.01558,frames/frame_002156.jpg
2157,89.875000,,0,B,0.39133,0.40793,0.07977,0.00584,frames/frame_002157.jpg
2158,89.916667,,0,B,0.38261,0.40723,0.07916,0.01611,frames/frame_002158.jpg
2159,89.958333,,0,P,0.38207,0.40681,0.07900,0.00439,frames/frame_002159.jpg
2160,90.000000,,1,I,0.38794,0.40555,0.08057,0.01968,frames/frame_002160.jpg
2161,90.041667,,0,B,0.38838,0.40708,0.08068,0.00402,frames/frame_002161.jpg
2162,90.083333,,0,B,0.38334,0.40894,0.08007,0.01256,frames/frame_002162.jpg
2163,90.125000,,0,B,0.38368,0.40915,0.07966,0.00262,frames/frame_002163.jpg
2164,90.166667,,0,P,0.39326,0.40942,0.07867,0.01598,frames/frame_002164.jpg
2165,90.208333,,0,B,0.39335,0.41072,0.07816,0.00413,frames/frame_002165.jpg
2166,90.250000,,0,B,0.39743,0.41075,0.07882,0.01920,frames/frame_002166.jpg
2167,90.291667,,0,B,0.39844,0.41171,0.07869,0.00620,frames/frame_002167.jpg
2168,90.333333,,0,P,0.39567,0.41250,0.07744,0.01391,frames/frame_002168.jpg
2169,90.375000,,0,B,0.39743,0.41293,0.07678,0.00657,frames/frame_002169.jpg
2170,90.416667,,0,B,0.39707,0.41057,0.07713,0.01264,frames/frame_002170.jpg
2171,90.458333,,0,B,0.39712,0.41130,0.07823,0.00502,frames/frame_002171.jpg
2172,90.500000,,0,P,0.39882,0.41164,0.07915,0.01379,frames/frame_002172.jpg
2173,90.541667,,0,B,0.40019,0.41239,0.07860,0.00488,frames/frame_002173.jpg
2174,90.583333,,0,B,0.39577,0.41213,0.07937,0.01143,frames/frame_002174.jpg
2175,90.625000,,0,B,0.39644,0.41215,0.07939,0.00429,frames/frame_002175.jpg
2176,90.666667,,0,P,0.40053,0.41272,0.07733,0.01433,frames/frame_002176.jpg
2177,90.708333,,0,B,0.40098,0.41340,0.07741,0.00363,frames/frame_002177.jpg
2178,90.750000,,0,B,0.39274,0.41168,0.07945,0.01870,frames/frame_002178.jpg
2179,90.791667,,0,B,0.39241,0.41209,0.08030,0.00374,frames/frame_002179.jpg
2180,90.833333,,0,P,0.38982,0.41192,0.08035,0.01172,frames/frame_002180.jpg
2181,90.875000,,0,B,0.38950,0.41246,0.08079,0.00316,frames/frame_002181.jpg
2182,90.916667,,0,P,0.39225,0.41033,0.08075,0.01681,frames/frame_002182.jpg
2183,90.958333,,0,B,0.39197,0.41182,0.08115,0.00533,frames/frame_002183.jpg
2184,91.000000,,0,B,0.38569,0.41209,0.08071,0.01461,frames/frame_002184.jpg
2185,91.041667,,0,B,0.38530,0.41155,0.08082,0.00386,frames/frame_002185.jpg
2186,91.083333,,0,P,0.38601,0.41013,0.07984,0.01417,frames/frame_002186.jpg
2187,91.125000,,0,B,0.38588,0.41126,0.08023,0.00449,frames/frame_002187.jpg
2188,91.166667,,0,B,0.38857,0.40908,0.07967,0.01542,frames/frame_002188.jpg
2189,91.208333,,0,B,0.38914,0.40924,0.07956,0.00358,frames/frame_002189.jpg
2190,91.250000,,0,P,0.38470,0.40754,0.08078,0.01394,frames/frame_002190.jpg
2191,91.291667,,0,B,0.38436,0.40799,0.08002,0.00374,frames/frame_002191.jpg
2192,91.333333,,0,B,0.38295,0.40735,0.07913,0.01168,frames/frame_002192.jpg
2193,91.375000,,0,B,0.38251,0.40801,0.07983,0.00423,frames/frame_002193.jpg
2194,91.416667,,0,P,0.38891,0.40359,0.07686,0.01954,frames/frame_002194.jpg
2195,91.458333,,0,B,0.38750,0.40439,0.07703,0.00411,frames/frame_002195.jpg
2196,91.500000,,0,B,0.38584,0.40681,0.07838,0.01704,frames/frame_002196.jpg
2197,91.541667,,0,B,0.38601,0.40666,0.07888,0.00258,frames/frame_002197.jpg
2198,91.583333,,0,P,0.37836,0.40351,0.07996,0.02074,frames/frame_002198.jpg
2199,91.625000,,0,B,0.37903,0.40443,0.07918,0.00586,frames/frame_002199.jpg
2200,91.666667,,0,B,0.38309,0.40644,0.07938,0.01542,frames/frame_002200.jpg
2201,91.708333,,0,B,0.38378,0.40745,0.07908,0.00532,frames/frame_002201.jpg
2202,91.750000,,0,P,0.38439,0.40545,0.07797,0.01302,frames/frame_002202.jpg
2203,91.791667,,0,B,0.38435,0.40644,0.07878,0.00384,frames/frame_002203.jpg
2204,91.833333,,0,B,0.38031,0.40745,0.08077,0.01831,frames/frame_002204.jpg
2205,91.875000,,0,B,0.38110,0.40734,0.08044,0.00374,frames/frame_002205.jpg
2206,91.916667,,0,P,0.38027,0.40687,0.08000,0.00809,frames/frame_002206.jpg
2207,91.958333,,0,B,0.38102,0.40814,0.07918,0.00501,frames/frame_002207.jpg
2208,92.000000,,0,B,0.38139,0.40818,0.07949,0.00719,frames/frame_002208.jpg
2209,92.041667,,0,B,0.38170,0.40847,0.08019,0.00448,frames/frame_002209.jpg
2210,92.083333,,0,P,0.39746,0.40946,0.08062,0.02288,frames/frame_002210.jpg
2211,92.125000,,0,B,0.39674,0.41166,0.08082,0.00493,frames/frame_002211.jpg
2212,92.166667,,0,B,0.38279,0.40959,0.08125,0.02168,frames/frame_002212.jpg
2213,92.208333,,0,B,0.38320,0.40981,0.08072,0.00326,frames/frame_002213.jpg
2214,92.250000,,0,P,0.39193,0.41066,0.08018,0.01473,frames/frame_002214.jpg
2215,92.291667,,0,B,0.39495,0.41256,0.08062,0.01203,frames/frame_002215.jpg
2216,92.333333,,0,B,0.39711,0.41312,0.08040,0.01365,frames/frame_002216.jpg
2217,92.375000,,0,B,0.39772,0.41350,0.07917,0.00540,frames/frame_002217.jpg
2218,92.416667,,0,P,0.39210,0.41387,0.08173,0.01414,frames/frame_002218.jpg
2219,92.458333,,0,B,0.39369,0.41443,0.08065,0.00512,frames/frame_002219.jpg
2220,92.500000,,0,B,0.39937,0.41453,0.07819,0.01263,frames/frame_002220.jpg
2221,92.541667,,0,B,0.39923,0.41482,0.07831,0.00329,frames/frame_002221.jpg
2222,92.583333,,0,P,0.39798,0.41661,0.07730,0.01252,frames/frame_002222.jpg
2223,92.625000,,0,B,0.39922,0.41648,0.07699,0.00458,frames/frame_002223.jpg
2224,92.666667,,0,B,0.39457,0.41236,0.07919,0.01538,frames/frame_002224.jpg
2225,92.708333,,0,B,0.39447,0.41212,0.07976,0.00252,frames/frame_002225.jpg
2226,92.750000,,0,P,0.39854,0.41555,0.07771,0.01528,frames/frame_002226.jpg
2227,92.791667,,0,B,0.39879,0.41689,0.07733,0.00396,frames/frame_002227.jpg
2228,92.833333,,0,B,0.38963,0.41270,0.07976,0.02298,frames/frame_002228.jpg
2229,92.875000,,0,B,0.38944,0.41391,0.08028,0.00407,frames/frame_002229.jpg
2230,92.916667,,0,P,0.39081,0.41323,0.08090,0.01072,frames/frame_002230.jpg
2231,92.958333,,0,P,0.39021,0.41282,0.08188,0.00914,frames/frame_002231.jpg
2232,93.000000,,1,I,0.38969,0.41414,0.08169,0.01163,frames/frame_002232.jpg
2233,93.041667,,0,B,0.38981,0.41519,0.08205,0.00577,frames/frame_002233.jpg
2234,93.083333,,0,B,0.39481,0.41398,0.07837,0.02357,frames/frame_002234.jpg
2235,93.125000,,0,B,0.39240,0.41375,0.07891,0.00774,frames/frame_002235.jpg
2236,93.166667,,0,P,0.38975,0.41303,0.07902,0.01139,frames/frame_002236.jpg
2237,93.208333,,0,B,0.38875,0.41476,0.07870,0.00551,frames/frame_002237.jpg
2238,93.250000,,0,B,0.38170,0.41147,0.07916,0.01567,frames/frame_002238.jpg
2239,93.291667,,0,B,0.38222,0.41196,0.07992,0.00517,frames/frame_002239.jpg
2240,93.333333,,0,P,0.38367,0.41163,0.07991,0.00923,frames/frame_002240.jpg
2241,93.375000,,0,B,0.38303,0.41309,0.08035,0.00590,frames/frame_002241.jpg
2242,93.416667,,0,B,0.38778,0.41232,0.07899,0.01503,frames/frame_002242.jpg
2243,93.458333,,0,B,0.38828,0.41139,0.07790,0.00481,frames/frame_002243.jpg
2244,93.500000,,0,P,0.38315,0.41078,0.07950,0.01678,frames/frame_002244.jpg
2245,93.541667,,0,B,0.38368,0.41055,0.07844,0.00573,frames/frame_002245.jpg
2246,93.583333,,0,B,0.38198,0.41051,0.07813,0.01392,frames/frame_002246.jpg
2247,93.625000,,0,B,0.38117,0.41091,0.07956,0.01112,frames/frame_002247.jpg
2248,93.666667,,0,P,0.38213,0.40777,0.07814,0.02439,frames/frame_002248.jpg
2249,93.708333,,0,B,0.38313,0.40945,0.07908,0.01897,frames/frame_002249.jpg
2250,93.750000,,0,B,0.38228,0.40914,0.07834,0.02432,frames/frame_002250.jpg
2251,93.791667,,0,B,0.38320,0.40905,0.07798,0.02136,frames/frame_002251.jpg
2252,93.833333,,0,P,0.39033,0.40614,0.07573,0.03104,frames/frame_002252.jpg
2253,93.875000,,0,B,0.39056,0.40756,0.07768,0.02118,frames/frame_002253.jpg
2254,93.916667,,0,B,0.38838,0.40566,0.07722,0.02491,frames/frame_002254.jpg
2255,93.958333,,0,B,0.38849,0.40676,0.07943,0.01772,frames/frame_002255.jpg
2256,94.000000,,0,P,0.38694,0.40828,0.07867,0.02137,frames/frame_002256.jpg
2257,94.041667,,0,B,0.38804,0.40806,0.07740,0.00911,frames/frame_002257.jpg
2258,94.083333,,0,B,0.38653,0.40658,0.07834,0.01291,frames/frame_002258.jpg
2259,94.125000,,0,B,0.38521,0.40937,0.07763,0.00679,frames/frame_002259.jpg
2260,94.166667,,0,P,0.38526,0.41050,0.07536,0.01162,frames/frame_002260.jpg
2261,94.208333,,0,B,0.38543,0.40970,0.07538,0.00644,frames/frame_002261.jpg
2262,94.250000,,0,B,0.38577,0.40611,0.07465,0.01007,frames/frame_002262.jpg
2263,94.291667,,0,P,0.38656,0.40436,0.07471,0.00481,frames/frame_002263.jpg
2264,94.333333,,0,B,0.25651,0.45354,0.04817,0.17190,frames/frame_002264.jpg
2265,94.375000,,0,B,0.25643,0.45401,0.04866,0.00667,frames/frame_002265.jpg
2266,94.416667,,0,B,0.25700,0.45363,0.04980,0.00638,frames/frame_002266.jpg
2267,94.458333,,0,P,0.25775,0.45261,0.05098,0.00605,frames/frame_002267.jpg
2268,94.500000,,0,B,0.25805,0.45280,0.05229,0.00766,frames/frame_002268.jpg
2269,94.541667,,0,B,0.25828,0.45326,0.05223,0.00622,frames/frame_002269.jpg
2270,94.583333,,0,B,0.25961,0.45396,0.05172,0.00717,frames/frame_002270.jpg
2271,94.625000,,0,P,0.25989,0.45391,0.05175,0.00691,frames/frame_002271.jpg
2272,94.666667,,0,B,0.26112,0.45411,0.05216,0.00695,frames/frame_002272.jpg
2273,94.708333,,0,B,0.26083,0.45513,0.05133,0.00716,frames/frame_002273.jpg
2274,94.750000,,0,B,0.26300,0.45559,0.05096,0.00729,frames/frame_002274.jpg
2275,94.791667,,0,P,0.26357,0.45630,0.05014,0.00760,frames/frame_002275.jpg
2276,94.833333,,0,B,0.26549,0.45710,0.04921,0.00742,frames/frame_002276.jpg
2277,94.875000,,0,B,0.26811,0.45770,0.04899,0.00702,frames/frame_002277.jpg
2278,94.916667,,0,B,0.26736,0.45835,0.04005,0.00977,frames/frame_002278.jpg
2279,94.958333,,0,P,0.27093,0.46017,0.04079,0.00947,frames/frame_002279.jpg
2280,95.000000,,0,B,0.27624,0.46268,0.04043,0.00982,frames/frame_002280.jpg
2281,95.041667,,0,B,0.27989,0.46408,0.04249,0.00872,frames/frame_002281.jpg
2282,95.083333,,0,B,0.28177,0.47522,0.04261,0.01165,frames/frame_002282.jpg
2283,95.125000,,0,P,0.28048,0.49733,0.04219,0.01418,frames/frame_002283.jpg
2284,95.166667,,0,B,0.27622,0.52091,0.03941,0.01598,frames/frame_002284.jpg
2285,95.208333,,0,B,0.25993,0.54606,0.03421,0.02601,frames/frame_002285.jpg
2286,95.250000,,0,P,0.22417,0.57562,0.02966,0.04417,frames/frame_002286.jpg
2287,95.291667,,0,P,0.17995,0.58632,0.02347,0.04763,frames/frame_002287.jpg
2288,95.333333,,0,B,0.14772,0.59311,0.01164,0.02878,frames/frame_002288.jpg
2289,95.375000,,0,B,0.14772,0.59309,0.01164,0.00002,frames/frame_002289.jpg
2290,95.416667,,0,P,0.15799,0.42688,0.03209,0.03863,frames/frame_002290.jpg
2291,95.458333,,0,P,0.16241,0.43164,0.03658,0.01483,frames/frame_002291.jpg
2292,95.500000,,0,P,0.17464,0.43104,0.04641,0.02293,frames/frame_002292.jpg
2293,95.541667,,0,B,0.17747,0.43451,0.05052,0.02190,frames/frame_002293.jpg
2294,95.583333,,0,P,0.18427,0.44683,0.05492,0.02645,frames/frame_002294.jpg
2295,95.625000,,0,B,0.20016,0.44954,0.06211,0.03077,frames/frame_002295.jpg
2296,95.666667,,0,B,0.21535,0.44696,0.06266,0.03234,frames/frame_002296.jpg
2297,95.708333,,0,P,0.23598,0.44160,0.07490,0.03727,frames/frame_002297.jpg
2298,95.750000,,0,B,0.26215,0.42964,0.07835,0.04639,frames/frame_002298.jpg
2299,95.791667,,0,P,0.28515,0.42527,0.07815,0.04355,frames/frame_002299.jpg
2300,95.833333,,0,P,0.31977,0.42121,0.08443,0.05443,frames/frame_002300.jpg
2301,95.875000,,0,P,0.35050,0.41692,0.09051,0.05390,frames/frame_002301.jpg
2302,95.916667,,0,P,0.37059,0.40276,0.09073,0.06183,frames/frame_002302.jpg
2303,95.958333,,0,P,0.40483,0.40077,0.09544,0.06715,frames/frame_002303.jpg
2304,96.000000,,1,I,0.42168,0.40978,0.10076,0.06720,frames/frame_002304.jpg
2305,96.041667,,0,P,0.45979,0.39542,0.10986,0.08760,frames/frame_002305.jpg
2306,96.083333,,0,P,0.47391,0.40974,0.11290,0.09204,frames/frame_002306.jpg
2307,96.125000,,0,P,0.49936,0.40637,0.12462,0.09779,frames/frame_002307.jpg
2308,96.166667,,0,P,0.52198,0.40408,0.13492,0.10284,frames/frame_002308.jpg
2309,96.208333,,0,B,0.52875,0.42333,0.13467,0.06994,frames/frame_002309.jpg
2310,96.250000,,0,B,0.52623,0.42384,0.13914,0.04516,frames/frame_002310.jpg
2311,96.291667,,0,B,0.53141,0.42108,0.13789,0.02780,frames/frame_002311.jpg
2312,96.333333,,0,P,0.53303,0.41546,0.13467,0.03369,frames/frame_002312.jpg
2313,96.375000,,0,B,0.52462,0.42825,0.12950,0.03984,frames/frame_002313.jpg
2314,96.416667,,0,B,0.53117,0.41479,0.13835,0.05619,frames/frame_002314.jpg
2315,96.458333,,0,B,0.52709,0.42029,0.13517,0.03379,frames/frame_002315.jpg
2316,96.500000,,0,P,0.53898,0.42403,0.13977,0.03078,frames/frame_002316.jpg
2317,96.541667,,0,B,0.53910,0.42251,0.14251,0.02526,frames/frame_002317.jpg
2318,96.583333,,0,B,0.51241,0.45109,0.13521,0.04120,frames/frame_002318.jpg
2319,96.625000,,0,B,0.53056,0.43107,0.13918,0.02708,frames/frame_002319.jpg
2320,96.666667,,0,P,0.53073,0.41124,0.14071,0.02477,frames/frame_002320.jpg
2321,96.708333,,0,B,0.53203,0.41092,0.14029,0.02096,frames/frame_002321.jpg
2322,96.750000,,0,B,0.54049,0.41268,0.14779,0.03258,frames/frame_002322.jpg
2323,96.791667,,0,B,0.54552,0.40808,0.14830,0.01691,frames/frame_002323.jpg
2324,96.833333,,0,P,0.55076,0.39594,0.14700,0.02750,frames/frame_002324.jpg
2325,96.875000,,0,B,0.54673,0.40075,0.14770,0.02076,frames/frame_002325.jpg
2326,96.916667,,0,B,0.54548,0.40674,0.14849,0.02911,frames/frame_002326.jpg
2327,96.958333,,0,B,0.55687,0.39199,0.15281,0.03088,frames/frame_002327.jpg
2328,97.000000,,0,P,0.55905,0.38899,0.14521,0.03078,frames/frame_002328.jpg
2329,97.041667,,0,B,0.55155,0.40600,0.14588,0.03898,frames/frame_002329.jpg
2330,97.083333,,0,B,0.55255,0.40054,0.14543,0.03169,frames/frame_002330.jpg
2331,97.125000,,0,B,0.56668,0.38372,0.14651,0.02942,frames/frame_002331.jpg
2332,97.166667,,0,P,0.57097,0.37856,0.15277,0.02628,frames/frame_002332.jpg
2333,97.208333,,0,B,0.57261,0.37504,0.14713,0.01943,frames/frame_002333.jpg
2334,97.250000,,0,B,0.56172,0.38441,0.14493,0.03032,frames/frame_002334.jpg
2335,97.291667,,0,B,0.57208,0.37148,0.14922,0.02677,frames/frame_002335.jpg
2336,97.333333,,0,P,0.57838,0.36700,0.14683,0.03328,frames/frame_002336.jpg
2337,97.375000,,0,B,0.58405,0.37133,0.14692,0.01962,frames/frame_002337.jpg
2338,97.416667,,0,B,0.58377,0.29321,0.14617,0.07545,frames/frame_002338.jpg
2339,97.458333,,0,B,0.58342,0.30734,0.14625,0.02189,frames/frame_002339.jpg
2340,97.500000,,0,P,0.57998,0.31149,0.14293,0.02910,frames/frame_002340.jpg
2341,97.541667,,0,B,0.58672,0.30929,0.14826,0.04079,frames/frame_002341.jpg
2342,97.583333,,0,B,0.58851,0.30172,0.14993,0.03075,frames/frame_002342.jpg
2343,97.625000,,0,B,0.59456,0.29226,0.15703,0.02367,frames/frame_002343.jpg
2344,97.666667,,0,P,0.56661,0.31353,0.14828,0.04098,frames/frame_002344.jpg
2345,97.708333,,0,B,0.58412,0.28370,0.14960,0.03803,frames/frame_002345.jpg
2346,97.750000,,0,B,0.57847,0.28620,0.14869,0.02996,frames/frame_002346.jpg
2347,97.791667,,0,B,0.58208,0.30049,0.14664,0.03121,frames/frame_002347.jpg
2348,97.833333,,0,P,0.57500,0.28400,0.14714,0.03707,frames/frame_002348.jpg
2349,97.875000,,0,B,0.57825,0.28245,0.14546,0.02947,frames/frame_002349.jpg
2350,97.916667,,0,B,0.58711,0.29427,0.14856,0.03375,frames/frame_002350.jpg
2351,97.958333,,0,B,0.58200,0.29932,0.14698,0.02637,frames/frame_002351.jpg
2352,98.000000,,0,P,0.57727,0.29876,0.14420,0.03340,frames/frame_002352.jpg
2353,98.041667,,0,B,0.57030,0.30778,0.14055,0.02796,frames/frame_002353.jpg
2354,98.083333,,0,B,0.57451,0.29441,0.14254,0.03545,frames/frame_002354.jpg
2355,98.125000,,0,B,0.56684,0.30236,0.14071,0.03283,frames/frame_002355.jpg
2356,98.166667,,0,P,0.56877,0.30330,0.14450,0.04398,frames/frame_002356.jpg
2357,98.208333,,0,B,0.55886,0.31511,0.14177,0.03639,frames/frame_002357.jpg
2358,98.250000,,0,B,0.55767,0.30672,0.14037,0.03753,frames/frame_002358.jpg
2359,98.291667,,0,B,0.55758,0.30723,0.14126,0.02628,frames/frame_002359.jpg
2360,98.333333,,0,P,0.55953,0.31573,0.14417,0.02908,frames/frame_002360.jpg
2361,98.375000,,0,B,0.55823,0.31884,0.14253,0.02895,frames/frame_002361.jpg
2362,98.416667,,0,B,0.56267,0.31142,0.14134,0.03307,frames/frame_002362.jpg
2363,98.458333,,0,B,0.55566,0.31494,0.13932,0.02950,frames/frame_002363.jpg
2364,98.500000,,0,P,0.55535,0.32418,0.13873,0.03720,frames/frame_002364.jpg
2365,98.541667,,0,B,0.55657,0.32037,0.14050,0.03276,frames/frame_002365.jpg
2366,98.583333,,0,B,0.54659,0.32051,0.13865,0.03702,frames/frame_002366.jpg
2367,98.625000,,0,B,0.55339,0.32211,0.14027,0.03036,frames/frame_002367.jpg
2368,98.666667,,0,P,0.55228,0.32204,0.14161,0.02712,frames/frame_002368.jpg
2369,98.708333,,0,B,0.54941,0.32536,0.13926,0.02582,frames/frame_002369.jpg
2370,98.750000,,0,B,0.54408,0.33469,0.13382,0.02754,frames/frame_002370.jpg
2371,98.791667,,0,B,0.56522,0.28556,0.14565,0.05598,frames/frame_002371.jpg
2372,98.833333,,0,P,0.55756,0.29243,0.13003,0.04011,frames/frame_002372.jpg
2373,98.875000,,0,B,0.58646,0.26314,0.12292,0.05077,frames/frame_002373.jpg
2374,98.916667,,0,B,0.59975,0.22620,0.09590,0.06483,frames/frame_002374.jpg
2375,98.958333,,0,P,0.63155,0.14587,0.06625,0.06510,frames/frame_002375.jpg
2376,99.000000,,1,I,0.44768,0.20432,0.07033,0.21642,frames/frame_002376.jpg
2377,99.041667,,0,B,0.44574,0.20453,0.07363,0.00969,frames/frame_002377.jpg
2378,99.083333,,0,B,0.44294,0.20750,0.07529,0.01317,frames/frame_002378.jpg
2379,99.125000,,0,B,0.44617,0.20748,0.08389,0.01356,frames/frame_002379.jpg
2380,99.166667,,0,P,0.44537,0.20719,0.08588,0.01333,frames/frame_002380.jpg
2381,99.208333,,0,B,0.44583,0.20774,0.08871,0.00852,frames/frame_002381.jpg
2382,99.250000,,0,B,0.44364,0.21118,0.08909,0.01239,frames/frame_002382.jpg
2383,99.291667,,0,B,0.44478,0.21223,0.08789,0.01015,frames/frame_002383.jpg
2384,99.333333,,0,P,0.44670,0.21219,0.08679,0.01089,frames/frame_002384.jpg
2385,99.375000,,0,B,0.44830,0.21214,0.08935,0.00927,frames/frame_002385.jpg
2386,99.416667,,0,B,0.44893,0.21096,0.09110,0.01047,frames/frame_002386.jpg
2387,99.458333,,0,B,0.45037,0.21025,0.09203,0.00992,frames/frame_002387.jpg
2388,99.500000,,0,P,0.45155,0.21070,0.08705,0.01132,frames/frame_002388.jpg
2389,99.541667,,0,B,0.45285,0.21035,0.09169,0.00927,frames/frame_002389.jpg
2390,99.583333,,0,B,0.45167,0.21051,0.09497,0.01119,frames/frame_002390.jpg
2391,99.625000,,0,B,0.45100,0.21150,0.09580,0.00907,frames/frame_002391.jpg
2392,99.666667,,0,P,0.45102,0.21132,0.09492,0.01205,frames/frame_002392.jpg
2393,99.708333,,0,B,0.45220,0.21079,0.09447,0.00911,frames/frame_002393.jpg
2394,99.750000,,0,P,0.45281,0.21046,0.09222,0.00950,frames/frame_002394.jpg
2395,99.791667,,0,B,0.65002,0.37420,0.14557,0.23101,frames/frame_002395.jpg
2396,99.833333,,0,B,0.64755,0.37839,0.14535,0.01445,frames/frame_002396.jpg
2397,99.875000,,0,B,0.64790,0.37720,0.14517,0.00902,frames/frame_002397.jpg
2398,99.916667,,0,P,0.64495,0.38383,0.15001,0.01717,frames/frame_002398.jpg
2399,99.958333,,0,B,0.64584,0.38292,0.15078,0.01032,frames/frame_002399.jpg
2400,100.000000,,0,B,0.65234,0.37240,0.15045,0.01763,frames/frame_002400.jpg
2401,100.041667,,0,B,0.64880,0.37371,0.14936,0.01344,frames/frame_002401.jpg
2402,100.083333,,0,P,0.65264,0.37000,0.15044,0.01690,frames/frame_002402.jpg
2403,100.125000,,0,B,0.65258,0.36963,0.14929,0.01198,frames/frame_002403.jpg
2404,100.166667,,0,B,0.64766,0.37417,0.14790,0.01744,frames/frame_002404.jpg
2405,100.208333,,0,B,0.64736,0.37513,0.14930,0.01155,frames/frame_002405.jpg
2406,100.250000,,0,P,0.64702,0.37958,0.14967,0.01662,frames/frame_002406.jpg
2407,100.291667,,0,B,0.64845,0.37469,0.15042,0.01411,frames/frame_002407.jpg
2408,100.333333,,0,B,0.65084,0.37914,0.14040,0.02157,frames/frame_002408.jpg
2409,100.375000,,0,B,0.66060,0.38058,0.13665,0.01778,frames/frame_002409.jpg
2410,100.416667,,0,P,0.66189,0.37741,0.13403,0.01539,frames/frame_002410.jpg
2411,100.458333,,0,B,0.66256,0.38279,0.13533,0.00992,frames/frame_002411.jpg
2412,100.500000,,0,P,0.31686,0.41364,0.09194,0.35290,frames/frame_002412.jpg
2413,100.541667,,0,B,0.31060,0.41223,0.09131,0.02841,frames/frame_002413.jpg
2414,100.583333,,0,B,0.30554,0.41507,0.09319,0.03147,frames/frame_002414.jpg
2415,100.625000,,0,B,0.30077,0.41653,0.10342,0.02642,frames/frame_002415.jpg
2416,100.666667,,0,P,0.29333,0.42121,0.10076,0.02992,frames/frame_002416.jpg
2417,100.708333,,0,B,0.30570,0.41578,0.10633,0.02636,frames/frame_002417.jpg
2418,100.750000,,0,P,0.31758,0.40377,0.10503,0.03720,frames/frame_002418.jpg
2419,100.791667,,0,P,0.31282,0.40976,0.10372,0.02872,frames/frame_002419.jpg
2420,100.833333,,0,P,0.31841,0.40364,0.10321,0.03486,frames/frame_002420.jpg
2421,100.875000,,0,B,0.31361,0.40374,0.09992,0.03351,frames/frame_002421.jpg
2422,100.916667,,0,P,0.31528,0.40674,0.10447,0.04780,frames/frame_002422.jpg
2423,100.958333,,0,P,0.31667,0.40454,0.10154,0.03261,frames/frame_002423.jpg
2424,101.000000,,0,P,0.32366,0.40152,0.10583,0.03205,frames/frame_002424.jpg
2425,101.041667,,0,P,0.32410,0.39547,0.10149,0.02795,frames/frame_002425.jpg
2426,101.083333,,0,P,0.32243,0.40126,0.10406,0.03680,frames/frame_002426.jpg
2427,101.125000,,0,P,0.32771,0.39974,0.10178,0.02630,frames/frame_002427.jpg
2428,101.166667,,0,B,0.33500,0.39272,0.10251,0.03170,frames/frame_002428.jpg
2429,101.208333,,0,P,0.33381,0.39002,0.10084,0.03695,frames/frame_002429.jpg
2430,101.250000,,0,P,0.32404,0.39487,0.10674,0.04629,frames/frame_002430.jpg
2431,101.291667,,0,B,0.32274,0.39502,0.10337,0.03555,frames/frame_002431.jpg
2432,101.333333,,0,P,0.33730,0.38167,0.10536,0.04719,frames/frame_002432.jpg
2433,101.375000,,0,P,0.33117,0.38773,0.09887,0.03350,frames/frame_002433.jpg
2434,101.416667,,0,B,0.32899,0.38739,0.09716,0.03890,frames/frame_002434.jpg
2435,101.458333,,0,P,0.33174,0.38796,0.10060,0.03668,frames/frame_002435.jpg
2436,101.500000,,0,B,0.32610,0.39153,0.09903,0.04255,frames/frame_002436.jpg
2437,101.541667,,0,P,0.32491,0.39243,0.10027,0.03471,frames/frame_002437.jpg
2438,101.583333,,0,P,0.32014,0.39549,0.09983,0.04430,frames/frame_002438.jpg
2439,101.625000,,0,P,0.31721,0.39934,0.10340,0.03664,frames/frame_002439.jpg
2440,101.666667,,0,P,0.30850,0.40667,0.10065,0.04187,frames/frame_002440.jpg
2441,101.708333,,0,P,0.30279,0.41152,0.10321,0.03456,frames/frame_002441.jpg
2442,101.750000,,0,P,0.29711,0.41952,0.10135,0.04228,frames/frame_002442.jpg
2443,101.791667,,0,P,0.29468,0.42171,0.10584,0.03580,frames/frame_002443.jpg
2444,101.833333,,0,P,0.30586,0.42555,0.10923,0.05297,frames/frame_002444.jpg
2445,101.875000,,0,P,0.30983,0.42879,0.11146,0.04359,frames/frame_002445.jpg
2446,101.916667,,0,P,0.30238,0.43222,0.11152,0.04973,frames/frame_002446.jpg
2447,101.958333,,0,P,0.29433,0.44056,0.10514,0.03599,frames/frame_002447.jpg
2448,102.000000,,1,I,0.28592,0.44633,0.10339,0.03894,frames/frame_002448.jpg
2449,102.041667,,0,B,0.28072,0.45080,0.09857,0.02579,frames/frame_002449.jpg
2450,102.083333,,0,B,0.27712,0.45434,0.09545,0.03070,frames/frame_002450.jpg
2451,102.125000,,0,P,0.27322,0.45509,0.09314,0.02109,frames/frame_002451.jpg
2452,102.166667,,0,B,0.27051,0.45597,0.09596,0.02498,frames/frame_002452.jpg
2453,102.208333,,0,B,0.26678,0.45976,0.09334,0.01487,frames/frame_002453.jpg
2454,102.250000,,0,B,0.26092,0.46496,0.09232,0.01767,frames/frame_002454.jpg
2455,102.291667,,0,P,0.25982,0.46464,0.09299,0.00641,frames/frame_002455.jpg
2456,102.333333,,0,B,0.25759,0.46609,0.08376,0.01629,frames/frame_002456.jpg
2457,102.375000,,0,B,0.25513,0.47195,0.08268,0.00370,frames/frame_002457.jpg
2458,102.416667,,0,B,0.25451,0.47531,0.08139,0.01391,frames/frame_002458.jpg
2459,102.458333,,0,P,0.25383,0.47558,0.08159,0.00243,frames/frame_002459.jpg
2460,102.500000,,0,B,0.34459,0.43470,0.10429,0.23858,frames/frame_002460.jpg
2461,102.541667,,0,B,0.34843,0.42814,0.10371,0.01012,frames/frame_002461.jpg
2462,102.583333,,0,P,0.34869,0.42616,0.10546,0.03073,frames/frame_002462.jpg
2463,102.625000,,0,B,0.35653,0.41215,0.12186,0.03513,frames/frame_002463.jpg
2464,102.666667,,0,B,0.36181,0.40924,0.12777,0.02954,frames/frame_002464.jpg
2465,102.708333,,0,P,0.36276,0.40213,0.12736,0.04129,frames/frame_002465.jpg
2466,102.750000,,0,B,0.36588,0.39929,0.13011,0.03937,frames/frame_002466.jpg
2467,102.791667,,0,B,0.36132,0.39918,0.13310,0.02907,frames/frame_002467.jpg
2468,102.833333,,0,B,0.36718,0.39298,0.13119,0.03241,frames/frame_002468.jpg
2469,102.875000,,0,P,0.36858,0.39411,0.13228,0.02900,frames/frame_002469.jpg
2470,102.916667,,0,B,0.37503,0.38861,0.13281,0.03402,frames/frame_002470.jpg
2471,102.958333,,0,B,0.37560,0.38969,0.13505,0.02995,frames/frame_002471.jpg
2472,103.000000,,0,B,0.37792,0.38688,0.13510,0.02636,frames/frame_002472.jpg
2473,103.041667,,0,P,0.38008,0.38412,0.13541,0.02068,frames/frame_002473.jpg
2474,103.083333,,0,B,0.37901,0.38561,0.13495,0.02423,frames/frame_002474.jpg
2475,103.125000,,0,B,0.38094,0.38639,0.13356,0.02046,frames/frame_002475.jpg
2476,103.166667,,0,B,0.38319,0.38496,0.13644,0.01866,frames/frame_002476.jpg
2477,103.208333,,0,P,0.37923,0.38709,0.13200,0.01697,frames/frame_002477.jpg
2478,103.250000,,0,B,0.38115,0.39107,0.12586,0.03549,frames/frame_002478.jpg
2479,103.291667,,0,P,0.38276,0.38928,0.13120,0.05055,frames/frame_002479.jpg
2480,103.333333,,0,P,0.39057,0.38220,0.13136,0.05931,frames/frame_002480.jpg
2481,103.375000,,0,P,0.38949,0.38103,0.13270,0.06818,frames/frame_002481.jpg
2482,103.416667,,0,P,0.38802,0.37709,0.13619,0.08246,frames/frame_002482.jpg
2483,103.458333,,0,P,0.39077,0.37168,0.13519,0.07500,frames/frame_002483.jpg
2484,103.500000,,0,B,0.39290,0.36568,0.13454,0.07813,frames/frame_002484.jpg
2485,103.541667,,0,P,0.38631,0.36573,0.13433,0.07833,frames/frame_002485.jpg
2486,103.583333,,0,P,0.36913,0.38121,0.12599,0.08261,frames/frame_002486.jpg
2487,103.625000,,0,P,0.35888,0.39204,0.12347,0.06865,frames/frame_002487.jpg
2488,103.666667,,0,B,0.34655,0.40006,0.12512,0.06612,frames/frame_002488.jpg
2489,103.708333,,0,B,0.33148,0.41518,0.11823,0.05489,frames/frame_002489.jpg
2490,103.750000,,0,B,0.32316,0.42211,0.11781,0.05296,frames/frame_002490.jpg
2491,103.791667,,0,P,0.31392,0.42729,0.11342,0.04136,frames/frame_002491.jpg
2492,103.833333,,0,P,0.31138,0.42714,0.11185,0.03452,frames/frame_002492.jpg
2493,103.875000,,0,B,0.30898,0.42776,0.11097,0.01645,frames/frame_002493.jpg
2494,103.916667,,0,B,0.30973,0.42885,0.10901,0.02080,frames/frame_002494.jpg
2495,103.958333,,0,B,0.31032,0.42924,0.11101,0.01360,frames/frame_002495.jpg
2496,104.000000,,0,P,0.30861,0.43166,0.11102,0.02659,frames/frame_002496.jpg
2497,104.041667,,0,P,0.30883,0.42933,0.10899,0.02617,frames/frame_002497.jpg
2498,104.083333,,0,P,0.30676,0.43051,0.10609,0.04120,frames/frame_002498.jpg
2499,104.125000,,0,P,0.30834,0.42842,0.10579,0.03636,frames/frame_002499.jpg
2500,104.166667,,0,P,0.31086,0.42251,0.10343,0.04654,frames/frame_002500.jpg
2501,104.208333,,0,P,0.30905,0.42522,0.10152,0.04196,frames/frame_002501.jpg
2502,104.250000,,0,P,0.31050,0.42005,0.09952,0.04817,frames/frame_002502.jpg
2503,104.291667,,0,P,0.30963,0.42005,0.09743,0.04338,frames/frame_002503.jpg
2504,104.333333,,0,P,0.30617,0.41900,0.08985,0.05104,frames/frame_002504.jpg
2505,104.375000,,0,B,0.31185,0.41550,0.08837,0.04547,frames/frame_002505.jpg
2506,104.416667,,0,P,0.31151,0.41562,0.08167,0.04761,frames/frame_002506.jpg
2507,104.458333,,0,P,0.30784,0.41842,0.07782,0.02736,frames/frame_002507.jpg
2508,104.500000,,0,B,0.31021,0.41340,0.08073,0.03102,frames/frame_002508.jpg
2509,104.541667,,0,B,0.31065,0.41385,0.08074,0.01340,frames/frame_002509.jpg
2510,104.583333,,0,P,0.31199,0.41398,0.08041,0.02013,frames/frame_002510.jpg
2511,104.625000,,0,B,0.31352,0.41291,0.08059,0.00873,frames/frame_002511.jpg
2512,104.666667,,0,P,0.31293,0.41370,0.07844,0.01910,frames/frame_002512.jpg
2513,104.708333,,0,B,0.31524,0.41182,0.07742,0.01949,frames/frame_002513.jpg
2514,104.750000,,0,P,0.31386,0.41161,0.07594,0.02966,frames/frame_002514.jpg
2515,104.791667,,0,P,0.31848,0.40671,0.07615,0.02066,frames/frame_002515.jpg
2516,104.833333,,0,P,0.31828,0.40696,0.07331,0.02713,frames/frame_002516.jpg
2517,104.875000,,0,B,0.31737,0.40527,0.07431,0.02220,frames/frame_002517.jpg
2518,104.916667,,0,B,0.32059,0.40161,0.07510,0.03748,frames/frame_002518.jpg
2519,104.958333,,0,P,0.31954,0.40240,0.07600,0.01629,frames/frame_002519.jpg
2520,105.000000,,1,I,0.31266,0.40614,0.07230,0.03859,frames/frame_002520.jpg
2521,105.041667,,0,B,0.31346,0.40615,0.07160,0.02050,frames/frame_002521.jpg
2522,105.083333,,0,P,0.30940,0.41006,0.06960,0.02563,frames/frame_002522.jpg
2523,105.125000,,0,B,0.31296,0.40380,0.07055,0.01878,frames/frame_002523.jpg
2524,105.166667,,0,B,0.31526,0.40175,0.07218,0.01813,frames/frame_002524.jpg
2525,105.208333,,0,B,0.31071,0.40569,0.07089,0.02400,frames/frame_002525.jpg
2526,105.250000,,0,P,0.52604,0.44526,0.11875,0.22741,frames/frame_002526.jpg
2527,105.291667,,0,B,0.82539,0.30268,0.09779,0.33123,frames/frame_002527.jpg
2528,105.333333,,0,B,0.88156,0.14670,0.09809,0.09322,frames/frame_002528.jpg
2529,105.375000,,0,P,0.88736,0.14072,0.09351,0.01546,frames/frame_002529.jpg
2530,105.416667,,0,P,0.88295,0.13846,0.09375,0.01630,frames/frame_002530.jpg
2531,105.458333,,0,B,0.85806,0.11751,0.09843,0.02545,frames/frame_002531.jpg
2532,105.500000,,0,B,0.82695,0.08733,0.10847,0.03612,frames/frame_002532.jpg
2533,105.541667,,0,B,0.76310,0.11324,0.10960,0.05523,frames/frame_002533.jpg
2534,105.583333,,0,P,0.68164,0.18058,0.10463,0.07274,frames/frame_002534.jpg
2535,105.625000,,0,B,0.57190,0.25933,0.09742,0.10268,frames/frame_002535.jpg
2536,105.666667,,0,P,0.47367,0.33181,0.09646,0.10033,frames/frame_002536.jpg
2537,105.708333,,0,P,0.35875,0.40669,0.09290,0.11589,frames/frame_002537.jpg
2538,105.750000,,0,B,0.35355,0.40334,0.09639,0.04880,frames/frame_002538.jpg
2539,105.791667,,0,P,0.33006,0.42090,0.09214,0.06671,frames/frame_002539.jpg
2540,105.833333,,0,B,0.31581,0.43513,0.09271,0.06571,frames/frame_002540.jpg
2541,105.875000,,0,P,0.27269,0.46212,0.09265,0.06429,frames/frame_002541.jpg
2542,105.916667,,0,B,0.28111,0.46167,0.09476,0.03618,frames/frame_002542.jpg
2543,105.958333,,0,P,0.27032,0.46924,0.09837,0.03098,frames/frame_002543.jpg
2544,106.000000,,0,B,0.24967,0.47461,0.09845,0.04609,frames/frame_002544.jpg
2545,106.041667,,0,B,0.24786,0.47762,0.09665,0.02783,frames/frame_002545.jpg
2546,106.083333,,0,B,0.24453,0.47805,0.09524,0.02660,frames/frame_002546.jpg
2547,106.125000,,0,P,0.24401,0.47831,0.09506,0.02603,frames/frame_002547.jpg
2548,106.166667,,0,B,0.24574,0.47437,0.09787,0.03191,frames/frame_002548.jpg
2549,106.208333,,0,B,0.25418,0.46316,0.09861,0.03065,frames/frame_002549.jpg
2550,106.250000,,0,B,0.24003,0.47757,0.09628,0.03891,frames/frame_002550.jpg
2551,106.291667,,0,P,0.24180,0.46636,0.09761,0.02815,frames/frame_002551.jpg
2552,106.333333,,0,B,0.23740,0.48220,0.09666,0.02398,frames/frame_002552.jpg
2553,106.375000,,0,B,0.23768,0.48179,0.09907,0.01649,frames/frame_002553.jpg
2554,106.416667,,0,B,0.24121,0.48094,0.09902,0.02552,frames/frame_002554.jpg
2555,106.458333,,0,P,0.23982,0.48234,0.09799,0.01513,frames/frame_002555.jpg
2556,106.500000,,0,B,0.24821,0.47636,0.09962,0.02413,frames/frame_002556.jpg
2557,106.541667,,0,B,0.24597,0.47758,0.10062,0.01688,frames/frame_002557.jpg
2558,106.583333,,0,B,0.24340,0.47908,0.10166,0.02643,frames/frame_002558.jpg
2559,106.625000,,0,P,0.24403,0.47730,0.10216,0.01400,frames/frame_002559.jpg
2560,106.666667,,0,B,0.24531,0.47535,0.10104,0.02248,frames/frame_002560.jpg
2561,106.708333,,0,B,0.24802,0.47309,0.10067,0.01260,frames/frame_002561.jpg
2562,106.750000,,0,B,0.25536,0.46800,0.10222,0.02490,frames/frame_002562.jpg
2563,106.791667,,0,P,0.25210,0.43709,0.10209,0.03112,frames/frame_002563.jpg
2564,106.833333,,0,B,0.25350,0.46765,0.10236,0.02807,frames/frame_002564.jpg
2565,106.875000,,0,B,0.25345,0.46792,0.10107,0.01054,frames/frame_002565.jpg
2566,106.916667,,0,B,0.24788,0.47586,0.10146,0.02350,frames/frame_002566.jpg
2567,106.958333,,0,P,0.24685,0.47771,0.10068,0.00781,frames/frame_002567.jpg
2568,107.000000,,0,B,0.25570,0.47044,0.10130,0.02472,frames/frame_002568.jpg
2569,107.041667,,0,B,0.25511,0.47018,0.10231,0.01067,frames/frame_002569.jpg
2570,107.083333,,0,B,0.25817,0.46708,0.10322,0.02043,frames/frame_002570.jpg
2571,107.125000,,0,P,0.25399,0.46444,0.10506,0.02337,frames/frame_002571.jpg
2572,107.166667,,0,B,0.25493,0.47215,0.10398,0.01971,frames/frame_002572.jpg
2573,107.208333,,0,B,0.25282,0.47492,0.10349,0.01138,frames/frame_002573.jpg
2574,107.250000,,0,B,0.24784,0.47983,0.10367,0.01999,frames/frame_002574.jpg
2575,107.291667,,0,P,0.24902,0.48015,0.10652,0.03031,frames/frame_002575.jpg
2576,107.333333,,0,B,0.24856,0.47905,0.10538,0.02802,frames/frame_002576.jpg
2577,107.375000,,0,B,0.24781,0.47925,0.10490,0.01234,frames/frame_002577.jpg
2578,107.416667,,0,B,0.24995,0.47643,0.10396,0.02596,frames/frame_002578.jpg
2579,107.458333,,0,P,0.25927,0.46011,0.10574,0.03224,frames/frame_002579.jpg
2580,107.500000,,0,B,0.25591,0.47429,0.10455,0.02431,frames/frame_002580.jpg
2581,107.541667,,0,B,0.25470,0.47599,0.10661,0.02454,frames/frame_002581.jpg
2582,107.583333,,0,B,0.25066,0.47139,0.10466,0.02455,frames/frame_002582.jpg
2583,107.625000,,0,P,0.25105,0.46973,0.10658,0.01072,frames/frame_002583.jpg
2584,107.666667,,0,B,0.25108,0.47894,0.10543,0.02328,frames/frame_002584.jpg
2585,107.708333,,0,B,0.25128,0.47896,0.10427,0.00608,frames/frame_002585.jpg
2586,107.750000,,0,B,0.25685,0.47159,0.10126,0.02655,frames/frame_002586.jpg
2587,107.791667,,0,P,0.26111,0.47479,0.10370,0.02819,frames/frame_002587.jpg
2588,107.833333,,0,B,0.25582,0.47128,0.10325,0.02295,frames/frame_002588.jpg
2589,107.875000,,0,B,0.25584,0.47032,0.10606,0.00707,frames/frame_002589.jpg
2590,107.916667,,0,B,0.25749,0.46788,0.10691,0.02421,frames/frame_002590.jpg
2591,107.958333,,0,P,0.25967,0.46734,0.10709,0.01669,frames/frame_002591.jpg
2592,108.000000,,1,I,0.25290,0.48009,0.10452,0.03767,frames/frame_002592.jpg
2593,108.041667,,0,B,0.25993,0.47428,0.10951,0.03726,frames/frame_002593.jpg
2594,108.083333,,0,B,0.25646,0.47520,0.10982,0.02477,frames/frame_002594.jpg
2595,108.125000,,0,B,0.25563,0.47577,0.11076,0.01752,frames/frame_002595.jpg
2596,108.166667,,0,P,0.25678,0.47184,0.11034,0.02520,frames/frame_002596.jpg
2597,108.208333,,0,B,0.25684,0.47219,0.11097,0.00774,frames/frame_002597.jpg
2598,108.250000,,0,B,0.25121,0.47761,0.11316,0.02481,frames/frame_002598.jpg
2599,108.291667,,0,B,0.25109,0.47871,0.11033,0.01503,frames/frame_002599.jpg
2600,108.333333,,0,P,0.25326,0.47810,0.10824,0.02098,frames/frame_002600.jpg
2601,108.375000,,0,B,0.26429,0.46553,0.11113,0.02656,frames/frame_002601.jpg
2602,108.416667,,0,B,0.25927,0.47301,0.11184,0.02384,frames/frame_002602.jpg
2603,108.458333,,0,B,0.25976,0.47382,0.11189,0.00668,frames/frame_002603.jpg
2604,108.500000,,0,P,0.26405,0.47095,0.11262,0.02099,frames/frame_002604.jpg
2605,108.541667,,0,B,0.26429,0.47144,0.11236,0.00753,frames/frame_002605.jpg
2606,108.583333,,0,B,0.26147,0.47271,0.11498,0.02284,frames/frame_002606.jpg
2607,108.625000,,0,B,0.26097,0.47240,0.11109,0.01352,frames/frame_002607.jpg
2608,108.666667,,0,P,0.26537,0.46995,0.11161,0.03734,frames/frame_002608.jpg
2609,108.708333,,0,B,0.25718,0.47543,0.11045,0.02661,frames/frame_002609.jpg
2610,108.750000,,0,B,0.25769,0.47029,0.11154,0.02887,frames/frame_002610.jpg
2611,108.791667,,0,B,0.26748,0.46801,0.11427,0.03361,frames/frame_002611.jpg
2612,108.833333,,0,P,0.25573,0.47837,0.11169,0.03354,frames/frame_002612.jpg
2613,108.875000,,0,B,0.25627,0.47788,0.11230,0.00762,frames/frame_002613.jpg
2614,108.916667,,0,B,0.25673,0.47565,0.11091,0.02763,frames/frame_002614.jpg
2615,108.958333,,0,B,0.25737,0.47534,0.11203,0.00848,frames/frame_002615.jpg
2616,109.000000,,0,P,0.25948,0.47296,0.11369,0.02499,frames/frame_002616.jpg
2617,109.041667,,0,B,0.26688,0.46749,0.11362,0.02118,frames/frame_002617.jpg
2618,109.083333,,0,B,0.25592,0.47035,0.11173,0.02706,frames/frame_002618.jpg
2619,109.125000,,0,B,0.26767,0.46642,0.11514,0.02079,frames/frame_002619.jpg
2620,109.166667,,0,P,0.35282,0.43236,0.11591,0.10157,frames/frame_002620.jpg
2621,109.208333,,0,B,0.41533,0.41943,0.09610,0.09535,frames/frame_002621.jpg
2622,109.250000,,0,P,0.48058,0.40553,0.08588,0.09489,frames/frame_002622.jpg
2623,109.291667,,0,B,0.48824,0.39157,0.08257,0.02916,frames/frame_002623.jpg
2624,109.333333,,0,B,0.48317,0.40157,0.07206,0.02930,frames/frame_002624.jpg
2625,109.375000,,0,B,0.49543,0.38374,0.07153,0.02801,frames/frame_002625.jpg
2626,109.416667,,0,P,0.48959,0.38130,0.07252,0.02642,frames/frame_002626.jpg
2627,109.458333,,0,B,0.48886,0.38218,0.07301,0.02843,frames/frame_002627.jpg
2628,109.500000,,0,B,0.49252,0.37216,0.08537,0.03839,frames/frame_002628.jpg
2629,109.541667,,0,P,0.55947,0.33039,0.08788,0.08203,frames/frame_002629.jpg
2630,109.583333,,0,B,0.61868,0.30006,0.10309,0.08130,frames/frame_002630.jpg
2631,109.625000,,0,P,0.69310,0.25294,0.10105,0.07554,frames/frame_002631.jpg
2632,109.666667,,0,B,0.71918,0.23602,0.09927,0.03767,frames/frame_002632.jpg
2633,109.708333,,0,B,0.71886,0.23627,0.09953,0.00380,frames/frame_002633.jpg
2634,109.750000,,0,B,0.71818,0.23894,0.10115,0.02748,frames/frame_002634.jpg
2635,109.791667,,0,P,0.71835,0.23964,0.10202,0.00285,frames/frame_002635.jpg
2636,109.833333,,0,B,0.71180,0.24801,0.10010,0.02008,frames/frame_002636.jpg
2637,109.875000,,0,B,0.71059,0.24859,0.09945,0.00539,frames/frame_002637.jpg
2638,109.916667,,0,B,0.70813,0.24995,0.09618,0.02687,frames/frame_002638.jpg
2639,109.958333,,0,P,0.70857,0.25088,0.09733,0.00357,frames/frame_002639.jpg
2640,110.000000,,0,B,0.70712,0.25498,0.09826,0.01927,frames/frame_002640.jpg
2641,110.041667,,0,B,0.70662,0.25363,0.09914,0.00562,frames/frame_002641.jpg
2642,110.083333,,0,B,0.71765,0.23990,0.10311,0.02284,frames/frame_002642.jpg
2643,110.125000,,0,P,0.71904,0.23871,0.10253,0.00625,frames/frame_002643.jpg
2644,110.166667,,0,B,0.71330,0.24551,0.10260,0.01955,frames/frame_002644.jpg
2645,110.208333,,0,B,0.71285,0.24662,0.10214,0.00623,frames/frame_002645.jpg
2646,110.250000,,0,B,0.69703,0.26964,0.10108,0.02789,frames/frame_002646.jpg
2647,110.291667,,0,P,0.69635,0.27077,0.10342,0.00481,frames/frame_002647.jpg
2648,110.333333,,0,B,0.71143,0.24813,0.10178,0.02931,frames/frame_002648.jpg
2649,110.375000,,0,B,0.71087,0.24859,0.10240,0.00418,frames/frame_002649.jpg
2650,110.416667,,0,B,0.70746,0.25258,0.10204,0.01479,frames/frame_002650.jpg
2651,110.458333,,0,P,0.70764,0.25281,0.10054,0.00582,frames/frame_002651.jpg
2652,110.500000,,0,B,0.71443,0.24242,0.10171,0.02019,frames/frame_002652.jpg
2653,110.541667,,0,B,0.71417,0.24371,0.10479,0.00640,frames/frame_002653.jpg
2654,110.583333,,0,B,0.70723,0.25528,0.10195,0.01665,frames/frame_002654.jpg
2655,110.625000,,0,P,0.70630,0.25631,0.09910,0.00704,frames/frame_002655.jpg
2656,110.666667,,0,B,0.71466,0.24668,0.10406,0.02576,frames/frame_002656.jpg
2657,110.708333,,0,B,0.71390,0.24765,0.10540,0.00991,frames/frame_002657.jpg
2658,110.750000,,0,B,0.71270,0.24980,0.10273,0.02976,frames/frame_002658.jpg
2659,110.791667,,0,P,0.71295,0.24913,0.10529,0.00882,frames/frame_002659.jpg
2660,110.833333,,0,B,0.70684,0.25247,0.10325,0.02853,frames/frame_002660.jpg
2661,110.875000,,0,B,0.70598,0.25389,0.10387,0.01114,frames/frame_002661.jpg
2662,110.916667,,0,B,0.70214,0.25928,0.10565,0.02273,frames/frame_002662.jpg
2663,110.958333,,0,P,0.70250,0.25901,0.10650,0.01125,frames/frame_002663.jpg
2664,111.000000,,1,I,0.69515,0.27064,0.10767,0.02474,frames/frame_002664.jpg
2665,111.041667,,0,B,0.69619,0.26834,0.11046,0.01163,frames/frame_002665.jpg
2666,111.083333,,0,B,0.70904,0.24498,0.10659,0.03234,frames/frame_002666.jpg
2667,111.125000,,0,B,0.70977,0.24461,0.10948,0.01260,frames/frame_002667.jpg
2668,111.166667,,0,P,0.71858,0.23737,0.11247,0.03267,frames/frame_002668.jpg
2669,111.208333,,0,B,0.71947,0.23620,0.11141,0.01305,frames/frame_002669.jpg
2670,111.250000,,0,P,0.70974,0.24496,0.10786,0.03557,frames/frame_002670.jpg
2671,111.291667,,0,B,0.71101,0.24365,0.10936,0.01599,frames/frame_002671.jpg
2672,111.333333,,0,B,0.71135,0.24323,0.11126,0.02429,frames/frame_002672.jpg
2673,111.375000,,0,B,0.71111,0.24430,0.11260,0.01533,frames/frame_002673.jpg
2674,111.416667,,0,P,0.70263,0.26099,0.11564,0.03326,frames/frame_002674.jpg
2675,111.458333,,0,B,0.70132,0.26267,0.11294,0.01863,frames/frame_002675.jpg
2676,111.500000,,0,B,0.70655,0.25124,0.11593,0.02844,frames/frame_002676.jpg
2677,111.541667,,0,B,0.70601,0.25065,0.11775,0.01918,frames/frame_002677.jpg
2678,111.583333,,0,P,0.71103,0.24107,0.11569,0.03553,frames/frame_002678.jpg
2679,111.625000,,0,B,0.70951,0.24185,0.11695,0.02042,frames/frame_002679.jpg
2680,111.666667,,0,B,0.69571,0.26281,0.11607,0.03844,frames/frame_002680.jpg
2681,111.708333,,0,B,0.69491,0.26525,0.11945,0.02219,frames/frame_002681.jpg
2682,111.750000,,0,P,0.70683,0.24620,0.11965,0.04413,frames/frame_002682.jpg
2683,111.791667,,0,B,0.70733,0.24501,0.12158,0.02326,frames/frame_002683.jpg
2684,111.833333,,0,B,0.69833,0.25510,0.12230,0.03945,frames/frame_002684.jpg
2685,111.875000,,0,B,0.69778,0.25616,0.12135,0.02342,frames/frame_002685.jpg
2686,111.916667,,0,P,0.69815,0.25894,0.12152,0.04062,frames/frame_002686.jpg
2687,111.958333,,0,B,0.69825,0.25878,0.12089,0.02536,frames/frame_002687.jpg
2688,112.000000,,0,B,0.70583,0.24268,0.11800,0.04214,frames/frame_002688.jpg
2689,112.041667,,0,B,0.70522,0.24332,0.12320,0.02636,frames/frame_002689.jpg
2690,112.083333,,0,P,0.70020,0.25283,0.12652,0.04570,frames/frame_002690.jpg
2691,112.125000,,0,B,0.70186,0.25106,0.12631,0.03024,frames/frame_002691.jpg
2692,112.166667,,0,B,0.71050,0.23949,0.12947,0.04324,frames/frame_002692.jpg
2693,112.208333,,0,B,0.71066,0.23856,0.12928,0.03181,frames/frame_002693.jpg
2694,112.250000,,0,P,0.71193,0.23921,0.12986,0.04749,frames/frame_002694.jpg
2695,112.291667,,0,B,0.71181,0.23847,0.12901,0.03357,frames/frame_002695.jpg
2696,112.333333,,0,B,0.71036,0.24010,0.12991,0.04617,frames/frame_002696.jpg
2697,112.375000,,0,B,0.70874,0.24078,0.13091,0.03496,frames/frame_002697.jpg
2698,112.416667,,0,P,0.69618,0.25533,0.12811,0.04726,frames/frame_002698.jpg
2699,112.458333,,0,B,0.69549,0.25525,0.12944,0.03466,frames/frame_002699.jpg
2700,112.500000,,0,B,0.70500,0.24232,0.12941,0.04579,frames/frame_002700.jpg
2701,112.541667,,0,P,0.70360,0.24527,0.12952,0.03647,frames/frame_002701.jpg
2702,112.583333,,0,B,0.69738,0.25507,0.12776,0.04749,frames/frame_002702.jpg
2703,112.625000,,0,B,0.69839,0.25403,0.13097,0.03715,frames/frame_002703.jpg
2704,112.666667,,0,P,0.69888,0.25158,0.13036,0.04959,frames/frame_002704.jpg
2705,112.708333,,0,B,0.69880,0.25034,0.13263,0.03889,frames/frame_002705.jpg
2706,112.750000,,0,B,0.71174,0.23461,0.13407,0.05276,frames/frame_002706.jpg
2707,112.791667,,0,P,0.71452,0.23169,0.13667,0.04206,frames/frame_002707.jpg
2708,112.833333,,0,B,0.71216,0.23590,0.13787,0.05076,frames/frame_002708.jpg
2709,112.875000,,0,B,0.71581,0.23038,0.13509,0.04175,frames/frame_002709.jpg
2710,112.916667,,0,P,0.70394,0.24736,0.13502,0.05931,frames/frame_002710.jpg
2711,112.958333,,0,B,0.71022,0.24084,0.13417,0.04488,frames/frame_002711.jpg
2712,113.000000,,0,P,0.72426,0.22326,0.13606,0.06216,frames/frame_002712.jpg
2713,113.041667,,0,B,0.73222,0.21506,0.13468,0.04546,frames/frame_002713.jpg
2714,113.083333,,0,P,0.73771,0.20896,0.13694,0.05765,frames/frame_002714.jpg
2715,113.125000,,0,B,0.74773,0.19488,0.13274,0.04600,frames/frame_002715.jpg
2716,113.166667,,0,P,0.76142,0.18201,0.13652,0.05789,frames/frame_002716.jpg
2717,113.208333,,0,P,0.77123,0.17217,0.13459,0.04248,frames/frame_002717.jpg
2718,113.250000,,0,P,0.77678,0.16931,0.12709,0.04883,frames/frame_002718.jpg
2719,113.291667,,0,P,0.78698,0.15817,0.12334,0.04052,frames/frame_002719.jpg
2720,113.333333,,0,P,0.81390,0.12940,0.11002,0.05830,frames/frame_002720.jpg
2721,113.375000,,0,P,0.83473,0.11898,0.10163,0.04624,frames/frame_002721.jpg
2722,113.416667,,0,P,0.83882,0.12074,0.09789,0.03654,frames/frame_002722.jpg
2723,113.458333,,0,B,0.84335,0.11653,0.09537,0.02411,frames/frame_002723.jpg
2724,113.500000,,0,B,0.75430,0.21356,0.11203,0.15167,frames/frame_002724.jpg
2725,113.541667,,0,B,0.74203,0.21548,0.11677,0.01877,frames/frame_002725.jpg
2726,113.583333,,0,P,0.73485,0.21637,0.12040,0.02627,frames/frame_002726.jpg
2727,113.625000,,0,B,0.73733,0.20985,0.13289,0.04553,frames/frame_002727.jpg
2728,113.666667,,0,B,0.73124,0.20853,0.14056,0.06916,frames/frame_002728.jpg
2729,113.708333,,0,P,0.70954,0.23016,0.14595,0.08287,frames/frame_002729.jpg
2730,113.750000,,0,B,0.64952,0.29191,0.15557,0.09727,frames/frame_002730.jpg
2731,113.791667,,0,B,0.58703,0.36544,0.14168,0.07169,frames/frame_002731.jpg
2732,113.833333,,0,B,0.57028,0.38633,0.13591,0.02241,frames/frame_002732.jpg
2733,113.875000,,0,P,0.56950,0.38715,0.13548,0.00372,frames/frame_002733.jpg
2734,113.916667,,0,B,0.57124,0.38775,0.13461,0.00660,frames/frame_002734.jpg
2735,113.958333,,0,P,0.57066,0.38849,0.13544,0.00323,frames/frame_002735.jpg
2736,114.000000,,1,I,0.57130,0.38908,0.13360,0.00793,frames/frame_002736.jpg
2737,114.041667,,0,B,0.57229,0.38596,0.12949,0.01027,frames/frame_002737.jpg
2738,114.083333,,0,B,0.57484,0.38497,0.13248,0.01701,frames/frame_002738.jpg
2739,114.125000,,0,B,0.57924,0.38019,0.12904,0.01517,frames/frame_002739.jpg
2740,114.166667,,0,P,0.57960,0.37918,0.12975,0.01064,frames/frame_002740.jpg
2741,114.208333,,0,B,0.57611,0.38013,0.13809,0.01389,frames/frame_002741.jpg
2742,114.250000,,0,P,0.57704,0.38063,0.13564,0.01013,frames/frame_002742.jpg
2743,114.291667,,0,B,0.58282,0.37838,0.12801,0.01532,frames/frame_002743.jpg
2744,114.333333,,0,P,0.58037,0.38220,0.13206,0.01430,frames/frame_002744.jpg
2745,114.375000,,0,B,0.57521,0.38491,0.13492,0.01517,frames/frame_002745.jpg
2746,114.416667,,0,B,0.57405,0.38513,0.13721,0.01174,frames/frame_002746.jpg
2747,114.458333,,0,B,0.57486,0.38511,0.13772,0.00489,frames/frame_002747.jpg
2748,114.500000,,0,P,0.57403,0.38573,0.13872,0.00733,frames/frame_002748.jpg
2749,114.541667,,0,B,0.57359,0.38596,0.13919,0.00547,frames/frame_002749.jpg
2750,114.583333,,0,B,0.57373,0.38718,0.13576,0.00765,frames/frame_002750.jpg
2751,114.625000,,0,B,0.57393,0.38687,0.13507,0.00394,frames/frame_002751.jpg
2752,114.666667,,0,P,0.57287,0.38765,0.13432,0.00703,frames/frame_002752.jpg
2753,114.708333,,0,B,0.57305,0.38711,0.13444,0.00557,frames/frame_002753.jpg
2754,114.750000,,0,B,0.56845,0.38925,0.13814,0.01305,frames/frame_002754.jpg
2755,114.791667,,0,B,0.56822,0.39036,0.13846,0.00931,frames/frame_002755.jpg
2756,114.833333,,0,P,0.56936,0.39069,0.13715,0.01275,frames/frame_002756.jpg
2757,114.875000,,0,B,0.57360,0.38701,0.13625,0.01381,frames/frame_002757.jpg
2758,114.916667,,0,B,0.57673,0.38415,0.13622,0.01634,frames/frame_002758.jpg
2759,114.958333,,0,B,0.57318,0.38451,0.13837,0.01036,frames/frame_002759.jpg
2760,115.000000,,0,P,0.56706,0.38632,0.14318,0.02220,frames/frame_002760.jpg
2761,115.041667,,0,P,0.56422,0.38801,0.14667,0.02827,frames/frame_002761.jpg
2762,115.083333,,0,B,0.56603,0.38910,0.14111,0.01881,frames/frame_002762.jpg
2763,115.125000,,0,B,0.56936,0.39228,0.14032,0.01291,frames/frame_002763.jpg
2764,115.166667,,0,B,0.56841,0.39011,0.14244,0.02023,frames/frame_002764.jpg
2765,115.208333,,0,P,0.56622,0.38952,0.14206,0.00906,frames/frame_002765.jpg
2766,115.250000,,0,B,0.56456,0.38879,0.14192,0.01298,frames/frame_002766.jpg
2767,115.291667,,0,B,0.56440,0.38872,0.14092,0.00977,frames/frame_002767.jpg
2768,115.333333,,0,B,0.57187,0.38566,0.13028,0.01786,frames/frame_002768.jpg
2769,115.375000,,0,P,0.57927,0.38409,0.12868,0.01835,frames/frame_002769.jpg
2770,115.416667,,0,P,0.56618,0.39579,0.13064,0.07398,frames/frame_002770.jpg
2771,115.458333,,0,P,0.56666,0.40128,0.11496,0.05408,frames/frame_002771.jpg
2772,115.500000,,0,B,0.40762,0.43494,0.10989,0.23135,frames/frame_002772.jpg
2773,115.541667,,0,B,0.39676,0.43642,0.11518,0.01718,frames/frame_002773.jpg
2774,115.583333,,0,B,0.39261,0.43639,0.11679,0.01797,frames/frame_002774.jpg
2775,115.625000,,0,P,0.39439,0.43489,0.12835,0.01875,frames/frame_002775.jpg
2776,115.666667,,0,B,0.39437,0.43403,0.12828,0.01579,frames/frame_002776.jpg
2777,115.708333,,0,B,0.39445,0.43446,0.12676,0.01648,frames/frame_002777.jpg
2778,115.750000,,0,B,0.39588,0.43316,0.12818,0.01825,frames/frame_002778.jpg
2779,115.791667,,0,P,0.39356,0.43530,0.12328,0.01886,frames/frame_002779.jpg
2780,115.833333,,0,B,0.39702,0.43283,0.12534,0.02095,frames/frame_002780.jpg
2781,115.875000,,0,B,0.39875,0.43193,0.12764,0.01964,frames/frame_002781.jpg
2782,115.916667,,0,B,0.39866,0.43076,0.12775,0.01894,frames/frame_002782.jpg
2783,115.958333,,0,P,0.39867,0.43056,0.12975,0.01740,frames/frame_002783.jpg
2784,116.000000,,0,B,0.39957,0.43055,0.12828,0.01522,frames/frame_002784.jpg
2785,116.041667,,0,B,0.39867,0.43198,0.12873,0.01123,frames/frame_002785.jpg
2786,116.083333,,0,B,0.39941,0.43094,0.12821,0.01017,frames/frame_002786.jpg
2787,116.125000,,0,P,0.39695,0.43794,0.12090,0.01612,frames/frame_002787.jpg
2788,116.166667,,0,B,0.40109,0.43384,0.12434,0.01617,frames/frame_002788.jpg
2789,116.208333,,0,B,0.40136,0.43280,0.12153,0.02246,frames/frame_002789.jpg
2790,116.250000,,0,P,0.39804,0.43569,0.11649,0.03296,frames/frame_002790.jpg
2791,116.291667,,0,B,0.39923,0.43655,0.11733,0.03281,frames/frame_002791.jpg
2792,116.333333,,0,B,0.40049,0.43671,0.11963,0.03654,frames/frame_002792.jpg
2793,116.375000,,0,P,0.40322,0.43363,0.12101,0.03710,frames/frame_002793.jpg
2794,116.416667,,0,P,0.40283,0.43125,0.12253,0.04112,frames/frame_002794.jpg
2795,116.458333,,0,B,0.40558,0.42757,0.12531,0.04098,frames/frame_002795.jpg
2796,116.500000,,0,B,0.40808,0.42439,0.12235,0.04549,frames/frame_002796.jpg
2797,116.541667,,0,P,0.41066,0.42242,0.12317,0.03704,frames/frame_002797.jpg
2798,116.583333,,0,P,0.41336,0.41683,0.12235,0.04306,frames/frame_002798.jpg
2799,116.625000,,0,B,0.41529,0.41167,0.12663,0.03396,frames/frame_002799.jpg
2800,116.666667,,0,B,0.41392,0.41084,0.12578,0.01975,frames/frame_002800.jpg
2801,116.708333,,0,B,0.41743,0.40940,0.12089,0.02113,frames/frame_002801.jpg
2802,116.750000,,0,P,0.41470,0.40845,0.12353,0.01752,frames/frame_002802.jpg
2803,116.791667,,0,B,0.41635,0.41009,0.12260,0.00794,frames/frame_002803.jpg
2804,116.833333,,0,B,0.43599,0.38651,0.11477,0.05836,frames/frame_002804.jpg
2805,116.875000,,0,B,0.44203,0.38928,0.12159,0.05704,frames/frame_002805.jpg
2806,116.916667,,0,P,0.45043,0.38973,0.11924,0.02324,frames/frame_002806.jpg
2807,116.958333,,0,P,0.45912,0.37807,0.11645,0.04050,frames/frame_002807.jpg
2808,117.000000,,1,I,0.49486,0.41316,0.11560,0.16242,frames/frame_002808.jpg
2809,117.041667,,0,P,0.47983,0.41642,0.12173,0.01446,frames/frame_002809.jpg
2810,117.083333,,0,P,0.47363,0.41811,0.12768,0.01714,frames/frame_002810.jpg
2811,117.125000,,0,P,0.47905,0.41240,0.14052,0.01827,frames/frame_002811.jpg
2812,117.166667,,0,B,0.47316,0.42070,0.13161,0.03151,frames/frame_002812.jpg
2813,117.208333,,0,B,0.48205,0.40993,0.13050,0.03432,frames/frame_002813.jpg
2814,117.250000,,0,B,0.48054,0.41130,0.13472,0.02095,frames/frame_002814.jpg
2815,117.291667,,0,P,0.48059,0.41191,0.13434,0.00716,frames/frame_002815.jpg
2816,117.333333,,0,B,0.48031,0.41168,0.13201,0.02269,frames/frame_002816.jpg
2817,117.375000,,0,P,0.47876,0.41666,0.12908,0.02579,frames/frame_002817.jpg
2818,117.416667,,0,P,0.47694,0.41858,0.12837,0.02682,frames/frame_002818.jpg
2819,117.458333,,0,B,0.47455,0.42149,0.12381,0.02163,frames/frame_002819.jpg
2820,117.500000,,0,B,0.47889,0.41611,0.12811,0.03286,frames/frame_002820.jpg
2821,117.541667,,0,P,0.47324,0.42353,0.12934,0.03571,frames/frame_002821.jpg
2822,117.583333,,0,B,0.47498,0.41412,0.12807,0.02842,frames/frame_002822.jpg
2823,117.625000,,0,P,0.47651,0.41197,0.13511,0.02715,frames/frame_002823.jpg
2824,117.666667,,0,B,0.47643,0.41019,0.12999,0.03096,frames/frame_002824.jpg
2825,117.708333,,0,P,0.47695,0.41075,0.13805,0.03024,frames/frame_002825.jpg
2826,117.750000,,0,B,0.47896,0.40730,0.13610,0.03418,frames/frame_002826.jpg
2827,117.791667,,0,P,0.47703,0.40796,0.14181,0.03246,frames/frame_002827.jpg
2828,117.833333,,0,B,0.47652,0.40595,0.13930,0.03583,frames/frame_002828.jpg
2829,117.875000,,0,P,0.47619,0.40780,0.13898,0.03232,frames/frame_002829.jpg
2830,117.916667,,0,P,0.47438,0.40956,0.14100,0.03688,frames/frame_002830.jpg
2831,117.958333,,0,P,0.47457,0.40792,0.13754,0.03653,frames/frame_002831.jpg
2832,118.000000,,0,P,0.47404,0.40694,0.14496,0.04465,frames/frame_002832.jpg
2833,118.041667,,0,B,0.46742,0.40851,0.14053,0.04242,frames/frame_002833.jpg
2834,118.083333,,0,P,0.45850,0.41520,0.14093,0.04489,frames/frame_002834.jpg
2835,118.125000,,0,P,0.45101,0.41954,0.13742,0.04327,frames/frame_002835.jpg
2836,118.166667,,0,P,0.44949,0.42176,0.13866,0.05183,frames/frame_002836.jpg
2837,118.208333,,0,P,0.44298,0.41890,0.14008,0.04888,frames/frame_002837.jpg
2838,118.250000,,0,B,0.42954,0.43567,0.13621,0.05689,frames/frame_002838.jpg
2839,118.291667,,0,B,0.42836,0.43037,0.13946,0.04515,frames/frame_002839.jpg
2840,118.333333,,0,P,0.41967,0.43510,0.13601,0.04918,frames/frame_002840.jpg
2841,118.375000,,0,B,0.41291,0.43525,0.13605,0.04723,frames/frame_002841.jpg
2842,118.416667,,0,P,0.39907,0.44418,0.13179,0.05082,frames/frame_002842.jpg
2843,118.458333,,0,B,0.39152,0.44741,0.13156,0.04253,frames/frame_002843.jpg
2844,118.500000,,0,P,0.38202,0.45649,0.12677,0.04601,frames/frame_002844.jpg
2845,118.541667,,0,P,0.37486,0.45550,0.12814,0.04352,frames/frame_002845.jpg
2846,118.583333,,0,B,0.36717,0.45650,0.12761,0.04383,frames/frame_002846.jpg
2847,118.625000,,0,P,0.35837,0.46110,0.12827,0.03904,frames/frame_002847.jpg
2848,118.666667,,0,B,0.35281,0.46273,0.12464,0.04326,frames/frame_002848.jpg
2849,118.708333,,0,P,0.34735,0.46299,0.11874,0.03997,frames/frame_002849.jpg
2850,118.750000,,0,B,0.34150,0.46175,0.11697,0.03905,frames/frame_002850.jpg
2851,118.791667,,0,P,0.33380,0.46704,0.10886,0.03476,frames/frame_002851.jpg
2852,118.833333,,0,B,0.32464,0.47229,0.09570,0.04040,frames/frame_002852.jpg
2853,118.875000,,0,P,0.31826,0.49378,0.08195,0.05223,frames/frame_002853.jpg
2854,118.916667,,0,P,0.28725,0.48243,0.07073,0.04412,frames/frame_002854.jpg
2855,118.958333,,0,P,0.15847,0.53021,0.03469,0.12560,frames/frame_002855.jpg
2856,119.000000,,0,B,0.10773,0.60743,0.04112,0.07772,frames/frame_002856.jpg
2857,119.041667,,0,P,0.10938,0.59464,0.04376,0.01349,frames/frame_002857.jpg
2858,119.083333,,0,B,0.11166,0.59008,0.04505,0.01587,frames/frame_002858.jpg
2859,119.125000,,0,P,0.11513,0.59466,0.05103,0.01794,frames/frame_002859.jpg
2860,119.166667,,0,B,0.11775,0.58524,0.05249,0.01616,frames/frame_002860.jpg
2861,119.208333,,0,B,0.11678,0.58998,0.05212,0.01531,frames/frame_002861.jpg
2862,119.250000,,0,B,0.11635,0.58032,0.05177,0.01367,frames/frame_002862.jpg
2863,119.291667,,0,P,0.11429,0.59300,0.05079,0.01462,frames/frame_002863.jpg
2864,119.333333,,0,B,0.11838,0.58654,0.05349,0.01502,frames/frame_002864.jpg
2865,119.375000,,0,B,0.11617,0.59024,0.05167,0.01497,frames/frame_002865.jpg
2866,119.416667,,0,B,0.11798,0.58645,0.05386,0.01340,frames/frame_002866.jpg
2867,119.458333,,0,P,0.11887,0.59008,0.05390,0.01714,frames/frame_002867.jpg
2868,119.500000,,0,B,0.12004,0.58971,0.05425,0.01466,frames/frame_002868.jpg
2869,119.541667,,0,P,0.13496,0.57578,0.07145,0.02928,frames/frame_002869.jpg
2870,119.583333,,0,P,0.27089,0.50441,0.10826,0.14061,frames/frame_002870.jpg
2871,119.625000,,0,P,0.37033,0.49759,0.13917,0.12923,frames/frame_002871.jpg
2872,119.666667,,0,P,0.38946,0.49310,0.12435,0.07808,frames/frame_002872.jpg
2873,119.708333,,0,P,0.40002,0.49466,0.13356,0.05636,frames/frame_002873.jpg
2874,119.750000,,0,P,0.39739,0.49512,0.14513,0.04862,frames/frame_002874.jpg
2875,119.791667,,0,P,0.39259,0.49833,0.13617,0.05305,frames/frame_002875.jpg
2876,119.833333,,0,P,0.38573,0.50138,0.13370,0.06148,frames/frame_002876.jpg
2877,119.875000,,0,P,0.40262,0.49706,0.12653,0.04905,frames/frame_002877.jpg
2878,119.916667,,0,P,0.40218,0.49548,0.13548,0.04302,frames/frame_002878.jpg
2879,119.958333,,0,P,0.39872,0.49432,0.13657,0.05090,frames/frame_002879.jpg
2880,120.000000,,1,I,0.39546,0.49548,0.14081,0.06427,frames/frame_002880.jpg
2881,120.041667,,0,P,0.41192,0.48989,0.13216,0.05164,frames/frame_002881.jpg
2882,120.083333,,0,P,0.40681,0.49383,0.13043,0.04024,frames/frame_002882.jpg
2883,120.125000,,0,P,0.40034,0.49608,0.14010,0.04808,frames/frame_002883.jpg
2884,120.166667,,0,P,0.39299,0.49993,0.13968,0.05928,frames/frame_002884.jpg
2885,120.208333,,0,P,0.38921,0.50328,0.12394,0.05983,frames/frame_002885.jpg
2886,120.250000,,0,B,0.40444,0.49642,0.13078,0.05250,frames/frame_002886.jpg
2887,120.291667,,0,P,0.40060,0.49724,0.14059,0.04646,frames/frame_002887.jpg
2888,120.333333,,0,P,0.40085,0.49461,0.13653,0.05792,frames/frame_002888.jpg
2889,120.375000,,0,P,0.40156,0.49701,0.13626,0.07205,frames/frame_002889.jpg
2890,120.416667,,0,P,0.42446,0.49189,0.11716,0.05640,frames/frame_002890.jpg
2891,120.458333,,0,P,0.41781,0.49465,0.13063,0.04070,frames/frame_002891.jpg
2892,120.500000,,0,P,0.40871,0.49936,0.13432,0.05035,frames/frame_002892.jpg
2893,120.541667,,0,P,0.39345,0.50379,0.14022,0.06733,frames/frame_002893.jpg
2894,120.583333,,0,P,0.41087,0.49864,0.12005,0.05921,frames/frame_002894.jpg
2895,120.625000,,0,P,0.41689,0.49560,0.11568,0.04299,frames/frame_002895.jpg
2896,120.666667,,0,P,0.41512,0.49641,0.13941,0.04688,frames/frame_002896.jpg
2897,120.708333,,0,P,0.41458,0.49778,0.14175,0.06552,frames/frame_002897.jpg
2898,120.750000,,0,P,0.44494,0.49889,0.11301,0.08958,frames/frame_002898.jpg
2899,120.791667,,0,P,0.56060,0.46860,0.10882,0.13332,frames/frame_002899.jpg
2900,120.833333,,0,P,0.76430,0.33598,0.08604,0.20560,frames/frame_002900.jpg
2901,120.875000,,0,B,0.89285,0.23255,0.05434,0.13052,frames/frame_002901.jpg
2902,120.916667,,0,P,0.88874,0.22649,0.05642,0.00803,frames/frame_002902.jpg
2903,120.958333,,0,B,0.83481,0.19075,0.06414,0.05292,frames/frame_002903.jpg
2904,121.000000,,0,P,0.69194,0.30052,0.09101,0.14103,frames/frame_002904.jpg
2905,121.041667,,0,P,0.55510,0.42042,0.12792,0.13216,frames/frame_002905.jpg
2906,121.083333,,0,B,0.53525,0.43297,0.15351,0.04613,frames/frame_002906.jpg
2907,121.125000,,0,B,0.53982,0.42930,0.15469,0.01731,frames/frame_002907.jpg
2908,121.166667,,0,B,0.53625,0.43185,0.15080,0.02289,frames/frame_002908.jpg
2909,121.208333,,0,P,0.53257,0.43526,0.14866,0.01267,frames/frame_002909.jpg
2910,121.250000,,0,B,0.51384,0.45355,0.14608,0.02684,frames/frame_002910.jpg
2911,121.291667,,0,B,0.51308,0.45501,0.14566,0.00508,frames/frame_002911.jpg
2912,121.333333,,0,B,0.54349,0.42802,0.15038,0.04309,frames/frame_002912.jpg
2913,121.375000,,0,P,0.54713,0.42076,0.15217,0.01491,frames/frame_002913.jpg
2914,121.416667,,0,B,0.52939,0.43592,0.14975,0.03304,frames/frame_002914.jpg
2915,121.458333,,0,B,0.54002,0.42616,0.15164,0.02581,frames/frame_002915.jpg
2916,121.500000,,0,B,0.53996,0.42907,0.15267,0.03954,frames/frame_002916.jpg
2917,121.541667,,0,P,0.53747,0.43178,0.15332,0.02691,frames/frame_002917.jpg
2918,121.583333,,0,B,0.54133,0.43246,0.15094,0.03870,frames/frame_002918.jpg
2919,121.625000,,0,B,0.54227,0.43361,0.15208,0.01908,frames/frame_002919.jpg
2920,121.666667,,0,B,0.56667,0.40720,0.16045,0.04809,frames/frame_002920.jpg
2921,121.708333,,0,P,0.57025,0.40381,0.16202,0.01702,frames/frame_002921.jpg
2922,121.750000,,0,B,0.55963,0.41260,0.16050,0.03867,frames/frame_002922.jpg
2923,121.791667,,0,B,0.55723,0.41439,0.15690,0.02457,frames/frame_002923.jpg
2924,121.833333,,0,B,0.52607,0.44044,0.15121,0.05607,frames/frame_002924.jpg
2925,121.875000,,0,P,0.51801,0.44920,0.14893,0.02678,frames/frame_002925.jpg
2926,121.916667,,0,B,0.53980,0.43053,0.15314,0.03736,frames/frame_002926.jpg
2927,121.958333,,0,B,0.54120,0.42798,0.15545,0.01474,frames/frame_002927.jpg
2928,122.000000,,0,P,0.53078,0.44033,0.15675,0.04433,frames/frame_002928.jpg
2929,122.041667,,0,B,0.53379,0.43350,0.15610,0.04245,frames/frame_002929.jpg
2930,122.083333,,0,B,0.55083,0.41908,0.15501,0.03793,frames/frame_002930.jpg
2931,122.125000,,0,B,0.52861,0.43923,0.15248,0.03459,frames/frame_002931.jpg
2932,122.166667,,0,P,0.53896,0.43741,0.15372,0.04844,frames/frame_002932.jpg
2933,122.208333,,0,B,0.54112,0.42718,0.15332,0.03673,frames/frame_002933.jpg
2934,122.250000,,0,B,0.54010,0.42887,0.15323,0.04462,frames/frame_002934.jpg
2935,122.291667,,0,P,0.54197,0.43029,0.15758,0.05115,frames/frame_002935.jpg
2936,122.333333,,0,B,0.54367,0.42711,0.15611,0.05287,frames/frame_002936.jpg
2937,122.375000,,0,B,0.52218,0.44741,0.14939,0.06708,frames/frame_002937.jpg
2938,122.416667,,0,B,0.52372,0.44279,0.14689,0.04867,frames/frame_002938.jpg
2939,122.458333,,0,P,0.53477,0.43775,0.14480,0.04166,frames/frame_002939.jpg
2940,122.500000,,0,B,0.53122,0.43486,0.15195,0.04444,frames/frame_002940.jpg
2941,122.541667,,0,B,0.52163,0.44817,0.14261,0.05586,frames/frame_002941.jpg
2942,122.583333,,0,B,0.53710,0.43236,0.14745,0.05355,frames/frame_002942.jpg
2943,122.625000,,0,P,0.53649,0.43425,0.14482,0.03735,frames/frame_002943.jpg
2944,122.666667,,0,B,0.53466,0.43328,0.14913,0.04616,frames/frame_002944.jpg
2945,122.708333,,0,B,0.52942,0.43822,0.14887,0.05803,frames/frame_002945.jpg
2946,122.750000,,0,P,0.52722,0.44241,0.14580,0.06120,frames/frame_002946.jpg
2947,122.791667,,0,B,0.51210,0.45393,0.14491,0.06042,frames/frame_002947.jpg
2948,122.833333,,0,B,0.54344,0.42325,0.15006,0.05713,frames/frame_002948.jpg
2949,122.875000,,0,P,0.53903,0.42674,0.15035,0.06449,frames/frame_002949.jpg
2950,122.916667,,0,P,0.53283,0.43649,0.13926,0.07901,frames/frame_002950.jpg
2951,122.958333,,0,P,0.52947,0.44083,0.13837,0.07883,frames/frame_002951.jpg
2952,123.000000,,1,I,0.54492,0.42765,0.12856,0.08627,frames/frame_002952.jpg
2953,123.041667,,0,P,0.55244,0.41935,0.13114,0.08840,frames/frame_002953.jpg
2954,123.083333,,0,P,0.52780,0.44989,0.11574,0.10289,frames/frame_002954.jpg
2955,123.125000,,0,P,0.54724,0.44853,0.09567,0.08861,frames/frame_002955.jpg
2956,123.166667,,0,P,0.52669,0.48601,0.07245,0.06993,frames/frame_002956.jpg
2957,123.208333,,0,P,0.49232,0.52955,0.06495,0.07348,frames/frame_002957.jpg
2958,123.250000,,0,P,0.46681,0.57225,0.06692,0.07760,frames/frame_002958.jpg
2959,123.291667,,0,P,0.44346,0.61187,0.05931,0.07909,frames/frame_002959.jpg
2960,123.333333,,0,P,0.41631,0.60042,0.04856,0.09283,frames/frame_002960.jpg
2961,123.375000,,0,P,0.36467,0.62469,0.03180,0.10242,frames/frame_002961.jpg
2962,123.416667,,0,P,0.35292,0.78164,0.02459,0.06371,frames/frame_002962.jpg
2963,123.458333,,0,B,0.35608,0.80996,0.02266,0.01702,frames/frame_002963.jpg
2964,123.500000,,0,B,0.36441,0.81502,0.02691,0.01150,frames/frame_002964.jpg
2965,123.541667,,0,P,0.35791,0.79980,0.02899,0.01267,frames/frame_002965.jpg
2966,123.583333,,0,P,0.34612,0.77031,0.03450,0.02695,frames/frame_002966.jpg
2967,123.625000,,0,P,0.32817,0.72837,0.05180,0.04112,frames/frame_002967.jpg
2968,123.666667,,0,P,0.30071,0.68113,0.06794,0.04979,frames/frame_002968.jpg
2969,123.708333,,0,P,0.27360,0.64473,0.08380,0.04708,frames/frame_002969.jpg
2970,123.750000,,0,B,0.25192,0.63150,0.09630,0.04398,frames/frame_002970.jpg
2971,123.791667,,0,B,0.24517,0.62950,0.09816,0.02507,frames/frame_002971.jpg
2972,123.833333,,0,B,0.24595,0.63792,0.09557,0.02095,frames/frame_002972.jpg
2973,123.875000,,0,P,0.25014,0.64204,0.09504,0.02104,frames/frame_002973.jpg
2974,123.916667,,0,B,0.24878,0.64212,0.09464,0.02544,frames/frame_002974.jpg
2975,123.958333,,0,P,0.24567,0.64062,0.09431,0.02239,frames/frame_002975.jpg
2976,124.000000,,0,B,0.24956,0.63823,0.09479,0.02965,frames/frame_002976.jpg
2977,124.041667,,0,B,0.25074,0.63838,0.09346,0.01713,frames/frame_002977.jpg
2978,124.083333,,0,B,0.25210,0.64376,0.09349,0.02483,frames/frame_002978.jpg
2979,124.125000,,0,P,0.25712,0.64087,0.09009,0.02670,frames/frame_002979.jpg
2980,124.166667,,0,B,0.24823,0.63362,0.09243,0.02241,frames/frame_002980.jpg
2981,124.208333,,0,B,0.25284,0.63680,0.08944,0.01814,frames/frame_002981.jpg
2982,124.250000,,0,B,0.25738,0.64428,0.08909,0.02037,frames/frame_002982.jpg
2983,124.291667,,0,P,0.26250,0.64880,0.08738,0.02508,frames/frame_002983.jpg
2984,124.333333,,0,B,0.24969,0.63486,0.09417,0.04035,frames/frame_002984.jpg
2985,124.375000,,0,B,0.24811,0.63374,0.09083,0.02739,frames/frame_002985.jpg
2986,124.416667,,0,B,0.24997,0.63586,0.08797,0.02327,frames/frame_002986.jpg
2987,124.458333,,0,P,0.24922,0.63966,0.09360,0.02074,frames/frame_002987.jpg
2988,124.500000,,0,B,0.24854,0.63843,0.09134,0.02241,frames/frame_002988.jpg
2989,124.541667,,0,B,0.24841,0.63989,0.09361,0.01199,frames/frame_002989.jpg
2990,124.583333,,0,B,0.25322,0.64477,0.09241,0.02853,frames/frame_002990.jpg
2991,124.625000,,0,P,0.25349,0.64639,0.09118,0.02141,frames/frame_002991.jpg
2992,124.666667,,0,B,0.25453,0.64902,0.09353,0.02974,frames/frame_002992.jpg
2993,124.708333,,0,B,0.25455,0.64312,0.09543,0.02428,frames/frame_002993.jpg
2994,124.750000,,0,B,0.25717,0.64123,0.09559,0.02600,frames/frame_002994.jpg
2995,124.791667,,0,P,0.25607,0.64029,0.09470,0.02127,frames/frame_002995.jpg
2996,124.833333,,0,B,0.24810,0.62677,0.09654,0.03192,frames/frame_002996.jpg
2997,124.875000,,0,B,0.24958,0.63026,0.09825,0.02054,frames/frame_002997.jpg
2998,124.916667,,0,B,0.25676,0.64011,0.09733,0.02904,frames/frame_002998.jpg
2999,124.958333,,0,P,0.25390,0.63653,0.09506,0.02851,frames/frame_002999.jpg
3000,125.000000,,0,B,0.25071,0.63010,0.09749,0.03324,frames/frame_003000.jpg
3001,125.041667,,0,B,0.25599,0.62827,0.09909,0.02986,frames/frame_003001.jpg
3002,125.083333,,0,B,0.26315,0.62983,0.09917,0.02579,frames/frame_003002.jpg
3003,125.125000,,0,P,0.26274,0.62425,0.09717,0.01889,frames/frame_003003.jpg
3004,125.166667,,0,B,0.26429,0.62961,0.09639,0.02502,frames/frame_003004.jpg
3005,125.208333,,0,B,0.26377,0.62830,0.09624,0.01729,frames/frame_003005.jpg
3006,125.250000,,0,B,0.26091,0.62488,0.09837,0.02293,frames/frame_003006.jpg
3007,125.291667,,0,P,0.25971,0.62681,0.09645,0.02673,frames/frame_003007.jpg
3008,125.333333,,0,B,0.26318,0.63543,0.09472,0.02058,frames/frame_003008.jpg
3009,125.375000,,0,B,0.26370,0.63374,0.09579,0.02898,frames/frame_003009.jpg
3010,125.416667,,0,B,0.26403,0.63771,0.09695,0.02379,frames/frame_003010.jpg
3011,125.458333,,0,P,0.26198,0.63827,0.09514,0.02152,frames/frame_003011.jpg
3012,125.500000,,0,B,0.24991,0.63038,0.09596,0.03091,frames/frame_003012.jpg
3013,125.541667,,0,B,0.26470,0.64628,0.09152,0.03282,frames/frame_003013.jpg
3014,125.583333,,0,B,0.26014,0.64031,0.09445,0.02720,frames/frame_003014.jpg
3015,125.625000,,0,P,0.25785,0.63718,0.09598,0.02766,frames/frame_003015.jpg
3016,125.666667,,0,B,0.25406,0.63966,0.08999,0.04665,frames/frame_003016.jpg
3017,125.708333,,0,B,0.24685,0.63537,0.09367,0.04767,frames/frame_003017.jpg
3018,125.750000,,0,B,0.24884,0.63766,0.09589,0.02434,frames/frame_003018.jpg
3019,125.791667,,0,P,0.24823,0.63689,0.09419,0.01335,frames/frame_003019.jpg
3020,125.833333,,0,B,0.24778,0.64195,0.08632,0.02451,frames/frame_003020.jpg
3021,125.875000,,0,B,0.24383,0.64417,0.08685,0.01649,frames/frame_003021.jpg
3022,125.916667,,0,B,0.24241,0.63889,0.08449,0.01887,frames/frame_003022.jpg
3023,125.958333,,0,P,0.24607,0.64203,0.08309,0.02089,frames/frame_003023.jpg
3024,126.000000,,1,I,0.14356,0.45705,0.08859,0.17112,frames/frame_003024.jpg
3025,126.041667,,0,B,0.14644,0.45609,0.09060,0.00514,frames/frame_003025.jpg
3026,126.083333,,0,B,0.14854,0.46473,0.08878,0.01482,frames/frame_003026.jpg
3027,126.125000,,0,P,0.15340,0.46090,0.09663,0.00828,frames/frame_003027.jpg
3028,126.166667,,0,B,0.14816,0.42826,0.09762,0.01657,frames/frame_003028.jpg
3029,126.208333,,0,P,0.14815,0.42662,0.09717,0.00557,frames/frame_003029.jpg
3030,126.250000,,0,B,0.14860,0.42149,0.09721,0.01066,frames/frame_003030.jpg
3031,126.291667,,0,B,0.15073,0.41997,0.09751,0.00657,frames/frame_003031.jpg
3032,126.333333,,0,B,0.15098,0.42408,0.09716,0.01200,frames/frame_003032.jpg
3033,126.375000,,0,P,0.15345,0.42238,0.09942,0.01636,frames/frame_003033.jpg
3034,126.416667,,0,B,0.15431,0.42420,0.09817,0.00979,frames/frame_003034.jpg
3035,126.458333,,0,B,0.15402,0.42286,0.09838,0.00512,frames/frame_003035.jpg
3036,126.500000,,0,B,0.15304,0.43264,0.09939,0.01088,frames/frame_003036.jpg
3037,126.541667,,0,P,0.15365,0.43452,0.09861,0.00471,frames/frame_003037.jpg
3038,126.583333,,0,B,0.15521,0.44130,0.09644,0.01128,frames/frame_003038.jpg
3039,126.625000,,0,B,0.15602,0.43801,0.09670,0.00644,frames/frame_003039.jpg
3040,126.666667,,0,B,0.15652,0.43273,0.09478,0.01127,frames/frame_003040.jpg
3041,126.708333,,0,P,0.15773,0.42838,0.09907,0.01099,frames/frame_003041.jpg
3042,126.750000,,0,B,0.15893,0.42715,0.10009,0.01177,frames/frame_003042.jpg
3043,126.791667,,0,B,0.15900,0.42536,0.10051,0.00479,frames/frame_003043.jpg
3044,126.833333,,0,B,0.16363,0.45198,0.09915,0.01342,frames/frame_003044.jpg
3045,126.875000,,0,P,0.16390,0.45322,0.09916,0.00551,frames/frame_003045.jpg
3046,126.916667,,0,B,0.16382,0.44641,0.09859,0.01656,frames/frame_003046.jpg
3047,126.958333,,0,P,0.16469,0.44796,0.09960,0.00690,frames/frame_003047.jpg
3048,127.000000,,0,P,0.16628,0.46629,0.10128,0.01371,frames/frame_003048.jpg
3049,127.041667,,0,B,0.17212,0.46529,0.10880,0.03519,frames/frame_003049.jpg
3050,127.083333,,0,P,0.17411,0.45269,0.11730,0.04827,frames/frame_003050.jpg
3051,127.125000,,0,P,0.16846,0.45422,0.10936,0.05427,frames/frame_003051.jpg
3052,127.166667,,0,P,0.15962,0.42802,0.10429,0.05419,frames/frame_003052.jpg
3053,127.208333,,0,B,0.15830,0.42734,0.10373,0.04933,frames/frame_003053.jpg
3054,127.250000,,0,P,0.15223,0.43943,0.09248,0.04781,frames/frame_003054.jpg
3055,127.291667,,0,P,0.14629,0.43596,0.08477,0.03731,frames/frame_003055.jpg
3056,127.333333,,0,P,0.14693,0.42058,0.08628,0.04040,frames/frame_003056.jpg
3057,127.375000,,0,B,0.14278,0.41636,0.08104,0.02785,frames/frame_003057.jpg
3058,127.416667,,0,P,0.13848,0.41808,0.08220,0.02662,frames/frame_003058.jpg
3059,127.458333,,0,B,0.14002,0.41306,0.07852,0.01442,frames/frame_003059.jpg
3060,127.500000,,0,B,0.17042,0.39017,0.08246,0.03613,frames/frame_003060.jpg
3061,127.541667,,0,B,0.17828,0.38355,0.08624,0.01229,frames/frame_003061.jpg
3062,127.583333,,0,P,0.17740,0.38895,0.08661,0.02327,frames/frame_003062.jpg
3063,127.625000,,0,B,0.17865,0.38863,0.08691,0.01321,frames/frame_003063.jpg
3064,127.666667,,0,P,0.18102,0.38949,0.08968,0.04197,frames/frame_003064.jpg
3065,127.708333,,0,P,0.19326,0.39256,0.09504,0.03070,frames/frame_003065.jpg
3066,127.750000,,0,P,0.22237,0.39296,0.09855,0.05205,frames/frame_003066.jpg
3067,127.791667,,0,P,0.27791,0.37874,0.08788,0.07762,frames/frame_003067.jpg
3068,127.833333,,0,P,0.35957,0.36300,0.07235,0.09800,frames/frame_003068.jpg
3069,127.875000,,0,P,0.54365,0.32815,0.06125,0.17326,frames/frame_003069.jpg
3070,127.916667,,0,P,0.72706,0.29005,0.05575,0.18288,frames/frame_003070.jpg
3071,127.958333,,0,P,0.83695,0.26598,0.04970,0.10631,frames/frame_003071.jpg
3072,128.000000,,0,B,0.83964,0.23184,0.05083,0.01196,frames/frame_003072.jpg
3073,128.041667,,0,B,0.81484,0.22810,0.05766,0.02520,frames/frame_003073.jpg
3074,128.083333,,0,B,0.77002,0.22495,0.06579,0.04300,frames/frame_003074.jpg
3075,128.125000,,0,P,0.71686,0.22438,0.08667,0.06012,frames/frame_003075.jpg
3076,128.166667,,0,B,0.64313,0.24606,0.09870,0.07285,frames/frame_003076.jpg
3077,128.208333,,0,P,0.56806,0.27939,0.11225,0.07505,frames/frame_003077.jpg
3078,128.250000,,0,P,0.50641,0.30445,0.13102,0.06387,frames/frame_003078.jpg
3079,128.291667,,0,P,0.46592,0.31902,0.14288,0.04034,frames/frame_003079.jpg
3080,128.333333,,0,B,0.45774,0.32053,0.13768,0.02207,frames/frame_003080.jpg
3081,128.375000,,0,B,0.45692,0.32092,0.13698,0.00275,frames/frame_003081.jpg
3082,128.416667,,0,B,0.45488,0.32200,0.13608,0.02086,frames/frame_003082.jpg
3083,128.458333,,0,P,0.46004,0.32240,0.13565,0.01518,frames/frame_003083.jpg
3084,128.500000,,0,B,0.45294,0.32572,0.13681,0.02150,frames/frame_003084.jpg
3085,128.541667,,0,B,0.44660,0.32831,0.13464,0.01239,frames/frame_003085.jpg
3086,128.583333,,0,B,0.44924,0.32733,0.13647,0.01817,frames/frame_003086.jpg
3087,128.625000,,0,P,0.44761,0.32866,0.13663,0.00408,frames/frame_003087.jpg
3088,128.666667,,0,B,0.45254,0.32537,0.13391,0.01694,frames/frame_003088.jpg
3089,128.708333,,0,B,0.45300,0.32553,0.13328,0.00392,frames/frame_003089.jpg
3090,128.750000,,0,B,0.45588,0.32308,0.13209,0.01481,frames/frame_003090.jpg
3091,128.791667,,0,P,0.45587,0.32415,0.13174,0.00933,frames/frame_003091.jpg
3092,128.833333,,0,B,0.45779,0.32438,0.13379,0.01357,frames/frame_003092.jpg
3093,128.875000,,0,B,0.45420,0.32597,0.13572,0.00796,frames/frame_003093.jpg
3094,128.916667,,0,B,0.45977,0.32526,0.13405,0.01673,frames/frame_003094.jpg
3095,128.958333,,0,P,0.45155,0.32736,0.13416,0.01214,frames/frame_003095.jpg
3096,129.000000,,1,I,0.44540,0.32643,0.14092,0.02400,frames/frame_003096.jpg
3097,129.041667,,0,B,0.44595,0.32603,0.14239,0.01085,frames/frame_003097.jpg
3098,129.083333,,0,B,0.43798,0.32697,0.14154,0.01622,frames/frame_003098.jpg
3099,129.125000,,0,B,0.44437,0.32523,0.14179,0.01088,frames/frame_003099.jpg
3100,129.166667,,0,P,0.44781,0.32509,0.14323,0.01432,frames/frame_003100.jpg
3101,129.208333,,0,B,0.44559,0.32475,0.14247,0.00804,frames/frame_003101.jpg
3102,129.250000,,0,B,0.44462,0.32522,0.14309,0.01328,frames/frame_003102.jpg
3103,129.291667,,0,B,0.44001,0.32550,0.14208,0.00929,frames/frame_003103.jpg
3104,129.333333,,0,P,0.44011,0.32678,0.14265,0.01190,frames/frame_003104.jpg
3105,129.375000,,0,B,0.44229,0.32458,0.14312,0.00955,frames/frame_003105.jpg
3106,129.416667,,0,B,0.44032,0.32539,0.14014,0.01357,frames/frame_003106.jpg
3107,129.458333,,0,B,0.43894,0.32643,0.14045,0.01284,frames/frame_003107.jpg
3108,129.500000,,0,P,0.44238,0.32503,0.13854,0.01204,frames/frame_003108.jpg
3109,129.541667,,0,B,0.44151,0.32378,0.13488,0.01084,frames/frame_003109.jpg
3110,129.583333,,0,B,0.44239,0.32240,0.14074,0.01616,frames/frame_003110.jpg
3111,129.625000,,0,B,0.44344,0.32150,0.14029,0.01354,frames/frame_003111.jpg
3112,129.666667,,0,P,0.44351,0.32452,0.13728,0.01674,frames/frame_003112.jpg
3113,129.708333,,0,B,0.44396,0.32277,0.13633,0.00677,frames/frame_003113.jpg
3114,129.750000,,0,B,0.44090,0.32328,0.13903,0.02120,frames/frame_003114.jpg
3115,129.791667,,0,B,0.44450,0.32262,0.14121,0.01115,frames/frame_003115.jpg
3116,129.833333,,0,P,0.44500,0.32591,0.13042,0.02043,frames/frame_003116.jpg
3117,129.875000,,0,B,0.45292,0.33113,0.13582,0.01062,frames/frame_003117.jpg
3118,129.916667,,0,P,0.51351,0.36443,0.14687,0.07698,frames/frame_003118.jpg
3119,129.958333,,0,P,0.75872,0.32606,0.08685,0.28726,frames/frame_003119.jpg
3120,130.000000,,0,P,0.90636,0.20493,0.05406,0.15094,frames/frame_003120.jpg
3121,130.041667,,0,P,0.60454,0.33173,0.05488,0.24707,frames/frame_003121.jpg
3122,130.083333,,0,P,0.30427,0.56553,0.04348,0.29664,frames/frame_003122.jpg
3123,130.125000,,0,P,0.16383,0.67098,0.05293,0.16113,frames/frame_003123.jpg
3124,130.166667,,0,B,0.13659,0.69480,0.05378,0.03367,frames/frame_003124.jpg
3125,130.208333,,0,P,0.13619,0.69758,0.05206,0.01029,frames/frame_003125.jpg
3126,130.250000,,0,B,0.13547,0.70189,0.05269,0.01385,frames/frame_003126.jpg
3127,130.291667,,0,B,0.13690,0.70206,0.05345,0.01012,frames/frame_003127.jpg
3128,130.333333,,0,B,0.13689,0.70381,0.05145,0.01273,frames/frame_003128.jpg
3129,130.375000,,0,P,0.13701,0.70558,0.05224,0.00888,frames/frame_003129.jpg
3130,130.416667,,0,B,0.13781,0.70736,0.05256,0.01087,frames/frame_003130.jpg
3131,130.458333,,0,P,0.16070,0.69555,0.05234,0.02947,frames/frame_003131.jpg
3132,130.500000,,0,P,0.16497,0.68640,0.06503,0.03741,frames/frame_003132.jpg
3133,130.541667,,0,P,0.17602,0.68574,0.07547,0.02671,frames/frame_003133.jpg
3134,130.583333,,0,P,0.17272,0.68706,0.07822,0.03652,frames/frame_003134.jpg
3135,130.625000,,0,B,0.16835,0.69330,0.07934,0.02302,frames/frame_003135.jpg
3136,130.666667,,0,B,0.16543,0.69773,0.07802,0.02128,frames/frame_003136.jpg
3137,130.708333,,0,P,0.16408,0.69968,0.07229,0.02105,frames/frame_003137.jpg
3138,130.750000,,0,B,0.16482,0.70117,0.07463,0.02338,frames/frame_003138.jpg
3139,130.791667,,0,P,0.16273,0.70008,0.07735,0.01998,frames/frame_003139.jpg
3140,130.833333,,0,B,0.16146,0.69849,0.07406,0.02384,frames/frame_003140.jpg
3141,130.875000,,0,P,0.15902,0.69761,0.07064,0.01668,frames/frame_003141.jpg
3142,130.916667,,0,B,0.15702,0.69751,0.07049,0.02297,frames/frame_003142.jpg
3143,130.958333,,0,P,0.15715,0.69619,0.07216,0.01611,frames/frame_003143.jpg
3144,131.000000,,0,B,0.15634,0.69553,0.06613,0.01766,frames/frame_003144.jpg
3145,131.041667,,0,P,0.15275,0.69569,0.06894,0.01523,frames/frame_003145.jpg
3146,131.083333,,0,P,0.14956,0.69651,0.06823,0.02261,frames/frame_003146.jpg
3147,131.125000,,0,P,0.20467,0.66572,0.06067,0.06732,frames/frame_003147.jpg
3148,131.166667,,0,P,0.20599,0.65570,0.07391,0.05538,frames/frame_003148.jpg
3149,131.208333,,0,P,0.20166,0.65822,0.07792,0.04577,frames/frame_003149.jpg
3150,131.250000,,0,P,0.21516,0.64696,0.08989,0.04323,frames/frame_003150.jpg
3151,131.291667,,0,P,0.21332,0.64707,0.10787,0.04798,frames/frame_003151.jpg
3152,131.333333,,0,P,0.21205,0.65053,0.10049,0.04511,frames/frame_003152.jpg
3153,131.375000,,0,P,0.21266,0.65303,0.10054,0.05133,frames/frame_003153.jpg
3154,131.416667,,0,P,0.21235,0.65342,0.09687,0.04312,frames/frame_003154.jpg
3155,131.458333,,0,P,0.20473,0.66124,0.09431,0.04265,frames/frame_003155.jpg
3156,131.500000,,0,P,0.19850,0.66562,0.09409,0.03707,frames/frame_003156.jpg
3157,131.541667,,0,B,0.19674,0.66762,0.09909,0.03674,frames/frame_003157.jpg
3158,131.583333,,0,B,0.19976,0.66929,0.08714,0.03596,frames/frame_003158.jpg
3159,131.625000,,0,P,0.19948,0.67162,0.08841,0.03351,frames/frame_003159.jpg
3160,131.666667,,0,B,0.19239,0.67725,0.08482,0.03160,frames/frame_003160.jpg
3161,131.708333,,0,P,0.19416,0.67793,0.08897,0.03101,frames/frame_003161.jpg
3162,131.750000,,0,B,0.19445,0.67901,0.08188,0.03507,frames/frame_003162.jpg
3163,131.791667,,0,P,0.18808,0.68320,0.08297,0.03227,frames/frame_003163.jpg
3164,131.833333,,0,P,0.18642,0.67801,0.07093,0.03543,frames/frame_003164.jpg
3165,131.875000,,0,P,0.23686,0.63597,0.06501,0.06220,frames/frame_003165.jpg
3166,131.916667,,0,P,0.37195,0.54021,0.05435,0.13624,frames/frame_003166.jpg
3167,131.958333,,0,P,0.59124,0.51325,0.05178,0.18066,frames/frame_003167.jpg
3168,132.000000,,1,I,0.16282,0.38640,0.04315,0.40325,frames/frame_003168.jpg
3169,132.041667,,0,P,0.16371,0.38382,0.04473,0.00961,frames/frame_003169.jpg
3170,132.083333,,0,B,0.16863,0.38446,0.04625,0.01223,frames/frame_003170.jpg
3171,132.125000,,0,P,0.17670,0.37818,0.05883,0.01630,frames/frame_003171.jpg
3172,132.166667,,0,B,0.17690,0.37650,0.05917,0.01299,frames/frame_003172.jpg
3173,132.208333,,0,P,0.18475,0.36574,0.06158,0.01778,frames/frame_003173.jpg
3174,132.250000,,0,B,0.20234,0.36078,0.06390,0.03059,frames/frame_003174.jpg
3175,132.291667,,0,B,0.20236,0.36119,0.06560,0.01452,frames/frame_003175.jpg
3176,132.333333,,0,P,0.21125,0.35845,0.07132,0.02226,frames/frame_003176.jpg
3177,132.375000,,0,B,0.21330,0.35906,0.07337,0.01576,frames/frame_003177.jpg
3178,132.416667,,0,B,0.20897,0.36628,0.07331,0.02372,frames/frame_003178.jpg
3179,132.458333,,0,B,0.20998,0.36592,0.07507,0.01816,frames/frame_003179.jpg
3180,132.500000,,0,P,0.21269,0.36362,0.07697,0.02122,frames/frame_003180.jpg
3181,132.541667,,0,B,0.21751,0.36335,0.07303,0.02135,frames/frame_003181.jpg
3182,132.583333,,0,B,0.21425,0.36521,0.07225,0.02237,frames/frame_003182.jpg
3183,132.625000,,0,P,0.22861,0.36076,0.07408,0.02722,frames/frame_003183.jpg
3184,132.666667,,0,P,0.21723,0.37030,0.07255,0.03132,frames/frame_003184.jpg
3185,132.708333,,0,B,0.22240,0.37060,0.07493,0.02489,frames/frame_003185.jpg
3186,132.750000,,0,P,0.22793,0.36995,0.07542,0.02915,frames/frame_003186.jpg
3187,132.791667,,0,B,0.23013,0.37081,0.07895,0.02135,frames/frame_003187.jpg
3188,132.833333,,0,P,0.22044,0.37505,0.07941,0.03258,frames/frame_003188.jpg
3189,132.875000,,0,B,0.21517,0.37779,0.07958,0.01823,frames/frame_003189.jpg
3190,132.916667,,0,P,0.22767,0.37425,0.07884,0.02107,frames/frame_003190.jpg
3191,132.958333,,0,P,0.25475,0.37897,0.08222,0.03478,frames/frame_003191.jpg
3192,133.000000,,0,P,0.24186,0.38281,0.08648,0.03369,frames/frame_003192.jpg
3193,133.041667,,0,P,0.24423,0.38188,0.08834,0.02002,frames/frame_003193.jpg
3194,133.083333,,0,B,0.26789,0.38583,0.08634,0.03517,frames/frame_003194.jpg
3195,133.125000,,0,P,0.25927,0.38060,0.08651,0.02917,frames/frame_003195.jpg
3196,133.166667,,0,B,0.27323,0.37687,0.09003,0.03909,frames/frame_003196.jpg
3197,133.208333,,0,P,0.27299,0.37897,0.08963,0.01729,frames/frame_003197.jpg
3198,133.250000,,0,B,0.25531,0.38497,0.08697,0.03915,frames/frame_003198.jpg
3199,133.291667,,0,B,0.25541,0.38601,0.08652,0.01248,frames/frame_003199.jpg
3200,133.333333,,0,B,0.26068,0.38022,0.09077,0.03115,frames/frame_003200.jpg
3201,133.375000,,0,P,0.26066,0.38013,0.09199,0.01048,frames/frame_003201.jpg
3202,133.416667,,0,B,0.27623,0.39064,0.08998,0.03305,frames/frame_003202.jpg
3203,133.458333,,0,P,0.27614,0.39033,0.09020,0.00805,frames/frame_003203.jpg
3204,133.500000,,0,B,0.25894,0.38442,0.08773,0.03011,frames/frame_003204.jpg
3205,133.541667,,0,B,0.25927,0.38451,0.08786,0.00650,frames/frame_003205.jpg
3206,133.583333,,0,B,0.26150,0.39215,0.08999,0.02148,frames/frame_003206.jpg
3207,133.625000,,0,P,0.26188,0.39091,0.09082,0.00514,frames/frame_003207.jpg
3208,133.666667,,0,B,0.26282,0.38920,0.09084,0.02559,frames/frame_003208.jpg
3209,133.708333,,0,B,0.26888,0.39322,0.09145,0.01611,frames/frame_003209.jpg
3210,133.750000,,0,B,0.25770,0.39391,0.09308,0.02312,frames/frame_003210.jpg
3211,133.791667,,0,P,0.26099,0.38766,0.09082,0.02250,frames/frame_003211.jpg
3212,133.833333,,0,P,0.26768,0.39024,0.09406,0.02678,frames/frame_003212.jpg
3213,133.875000,,0,P,0.19664,0.39276,0.07821,0.09048,frames/frame_003213.jpg
3214,133.916667,,0,B,0.17979,0.38572,0.06888,0.04576,frames/frame_003214.jpg
3215,133.958333,,0,B,0.17609,0.38439,0.06874,0.02224,frames/frame_003215.jpg
3216,134.000000,,0,B,0.17304,0.37813,0.06244,0.01849,frames/frame_003216.jpg
3217,134.041667,,0,P,0.17109,0.37488,0.06425,0.01869,frames/frame_003217.jpg
3218,134.083333,,0,B,0.16991,0.37166,0.06250,0.01444,frames/frame_003218.jpg
3219,134.125000,,0,B,0.16805,0.37144,0.06286,0.00921,frames/frame_003219.jpg
3220,134.166667,,0,B,0.16451,0.37332,0.05820,0.01815,frames/frame_003220.jpg
3221,134.208333,,0,P,0.16476,0.37291,0.05832,0.01010,frames/frame_003221.jpg
3222,134.250000,,0,B,0.16563,0.37598,0.05901,0.01096,frames/frame_003222.jpg
3223,134.291667,,0,P,0.16508,0.37628,0.05849,0.01044,frames/frame_003223.jpg
3224,134.333333,,0,B,0.16513,0.37730,0.05913,0.00993,frames/frame_003224.jpg
3225,134.375000,,0,B,0.16500,0.37781,0.06003,0.00666,frames/frame_003225.jpg
3226,134.416667,,0,B,0.16600,0.37779,0.06093,0.00661,frames/frame_003226.jpg
3227,134.458333,,0,P,0.16524,0.37749,0.06060,0.00568,frames/frame_003227.jpg
3228,134.500000,,0,B,0.16471,0.37831,0.06083,0.00642,frames/frame_003228.jpg
3229,134.541667,,0,B,0.16563,0.37742,0.06174,0.01119,frames/frame_003229.jpg
3230,134.583333,,0,B,0.16562,0.37766,0.05998,0.01090,frames/frame_003230.jpg
3231,134.625000,,0,P,0.16687,0.37740,0.06089,0.01154,frames/frame_003231.jpg
3232,134.666667,,0,B,0.16798,0.37861,0.06147,0.00817,frames/frame_003232.jpg
3233,134.708333,,0,B,0.16682,0.37849,0.06091,0.00816,frames/frame_003233.jpg
3234,134.750000,,0,B,0.16724,0.38026,0.06207,0.00571,frames/frame_003234.jpg
3235,134.791667,,0,P,0.16621,0.38093,0.06331,0.00411,frames/frame_003235.jpg
3236,134.833333,,0,B,0.16738,0.38183,0.06341,0.00462,frames/frame_003236.jpg
3237,134.875000,,0,B,0.16642,0.38289,0.06171,0.00944,frames/frame_003237.jpg
3238,134.916667,,0,B,0.16826,0.38195,0.06406,0.01028,frames/frame_003238.jpg
3239,134.958333,,0,P,0.16809,0.38189,0.06262,0.00472,frames/frame_003239.jpg
3240,135.000000,,1,I,0.16609,0.38192,0.06286,0.00968,frames/frame_003240.jpg
3241,135.041667,,0,B,0.16647,0.38118,0.06102,0.00546,frames/frame_003241.jpg
3242,135.083333,,0,B,0.16711,0.38050,0.05947,0.00541,frames/frame_003242.jpg
3243,135.125000,,0,B,0.16682,0.37921,0.05837,0.00414,frames/frame_003243.jpg
3244,135.166667,,0,P,0.16546,0.37579,0.05758,0.00516,frames/frame_003244.jpg
3245,135.208333,,0,B,0.16335,0.37667,0.05731,0.00417,frames/frame_003245.jpg
3246,135.250000,,0,P,0.15105,0.36844,0.05434,0.01471,frames/frame_003246.jpg
3247,135.291667,,0,B,0.12426,0.36995,0.04417,0.02511,frames/frame_003247.jpg
3248,135.333333,,0,P,0.08764,0.36841,0.02201,0.03567,frames/frame_003248.jpg
3249,135.375000,,0,P,0.06525,0.41454,0.00883,0.02298,frames/frame_003249.jpg
3250,135.416667,,0,B,0.06518,0.42171,0.00941,0.00549,frames/frame_003250.jpg
3251,135.458333,,0,B,0.06518,0.42096,0.00923,0.00025,frames/frame_003251.jpg
3252,135.500000,,0,B,0.06516,0.42095,0.00915,0.00009,frames/frame_003252.jpg
3253,135.541667,,0,P,0.06466,0.42234,0.00881,0.00061,frames/frame_003253.jpg
3254,135.583333,,0,B,0.06208,0.42692,0.00478,0.00258,frames/frame_003254.jpg
3255,135.625000,,0,B,0.06208,0.42692,0.00478,0.00000,frames/frame_003255.jpg
3256,135.666667,,0,B,0.06475,0.42282,0.00881,0.00263,frames/frame_003256.jpg
3257,135.708333,,0,P,0.06462,0.42308,0.00882,0.00020,frames/frame_003257.jpg
3258,135.750000,,0,B,0.06471,0.42328,0.00873,0.00020,frames/frame_003258.jpg
3259,135.791667,,0,B,0.06468,0.42354,0.00883,0.00013,frames/frame_003259.jpg
3260,135.833333,,0,B,0.06468,0.42337,0.00886,0.00015,frames/frame_003260.jpg
3261,135.875000,,0,P,0.06375,0.42683,0.00808,0.00110,frames/frame_003261.jpg
3262,135.916667,,0,P,0.14318,0.39127,0.04275,0.07808,frames/frame_003262.jpg
3263,135.958333,,0,B,0.06377,0.42662,0.00819,0.07808,frames/frame_003263.jpg
3264,136.000000,,0,P,0.13490,0.39780,0.04263,0.06946,frames/frame_003264.jpg
3265,136.041667,,0,B,0.14109,0.39504,0.04177,0.01026,frames/frame_003265.jpg
3266,136.083333,,0,B,0.13398,0.39997,0.04265,0.01620,frames/frame_003266.jpg
3267,136.125000,,0,B,0.13599,0.40153,0.04460,0.00825,frames/frame_003267.jpg
3268,136.166667,,0,P,0.13239,0.40185,0.04399,0.00719,frames/frame_003268.jpg
3269,136.208333,,0,B,0.13078,0.39981,0.04195,0.01089,frames/frame_003269.jpg
3270,136.250000,,0,B,0.13013,0.39666,0.04218,0.00782,frames/frame_003270.jpg
3271,136.291667,,0,B,0.12622,0.39914,0.04196,0.00585,frames/frame_003271.jpg
3272,136.333333,,0,P,0.14149,0.39246,0.04106,0.01678,frames/frame_003272.jpg
3273,136.375000,,0,P,0.13012,0.39888,0.04361,0.01607,frames/frame_003273.jpg
3274,136.416667,,0,P,0.14675,0.38597,0.04441,0.02039,frames/frame_003274.jpg
3275,136.458333,,0,B,0.13563,0.39686,0.04397,0.01366,frames/frame_003275.jpg
3276,136.500000,,0,P,0.14599,0.38439,0.04469,0.01411,frames/frame_003276.jpg
3277,136.541667,,0,B,0.15729,0.37859,0.04193,0.01441,frames/frame_003277.jpg
3278,136.583333,,0,B,0.13607,0.39629,0.04345,0.02586,frames/frame_003278.jpg
3279,136.625000,,0,B,0.12939,0.40154,0.04336,0.00844,frames/frame_003279.jpg
3280,136.666667,,0,P,0.13068,0.39848,0.04378,0.00541,frames/frame_003280.jpg
3281,136.708333,,0,B,0.13611,0.39824,0.04313,0.00804,frames/frame_003281.jpg
3282,136.750000,,0,B,0.14485,0.38701,0.04337,0.01351,frames/frame_003282.jpg
3283,136.791667,,0,B,0.14523,0.39052,0.04347,0.00707,frames/frame_003283.jpg
3284,136.833333,,0,P,0.14799,0.38973,0.03982,0.00931,frames/frame_003284.jpg
3285,136.875000,,0,P,0.14169,0.39317,0.04289,0.01760,frames/frame_003285.jpg
3286,136.916667,,0,B,0.13411,0.39984,0.04299,0.01533,frames/frame_003286.jpg
3287,136.958333,,0,B,0.13494,0.39947,0.04503,0.00467,frames/frame_003287.jpg
3288,137.000000,,0,P,0.13711,0.39638,0.04631,0.01309,frames/frame_003288.jpg
3289,137.041667,,0,P,0.15756,0.38438,0.04490,0.02670,frames/frame_003289.jpg
3290,137.083333,,0,B,0.13822,0.39419,0.04564,0.02204,frames/frame_003290.jpg
3291,137.125000,,0,P,0.14163,0.39042,0.04569,0.01694,frames/frame_003291.jpg
3292,137.166667,,0,B,0.15299,0.39329,0.04688,0.02149,frames/frame_003292.jpg
3293,137.208333,,0,B,0.14204,0.39622,0.04642,0.01711,frames/frame_003293.jpg
3294,137.250000,,0,B,0.13668,0.39689,0.04652,0.01174,frames/frame_003294.jpg
3295,137.291667,,0,P,0.14404,0.39088,0.04752,0.01751,frames/frame_003295.jpg
3296,137.333333,,0,B,0.16135,0.38089,0.04312,0.02195,frames/frame_003296.jpg
3297,137.375000,,0,P,0.15479,0.38528,0.04439,0.01043,frames/frame_003297.jpg
3298,137.416667,,0,P,0.13544,0.39194,0.04866,0.02963,frames/frame_003298.jpg
3299,137.458333,,0,B,0.13974,0.39447,0.05145,0.00718,frames/frame_003299.jpg
3300,137.500000,,0,B,0.14555,0.38548,0.05725,0.01002,frames/frame_003300.jpg
3301,137.541667,,0,B,0.15344,0.37188,0.05965,0.01406,frames/frame_003301.jpg
3302,137.583333,,0,P,0.16078,0.35560,0.06059,0.01225,frames/frame_003302.jpg
3303,137.625000,,0,P,0.17636,0.32860,0.06356,0.02241,frames/frame_003303.jpg
3304,137.666667,,0,B,0.20449,0.31557,0.06920,0.03470,frames/frame_003304.jpg
3305,137.708333,,0,P,0.23127,0.30136,0.07470,0.03272,frames/frame_003305.jpg
3306,137.750000,,0,P,0.26659,0.31117,0.08217,0.04515,frames/frame_003306.jpg
3307,137.791667,,0,B,0.30047,0.34702,0.09277,0.04317,frames/frame_003307.jpg
3308,137.833333,,0,P,0.33119,0.37542,0.10489,0.03809,frames/frame_003308.jpg
3309,137.875000,,0,B,0.35898,0.41208,0.11041,0.04402,frames/frame_003309.jpg
3310,137.916667,,0,P,0.39065,0.42535,0.11909,0.04800,frames/frame_003310.jpg
3311,137.958333,,0,P,0.41884,0.44060,0.12964,0.04359,frames/frame_003311.jpg
3312,138.000000,,1,I,0.43416,0.47134,0.13271,0.03433,frames/frame_003312.jpg
3313,138.041667,,0,B,0.45400,0.47864,0.13666,0.03284,frames/frame_003313.jpg
3314,138.083333,,0,B,0.45400,0.50905,0.13486,0.03781,frames/frame_003314.jpg
3315,138.125000,,0,B,0.46016,0.50009,0.13585,0.03014,frames/frame_003315.jpg
3316,138.166667,,0,P,0.45988,0.51571,0.13965,0.03642,frames/frame_003316.jpg
3317,138.208333,,0,B,0.46246,0.51933,0.13875,0.02892,frames/frame_003317.jpg
3318,138.250000,,0,B,0.46177,0.52136,0.14110,0.03635,frames/frame_003318.jpg
3319,138.291667,,0,B,0.45870,0.51554,0.14086,0.03601,frames/frame_003319.jpg
3320,138.333333,,0,P,0.47427,0.51531,0.14722,0.04429,frames/frame_003320.jpg
3321,138.375000,,0,B,0.47276,0.51749,0.14534,0.03610,frames/frame_003321.jpg
3322,138.416667,,0,B,0.48559,0.50455,0.14827,0.04353,frames/frame_003322.jpg
3323,138.458333,,0,P,0.47924,0.51741,0.14676,0.04173,frames/frame_003323.jpg
3324,138.500000,,0,B,0.48109,0.53310,0.14162,0.04172,frames/frame_003324.jpg
3325,138.541667,,0,B,0.48433,0.53593,0.14264,0.03325,frames/frame_003325.jpg
3326,138.583333,,0,B,0.48870,0.54186,0.13947,0.04256,frames/frame_003326.jpg
3327,138.625000,,0,P,0.49042,0.52685,0.14380,0.04690,frames/frame_003327.jpg
3328,138.666667,,0,B,0.51013,0.51923,0.14380,0.04519,frames/frame_003328.jpg
3329,138.708333,,0,P,0.51305,0.52795,0.14073,0.03747,frames/frame_003329.jpg
3330,138.750000,,0,B,0.51558,0.50852,0.13525,0.04085,frames/frame_003330.jpg
3331,138.791667,,0,B,0.51698,0.50997,0.13269,0.02235,frames/frame_003331.jpg
3332,138.833333,,0,P,0.52364,0.51108,0.13378,0.02776,frames/frame_003332.jpg
3333,138.875000,,0,B,0.51854,0.51418,0.13036,0.02071,frames/frame_003333.jpg
3334,138.916667,,0,B,0.51351,0.53008,0.13016,0.02775,frames/frame_003334.jpg
3335,138.958333,,0,B,0.51251,0.53219,0.12933,0.01448,frames/frame_003335.jpg
3336,139.000000,,0,P,0.51466,0.51604,0.13068,0.02715,frames/frame_003336.jpg
3337,139.041667,,0,B,0.51011,0.53432,0.12864,0.02056,frames/frame_003337.jpg
3338,139.083333,,0,B,0.51647,0.52523,0.12951,0.02127,frames/frame_003338.jpg
3339,139.125000,,0,B,0.50463,0.52572,0.12748,0.01923,frames/frame_003339.jpg
3340,139.166667,,0,P,0.51863,0.52656,0.12975,0.02634,frames/frame_003340.jpg
3341,139.208333,,0,B,0.51319,0.52880,0.12780,0.01324,frames/frame_003341.jpg
3342,139.250000,,0,B,0.51976,0.51586,0.12991,0.02367,frames/frame_003342.jpg
3343,139.291667,,0,B,0.51200,0.52385,0.12495,0.02362,frames/frame_003343.jpg
3344,139.333333,,0,P,0.51826,0.52376,0.12205,0.03048,frames/frame_003344.jpg
3345,139.375000,,0,B,0.53044,0.51572,0.12305,0.02779,frames/frame_003345.jpg
3346,139.416667,,0,B,0.51688,0.51698,0.12696,0.03303,frames/frame_003346.jpg
3347,139.458333,,0,B,0.51463,0.51837,0.12388,0.01899,frames/frame_003347.jpg
3348,139.500000,,0,P,0.51638,0.53692,0.12529,0.02368,frames/frame_003348.jpg
3349,139.541667,,0,B,0.51464,0.53761,0.12590,0.02154,frames/frame_003349.jpg
3350,139.583333,,0,B,0.51955,0.51106,0.12551,0.03351,frames/frame_003350.jpg
3351,139.625000,,0,B,0.51670,0.51177,0.12086,0.01619,frames/frame_003351.jpg
3352,139.666667,,0,P,0.51506,0.52552,0.11654,0.02904,frames/frame_003352.jpg
3353,139.708333,,0,B,0.52240,0.51403,0.12017,0.03277,frames/frame_003353.jpg
3354,139.750000,,0,B,0.52205,0.52437,0.12297,0.02685,frames/frame_003354.jpg
3355,139.791667,,0,B,0.52391,0.52330,0.12302,0.01121,frames/frame_003355.jpg
3356,139.833333,,0,P,0.52446,0.51753,0.12106,0.02353,frames/frame_003356.jpg
3357,139.875000,,0,B,0.52115,0.51753,0.11824,0.01182,frames/frame_003357.jpg
3358,139.916667,,0,B,0.53495,0.51023,0.12294,0.02496,frames/frame_003358.jpg
3359,139.958333,,0,B,0.52875,0.52440,0.12109,0.02053,frames/frame_003359.jpg
3360,140.000000,,0,P,0.53271,0.51081,0.11729,0.02945,frames/frame_003360.jpg
3361,140.041667,,0,B,0.53925,0.50950,0.11999,0.01401,frames/frame_003361.jpg
3362,140.083333,,0,B,0.53706,0.50843,0.11979,0.02393,frames/frame_003362.jpg
3363,140.125000,,0,B,0.52798,0.51276,0.11686,0.01753,frames/frame_003363.jpg
3364,140.166667,,0,P,0.52073,0.51823,0.12016,0.02764,frames/frame_003364.jpg
3365,140.208333,,0,B,0.52239,0.51685,0.11855,0.01601,frames/frame_003365.jpg
3366,140.250000,,0,B,0.51856,0.51418,0.12174,0.02813,frames/frame_003366.jpg
3367,140.291667,,0,B,0.52767,0.51268,0.12185,0.02407,frames/frame_003367.jpg
3368,140.333333,,0,P,0.51381,0.52828,0.11645,0.02469,frames/frame_003368.jpg
3369,140.375000,,0,B,0.52134,0.52566,0.11829,0.02156,frames/frame_003369.jpg
3370,140.416667,,0,B,0.52682,0.53114,0.11749,0.03038,frames/frame_003370.jpg
3371,140.458333,,0,P,0.52167,0.53788,0.11405,0.01519,frames/frame_003371.jpg
3372,140.500000,,0,P,0.59921,0.48024,0.09545,0.14932,frames/frame_003372.jpg
3373,140.541667,,0,B,0.59560,0.48116,0.09670,0.01392,frames/frame_003373.jpg
3374,140.583333,,0,B,0.60214,0.45798,0.09441,0.03299,frames/frame_003374.jpg
3375,140.625000,,0,B,0.57888,0.47493,0.10024,0.04198,frames/frame_003375.jpg
3376,140.666667,,0,P,0.58883,0.46922,0.09602,0.03408,frames/frame_003376.jpg
3377,140.708333,,0,B,0.58921,0.45732,0.10071,0.02796,frames/frame_003377.jpg
3378,140.750000,,0,B,0.60164,0.45271,0.09754,0.03384,frames/frame_003378.jpg
3379,140.791667,,0,B,0.60095,0.45263,0.09720,0.00409,frames/frame_003379.jpg
3380,140.833333,,0,P,0.58632,0.46926,0.09873,0.03465,frames/frame_003380.jpg
3381,140.875000,,0,B,0.58940,0.46856,0.09951,0.00613,frames/frame_003381.jpg
3382,140.916667,,0,B,0.60136,0.46622,0.09768,0.03359,frames/frame_003382.jpg
3383,140.958333,,0,P,0.59904,0.47040,0.10132,0.01780,frames/frame_003383.jpg
3384,141.000000,,1,I,0.59640,0.44858,0.10140,0.03192,frames/frame_003384.jpg
3385,141.041667,,0,B,0.58909,0.46930,0.10343,0.02274,frames/frame_003385.jpg
3386,141.083333,,0,B,0.60268,0.47878,0.09916,0.04186,frames/frame_003386.jpg
3387,141.125000,,0,B,0.59782,0.45876,0.10463,0.03249,frames/frame_003387.jpg
3388,141.166667,,0,P,0.59993,0.45016,0.10551,0.03874,frames/frame_003388.jpg
3389,141.208333,,0,B,0.60027,0.44798,0.10677,0.00595,frames/frame_003389.jpg
3390,141.250000,,0,B,0.59236,0.46266,0.10854,0.03222,frames/frame_003390.jpg
3391,141.291667,,0,B,0.59327,0.46148,0.10861,0.00621,frames/frame_003391.jpg
3392,141.333333,,0,P,0.59893,0.46233,0.10964,0.03682,frames/frame_003392.jpg
3393,141.375000,,0,B,0.60584,0.43959,0.10604,0.02187,frames/frame_003393.jpg
3394,141.416667,,0,B,0.58733,0.43740,0.10934,0.03392,frames/frame_003394.jpg
3395,141.458333,,0,B,0.59166,0.45304,0.10659,0.03117,frames/frame_003395.jpg
3396,141.500000,,0,P,0.58674,0.46380,0.11033,0.03062,frames/frame_003396.jpg
3397,141.541667,,0,B,0.58667,0.46398,0.10975,0.00580,frames/frame_003397.jpg
3398,141.583333,,0,B,0.59470,0.45699,0.10804,0.03649,frames/frame_003398.jpg
3399,141.625000,,0,B,0.59559,0.45616,0.10896,0.00511,frames/frame_003399.jpg
3400,141.666667,,0,P,0.59003,0.47069,0.10926,0.03285,frames/frame_003400.jpg
3401,141.708333,,0,B,0.59084,0.47090,0.10944,0.00633,frames/frame_003401.jpg
3402,141.750000,,0,B,0.59351,0.45193,0.10820,0.03553,frames/frame_003402.jpg
3403,141.791667,,0,B,0.59337,0.45166,0.10756,0.00657,frames/frame_003403.jpg
3404,141.833333,,0,P,0.59790,0.45869,0.10894,0.03955,frames/frame_003404.jpg
3405,141.875000,,0,B,0.59857,0.45743,0.10939,0.00808,frames/frame_003405.jpg
3406,141.916667,,0,B,0.59370,0.44933,0.11139,0.04302,frames/frame_003406.jpg
3407,141.958333,,0,B,0.59361,0.45144,0.11076,0.00783,frames/frame_003407.jpg
3408,142.000000,,0,P,0.58308,0.47100,0.11042,0.03376,frames/frame_003408.jpg
3409,142.041667,,0,B,0.58878,0.46804,0.11262,0.01223,frames/frame_003409.jpg
3410,142.083333,,0,B,0.59464,0.46852,0.11065,0.03415,frames/frame_003410.jpg
3411,142.125000,,0,B,0.58760,0.47183,0.11187,0.02571,frames/frame_003411.jpg
3412,142.166667,,0,P,0.59089,0.46879,0.11158,0.03345,frames/frame_003412.jpg
3413,142.208333,,0,B,0.59265,0.46838,0.11083,0.00733,frames/frame_003413.jpg
3414,142.250000,,0,B,0.59352,0.44369,0.11457,0.03899,frames/frame_003414.jpg
3415,142.291667,,0,B,0.58666,0.43821,0.11881,0.01657,frames/frame_003415.jpg
3416,142.333333,,0,P,0.56126,0.49608,0.11953,0.05528,frames/frame_003416.jpg
3417,142.375000,,0,B,0.55872,0.49437,0.11959,0.00830,frames/frame_003417.jpg
3418,142.416667,,0,B,0.58741,0.43766,0.12403,0.04485,frames/frame_003418.jpg
3419,142.458333,,0,B,0.58697,0.43762,0.12397,0.00475,frames/frame_003419.jpg
3420,142.500000,,0,P,0.57696,0.44781,0.12497,0.03486,frames/frame_003420.jpg
3421,142.541667,,0,B,0.57562,0.44581,0.12801,0.01551,frames/frame_003421.jpg
3422,142.583333,,0,B,0.57092,0.45127,0.12673,0.05158,frames/frame_003422.jpg
3423,142.625000,,0,B,0.57477,0.44564,0.12911,0.02142,frames/frame_003423.jpg
3424,142.666667,,0,P,0.55288,0.47184,0.12890,0.04906,frames/frame_003424.jpg
3425,142.708333,,0,B,0.55115,0.47103,0.12963,0.00835,frames/frame_003425.jpg
3426,142.750000,,0,B,0.56200,0.45818,0.13033,0.04277,frames/frame_003426.jpg
3427,142.791667,,0,B,0.56310,0.46773,0.12879,0.02931,frames/frame_003427.jpg
3428,142.833333,,0,P,0.57314,0.44562,0.12312,0.04154,frames/frame_003428.jpg
3429,142.875000,,0,B,0.57375,0.45876,0.12438,0.01841,frames/frame_003429.jpg
3430,142.916667,,0,B,0.55661,0.44187,0.12448,0.04469,frames/frame_003430.jpg
3431,142.958333,,0,B,0.56198,0.43782,0.12375,0.02389,frames/frame_003431.jpg
3432,143.000000,,0,P,0.58277,0.42199,0.12742,0.03945,frames/frame_003432.jpg
3433,143.041667,,0,B,0.56677,0.43235,0.13178,0.02943,frames/frame_003433.jpg
3434,143.083333,,0,B,0.58355,0.45323,0.12972,0.03756,frames/frame_003434.jpg
3435,143.125000,,0,B,0.58882,0.45548,0.12773,0.01090,frames/frame_003435.jpg
3436,143.166667,,0,P,0.58224,0.45670,0.12433,0.03252,frames/frame_003436.jpg
3437,143.208333,,0,B,0.58062,0.45570,0.12300,0.00985,frames/frame_003437.jpg
3438,143.250000,,0,B,0.58410,0.46101,0.12195,0.02773,frames/frame_003438.jpg
3439,143.291667,,0,B,0.58395,0.46090,0.12087,0.00679,frames/frame_003439.jpg
3440,143.333333,,0,P,0.58611,0.45516,0.12444,0.03444,frames/frame_003440.jpg
3441,143.375000,,0,B,0.59429,0.43533,0.12592,0.01803,frames/frame_003441.jpg
3442,143.416667,,0,B,0.54891,0.44206,0.10791,0.13760,frames/frame_003442.jpg
3443,143.458333,,0,B,0.54920,0.45612,0.10770,0.01616,frames/frame_003443.jpg
3444,143.500000,,0,P,0.56378,0.44236,0.10747,0.02573,frames/frame_003444.jpg
3445,143.541667,,0,B,0.56373,0.44252,0.10630,0.00644,frames/frame_003445.jpg
3446,143.583333,,0,B,0.54225,0.46467,0.10970,0.03063,frames/frame_003446.jpg
3447,143.625000,,0,B,0.54307,0.46532,0.10911,0.00495,frames/frame_003447.jpg
3448,143.666667,,0,P,0.55853,0.45421,0.10790,0.02563,frames/frame_003448.jpg
3449,143.708333,,0,P,0.54988,0.46846,0.11204,0.03899,frames/frame_003449.jpg
3450,143.750000,,0,B,0.53821,0.47667,0.11500,0.05760,frames/frame_003450.jpg
3451,143.791667,,0,P,0.56585,0.47298,0.12045,0.07199,frames/frame_003451.jpg
3452,143.833333,,0,P,0.57249,0.44464,0.12914,0.07079,frames/frame_003452.jpg
3453,143.875000,,0,B,0.57394,0.44999,0.12884,0.06272,frames/frame_003453.jpg
3454,143.916667,,0,P,0.58325,0.41809,0.12060,0.06583,frames/frame_003454.jpg
3455,143.958333,,0,P,0.57790,0.41832,0.12438,0.02262,frames/frame_003455.jpg
3456,144.000000,,1,I,0.60285,0.45203,0.12706,0.06749,frames/frame_003456.jpg
3457,144.041667,,0,P,0.60374,0.41980,0.12917,0.06449,frames/frame_003457.jpg
3458,144.083333,,0,P,0.62849,0.37804,0.12586,0.07727,frames/frame_003458.jpg
3459,144.125000,,0,B,0.64077,0.37351,0.11922,0.05312,frames/frame_003459.jpg
3460,144.166667,,0,P,0.61905,0.38118,0.12008,0.06007,frames/frame_003460.jpg
3461,144.208333,,0,B,0.62060,0.38147,0.12011,0.02753,frames/frame_003461.jpg
3462,144.250000,,0,B,0.61823,0.40638,0.11851,0.04612,frames/frame_003462.jpg
3463,144.291667,,0,P,0.61942,0.40558,0.11835,0.04413,frames/frame_003463.jpg
3464,144.333333,,0,B,0.62667,0.45458,0.12067,0.07667,frames/frame_003464.jpg
3465,144.375000,,0,B,0.62565,0.44763,0.12294,0.05866,frames/frame_003465.jpg
3466,144.416667,,0,P,0.60195,0.41722,0.12894,0.09318,frames/frame_003466.jpg
3467,144.458333,,0,B,0.59486,0.42487,0.12872,0.05207,frames/frame_003467.jpg
3468,144.500000,,0,P,0.62141,0.39572,0.12491,0.05109,frames/frame_003468.jpg
3469,144.541667,,0,P,0.62245,0.40264,0.12548,0.04489,frames/frame_003469.jpg
3470,144.583333,,0,P,0.60412,0.43755,0.12184,0.07139,frames/frame_003470.jpg
3471,144.625000,,0,P,0.59340,0.44967,0.11652,0.06663,frames/frame_003471.jpg
3472,144.666667,,0,P,0.57972,0.46880,0.11236,0.07502,frames/frame_003472.jpg
3473,144.708333,,0,B,0.56660,0.48199,0.11061,0.05322,frames/frame_003473.jpg
3474,144.750000,,0,P,0.55751,0.48542,0.10900,0.04200,frames/frame_003474.jpg
3475,144.791667,,0,B,0.55436,0.48573,0.10950,0.01205,frames/frame_003475.jpg
3476,144.833333,,0,B,0.55144,0.47234,0.11145,0.04615,frames/frame_003476.jpg
3477,144.875000,,0,P,0.54664,0.47579,0.10830,0.03175,frames/frame_003477.jpg
3478,144.916667,,0,B,0.53797,0.46432,0.11286,0.05410,frames/frame_003478.jpg
3479,144.958333,,0,P,0.53601,0.46787,0.11426,0.03074,frames/frame_003479.jpg
3480,145.000000,,0,B,0.52772,0.49335,0.11052,0.03686,frames/frame_003480.jpg
3481,145.041667,,0,B,0.52550,0.49304,0.11134,0.01258,frames/frame_003481.jpg
3482,145.083333,,0,B,0.53335,0.50393,0.10829,0.04522,frames/frame_003482.jpg
3483,145.125000,,0,P,0.53296,0.50375,0.10737,0.01822,frames/frame_003483.jpg
3484,145.166667,,0,B,0.54063,0.52903,0.10819,0.05592,frames/frame_003484.jpg
3485,145.208333,,0,P,0.54565,0.51732,0.10818,0.06433,frames/frame_003485.jpg
3486,145.250000,,0,B,0.54613,0.47730,0.11201,0.08867,frames/frame_003486.jpg
3487,145.291667,,0,P,0.56189,0.46155,0.11370,0.06920,frames/frame_003487.jpg
3488,145.333333,,0,B,0.58163,0.44022,0.11543,0.08217,frames/frame_003488.jpg
3489,145.375000,,0,P,0.57677,0.44536,0.12232,0.08439,frames/frame_003489.jpg
3490,145.416667,,0,B,0.56383,0.47128,0.12441,0.07022,frames/frame_003490.jpg
3491,145.458333,,0,B,0.56155,0.47205,0.12518,0.01680,frames/frame_003491.jpg
3492,145.500000,,0,B,0.58206,0.44556,0.12336,0.03762,frames/frame_003492.jpg
3493,145.541667,,0,P,0.57550,0.46167,0.12480,0.02233,frames/frame_003493.jpg
3494,145.583333,,0,B,0.57944,0.43015,0.12066,0.03691,frames/frame_003494.jpg
3495,145.625000,,0,B,0.58863,0.42760,0.11907,0.02320,frames/frame_003495.jpg
3496,145.666667,,0,B,0.58225,0.44257,0.12181,0.02821,frames/frame_003496.jpg
3497,145.708333,,0,P,0.58118,0.44435,0.12219,0.00736,frames/frame_003497.jpg
3498,145.750000,,0,B,0.56982,0.46397,0.12088,0.03465,frames/frame_003498.jpg
3499,145.791667,,0,B,0.57046,0.46376,0.12134,0.00776,frames/frame_003499.jpg
3500,145.833333,,0,B,0.57635,0.44849,0.12607,0.03706,frames/frame_003500.jpg
3501,145.875000,,0,P,0.57529,0.44498,0.12896,0.01815,frames/frame_003501.jpg
3502,145.916667,,0,B,0.57302,0.47036,0.12518,0.04458,frames/frame_003502.jpg
3503,145.958333,,0,B,0.57260,0.46965,0.12555,0.00684,frames/frame_003503.jpg
3504,146.000000,,0,B,0.56664,0.44098,0.12264,0.04317,frames/frame_003504.jpg
3505,146.041667,,0,P,0.56418,0.44834,0.12359,0.01594,frames/frame_003505.jpg
3506,146.083333,,0,B,0.56934,0.46180,0.12117,0.05132,frames/frame_003506.jpg
3507,146.125000,,0,P,0.57687,0.47446,0.13139,0.11483,frames/frame_003507.jpg
3508,146.166667,,0,B,0.58200,0.45233,0.13527,0.05307,frames/frame_003508.jpg
3509,146.208333,,0,B,0.58514,0.45152,0.13069,0.02216,frames/frame_003509.jpg
3510,146.250000,,0,B,0.58107,0.46728,0.12725,0.04176,frames/frame_003510.jpg
3511,146.291667,,0,P,0.58961,0.46706,0.12968,0.02653,frames/frame_003511.jpg
3512,146.333333,,0,B,0.57646,0.48899,0.13091,0.03559,frames/frame_003512.jpg
3513,146.375000,,0,B,0.57796,0.48854,0.13207,0.00972,frames/frame_003513.jpg
3514,146.416667,,0,B,0.58174,0.45353,0.13798,0.03913,frames/frame_003514.jpg
3515,146.458333,,0,P,0.58471,0.44963,0.13875,0.01150,frames/frame_003515.jpg
3516,146.500000,,0,B,0.55533,0.48208,0.12328,0.04865,frames/frame_003516.jpg
3517,146.541667,,0,P,0.57235,0.47863,0.12700,0.01668,frames/frame_003517.jpg
3518,146.583333,,0,B,0.59058,0.43950,0.13529,0.04607,frames/frame_003518.jpg
3519,146.625000,,0,B,0.57791,0.46772,0.13045,0.02545,frames/frame_003519.jpg
3520,146.666667,,0,B,0.58587,0.46237,0.13614,0.04005,frames/frame_003520.jpg
3521,146.708333,,0,P,0.58348,0.46360,0.13467,0.00713,frames/frame_003521.jpg
3522,146.750000,,0,B,0.58274,0.45241,0.13314,0.03775,frames/frame_003522.jpg
3523,146.791667,,0,B,0.57052,0.45660,0.13136,0.01820,frames/frame_003523.jpg
3524,146.833333,,0,B,0.58659,0.46796,0.12684,0.04881,frames/frame_003524.jpg
3525,146.875000,,0,P,0.58090,0.47273,0.13203,0.02845,frames/frame_003525.jpg
3526,146.916667,,0,B,0.57297,0.47630,0.13122,0.04425,frames/frame_003526.jpg
3527,146.958333,,0,P,0.57183,0.47722,0.13367,0.01131,frames/frame_003527.jpg
3528,147.000000,,1,I,0.56999,0.46263,0.13439,0.04137,frames/frame_003528.jpg
3529,147.041667,,0,B,0.59613,0.44829,0.13278,0.03468,frames/frame_003529.jpg
3530,147.083333,,0,B,0.58710,0.44693,0.13647,0.02977,frames/frame_003530.jpg
3531,147.125000,,0,B,0.58047,0.44921,0.13541,0.01218,frames/frame_003531.jpg
3532,147.166667,,0,P,0.58331,0.45154,0.13302,0.02935,frames/frame_003532.jpg
3533,147.208333,,0,B,0.58141,0.45278,0.13318,0.00820,frames/frame_003533.jpg
3534,147.250000,,0,B,0.59242,0.44561,0.13622,0.03186,frames/frame_003534.jpg
3535,147.291667,,0,B,0.56923,0.47421,0.13595,0.03189,frames/frame_003535.jpg
3536,147.333333,,0,P,0.56978,0.46235,0.13777,0.03811,frames/frame_003536.jpg
3537,147.375000,,0,B,0.59091,0.45519,0.13409,0.03413,frames/frame_003537.jpg
3538,147.416667,,0,B,0.57418,0.45176,0.13512,0.03518,frames/frame_003538.jpg
3539,147.458333,,0,B,0.57475,0.45089,0.13532,0.01067,frames/frame_003539.jpg
3540,147.500000,,0,P,0.58174,0.44686,0.12656,0.04874,frames/frame_003540.jpg
3541,147.541667,,0,B,0.57709,0.44613,0.13201,0.03142,frames/frame_003541.jpg
3542,147.583333,,0,B,0.57202,0.45903,0.13505,0.04607,frames/frame_003542.jpg
3543,147.625000,,0,B,0.57579,0.47198,0.13156,0.03373,frames/frame_003543.jpg
3544,147.666667,,0,P,0.57670,0.46057,0.12685,0.04015,frames/frame_003544.jpg
3545,147.708333,,0,B,0.56728,0.48237,0.12652,0.04151,frames/frame_003545.jpg
3546,147.750000,,0,B,0.57505,0.46939,0.13076,0.04007,frames/frame_003546.jpg
3547,147.791667,,0,B,0.57573,0.46987,0.13291,0.02171,frames/frame_003547.jpg
3548,147.833333,,0,P,0.58849,0.44474,0.12899,0.04261,frames/frame_003548.jpg
3549,147.875000,,0,B,0.57836,0.45319,0.12907,0.02937,frames/frame_003549.jpg
3550,147.916667,,0,B,0.57406,0.44879,0.13058,0.03386,frames/frame_003550.jpg
3551,147.958333,,0,B,0.57140,0.46046,0.12932,0.05108,frames/frame_003551.jpg
3552,148.000000,,0,P,0.56800,0.47066,0.12942,0.04440,frames/frame_003552.jpg
3553,148.041667,,0,B,0.55898,0.46880,0.12545,0.03852,frames/frame_003553.jpg
3554,148.083333,,0,B,0.56814,0.47819,0.12787,0.05910,frames/frame_003554.jpg
3555,148.125000,,0,P,0.57682,0.46619,0.12982,0.04658,frames/frame_003555.jpg
3556,148.166667,,0,P,0.84343,0.12311,0.07902,0.27155,frames/frame_003556.jpg
3557,148.208333,,0,P,0.78107,0.21985,0.09173,0.08087,frames/frame_003557.jpg
3558,148.250000,,0,P,0.75848,0.26114,0.11127,0.07117,frames/frame_003558.jpg
3559,148.291667,,0,P,0.76936,0.24983,0.12230,0.05406,frames/frame_003559.jpg
3560,148.333333,,0,P,0.75654,0.26936,0.11614,0.06528,frames/frame_003560.jpg
3561,148.375000,,0,B,0.75185,0.26901,0.12327,0.04291,frames/frame_003561.jpg
3562,148.416667,,0,B,0.62302,0.40786,0.11435,0.15220,frames/frame_003562.jpg
3563,148.458333,,0,P,0.60920,0.41423,0.11165,0.03185,frames/frame_003563.jpg
3564,148.500000,,0,B,0.61236,0.41928,0.11264,0.06858,frames/frame_003564.jpg
3565,148.541667,,0,B,0.63882,0.40032,0.11596,0.05725,frames/frame_003565.jpg
3566,148.583333,,0,B,0.62372,0.42565,0.12192,0.05109,frames/frame_003566.jpg
3567,148.625000,,0,P,0.62521,0.42411,0.12277,0.01638,frames/frame_003567.jpg
3568,148.666667,,0,B,0.62098,0.41475,0.11783,0.05517,frames/frame_003568.jpg
3569,148.708333,,0,B,0.60757,0.41876,0.11776,0.01872,frames/frame_003569.jpg
3570,148.750000,,0,B,0.61364,0.41792,0.11578,0.05236,frames/frame_003570.jpg
3571,148.791667,,0,P,0.61280,0.41901,0.11775,0.01131,frames/frame_003571.jpg
3572,148.833333,,0,B,0.60980,0.40100,0.12424,0.03847,frames/frame_003572.jpg
3573,148.875000,,0,B,0.56230,0.47356,0.12914,0.11748,frames/frame_003573.jpg
3574,148.916667,,0,B,0.54079,0.48897,0.12947,0.05196,frames/frame_003574.jpg
3575,148.958333,,0,P,0.56171,0.47541,0.12637,0.03523,frames/frame_003575.jpg
3576,149.000000,,0,B,0.55919,0.45378,0.13012,0.04637,frames/frame_003576.jpg
3577,149.041667,,0,B,0.55254,0.46450,0.12948,0.04619,frames/frame_003577.jpg
3578,149.083333,,0,B,0.54403,0.50256,0.12702,0.04490,frames/frame_003578.jpg
3579,149.125000,,0,P,0.55891,0.49395,0.12624,0.04099,frames/frame_003579.jpg
3580,149.166667,,0,B,0.56468,0.46986,0.13056,0.04104,frames/frame_003580.jpg
3581,149.208333,,0,B,0.55239,0.47118,0.12995,0.03128,frames/frame_003581.jpg
3582,149.250000,,0,B,0.56009,0.47072,0.12594,0.04517,frames/frame_003582.jpg
3583,149.291667,,0,P,0.56258,0.47444,0.12691,0.02696,frames/frame_003583.jpg
3584,149.333333,,0,B,0.55667,0.46776,0.12777,0.03945,frames/frame_003584.jpg
3585,149.375000,,0,B,0.54222,0.49125,0.12802,0.04717,frames/frame_003585.jpg
3586,149.416667,,0,B,0.54642,0.48364,0.12847,0.04575,frames/frame_003586.jpg
3587,149.458333,,0,P,0.53464,0.50109,0.12704,0.03624,frames/frame_003587.jpg
3588,149.500000,,0,B,0.56853,0.46152,0.12956,0.04704,frames/frame_003588.jpg
3589,149.541667,,0,B,0.56109,0.46605,0.13297,0.04265,frames/frame_003589.jpg
3590,149.583333,,0,B,0.54507,0.47181,0.13333,0.06060,frames/frame_003590.jpg
3591,149.625000,,0,P,0.56847,0.46293,0.13089,0.04832,frames/frame_003591.jpg
3592,149.666667,,0,B,0.55496,0.47238,0.12774,0.04417,frames/frame_003592.jpg
3593,149.708333,,0,B,0.57517,0.43534,0.12864,0.04715,frames/frame_003593.jpg
3594,149.750000,,0,B,0.54511,0.46909,0.13072,0.04784,frames/frame_003594.jpg
3595,149.791667,,0,P,0.55950,0.48478,0.13077,0.04630,frames/frame_003595.jpg
3596,149.833333,,0,B,0.54833,0.49159,0.13173,0.04925,frames/frame_003596.jpg
3597,149.875000,,0,B,0.55002,0.49287,0.13080,0.01742,frames/frame_003597.jpg
3598,149.916667,,0,B,0.57452,0.46923,0.12857,0.04996,frames/frame_003598.jpg
3599,149.958333,,0,P,0.57368,0.46936,0.12741,0.01687,frames/frame_003599.jpg
3600,150.000000,,1,I,0.55116,0.51130,0.12449,0.05024,frames/frame_003600.jpg
3601,150.041667,,0,B,0.53740,0.51573,0.12584,0.02758,frames/frame_003601.jpg
3602,150.083333,,0,B,0.57526,0.45064,0.12852,0.05512,frames/frame_003602.jpg
3603,150.125000,,0,B,0.54671,0.47284,0.12692,0.04276,frames/frame_003603.jpg
3604,150.166667,,0,P,0.54341,0.48946,0.12971,0.03884,frames/frame_003604.jpg
3605,150.208333,,0,B,0.53759,0.47753,0.13663,0.04140,frames/frame_003605.jpg
3606,150.250000,,0,B,0.55130,0.47497,0.13443,0.07235,frames/frame_003606.jpg
3607,150.291667,,0,B,0.54664,0.47240,0.13488,0.02126,frames/frame_003607.jpg
3608,150.333333,,0,P,0.54794,0.47005,0.13123,0.05311,frames/frame_003608.jpg
3609,150.375000,,0,B,0.55761,0.45606,0.13665,0.05128,frames/frame_003609.jpg
3610,150.416667,,0,B,0.54369,0.47141,0.13424,0.04308,frames/frame_003610.jpg
3611,150.458333,,0,B,0.54546,0.46980,0.13303,0.01355,frames/frame_003611.jpg
3612,150.500000,,0,P,0.54711,0.45387,0.13463,0.04926,frames/frame_003612.jpg
3613,150.541667,,0,B,0.54522,0.46670,0.13360,0.02775,frames/frame_003613.jpg
3614,150.583333,,0,B,0.55157,0.46698,0.13507,0.03963,frames/frame_003614.jpg
3615,150.625000,,0,B,0.54521,0.47534,0.13753,0.02189,frames/frame_003615.jpg
3616,150.666667,,0,P,0.53644,0.46568,0.13651,0.04668,frames/frame_003616.jpg
3617,150.708333,,0,B,0.53809,0.46422,0.13533,0.01768,frames/frame_003617.jpg
3618,150.750000,,0,B,0.54178,0.46713,0.13682,0.05612,frames/frame_003618.jpg
3619,150.791667,,0,B,0.52135,0.47716,0.13204,0.03186,frames/frame_003619.jpg
3620,150.833333,,0,P,0.55281,0.45929,0.13966,0.05041,frames/frame_003620.jpg
3621,150.875000,,0,B,0.55214,0.45934,0.13796,0.01246,frames/frame_003621.jpg
3622,150.916667,,0,B,0.54083,0.43916,0.13929,0.06128,frames/frame_003622.jpg
3623,150.958333,,0,P,0.54582,0.44226,0.14219,0.04955,frames/frame_003623.jpg
3624,151.000000,,0,B,0.54490,0.44882,0.14245,0.05253,frames/frame_003624.jpg
3625,151.041667,,0,B,0.53985,0.45326,0.13964,0.02416,frames/frame_003625.jpg
3626,151.083333,,0,B,0.55571,0.46414,0.14196,0.03573,frames/frame_003626.jpg
3627,151.125000,,0,P,0.54885,0.47462,0.13990,0.03798,frames/frame_003627.jpg
3628,151.166667,,0,P,0.54350,0.46223,0.13692,0.05542,frames/frame_003628.jpg
3629,151.208333,,0,B,0.53662,0.48504,0.13372,0.04801,frames/frame_003629.jpg
3630,151.250000,,0,B,0.56833,0.45202,0.14414,0.06690,frames/frame_003630.jpg
3631,151.291667,,0,B,0.56613,0.45198,0.14227,0.02300,frames/frame_003631.jpg
3632,151.333333,,0,P,0.56051,0.46679,0.13889,0.03839,frames/frame_003632.jpg
3633,151.375000,,0,B,0.55852,0.46592,0.13889,0.01319,frames/frame_003633.jpg
3634,151.416667,,0,B,0.53430,0.46246,0.13434,0.03827,frames/frame_003634.jpg
3635,151.458333,,0,B,0.54034,0.47048,0.13177,0.02385,frames/frame_003635.jpg
3636,151.500000,,0,P,0.54861,0.47187,0.13730,0.04000,frames/frame_003636.jpg
3637,151.541667,,0,B,0.54821,0.45918,0.13604,0.04104,frames/frame_003637.jpg
3638,151.583333,,0,B,0.58865,0.43830,0.11095,0.12507,frames/frame_003638.jpg
3639,151.625000,,0,B,0.58054,0.43985,0.10925,0.00991,frames/frame_003639.jpg
3640,151.666667,,0,P,0.57266,0.45173,0.11277,0.03675,frames/frame_003640.jpg
3641,151.708333,,0,B,0.57352,0.44501,0.11104,0.02208,frames/frame_003641.jpg
3642,151.750000,,0,B,0.57179,0.44582,0.11007,0.03724,frames/frame_003642.jpg
3643,151.791667,,0,B,0.56744,0.45550,0.11111,0.01629,frames/frame_003643.jpg
3644,151.833333,,0,P,0.53843,0.48692,0.12045,0.06000,frames/frame_003644.jpg
3645,151.875000,,0,B,0.48929,0.53025,0.11504,0.05132,frames/frame_003645.jpg
3646,151.916667,,0,B,0.43509,0.58490,0.10951,0.06067,frames/frame_003646.jpg
3647,151.958333,,0,P,0.35757,0.64697,0.09560,0.07410,frames/frame_003647.jpg
3648,152.000000,,0,B,0.32760,0.69878,0.05842,0.04049,frames/frame_003648.jpg
3649,152.041667,,0,B,0.32785,0.69673,0.06023,0.00733,frames/frame_003649.jpg
3650,152.083333,,0,B,0.32867,0.69586,0.06176,0.00822,frames/frame_003650.jpg
3651,152.125000,,0,P,0.32824,0.69474,0.06224,0.00468,frames/frame_003651.jpg
3652,152.166667,,0,B,0.32859,0.69395,0.06019,0.00656,frames/frame_003652.jpg
3653,152.208333,,0,B,0.32831,0.69371,0.06160,0.00442,frames/frame_003653.jpg
3654,152.250000,,0,B,0.32741,0.69393,0.06092,0.00562,frames/frame_003654.jpg
3655,152.291667,,0,P,0.32675,0.69379,0.05959,0.00604,frames/frame_003655.jpg
3656,152.333333,,0,B,0.33023,0.69298,0.06529,0.00738,frames/frame_003656.jpg
3657,152.375000,,0,B,0.33194,0.69230,0.07118,0.00739,frames/frame_003657.jpg
3658,152.416667,,0,B,0.33181,0.69275,0.07004,0.00528,frames/frame_003658.jpg
3659,152.458333,,0,P,0.33135,0.69365,0.06754,0.00613,frames/frame_003659.jpg
3660,152.500000,,0,B,0.33019,0.69414,0.06778,0.00437,frames/frame_003660.jpg
3661,152.541667,,0,B,0.33491,0.68831,0.07416,0.00744,frames/frame_003661.jpg
3662,152.583333,,0,P,0.35226,0.65957,0.10153,0.02723,frames/frame_003662.jpg
3663,152.625000,,0,B,0.36543,0.63944,0.12212,0.03959,frames/frame_003663.jpg
3664,152.666667,,0,B,0.36851,0.63732,0.12473,0.01967,frames/frame_003664.jpg
3665,152.708333,,0,P,0.36508,0.64285,0.12020,0.02928,frames/frame_003665.jpg
3666,152.750000,,0,B,0.36161,0.64762,0.11538,0.02473,frames/frame_003666.jpg
3667,152.791667,,0,B,0.36071,0.64684,0.11498,0.00407,frames/frame_003667.jpg
3668,152.833333,,0,B,0.36048,0.64690,0.11498,0.00381,frames/frame_003668.jpg
3669,152.875000,,0,P,0.35955,0.64669,0.11468,0.00442,frames/frame_003669.jpg
3670,152.916667,,0,B,0.35971,0.64585,0.11414,0.00456,frames/frame_003670.jpg
3671,152.958333,,0,P,0.35858,0.64513,0.11380,0.00457,frames/frame_003671.jpg
3672,153.000000,,1,I,0.35935,0.64487,0.11347,0.00651,frames/frame_003672.jpg
3673,153.041667,,0,B,0.36044,0.64427,0.11658,0.00523,frames/frame_003673.jpg
3674,153.083333,,0,B,0.36202,0.64408,0.11937,0.00517,frames/frame_003674.jpg
3675,153.125000,,0,B,0.36294,0.64442,0.11948,0.00458,frames/frame_003675.jpg
3676,153.166667,,0,P,0.36288,0.64462,0.11913,0.00433,frames/frame_003676.jpg
3677,153.208333,,0,B,0.36355,0.64570,0.11907,0.00445,frames/frame_003677.jpg
3678,153.250000,,0,B,0.36397,0.64570,0.11910,0.00394,frames/frame_003678.jpg
3679,153.291667,,0,B,0.36496,0.64673,0.12023,0.00351,frames/frame_003679.jpg
3680,153.333333,,0,P,0.36486,0.64696,0.12087,0.00370,frames/frame_003680.jpg
3681,153.375000,,0,B,0.36511,0.64686,0.12136,0.00405,frames/frame_003681.jpg
3682,153.416667,,0,B,0.36417,0.64626,0.12060,0.00436,frames/frame_003682.jpg
3683,153.458333,,0,B,0.36355,0.64630,0.12008,0.00430,frames/frame_003683.jpg
3684,153.500000,,0,P,0.36269,0.64547,0.12025,0.00437,frames/frame_003684.jpg
3685,153.541667,,0,B,0.36276,0.64524,0.11955,0.00452,frames/frame_003685.jpg
3686,153.583333,,0,B,0.36297,0.64437,0.12005,0.00475,frames/frame_003686.jpg
3687,153.625000,,0,B,0.36310,0.64301,0.12138,0.00512,frames/frame_003687.jpg
3688,153.666667,,0,P,0.36202,0.64051,0.12325,0.00550,frames/frame_003688.jpg
3689,153.708333,,0,B,0.36147,0.63953,0.12552,0.00667,frames/frame_003689.jpg
3690,153.750000,,0,B,0.35886,0.63688,0.12661,0.00807,frames/frame_003690.jpg
3691,153.791667,,0,B,0.35936,0.63471,0.12750,0.00724,frames/frame_003691.jpg
3692,153.833333,,0,P,0.35870,0.63360,0.12808,0.00570,frames/frame_003692.jpg
3693,153.875000,,0,B,0.35857,0.63446,0.12893,0.00460,frames/frame_003693.jpg
3694,153.916667,,0,B,0.35876,0.63449,0.12858,0.00480,frames/frame_003694.jpg
3695,153.958333,,0,B,0.36014,0.63549,0.12972,0.00428,frames/frame_003695.jpg
3696,154.000000,,0,P,0.36035,0.63595,0.12989,0.00461,frames/frame_003696.jpg
3697,154.041667,,0,B,0.36053,0.63685,0.13003,0.00504,frames/frame_003697.jpg
3698,154.083333,,0,B,0.36080,0.63594,0.12935,0.00494,frames/frame_003698.jpg
3699,154.125000,,0,B,0.36016,0.63589,0.12912,0.00449,frames/frame_003699.jpg
3700,154.166667,,0,P,0.35973,0.63562,0.12867,0.00484,frames/frame_003700.jpg
3701,154.208333,,0,B,0.36031,0.63541,0.12838,0.00450,frames/frame_003701.jpg
3702,154.250000,,0,B,0.36027,0.63417,0.12844,0.00421,frames/frame_003702.jpg
3703,154.291667,,0,B,0.36041,0.63468,0.12815,0.00380,frames/frame_003703.jpg
3704,154.333333,,0,P,0.35951,0.63462,0.12819,0.00457,frames/frame_003704.jpg
3705,154.375000,,0,B,0.36018,0.63435,0.12832,0.00429,frames/frame_003705.jpg
3706,154.416667,,0,B,0.36020,0.63426,0.12862,0.00387,frames/frame_003706.jpg
3707,154.458333,,0,B,0.36048,0.63414,0.12877,0.00400,frames/frame_003707.jpg
3708,154.500000,,0,P,0.36080,0.63533,0.12975,0.00427,frames/frame_003708.jpg
3709,154.541667,,0,B,0.36009,0.63621,0.12974,0.00494,frames/frame_003709.jpg
3710,154.583333,,0,B,0.36152,0.63657,0.13056,0.00474,frames/frame_003710.jpg
3711,154.625000,,0,B,0.36181,0.63683,0.13100,0.00394,frames/frame_003711.jpg
3712,154.666667,,0,P,0.36233,0.63731,0.13176,0.00423,frames/frame_003712.jpg
3713,154.708333,,0,B,0.36249,0.63816,0.13230,0.00399,frames/frame_003713.jpg
3714,154.750000,,0,B,0.36311,0.63794,0.13233,0.00370,frames/frame_003714.jpg
3715,154.791667,,0,B,0.36326,0.63899,0.13212,0.00502,frames/frame_003715.jpg
3716,154.833333,,0,P,0.36517,0.64119,0.13149,0.00713,frames/frame_003716.jpg
3717,154.875000,,0,B,0.36671,0.64438,0.12922,0.00746,frames/frame_003717.jpg
3718,154.916667,,0,B,0.36642,0.64602,0.12765,0.00608,frames/frame_003718.jpg
3719,154.958333,,0,B,0.36667,0.64795,0.12438,0.00574,frames/frame_003719.jpg
3720,155.000000,,0,P,0.36671,0.64820,0.12444,0.00508,frames/frame_003720.jpg
3721,155.041667,,0,B,0.36658,0.64846,0.12431,0.00430,frames/frame_003721.jpg
3722,155.083333,,0,B,0.36686,0.64822,0.12489,0.00397,frames/frame_003722.jpg
3723,155.125000,,0,B,0.36765,0.64886,0.12515,0.00381,frames/frame_003723.jpg
3724,155.166667,,0,P,0.36745,0.64791,0.12529,0.00422,frames/frame_003724.jpg
3725,155.208333,,0,B,0.37260,0.64435,0.12544,0.00689,frames/frame_003725.jpg
3726,155.250000,,0,B,0.37674,0.63947,0.12415,0.00652,frames/frame_003726.jpg
3727,155.291667,,0,B,0.38545,0.63268,0.12165,0.01063,frames/frame_003727.jpg
3728,155.333333,,0,P,0.39317,0.62507,0.11893,0.00900,frames/frame_003728.jpg
3729,155.375000,,0,B,0.41289,0.60888,0.11538,0.02116,frames/frame_003729.jpg
3730,155.416667,,0,B,0.43205,0.59038,0.11204,0.01926,frames/frame_003730.jpg
3731,155.458333,,0,B,0.45355,0.57254,0.10802,0.02218,frames/frame_003731.jpg
3732,155.500000,,0,P,0.47440,0.55201,0.10428,0.02073,frames/frame_003732.jpg
3733,155.541667,,0,B,0.50788,0.52020,0.10104,0.03398,frames/frame_003733.jpg
3734,155.583333,,0,B,0.53902,0.48729,0.09722,0.03035,frames/frame_003734.jpg
3735,155.625000,,0,B,0.57201,0.45536,0.09265,0.03276,frames/frame_003735.jpg
3736,155.666667,,0,P,0.60258,0.42280,0.08813,0.02914,frames/frame_003736.jpg
3737,155.708333,,0,B,0.63773,0.38282,0.08448,0.03420,frames/frame_003737.jpg
3738,155.750000,,0,B,0.67064,0.34523,0.08022,0.03128,frames/frame_003738.jpg
3739,155.791667,,0,B,0.70371,0.30614,0.07587,0.03151,frames/frame_003739.jpg
3740,155.833333,,0,P,0.73498,0.27054,0.07178,0.02901,frames/frame_003740.jpg
3741,155.875000,,0,B,0.76081,0.23363,0.06890,0.02319,frames/frame_003741.jpg
3742,155.916667,,0,B,0.78672,0.20535,0.06536,0.02389,frames/frame_003742.jpg
3743,155.958333,,0,P,0.80966,0.17861,0.06241,0.02055,frames/frame_003743.jpg
3744,156.000000,,1,I,0.82962,0.15872,0.05838,0.01896,frames/frame_003744.jpg
3745,156.041667,,0,P,0.84626,0.14016,0.05682,0.01547,frames/frame_003745.jpg
3746,156.083333,,0,B,0.85814,0.12868,0.05540,0.01126,frames/frame_003746.jpg
3747,156.125000,,0,P,0.86630,0.12911,0.05392,0.00803,frames/frame_003747.jpg
3748,156.166667,,0,P,0.87339,0.11603,0.05302,0.00934,frames/frame_003748.jpg
3749,156.208333,,0,B,0.87744,0.11294,0.05307,0.00448,frames/frame_003749.jpg
3750,156.250000,,0,P,0.88098,0.11170,0.05261,0.00365,frames/frame_003750.jpg
3751,156.291667,,0,B,0.88150,0.11223,0.05188,0.00087,frames/frame_003751.jpg
3752,156.333333,,0,B,0.88135,0.11224,0.05190,0.00030,frames/frame_003752.jpg
3753,156.375000,,0,B,0.88141,0.11223,0.05186,0.00018,frames/frame_003753.jpg
3754,156.416667,,0,P,0.88023,0.11312,0.05252,0.00160,frames/frame_003754.jpg
3755,156.458333,,0,B,0.88012,0.11312,0.05250,0.00029,frames/frame_003755.jpg
3756,156.500000,,0,B,0.88080,0.11311,0.05193,0.00083,frames/frame_003756.jpg
3757,156.541667,,0,P,0.87998,0.11313,0.05245,0.00101,frames/frame_003757.jpg
