frame,timestamp_seconds,duration_seconds,keyframe,pict_type,brightness_0_1,saturation_0_1,edge_energy_0_1,frame_delta_0_1,image
0,0.000000,,0,B,0.02313,0.01234,0.03002,0.00000,frames/frame_000000.jpg
1,0.033333,,0,P,0.02322,0.01236,0.03017,0.00012,frames/frame_000001.jpg
2,0.066667,,0,B,0.02312,0.01255,0.02999,0.00014,frames/frame_000002.jpg
3,0.100000,,0,B,0.02312,0.01310,0.02999,0.00002,frames/frame_000003.jpg
4,0.133333,,0,P,0.01772,0.02056,0.02303,0.01916,frames/frame_000004.jpg
5,0.166667,,0,B,0.01766,0.02066,0.02290,0.00011,frames/frame_000005.jpg
6,0.200000,,0,B,0.01766,0.02087,0.02291,0.00001,frames/frame_000006.jpg
7,0.233333,,0,P,0.02182,0.02427,0.02745,0.01220,frames/frame_000007.jpg
8,0.266667,,0,B,0.02174,0.02427,0.02729,0.00011,frames/frame_000008.jpg
9,0.300000,,0,B,0.01929,0.02712,0.02612,0.01106,frames/frame_000009.jpg
10,0.333333,,0,P,0.01936,0.02712,0.02629,0.00010,frames/frame_000010.jpg
11,0.366667,,0,P,0.01747,0.03015,0.02427,0.00741,frames/frame_000011.jpg
12,0.400000,,0,B,0.01923,0.03454,0.02745,0.00365,frames/frame_000012.jpg
13,0.433333,,0,P,0.01931,0.03458,0.02761,0.00009,frames/frame_000013.jpg
14,0.466667,,0,B,0.02024,0.03878,0.02849,0.00233,frames/frame_000014.jpg
15,0.500000,,0,B,0.02061,0.04231,0.02839,0.00251,frames/frame_000015.jpg
16,0.533333,,0,P,0.02068,0.04273,0.02855,0.00010,frames/frame_000016.jpg
17,0.566667,,0,B,0.01710,0.05793,0.02328,0.01066,frames/frame_000017.jpg
18,0.600000,,0,B,0.01710,0.05799,0.02327,0.00003,frames/frame_000018.jpg
19,0.633333,,0,P,0.01717,0.05768,0.02343,0.00010,frames/frame_000019.jpg
20,0.666667,,0,B,0.08538,0.88196,0.02899,0.11479,frames/frame_000020.jpg
21,0.700000,,0,P,0.13380,0.80303,0.06872,0.04809,frames/frame_000021.jpg
22,0.733333,,0,P,0.17542,0.76800,0.08622,0.06853,frames/frame_000022.jpg
23,0.766667,,0,P,0.19845,0.75068,0.09536,0.09826,frames/frame_000023.jpg
24,0.800000,,0,B,0.18941,0.76106,0.09380,0.11661,frames/frame_000024.jpg
25,0.833333,,0,B,0.18988,0.75960,0.09431,0.00327,frames/frame_000025.jpg
26,0.866667,,0,B,0.19030,0.75831,0.09526,0.00345,frames/frame_000026.jpg
27,0.900000,,0,P,0.19045,0.75726,0.09575,0.00361,frames/frame_000027.jpg
28,0.933333,,0,B,0.19089,0.75509,0.09644,0.00424,frames/frame_000028.jpg
29,0.966667,,0,B,0.19091,0.75452,0.09652,0.00406,frames/frame_000029.jpg
30,1.000000,,0,B,0.19110,0.75410,0.09667,0.00411,frames/frame_000030.jpg
31,1.033333,,0,P,0.19073,0.75495,0.09673,0.00434,frames/frame_000031.jpg
32,1.066667,,0,B,0.19085,0.75442,0.09734,0.00371,frames/frame_000032.jpg
33,1.100000,,0,B,0.19098,0.75367,0.09812,0.00384,frames/frame_000033.jpg
34,1.133333,,0,B,0.62255,0.13495,0.13165,0.42492,frames/frame_000034.jpg
35,1.166667,,0,P,0.61464,0.13525,0.12482,0.04207,frames/frame_000035.jpg
36,1.200000,,0,B,0.23592,0.69472,0.14098,0.37327,frames/frame_000036.jpg
37,1.233333,,0,B,0.22924,0.70116,0.13365,0.03284,frames/frame_000037.jpg
38,1.266667,,0,P,0.23177,0.70112,0.13758,0.01628,frames/frame_000038.jpg
39,1.300000,,0,B,0.23182,0.70136,0.13739,0.00356,frames/frame_000039.jpg
40,1.333333,,0,B,0.23168,0.70214,0.13756,0.00352,frames/frame_000040.jpg
41,1.366667,,0,B,0.23169,0.70306,0.13705,0.00355,frames/frame_000041.jpg
42,1.400000,,0,P,0.23138,0.70457,0.13639,0.00362,frames/frame_000042.jpg
43,1.433333,,0,B,0.23133,0.70480,0.13603,0.00384,frames/frame_000043.jpg
44,1.466667,,0,B,0.23113,0.70526,0.13545,0.00342,frames/frame_000044.jpg
45,1.500000,,0,B,0.23111,0.70545,0.13536,0.00360,frames/frame_000045.jpg
46,1.533333,,0,P,0.23081,0.70549,0.13538,0.00387,frames/frame_000046.jpg
47,1.566667,,0,B,0.23092,0.70479,0.13538,0.00383,frames/frame_000047.jpg
48,1.600000,,0,B,0.23416,0.69492,0.14243,0.00642,frames/frame_000048.jpg
49,1.633333,,0,B,0.23494,0.69246,0.14351,0.00512,frames/frame_000049.jpg
50,1.666667,,0,P,0.23584,0.69020,0.14600,0.00591,frames/frame_000050.jpg
51,1.700000,,0,B,0.23724,0.68616,0.14764,0.00627,frames/frame_000051.jpg
52,1.733333,,0,P,0.23777,0.68374,0.14973,0.00660,frames/frame_000052.jpg
53,1.766667,,0,P,0.23850,0.68041,0.15135,0.00731,frames/frame_000053.jpg
54,1.800000,,0,B,0.23957,0.67585,0.15343,0.00723,frames/frame_000054.jpg
55,1.833333,,0,B,0.24036,0.67317,0.15533,0.00786,frames/frame_000055.jpg
56,1.866667,,0,B,0.24052,0.67229,0.15545,0.00379,frames/frame_000056.jpg
57,1.900000,,0,P,0.24036,0.67233,0.15520,0.00391,frames/frame_000057.jpg
58,1.933333,,0,B,0.24037,0.67174,0.15532,0.00350,frames/frame_000058.jpg
59,1.966667,,0,B,0.24038,0.67220,0.15568,0.00358,frames/frame_000059.jpg
60,2.000000,,0,B,0.24042,0.67142,0.15613,0.00359,frames/frame_000060.jpg
61,2.033333,,0,P,0.30854,0.69673,0.09542,0.26310,frames/frame_000061.jpg
62,2.066667,,0,B,0.30875,0.69675,0.09542,0.00088,frames/frame_000062.jpg
63,2.100000,,0,B,0.30861,0.69655,0.09538,0.00083,frames/frame_000063.jpg
64,2.133333,,0,B,0.30916,0.69705,0.09546,0.00244,frames/frame_000064.jpg
65,2.166667,,0,P,0.30893,0.69639,0.09550,0.00099,frames/frame_000065.jpg
66,2.200000,,0,B,0.30907,0.69587,0.09551,0.00244,frames/frame_000066.jpg
67,2.233333,,0,B,0.30907,0.69642,0.09549,0.00053,frames/frame_000067.jpg
68,2.266667,,0,B,0.30912,0.69666,0.09543,0.00042,frames/frame_000068.jpg
69,2.300000,,0,P,0.30971,0.69675,0.09568,0.00402,frames/frame_000069.jpg
70,2.333333,,0,B,0.30982,0.69637,0.09567,0.00085,frames/frame_000070.jpg
71,2.366667,,0,B,0.31413,0.68843,0.10109,0.00793,frames/frame_000071.jpg
72,2.400000,,0,B,0.31415,0.68863,0.10107,0.00034,frames/frame_000072.jpg
73,2.433333,,0,P,0.31410,0.68878,0.10113,0.00061,frames/frame_000073.jpg
74,2.466667,,0,B,0.31436,0.68823,0.10178,0.00377,frames/frame_000074.jpg
75,2.500000,,0,B,0.33306,0.65926,0.11728,0.01878,frames/frame_000075.jpg
76,2.533333,,0,B,0.33302,0.65880,0.11814,0.01100,frames/frame_000076.jpg
77,2.566667,,0,P,0.33293,0.65897,0.11755,0.00427,frames/frame_000077.jpg
78,2.600000,,0,B,0.33296,0.65863,0.11755,0.00068,frames/frame_000078.jpg
79,2.633333,,0,B,0.33332,0.65808,0.11963,0.01357,frames/frame_000079.jpg
80,2.666667,,0,B,0.33337,0.65783,0.11963,0.00060,frames/frame_000080.jpg
81,2.700000,,0,P,0.33310,0.65850,0.11962,0.00154,frames/frame_000081.jpg
82,2.733333,,0,B,0.33315,0.65883,0.11950,0.00047,frames/frame_000082.jpg
83,2.766667,,0,B,0.33315,0.65841,0.11952,0.00033,frames/frame_000083.jpg
84,2.800000,,0,B,0.33218,0.65667,0.11830,0.00881,frames/frame_000084.jpg
85,2.833333,,0,P,0.33218,0.65680,0.11837,0.00041,frames/frame_000085.jpg
86,2.866667,,0,B,0.31659,0.66479,0.11998,0.02799,frames/frame_000086.jpg
87,2.900000,,0,P,0.36789,0.61623,0.16815,0.04693,frames/frame_000087.jpg
88,2.933333,,0,P,0.35379,0.62509,0.15436,0.02908,frames/frame_000088.jpg
89,2.966667,,1,I,0.35426,0.61289,0.17122,0.04307,frames/frame_000089.jpg
90,3.000000,,0,B,0.35561,0.60971,0.17250,0.00185,frames/frame_000090.jpg
91,3.033333,,0,B,0.34600,0.60826,0.18151,0.03831,frames/frame_000091.jpg
92,3.066667,,0,B,0.34609,0.60773,0.18178,0.00113,frames/frame_000092.jpg
93,3.100000,,0,P,0.34636,0.60633,0.18188,0.00181,frames/frame_000093.jpg
94,3.133333,,0,B,0.34314,0.60542,0.18305,0.03049,frames/frame_000094.jpg
95,3.166667,,0,B,0.34275,0.60596,0.18303,0.00142,frames/frame_000095.jpg
96,3.200000,,0,B,0.33905,0.60714,0.18232,0.03213,frames/frame_000096.jpg
97,3.233333,,0,P,0.33890,0.60654,0.18269,0.00217,frames/frame_000097.jpg
98,3.266667,,0,B,0.33885,0.60551,0.18257,0.00127,frames/frame_000098.jpg
99,3.300000,,0,B,0.33485,0.61149,0.18037,0.01903,frames/frame_000099.jpg
100,3.333333,,0,B,0.33519,0.60888,0.18050,0.00166,frames/frame_000100.jpg
101,3.366667,,0,P,0.33347,0.60792,0.18096,0.02117,frames/frame_000101.jpg
102,3.400000,,0,B,0.33356,0.60822,0.18094,0.00120,frames/frame_000102.jpg
103,3.433333,,0,B,0.33379,0.60659,0.18177,0.00211,frames/frame_000103.jpg
104,3.466667,,0,B,0.33999,0.59432,0.18612,0.00748,frames/frame_000104.jpg
105,3.500000,,0,P,0.33964,0.59480,0.18604,0.00109,frames/frame_000105.jpg
106,3.533333,,0,B,0.33902,0.59381,0.18824,0.01075,frames/frame_000106.jpg
107,3.566667,,0,B,0.33962,0.59247,0.18840,0.00182,frames/frame_000107.jpg
108,3.600000,,0,B,0.33971,0.59246,0.18840,0.00087,frames/frame_000108.jpg
109,3.633333,,0,P,0.33973,0.59227,0.18841,0.00144,frames/frame_000109.jpg
110,3.666667,,0,B,0.33994,0.59157,0.18936,0.00215,frames/frame_000110.jpg
111,3.700000,,0,B,0.34292,0.58807,0.19233,0.00387,frames/frame_000111.jpg
112,3.733333,,0,P,0.41211,0.51633,0.22935,0.07327,frames/frame_000112.jpg
113,3.766667,,0,P,0.39240,0.53039,0.22600,0.05070,frames/frame_000113.jpg
114,3.800000,,0,B,0.38525,0.53742,0.22035,0.03889,frames/frame_000114.jpg
115,3.833333,,0,B,0.38532,0.53722,0.22017,0.00092,frames/frame_000115.jpg
116,3.866667,,0,B,0.38431,0.53864,0.21982,0.00227,frames/frame_000116.jpg
117,3.900000,,0,P,0.38465,0.53731,0.22051,0.00250,frames/frame_000117.jpg
118,3.933333,,0,B,0.38464,0.53749,0.22059,0.00115,frames/frame_000118.jpg
119,3.966667,,0,B,0.38398,0.53854,0.22028,0.00260,frames/frame_000119.jpg
120,4.000000,,0,B,0.38397,0.53849,0.22030,0.00088,frames/frame_000120.jpg
121,4.033333,,0,P,0.38073,0.54259,0.22021,0.00472,frames/frame_000121.jpg
122,4.066667,,0,B,0.38069,0.54216,0.22025,0.00103,frames/frame_000122.jpg
123,4.100000,,0,B,0.38066,0.54168,0.22018,0.00094,frames/frame_000123.jpg
124,4.133333,,0,B,0.37937,0.54332,0.21944,0.00261,frames/frame_000124.jpg
125,4.166667,,0,P,0.37929,0.54392,0.21937,0.00108,frames/frame_000125.jpg
126,4.200000,,0,B,0.37914,0.54308,0.21942,0.00163,frames/frame_000126.jpg
127,4.233333,,0,B,0.37917,0.54358,0.21917,0.00112,frames/frame_000127.jpg
128,4.266667,,0,B,0.37915,0.54392,0.21913,0.00104,frames/frame_000128.jpg
129,4.300000,,0,P,0.37883,0.54484,0.21912,0.00158,frames/frame_000129.jpg
130,4.333333,,0,B,0.40807,0.59478,0.15994,0.30575,frames/frame_000130.jpg
131,4.366667,,0,B,0.40112,0.59359,0.16067,0.02708,frames/frame_000131.jpg
132,4.400000,,0,B,0.40110,0.59356,0.16059,0.00094,frames/frame_000132.jpg
133,4.433333,,0,P,0.40148,0.59272,0.16209,0.01315,frames/frame_000133.jpg
134,4.466667,,0,B,0.40160,0.59239,0.16221,0.00119,frames/frame_000134.jpg
135,4.500000,,0,B,0.40155,0.59246,0.16219,0.00095,frames/frame_000135.jpg
136,4.533333,,0,B,0.40058,0.59148,0.16243,0.02022,frames/frame_000136.jpg
137,4.566667,,0,P,0.40053,0.59178,0.16237,0.00027,frames/frame_000137.jpg
138,4.600000,,0,B,0.40122,0.59151,0.16156,0.00808,frames/frame_000138.jpg
139,4.633333,,0,B,0.40125,0.59149,0.16154,0.00066,frames/frame_000139.jpg
140,4.666667,,0,B,0.40125,0.59146,0.16156,0.00030,frames/frame_000140.jpg
141,4.700000,,0,P,0.39922,0.59142,0.16048,0.01198,frames/frame_000141.jpg
142,4.733333,,0,B,0.39923,0.59134,0.16044,0.00013,frames/frame_000142.jpg
143,4.766667,,0,P,0.40791,0.57395,0.16731,0.12899,frames/frame_000143.jpg
144,4.800000,,0,B,0.40713,0.57370,0.16752,0.00342,frames/frame_000144.jpg
145,4.833333,,0,B,0.40733,0.57330,0.16754,0.00142,frames/frame_000145.jpg
146,4.866667,,0,P,0.40692,0.57422,0.16770,0.00299,frames/frame_000146.jpg
147,4.900000,,0,B,0.40723,0.57280,0.16836,0.00388,frames/frame_000147.jpg
148,4.933333,,0,P,0.40802,0.57366,0.16796,0.00701,frames/frame_000148.jpg
149,4.966667,,0,B,0.40961,0.57224,0.16918,0.00612,frames/frame_000149.jpg
150,5.000000,,0,P,0.40910,0.57291,0.16933,0.00218,frames/frame_000150.jpg
151,5.033333,,0,B,0.41043,0.57185,0.17040,0.00941,frames/frame_000151.jpg
152,5.066667,,0,B,0.41043,0.57178,0.17041,0.00084,frames/frame_000152.jpg
153,5.100000,,0,P,0.41142,0.57014,0.17173,0.00912,frames/frame_000153.jpg
154,5.133333,,0,P,0.41258,0.56894,0.17303,0.00838,frames/frame_000154.jpg
155,5.166667,,0,B,0.41263,0.56904,0.17312,0.00076,frames/frame_000155.jpg
156,5.200000,,0,B,0.41332,0.56744,0.17415,0.00927,frames/frame_000156.jpg
157,5.233333,,0,B,0.42221,0.55490,0.18555,0.13668,frames/frame_000157.jpg
158,5.266667,,0,P,0.42227,0.55516,0.18560,0.00295,frames/frame_000158.jpg
159,5.300000,,0,B,0.42241,0.55497,0.18561,0.00156,frames/frame_000159.jpg
160,5.333333,,0,B,0.42233,0.55472,0.18564,0.00145,frames/frame_000160.jpg
161,5.366667,,0,B,0.42210,0.55490,0.18580,0.00319,frames/frame_000161.jpg
162,5.400000,,0,P,0.42209,0.55479,0.18589,0.00078,frames/frame_000162.jpg
163,5.433333,,0,B,0.42201,0.55467,0.18614,0.00303,frames/frame_000163.jpg
164,5.466667,,0,B,0.42200,0.55467,0.18634,0.00109,frames/frame_000164.jpg
165,5.500000,,0,B,0.42201,0.55449,0.18632,0.00069,frames/frame_000165.jpg
166,5.533333,,0,P,0.42189,0.55500,0.18634,0.00300,frames/frame_000166.jpg
167,5.566667,,0,B,0.42197,0.55485,0.18625,0.00146,frames/frame_000167.jpg
168,5.600000,,0,B,0.42204,0.55472,0.18642,0.00305,frames/frame_000168.jpg
169,5.633333,,0,B,0.42210,0.55462,0.18655,0.00076,frames/frame_000169.jpg
170,5.666667,,0,P,0.42196,0.55462,0.18642,0.00096,frames/frame_000170.jpg
171,5.700000,,0,B,0.35157,0.47675,0.15325,0.08052,frames/frame_000171.jpg
172,5.733333,,0,B,0.28436,0.38712,0.12022,0.07696,frames/frame_000172.jpg
173,5.766667,,0,B,0.23364,0.33426,0.09493,0.06074,frames/frame_000173.jpg
174,5.800000,,0,P,0.17368,0.49396,0.07240,0.07388,frames/frame_000174.jpg
175,5.833333,,0,P,0.15946,0.60560,0.07064,0.01942,frames/frame_000175.jpg
176,5.866667,,0,B,0.17796,0.60882,0.08940,0.02284,frames/frame_000176.jpg
177,5.900000,,0,B,0.17890,0.60834,0.09001,0.00329,frames/frame_000177.jpg
178,5.933333,,0,P,0.17872,0.61263,0.09122,0.00330,frames/frame_000178.jpg
179,5.966667,,1,I,0.17922,0.61271,0.09188,0.00459,frames/frame_000179.jpg
180,6.000000,,0,B,0.17986,0.61266,0.09273,0.00183,frames/frame_000180.jpg
181,6.033333,,0,B,0.18017,0.61346,0.09302,0.00133,frames/frame_000181.jpg
182,6.066667,,0,B,0.18019,0.61465,0.09382,0.00204,frames/frame_000182.jpg
183,6.100000,,0,P,0.18056,0.61465,0.09472,0.00128,frames/frame_000183.jpg
184,6.133333,,0,B,0.18072,0.61559,0.09476,0.00136,frames/frame_000184.jpg
185,6.166667,,0,B,0.18082,0.61551,0.09552,0.00184,frames/frame_000185.jpg
186,6.200000,,0,B,0.18106,0.61557,0.09616,0.00112,frames/frame_000186.jpg
187,6.233333,,0,P,0.18143,0.61560,0.09739,0.00173,frames/frame_000187.jpg
188,6.266667,,0,B,0.18169,0.61571,0.09776,0.00118,frames/frame_000188.jpg
189,6.300000,,0,B,0.18202,0.61598,0.09834,0.00124,frames/frame_000189.jpg
190,6.333333,,0,B,0.18212,0.61631,0.09848,0.00107,frames/frame_000190.jpg
191,6.366667,,0,P,0.18220,0.61692,0.09863,0.00103,frames/frame_000191.jpg
192,6.400000,,0,B,0.18234,0.61671,0.09860,0.00117,frames/frame_000192.jpg
193,6.433333,,0,B,0.18240,0.61746,0.09890,0.00106,frames/frame_000193.jpg
194,6.466667,,0,B,0.18252,0.61740,0.09900,0.00105,frames/frame_000194.jpg
195,6.500000,,0,P,0.18257,0.61745,0.09893,0.00123,frames/frame_000195.jpg
196,6.533333,,0,B,0.18274,0.61741,0.09883,0.00159,frames/frame_000196.jpg
197,6.566667,,0,B,0.18279,0.61734,0.09900,0.00114,frames/frame_000197.jpg
198,6.600000,,0,B,0.18308,0.61702,0.09944,0.00135,frames/frame_000198.jpg
199,6.633333,,0,P,0.18299,0.61842,0.09969,0.00164,frames/frame_000199.jpg
200,6.666667,,0,B,0.18358,0.61613,0.10036,0.00231,frames/frame_000200.jpg
201,6.700000,,0,B,0.18375,0.61694,0.10075,0.00138,frames/frame_000201.jpg
202,6.733333,,0,B,0.18382,0.61613,0.10076,0.00128,frames/frame_000202.jpg
203,6.766667,,0,P,0.18372,0.61727,0.10081,0.00185,frames/frame_000203.jpg
204,6.800000,,0,B,0.18388,0.61640,0.10077,0.00190,frames/frame_000204.jpg
205,6.833333,,0,B,0.18413,0.61686,0.10149,0.00157,frames/frame_000205.jpg
206,6.866667,,0,B,0.18432,0.61560,0.10178,0.00129,frames/frame_000206.jpg
207,6.900000,,0,P,0.18420,0.61731,0.10186,0.00185,frames/frame_000207.jpg
208,6.933333,,0,B,0.18444,0.61555,0.10190,0.00177,frames/frame_000208.jpg
209,6.966667,,0,B,0.18438,0.61612,0.10176,0.00142,frames/frame_000209.jpg
210,7.000000,,0,B,0.18441,0.61538,0.10183,0.00124,frames/frame_000210.jpg
211,7.033333,,0,P,0.18420,0.61743,0.10178,0.00196,frames/frame_000211.jpg
212,7.066667,,0,B,0.18443,0.61644,0.10208,0.00178,frames/frame_000212.jpg
213,7.100000,,0,B,0.18462,0.61624,0.10254,0.00128,frames/frame_000213.jpg
214,7.133333,,0,B,0.18484,0.61584,0.10304,0.00108,frames/frame_000214.jpg
215,7.166667,,0,P,0.18492,0.61576,0.10334,0.00150,frames/frame_000215.jpg
216,7.200000,,0,B,0.18547,0.61454,0.10398,0.00185,frames/frame_000216.jpg
217,7.233333,,0,B,0.18539,0.61486,0.10413,0.00132,frames/frame_000217.jpg
218,7.266667,,0,B,0.18547,0.61439,0.10402,0.00095,frames/frame_000218.jpg
219,7.300000,,0,P,0.18525,0.61537,0.10408,0.00142,frames/frame_000219.jpg
220,7.333333,,0,B,0.18549,0.61402,0.10411,0.00175,frames/frame_000220.jpg
221,7.366667,,0,B,0.18532,0.61559,0.10402,0.00136,frames/frame_000221.jpg
222,7.400000,,0,B,0.18536,0.61528,0.10398,0.00073,frames/frame_000222.jpg
223,7.433333,,0,P,0.18524,0.61562,0.10393,0.00127,frames/frame_000223.jpg
224,7.466667,,0,B,0.18525,0.61561,0.10390,0.00012,frames/frame_000224.jpg
225,7.500000,,0,B,0.28629,0.56148,0.16186,0.19665,frames/frame_000225.jpg
226,7.533333,,0,B,0.28631,0.56142,0.16193,0.00042,frames/frame_000226.jpg
227,7.566667,,0,P,0.28629,0.56118,0.16194,0.00045,frames/frame_000227.jpg
228,7.600000,,0,B,0.28641,0.56121,0.16190,0.00070,frames/frame_000228.jpg
229,7.633333,,0,B,0.28637,0.56121,0.16185,0.00056,frames/frame_000229.jpg
230,7.666667,,0,B,0.28639,0.56125,0.16183,0.00027,frames/frame_000230.jpg
231,7.700000,,0,P,0.29142,0.54201,0.17329,0.02812,frames/frame_000231.jpg
232,7.733333,,0,B,0.29155,0.54174,0.17337,0.00075,frames/frame_000232.jpg
233,7.766667,,0,B,0.29157,0.54148,0.17374,0.00074,frames/frame_000233.jpg
234,7.800000,,0,B,0.29357,0.53812,0.17375,0.01004,frames/frame_000234.jpg
235,7.833333,,0,P,0.29400,0.53730,0.17517,0.00735,frames/frame_000235.jpg
236,7.866667,,0,B,0.29682,0.53344,0.17715,0.01729,frames/frame_000236.jpg
237,7.900000,,0,B,0.29699,0.53317,0.17741,0.00074,frames/frame_000237.jpg
238,7.933333,,0,B,0.29701,0.53325,0.17731,0.00035,frames/frame_000238.jpg
239,7.966667,,0,P,0.29413,0.53098,0.18046,0.03123,frames/frame_000239.jpg
240,8.000000,,0,B,0.29425,0.53081,0.18052,0.00107,frames/frame_000240.jpg
241,8.033333,,0,B,0.29420,0.53111,0.18051,0.00171,frames/frame_000241.jpg
242,8.066667,,0,B,0.29419,0.53093,0.18058,0.00044,frames/frame_000242.jpg
243,8.100000,,0,P,0.29414,0.53142,0.18209,0.00755,frames/frame_000243.jpg
244,8.133333,,0,B,0.29965,0.52556,0.18439,0.01991,frames/frame_000244.jpg
245,8.166667,,0,B,0.29980,0.52511,0.18477,0.00063,frames/frame_000245.jpg
246,8.200000,,0,B,0.30283,0.52204,0.18275,0.01309,frames/frame_000246.jpg
247,8.233333,,0,P,0.30302,0.52191,0.18305,0.00098,frames/frame_000247.jpg
248,8.266667,,0,P,0.30287,0.52173,0.18296,0.00210,frames/frame_000248.jpg
249,8.300000,,0,B,0.30955,0.52758,0.17638,0.07180,frames/frame_000249.jpg
250,8.333333,,0,B,0.30952,0.52763,0.17644,0.00048,frames/frame_000250.jpg
251,8.366667,,0,B,0.31600,0.52430,0.18225,0.09052,frames/frame_000251.jpg
252,8.400000,,0,P,0.31596,0.52422,0.18218,0.00042,frames/frame_000252.jpg
253,8.433333,,0,B,0.31598,0.52419,0.18227,0.00039,frames/frame_000253.jpg
254,8.466667,,0,B,0.31524,0.52177,0.18855,0.05369,frames/frame_000254.jpg
255,8.500000,,0,B,0.31568,0.52144,0.18812,0.00816,frames/frame_000255.jpg
256,8.533333,,0,P,0.31351,0.52310,0.18747,0.02103,frames/frame_000256.jpg
257,8.566667,,0,B,0.31352,0.52318,0.18739,0.00047,frames/frame_000257.jpg
258,8.600000,,0,B,0.31353,0.52322,0.18755,0.00045,frames/frame_000258.jpg
259,8.633333,,0,B,0.30908,0.52899,0.18581,0.03687,frames/frame_000259.jpg
260,8.666667,,0,P,0.30934,0.52864,0.18623,0.00085,frames/frame_000260.jpg
261,8.700000,,0,B,0.30638,0.52878,0.18452,0.04762,frames/frame_000261.jpg
262,8.733333,,0,B,0.30667,0.52842,0.18459,0.00057,frames/frame_000262.jpg
263,8.766667,,0,B,0.30712,0.52761,0.18499,0.00115,frames/frame_000263.jpg
264,8.800000,,0,P,0.30732,0.52749,0.18507,0.00143,frames/frame_000264.jpg
265,8.833333,,0,B,0.30728,0.52758,0.18524,0.00074,frames/frame_000265.jpg
266,8.866667,,0,B,0.31307,0.52374,0.18687,0.04883,frames/frame_000266.jpg
267,8.900000,,0,B,0.31305,0.52376,0.18688,0.00050,frames/frame_000267.jpg
268,8.933333,,0,P,0.31299,0.52383,0.18687,0.00061,frames/frame_000268.jpg
269,8.966667,,1,I,0.31762,0.52022,0.18581,0.02828,frames/frame_000269.jpg
270,9.000000,,0,B,0.31764,0.52014,0.18596,0.00055,frames/frame_000270.jpg
271,9.033333,,0,B,0.32204,0.51445,0.18590,0.02340,frames/frame_000271.jpg
272,9.066667,,0,B,0.32208,0.51442,0.18588,0.00048,frames/frame_000272.jpg
273,9.100000,,0,P,0.32206,0.51455,0.18599,0.00056,frames/frame_000273.jpg
274,9.133333,,0,B,0.30752,0.53182,0.17968,0.03773,frames/frame_000274.jpg
275,9.166667,,0,B,0.30751,0.53172,0.17971,0.00058,frames/frame_000275.jpg
276,9.200000,,0,B,0.30623,0.53422,0.17986,0.00767,frames/frame_000276.jpg
277,9.233333,,0,P,0.30626,0.53436,0.17993,0.00098,frames/frame_000277.jpg
278,9.266667,,0,B,0.30628,0.53423,0.17996,0.00075,frames/frame_000278.jpg
279,9.300000,,0,B,0.30488,0.53579,0.18055,0.00721,frames/frame_000279.jpg
280,9.333333,,0,B,0.03092,0.71730,0.04734,0.29654,frames/frame_000280.jpg
281,9.366667,,0,P,0.03086,0.71720,0.04723,0.00083,frames/frame_000281.jpg
282,9.400000,,0,B,0.03119,0.71673,0.04764,0.00073,frames/frame_000282.jpg
283,9.433333,,0,B,0.03107,0.71663,0.04794,0.00078,frames/frame_000283.jpg
284,9.466667,,0,B,0.03092,0.71780,0.04848,0.00064,frames/frame_000284.jpg
285,9.500000,,0,P,0.03146,0.71646,0.04871,0.00122,frames/frame_000285.jpg
286,9.533333,,0,B,0.03155,0.72070,0.04895,0.00067,frames/frame_000286.jpg
287,9.566667,,0,B,0.03151,0.71458,0.05012,0.00138,frames/frame_000287.jpg
288,9.600000,,0,P,0.03216,0.75855,0.04944,0.00171,frames/frame_000288.jpg
289,9.633333,,0,B,0.03222,0.73850,0.05008,0.00173,frames/frame_000289.jpg
290,9.666667,,0,B,0.03268,0.74225,0.05045,0.00130,frames/frame_000290.jpg
291,9.700000,,0,B,0.03284,0.74228,0.05155,0.00113,frames/frame_000291.jpg
292,9.733333,,0,P,0.03258,0.75244,0.05079,0.00168,frames/frame_000292.jpg
293,9.766667,,0,B,0.03271,0.73969,0.05129,0.00158,frames/frame_000293.jpg
294,9.800000,,0,B,0.03337,0.73982,0.05234,0.00133,frames/frame_000294.jpg
295,9.833333,,0,B,0.03353,0.74120,0.05209,0.00071,frames/frame_000295.jpg
296,9.866667,,0,P,0.03386,0.75720,0.05307,0.00141,frames/frame_000296.jpg
297,9.900000,,0,B,0.03387,0.73293,0.05348,0.00111,frames/frame_000297.jpg
298,9.933333,,0,P,0.03411,0.75217,0.05328,0.00097,frames/frame_000298.jpg
299,9.966667,,0,B,0.03323,0.74047,0.05232,0.00169,frames/frame_000299.jpg
300,10.000000,,0,B,0.03347,0.73863,0.05220,0.00158,frames/frame_000300.jpg
301,10.033333,,0,B,0.03374,0.73942,0.05298,0.00086,frames/frame_000301.jpg
302,10.066667,,0,P,0.03377,0.73763,0.05319,0.00116,frames/frame_000302.jpg
303,10.100000,,0,B,0.03417,0.74224,0.05403,0.00126,frames/frame_000303.jpg
304,10.133333,,0,B,0.03434,0.74615,0.05371,0.00084,frames/frame_000304.jpg
305,10.166667,,0,B,0.03422,0.74175,0.05424,0.00099,frames/frame_000305.jpg
306,10.200000,,0,P,0.03464,0.74122,0.05434,0.00098,frames/frame_000306.jpg
307,10.233333,,0,B,0.03449,0.74557,0.05464,0.00161,frames/frame_000307.jpg
308,10.266667,,0,P,0.03536,0.74196,0.05552,0.00183,frames/frame_000308.jpg
309,10.300000,,0,B,0.03563,0.74451,0.05583,0.00082,frames/frame_000309.jpg
310,10.333333,,0,B,0.03607,0.74639,0.05579,0.00104,frames/frame_000310.jpg
311,10.366667,,0,B,0.03567,0.74622,0.05583,0.00077,frames/frame_000311.jpg
312,10.400000,,0,P,0.03612,0.74190,0.05687,0.00125,frames/frame_000312.jpg
313,10.433333,,0,B,0.03571,0.75023,0.05655,0.00083,frames/frame_000313.jpg
314,10.466667,,0,B,0.03532,0.74436,0.05590,0.00164,frames/frame_000314.jpg
315,10.500000,,0,P,0.03599,0.73446,0.05672,0.00165,frames/frame_000315.jpg
316,10.533333,,0,B,0.03573,0.74300,0.05724,0.00096,frames/frame_000316.jpg
317,10.566667,,0,B,0.03611,0.74716,0.05649,0.00098,frames/frame_000317.jpg
318,10.600000,,0,B,0.03626,0.74034,0.05696,0.00053,frames/frame_000318.jpg
319,10.633333,,0,P,0.03586,0.73542,0.05726,0.00068,frames/frame_000319.jpg
320,10.666667,,0,B,0.03614,0.73001,0.05714,0.00083,frames/frame_000320.jpg
321,10.700000,,0,P,0.15566,0.66196,0.12214,0.11463,frames/frame_000321.jpg
322,10.733333,,0,B,0.09224,0.63064,0.10480,0.08698,frames/frame_000322.jpg
323,10.766667,,0,B,0.08851,0.69277,0.10601,0.01726,frames/frame_000323.jpg
324,10.800000,,0,B,0.08783,0.64273,0.10688,0.01161,frames/frame_000324.jpg
325,10.833333,,0,P,0.08859,0.66954,0.10233,0.02624,frames/frame_000325.jpg
326,10.866667,,0,B,0.09128,0.70349,0.11240,0.02498,frames/frame_000326.jpg
327,10.900000,,0,B,0.09135,0.68718,0.11272,0.01095,frames/frame_000327.jpg
328,10.933333,,0,P,0.09088,0.70337,0.11163,0.01502,frames/frame_000328.jpg
329,10.966667,,0,P,0.09171,0.69195,0.11591,0.02143,frames/frame_000329.jpg
330,11.000000,,0,B,0.09207,0.68658,0.11177,0.02042,frames/frame_000330.jpg
331,11.033333,,0,P,0.09148,0.64217,0.11461,0.02555,frames/frame_000331.jpg
332,11.066667,,0,B,0.09188,0.64430,0.11611,0.01644,frames/frame_000332.jpg
333,11.100000,,0,B,0.09153,0.65538,0.11129,0.02487,frames/frame_000333.jpg
334,11.133333,,0,B,0.09156,0.63537,0.10706,0.02022,frames/frame_000334.jpg
335,11.166667,,0,P,0.09179,0.63434,0.10963,0.01109,frames/frame_000335.jpg
336,11.200000,,0,B,0.09021,0.59112,0.10729,0.01084,frames/frame_000336.jpg
337,11.233333,,0,B,0.09076,0.61250,0.10915,0.00799,frames/frame_000337.jpg
338,11.266667,,0,B,0.08979,0.59291,0.10460,0.00897,frames/frame_000338.jpg
339,11.300000,,0,P,0.09118,0.62277,0.11000,0.00896,frames/frame_000339.jpg
340,11.333333,,0,B,0.08996,0.60457,0.10544,0.00989,frames/frame_000340.jpg
341,11.366667,,0,B,0.08937,0.57944,0.10270,0.00947,frames/frame_000341.jpg
342,11.400000,,0,B,0.09038,0.60238,0.10798,0.01279,frames/frame_000342.jpg
343,11.433333,,0,P,0.09061,0.59224,0.10609,0.01160,frames/frame_000343.jpg
344,11.466667,,0,B,0.09023,0.60008,0.10813,0.01159,frames/frame_000344.jpg
345,11.500000,,0,P,0.09149,0.59358,0.10843,0.01181,frames/frame_000345.jpg
346,11.533333,,0,B,1.00000,0.00000,0.05710,0.91877,frames/frame_000346.jpg
347,11.566667,,0,B,1.00000,0.00000,0.05710,0.00000,frames/frame_000347.jpg
348,11.600000,,0,B,1.00000,0.00000,0.05710,0.00000,frames/frame_000348.jpg
349,11.633333,,0,P,1.00000,0.00000,0.05710,0.00000,frames/frame_000349.jpg
350,11.666667,,0,B,0.85620,0.32418,0.13121,0.18363,frames/frame_000350.jpg
351,11.700000,,0,B,0.85713,0.32197,0.12928,0.04055,frames/frame_000351.jpg
352,11.733333,,0,B,0.85723,0.32202,0.12922,0.01386,frames/frame_000352.jpg
353,11.766667,,0,P,0.85728,0.32206,0.12884,0.01439,frames/frame_000353.jpg
354,11.800000,,0,B,0.85702,0.32183,0.12767,0.03472,frames/frame_000354.jpg
355,11.833333,,0,B,0.85692,0.32215,0.12731,0.01399,frames/frame_000355.jpg
356,11.866667,,0,B,0.85283,0.32379,0.13226,0.03516,frames/frame_000356.jpg
357,11.900000,,0,P,0.85284,0.32363,0.13248,0.01419,frames/frame_000357.jpg
358,11.933333,,0,P,0.85288,0.32391,0.13250,0.01387,frames/frame_000358.jpg
359,11.966667,,1,I,0.84932,0.32417,0.14091,0.03782,frames/frame_000359.jpg
360,12.000000,,0,B,0.84916,0.32452,0.14091,0.01362,frames/frame_000360.jpg
361,12.033333,,0,B,0.84648,0.32740,0.14135,0.02537,frames/frame_000361.jpg
362,12.066667,,0,B,0.84399,0.32694,0.14291,0.02444,frames/frame_000362.jpg
363,12.100000,,0,P,0.84401,0.32662,0.14290,0.01375,frames/frame_000363.jpg
364,12.133333,,0,B,0.84672,0.32440,0.13992,0.02473,frames/frame_000364.jpg
365,12.166667,,0,B,0.84750,0.32442,0.13937,0.01943,frames/frame_000365.jpg
366,12.200000,,0,B,0.84748,0.32480,0.13960,0.01360,frames/frame_000366.jpg
367,12.233333,,0,P,0.84861,0.32340,0.14011,0.01808,frames/frame_000367.jpg
368,12.266667,,0,B,0.84745,0.32457,0.13967,0.02631,frames/frame_000368.jpg
369,12.300000,,0,B,0.84759,0.32465,0.13980,0.01377,frames/frame_000369.jpg
370,12.333333,,0,B,0.84749,0.32499,0.13978,0.02729,frames/frame_000370.jpg
371,12.366667,,0,P,0.84757,0.32497,0.13935,0.01373,frames/frame_000371.jpg
372,12.400000,,0,B,0.84773,0.32443,0.13930,0.01413,frames/frame_000372.jpg
373,12.433333,,0,B,0.84848,0.32478,0.13855,0.02296,frames/frame_000373.jpg
374,12.466667,,0,B,0.84859,0.32446,0.13890,0.01373,frames/frame_000374.jpg
375,12.500000,,0,P,0.84874,0.32648,0.14028,0.01965,frames/frame_000375.jpg
376,12.533333,,0,B,0.84919,0.32573,0.13926,0.01938,frames/frame_000376.jpg
377,12.566667,,0,B,0.84938,0.32533,0.13871,0.01367,frames/frame_000377.jpg
378,12.600000,,0,B,0.85182,0.32438,0.13519,0.02559,frames/frame_000378.jpg
379,12.633333,,0,P,0.85317,0.32400,0.13424,0.01822,frames/frame_000379.jpg
380,12.666667,,0,B,0.85334,0.32400,0.13427,0.01366,frames/frame_000380.jpg
381,12.700000,,0,B,0.85332,0.32401,0.13505,0.01775,frames/frame_000381.jpg
382,12.733333,,0,B,0.18693,0.36459,0.07411,0.62436,frames/frame_000382.jpg
383,12.766667,,0,P,0.18694,0.36509,0.07410,0.00097,frames/frame_000383.jpg
384,12.800000,,0,B,0.17468,0.36437,0.06970,0.03636,frames/frame_000384.jpg
385,12.833333,,0,B,0.17459,0.36375,0.06968,0.00123,frames/frame_000385.jpg
386,12.866667,,0,B,0.17176,0.36156,0.07061,0.03689,frames/frame_000386.jpg
387,12.900000,,0,P,0.17157,0.36106,0.07066,0.00116,frames/frame_000387.jpg
388,12.933333,,0,B,0.17182,0.36152,0.07041,0.00129,frames/frame_000388.jpg
389,12.966667,,0,B,0.16734,0.35859,0.06792,0.03432,frames/frame_000389.jpg
390,13.000000,,0,B,0.16751,0.35815,0.06803,0.00107,frames/frame_000390.jpg
391,13.033333,,0,P,0.16079,0.35742,0.06258,0.02586,frames/frame_000391.jpg
392,13.066667,,0,B,0.16108,0.35767,0.06255,0.00128,frames/frame_000392.jpg
393,13.100000,,0,B,0.16095,0.35732,0.06261,0.00112,frames/frame_000393.jpg
394,13.133333,,0,B,0.15364,0.37537,0.07044,0.03720,frames/frame_000394.jpg
395,13.166667,,0,P,0.15350,0.37511,0.07046,0.00093,frames/frame_000395.jpg
396,13.200000,,0,B,0.14979,0.37150,0.06648,0.00815,frames/frame_000396.jpg
397,13.233333,,0,B,0.14984,0.37079,0.06655,0.00116,frames/frame_000397.jpg
398,13.266667,,0,B,0.15015,0.37054,0.06695,0.00109,frames/frame_000398.jpg
399,13.300000,,0,P,0.15114,0.36901,0.06974,0.01366,frames/frame_000399.jpg
400,13.333333,,0,B,0.15123,0.36950,0.06965,0.00109,frames/frame_000400.jpg
401,13.366667,,0,B,0.15270,0.36923,0.07213,0.00862,frames/frame_000401.jpg
402,13.400000,,0,B,0.15268,0.36928,0.07210,0.00086,frames/frame_000402.jpg
403,13.433333,,0,P,0.15259,0.36860,0.07216,0.00100,frames/frame_000403.jpg
404,13.466667,,0,B,0.15564,0.36967,0.07551,0.01504,frames/frame_000404.jpg
405,13.500000,,0,B,0.15556,0.36928,0.07557,0.00089,frames/frame_000405.jpg
406,13.533333,,0,B,0.16277,0.37464,0.08126,0.02261,frames/frame_000406.jpg
407,13.566667,,0,P,0.16258,0.37456,0.08142,0.00103,frames/frame_000407.jpg
408,13.600000,,0,B,0.16274,0.37546,0.08137,0.00097,frames/frame_000408.jpg
409,13.633333,,0,B,0.16750,0.37675,0.08527,0.01565,frames/frame_000409.jpg
410,13.666667,,0,B,0.16754,0.37702,0.08520,0.00091,frames/frame_000410.jpg
411,13.700000,,0,P,0.17570,0.37990,0.08952,0.02589,frames/frame_000411.jpg
412,13.733333,,0,B,0.17596,0.38056,0.08944,0.00115,frames/frame_000412.jpg
413,13.766667,,0,B,0.17586,0.38053,0.08931,0.00094,frames/frame_000413.jpg
414,13.800000,,0,B,0.18771,0.37748,0.09837,0.03017,frames/frame_000414.jpg
415,13.833333,,0,P,0.18753,0.37694,0.09841,0.00108,frames/frame_000415.jpg
416,13.866667,,0,B,0.19758,0.36975,0.10632,0.03560,frames/frame_000416.jpg
417,13.900000,,0,P,0.22783,0.38504,0.13360,0.03081,frames/frame_000417.jpg
418,13.933333,,0,B,0.21989,0.38066,0.12810,0.01376,frames/frame_000418.jpg
419,13.966667,,0,B,0.21356,0.37697,0.12480,0.01012,frames/frame_000419.jpg
420,14.000000,,0,B,0.21175,0.37564,0.12170,0.00437,frames/frame_000420.jpg
421,14.033333,,0,P,0.21974,0.37029,0.12135,0.04266,frames/frame_000421.jpg
422,14.066667,,0,B,0.21990,0.37062,0.12129,0.00104,frames/frame_000422.jpg
423,14.100000,,0,B,0.21980,0.37057,0.12152,0.00103,frames/frame_000423.jpg
424,14.133333,,0,B,0.22490,0.36871,0.12345,0.02205,frames/frame_000424.jpg
425,14.166667,,0,P,0.22483,0.36857,0.12352,0.00103,frames/frame_000425.jpg
426,14.200000,,0,B,0.23236,0.36648,0.13127,0.03498,frames/frame_000426.jpg
427,14.233333,,0,B,0.23234,0.36623,0.13137,0.00085,frames/frame_000427.jpg
428,14.266667,,0,B,0.23290,0.36805,0.13257,0.00129,frames/frame_000428.jpg
429,14.300000,,0,P,0.23862,0.36410,0.13624,0.02893,frames/frame_000429.jpg
430,14.333333,,0,B,0.23875,0.36431,0.13630,0.00096,frames/frame_000430.jpg
431,14.366667,,0,B,0.24065,0.36291,0.13926,0.01818,frames/frame_000431.jpg
432,14.400000,,0,B,0.24068,0.36278,0.13919,0.00079,frames/frame_000432.jpg
433,14.433333,,0,P,0.24068,0.36271,0.13934,0.00107,frames/frame_000433.jpg
434,14.466667,,0,B,0.23046,0.36961,0.13309,0.05806,frames/frame_000434.jpg
435,14.500000,,0,B,0.23055,0.36981,0.13338,0.00094,frames/frame_000435.jpg
436,14.533333,,0,B,0.23345,0.36744,0.13423,0.03124,frames/frame_000436.jpg
437,14.566667,,0,P,0.23349,0.36736,0.13446,0.00107,frames/frame_000437.jpg
438,14.600000,,0,B,0.23364,0.36705,0.13443,0.00087,frames/frame_000438.jpg
439,14.633333,,0,B,0.23959,0.36439,0.13818,0.03528,frames/frame_000439.jpg
440,14.666667,,0,B,0.23977,0.36457,0.13854,0.00104,frames/frame_000440.jpg
441,14.700000,,0,P,0.22854,0.35654,0.12621,0.03719,frames/frame_000441.jpg
442,14.733333,,0,B,0.22866,0.35711,0.12627,0.00098,frames/frame_000442.jpg
443,14.766667,,0,B,0.22872,0.35722,0.12637,0.00094,frames/frame_000443.jpg
444,14.800000,,0,B,0.22759,0.35887,0.12532,0.05596,frames/frame_000444.jpg
445,14.833333,,0,P,0.22753,0.35867,0.12560,0.00109,frames/frame_000445.jpg
446,14.866667,,0,B,0.22513,0.36084,0.12402,0.01423,frames/frame_000446.jpg
447,14.900000,,0,B,0.22531,0.36139,0.12416,0.00103,frames/frame_000447.jpg
448,14.933333,,0,P,0.22518,0.36095,0.12410,0.00085,frames/frame_000448.jpg
449,14.966667,,1,I,0.22312,0.36154,0.12357,0.01352,frames/frame_000449.jpg
450,15.000000,,0,B,0.22326,0.36276,0.12347,0.00101,frames/frame_000450.jpg
451,15.033333,,0,B,0.21937,0.36452,0.11904,0.02255,frames/frame_000451.jpg
452,15.066667,,0,B,0.21962,0.36470,0.11902,0.00105,frames/frame_000452.jpg
453,15.100000,,0,P,0.21967,0.36325,0.11937,0.00139,frames/frame_000453.jpg
454,15.133333,,0,B,0.22011,0.36420,0.11874,0.00521,frames/frame_000454.jpg
455,15.166667,,0,B,0.21997,0.36358,0.11881,0.00103,frames/frame_000455.jpg
456,15.200000,,0,B,0.21959,0.36417,0.11829,0.00458,frames/frame_000456.jpg
457,15.233333,,0,P,0.21958,0.36284,0.11869,0.00130,frames/frame_000457.jpg
458,15.266667,,0,B,0.21987,0.36381,0.11878,0.00133,frames/frame_000458.jpg
459,15.300000,,0,B,0.21993,0.36284,0.11918,0.00424,frames/frame_000459.jpg
460,15.333333,,0,B,0.22015,0.36265,0.11938,0.00101,frames/frame_000460.jpg
461,15.366667,,0,P,0.21959,0.36207,0.11972,0.00426,frames/frame_000461.jpg
462,15.400000,,0,B,0.21981,0.36330,0.11971,0.00120,frames/frame_000462.jpg
463,15.433333,,0,B,0.21968,0.36285,0.11973,0.00105,frames/frame_000463.jpg
464,15.466667,,0,B,0.21916,0.36264,0.11990,0.00360,frames/frame_000464.jpg
465,15.500000,,0,P,0.21923,0.36168,0.11998,0.00130,frames/frame_000465.jpg
466,15.533333,,0,B,0.21934,0.36277,0.11983,0.00176,frames/frame_000466.jpg
467,15.566667,,0,B,0.21924,0.36282,0.11984,0.00126,frames/frame_000467.jpg
468,15.600000,,0,B,0.21934,0.36256,0.11995,0.00117,frames/frame_000468.jpg
469,15.633333,,0,P,0.21785,0.36241,0.11849,0.00385,frames/frame_000469.jpg
470,15.666667,,0,B,0.21811,0.36288,0.11835,0.00141,frames/frame_000470.jpg
471,15.700000,,0,B,0.21781,0.36214,0.11891,0.00238,frames/frame_000471.jpg
472,15.733333,,0,B,0.21800,0.36207,0.11890,0.00127,frames/frame_000472.jpg
473,15.766667,,0,P,0.21808,0.36046,0.11906,0.00164,frames/frame_000473.jpg
474,15.800000,,0,B,0.21809,0.36053,0.11905,0.00227,frames/frame_000474.jpg
475,15.833333,,0,B,0.21802,0.36043,0.11920,0.00120,frames/frame_000475.jpg
476,15.866667,,0,B,0.21773,0.36096,0.11879,0.00183,frames/frame_000476.jpg
477,15.900000,,0,P,0.21756,0.36000,0.11881,0.00138,frames/frame_000477.jpg
478,15.933333,,0,B,0.21775,0.36099,0.11871,0.00137,frames/frame_000478.jpg
479,15.966667,,0,B,0.21748,0.36088,0.11883,0.00156,frames/frame_000479.jpg
480,16.000000,,0,B,0.21754,0.36070,0.11884,0.00119,frames/frame_000480.jpg
481,16.033333,,0,P,0.21773,0.36052,0.11919,0.00213,frames/frame_000481.jpg
482,16.066667,,0,B,0.21786,0.36110,0.11907,0.00122,frames/frame_000482.jpg
483,16.100000,,0,B,0.21782,0.36093,0.11906,0.00116,frames/frame_000483.jpg
484,16.133333,,0,B,0.21831,0.36081,0.11940,0.00224,frames/frame_000484.jpg
485,16.166667,,0,P,0.21811,0.36015,0.11941,0.00124,frames/frame_000485.jpg
486,16.200000,,0,B,0.21976,0.35921,0.12128,0.00330,frames/frame_000486.jpg
487,16.233333,,0,B,0.21964,0.35910,0.12133,0.00111,frames/frame_000487.jpg
488,16.266667,,0,B,0.21968,0.35922,0.12131,0.00106,frames/frame_000488.jpg
489,16.300000,,0,P,0.22094,0.35809,0.12203,0.00360,frames/frame_000489.jpg
490,16.333333,,0,B,0.22112,0.35909,0.12203,0.00126,frames/frame_000490.jpg
491,16.366667,,0,B,0.22188,0.35829,0.12252,0.00337,frames/frame_000491.jpg
492,16.400000,,0,B,0.22195,0.35836,0.12241,0.00101,frames/frame_000492.jpg
493,16.433333,,0,P,0.22182,0.35766,0.12243,0.00117,frames/frame_000493.jpg
494,16.466667,,0,B,0.22207,0.35833,0.12234,0.00337,frames/frame_000494.jpg
495,16.500000,,0,B,0.22190,0.35822,0.12235,0.00115,frames/frame_000495.jpg
496,16.533333,,0,B,0.22153,0.35809,0.12274,0.00559,frames/frame_000496.jpg
497,16.566667,,0,P,0.22145,0.35784,0.12276,0.00110,frames/frame_000497.jpg
498,16.600000,,0,B,0.21907,0.36775,0.13834,0.02461,frames/frame_000498.jpg
499,16.633333,,0,B,0.20450,0.37428,0.14408,0.03587,frames/frame_000499.jpg
500,16.666667,,0,B,0.19665,0.37380,0.15414,0.03065,frames/frame_000500.jpg
501,16.700000,,0,P,0.19283,0.36881,0.16631,0.03686,frames/frame_000501.jpg
502,16.733333,,0,B,0.18358,0.36753,0.16851,0.03891,frames/frame_000502.jpg
503,16.766667,,0,B,0.17251,0.37616,0.17089,0.04572,frames/frame_000503.jpg
504,16.800000,,0,B,0.16610,0.38307,0.17424,0.02370,frames/frame_000504.jpg
505,16.833333,,0,P,0.16883,0.41716,0.18512,0.05128,frames/frame_000505.jpg
506,16.866667,,0,P,0.16228,0.42487,0.18949,0.02945,frames/frame_000506.jpg
507,16.900000,,0,B,0.16020,0.42684,0.18724,0.02088,frames/frame_000507.jpg
508,16.933333,,0,B,0.15971,0.42648,0.18579,0.01200,frames/frame_000508.jpg
509,16.966667,,0,B,0.15992,0.43117,0.18472,0.03777,frames/frame_000509.jpg
510,17.000000,,0,P,0.15999,0.42816,0.18596,0.03538,frames/frame_000510.jpg
511,17.033333,,0,B,0.22129,0.44702,0.20954,0.13950,frames/frame_000511.jpg
512,17.066667,,0,B,0.18497,0.45697,0.20008,0.12833,frames/frame_000512.jpg
513,17.100000,,0,B,0.17028,0.45894,0.19308,0.08252,frames/frame_000513.jpg
514,17.133333,,0,P,0.16501,0.45945,0.19098,0.02489,frames/frame_000514.jpg
515,17.166667,,0,B,0.16577,0.46544,0.19143,0.05868,frames/frame_000515.jpg
516,17.200000,,0,B,0.16599,0.46657,0.19274,0.01190,frames/frame_000516.jpg
517,17.233333,,0,B,0.16585,0.46670,0.19252,0.02273,frames/frame_000517.jpg
518,17.266667,,0,P,0.18324,0.46679,0.20981,0.04389,frames/frame_000518.jpg
519,17.300000,,0,B,0.18370,0.46793,0.20741,0.02746,frames/frame_000519.jpg
520,17.333333,,0,B,0.18373,0.46880,0.20731,0.03252,frames/frame_000520.jpg
521,17.366667,,0,B,0.18452,0.47381,0.20704,0.02724,frames/frame_000521.jpg
522,17.400000,,0,P,0.18382,0.46974,0.20555,0.03037,frames/frame_000522.jpg
523,17.433333,,0,B,0.18248,0.46720,0.20465,0.03252,frames/frame_000523.jpg
524,17.466667,,0,P,0.18374,0.46970,0.20685,0.02783,frames/frame_000524.jpg
525,17.500000,,0,B,0.17907,0.47820,0.19713,0.03593,frames/frame_000525.jpg
526,17.533333,,0,B,0.17785,0.47180,0.19374,0.04930,frames/frame_000526.jpg
527,17.566667,,0,B,0.17788,0.47223,0.19364,0.00536,frames/frame_000527.jpg
528,17.600000,,0,P,0.17854,0.47381,0.19480,0.02545,frames/frame_000528.jpg
529,17.633333,,0,B,0.17992,0.48052,0.19356,0.04272,frames/frame_000529.jpg
530,17.666667,,0,B,0.17912,0.47902,0.19737,0.03283,frames/frame_000530.jpg
531,17.700000,,0,B,0.17902,0.47955,0.19492,0.04854,frames/frame_000531.jpg
532,17.733333,,0,P,0.17139,0.46897,0.18075,0.03604,frames/frame_000532.jpg
533,17.766667,,0,B,0.17136,0.47252,0.18000,0.05046,frames/frame_000533.jpg
534,17.800000,,0,B,0.17148,0.46998,0.17876,0.02511,frames/frame_000534.jpg
535,17.833333,,0,B,0.17192,0.47181,0.17802,0.03782,frames/frame_000535.jpg
536,17.866667,,0,P,0.17165,0.46912,0.17977,0.03437,frames/frame_000536.jpg
537,17.900000,,0,B,0.17169,0.47179,0.17929,0.01606,frames/frame_000537.jpg
538,17.933333,,0,P,0.17135,0.46845,0.18053,0.02261,frames/frame_000538.jpg
539,17.966667,,1,I,0.18087,0.39902,0.18077,0.04462,frames/frame_000539.jpg
540,18.000000,,0,B,0.18115,0.40250,0.18153,0.01686,frames/frame_000540.jpg
541,18.033333,,0,B,0.18100,0.40369,0.18322,0.02578,frames/frame_000541.jpg
542,18.066667,,0,B,0.18009,0.40319,0.18112,0.03800,frames/frame_000542.jpg
543,18.100000,,0,P,0.17914,0.39964,0.18218,0.03548,frames/frame_000543.jpg
544,18.133333,,0,B,0.18028,0.40501,0.18152,0.03389,frames/frame_000544.jpg
545,18.166667,,0,B,0.17996,0.40273,0.18125,0.02699,frames/frame_000545.jpg
546,18.200000,,0,B,0.14408,0.37487,0.17343,0.05287,frames/frame_000546.jpg
547,18.233333,,0,P,0.14428,0.37818,0.17729,0.04580,frames/frame_000547.jpg
548,18.266667,,0,B,0.14397,0.37337,0.17261,0.04025,frames/frame_000548.jpg
549,18.300000,,0,P,0.14427,0.37603,0.17362,0.01978,frames/frame_000549.jpg
550,18.333333,,0,B,0.14503,0.38248,0.17120,0.01561,frames/frame_000550.jpg
551,18.366667,,0,B,0.14443,0.37582,0.17329,0.01973,frames/frame_000551.jpg
552,18.400000,,0,B,0.15366,0.42747,0.17969,0.01966,frames/frame_000552.jpg
553,18.433333,,0,P,0.15246,0.42741,0.18016,0.03340,frames/frame_000553.jpg
554,18.466667,,0,B,0.15363,0.43157,0.18003,0.01489,frames/frame_000554.jpg
555,18.500000,,0,B,0.15359,0.43523,0.18211,0.03878,frames/frame_000555.jpg
556,18.533333,,0,B,0.15408,0.43385,0.17922,0.04131,frames/frame_000556.jpg
557,18.566667,,0,P,0.15303,0.43239,0.17877,0.02429,frames/frame_000557.jpg
558,18.600000,,0,B,0.15399,0.43932,0.17940,0.02328,frames/frame_000558.jpg
559,18.633333,,0,B,0.16531,0.46286,0.19278,0.04186,frames/frame_000559.jpg
560,18.666667,,0,B,0.16478,0.46223,0.19137,0.05001,frames/frame_000560.jpg
561,18.700000,,0,P,0.16527,0.45848,0.19103,0.02199,frames/frame_000561.jpg
562,18.733333,,0,B,0.16531,0.46357,0.18990,0.02609,frames/frame_000562.jpg
563,18.766667,,0,B,0.16590,0.46466,0.18823,0.02256,frames/frame_000563.jpg
564,18.800000,,0,B,0.16616,0.46596,0.19056,0.02771,frames/frame_000564.jpg
565,18.833333,,0,P,0.16568,0.46439,0.19254,0.03911,frames/frame_000565.jpg
566,18.866667,,0,B,0.18361,0.46747,0.20839,0.04882,frames/frame_000566.jpg
567,18.900000,,0,B,0.18362,0.46929,0.20581,0.03026,frames/frame_000567.jpg
568,18.933333,,0,P,0.18361,0.46809,0.20743,0.03590,frames/frame_000568.jpg
569,18.966667,,0,B,0.18356,0.47183,0.20766,0.01823,frames/frame_000569.jpg
570,19.000000,,0,B,0.18356,0.47196,0.20768,0.00009,frames/frame_000570.jpg
571,19.033333,,0,B,0.18462,0.47227,0.20623,0.02473,frames/frame_000571.jpg
572,19.066667,,0,P,0.18424,0.47132,0.20813,0.02643,frames/frame_000572.jpg
573,19.100000,,0,P,0.24028,0.42831,0.23050,0.20302,frames/frame_000573.jpg
574,19.133333,,0,B,0.21090,0.43951,0.21220,0.12607,frames/frame_000574.jpg
575,19.166667,,0,P,0.20275,0.44414,0.21281,0.07885,frames/frame_000575.jpg
576,19.200000,,0,B,0.20248,0.44430,0.21413,0.03506,frames/frame_000576.jpg
577,19.233333,,0,B,0.20224,0.44422,0.20774,0.07948,frames/frame_000577.jpg
578,19.266667,,0,B,0.20274,0.44437,0.20843,0.08245,frames/frame_000578.jpg
579,19.300000,,0,P,0.20289,0.44042,0.21161,0.05082,frames/frame_000579.jpg
580,19.333333,,0,B,0.20716,0.43516,0.21087,0.08256,frames/frame_000580.jpg
581,19.366667,,0,B,0.20696,0.43031,0.20778,0.05615,frames/frame_000581.jpg
582,19.400000,,0,B,0.20703,0.43421,0.21047,0.05130,frames/frame_000582.jpg
583,19.433333,,0,P,0.20701,0.43059,0.20721,0.05969,frames/frame_000583.jpg
584,19.466667,,0,B,0.20697,0.43406,0.20931,0.05617,frames/frame_000584.jpg
585,19.500000,,0,B,0.20750,0.43082,0.20796,0.03203,frames/frame_000585.jpg
586,19.533333,,0,B,0.21565,0.36391,0.21551,0.07384,frames/frame_000586.jpg
587,19.566667,,0,P,0.21709,0.36988,0.21183,0.08099,frames/frame_000587.jpg
588,19.600000,,0,B,0.21705,0.37408,0.21478,0.06816,frames/frame_000588.jpg
589,19.633333,,0,B,0.21756,0.37194,0.21389,0.05144,frames/frame_000589.jpg
590,19.666667,,0,B,0.21792,0.36913,0.21646,0.04881,frames/frame_000590.jpg
591,19.700000,,0,P,0.21747,0.36843,0.21534,0.04454,frames/frame_000591.jpg
592,19.733333,,0,B,0.21695,0.37079,0.21341,0.06407,frames/frame_000592.jpg
593,19.766667,,0,P,0.18557,0.29680,0.20424,0.08644,frames/frame_000593.jpg
594,19.800000,,0,P,0.25873,0.37666,0.21897,0.23017,frames/frame_000594.jpg
595,19.833333,,0,B,0.18830,0.38232,0.19167,0.16176,frames/frame_000595.jpg
596,19.866667,,0,B,0.17893,0.38532,0.18511,0.09436,frames/frame_000596.jpg
597,19.900000,,0,B,0.17849,0.39054,0.18492,0.01634,frames/frame_000597.jpg
598,19.933333,,0,P,0.17897,0.38982,0.18813,0.07295,frames/frame_000598.jpg
599,19.966667,,0,B,0.17950,0.39261,0.18702,0.00576,frames/frame_000599.jpg
600,20.000000,,0,B,0.18677,0.45490,0.18996,0.04886,frames/frame_000600.jpg
601,20.033333,,0,B,0.18942,0.44900,0.18833,0.10294,frames/frame_000601.jpg
602,20.066667,,0,P,0.18832,0.45059,0.19073,0.06824,frames/frame_000602.jpg
603,20.100000,,0,B,0.18889,0.45916,0.19032,0.05400,frames/frame_000603.jpg
604,20.133333,,0,B,0.18878,0.45982,0.18873,0.06972,frames/frame_000604.jpg
605,20.166667,,0,B,0.18920,0.46062,0.19197,0.07828,frames/frame_000605.jpg
606,20.200000,,0,P,0.18529,0.46120,0.19013,0.08661,frames/frame_000606.jpg
607,20.233333,,0,B,0.20157,0.48072,0.20400,0.07196,frames/frame_000607.jpg
608,20.266667,,0,B,0.20174,0.48009,0.20067,0.04396,frames/frame_000608.jpg
609,20.300000,,0,B,0.20364,0.48934,0.20100,0.05124,frames/frame_000609.jpg
610,20.333333,,0,P,0.28479,0.54931,0.22447,0.22865,frames/frame_000610.jpg
611,20.366667,,0,B,0.26383,0.55428,0.22347,0.17434,frames/frame_000611.jpg
612,20.400000,,0,P,0.25019,0.57223,0.21517,0.11164,frames/frame_000612.jpg
613,20.433333,,0,P,0.25014,0.56926,0.21159,0.03491,frames/frame_000613.jpg
614,20.466667,,0,B,0.27625,0.55340,0.23311,0.03105,frames/frame_000614.jpg
615,20.500000,,0,P,0.27692,0.56054,0.23570,0.08470,frames/frame_000615.jpg
616,20.533333,,0,B,0.27656,0.56257,0.23604,0.04668,frames/frame_000616.jpg
617,20.566667,,0,B,0.27758,0.55993,0.23616,0.04584,frames/frame_000617.jpg
618,20.600000,,0,B,0.27786,0.55812,0.23321,0.07159,frames/frame_000618.jpg
619,20.633333,,0,P,0.27800,0.55715,0.23308,0.00584,frames/frame_000619.jpg
620,20.666667,,0,B,0.27781,0.56030,0.23054,0.03688,frames/frame_000620.jpg
621,20.700000,,0,B,0.25095,0.57066,0.21092,0.09423,frames/frame_000621.jpg
622,20.733333,,0,B,0.25271,0.57093,0.20846,0.05438,frames/frame_000622.jpg
623,20.766667,,0,P,0.25249,0.56898,0.20904,0.02769,frames/frame_000623.jpg
624,20.800000,,0,P,0.25422,0.56444,0.21054,0.04558,frames/frame_000624.jpg
625,20.833333,,0,B,0.25386,0.56140,0.21239,0.04117,frames/frame_000625.jpg
626,20.866667,,0,B,0.25136,0.56868,0.21421,0.09850,frames/frame_000626.jpg
627,20.900000,,0,B,0.28747,0.51773,0.22667,0.15334,frames/frame_000627.jpg
628,20.933333,,0,P,0.25523,0.55126,0.21376,0.13565,frames/frame_000628.jpg
629,20.966667,,1,I,0.25412,0.55324,0.21403,0.09438,frames/frame_000629.jpg
630,21.000000,,0,B,0.25419,0.55576,0.21139,0.12869,frames/frame_000630.jpg
631,21.033333,,0,B,0.25382,0.54837,0.21611,0.13913,frames/frame_000631.jpg
632,21.066667,,0,B,0.25442,0.55395,0.21209,0.14464,frames/frame_000632.jpg
633,21.100000,,0,P,0.25465,0.55401,0.20878,0.03557,frames/frame_000633.jpg
634,21.133333,,0,B,0.26379,0.48751,0.22343,0.04286,frames/frame_000634.jpg
635,21.166667,,0,P,0.26395,0.48973,0.22589,0.03249,frames/frame_000635.jpg
636,21.200000,,0,B,0.26291,0.48643,0.22552,0.11751,frames/frame_000636.jpg
637,21.233333,,0,B,0.26295,0.48765,0.22323,0.05072,frames/frame_000637.jpg
638,21.266667,,0,B,0.26525,0.48120,0.22769,0.11147,frames/frame_000638.jpg
639,21.300000,,0,P,0.26479,0.48242,0.22747,0.02995,frames/frame_000639.jpg
640,21.333333,,0,B,0.26409,0.48883,0.22369,0.10172,frames/frame_000640.jpg
641,21.366667,,0,B,0.21462,0.50935,0.18942,0.13926,frames/frame_000641.jpg
642,21.400000,,0,B,0.21365,0.51254,0.18947,0.03192,frames/frame_000642.jpg
643,21.433333,,0,P,0.21374,0.52418,0.19242,0.06294,frames/frame_000643.jpg
644,21.466667,,0,B,0.21237,0.53003,0.18919,0.12987,frames/frame_000644.jpg
645,21.500000,,0,B,0.21696,0.50257,0.19119,0.10015,frames/frame_000645.jpg
646,21.533333,,0,P,0.21344,0.52710,0.18748,0.09621,frames/frame_000646.jpg
647,21.566667,,0,P,0.44388,0.39471,0.25972,0.37878,frames/frame_000647.jpg
648,21.600000,,0,B,0.50934,0.35274,0.28671,0.36911,frames/frame_000648.jpg
649,21.633333,,0,P,0.52606,0.33414,0.29559,0.30976,frames/frame_000649.jpg
650,21.666667,,0,P,0.35702,0.49813,0.22939,0.36916,frames/frame_000650.jpg
651,21.700000,,0,B,0.34904,0.50286,0.23889,0.12650,frames/frame_000651.jpg
652,21.733333,,0,B,0.36835,0.48046,0.23671,0.11582,frames/frame_000652.jpg
653,21.766667,,0,B,0.35113,0.49795,0.23613,0.13361,frames/frame_000653.jpg
654,21.800000,,0,P,0.35112,0.49780,0.23617,0.00027,frames/frame_000654.jpg
655,21.833333,,0,B,0.38238,0.49712,0.25570,0.16314,frames/frame_000655.jpg
656,21.866667,,0,B,0.37404,0.50466,0.23535,0.19037,frames/frame_000656.jpg
657,21.900000,,0,B,0.36857,0.50934,0.23610,0.20482,frames/frame_000657.jpg
658,21.933333,,0,P,0.36482,0.51246,0.22978,0.21806,frames/frame_000658.jpg
659,21.966667,,0,B,0.36721,0.50898,0.23239,0.03705,frames/frame_000659.jpg
660,22.000000,,0,P,0.37822,0.50750,0.23955,0.10022,frames/frame_000660.jpg
661,22.033333,,0,B,0.55904,0.34341,0.27575,0.34816,frames/frame_000661.jpg
662,22.066667,,0,B,0.56040,0.34300,0.28399,0.04603,frames/frame_000662.jpg
663,22.100000,,0,B,0.40085,0.48197,0.26471,0.34458,frames/frame_000663.jpg
664,22.133333,,0,P,0.40099,0.48459,0.25602,0.07487,frames/frame_000664.jpg
665,22.166667,,0,B,0.41367,0.44820,0.27090,0.14667,frames/frame_000665.jpg
666,22.200000,,0,B,0.39606,0.48333,0.26095,0.14049,frames/frame_000666.jpg
667,22.233333,,0,B,0.40020,0.48348,0.26342,0.16718,frames/frame_000667.jpg
668,22.266667,,0,P,0.38870,0.45039,0.25105,0.18905,frames/frame_000668.jpg
669,22.300000,,0,B,0.38772,0.44489,0.24642,0.08796,frames/frame_000669.jpg
670,22.333333,,0,P,0.37055,0.47772,0.24599,0.18906,frames/frame_000670.jpg
671,22.366667,,0,B,0.99999,0.00018,0.05713,0.62389,frames/frame_000671.jpg
672,22.400000,,0,B,0.99999,0.00018,0.05713,0.00000,frames/frame_000672.jpg
673,22.433333,,0,B,0.99999,0.00018,0.05713,0.00000,frames/frame_000673.jpg
674,22.466667,,0,P,0.99999,0.00018,0.05713,0.00000,frames/frame_000674.jpg
675,22.500000,,0,P,0.86716,0.00840,0.04980,0.13146,frames/frame_000675.jpg
676,22.533333,,0,P,0.60741,0.03320,0.04024,0.25586,frames/frame_000676.jpg
677,22.566667,,0,P,0.42580,0.09174,0.03759,0.17579,frames/frame_000677.jpg
678,22.600000,,0,P,0.16540,0.24303,0.02790,0.25593,frames/frame_000678.jpg
679,22.633333,,0,P,0.03549,0.77055,0.02151,0.12900,frames/frame_000679.jpg
680,22.666667,,0,P,0.03597,0.77157,0.02221,0.00276,frames/frame_000680.jpg
681,22.700000,,0,B,0.03664,0.78212,0.02292,0.00274,frames/frame_000681.jpg
682,22.733333,,0,P,0.03765,0.77430,0.02442,0.00330,frames/frame_000682.jpg
683,22.766667,,0,B,0.08452,0.71325,0.05717,0.04673,frames/frame_000683.jpg
684,22.800000,,0,B,0.07358,0.71781,0.05280,0.01401,frames/frame_000684.jpg
685,22.833333,,0,B,0.07229,0.72138,0.05197,0.00210,frames/frame_000685.jpg
686,22.866667,,0,P,0.07560,0.71579,0.05228,0.00360,frames/frame_000686.jpg
687,22.900000,,0,B,0.07559,0.71652,0.05232,0.00025,frames/frame_000687.jpg
688,22.933333,,0,B,0.07557,0.71618,0.05228,0.00016,frames/frame_000688.jpg
689,22.966667,,0,B,0.07597,0.71775,0.05237,0.00065,frames/frame_000689.jpg
690,23.000000,,0,P,0.13852,0.64667,0.09162,0.06135,frames/frame_000690.jpg
691,23.033333,,0,B,0.12873,0.64962,0.08928,0.01736,frames/frame_000691.jpg
692,23.066667,,0,B,0.12571,0.65343,0.08641,0.00673,frames/frame_000692.jpg
693,23.100000,,0,B,0.12714,0.65381,0.08643,0.00250,frames/frame_000693.jpg
694,23.133333,,0,P,0.12712,0.65344,0.08643,0.00032,frames/frame_000694.jpg
695,23.166667,,0,B,0.12717,0.65711,0.08646,0.00075,frames/frame_000695.jpg
696,23.200000,,0,B,0.12746,0.65792,0.08642,0.00093,frames/frame_000696.jpg
697,23.233333,,0,B,0.12702,0.65833,0.08629,0.00087,frames/frame_000697.jpg
698,23.266667,,0,P,0.12691,0.64880,0.08645,0.00090,frames/frame_000698.jpg
699,23.300000,,0,B,0.12691,0.64920,0.08645,0.00009,frames/frame_000699.jpg
700,23.333333,,0,B,0.12690,0.64899,0.08647,0.00012,frames/frame_000700.jpg
701,23.366667,,0,B,0.12690,0.64955,0.08646,0.00009,frames/frame_000701.jpg
702,23.400000,,0,P,0.16949,0.60053,0.11421,0.04107,frames/frame_000702.jpg
703,23.433333,,0,B,0.16655,0.60180,0.11257,0.00409,frames/frame_000703.jpg
704,23.466667,,0,B,0.15075,0.60646,0.10563,0.01420,frames/frame_000704.jpg
705,23.500000,,0,B,0.15663,0.60301,0.10789,0.00521,frames/frame_000705.jpg
706,23.533333,,0,P,0.15658,0.60407,0.10791,0.00019,frames/frame_000706.jpg
707,23.566667,,0,B,0.15661,0.60448,0.10788,0.00022,frames/frame_000707.jpg
708,23.600000,,0,B,0.15660,0.60416,0.10791,0.00019,frames/frame_000708.jpg
709,23.633333,,0,B,0.25215,0.55201,0.16947,0.10988,frames/frame_000709.jpg
710,23.666667,,0,P,0.22130,0.55142,0.14549,0.06097,frames/frame_000710.jpg
711,23.700000,,0,B,0.21847,0.55184,0.14465,0.00661,frames/frame_000711.jpg
712,23.733333,,0,B,0.22090,0.54934,0.14464,0.00828,frames/frame_000712.jpg
713,23.766667,,0,B,0.22090,0.54940,0.14465,0.00037,frames/frame_000713.jpg
714,23.800000,,0,P,0.22093,0.54916,0.14415,0.00669,frames/frame_000714.jpg
715,23.833333,,0,P,0.22092,0.55041,0.14424,0.00093,frames/frame_000715.jpg
716,23.866667,,0,B,0.34081,0.46958,0.19996,0.22043,frames/frame_000716.jpg
717,23.900000,,0,B,0.28613,0.50344,0.18875,0.12188,frames/frame_000717.jpg
718,23.933333,,0,P,0.26681,0.51049,0.18882,0.04169,frames/frame_000718.jpg
719,23.966667,,1,I,0.25989,0.50949,0.18838,0.01608,frames/frame_000719.jpg
720,24.000000,,0,B,0.25483,0.51354,0.18791,0.00704,frames/frame_000720.jpg
721,24.033333,,0,B,0.25023,0.51814,0.18788,0.00566,frames/frame_000721.jpg
722,24.066667,,0,B,0.24611,0.52288,0.18649,0.01019,frames/frame_000722.jpg
723,24.100000,,0,P,0.24213,0.52643,0.18719,0.00636,frames/frame_000723.jpg
724,24.133333,,0,B,0.23831,0.53014,0.18820,0.00944,frames/frame_000724.jpg
725,24.166667,,0,B,0.23487,0.53187,0.18861,0.00504,frames/frame_000725.jpg
726,24.200000,,0,B,0.23199,0.53554,0.18868,0.00350,frames/frame_000726.jpg
727,24.233333,,0,P,0.23228,0.53387,0.18908,0.00537,frames/frame_000727.jpg
728,24.266667,,0,B,0.23225,0.53436,0.18900,0.00051,frames/frame_000728.jpg
729,24.300000,,0,P,0.24534,0.51696,0.19935,0.01976,frames/frame_000729.jpg
730,24.333333,,0,P,0.96350,0.01303,0.09416,0.70698,frames/frame_000730.jpg
731,24.366667,,0,B,0.26323,0.58310,0.17337,0.66687,frames/frame_000731.jpg
732,24.400000,,0,P,0.25990,0.58495,0.17477,0.01949,frames/frame_000732.jpg
733,24.433333,,0,B,0.26915,0.58644,0.17179,0.03082,frames/frame_000733.jpg
734,24.466667,,0,B,0.27512,0.58436,0.17382,0.05042,frames/frame_000734.jpg
735,24.500000,,0,B,0.27188,0.58686,0.17028,0.02589,frames/frame_000735.jpg
736,24.533333,,0,P,0.27224,0.58728,0.17068,0.02860,frames/frame_000736.jpg
737,24.566667,,0,B,0.26938,0.58816,0.17036,0.02261,frames/frame_000737.jpg
738,24.600000,,0,B,0.26418,0.59132,0.16537,0.02035,frames/frame_000738.jpg
739,24.633333,,0,B,0.26315,0.59236,0.16508,0.02764,frames/frame_000739.jpg
740,24.666667,,0,P,0.26324,0.59469,0.16619,0.01910,frames/frame_000740.jpg
741,24.700000,,0,B,0.26338,0.59828,0.16410,0.02044,frames/frame_000741.jpg
742,24.733333,,0,B,0.26433,0.59608,0.16571,0.02041,frames/frame_000742.jpg
743,24.766667,,0,B,0.25923,0.60119,0.16827,0.03891,frames/frame_000743.jpg
744,24.800000,,0,P,0.25725,0.59760,0.16656,0.03169,frames/frame_000744.jpg
745,24.833333,,0,B,0.25395,0.60303,0.16585,0.02407,frames/frame_000745.jpg
746,24.866667,,0,B,0.26363,0.59891,0.16523,0.02621,frames/frame_000746.jpg
747,24.900000,,0,B,0.26425,0.59604,0.16491,0.01669,frames/frame_000747.jpg
748,24.933333,,0,P,0.26322,0.59489,0.16400,0.01651,frames/frame_000748.jpg
749,24.966667,,0,B,0.26045,0.59935,0.16240,0.01722,frames/frame_000749.jpg
750,25.000000,,0,B,0.25849,0.60132,0.16269,0.01364,frames/frame_000750.jpg
751,25.033333,,0,B,0.25660,0.60478,0.16183,0.01351,frames/frame_000751.jpg
752,25.066667,,0,P,0.25585,0.60578,0.16103,0.01284,frames/frame_000752.jpg
753,25.100000,,0,B,0.25757,0.60422,0.16004,0.01342,frames/frame_000753.jpg
754,25.133333,,0,B,0.25440,0.60977,0.16033,0.03784,frames/frame_000754.jpg
755,25.166667,,0,B,0.25442,0.61077,0.16049,0.01466,frames/frame_000755.jpg
756,25.200000,,0,P,0.24900,0.61379,0.15659,0.03813,frames/frame_000756.jpg
757,25.233333,,0,B,0.17498,0.78827,0.09501,0.19014,frames/frame_000757.jpg
758,25.266667,,0,B,0.17462,0.78739,0.09403,0.00381,frames/frame_000758.jpg
759,25.300000,,0,P,0.17450,0.78642,0.09523,0.00794,frames/frame_000759.jpg
760,25.333333,,0,B,0.17929,0.77612,0.09748,0.08022,frames/frame_000760.jpg
761,25.366667,,0,B,0.17905,0.77549,0.10000,0.01908,frames/frame_000761.jpg
762,25.400000,,0,B,0.17568,0.77444,0.09922,0.03228,frames/frame_000762.jpg
763,25.433333,,0,P,0.17801,0.77087,0.09890,0.01945,frames/frame_000763.jpg
764,25.466667,,0,B,0.18164,0.76212,0.10346,0.01620,frames/frame_000764.jpg
765,25.500000,,0,B,0.18732,0.75231,0.10702,0.03955,frames/frame_000765.jpg
766,25.533333,,0,B,0.18684,0.75829,0.10260,0.01483,frames/frame_000766.jpg
767,25.566667,,0,P,0.19369,0.75671,0.10660,0.05642,frames/frame_000767.jpg
768,25.600000,,0,B,0.21851,0.74286,0.10808,0.03889,frames/frame_000768.jpg
769,25.633333,,0,P,0.24290,0.71805,0.11888,0.04719,frames/frame_000769.jpg
770,25.666667,,0,B,0.96180,0.02156,0.09142,0.69732,frames/frame_000770.jpg
771,25.700000,,0,P,0.96099,0.02234,0.09279,0.00111,frames/frame_000771.jpg
772,25.733333,,0,P,0.40829,0.65557,0.18993,0.55516,frames/frame_000772.jpg
773,25.766667,,0,B,0.45063,0.64393,0.22456,0.18073,frames/frame_000773.jpg
774,25.800000,,0,B,0.41822,0.65305,0.21873,0.12619,frames/frame_000774.jpg
775,25.833333,,0,B,0.49363,0.65437,0.24407,0.17917,frames/frame_000775.jpg
776,25.866667,,0,P,0.49021,0.66421,0.23764,0.08507,frames/frame_000776.jpg
777,25.900000,,0,B,0.48476,0.67164,0.23442,0.05226,frames/frame_000777.jpg
778,25.933333,,0,B,0.51920,0.66933,0.23392,0.10688,frames/frame_000778.jpg
779,25.966667,,0,B,0.53311,0.65453,0.24264,0.07667,frames/frame_000779.jpg
780,26.000000,,0,P,0.54651,0.65004,0.24069,0.07997,frames/frame_000780.jpg
781,26.033333,,0,B,0.53177,0.66362,0.24204,0.06459,frames/frame_000781.jpg
782,26.066667,,0,B,0.53140,0.66401,0.24174,0.02835,frames/frame_000782.jpg
783,26.100000,,0,B,0.53477,0.66401,0.24078,0.04989,frames/frame_000783.jpg
784,26.133333,,0,P,0.53430,0.66517,0.24056,0.04418,frames/frame_000784.jpg
785,26.166667,,0,B,0.55115,0.63350,0.24701,0.08029,frames/frame_000785.jpg
786,26.200000,,0,B,0.55156,0.63513,0.24294,0.03624,frames/frame_000786.jpg
787,26.233333,,0,P,0.53530,0.65430,0.24475,0.05178,frames/frame_000787.jpg
788,26.266667,,0,B,0.53610,0.65552,0.23901,0.03563,frames/frame_000788.jpg
789,26.300000,,0,B,0.53709,0.65450,0.23982,0.00620,frames/frame_000789.jpg
790,26.333333,,0,B,0.49043,0.64269,0.28831,0.07761,frames/frame_000790.jpg
791,26.366667,,0,P,0.45519,0.61170,0.29400,0.08640,frames/frame_000791.jpg
792,26.400000,,0,B,0.39699,0.59625,0.26529,0.07146,frames/frame_000792.jpg
793,26.433333,,0,B,0.34426,0.58258,0.22397,0.06945,frames/frame_000793.jpg
794,26.466667,,0,P,0.32687,0.57173,0.19385,0.03205,frames/frame_000794.jpg
795,26.500000,,0,B,0.32798,0.56949,0.19507,0.00784,frames/frame_000795.jpg
796,26.533333,,0,B,0.32719,0.57107,0.19537,0.00727,frames/frame_000796.jpg
797,26.566667,,0,B,0.32699,0.57158,0.19477,0.00669,frames/frame_000797.jpg
798,26.600000,,0,P,0.32828,0.57384,0.19446,0.01122,frames/frame_000798.jpg
799,26.633333,,0,B,0.32691,0.57426,0.19484,0.00872,frames/frame_000799.jpg
800,26.666667,,0,B,0.32396,0.57518,0.19291,0.00802,frames/frame_000800.jpg
801,26.700000,,0,B,0.32570,0.57484,0.19344,0.00565,frames/frame_000801.jpg
802,26.733333,,0,P,0.32542,0.57660,0.19276,0.00617,frames/frame_000802.jpg
803,26.766667,,0,B,0.32585,0.57712,0.19317,0.00859,frames/frame_000803.jpg
804,26.800000,,0,B,0.32654,0.57685,0.19534,0.00616,frames/frame_000804.jpg
805,26.833333,,0,B,0.32694,0.57621,0.19503,0.00667,frames/frame_000805.jpg
806,26.866667,,0,P,0.32648,0.57873,0.19363,0.00677,frames/frame_000806.jpg
807,26.900000,,0,B,0.32579,0.57791,0.19364,0.00591,frames/frame_000807.jpg
808,26.933333,,0,P,0.32489,0.58015,0.19376,0.00533,frames/frame_000808.jpg
809,26.966667,,1,I,0.32549,0.58089,0.19376,0.00753,frames/frame_000809.jpg
810,27.000000,,0,B,0.32611,0.58119,0.19471,0.00356,frames/frame_000810.jpg
811,27.033333,,0,B,0.33077,0.58047,0.20087,0.01206,frames/frame_000811.jpg
812,27.066667,,0,B,0.32968,0.58124,0.19784,0.00671,frames/frame_000812.jpg
813,27.100000,,0,P,0.32740,0.58190,0.19745,0.00493,frames/frame_000813.jpg
814,27.133333,,0,B,0.32921,0.58104,0.19826,0.00578,frames/frame_000814.jpg
815,27.166667,,0,B,0.33064,0.58106,0.19857,0.00449,frames/frame_000815.jpg
816,27.200000,,0,B,0.32822,0.58139,0.19875,0.00514,frames/frame_000816.jpg
817,27.233333,,0,P,0.32809,0.58109,0.19880,0.00355,frames/frame_000817.jpg
818,27.266667,,0,B,0.32806,0.58101,0.19909,0.00422,frames/frame_000818.jpg
819,27.300000,,0,B,0.32714,0.58197,0.19846,0.00477,frames/frame_000819.jpg
820,27.333333,,0,B,0.32765,0.58310,0.19840,0.00469,frames/frame_000820.jpg
821,27.366667,,0,P,0.32932,0.58245,0.19948,0.00536,frames/frame_000821.jpg
822,27.400000,,0,B,0.32989,0.58225,0.19951,0.00535,frames/frame_000822.jpg
823,27.433333,,0,P,0.32974,0.58315,0.19948,0.00682,frames/frame_000823.jpg
824,27.466667,,0,B,0.33060,0.58264,0.20130,0.00706,frames/frame_000824.jpg
825,27.500000,,0,B,0.33224,0.58311,0.19970,0.01043,frames/frame_000825.jpg
826,27.533333,,0,B,0.33185,0.58318,0.19942,0.00683,frames/frame_000826.jpg
827,27.566667,,0,P,0.32816,0.58383,0.19678,0.00698,frames/frame_000827.jpg
828,27.600000,,0,B,0.33019,0.58350,0.19796,0.00429,frames/frame_000828.jpg
829,27.633333,,0,B,0.33068,0.58429,0.19743,0.00544,frames/frame_000829.jpg
830,27.666667,,0,B,0.32804,0.58486,0.19788,0.00569,frames/frame_000830.jpg
831,27.700000,,0,P,0.32871,0.58509,0.19850,0.00447,frames/frame_000831.jpg
832,27.733333,,0,B,0.32855,0.58468,0.19774,0.00539,frames/frame_000832.jpg
833,27.766667,,0,B,0.32876,0.58484,0.19761,0.00520,frames/frame_000833.jpg
834,27.800000,,0,B,0.32835,0.58501,0.19865,0.00469,frames/frame_000834.jpg
835,27.833333,,0,P,0.32781,0.58590,0.19798,0.00337,frames/frame_000835.jpg
836,27.866667,,0,B,0.32805,0.58631,0.19805,0.00325,frames/frame_000836.jpg
837,27.900000,,0,B,0.32893,0.58574,0.19911,0.00393,frames/frame_000837.jpg
838,27.933333,,0,B,0.32846,0.58609,0.19932,0.00376,frames/frame_000838.jpg
839,27.966667,,0,P,0.36106,0.52599,0.18264,0.07392,frames/frame_000839.jpg
840,28.000000,,0,B,0.35894,0.43404,0.17695,0.03485,frames/frame_000840.jpg
841,28.033333,,0,B,0.34533,0.35037,0.16673,0.02837,frames/frame_000841.jpg
842,28.066667,,0,B,0.33941,0.29190,0.15982,0.03240,frames/frame_000842.jpg
843,28.100000,,0,P,0.33187,0.35818,0.15189,0.02901,frames/frame_000843.jpg
844,28.133333,,0,B,0.32212,0.45125,0.14332,0.02934,frames/frame_000844.jpg
845,28.166667,,0,B,0.31217,0.52005,0.13679,0.02622,frames/frame_000845.jpg
846,28.200000,,0,B,0.29168,0.59677,0.12918,0.09075,frames/frame_000846.jpg
847,28.233333,,0,P,0.28843,0.60151,0.12848,0.02026,frames/frame_000847.jpg
848,28.266667,,0,B,0.28892,0.60087,0.12798,0.01676,frames/frame_000848.jpg
849,28.300000,,0,B,0.28898,0.60121,0.12808,0.01446,frames/frame_000849.jpg
850,28.333333,,0,B,0.28890,0.60065,0.12842,0.01502,frames/frame_000850.jpg
851,28.366667,,0,P,0.28866,0.60209,0.12767,0.01532,frames/frame_000851.jpg
852,28.400000,,0,B,0.30122,0.60371,0.14362,0.08640,frames/frame_000852.jpg
853,28.433333,,0,B,0.31955,0.59212,0.15266,0.03480,frames/frame_000853.jpg
854,28.466667,,0,B,0.31481,0.59635,0.14610,0.04113,frames/frame_000854.jpg
855,28.500000,,0,P,0.31700,0.59547,0.14859,0.02728,frames/frame_000855.jpg
856,28.533333,,0,B,0.31839,0.59759,0.15047,0.01885,frames/frame_000856.jpg
857,28.566667,,0,B,0.31586,0.59686,0.14698,0.01818,frames/frame_000857.jpg
858,28.600000,,0,B,0.31558,0.59984,0.14873,0.01715,frames/frame_000858.jpg
859,28.633333,,0,P,0.32806,0.63497,0.16409,0.06855,frames/frame_000859.jpg
860,28.666667,,0,B,0.33078,0.63573,0.16488,0.01981,frames/frame_000860.jpg
861,28.700000,,0,B,0.32874,0.63668,0.16332,0.01942,frames/frame_000861.jpg
862,28.733333,,0,B,0.32926,0.63711,0.16272,0.01626,frames/frame_000862.jpg
863,28.766667,,0,P,0.33236,0.63487,0.16568,0.02064,frames/frame_000863.jpg
864,28.800000,,0,B,0.33271,0.63620,0.16758,0.01997,frames/frame_000864.jpg
865,28.833333,,0,B,0.33116,0.63548,0.16693,0.01620,frames/frame_000865.jpg
866,28.866667,,0,B,0.55077,0.62353,0.15915,0.30594,frames/frame_000866.jpg
867,28.900000,,0,P,0.54754,0.61786,0.16493,0.08525,frames/frame_000867.jpg
868,28.933333,,0,B,0.53424,0.62287,0.16367,0.12108,frames/frame_000868.jpg
869,28.966667,,0,P,0.53787,0.63332,0.16775,0.11650,frames/frame_000869.jpg
870,29.000000,,0,P,0.53876,0.63282,0.16842,0.05258,frames/frame_000870.jpg
871,29.033333,,0,B,0.55291,0.63105,0.17325,0.10617,frames/frame_000871.jpg
872,29.066667,,0,P,0.55289,0.63114,0.17331,0.02164,frames/frame_000872.jpg
873,29.100000,,0,B,0.56347,0.62862,0.17339,0.10457,frames/frame_000873.jpg
874,29.133333,,0,P,0.56385,0.62924,0.17250,0.00128,frames/frame_000874.jpg
875,29.166667,,0,B,0.55924,0.63957,0.17067,0.18659,frames/frame_000875.jpg
876,29.200000,,0,B,0.55921,0.63952,0.17074,0.00062,frames/frame_000876.jpg
877,29.233333,,0,P,0.55355,0.64087,0.17287,0.15947,frames/frame_000877.jpg
878,29.266667,,0,P,0.54559,0.62140,0.19431,0.01760,frames/frame_000878.jpg
879,29.300000,,0,B,0.54274,0.61979,0.18368,0.12135,frames/frame_000879.jpg
880,29.333333,,0,P,0.54094,0.61825,0.18677,0.05677,frames/frame_000880.jpg
881,29.366667,,0,B,0.53992,0.61980,0.18066,0.11542,frames/frame_000881.jpg
882,29.400000,,0,B,0.54121,0.62552,0.17375,0.07796,frames/frame_000882.jpg
883,29.433333,,0,P,0.53200,0.63416,0.17222,0.12317,frames/frame_000883.jpg
884,29.466667,,0,B,0.54049,0.63441,0.17981,0.11729,frames/frame_000884.jpg
885,29.500000,,0,P,0.54481,0.63754,0.17660,0.04835,frames/frame_000885.jpg
886,29.533333,,0,B,0.55630,0.63330,0.18081,0.11208,frames/frame_000886.jpg
887,29.566667,,0,P,0.55256,0.62943,0.18671,0.00775,frames/frame_000887.jpg
888,29.600000,,0,B,0.55233,0.63076,0.18985,0.11761,frames/frame_000888.jpg
889,29.633333,,0,P,0.55223,0.63120,0.18994,0.00181,frames/frame_000889.jpg
890,29.666667,,0,B,0.54423,0.63612,0.18728,0.16075,frames/frame_000890.jpg
891,29.700000,,0,B,0.54520,0.63764,0.18792,0.00440,frames/frame_000891.jpg
892,29.733333,,0,B,0.54574,0.63354,0.18619,0.11732,frames/frame_000892.jpg
893,29.766667,,0,P,0.54411,0.63061,0.18790,0.01037,frames/frame_000893.jpg
894,29.800000,,0,B,0.54370,0.60455,0.19295,0.12382,frames/frame_000894.jpg
895,29.833333,,0,B,0.54799,0.60830,0.19130,0.04178,frames/frame_000895.jpg
896,29.866667,,0,B,0.54939,0.61292,0.18659,0.11541,frames/frame_000896.jpg
897,29.900000,,0,P,0.54951,0.61176,0.18684,0.06854,frames/frame_000897.jpg
898,29.933333,,0,P,0.53962,0.61771,0.18514,0.11924,frames/frame_000898.jpg
899,29.966667,,1,I,0.54279,0.61746,0.18796,0.11439,frames/frame_000899.jpg
900,30.000000,,0,B,0.18992,0.44689,0.13754,0.38561,frames/frame_000900.jpg
901,30.033333,,0,B,0.20064,0.45063,0.14647,0.01213,frames/frame_000901.jpg
902,30.066667,,0,P,0.19757,0.44924,0.14711,0.01203,frames/frame_000902.jpg
903,30.100000,,0,B,0.22995,0.42702,0.15703,0.04304,frames/frame_000903.jpg
904,30.133333,,0,B,0.22923,0.42569,0.15598,0.00446,frames/frame_000904.jpg
905,30.166667,,0,B,0.22928,0.42645,0.15606,0.00274,frames/frame_000905.jpg
906,30.200000,,0,P,0.22819,0.42143,0.15613,0.00875,frames/frame_000906.jpg
907,30.233333,,0,B,0.23180,0.43979,0.15870,0.02362,frames/frame_000907.jpg
908,30.266667,,0,B,0.23097,0.44037,0.15839,0.00410,frames/frame_000908.jpg
909,30.300000,,0,B,0.23075,0.44142,0.15883,0.00205,frames/frame_000909.jpg
910,30.333333,,0,P,0.23034,0.44136,0.15860,0.00263,frames/frame_000910.jpg
911,30.366667,,0,B,0.23094,0.44551,0.15901,0.00898,frames/frame_000911.jpg
912,30.400000,,0,B,0.23082,0.44507,0.15904,0.00252,frames/frame_000912.jpg
913,30.433333,,0,B,0.23071,0.44530,0.15934,0.00212,frames/frame_000913.jpg
914,30.466667,,0,P,0.22195,0.45607,0.16278,0.02252,frames/frame_000914.jpg
915,30.500000,,0,B,0.22129,0.45744,0.16148,0.00947,frames/frame_000915.jpg
916,30.533333,,0,B,0.22079,0.45659,0.16198,0.00193,frames/frame_000916.jpg
917,30.566667,,0,B,0.22067,0.45743,0.16209,0.00185,frames/frame_000917.jpg
918,30.600000,,0,P,0.22015,0.45392,0.16189,0.00260,frames/frame_000918.jpg
919,30.633333,,0,B,0.22023,0.45569,0.16188,0.00889,frames/frame_000919.jpg
920,30.666667,,0,P,0.21971,0.45240,0.16176,0.00230,frames/frame_000920.jpg
921,30.700000,,0,B,0.22036,0.45451,0.16223,0.00460,frames/frame_000921.jpg
922,30.733333,,0,B,0.22434,0.42961,0.15804,0.01697,frames/frame_000922.jpg
923,30.766667,,0,B,0.22420,0.42895,0.15843,0.00903,frames/frame_000923.jpg
924,30.800000,,0,P,0.22377,0.42077,0.15829,0.00403,frames/frame_000924.jpg
925,30.833333,,0,B,0.22383,0.43164,0.15806,0.00380,frames/frame_000925.jpg
926,30.866667,,0,B,0.22317,0.43197,0.15818,0.00253,frames/frame_000926.jpg
927,30.900000,,0,B,0.22351,0.43138,0.15901,0.00230,frames/frame_000927.jpg
928,30.933333,,0,P,0.22356,0.42558,0.16050,0.00907,frames/frame_000928.jpg
929,30.966667,,0,B,0.22556,0.44199,0.16158,0.02091,frames/frame_000929.jpg
930,31.000000,,0,B,0.22549,0.44198,0.16146,0.00152,frames/frame_000930.jpg
931,31.033333,,0,B,0.22547,0.44262,0.16096,0.00175,frames/frame_000931.jpg
932,31.066667,,0,P,0.22532,0.44135,0.16083,0.00180,frames/frame_000932.jpg
933,31.100000,,0,B,0.22534,0.44938,0.16098,0.00245,frames/frame_000933.jpg
934,31.133333,,0,B,0.22581,0.44766,0.15848,0.02707,frames/frame_000934.jpg
935,31.166667,,0,B,0.22699,0.45294,0.16492,0.03585,frames/frame_000935.jpg
936,31.200000,,0,P,0.22537,0.44544,0.15732,0.04066,frames/frame_000936.jpg
937,31.233333,,0,B,0.21401,0.46372,0.15578,0.05393,frames/frame_000937.jpg
938,31.266667,,0,B,0.18077,0.49890,0.14160,0.06242,frames/frame_000938.jpg
939,31.300000,,0,B,0.18561,0.49332,0.14428,0.01558,frames/frame_000939.jpg
940,31.333333,,0,P,0.18502,0.49379,0.14389,0.03454,frames/frame_000940.jpg
941,31.366667,,0,B,0.18616,0.50139,0.14282,0.02995,frames/frame_000941.jpg
942,31.400000,,0,B,0.18246,0.50714,0.14149,0.03145,frames/frame_000942.jpg
943,31.433333,,0,B,0.18219,0.50323,0.14107,0.02759,frames/frame_000943.jpg
944,31.466667,,0,P,0.19338,0.46307,0.14072,0.04015,frames/frame_000944.jpg
945,31.500000,,0,B,0.19034,0.45811,0.14135,0.03439,frames/frame_000945.jpg
946,31.533333,,0,B,0.17854,0.45044,0.13485,0.03090,frames/frame_000946.jpg
947,31.566667,,0,P,0.16500,0.44848,0.12886,0.01297,frames/frame_000947.jpg
948,31.600000,,0,P,0.74383,0.15598,0.25444,0.56284,frames/frame_000948.jpg
949,31.633333,,0,B,0.21156,0.39309,0.16814,0.54715,frames/frame_000949.jpg
950,31.666667,,0,B,0.21020,0.39658,0.16759,0.03817,frames/frame_000950.jpg
951,31.700000,,0,P,0.21081,0.39309,0.16624,0.03234,frames/frame_000951.jpg
952,31.733333,,0,B,0.21375,0.40673,0.16688,0.02691,frames/frame_000952.jpg
953,31.766667,,0,B,0.21373,0.40682,0.16689,0.00007,frames/frame_000953.jpg
954,31.800000,,0,B,0.21476,0.41261,0.16400,0.04078,frames/frame_000954.jpg
955,31.833333,,0,P,0.21381,0.40518,0.16486,0.00952,frames/frame_000955.jpg
956,31.866667,,0,B,0.21412,0.41689,0.16371,0.02642,frames/frame_000956.jpg
957,31.900000,,0,B,0.21413,0.41076,0.16672,0.05237,frames/frame_000957.jpg
958,31.933333,,0,B,0.21537,0.41577,0.16430,0.04854,frames/frame_000958.jpg
959,31.966667,,0,P,0.20589,0.41941,0.16662,0.05222,frames/frame_000959.jpg
960,32.000000,,0,B,0.20638,0.42445,0.16590,0.01448,frames/frame_000960.jpg
961,32.033333,,0,P,0.06012,0.70520,0.04187,0.16148,frames/frame_000961.jpg
962,32.066667,,0,B,0.03741,0.80209,0.03448,0.02263,frames/frame_000962.jpg
963,32.100000,,0,B,0.03680,0.79596,0.03336,0.00087,frames/frame_000963.jpg
964,32.133333,,0,B,0.04179,0.78682,0.04573,0.00877,frames/frame_000964.jpg
965,32.166667,,0,P,0.04158,0.78915,0.04577,0.00093,frames/frame_000965.jpg
966,32.200000,,0,B,0.04168,0.78706,0.04577,0.00085,frames/frame_000966.jpg
967,32.233333,,0,P,0.04269,0.78789,0.04745,0.00223,frames/frame_000967.jpg
968,32.266667,,0,B,0.04386,0.78685,0.04950,0.00210,frames/frame_000968.jpg
969,32.300000,,0,P,0.04427,0.79229,0.05032,0.00276,frames/frame_000969.jpg
970,32.333333,,0,B,0.04451,0.78320,0.05038,0.00263,frames/frame_000970.jpg
971,32.366667,,0,B,0.04617,0.77292,0.05241,0.00384,frames/frame_000971.jpg
972,32.400000,,0,P,0.04794,0.76651,0.05467,0.00400,frames/frame_000972.jpg
973,32.433333,,0,B,0.04954,0.76063,0.05555,0.00471,frames/frame_000973.jpg
974,32.466667,,0,B,0.05104,0.76816,0.05697,0.00579,frames/frame_000974.jpg
975,32.500000,,0,B,0.07321,0.69248,0.06583,0.02556,frames/frame_000975.jpg
976,32.533333,,0,P,0.07181,0.68170,0.06381,0.00915,frames/frame_000976.jpg
977,32.566667,,0,B,0.07128,0.68246,0.06346,0.00431,frames/frame_000977.jpg
978,32.600000,,0,B,0.07078,0.68592,0.06319,0.00394,frames/frame_000978.jpg
979,32.633333,,0,B,0.07048,0.68820,0.06291,0.00392,frames/frame_000979.jpg
980,32.666667,,0,P,0.07015,0.69574,0.06264,0.00389,frames/frame_000980.jpg
981,32.700000,,0,B,0.06992,0.69807,0.06290,0.00397,frames/frame_000981.jpg
982,32.733333,,0,B,0.07024,0.70019,0.06396,0.00427,frames/frame_000982.jpg
983,32.766667,,0,B,0.06956,0.69617,0.06296,0.00424,frames/frame_000983.jpg
984,32.800000,,0,P,0.06901,0.69805,0.06205,0.00329,frames/frame_000984.jpg
985,32.833333,,0,B,0.06845,0.70026,0.06239,0.00330,frames/frame_000985.jpg
986,32.866667,,0,B,0.06814,0.69895,0.06249,0.00251,frames/frame_000986.jpg
987,32.900000,,0,B,0.05454,0.65687,0.04381,0.01482,frames/frame_000987.jpg
988,32.933333,,0,P,0.05459,0.66591,0.04402,0.00235,frames/frame_000988.jpg
989,32.966667,,1,I,0.05996,0.68540,0.04776,0.00926,frames/frame_000989.jpg
990,33.000000,,0,B,0.05567,0.66366,0.04514,0.00652,frames/frame_000990.jpg
991,33.033333,,0,B,0.05581,0.66728,0.04495,0.00272,frames/frame_000991.jpg
992,33.066667,,0,B,0.05657,0.66893,0.04673,0.00313,frames/frame_000992.jpg
993,33.100000,,0,P,0.06765,0.68435,0.06089,0.01549,frames/frame_000993.jpg
994,33.133333,,0,B,0.06688,0.68390,0.05986,0.00184,frames/frame_000994.jpg
995,33.166667,,0,B,0.06581,0.68800,0.05882,0.00183,frames/frame_000995.jpg
996,33.200000,,0,B,0.06607,0.69194,0.05975,0.00147,frames/frame_000996.jpg
997,33.233333,,0,P,0.06520,0.68828,0.05830,0.00159,frames/frame_000997.jpg
998,33.266667,,0,B,0.06932,0.69842,0.06039,0.00531,frames/frame_000998.jpg
999,33.300000,,0,B,0.06929,0.69691,0.06048,0.00037,frames/frame_000999.jpg
1000,33.333333,,0,B,0.06934,0.69766,0.06056,0.00043,frames/frame_001000.jpg
1001,33.366667,,0,P,0.06855,0.70055,0.05982,0.00129,frames/frame_001001.jpg
1002,33.400000,,0,B,0.27008,0.83828,0.05943,0.22272,frames/frame_001002.jpg
1003,33.433333,,0,P,0.26775,0.83963,0.05604,0.01335,frames/frame_001003.jpg
1004,33.466667,,0,B,0.09414,0.72864,0.07109,0.19388,frames/frame_001004.jpg
1005,33.500000,,0,B,0.09402,0.72707,0.06994,0.00878,frames/frame_001005.jpg
1006,33.533333,,0,P,0.09506,0.72499,0.07019,0.00547,frames/frame_001006.jpg
1007,33.566667,,0,B,0.09791,0.72486,0.07376,0.01516,frames/frame_001007.jpg
1008,33.600000,,0,B,0.09822,0.72491,0.07485,0.00515,frames/frame_001008.jpg
1009,33.633333,,0,B,0.10217,0.72819,0.07790,0.01219,frames/frame_001009.jpg
1010,33.666667,,0,P,0.10195,0.73035,0.07852,0.00571,frames/frame_001010.jpg
1011,33.700000,,0,B,0.10148,0.72583,0.07742,0.00841,frames/frame_001011.jpg
1012,33.733333,,0,B,0.10511,0.73059,0.08013,0.01313,frames/frame_001012.jpg
1013,33.766667,,0,B,0.10535,0.72889,0.08107,0.00471,frames/frame_001013.jpg
1014,33.800000,,0,P,0.10774,0.73004,0.08250,0.00732,frames/frame_001014.jpg
1015,33.833333,,0,B,0.10795,0.72914,0.08284,0.00188,frames/frame_001015.jpg
1016,33.866667,,0,B,0.09551,0.81150,0.08767,0.09911,frames/frame_001016.jpg
1017,33.900000,,0,B,0.09295,0.81670,0.08266,0.01025,frames/frame_001017.jpg
1018,33.933333,,0,P,0.09789,0.81134,0.08883,0.01012,frames/frame_001018.jpg
1019,33.966667,,0,B,0.09782,0.80693,0.09062,0.00941,frames/frame_001019.jpg
1020,34.000000,,0,B,0.10312,0.79349,0.09931,0.01337,frames/frame_001020.jpg
1021,34.033333,,0,B,0.10205,0.79394,0.09790,0.00935,frames/frame_001021.jpg
1022,34.066667,,0,P,0.10255,0.79827,0.09749,0.01060,frames/frame_001022.jpg
1023,34.100000,,0,B,0.10266,0.79439,0.09814,0.00676,frames/frame_001023.jpg
1024,34.133333,,0,P,0.10360,0.79274,0.09964,0.00678,frames/frame_001024.jpg
1025,34.166667,,0,B,0.10299,0.79313,0.09952,0.00854,frames/frame_001025.jpg
1026,34.200000,,0,B,0.10298,0.79462,0.09948,0.00294,frames/frame_001026.jpg
1027,34.233333,,0,B,0.10371,0.79266,0.10132,0.00747,frames/frame_001027.jpg
1028,34.266667,,0,P,0.10393,0.78904,0.10258,0.00398,frames/frame_001028.jpg
1029,34.300000,,0,B,0.10410,0.78951,0.10261,0.00326,frames/frame_001029.jpg
1030,34.333333,,0,B,0.10434,0.79038,0.10406,0.00929,frames/frame_001030.jpg
1031,34.366667,,0,B,0.10398,0.79178,0.10301,0.00476,frames/frame_001031.jpg
1032,34.400000,,0,P,0.10346,0.79327,0.10283,0.00433,frames/frame_001032.jpg
1033,34.433333,,0,B,0.10398,0.79350,0.10288,0.00704,frames/frame_001033.jpg
1034,34.466667,,0,B,0.10383,0.79346,0.10277,0.00298,frames/frame_001034.jpg
1035,34.500000,,0,B,0.10363,0.79489,0.10217,0.00698,frames/frame_001035.jpg
1036,34.533333,,0,P,0.10395,0.79298,0.10306,0.00376,frames/frame_001036.jpg
1037,34.566667,,0,B,0.10420,0.79198,0.10316,0.00325,frames/frame_001037.jpg
1038,34.600000,,0,B,0.10375,0.79074,0.10203,0.00761,frames/frame_001038.jpg
1039,34.633333,,0,B,0.10384,0.78984,0.10227,0.00302,frames/frame_001039.jpg
1040,34.666667,,0,P,0.10333,0.79083,0.10202,0.00712,frames/frame_001040.jpg
1041,34.700000,,0,B,0.10339,0.79164,0.10202,0.00293,frames/frame_001041.jpg
1042,34.733333,,0,P,0.10332,0.79204,0.10188,0.00296,frames/frame_001042.jpg
1043,34.766667,,0,B,0.10462,0.78903,0.10400,0.01058,frames/frame_001043.jpg
1044,34.800000,,0,B,0.10446,0.79117,0.10343,0.00581,frames/frame_001044.jpg
1045,34.833333,,0,B,0.10364,0.79170,0.10331,0.00758,frames/frame_001045.jpg
1046,34.866667,,0,P,0.10345,0.79040,0.10365,0.00433,frames/frame_001046.jpg
1047,34.900000,,0,B,0.11330,0.76827,0.11351,0.03134,frames/frame_001047.jpg
1048,34.933333,,0,B,0.11726,0.77058,0.11865,0.04586,frames/frame_001048.jpg
1049,34.966667,,0,B,0.11875,0.77074,0.12263,0.05591,frames/frame_001049.jpg
1050,35.000000,,0,P,0.11693,0.78006,0.12076,0.04926,frames/frame_001050.jpg
1051,35.033333,,0,B,0.11231,0.78636,0.11302,0.03916,frames/frame_001051.jpg
1052,35.066667,,0,B,0.11169,0.78626,0.11451,0.03555,frames/frame_001052.jpg
1053,35.100000,,0,B,0.11326,0.77922,0.11732,0.02629,frames/frame_001053.jpg
1054,35.133333,,0,P,0.10509,0.78995,0.10462,0.01134,frames/frame_001054.jpg
1055,35.166667,,0,B,0.10519,0.78548,0.10471,0.00338,frames/frame_001055.jpg
1056,35.200000,,0,P,0.10482,0.78967,0.10393,0.00732,frames/frame_001056.jpg
1057,35.233333,,0,B,0.10703,0.78383,0.10723,0.01030,frames/frame_001057.jpg
1058,35.266667,,0,B,0.12256,0.76984,0.11991,0.02357,frames/frame_001058.jpg
1059,35.300000,,0,B,0.15857,0.73291,0.13853,0.05278,frames/frame_001059.jpg
1060,35.333333,,0,P,0.20533,0.68032,0.15671,0.07195,frames/frame_001060.jpg
1061,35.366667,,0,B,0.23913,0.63972,0.16243,0.07547,frames/frame_001061.jpg
1062,35.400000,,0,B,0.24161,0.62957,0.15773,0.04736,frames/frame_001062.jpg
1063,35.433333,,0,B,0.25080,0.60748,0.16279,0.03273,frames/frame_001063.jpg
1064,35.466667,,0,P,0.25168,0.60609,0.16485,0.02145,frames/frame_001064.jpg
1065,35.500000,,0,B,0.25039,0.60799,0.16361,0.01875,frames/frame_001065.jpg
1066,35.533333,,0,B,0.24705,0.60996,0.16127,0.02591,frames/frame_001066.jpg
1067,35.566667,,0,B,0.24651,0.61174,0.16065,0.02129,frames/frame_001067.jpg
1068,35.600000,,0,P,0.24625,0.61262,0.15928,0.02091,frames/frame_001068.jpg
1069,35.633333,,0,B,0.24859,0.60917,0.16056,0.02771,frames/frame_001069.jpg
1070,35.666667,,0,B,0.24832,0.61010,0.15966,0.02113,frames/frame_001070.jpg
1071,35.700000,,0,B,0.24325,0.61140,0.16514,0.03412,frames/frame_001071.jpg
1072,35.733333,,0,P,0.23634,0.60865,0.16118,0.02514,frames/frame_001072.jpg
1073,35.766667,,0,B,0.24588,0.60833,0.15841,0.02656,frames/frame_001073.jpg
1074,35.800000,,0,B,0.24797,0.60500,0.15793,0.02447,frames/frame_001074.jpg
1075,35.833333,,0,B,0.24808,0.60476,0.15803,0.01914,frames/frame_001075.jpg
1076,35.866667,,0,P,0.24507,0.60633,0.15835,0.02192,frames/frame_001076.jpg
1077,35.900000,,0,B,0.24268,0.61086,0.15721,0.01831,frames/frame_001077.jpg
1078,35.933333,,0,P,0.24069,0.61181,0.15627,0.01594,frames/frame_001078.jpg
1079,35.966667,,1,I,0.23849,0.61407,0.15588,0.02068,frames/frame_001079.jpg
1080,36.000000,,0,B,0.23961,0.61304,0.15279,0.01847,frames/frame_001080.jpg
1081,36.033333,,0,B,0.23898,0.61467,0.15297,0.02037,frames/frame_001081.jpg
1082,36.066667,,0,B,0.23809,0.61489,0.15383,0.01703,frames/frame_001082.jpg
1083,36.100000,,0,P,0.23832,0.61544,0.15309,0.01675,frames/frame_001083.jpg
1084,36.133333,,0,P,0.25120,0.66505,0.10733,0.18616,frames/frame_001084.jpg
1085,36.166667,,0,B,0.24895,0.66808,0.10492,0.03734,frames/frame_001085.jpg
1086,36.200000,,0,P,0.24628,0.67087,0.10298,0.03651,frames/frame_001086.jpg
1087,36.233333,,0,B,0.24354,0.67195,0.10004,0.05957,frames/frame_001087.jpg
1088,36.266667,,0,B,0.24441,0.67052,0.09999,0.03618,frames/frame_001088.jpg
1089,36.300000,,0,B,0.25101,0.66459,0.10530,0.06143,frames/frame_001089.jpg
1090,36.333333,,0,P,0.25224,0.66182,0.10587,0.03539,frames/frame_001090.jpg
1091,36.366667,,0,B,0.25573,0.65918,0.10854,0.03828,frames/frame_001091.jpg
1092,36.400000,,0,P,0.26092,0.65233,0.11246,0.05834,frames/frame_001092.jpg
1093,36.433333,,0,P,0.26388,0.64879,0.11500,0.03876,frames/frame_001093.jpg
1094,36.466667,,0,B,0.26608,0.64726,0.11624,0.03745,frames/frame_001094.jpg
1095,36.500000,,0,B,0.26616,0.64696,0.11630,0.03818,frames/frame_001095.jpg
1096,36.533333,,0,B,0.26469,0.64926,0.11768,0.03746,frames/frame_001096.jpg
1097,36.566667,,0,P,0.25240,0.65824,0.10794,0.06342,frames/frame_001097.jpg
1098,36.600000,,0,B,0.24981,0.66247,0.10688,0.03770,frames/frame_001098.jpg
1099,36.633333,,0,B,0.25088,0.66264,0.10645,0.05511,frames/frame_001099.jpg
1100,36.666667,,0,B,0.24912,0.66472,0.10493,0.03643,frames/frame_001100.jpg
1101,36.700000,,0,P,0.24775,0.66469,0.10341,0.03735,frames/frame_001101.jpg
1102,36.733333,,0,P,0.25285,0.65911,0.10656,0.04466,frames/frame_001102.jpg
1103,36.766667,,0,P,0.25401,0.65754,0.10790,0.03798,frames/frame_001103.jpg
1104,36.800000,,0,B,0.25790,0.65511,0.11209,0.05080,frames/frame_001104.jpg
1105,36.833333,,0,B,0.25927,0.65396,0.11108,0.03782,frames/frame_001105.jpg
1106,36.866667,,0,B,0.26135,0.65174,0.11231,0.03688,frames/frame_001106.jpg
1107,36.900000,,0,P,0.26370,0.64911,0.11293,0.03839,frames/frame_001107.jpg
1108,36.933333,,0,B,0.26482,0.64855,0.11467,0.03702,frames/frame_001108.jpg
1109,36.966667,,0,P,0.25775,0.65320,0.11018,0.06519,frames/frame_001109.jpg
1110,37.000000,,0,P,0.25664,0.65478,0.11095,0.03687,frames/frame_001110.jpg
1111,37.033333,,0,B,0.20844,0.60969,0.12840,0.21100,frames/frame_001111.jpg
1112,37.066667,,0,B,0.21198,0.61149,0.13119,0.01351,frames/frame_001112.jpg
1113,37.100000,,0,B,0.21521,0.61440,0.13321,0.01248,frames/frame_001113.jpg
1114,37.133333,,0,P,0.21463,0.61376,0.13329,0.00908,frames/frame_001114.jpg
1115,37.166667,,0,B,0.20430,0.62029,0.11697,0.03213,frames/frame_001115.jpg
1116,37.200000,,0,B,0.20507,0.61935,0.11853,0.00833,frames/frame_001116.jpg
1117,37.233333,,0,B,0.20463,0.61938,0.11797,0.00828,frames/frame_001117.jpg
1118,37.266667,,0,P,0.20376,0.62167,0.11888,0.00974,frames/frame_001118.jpg
1119,37.300000,,0,B,0.20552,0.61797,0.11942,0.01093,frames/frame_001119.jpg
1120,37.333333,,0,B,0.20561,0.61913,0.11970,0.00681,frames/frame_001120.jpg
1121,37.366667,,0,B,0.20441,0.61462,0.11836,0.01255,frames/frame_001121.jpg
1122,37.400000,,0,P,0.20532,0.61016,0.11966,0.00985,frames/frame_001122.jpg
1123,37.433333,,0,B,0.20647,0.61084,0.12081,0.00906,frames/frame_001123.jpg
1124,37.466667,,0,B,0.20576,0.60919,0.12109,0.01080,frames/frame_001124.jpg
1125,37.500000,,0,B,0.21870,0.59602,0.14151,0.03722,frames/frame_001125.jpg
1126,37.533333,,0,P,0.22243,0.59430,0.14337,0.01693,frames/frame_001126.jpg
1127,37.566667,,0,B,0.22465,0.59616,0.14437,0.01320,frames/frame_001127.jpg
1128,37.600000,,0,B,0.21560,0.59670,0.12728,0.02954,frames/frame_001128.jpg
1129,37.633333,,0,B,0.21561,0.59859,0.12875,0.00950,frames/frame_001129.jpg
1130,37.666667,,0,P,0.21663,0.59408,0.12906,0.01247,frames/frame_001130.jpg
1131,37.700000,,0,B,0.21652,0.59364,0.12855,0.01143,frames/frame_001131.jpg
1132,37.733333,,0,B,0.21715,0.59226,0.12979,0.01292,frames/frame_001132.jpg
1133,37.766667,,0,B,0.21788,0.59195,0.13067,0.00737,frames/frame_001133.jpg
1134,37.800000,,0,P,0.21737,0.59110,0.13166,0.01380,frames/frame_001134.jpg
1135,37.833333,,0,B,0.21676,0.59075,0.13063,0.01274,frames/frame_001135.jpg
1136,37.866667,,0,B,0.21652,0.59331,0.13134,0.00982,frames/frame_001136.jpg
1137,37.900000,,0,B,0.21648,0.59450,0.13064,0.01171,frames/frame_001137.jpg
1138,37.933333,,0,P,0.21474,0.58932,0.13002,0.00929,frames/frame_001138.jpg
1139,37.966667,,0,B,0.41440,0.65664,0.10455,0.32363,frames/frame_001139.jpg
1140,38.000000,,0,B,0.41351,0.65743,0.10356,0.02035,frames/frame_001140.jpg
1141,38.033333,,0,B,0.41307,0.65818,0.10318,0.02035,frames/frame_001141.jpg
1142,38.066667,,0,P,0.41233,0.65999,0.09878,0.03907,frames/frame_001142.jpg
1143,38.100000,,0,B,0.41233,0.66006,0.09885,0.02030,frames/frame_001143.jpg
1144,38.133333,,0,B,0.41207,0.66049,0.10109,0.02925,frames/frame_001144.jpg
1145,38.166667,,0,B,0.41210,0.66064,0.10150,0.02018,frames/frame_001145.jpg
1146,38.200000,,0,P,0.41570,0.65506,0.10765,0.02183,frames/frame_001146.jpg
1147,38.233333,,0,B,0.41491,0.65599,0.10980,0.04027,frames/frame_001147.jpg
1148,38.266667,,0,B,0.41496,0.65535,0.11020,0.02130,frames/frame_001148.jpg
1149,38.300000,,0,B,0.41485,0.65273,0.11381,0.03941,frames/frame_001149.jpg
1150,38.333333,,0,P,0.41484,0.65223,0.11364,0.02127,frames/frame_001150.jpg
1151,38.366667,,0,B,0.41494,0.65239,0.11383,0.02126,frames/frame_001151.jpg
1152,38.400000,,0,B,0.41737,0.64884,0.11854,0.03092,frames/frame_001152.jpg
1153,38.433333,,0,B,0.41624,0.65105,0.11632,0.02210,frames/frame_001153.jpg
1154,38.466667,,0,P,0.41520,0.65159,0.11197,0.02903,frames/frame_001154.jpg
1155,38.500000,,0,B,0.41516,0.65269,0.11263,0.02159,frames/frame_001155.jpg
1156,38.533333,,0,B,0.41543,0.65259,0.11258,0.02126,frames/frame_001156.jpg
1157,38.566667,,0,B,0.41872,0.65896,0.10683,0.03256,frames/frame_001157.jpg
1158,38.600000,,0,P,0.38046,0.59859,0.10807,0.07842,frames/frame_001158.jpg
1159,38.633333,,0,B,0.38204,0.59776,0.10663,0.01958,frames/frame_001159.jpg
1160,38.666667,,0,B,0.38239,0.59792,0.10609,0.01674,frames/frame_001160.jpg
1161,38.700000,,0,B,0.38285,0.59754,0.10621,0.01728,frames/frame_001161.jpg
1162,38.733333,,0,P,0.38297,0.59740,0.10676,0.01713,frames/frame_001162.jpg
1163,38.766667,,0,B,0.38350,0.59718,0.10600,0.01702,frames/frame_001163.jpg
1164,38.800000,,0,B,0.38365,0.59705,0.10652,0.01713,frames/frame_001164.jpg
1165,38.833333,,0,B,0.38379,0.59743,0.10650,0.01687,frames/frame_001165.jpg
1166,38.866667,,0,P,0.38870,0.59184,0.10983,0.02071,frames/frame_001166.jpg
1167,38.900000,,0,B,0.39565,0.57774,0.10617,0.02996,frames/frame_001167.jpg
1168,38.933333,,0,P,0.40564,0.54774,0.11816,0.03831,frames/frame_001168.jpg
1169,38.966667,,1,I,0.44146,0.49058,0.14483,0.06101,frames/frame_001169.jpg
1170,39.000000,,0,P,0.50266,0.40573,0.17928,0.07911,frames/frame_001170.jpg
1171,39.033333,,0,B,0.56543,0.32402,0.20365,0.07821,frames/frame_001171.jpg
1172,39.066667,,0,P,0.61796,0.26768,0.21726,0.05404,frames/frame_001172.jpg
1173,39.100000,,0,B,0.63174,0.25287,0.22254,0.01617,frames/frame_001173.jpg
1174,39.133333,,0,B,0.63184,0.25270,0.22292,0.00143,frames/frame_001174.jpg
1175,39.166667,,0,B,0.63184,0.25278,0.22305,0.00077,frames/frame_001175.jpg
1176,39.200000,,0,P,0.63200,0.25264,0.22318,0.00115,frames/frame_001176.jpg
1177,39.233333,,0,B,0.63222,0.25250,0.22288,0.00252,frames/frame_001177.jpg
1178,39.266667,,0,B,0.63235,0.25244,0.22353,0.00102,frames/frame_001178.jpg
1179,39.300000,,0,B,0.63233,0.25247,0.22402,0.00142,frames/frame_001179.jpg
1180,39.333333,,0,P,0.63244,0.25202,0.22468,0.00288,frames/frame_001180.jpg
1181,39.366667,,0,B,0.63263,0.25187,0.22522,0.00318,frames/frame_001181.jpg
1182,39.400000,,0,B,0.63302,0.25132,0.22550,0.00168,frames/frame_001182.jpg
1183,39.433333,,0,B,0.63349,0.25054,0.22516,0.00212,frames/frame_001183.jpg
1184,39.466667,,0,P,0.63361,0.25002,0.22500,0.00313,frames/frame_001184.jpg
1185,39.500000,,0,B,0.63372,0.25004,0.22540,0.00240,frames/frame_001185.jpg
1186,39.533333,,0,B,0.63281,0.25094,0.22575,0.00174,frames/frame_001186.jpg
1187,39.566667,,0,B,0.63276,0.25095,0.22552,0.00155,frames/frame_001187.jpg
1188,39.600000,,0,P,0.63261,0.25084,0.22577,0.00223,frames/frame_001188.jpg
1189,39.633333,,0,B,0.63312,0.25085,0.22487,0.00185,frames/frame_001189.jpg
1190,39.666667,,0,B,0.63308,0.25077,0.22474,0.00072,frames/frame_001190.jpg
1191,39.700000,,0,B,0.63310,0.25085,0.22481,0.00073,frames/frame_001191.jpg
1192,39.733333,,0,P,0.63310,0.25070,0.22455,0.00245,frames/frame_001192.jpg
1193,39.766667,,0,B,0.61972,0.25232,0.23011,0.02661,frames/frame_001193.jpg
1194,39.800000,,0,B,0.61909,0.25268,0.23069,0.00551,frames/frame_001194.jpg
1195,39.833333,,0,B,0.61928,0.25282,0.23094,0.00286,frames/frame_001195.jpg
1196,39.866667,,0,P,0.61951,0.25250,0.23066,0.00185,frames/frame_001196.jpg
1197,39.900000,,0,B,0.61979,0.25223,0.23064,0.00159,frames/frame_001197.jpg
1198,39.933333,,0,P,0.61987,0.25223,0.23061,0.00230,frames/frame_001198.jpg
1199,39.966667,,0,B,0.61995,0.25209,0.23177,0.00217,frames/frame_001199.jpg
1200,40.000000,,0,B,0.61910,0.25263,0.23222,0.00243,frames/frame_001200.jpg
1201,40.033333,,0,B,0.61928,0.25233,0.23242,0.00092,frames/frame_001201.jpg
1202,40.066667,,0,P,0.61943,0.25213,0.23287,0.00178,frames/frame_001202.jpg
1203,40.100000,,0,B,0.61994,0.25194,0.23318,0.00166,frames/frame_001203.jpg
1204,40.133333,,0,B,0.62020,0.25153,0.23355,0.00181,frames/frame_001204.jpg
1205,40.166667,,0,B,0.62028,0.25157,0.23346,0.00083,frames/frame_001205.jpg
1206,40.200000,,0,P,0.62009,0.25161,0.23359,0.00112,frames/frame_001206.jpg
1207,40.233333,,0,B,0.62067,0.25122,0.23278,0.00616,frames/frame_001207.jpg
1208,40.266667,,0,B,0.62043,0.25168,0.23338,0.00318,frames/frame_001208.jpg
1209,40.300000,,0,P,0.62078,0.25123,0.23312,0.00371,frames/frame_001209.jpg
1210,40.333333,,0,B,0.62122,0.25112,0.23270,0.00170,frames/frame_001210.jpg
1211,40.366667,,0,B,0.62138,0.25068,0.23258,0.00212,frames/frame_001211.jpg
1212,40.400000,,0,B,0.62149,0.25063,0.23282,0.00157,frames/frame_001212.jpg
1213,40.433333,,0,P,0.62133,0.25038,0.23309,0.00240,frames/frame_001213.jpg
1214,40.466667,,0,B,0.62052,0.25133,0.23314,0.00177,frames/frame_001214.jpg
1215,40.500000,,0,B,0.62045,0.25118,0.23307,0.00142,frames/frame_001215.jpg
1216,40.533333,,0,B,0.62068,0.25165,0.23300,0.00106,frames/frame_001216.jpg
1217,40.566667,,0,P,0.62069,0.25111,0.23300,0.00148,frames/frame_001217.jpg
1218,40.600000,,0,B,0.62068,0.25105,0.23289,0.00067,frames/frame_001218.jpg
1219,40.633333,,0,B,0.62064,0.25149,0.23354,0.00150,frames/frame_001219.jpg
1220,40.666667,,0,P,0.62010,0.25133,0.23364,0.00147,frames/frame_001220.jpg
1221,40.700000,,0,B,0.63392,0.24981,0.22775,0.02546,frames/frame_001221.jpg
1222,40.733333,,0,B,0.63381,0.25006,0.22755,0.00289,frames/frame_001222.jpg
1223,40.766667,,0,B,0.63415,0.24964,0.22727,0.00129,frames/frame_001223.jpg
1224,40.800000,,0,P,0.63432,0.24947,0.22693,0.00210,frames/frame_001224.jpg
1225,40.833333,,0,B,0.63457,0.24945,0.22708,0.00171,frames/frame_001225.jpg
1226,40.866667,,0,B,0.63439,0.24913,0.22743,0.00329,frames/frame_001226.jpg
1227,40.900000,,0,B,0.63350,0.25012,0.22742,0.00142,frames/frame_001227.jpg
1228,40.933333,,0,P,0.63348,0.24989,0.22768,0.00152,frames/frame_001228.jpg
1229,40.966667,,0,B,0.63384,0.24947,0.22752,0.00217,frames/frame_001229.jpg
1230,41.000000,,0,B,0.63427,0.24936,0.22763,0.00194,frames/frame_001230.jpg
1231,41.033333,,0,B,0.63432,0.24936,0.22775,0.00063,frames/frame_001231.jpg
1232,41.066667,,0,P,0.63427,0.24953,0.22776,0.00154,frames/frame_001232.jpg
1233,41.100000,,0,B,0.63426,0.24951,0.22797,0.00177,frames/frame_001233.jpg
1234,41.133333,,0,B,0.63475,0.24894,0.22795,0.00258,frames/frame_001234.jpg
1235,41.166667,,0,B,0.63431,0.24909,0.22817,0.00138,frames/frame_001235.jpg
1236,41.200000,,0,P,0.63440,0.24881,0.22813,0.00115,frames/frame_001236.jpg
1237,41.233333,,0,B,0.63479,0.24861,0.22773,0.00301,frames/frame_001237.jpg
1238,41.266667,,0,B,0.63504,0.24831,0.22754,0.00145,frames/frame_001238.jpg
1239,41.300000,,0,B,0.63522,0.24837,0.22867,0.00236,frames/frame_001239.jpg
1240,41.333333,,0,P,0.63510,0.24855,0.22887,0.00184,frames/frame_001240.jpg
1241,41.366667,,0,B,0.56583,0.27120,0.22017,0.08798,frames/frame_001241.jpg
1242,41.400000,,0,B,0.56531,0.27175,0.21825,0.01929,frames/frame_001242.jpg
1243,41.433333,,0,B,0.56543,0.27249,0.21731,0.02187,frames/frame_001243.jpg
1244,41.466667,,0,P,0.56239,0.26995,0.23389,0.02159,frames/frame_001244.jpg
1245,41.500000,,0,B,0.56252,0.26935,0.23303,0.00457,frames/frame_001245.jpg
1246,41.533333,,0,B,0.56219,0.27055,0.23441,0.01146,frames/frame_001246.jpg
1247,41.566667,,0,P,0.56255,0.27001,0.23351,0.00839,frames/frame_001247.jpg
1248,41.600000,,0,P,0.59302,0.25975,0.22056,0.18937,frames/frame_001248.jpg
1249,41.633333,,0,P,0.65432,0.22391,0.24074,0.15828,frames/frame_001249.jpg
1250,41.666667,,0,P,0.64985,0.23094,0.23143,0.13049,frames/frame_001250.jpg
1251,41.700000,,0,B,0.64926,0.23255,0.23117,0.00871,frames/frame_001251.jpg
1252,41.733333,,0,P,0.63861,0.24127,0.23194,0.01726,frames/frame_001252.jpg
1253,41.766667,,0,B,0.63770,0.24316,0.23293,0.00536,frames/frame_001253.jpg
1254,41.800000,,0,B,0.63696,0.24356,0.23105,0.00945,frames/frame_001254.jpg
1255,41.833333,,0,B,0.63686,0.24570,0.23228,0.00739,frames/frame_001255.jpg
1256,41.866667,,0,P,0.63734,0.24364,0.23342,0.01497,frames/frame_001256.jpg
1257,41.900000,,0,B,0.63527,0.25006,0.23689,0.01550,frames/frame_001257.jpg
1258,41.933333,,0,P,0.63447,0.24712,0.23898,0.01445,frames/frame_001258.jpg
1259,41.966667,,1,I,0.62841,0.25513,0.23824,0.01442,frames/frame_001259.jpg
1260,42.000000,,0,B,0.62783,0.25520,0.23826,0.00620,frames/frame_001260.jpg
1261,42.033333,,0,B,0.63593,0.25895,0.23476,0.01611,frames/frame_001261.jpg
1262,42.066667,,0,B,0.63435,0.25822,0.23612,0.00777,frames/frame_001262.jpg
1263,42.100000,,0,P,0.63998,0.25226,0.23480,0.00985,frames/frame_001263.jpg
1264,42.133333,,0,B,0.63328,0.25083,0.23889,0.01046,frames/frame_001264.jpg
1265,42.166667,,0,B,0.63351,0.25417,0.24097,0.00793,frames/frame_001265.jpg
1266,42.200000,,0,B,0.63134,0.25470,0.24351,0.01032,frames/frame_001266.jpg
1267,42.233333,,0,P,0.62742,0.26231,0.24173,0.01304,frames/frame_001267.jpg
1268,42.266667,,0,B,0.63311,0.26476,0.23774,0.01233,frames/frame_001268.jpg
1269,42.300000,,0,B,0.63331,0.26381,0.23952,0.00585,frames/frame_001269.jpg
1270,42.333333,,0,P,0.63227,0.26417,0.23903,0.00552,frames/frame_001270.jpg
1271,42.366667,,0,B,0.63027,0.25814,0.24009,0.01927,frames/frame_001271.jpg
1272,42.400000,,0,B,0.62924,0.25721,0.24024,0.00653,frames/frame_001272.jpg
1273,42.433333,,0,P,0.62897,0.25713,0.23979,0.00541,frames/frame_001273.jpg
1274,42.466667,,0,P,0.63924,0.21966,0.22562,0.17055,frames/frame_001274.jpg
1275,42.500000,,0,B,0.63882,0.20918,0.22599,0.07188,frames/frame_001275.jpg
1276,42.533333,,0,B,0.56657,0.28129,0.25043,0.10097,frames/frame_001276.jpg
1277,42.566667,,0,B,0.56565,0.28124,0.24890,0.02314,frames/frame_001277.jpg
1278,42.600000,,0,P,0.56681,0.28158,0.24486,0.02083,frames/frame_001278.jpg
1279,42.633333,,0,B,0.56670,0.28105,0.24704,0.01474,frames/frame_001279.jpg
1280,42.666667,,0,B,0.56831,0.27886,0.24911,0.01155,frames/frame_001280.jpg
1281,42.700000,,0,B,0.56993,0.27964,0.24824,0.01709,frames/frame_001281.jpg
1282,42.733333,,0,P,0.55641,0.28410,0.25180,0.02293,frames/frame_001282.jpg
1283,42.766667,,0,B,0.53086,0.29101,0.25634,0.04615,frames/frame_001283.jpg
1284,42.800000,,0,B,0.53039,0.29187,0.25501,0.01840,frames/frame_001284.jpg
1285,42.833333,,0,B,0.52872,0.29212,0.25675,0.01230,frames/frame_001285.jpg
1286,42.866667,,0,P,0.53771,0.28594,0.25364,0.02022,frames/frame_001286.jpg
1287,42.900000,,0,B,0.53681,0.28744,0.25303,0.01490,frames/frame_001287.jpg
1288,42.933333,,0,B,0.53538,0.28860,0.25034,0.01314,frames/frame_001288.jpg
1289,42.966667,,0,B,0.52256,0.29445,0.25544,0.02597,frames/frame_001289.jpg
1290,43.000000,,0,P,0.52309,0.29266,0.25639,0.01602,frames/frame_001290.jpg
1291,43.033333,,0,B,0.52276,0.29343,0.25701,0.01232,frames/frame_001291.jpg
1292,43.066667,,0,B,0.52099,0.29557,0.25403,0.01289,frames/frame_001292.jpg
1293,43.100000,,0,B,0.52982,0.29102,0.24830,0.01828,frames/frame_001293.jpg
1294,43.133333,,0,P,0.52917,0.28979,0.24894,0.01331,frames/frame_001294.jpg
1295,43.166667,,0,B,0.52857,0.28975,0.24950,0.01190,frames/frame_001295.jpg
1296,43.200000,,0,B,0.52805,0.29028,0.25026,0.01563,frames/frame_001296.jpg
1297,43.233333,,0,B,0.49108,0.31356,0.26241,0.05307,frames/frame_001297.jpg
1298,43.266667,,0,P,0.48846,0.31511,0.25989,0.02075,frames/frame_001298.jpg
1299,43.300000,,0,B,0.48713,0.31755,0.25632,0.01249,frames/frame_001299.jpg
1300,43.333333,,0,B,0.48651,0.31896,0.25704,0.01313,frames/frame_001300.jpg
1301,43.366667,,0,B,0.49688,0.31260,0.25115,0.02197,frames/frame_001301.jpg
1302,43.400000,,0,P,0.49206,0.31225,0.24787,0.03746,frames/frame_001302.jpg
1303,43.433333,,0,B,0.49469,0.31227,0.25286,0.03269,frames/frame_001303.jpg
1304,43.466667,,0,B,0.48310,0.32227,0.25642,0.02656,frames/frame_001304.jpg
1305,43.500000,,0,B,0.48254,0.32002,0.25361,0.01320,frames/frame_001305.jpg
1306,43.533333,,0,P,0.48270,0.32032,0.25397,0.01282,frames/frame_001306.jpg
1307,43.566667,,0,B,0.48075,0.32108,0.25192,0.01501,frames/frame_001307.jpg
1308,43.600000,,0,B,0.47453,0.32165,0.23959,0.02872,frames/frame_001308.jpg
1309,43.633333,,0,B,0.47459,0.31412,0.23910,0.01685,frames/frame_001309.jpg
1310,43.666667,,0,P,0.45855,0.32217,0.24867,0.03923,frames/frame_001310.jpg
1311,43.700000,,0,B,0.45848,0.32090,0.24864,0.02028,frames/frame_001311.jpg
1312,43.733333,,0,B,0.44612,0.32607,0.25002,0.02419,frames/frame_001312.jpg
1313,43.766667,,0,B,0.44637,0.32984,0.24876,0.01601,frames/frame_001313.jpg
1314,43.800000,,0,P,0.43184,0.33012,0.23924,0.02606,frames/frame_001314.jpg
1315,43.833333,,0,B,0.43042,0.33034,0.23785,0.01267,frames/frame_001315.jpg
1316,43.866667,,0,B,0.43583,0.32456,0.23896,0.03267,frames/frame_001316.jpg
1317,43.900000,,0,B,0.42494,0.32735,0.22895,0.02802,frames/frame_001317.jpg
1318,43.933333,,0,P,0.42500,0.32946,0.23032,0.01104,frames/frame_001318.jpg
1319,43.966667,,0,B,0.41624,0.33377,0.23208,0.02300,frames/frame_001319.jpg
1320,44.000000,,0,B,0.37304,0.39700,0.24064,0.06253,frames/frame_001320.jpg
1321,44.033333,,0,B,0.37009,0.40033,0.23664,0.01854,frames/frame_001321.jpg
1322,44.066667,,0,P,0.35951,0.39721,0.23043,0.02033,frames/frame_001322.jpg
1323,44.100000,,0,B,0.34902,0.39466,0.22339,0.02755,frames/frame_001323.jpg
1324,44.133333,,0,P,0.33169,0.40599,0.21294,0.11229,frames/frame_001324.jpg
1325,44.166667,,0,B,0.28341,0.38746,0.18766,0.11217,frames/frame_001325.jpg
1326,44.200000,,0,B,0.24647,0.37521,0.16407,0.09352,frames/frame_001326.jpg
1327,44.233333,,0,B,0.21183,0.37187,0.14013,0.08371,frames/frame_001327.jpg
1328,44.266667,,0,P,0.17133,0.35852,0.11904,0.07434,frames/frame_001328.jpg
1329,44.300000,,0,B,0.13735,0.35048,0.09616,0.05761,frames/frame_001329.jpg
1330,44.333333,,0,B,0.11464,0.34708,0.08418,0.04265,frames/frame_001330.jpg
1331,44.366667,,0,B,0.08667,0.40071,0.07856,0.04451,frames/frame_001331.jpg
1332,44.400000,,0,P,0.07705,0.40290,0.07383,0.02471,frames/frame_001332.jpg
1333,44.433333,,0,B,0.06821,0.40979,0.06779,0.01982,frames/frame_001333.jpg
1334,44.466667,,0,B,0.06146,0.41756,0.06065,0.01499,frames/frame_001334.jpg
1335,44.500000,,0,B,0.05745,0.41646,0.05882,0.00988,frames/frame_001335.jpg
1336,44.533333,,0,P,0.05483,0.41785,0.05709,0.00874,frames/frame_001336.jpg
1337,44.566667,,0,B,0.05316,0.41813,0.05616,0.00733,frames/frame_001337.jpg
1338,44.600000,,0,B,0.05163,0.42112,0.05463,0.00644,frames/frame_001338.jpg
1339,44.633333,,0,B,0.05110,0.42490,0.05255,0.00512,frames/frame_001339.jpg
1340,44.666667,,0,P,0.05120,0.42614,0.05196,0.00343,frames/frame_001340.jpg
1341,44.700000,,0,P,0.13487,0.28025,0.07598,0.11109,frames/frame_001341.jpg
1342,44.733333,,0,P,0.02635,0.15000,0.02931,0.12953,frames/frame_001342.jpg
1343,44.766667,,0,P,0.00413,0.04901,0.00893,0.03012,frames/frame_001343.jpg
1344,44.800000,,0,B,0.00032,0.03127,0.00075,0.00465,frames/frame_001344.jpg
1345,44.833333,,0,B,0.00039,0.03033,0.00063,0.00010,frames/frame_001345.jpg
1346,44.866667,,0,B,0.00043,0.03066,0.00062,0.00007,frames/frame_001346.jpg
1347,44.900000,,0,P,0.00055,0.03159,0.00080,0.00013,frames/frame_001347.jpg
1348,44.933333,,0,P,0.00083,0.03296,0.00103,0.00029,frames/frame_001348.jpg
1349,44.966667,,1,I,0.00147,0.01074,0.00125,0.00079,frames/frame_001349.jpg
1350,45.000000,,0,B,0.00261,0.00845,0.00182,0.00118,frames/frame_001350.jpg
1351,45.033333,,0,B,0.00314,0.00616,0.00412,0.00188,frames/frame_001351.jpg
1352,45.066667,,0,P,0.03594,0.08549,0.01990,0.03300,frames/frame_001352.jpg
1353,45.100000,,0,P,0.11187,0.19963,0.06466,0.07668,frames/frame_001353.jpg
1354,45.133333,,0,B,0.16703,0.36586,0.09994,0.07726,frames/frame_001354.jpg
1355,45.166667,,0,B,0.18927,0.53819,0.12124,0.04195,frames/frame_001355.jpg
1356,45.200000,,0,B,0.19192,0.68281,0.12769,0.05662,frames/frame_001356.jpg
1357,45.233333,,0,P,0.20484,0.66823,0.14432,0.04022,frames/frame_001357.jpg
1358,45.266667,,0,B,0.20125,0.67022,0.14011,0.04282,frames/frame_001358.jpg
1359,45.300000,,0,B,0.22383,0.65289,0.16014,0.07723,frames/frame_001359.jpg
1360,45.333333,,0,B,0.20736,0.66600,0.14261,0.05024,frames/frame_001360.jpg
1361,45.366667,,0,P,0.23491,0.64015,0.16967,0.09163,frames/frame_001361.jpg
1362,45.400000,,0,B,0.21158,0.65449,0.15021,0.05692,frames/frame_001362.jpg
1363,45.433333,,0,B,0.20630,0.66374,0.14410,0.03625,frames/frame_001363.jpg
1364,45.466667,,0,B,0.21644,0.65486,0.15468,0.07016,frames/frame_001364.jpg
1365,45.500000,,0,P,0.20618,0.66657,0.14764,0.04433,frames/frame_001365.jpg
1366,45.533333,,0,P,0.23100,0.64839,0.16910,0.07281,frames/frame_001366.jpg
1367,45.566667,,0,B,0.20889,0.66164,0.14932,0.05488,frames/frame_001367.jpg
1368,45.600000,,0,B,0.20356,0.66736,0.14313,0.02813,frames/frame_001368.jpg
1369,45.633333,,0,B,0.21854,0.64890,0.15607,0.06309,frames/frame_001369.jpg
1370,45.666667,,0,P,0.21049,0.65324,0.14772,0.03456,frames/frame_001370.jpg
1371,45.700000,,0,P,0.23515,0.63891,0.16819,0.07989,frames/frame_001371.jpg
1372,45.733333,,0,B,0.21166,0.65580,0.14715,0.05097,frames/frame_001372.jpg
1373,45.766667,,0,B,0.20902,0.65619,0.14542,0.02784,frames/frame_001373.jpg
1374,45.800000,,0,B,0.21379,0.65529,0.15056,0.05921,frames/frame_001374.jpg
1375,45.833333,,0,P,0.20776,0.67158,0.14248,0.03582,frames/frame_001375.jpg
1376,45.866667,,0,P,0.22045,0.65869,0.15469,0.05666,frames/frame_001376.jpg
1377,45.900000,,0,B,0.21004,0.65611,0.14927,0.04135,frames/frame_001377.jpg
1378,45.933333,,0,P,0.23586,0.63586,0.16943,0.05422,frames/frame_001378.jpg
1379,45.966667,,0,B,0.21566,0.66392,0.14754,0.08584,frames/frame_001379.jpg
1380,46.000000,,0,B,0.21008,0.66981,0.14305,0.02877,frames/frame_001380.jpg
1381,46.033333,,0,P,0.22203,0.65615,0.15178,0.06438,frames/frame_001381.jpg
1382,46.066667,,0,B,0.21386,0.66377,0.14049,0.03560,frames/frame_001382.jpg
1383,46.100000,,0,P,0.23959,0.63137,0.17096,0.05989,frames/frame_001383.jpg
1384,46.133333,,0,P,0.21638,0.64600,0.14846,0.08953,frames/frame_001384.jpg
1385,46.166667,,0,B,0.61052,0.16449,0.19363,0.42086,frames/frame_001385.jpg
1386,46.200000,,0,B,0.60872,0.15804,0.18646,0.06095,frames/frame_001386.jpg
1387,46.233333,,0,B,0.60521,0.15134,0.16004,0.03392,frames/frame_001387.jpg
1388,46.266667,,0,P,0.30635,0.57202,0.19685,0.31452,frames/frame_001388.jpg
1389,46.300000,,0,B,0.29484,0.57340,0.18849,0.07192,frames/frame_001389.jpg
1390,46.333333,,0,P,0.32005,0.55430,0.20792,0.04344,frames/frame_001390.jpg
1391,46.366667,,0,B,0.30329,0.56216,0.18950,0.08289,frames/frame_001391.jpg
1392,46.400000,,0,B,0.29984,0.57364,0.18684,0.01900,frames/frame_001392.jpg
1393,46.433333,,0,B,0.31084,0.56129,0.19846,0.03650,frames/frame_001393.jpg
1394,46.466667,,0,P,0.30330,0.55759,0.19659,0.07280,frames/frame_001394.jpg
1395,46.500000,,0,P,0.32148,0.55686,0.20691,0.04607,frames/frame_001395.jpg
1396,46.533333,,0,B,0.29938,0.57542,0.19121,0.06275,frames/frame_001396.jpg
1397,46.566667,,0,B,0.29722,0.58816,0.18654,0.02364,frames/frame_001397.jpg
1398,46.600000,,0,B,0.30614,0.58198,0.19430,0.04702,frames/frame_001398.jpg
1399,46.633333,,0,P,0.30565,0.56569,0.19464,0.06750,frames/frame_001399.jpg
1400,46.666667,,0,P,0.32510,0.55208,0.21072,0.03801,frames/frame_001400.jpg
1401,46.700000,,0,B,0.31194,0.56620,0.19263,0.07342,frames/frame_001401.jpg
1402,46.733333,,0,B,0.31383,0.56941,0.19195,0.03857,frames/frame_001402.jpg
1403,46.766667,,0,B,0.31742,0.56074,0.19560,0.03205,frames/frame_001403.jpg
1404,46.800000,,0,P,0.31383,0.56469,0.19594,0.07217,frames/frame_001404.jpg
1405,46.833333,,0,P,0.32547,0.55365,0.20603,0.04186,frames/frame_001405.jpg
1406,46.866667,,0,B,0.31563,0.56320,0.19677,0.05069,frames/frame_001406.jpg
1407,46.900000,,0,B,0.33680,0.54446,0.21734,0.04312,frames/frame_001407.jpg
1408,46.933333,,0,P,0.31778,0.55926,0.20088,0.04003,frames/frame_001408.jpg
1409,46.966667,,0,B,0.31494,0.55662,0.20241,0.06757,frames/frame_001409.jpg
1410,47.000000,,0,B,0.32271,0.54774,0.20888,0.03149,frames/frame_001410.jpg
1411,47.033333,,0,B,0.32603,0.54983,0.20056,0.05979,frames/frame_001411.jpg
1412,47.066667,,0,P,0.34561,0.53631,0.22089,0.04362,frames/frame_001412.jpg
1413,47.100000,,0,B,0.32396,0.56761,0.19854,0.04014,frames/frame_001413.jpg
1414,47.133333,,0,B,0.31931,0.56515,0.19735,0.06659,frames/frame_001414.jpg
1415,47.166667,,0,B,0.32677,0.54895,0.20413,0.03315,frames/frame_001415.jpg
1416,47.200000,,0,P,0.32303,0.55451,0.20279,0.04310,frames/frame_001416.jpg
1417,47.233333,,0,B,0.33804,0.54560,0.21525,0.05775,frames/frame_001417.jpg
1418,47.266667,,0,B,0.32462,0.55234,0.20462,0.03205,frames/frame_001418.jpg
1419,47.300000,,0,B,0.32045,0.55243,0.20375,0.04648,frames/frame_001419.jpg
1420,47.333333,,0,P,0.67406,0.21356,0.21530,0.41569,frames/frame_001420.jpg
1421,47.366667,,0,B,0.68387,0.19577,0.20175,0.06837,frames/frame_001421.jpg
1422,47.400000,,0,B,0.46680,0.47142,0.21568,0.23849,frames/frame_001422.jpg
1423,47.433333,,0,P,0.46637,0.46736,0.21635,0.05050,frames/frame_001423.jpg
1424,47.466667,,0,B,0.42166,0.50242,0.20564,0.11295,frames/frame_001424.jpg
1425,47.500000,,0,B,0.42185,0.50224,0.20629,0.02333,frames/frame_001425.jpg
1426,47.533333,,0,B,0.42959,0.49750,0.20476,0.04111,frames/frame_001426.jpg
1427,47.566667,,0,P,0.42773,0.50536,0.20164,0.04241,frames/frame_001427.jpg
1428,47.600000,,0,B,0.42951,0.51044,0.20360,0.02085,frames/frame_001428.jpg
1429,47.633333,,0,B,0.42876,0.50625,0.20716,0.03245,frames/frame_001429.jpg
1430,47.666667,,0,B,0.43104,0.50636,0.20589,0.05474,frames/frame_001430.jpg
1431,47.700000,,0,P,0.46121,0.48109,0.21947,0.07265,frames/frame_001431.jpg
1432,47.733333,,0,B,0.46092,0.48274,0.21879,0.00393,frames/frame_001432.jpg
1433,47.766667,,0,B,0.46115,0.48513,0.21427,0.03726,frames/frame_001433.jpg
1434,47.800000,,0,B,0.46649,0.48136,0.21325,0.06373,frames/frame_001434.jpg
1435,47.833333,,0,P,0.47172,0.46810,0.21457,0.02835,frames/frame_001435.jpg
1436,47.866667,,0,B,0.45729,0.45347,0.22769,0.09493,frames/frame_001436.jpg
1437,47.900000,,0,B,0.44432,0.46883,0.21803,0.07406,frames/frame_001437.jpg
1438,47.933333,,0,P,0.42814,0.49990,0.20556,0.04968,frames/frame_001438.jpg
1439,47.966667,,1,I,0.43572,0.49308,0.20807,0.04500,frames/frame_001439.jpg
1440,48.000000,,0,B,0.43653,0.49205,0.20513,0.02629,frames/frame_001440.jpg
1441,48.033333,,0,B,0.46008,0.47832,0.21813,0.07769,frames/frame_001441.jpg
1442,48.066667,,0,B,0.46263,0.48538,0.21876,0.03490,frames/frame_001442.jpg
1443,48.100000,,0,P,0.45974,0.48660,0.21991,0.04048,frames/frame_001443.jpg
1444,48.133333,,0,B,0.46838,0.48021,0.21671,0.06954,frames/frame_001444.jpg
1445,48.166667,,0,B,0.47602,0.46717,0.22251,0.03705,frames/frame_001445.jpg
1446,48.200000,,0,B,0.44651,0.47347,0.21991,0.09735,frames/frame_001446.jpg
1447,48.233333,,0,P,0.44522,0.47942,0.22188,0.06676,frames/frame_001447.jpg
1448,48.266667,,0,B,0.44882,0.46719,0.22096,0.04581,frames/frame_001448.jpg
1449,48.300000,,0,B,0.45652,0.46180,0.21982,0.06152,frames/frame_001449.jpg
1450,48.333333,,0,B,0.45785,0.45855,0.22028,0.04329,frames/frame_001450.jpg
1451,48.366667,,0,P,0.47979,0.45246,0.22696,0.06595,frames/frame_001451.jpg
1452,48.400000,,0,B,0.63170,0.15785,0.12267,0.28078,frames/frame_001452.jpg
1453,48.433333,,0,B,0.61659,0.15884,0.11103,0.04904,frames/frame_001453.jpg
1454,48.466667,,0,P,0.24972,0.66920,0.16175,0.36056,frames/frame_001454.jpg
1455,48.500000,,0,B,0.25025,0.67828,0.16209,0.04901,frames/frame_001455.jpg
1456,48.533333,,0,P,0.25161,0.67838,0.17255,0.06088,frames/frame_001456.jpg
1457,48.566667,,0,B,0.25103,0.68027,0.16760,0.04315,frames/frame_001457.jpg
1458,48.600000,,0,P,0.25437,0.68274,0.16814,0.06275,frames/frame_001458.jpg
1459,48.633333,,0,P,0.25732,0.67629,0.17170,0.04681,frames/frame_001459.jpg
1460,48.666667,,0,P,0.25962,0.67198,0.18009,0.04055,frames/frame_001460.jpg
1461,48.700000,,0,B,0.25918,0.66811,0.18058,0.06611,frames/frame_001461.jpg
1462,48.733333,,0,P,0.26264,0.65366,0.17901,0.04835,frames/frame_001462.jpg
1463,48.766667,,0,P,0.26137,0.65583,0.17454,0.06606,frames/frame_001463.jpg
1464,48.800000,,0,P,0.26478,0.64881,0.17849,0.04746,frames/frame_001464.jpg
1465,48.833333,,0,B,0.24812,0.67491,0.16721,0.06085,frames/frame_001465.jpg
1466,48.866667,,0,B,0.33551,0.59842,0.19703,0.13747,frames/frame_001466.jpg
1467,48.900000,,0,P,0.29686,0.63263,0.18714,0.10549,frames/frame_001467.jpg
1468,48.933333,,0,P,0.27679,0.65152,0.17753,0.08235,frames/frame_001468.jpg
1469,48.966667,,0,B,0.31808,0.53101,0.17791,0.06798,frames/frame_001469.jpg
1470,49.000000,,0,B,0.40539,0.36763,0.16079,0.10528,frames/frame_001470.jpg
1471,49.033333,,0,B,0.49652,0.26378,0.15113,0.11322,frames/frame_001471.jpg
1472,49.066667,,0,P,0.54824,0.22323,0.15015,0.05796,frames/frame_001472.jpg
1473,49.100000,,0,B,0.63955,0.15673,0.12895,0.10290,frames/frame_001473.jpg
1474,49.133333,,0,B,0.72409,0.10283,0.11440,0.09128,frames/frame_001474.jpg
1475,49.166667,,0,B,0.80928,0.06013,0.10262,0.08609,frames/frame_001475.jpg
1476,49.200000,,0,P,0.90398,0.02374,0.08355,0.09400,frames/frame_001476.jpg
1477,49.233333,,0,B,0.95085,0.00857,0.07324,0.04717,frames/frame_001477.jpg
1478,49.266667,,0,P,1.00000,0.00000,0.05710,0.04921,frames/frame_001478.jpg
1479,49.300000,,0,B,1.00000,0.00000,0.05710,0.00000,frames/frame_001479.jpg
1480,49.333333,,0,B,0.88308,0.01924,0.06677,0.11402,frames/frame_001480.jpg
1481,49.366667,,0,B,0.71381,0.06385,0.06950,0.16555,frames/frame_001481.jpg
1482,49.400000,,0,P,0.55385,0.13508,0.06836,0.15647,frames/frame_001482.jpg
1483,49.433333,,0,B,0.44393,0.19721,0.07233,0.10796,frames/frame_001483.jpg
1484,49.466667,,0,B,0.28583,0.35144,0.06874,0.15594,frames/frame_001484.jpg
1485,49.500000,,0,B,0.11350,0.82287,0.05239,0.17029,frames/frame_001485.jpg
1486,49.533333,,0,P,0.11365,0.82114,0.05134,0.00226,frames/frame_001486.jpg
1487,49.566667,,0,B,0.11367,0.81934,0.05252,0.00263,frames/frame_001487.jpg
1488,49.600000,,0,P,0.11434,0.81919,0.05686,0.00514,frames/frame_001488.jpg
1489,49.633333,,0,P,0.11420,0.82046,0.05874,0.00256,frames/frame_001489.jpg
1490,49.666667,,0,B,0.11461,0.81620,0.05847,0.00242,frames/frame_001490.jpg
1491,49.700000,,0,B,0.11447,0.81757,0.05594,0.00374,frames/frame_001491.jpg
1492,49.733333,,0,B,0.11536,0.81633,0.05803,0.00284,frames/frame_001492.jpg
1493,49.766667,,0,P,0.11957,0.80942,0.06045,0.00876,frames/frame_001493.jpg
1494,49.800000,,0,B,0.11984,0.80850,0.06176,0.00260,frames/frame_001494.jpg
1495,49.833333,,0,B,0.11975,0.80917,0.06252,0.00237,frames/frame_001495.jpg
1496,49.866667,,0,P,0.11899,0.80942,0.06289,0.00450,frames/frame_001496.jpg
1497,49.900000,,0,B,0.11974,0.80687,0.06126,0.00357,frames/frame_001497.jpg
1498,49.933333,,0,P,0.11927,0.81045,0.05952,0.00403,frames/frame_001498.jpg
1499,49.966667,,0,B,0.11911,0.80845,0.05828,0.00278,frames/frame_001499.jpg
1500,50.000000,,0,P,0.12194,0.80392,0.06158,0.00533,frames/frame_001500.jpg
1501,50.033333,,0,B,0.12179,0.80632,0.06125,0.00381,frames/frame_001501.jpg
1502,50.066667,,0,B,0.12174,0.80537,0.06138,0.00201,frames/frame_001502.jpg
1503,50.100000,,0,P,0.12092,0.80935,0.05915,0.00537,frames/frame_001503.jpg
1504,50.133333,,0,B,0.12033,0.80920,0.05748,0.00335,frames/frame_001504.jpg
1505,50.166667,,0,B,0.12001,0.81101,0.05729,0.00227,frames/frame_001505.jpg
1506,50.200000,,0,B,0.11983,0.81104,0.05993,0.00493,frames/frame_001506.jpg
1507,50.233333,,0,P,0.11992,0.81140,0.06116,0.00316,frames/frame_001507.jpg
1508,50.266667,,0,B,0.12010,0.80961,0.06203,0.00416,frames/frame_001508.jpg
1509,50.300000,,0,B,0.11976,0.81050,0.05912,0.00443,frames/frame_001509.jpg
1510,50.333333,,0,B,0.12025,0.80952,0.05781,0.00492,frames/frame_001510.jpg
1511,50.366667,,0,P,0.11978,0.81031,0.05726,0.00753,frames/frame_001511.jpg
1512,50.400000,,0,B,0.11970,0.80858,0.05936,0.00635,frames/frame_001512.jpg
1513,50.433333,,0,B,0.12678,0.79837,0.07178,0.01339,frames/frame_001513.jpg
1514,50.466667,,0,P,0.12716,0.79585,0.07664,0.00924,frames/frame_001514.jpg
1515,50.500000,,0,B,0.12905,0.78198,0.08129,0.01643,frames/frame_001515.jpg
1516,50.533333,,0,B,0.13149,0.76963,0.08181,0.02285,frames/frame_001516.jpg
1517,50.566667,,0,B,0.13425,0.75303,0.08584,0.02934,frames/frame_001517.jpg
1518,50.600000,,0,P,0.13520,0.74109,0.08476,0.03251,frames/frame_001518.jpg
1519,50.633333,,0,B,0.13480,0.73825,0.08353,0.03357,frames/frame_001519.jpg
1520,50.666667,,0,B,0.13499,0.73563,0.08203,0.02962,frames/frame_001520.jpg
1521,50.700000,,0,B,0.12659,0.75570,0.06458,0.02220,frames/frame_001521.jpg
1522,50.733333,,0,P,0.12714,0.75271,0.06264,0.01206,frames/frame_001522.jpg
1523,50.766667,,0,B,0.12752,0.75121,0.06254,0.01223,frames/frame_001523.jpg
1524,50.800000,,0,B,0.12775,0.74725,0.06134,0.01151,frames/frame_001524.jpg
1525,50.833333,,0,B,0.12863,0.74435,0.06147,0.01185,frames/frame_001525.jpg
1526,50.866667,,0,P,0.12888,0.74515,0.06098,0.01023,frames/frame_001526.jpg
1527,50.900000,,0,B,0.12914,0.74717,0.06190,0.01057,frames/frame_001527.jpg
1528,50.933333,,0,P,0.12913,0.74643,0.06003,0.00970,frames/frame_001528.jpg
1529,50.966667,,1,I,0.12857,0.74324,0.05957,0.01197,frames/frame_001529.jpg
1530,51.000000,,0,B,0.12837,0.74746,0.05905,0.00847,frames/frame_001530.jpg
1531,51.033333,,0,B,0.12870,0.74789,0.06177,0.00978,frames/frame_001531.jpg
1532,51.066667,,0,B,0.12893,0.74685,0.06320,0.00833,frames/frame_001532.jpg
1533,51.100000,,0,P,0.12888,0.74501,0.06382,0.00883,frames/frame_001533.jpg
1534,51.133333,,0,B,0.12855,0.74640,0.06047,0.00840,frames/frame_001534.jpg
1535,51.166667,,0,B,0.12890,0.74680,0.05941,0.01030,frames/frame_001535.jpg
1536,51.200000,,0,B,0.12894,0.74583,0.05784,0.00813,frames/frame_001536.jpg
1537,51.233333,,0,P,0.12863,0.74567,0.05933,0.01005,frames/frame_001537.jpg
1538,51.266667,,0,B,0.12870,0.74457,0.06194,0.00869,frames/frame_001538.jpg
1539,51.300000,,0,B,0.12847,0.74662,0.06323,0.00893,frames/frame_001539.jpg
1540,51.333333,,0,B,0.12851,0.74482,0.06364,0.00793,frames/frame_001540.jpg
1541,51.366667,,0,P,0.12874,0.74476,0.06180,0.00914,frames/frame_001541.jpg
1542,51.400000,,0,B,0.18877,0.67631,0.10426,0.06707,frames/frame_001542.jpg
1543,51.433333,,0,B,0.17254,0.68865,0.09450,0.02983,frames/frame_001543.jpg
1544,51.466667,,0,B,0.16152,0.69366,0.08711,0.02031,frames/frame_001544.jpg
1545,51.500000,,0,P,0.15891,0.69260,0.08772,0.01216,frames/frame_001545.jpg
1546,51.533333,,0,B,0.15878,0.68853,0.08966,0.01062,frames/frame_001546.jpg
1547,51.566667,,0,B,0.16032,0.68518,0.09128,0.01306,frames/frame_001547.jpg
1548,51.600000,,0,B,0.16159,0.69157,0.09137,0.01407,frames/frame_001548.jpg
1549,51.633333,,0,P,0.16212,0.70493,0.09154,0.01501,frames/frame_001549.jpg
1550,51.666667,,0,B,0.16194,0.72252,0.09410,0.01274,frames/frame_001550.jpg
1551,51.700000,,0,B,0.15987,0.73461,0.09482,0.00935,frames/frame_001551.jpg
1552,51.733333,,0,B,0.15635,0.74751,0.09735,0.00787,frames/frame_001552.jpg
1553,51.766667,,0,P,0.15268,0.75600,0.09772,0.00664,frames/frame_001553.jpg
1554,51.800000,,0,B,0.15489,0.75086,0.09752,0.00670,frames/frame_001554.jpg
1555,51.833333,,0,B,0.15638,0.73048,0.10967,0.02053,frames/frame_001555.jpg
1556,51.866667,,0,B,0.15366,0.73589,0.10540,0.03708,frames/frame_001556.jpg
1557,51.900000,,0,P,0.15767,0.72715,0.10982,0.03782,frames/frame_001557.jpg
1558,51.933333,,0,B,0.16102,0.72129,0.11223,0.01950,frames/frame_001558.jpg
1559,51.966667,,0,B,0.16114,0.71977,0.11147,0.00552,frames/frame_001559.jpg
1560,52.000000,,0,B,0.16138,0.71808,0.11152,0.00303,frames/frame_001560.jpg
1561,52.033333,,0,P,0.16193,0.71760,0.11182,0.00303,frames/frame_001561.jpg
1562,52.066667,,0,B,0.16176,0.71736,0.11198,0.00318,frames/frame_001562.jpg
1563,52.100000,,0,B,0.16230,0.71741,0.11404,0.00362,frames/frame_001563.jpg
1564,52.133333,,0,P,0.16220,0.71836,0.11596,0.00277,frames/frame_001564.jpg
1565,52.166667,,0,B,0.16210,0.71709,0.11488,0.00307,frames/frame_001565.jpg
1566,52.200000,,0,B,0.16207,0.71755,0.11260,0.00311,frames/frame_001566.jpg
1567,52.233333,,0,B,0.16230,0.71582,0.11671,0.00425,frames/frame_001567.jpg
1568,52.266667,,0,P,0.16201,0.71847,0.11631,0.00454,frames/frame_001568.jpg
1569,52.300000,,0,B,0.15699,0.72550,0.11204,0.02146,frames/frame_001569.jpg
1570,52.333333,,0,B,0.15636,0.72767,0.11285,0.01987,frames/frame_001570.jpg
1571,52.366667,,0,B,0.15902,0.72353,0.11805,0.03209,frames/frame_001571.jpg
1572,52.400000,,0,P,0.15943,0.72203,0.11694,0.00761,frames/frame_001572.jpg
1573,52.433333,,0,B,0.16020,0.72073,0.11525,0.00321,frames/frame_001573.jpg
1574,52.466667,,0,B,0.15718,0.74512,0.09858,0.01437,frames/frame_001574.jpg
1575,52.500000,,0,B,0.16036,0.73607,0.09800,0.00882,frames/frame_001575.jpg
1576,52.533333,,0,P,0.16132,0.72915,0.09082,0.00915,frames/frame_001576.jpg
1577,52.566667,,0,B,0.15933,0.72589,0.08441,0.00980,frames/frame_001577.jpg
1578,52.600000,,0,B,0.15656,0.72730,0.08005,0.01070,frames/frame_001578.jpg
1579,52.633333,,0,B,0.15232,0.73551,0.07961,0.01054,frames/frame_001579.jpg
1580,52.666667,,0,P,0.15017,0.74491,0.07995,0.00787,frames/frame_001580.jpg
1581,52.700000,,0,B,0.15075,0.75045,0.08423,0.00685,frames/frame_001581.jpg
1582,52.733333,,0,B,0.15229,0.75584,0.08578,0.01055,frames/frame_001582.jpg
1583,52.766667,,0,B,0.15006,0.76414,0.08800,0.03870,frames/frame_001583.jpg
1584,52.800000,,0,P,0.14816,0.76741,0.08563,0.02667,frames/frame_001584.jpg
1585,52.833333,,0,B,0.15803,0.75518,0.08690,0.02932,frames/frame_001585.jpg
1586,52.866667,,0,B,0.15729,0.75482,0.08642,0.00384,frames/frame_001586.jpg
1587,52.900000,,0,B,0.15702,0.75396,0.08701,0.00537,frames/frame_001587.jpg
1588,52.933333,,0,P,0.15670,0.75527,0.08966,0.00265,frames/frame_001588.jpg
1589,52.966667,,0,B,0.15652,0.75491,0.09146,0.00204,frames/frame_001589.jpg
1590,53.000000,,0,B,0.15723,0.75368,0.09161,0.00675,frames/frame_001590.jpg
1591,53.033333,,0,B,0.74029,0.18443,0.14640,0.61053,frames/frame_001591.jpg
1592,53.066667,,0,P,0.74023,0.18475,0.13841,0.01436,frames/frame_001592.jpg
1593,53.100000,,0,B,0.59123,0.29969,0.20210,0.15965,frames/frame_001593.jpg
1594,53.133333,,0,B,0.59102,0.29979,0.20126,0.00826,frames/frame_001594.jpg
1595,53.166667,,0,B,0.59107,0.29986,0.20150,0.00141,frames/frame_001595.jpg
1596,53.200000,,0,P,0.59034,0.30086,0.20101,0.01568,frames/frame_001596.jpg
1597,53.233333,,0,B,0.58943,0.30114,0.19927,0.00464,frames/frame_001597.jpg
1598,53.266667,,0,B,0.58871,0.30138,0.20051,0.00734,frames/frame_001598.jpg
1599,53.300000,,0,B,0.58843,0.30159,0.20108,0.00193,frames/frame_001599.jpg
1600,53.333333,,0,P,0.58837,0.30123,0.20267,0.00297,frames/frame_001600.jpg
1601,53.366667,,0,B,0.58853,0.30113,0.20512,0.02087,frames/frame_001601.jpg
1602,53.400000,,0,B,0.59028,0.30162,0.20435,0.01100,frames/frame_001602.jpg
1603,53.433333,,0,B,0.58583,0.30069,0.20722,0.02802,frames/frame_001603.jpg
1604,53.466667,,0,P,0.58592,0.29999,0.20760,0.00220,frames/frame_001604.jpg
1605,53.500000,,0,B,0.58610,0.30037,0.20795,0.00154,frames/frame_001605.jpg
1606,53.533333,,0,B,0.58559,0.29993,0.20857,0.00849,frames/frame_001606.jpg
1607,53.566667,,0,B,0.58549,0.30010,0.20864,0.00120,frames/frame_001607.jpg
1608,53.600000,,0,P,0.58524,0.29783,0.20936,0.02675,frames/frame_001608.jpg
1609,53.633333,,0,B,0.58544,0.29809,0.21036,0.00413,frames/frame_001609.jpg
1610,53.666667,,0,P,0.58304,0.29869,0.20751,0.00471,frames/frame_001610.jpg
1611,53.700000,,0,B,0.58199,0.29849,0.21030,0.02379,frames/frame_001611.jpg
1612,53.733333,,0,B,0.58204,0.29832,0.21132,0.00231,frames/frame_001612.jpg
1613,53.766667,,0,B,0.58159,0.29837,0.21173,0.00847,frames/frame_001613.jpg
1614,53.800000,,0,P,0.58143,0.29801,0.21194,0.00123,frames/frame_001614.jpg
1615,53.833333,,0,B,0.58157,0.29791,0.21278,0.00308,frames/frame_001615.jpg
1616,53.866667,,0,P,0.58315,0.29722,0.21370,0.02388,frames/frame_001616.jpg
1617,53.900000,,0,B,0.58073,0.29762,0.21481,0.00448,frames/frame_001617.jpg
1618,53.933333,,0,P,0.57882,0.29754,0.21612,0.01767,frames/frame_001618.jpg
1619,53.966667,,1,I,0.57917,0.29885,0.21733,0.00491,frames/frame_001619.jpg
1620,54.000000,,0,B,0.57922,0.29897,0.21765,0.00108,frames/frame_001620.jpg
1621,54.033333,,0,B,0.57864,0.29927,0.21940,0.00969,frames/frame_001621.jpg
1622,54.066667,,0,B,0.57891,0.29965,0.22088,0.00806,frames/frame_001622.jpg
1623,54.100000,,0,P,0.57671,0.30047,0.22202,0.01616,frames/frame_001623.jpg
1624,54.133333,,0,B,0.57709,0.30040,0.22206,0.00265,frames/frame_001624.jpg
1625,54.166667,,0,B,0.57717,0.30008,0.22269,0.00135,frames/frame_001625.jpg
1626,54.200000,,0,B,0.57556,0.30108,0.22270,0.01717,frames/frame_001626.jpg
1627,54.233333,,0,P,0.57611,0.30064,0.22411,0.00308,frames/frame_001627.jpg
1628,54.266667,,0,B,0.57602,0.30128,0.22508,0.00855,frames/frame_001628.jpg
1629,54.300000,,0,B,0.57613,0.30109,0.22552,0.00139,frames/frame_001629.jpg
1630,54.333333,,0,B,0.57517,0.30205,0.22599,0.01021,frames/frame_001630.jpg
1631,54.366667,,0,P,0.57311,0.30275,0.22539,0.01758,frames/frame_001631.jpg
1632,54.400000,,0,B,0.57358,0.30254,0.22576,0.00132,frames/frame_001632.jpg
1633,54.433333,,0,B,0.57149,0.30377,0.22684,0.01775,frames/frame_001633.jpg
1634,54.466667,,0,B,0.57188,0.30328,0.22702,0.00100,frames/frame_001634.jpg
1635,54.500000,,0,P,0.57171,0.30321,0.22718,0.00098,frames/frame_001635.jpg
1636,54.533333,,0,B,0.57064,0.30419,0.22672,0.01030,frames/frame_001636.jpg
1637,54.566667,,0,B,0.57036,0.30369,0.22700,0.00893,frames/frame_001637.jpg
1638,54.600000,,0,B,0.56853,0.30468,0.22704,0.01403,frames/frame_001638.jpg
1639,54.633333,,0,P,0.56848,0.30431,0.22759,0.00254,frames/frame_001639.jpg
1640,54.666667,,0,B,0.56865,0.30400,0.22819,0.00078,frames/frame_001640.jpg
1641,54.700000,,0,P,0.56630,0.30501,0.22926,0.01445,frames/frame_001641.jpg
1642,54.733333,,0,B,0.56671,0.30488,0.22919,0.00240,frames/frame_001642.jpg
1643,54.766667,,0,B,0.56728,0.30681,0.22927,0.01012,frames/frame_001643.jpg
1644,54.800000,,0,B,0.56537,0.30657,0.23140,0.00513,frames/frame_001644.jpg
1645,54.833333,,0,P,0.56547,0.30461,0.23221,0.01053,frames/frame_001645.jpg
1646,54.866667,,0,B,0.56470,0.30595,0.23282,0.01004,frames/frame_001646.jpg
1647,54.900000,,0,B,0.56482,0.30564,0.23272,0.00128,frames/frame_001647.jpg
1648,54.933333,,0,B,0.56400,0.30547,0.23317,0.01090,frames/frame_001648.jpg
1649,54.966667,,0,P,0.56421,0.30490,0.23377,0.00146,frames/frame_001649.jpg
1650,55.000000,,0,B,0.56450,0.30478,0.23426,0.00140,frames/frame_001650.jpg
1651,55.033333,,0,P,0.56353,0.30497,0.23472,0.00845,frames/frame_001651.jpg
1652,55.066667,,0,B,0.56371,0.30476,0.23489,0.00105,frames/frame_001652.jpg
1653,55.100000,,0,P,0.56365,0.30430,0.23528,0.00461,frames/frame_001653.jpg
1654,55.133333,,0,P,0.56336,0.30388,0.23586,0.00348,frames/frame_001654.jpg
1655,55.166667,,0,B,0.56376,0.30374,0.23635,0.00123,frames/frame_001655.jpg
1656,55.200000,,0,B,0.56329,0.30392,0.23746,0.01495,frames/frame_001656.jpg
1657,55.233333,,0,B,0.56526,0.30390,0.23752,0.00567,frames/frame_001657.jpg
1658,55.266667,,0,P,0.56265,0.30383,0.23880,0.01938,frames/frame_001658.jpg
1659,55.300000,,0,B,0.56291,0.30352,0.23862,0.00203,frames/frame_001659.jpg
1660,55.333333,,0,P,0.56304,0.30337,0.23935,0.00331,frames/frame_001660.jpg
1661,55.366667,,0,P,0.56276,0.30299,0.23955,0.00364,frames/frame_001661.jpg
1662,55.400000,,0,P,0.56262,0.30238,0.23970,0.00268,frames/frame_001662.jpg
1663,55.433333,,0,B,0.56240,0.30393,0.24082,0.02211,frames/frame_001663.jpg
1664,55.466667,,0,B,0.56265,0.30355,0.24070,0.00184,frames/frame_001664.jpg
1665,55.500000,,0,B,0.56262,0.30319,0.24070,0.00847,frames/frame_001665.jpg
1666,55.533333,,0,P,0.56259,0.30374,0.24094,0.01373,frames/frame_001666.jpg
1667,55.566667,,0,B,0.56229,0.30377,0.24029,0.00141,frames/frame_001667.jpg
1668,55.600000,,0,B,0.56214,0.30370,0.24015,0.00863,frames/frame_001668.jpg
1669,55.633333,,0,P,0.56209,0.30317,0.23987,0.00273,frames/frame_001669.jpg
1670,55.666667,,0,B,0.56210,0.30322,0.23986,0.00045,frames/frame_001670.jpg
1671,55.700000,,0,P,0.70000,0.36353,0.15134,0.28045,frames/frame_001671.jpg
1672,55.733333,,0,B,0.59930,0.41796,0.17282,0.12322,frames/frame_001672.jpg
1673,55.766667,,0,B,0.53962,0.44677,0.18852,0.07817,frames/frame_001673.jpg
1674,55.800000,,0,B,0.50513,0.46504,0.19758,0.04488,frames/frame_001674.jpg
1675,55.833333,,0,P,0.49125,0.47282,0.19961,0.03045,frames/frame_001675.jpg
1676,55.866667,,0,B,0.48968,0.47316,0.19791,0.01601,frames/frame_001676.jpg
1677,55.900000,,0,B,0.48890,0.47375,0.20033,0.01617,frames/frame_001677.jpg
1678,55.933333,,0,B,0.48946,0.47320,0.19779,0.01546,frames/frame_001678.jpg
1679,55.966667,,0,P,0.48915,0.47405,0.20046,0.01342,frames/frame_001679.jpg
1680,56.000000,,0,B,0.51242,0.44101,0.22900,0.05749,frames/frame_001680.jpg
1681,56.033333,,0,B,0.50609,0.44945,0.21443,0.03905,frames/frame_001681.jpg
1682,56.066667,,0,B,0.50284,0.45547,0.21499,0.02930,frames/frame_001682.jpg
1683,56.100000,,0,P,0.50223,0.45576,0.21126,0.02901,frames/frame_001683.jpg
1684,56.133333,,0,B,0.50291,0.45554,0.21117,0.00810,frames/frame_001684.jpg
1685,56.166667,,0,B,0.50268,0.45577,0.21374,0.02268,frames/frame_001685.jpg
1686,56.200000,,0,B,0.50279,0.45586,0.21213,0.02594,frames/frame_001686.jpg
1687,56.233333,,0,P,0.50283,0.45485,0.21246,0.01876,frames/frame_001687.jpg
1688,56.266667,,0,B,0.50312,0.45539,0.21251,0.01341,frames/frame_001688.jpg
1689,56.300000,,0,B,0.50299,0.45562,0.21458,0.02318,frames/frame_001689.jpg
1690,56.333333,,0,B,0.50320,0.45575,0.21233,0.02370,frames/frame_001690.jpg
1691,56.366667,,0,P,0.50293,0.45616,0.21401,0.02161,frames/frame_001691.jpg
1692,56.400000,,0,B,0.50375,0.45522,0.21236,0.01923,frames/frame_001692.jpg
1693,56.433333,,0,B,0.50423,0.45488,0.21226,0.01526,frames/frame_001693.jpg
1694,56.466667,,0,B,0.50444,0.45495,0.21245,0.01176,frames/frame_001694.jpg
1695,56.500000,,0,P,0.50520,0.45367,0.21014,0.01846,frames/frame_001695.jpg
1696,56.533333,,0,B,0.50475,0.45428,0.20997,0.01265,frames/frame_001696.jpg
1697,56.566667,,0,B,0.50508,0.45440,0.21348,0.01650,frames/frame_001697.jpg
1698,56.600000,,0,B,0.71708,0.20522,0.15490,0.23865,frames/frame_001698.jpg
1699,56.633333,,0,P,0.71530,0.20752,0.15173,0.01826,frames/frame_001699.jpg
1700,56.666667,,0,P,0.51451,0.47127,0.20626,0.19429,frames/frame_001700.jpg
1701,56.700000,,0,B,0.51777,0.46401,0.21384,0.01788,frames/frame_001701.jpg
1702,56.733333,,0,B,0.51686,0.46342,0.21200,0.02937,frames/frame_001702.jpg
1703,56.766667,,0,B,0.51656,0.46521,0.21251,0.00723,frames/frame_001703.jpg
1704,56.800000,,0,P,0.51687,0.46534,0.21192,0.00554,frames/frame_001704.jpg
1705,56.833333,,0,B,0.51961,0.46463,0.21339,0.02870,frames/frame_001705.jpg
1706,56.866667,,0,B,0.51854,0.46719,0.21250,0.01383,frames/frame_001706.jpg
1707,56.900000,,0,B,0.51838,0.46613,0.21239,0.01721,frames/frame_001707.jpg
1708,56.933333,,0,P,0.51887,0.46535,0.21146,0.01824,frames/frame_001708.jpg
1709,56.966667,,1,I,0.52080,0.46215,0.21212,0.02557,frames/frame_001709.jpg
1710,57.000000,,0,B,0.51958,0.46307,0.21295,0.03009,frames/frame_001710.jpg
1711,57.033333,,0,B,0.52042,0.46268,0.21030,0.02405,frames/frame_001711.jpg
1712,57.066667,,0,B,0.52158,0.46301,0.21187,0.02470,frames/frame_001712.jpg
1713,57.100000,,0,P,0.52300,0.45997,0.21265,0.02317,frames/frame_001713.jpg
1714,57.133333,,0,B,0.54267,0.43951,0.21364,0.03682,frames/frame_001714.jpg
1715,57.166667,,0,B,0.72100,0.14870,0.22265,0.24637,frames/frame_001715.jpg
1716,57.200000,,0,P,0.52152,0.40894,0.27889,0.24113,frames/frame_001716.jpg
1717,57.233333,,0,B,0.52348,0.41025,0.27335,0.07330,frames/frame_001717.jpg
1718,57.266667,,0,B,0.53330,0.39879,0.27440,0.08211,frames/frame_001718.jpg
1719,57.300000,,0,B,0.53500,0.39944,0.26914,0.03495,frames/frame_001719.jpg
1720,57.333333,,0,P,0.53714,0.39373,0.26805,0.03362,frames/frame_001720.jpg
1721,57.366667,,0,B,0.51489,0.42205,0.26409,0.03904,frames/frame_001721.jpg
1722,57.400000,,0,B,0.51647,0.41986,0.27396,0.03606,frames/frame_001722.jpg
1723,57.433333,,0,B,0.51921,0.41826,0.26932,0.05389,frames/frame_001723.jpg
1724,57.466667,,0,P,0.51965,0.41641,0.27000,0.05401,frames/frame_001724.jpg
1725,57.500000,,0,B,0.52344,0.41292,0.27214,0.02681,frames/frame_001725.jpg
1726,57.533333,,0,B,0.52887,0.40974,0.27101,0.05349,frames/frame_001726.jpg
1727,57.566667,,0,B,0.52915,0.41093,0.27614,0.03418,frames/frame_001727.jpg
1728,57.600000,,0,P,0.55155,0.38617,0.28116,0.04190,frames/frame_001728.jpg
1729,57.633333,,0,B,0.55274,0.38613,0.27828,0.02229,frames/frame_001729.jpg
1730,57.666667,,0,B,0.55524,0.38480,0.28220,0.04047,frames/frame_001730.jpg
1731,57.700000,,0,P,0.53830,0.40315,0.27652,0.04116,frames/frame_001731.jpg
1732,57.733333,,0,B,0.71470,0.16959,0.19865,0.27433,frames/frame_001732.jpg
1733,57.766667,,0,B,0.50763,0.41368,0.25774,0.20051,frames/frame_001733.jpg
1734,57.800000,,0,B,0.50939,0.40899,0.26107,0.04446,frames/frame_001734.jpg
1735,57.833333,,0,P,0.50988,0.40725,0.24755,0.05698,frames/frame_001735.jpg
1736,57.866667,,0,B,0.50807,0.41153,0.25515,0.04616,frames/frame_001736.jpg
1737,57.900000,,0,B,0.50961,0.40919,0.25472,0.04877,frames/frame_001737.jpg
1738,57.933333,,0,P,0.50936,0.40965,0.24514,0.05800,frames/frame_001738.jpg
1739,57.966667,,0,B,0.74091,0.16282,0.20377,0.28123,frames/frame_001739.jpg
1740,58.000000,,0,B,0.56188,0.38971,0.27541,0.17403,frames/frame_001740.jpg
1741,58.033333,,0,B,0.56312,0.38860,0.27962,0.06602,frames/frame_001741.jpg
1742,58.066667,,0,P,0.57829,0.36978,0.28725,0.06006,frames/frame_001742.jpg
1743,58.100000,,0,B,0.57985,0.37243,0.28128,0.04188,frames/frame_001743.jpg
1744,58.133333,,0,B,0.58207,0.37025,0.28084,0.04822,frames/frame_001744.jpg
1745,58.166667,,0,P,0.59130,0.36014,0.28068,0.05453,frames/frame_001745.jpg
1746,58.200000,,0,B,0.72003,0.17111,0.18217,0.25192,frames/frame_001746.jpg
1747,58.233333,,0,B,0.51491,0.38983,0.23046,0.20103,frames/frame_001747.jpg
1748,58.266667,,0,P,0.51565,0.39018,0.22744,0.05563,frames/frame_001748.jpg
1749,58.300000,,0,B,0.76244,0.15845,0.20339,0.28631,frames/frame_001749.jpg
1750,58.333333,,0,P,0.59977,0.35738,0.27915,0.16460,frames/frame_001750.jpg
1751,58.366667,,0,B,0.60198,0.35658,0.27913,0.03060,frames/frame_001751.jpg
1752,58.400000,,0,B,0.72242,0.16789,0.17912,0.24144,frames/frame_001752.jpg
1753,58.433333,,0,B,0.51814,0.37909,0.22565,0.20239,frames/frame_001753.jpg
1754,58.466667,,0,P,0.51665,0.38177,0.22901,0.05600,frames/frame_001754.jpg
1755,58.500000,,0,B,0.51572,0.38246,0.22859,0.02431,frames/frame_001755.jpg
1756,58.533333,,0,B,0.79197,0.14841,0.20619,0.30707,frames/frame_001756.jpg
1757,58.566667,,0,B,0.79657,0.14606,0.20737,0.02594,frames/frame_001757.jpg
1758,58.600000,,0,P,0.83134,0.11881,0.17896,0.03806,frames/frame_001758.jpg
1759,58.633333,,0,B,0.75801,0.18041,0.23112,0.06928,frames/frame_001759.jpg
1760,58.666667,,0,P,0.70387,0.27360,0.25484,0.17086,frames/frame_001760.jpg
1761,58.700000,,0,P,0.71468,0.27938,0.22362,0.12694,frames/frame_001761.jpg
1762,58.733333,,0,P,0.74166,0.27297,0.19420,0.12650,frames/frame_001762.jpg
1763,58.766667,,0,B,0.83917,0.15345,0.14154,0.10540,frames/frame_001763.jpg
1764,58.800000,,0,B,0.96798,0.02131,0.07857,0.12189,frames/frame_001764.jpg
1765,58.833333,,0,P,1.00000,0.00000,0.05710,0.03133,frames/frame_001765.jpg
1766,58.866667,,0,P,0.94646,0.00838,0.06723,0.05366,frames/frame_001766.jpg
1767,58.900000,,0,P,0.79521,0.05055,0.08872,0.14869,frames/frame_001767.jpg
1768,58.933333,,0,P,0.68144,0.08751,0.10527,0.11139,frames/frame_001768.jpg
1769,58.966667,,0,P,0.58936,0.11279,0.11635,0.09312,frames/frame_001769.jpg
1770,59.000000,,0,P,0.48080,0.16678,0.12765,0.10753,frames/frame_001770.jpg
1771,59.033333,,0,P,0.33647,0.30603,0.14391,0.14623,frames/frame_001771.jpg
1772,59.066667,,0,B,0.23430,0.55077,0.15205,0.10527,frames/frame_001772.jpg
1773,59.100000,,0,P,0.23266,0.55154,0.15243,0.01879,frames/frame_001773.jpg
1774,59.133333,,0,B,0.25395,0.53746,0.17209,0.04371,frames/frame_001774.jpg
1775,59.166667,,0,B,0.24456,0.54233,0.16715,0.03555,frames/frame_001775.jpg
1776,59.200000,,0,B,0.24114,0.54359,0.16382,0.02838,frames/frame_001776.jpg
1777,59.233333,,0,P,0.24192,0.54412,0.16250,0.01915,frames/frame_001777.jpg
1778,59.266667,,0,B,0.24198,0.54390,0.16451,0.01978,frames/frame_001778.jpg
1779,59.300000,,0,B,0.24133,0.54626,0.16242,0.02001,frames/frame_001779.jpg
1780,59.333333,,0,B,0.24203,0.57394,0.15969,0.04426,frames/frame_001780.jpg
1781,59.366667,,0,P,0.27212,0.55945,0.19773,0.07211,frames/frame_001781.jpg
1782,59.400000,,0,B,0.25005,0.56735,0.18669,0.05613,frames/frame_001782.jpg
1783,59.433333,,0,B,0.23985,0.57375,0.17896,0.04225,frames/frame_001783.jpg
1784,59.466667,,0,B,0.23907,0.57319,0.17860,0.01619,frames/frame_001784.jpg
1785,59.500000,,0,P,0.23791,0.57727,0.17900,0.01596,frames/frame_001785.jpg
1786,59.533333,,0,B,0.23772,0.57873,0.17990,0.01448,frames/frame_001786.jpg
1787,59.566667,,0,B,0.23706,0.57627,0.17893,0.01182,frames/frame_001787.jpg
1788,59.600000,,0,B,0.23707,0.57432,0.17794,0.01330,frames/frame_001788.jpg
1789,59.633333,,0,P,0.23820,0.57057,0.17706,0.01347,frames/frame_001789.jpg
1790,59.666667,,0,B,0.23798,0.56991,0.17752,0.01336,frames/frame_001790.jpg
1791,59.700000,,0,B,0.23764,0.57358,0.17783,0.01337,frames/frame_001791.jpg
1792,59.733333,,0,B,0.23780,0.57533,0.17799,0.01249,frames/frame_001792.jpg
1793,59.766667,,0,P,0.45060,0.45396,0.19591,0.28578,frames/frame_001793.jpg
1794,59.800000,,0,B,0.44942,0.44662,0.19423,0.04702,frames/frame_001794.jpg
1795,59.833333,,0,B,0.44532,0.44503,0.19176,0.01510,frames/frame_001795.jpg
1796,59.866667,,0,B,0.44623,0.44509,0.19773,0.04006,frames/frame_001796.jpg
1797,59.900000,,0,P,0.44521,0.44812,0.19793,0.00822,frames/frame_001797.jpg
1798,59.933333,,0,P,0.44446,0.45053,0.19723,0.00741,frames/frame_001798.jpg
1799,59.966667,,1,I,0.45236,0.45080,0.20000,0.06199,frames/frame_001799.jpg
1800,60.000000,,0,P,0.98131,0.00867,0.06853,0.52830,frames/frame_001800.jpg
1801,60.033333,,0,B,0.98209,0.00816,0.06709,0.00086,frames/frame_001801.jpg
1802,60.066667,,0,P,0.72277,0.18196,0.16670,0.26498,frames/frame_001802.jpg
1803,60.100000,,0,B,0.42659,0.51333,0.24156,0.30633,frames/frame_001803.jpg
1804,60.133333,,0,B,0.45233,0.49803,0.24690,0.17249,frames/frame_001804.jpg
1805,60.166667,,0,B,0.45082,0.49945,0.24494,0.03333,frames/frame_001805.jpg
1806,60.200000,,0,P,0.45340,0.49951,0.25262,0.05170,frames/frame_001806.jpg
1807,60.233333,,0,B,0.45936,0.49637,0.25228,0.03388,frames/frame_001807.jpg
1808,60.266667,,0,B,0.45584,0.50082,0.24973,0.02021,frames/frame_001808.jpg
1809,60.300000,,0,B,0.45470,0.50325,0.24998,0.03236,frames/frame_001809.jpg
1810,60.333333,,0,P,0.45371,0.50552,0.24907,0.00478,frames/frame_001810.jpg
1811,60.366667,,0,B,0.45586,0.50465,0.24900,0.02091,frames/frame_001811.jpg
1812,60.400000,,0,B,0.45659,0.50356,0.24885,0.00366,frames/frame_001812.jpg
1813,60.433333,,0,B,0.45786,0.50171,0.24930,0.00385,frames/frame_001813.jpg
1814,60.466667,,0,P,0.51062,0.42998,0.28209,0.06915,frames/frame_001814.jpg
1815,60.500000,,0,P,0.65197,0.25670,0.31239,0.14526,frames/frame_001815.jpg
1816,60.533333,,0,B,0.17700,0.49464,0.21629,0.47128,frames/frame_001816.jpg
1817,60.566667,,0,P,0.06218,0.54214,0.10817,0.13338,frames/frame_001817.jpg
1818,60.600000,,0,B,0.06374,0.69836,0.11753,0.06554,frames/frame_001818.jpg
1819,60.633333,,0,B,0.09036,0.73552,0.16474,0.03222,frames/frame_001819.jpg
1820,60.666667,,0,P,0.09623,0.74063,0.17554,0.00728,frames/frame_001820.jpg
1821,60.700000,,0,P,0.13888,0.78026,0.10058,0.10614,frames/frame_001821.jpg
1822,60.733333,,0,P,0.15174,0.74050,0.11991,0.03174,frames/frame_001822.jpg
1823,60.766667,,0,P,0.16391,0.70016,0.13101,0.04312,frames/frame_001823.jpg
1824,60.800000,,0,P,0.17462,0.67897,0.14125,0.04699,frames/frame_001824.jpg
1825,60.833333,,0,B,0.17751,0.66692,0.14252,0.02934,frames/frame_001825.jpg
1826,60.866667,,0,B,0.17771,0.66749,0.14300,0.00526,frames/frame_001826.jpg
1827,60.900000,,0,B,0.17807,0.66633,0.14431,0.02227,frames/frame_001827.jpg
1828,60.933333,,0,P,0.17552,0.67319,0.14551,0.02218,frames/frame_001828.jpg
1829,60.966667,,0,B,0.17547,0.66905,0.14462,0.00638,frames/frame_001829.jpg
1830,61.000000,,0,B,0.17585,0.66821,0.14506,0.00113,frames/frame_001830.jpg
1831,61.033333,,0,B,0.17609,0.66730,0.14559,0.00498,frames/frame_001831.jpg
1832,61.066667,,0,P,0.17597,0.67288,0.14581,0.00239,frames/frame_001832.jpg
1833,61.100000,,0,B,0.17647,0.66683,0.14642,0.00523,frames/frame_001833.jpg
1834,61.133333,,0,B,0.17747,0.66902,0.14986,0.00919,frames/frame_001834.jpg
1835,61.166667,,0,B,0.17719,0.66929,0.14766,0.01051,frames/frame_001835.jpg
1836,61.200000,,0,P,0.17715,0.67110,0.14715,0.00198,frames/frame_001836.jpg
1837,61.233333,,0,B,0.17752,0.66558,0.14736,0.00521,frames/frame_001837.jpg
1838,61.266667,,0,B,0.17778,0.66498,0.14776,0.00119,frames/frame_001838.jpg
1839,61.300000,,0,B,0.17851,0.66206,0.14910,0.00224,frames/frame_001839.jpg
1840,61.333333,,0,P,0.17859,0.66698,0.14829,0.00543,frames/frame_001840.jpg
1841,61.366667,,0,B,0.17968,0.65830,0.14962,0.00309,frames/frame_001841.jpg
1842,61.400000,,0,B,0.17914,0.66301,0.14861,0.00225,frames/frame_001842.jpg
1843,61.433333,,0,B,0.17933,0.66197,0.14852,0.00490,frames/frame_001843.jpg
1844,61.466667,,0,P,0.17897,0.66659,0.14789,0.00218,frames/frame_001844.jpg
1845,61.500000,,0,B,0.17937,0.66301,0.14797,0.00207,frames/frame_001845.jpg
1846,61.533333,,0,B,0.17935,0.66371,0.14820,0.00141,frames/frame_001846.jpg
1847,61.566667,,0,B,0.17955,0.66288,0.14812,0.00156,frames/frame_001847.jpg
1848,61.600000,,0,P,0.17990,0.66391,0.14897,0.00360,frames/frame_001848.jpg
1849,61.633333,,0,B,0.17984,0.66083,0.14852,0.00277,frames/frame_001849.jpg
1850,61.666667,,0,B,0.17976,0.66208,0.14858,0.00136,frames/frame_001850.jpg
1851,61.700000,,0,B,0.17976,0.66121,0.14851,0.00089,frames/frame_001851.jpg
1852,61.733333,,0,P,0.17962,0.66445,0.14861,0.00470,frames/frame_001852.jpg
1853,61.766667,,0,B,0.17973,0.66001,0.14855,0.00180,frames/frame_001853.jpg
1854,61.800000,,0,B,0.17937,0.66206,0.14818,0.00150,frames/frame_001854.jpg
1855,61.833333,,0,B,0.17994,0.65913,0.14923,0.00138,frames/frame_001855.jpg
1856,61.866667,,0,P,0.17931,0.66361,0.14875,0.00509,frames/frame_001856.jpg
1857,61.900000,,0,B,0.17936,0.66008,0.14872,0.00191,frames/frame_001857.jpg
1858,61.933333,,0,B,0.17933,0.66175,0.14879,0.00453,frames/frame_001858.jpg
1859,61.966667,,0,B,0.17965,0.66076,0.14926,0.00113,frames/frame_001859.jpg
1860,62.000000,,0,P,0.17955,0.66326,0.14950,0.00454,frames/frame_001860.jpg
1861,62.033333,,0,B,0.18045,0.65902,0.15264,0.00798,frames/frame_001861.jpg
1862,62.066667,,0,B,0.98146,0.00874,0.06884,0.80185,frames/frame_001862.jpg
1863,62.100000,,0,P,0.98224,0.00821,0.06741,0.00087,frames/frame_001863.jpg
1864,62.133333,,0,P,0.59845,0.14957,0.15822,0.39610,frames/frame_001864.jpg
1865,62.166667,,0,P,0.25370,0.60226,0.20723,0.35545,frames/frame_001865.jpg
1866,62.200000,,0,B,0.25117,0.60180,0.20218,0.06025,frames/frame_001866.jpg
1867,62.233333,,0,B,0.25257,0.60244,0.20930,0.07171,frames/frame_001867.jpg
1868,62.266667,,0,B,0.25876,0.59471,0.21669,0.06577,frames/frame_001868.jpg
1869,62.300000,,0,P,0.25416,0.60004,0.21106,0.07587,frames/frame_001869.jpg
1870,62.333333,,0,P,0.22685,0.62729,0.17096,0.20770,frames/frame_001870.jpg
1871,62.366667,,0,B,0.24404,0.62997,0.17873,0.06233,frames/frame_001871.jpg
1872,62.400000,,0,B,0.24111,0.63459,0.17903,0.04703,frames/frame_001872.jpg
1873,62.433333,,0,B,0.24224,0.63216,0.17799,0.01609,frames/frame_001873.jpg
1874,62.466667,,0,P,0.24151,0.63648,0.17826,0.01246,frames/frame_001874.jpg
1875,62.500000,,0,B,0.24320,0.63071,0.18109,0.00671,frames/frame_001875.jpg
1876,62.533333,,0,B,0.24293,0.62897,0.18080,0.00985,frames/frame_001876.jpg
1877,62.566667,,0,B,0.24374,0.62949,0.18107,0.01314,frames/frame_001877.jpg
1878,62.600000,,0,P,0.24301,0.63101,0.18156,0.00899,frames/frame_001878.jpg
1879,62.633333,,0,B,0.08241,0.71913,0.08516,0.21373,frames/frame_001879.jpg
1880,62.666667,,0,P,0.08226,0.71973,0.08541,0.00414,frames/frame_001880.jpg
1881,62.700000,,0,P,0.08227,0.71952,0.08533,0.00429,frames/frame_001881.jpg
1882,62.733333,,0,P,0.08283,0.72208,0.08616,0.00538,frames/frame_001882.jpg
1883,62.766667,,0,B,0.08334,0.71715,0.08686,0.00577,frames/frame_001883.jpg
1884,62.800000,,0,P,0.08454,0.71062,0.08738,0.00591,frames/frame_001884.jpg
1885,62.833333,,0,B,0.08476,0.71217,0.08808,0.00513,frames/frame_001885.jpg
1886,62.866667,,0,P,0.08556,0.71110,0.08996,0.00525,frames/frame_001886.jpg
1887,62.900000,,0,P,0.08573,0.70978,0.09008,0.00451,frames/frame_001887.jpg
1888,62.933333,,0,P,0.08588,0.70940,0.09013,0.00480,frames/frame_001888.jpg
1889,62.966667,,1,I,0.08550,0.71891,0.09071,0.00736,frames/frame_001889.jpg
1890,63.000000,,0,P,0.08629,0.71608,0.09128,0.00619,frames/frame_001890.jpg
1891,63.033333,,0,P,0.08615,0.71490,0.09137,0.00459,frames/frame_001891.jpg
1892,63.066667,,0,P,0.08608,0.71629,0.09117,0.00380,frames/frame_001892.jpg
1893,63.100000,,0,P,0.08767,0.71277,0.09340,0.00544,frames/frame_001893.jpg
1894,63.133333,,0,P,0.08851,0.70766,0.09362,0.00653,frames/frame_001894.jpg
1895,63.166667,,0,P,0.08843,0.71305,0.08981,0.02259,frames/frame_001895.jpg
1896,63.200000,,0,P,0.11569,0.73126,0.10709,0.06953,frames/frame_001896.jpg
1897,63.233333,,0,P,0.11102,0.70098,0.10293,0.06681,frames/frame_001897.jpg
1898,63.266667,,0,P,0.11402,0.70685,0.10999,0.06847,frames/frame_001898.jpg
1899,63.300000,,0,P,0.10309,0.69204,0.09374,0.06879,frames/frame_001899.jpg
1900,63.333333,,0,P,0.09408,0.67563,0.08777,0.05794,frames/frame_001900.jpg
1901,63.366667,,0,P,0.09010,0.65535,0.08695,0.04517,frames/frame_001901.jpg
1902,63.400000,,0,P,0.09481,0.68419,0.09586,0.03047,frames/frame_001902.jpg
1903,63.433333,,0,P,0.09481,0.68046,0.09863,0.02577,frames/frame_001903.jpg
1904,63.466667,,0,P,0.09078,0.68637,0.09411,0.04455,frames/frame_001904.jpg
1905,63.500000,,0,P,0.08607,0.67451,0.08912,0.05231,frames/frame_001905.jpg
1906,63.533333,,0,P,0.08065,0.67495,0.08780,0.05324,frames/frame_001906.jpg
1907,63.566667,,0,P,0.06922,0.65788,0.07203,0.04690,frames/frame_001907.jpg
1908,63.600000,,0,B,0.06407,0.69632,0.06576,0.03464,frames/frame_001908.jpg
1909,63.633333,,0,B,0.07553,0.86991,0.06422,0.02901,frames/frame_001909.jpg
1910,63.666667,,0,P,0.09572,0.89134,0.06593,0.03391,frames/frame_001910.jpg
1911,63.700000,,0,B,0.17335,0.80210,0.08226,0.09637,frames/frame_001911.jpg
1912,63.733333,,0,B,0.17880,0.80001,0.08090,0.04319,frames/frame_001912.jpg
1913,63.766667,,0,B,0.18044,0.79573,0.08130,0.04314,frames/frame_001913.jpg
1914,63.800000,,0,P,0.18758,0.78914,0.07153,0.04549,frames/frame_001914.jpg
1915,63.833333,,0,P,0.19038,0.78279,0.06786,0.05815,frames/frame_001915.jpg
1916,63.866667,,0,B,0.20064,0.75567,0.07752,0.05708,frames/frame_001916.jpg
1917,63.900000,,0,P,0.19001,0.77483,0.07396,0.03883,frames/frame_001917.jpg
1918,63.933333,,0,P,0.18468,0.78505,0.07319,0.02426,frames/frame_001918.jpg
1919,63.966667,,0,P,0.18687,0.77911,0.07856,0.01780,frames/frame_001919.jpg
1920,64.000000,,0,P,0.19301,0.76157,0.08784,0.02692,frames/frame_001920.jpg
1921,64.033333,,0,P,0.19212,0.76465,0.08724,0.01328,frames/frame_001921.jpg
1922,64.066667,,0,P,0.19195,0.76544,0.08614,0.01165,frames/frame_001922.jpg
1923,64.100000,,0,P,0.19236,0.76455,0.08677,0.01202,frames/frame_001923.jpg
1924,64.133333,,0,P,0.19215,0.76726,0.08611,0.01128,frames/frame_001924.jpg
1925,64.166667,,0,P,0.19227,0.76688,0.08644,0.01089,frames/frame_001925.jpg
1926,64.200000,,0,P,0.19301,0.76704,0.08658,0.01183,frames/frame_001926.jpg
1927,64.233333,,0,B,0.19490,0.76476,0.08581,0.01152,frames/frame_001927.jpg
1928,64.266667,,0,B,0.20076,0.54534,0.09669,0.18967,frames/frame_001928.jpg
1929,64.300000,,0,B,0.19924,0.54892,0.09509,0.01276,frames/frame_001929.jpg
1930,64.333333,,0,P,0.20265,0.54041,0.09977,0.05223,frames/frame_001930.jpg
1931,64.366667,,0,B,0.20111,0.54298,0.09791,0.01391,frames/frame_001931.jpg
1932,64.400000,,0,B,0.20598,0.53417,0.10044,0.05235,frames/frame_001932.jpg
1933,64.433333,,0,B,0.20070,0.54150,0.09945,0.04922,frames/frame_001933.jpg
1934,64.466667,,0,P,0.20048,0.53813,0.09967,0.01219,frames/frame_001934.jpg
1935,64.500000,,0,B,0.20116,0.53608,0.10051,0.05001,frames/frame_001935.jpg
1936,64.533333,,0,B,0.20276,0.53310,0.10186,0.01247,frames/frame_001936.jpg
1937,64.566667,,0,B,0.20906,0.52646,0.09964,0.05320,frames/frame_001937.jpg
1938,64.600000,,0,P,0.20587,0.53284,0.09920,0.05255,frames/frame_001938.jpg
1939,64.633333,,0,B,0.20536,0.53583,0.09883,0.04693,frames/frame_001939.jpg
1940,64.666667,,0,B,0.20541,0.53656,0.10013,0.01687,frames/frame_001940.jpg
1941,64.700000,,0,B,0.20971,0.53443,0.09821,0.05217,frames/frame_001941.jpg
1942,64.733333,,0,P,0.20538,0.53981,0.10074,0.05099,frames/frame_001942.jpg
1943,64.766667,,0,B,0.22390,0.53093,0.10822,0.06276,frames/frame_001943.jpg
1944,64.800000,,0,P,0.21940,0.53335,0.10626,0.05818,frames/frame_001944.jpg
1945,64.833333,,0,B,0.21923,0.53799,0.10427,0.01481,frames/frame_001945.jpg
1946,64.866667,,0,B,0.21560,0.53429,0.10371,0.05613,frames/frame_001946.jpg
1947,64.900000,,0,B,0.21995,0.52789,0.10448,0.05682,frames/frame_001947.jpg
1948,64.933333,,0,P,0.21737,0.53253,0.10537,0.05866,frames/frame_001948.jpg
1949,64.966667,,0,B,0.22273,0.52908,0.10472,0.05908,frames/frame_001949.jpg
1950,65.000000,,0,B,0.23722,0.52956,0.10724,0.06524,frames/frame_001950.jpg
1951,65.033333,,0,B,0.24385,0.51909,0.10649,0.06565,frames/frame_001951.jpg
1952,65.066667,,0,P,0.24022,0.52639,0.10703,0.06583,frames/frame_001952.jpg
1953,65.100000,,0,B,0.24522,0.52302,0.10769,0.06520,frames/frame_001953.jpg
1954,65.133333,,0,B,0.24200,0.52876,0.10783,0.06650,frames/frame_001954.jpg
1955,65.166667,,0,B,0.24260,0.52789,0.10682,0.06632,frames/frame_001955.jpg
1956,65.200000,,0,P,0.23414,0.54027,0.10644,0.06480,frames/frame_001956.jpg
1957,65.233333,,0,B,0.24844,0.53771,0.10811,0.06668,frames/frame_001957.jpg
1958,65.266667,,0,B,0.24527,0.54003,0.10642,0.06930,frames/frame_001958.jpg
1959,65.300000,,0,B,0.24387,0.54372,0.10606,0.12064,frames/frame_001959.jpg
1960,65.333333,,0,P,0.24892,0.53849,0.10617,0.07230,frames/frame_001960.jpg
1961,65.366667,,0,B,0.25567,0.53157,0.10676,0.06798,frames/frame_001961.jpg
1962,65.400000,,0,B,0.25407,0.53184,0.10764,0.06998,frames/frame_001962.jpg
1963,65.433333,,0,B,0.26639,0.53397,0.10769,0.07363,frames/frame_001963.jpg
1964,65.466667,,0,P,0.26591,0.53581,0.10871,0.13316,frames/frame_001964.jpg
1965,65.500000,,0,B,0.26860,0.53870,0.10908,0.07435,frames/frame_001965.jpg
1966,65.533333,,0,B,0.26384,0.54468,0.11100,0.07412,frames/frame_001966.jpg
1967,65.566667,,0,B,0.25653,0.54880,0.10673,0.13234,frames/frame_001967.jpg
1968,65.600000,,0,P,0.25745,0.54287,0.10679,0.07581,frames/frame_001968.jpg
1969,65.633333,,0,B,0.25715,0.54351,0.10663,0.07785,frames/frame_001969.jpg
1970,65.666667,,0,B,0.26450,0.53490,0.10481,0.13380,frames/frame_001970.jpg
1971,65.700000,,0,B,0.26160,0.53415,0.10394,0.07686,frames/frame_001971.jpg
1972,65.733333,,0,P,0.26026,0.53817,0.10297,0.13351,frames/frame_001972.jpg
1973,65.766667,,0,B,0.25809,0.54267,0.10456,0.07680,frames/frame_001973.jpg
1974,65.800000,,0,B,0.26279,0.54557,0.10633,0.13165,frames/frame_001974.jpg
1975,65.833333,,0,B,0.26848,0.55118,0.10809,0.08234,frames/frame_001975.jpg
1976,65.866667,,0,P,0.30875,0.51173,0.11706,0.13077,frames/frame_001976.jpg
1977,65.900000,,0,B,0.45245,0.30645,0.12098,0.14326,frames/frame_001977.jpg
1978,65.933333,,0,P,0.60245,0.21128,0.12896,0.14875,frames/frame_001978.jpg
1979,65.966667,,1,I,0.71767,0.15274,0.12837,0.11393,frames/frame_001979.jpg
1980,66.000000,,0,B,0.77510,0.13182,0.12259,0.05872,frames/frame_001980.jpg
1981,66.033333,,0,B,0.84137,0.08990,0.11523,0.06013,frames/frame_001981.jpg
1982,66.066667,,0,P,0.90609,0.06074,0.10838,0.06312,frames/frame_001982.jpg
1983,66.100000,,0,B,0.95509,0.02527,0.09854,0.04077,frames/frame_001983.jpg
1984,66.133333,,0,P,0.95955,0.02565,0.09447,0.00624,frames/frame_001984.jpg
1985,66.166667,,0,B,0.95952,0.02578,0.09450,0.00011,frames/frame_001985.jpg
1986,66.200000,,0,P,0.91593,0.01613,0.10251,0.05933,frames/frame_001986.jpg
1987,66.233333,,0,P,0.73606,0.08069,0.12890,0.17866,frames/frame_001987.jpg
1988,66.266667,,0,P,0.60905,0.13898,0.15606,0.13454,frames/frame_001988.jpg
1989,66.300000,,0,P,0.46816,0.21092,0.18762,0.14933,frames/frame_001989.jpg
1990,66.333333,,0,B,0.29471,0.48864,0.20258,0.18670,frames/frame_001990.jpg
1991,66.366667,,0,P,0.28908,0.48467,0.20494,0.01809,frames/frame_001991.jpg
1992,66.400000,,0,B,0.29677,0.48390,0.20311,0.01619,frames/frame_001992.jpg
1993,66.433333,,0,B,0.29498,0.48405,0.20412,0.01285,frames/frame_001993.jpg
1994,66.466667,,0,B,0.29409,0.48407,0.20436,0.01090,frames/frame_001994.jpg
1995,66.500000,,0,P,0.29994,0.49226,0.19958,0.01255,frames/frame_001995.jpg
1996,66.533333,,0,B,0.30052,0.49167,0.19971,0.00606,frames/frame_001996.jpg
1997,66.566667,,0,B,0.30027,0.49246,0.19942,0.00338,frames/frame_001997.jpg
1998,66.600000,,0,B,0.30051,0.49294,0.20015,0.00508,frames/frame_001998.jpg
1999,66.633333,,0,P,0.29844,0.49455,0.20018,0.00735,frames/frame_001999.jpg
2000,66.666667,,0,B,0.29632,0.49458,0.20209,0.00881,frames/frame_002000.jpg
2001,66.700000,,0,P,0.29578,0.49488,0.20156,0.00645,frames/frame_002001.jpg
2002,66.733333,,0,B,0.29529,0.49631,0.20211,0.00915,frames/frame_002002.jpg
2003,66.766667,,0,B,0.29610,0.49639,0.20108,0.00850,frames/frame_002003.jpg
2004,66.800000,,0,B,0.29301,0.49816,0.20091,0.00735,frames/frame_002004.jpg
2005,66.833333,,0,P,0.29452,0.49750,0.20134,0.01497,frames/frame_002005.jpg
2006,66.866667,,0,B,0.29396,0.49910,0.20236,0.01803,frames/frame_002006.jpg
2007,66.900000,,0,B,0.29193,0.49884,0.20183,0.02009,frames/frame_002007.jpg
2008,66.933333,,0,P,0.29114,0.50037,0.20181,0.00804,frames/frame_002008.jpg
2009,66.966667,,0,B,0.29119,0.50026,0.20176,0.00081,frames/frame_002009.jpg
2010,67.000000,,0,B,0.29113,0.50057,0.20172,0.00069,frames/frame_002010.jpg
2011,67.033333,,0,B,0.30562,0.53495,0.21399,0.03758,frames/frame_002011.jpg
2012,67.066667,,0,P,0.29911,0.49380,0.20902,0.02866,frames/frame_002012.jpg
2013,67.100000,,0,B,0.29751,0.49530,0.20091,0.03090,frames/frame_002013.jpg
2014,67.133333,,0,B,0.29746,0.49621,0.21231,0.03175,frames/frame_002014.jpg
2015,67.166667,,0,B,0.30549,0.53794,0.20911,0.04380,frames/frame_002015.jpg
2016,67.200000,,0,P,0.30788,0.54161,0.21152,0.01885,frames/frame_002016.jpg
2017,67.233333,,0,B,0.30688,0.54017,0.21451,0.01241,frames/frame_002017.jpg
2018,67.266667,,0,B,0.30084,0.50006,0.19775,0.04364,frames/frame_002018.jpg
2019,67.300000,,0,B,0.30152,0.50037,0.19847,0.00656,frames/frame_002019.jpg
2020,67.333333,,0,P,0.30350,0.49953,0.20358,0.01475,frames/frame_002020.jpg
2021,67.366667,,0,B,0.31042,0.54360,0.21311,0.03766,frames/frame_002021.jpg
2022,67.400000,,0,B,0.31010,0.54484,0.21316,0.00770,frames/frame_002022.jpg
2023,67.433333,,0,B,0.30977,0.54481,0.21336,0.00771,frames/frame_002023.jpg
2024,67.466667,,0,P,0.30260,0.50252,0.20869,0.03120,frames/frame_002024.jpg
2025,67.500000,,0,B,0.30035,0.50536,0.21541,0.02816,frames/frame_002025.jpg
2026,67.533333,,0,B,0.30037,0.50760,0.20502,0.03636,frames/frame_002026.jpg
2027,67.566667,,0,B,0.30589,0.55226,0.20675,0.03866,frames/frame_002027.jpg
2028,67.600000,,0,P,0.31002,0.55097,0.21891,0.03195,frames/frame_002028.jpg
2029,67.633333,,0,B,0.30983,0.55083,0.21856,0.02464,frames/frame_002029.jpg
2030,67.666667,,0,P,0.30340,0.50964,0.20924,0.04017,frames/frame_002030.jpg
2031,67.700000,,0,B,0.30502,0.51106,0.20901,0.02543,frames/frame_002031.jpg
2032,67.733333,,0,P,0.30429,0.51172,0.21612,0.03520,frames/frame_002032.jpg
2033,67.766667,,0,B,0.31034,0.55431,0.22077,0.03775,frames/frame_002033.jpg
2034,67.800000,,0,P,0.31164,0.55619,0.22116,0.01937,frames/frame_002034.jpg
2035,67.833333,,0,B,0.31268,0.55609,0.21808,0.02715,frames/frame_002035.jpg
2036,67.866667,,0,B,0.30547,0.51322,0.21539,0.03992,frames/frame_002036.jpg
2037,67.900000,,0,B,0.30480,0.50991,0.21319,0.02079,frames/frame_002037.jpg
2038,67.933333,,0,P,0.30441,0.50915,0.21283,0.02100,frames/frame_002038.jpg
2039,67.966667,,0,B,0.31125,0.54691,0.21661,0.04115,frames/frame_002039.jpg
2040,68.000000,,0,P,0.31175,0.54519,0.21937,0.02318,frames/frame_002040.jpg
2041,68.033333,,0,B,0.31006,0.54352,0.21882,0.02111,frames/frame_002041.jpg
2042,68.066667,,0,P,0.30485,0.50323,0.21647,0.03982,frames/frame_002042.jpg
2043,68.100000,,0,B,0.30999,0.50284,0.21959,0.02218,frames/frame_002043.jpg
2044,68.133333,,0,B,0.31312,0.50562,0.22142,0.01909,frames/frame_002044.jpg
2045,68.166667,,0,B,0.31937,0.54494,0.22413,0.04044,frames/frame_002045.jpg
2046,68.200000,,0,P,0.31947,0.54292,0.22806,0.01828,frames/frame_002046.jpg
2047,68.233333,,0,B,0.31707,0.54372,0.22695,0.01951,frames/frame_002047.jpg
2048,68.266667,,0,B,0.30848,0.50300,0.22075,0.04003,frames/frame_002048.jpg
2049,68.300000,,0,B,0.31006,0.49973,0.21989,0.01978,frames/frame_002049.jpg
2050,68.333333,,0,P,0.31280,0.49805,0.21878,0.01583,frames/frame_002050.jpg
2051,68.366667,,0,B,0.31957,0.53567,0.22699,0.03471,frames/frame_002051.jpg
2052,68.400000,,0,P,0.32185,0.53649,0.22804,0.01382,frames/frame_002052.jpg
2053,68.433333,,0,B,0.32286,0.53696,0.22997,0.01154,frames/frame_002053.jpg
2054,68.466667,,0,B,0.31753,0.49650,0.22283,0.03635,frames/frame_002054.jpg
2055,68.500000,,0,B,0.31658,0.49783,0.22280,0.01147,frames/frame_002055.jpg
2056,68.533333,,0,P,0.31729,0.49668,0.22271,0.01145,frames/frame_002056.jpg
2057,68.566667,,0,B,0.32509,0.53558,0.22589,0.03520,frames/frame_002057.jpg
2058,68.600000,,0,P,0.32439,0.53478,0.22643,0.01065,frames/frame_002058.jpg
2059,68.633333,,0,B,0.32514,0.53168,0.22535,0.01010,frames/frame_002059.jpg
2060,68.666667,,0,B,0.31949,0.49015,0.22063,0.03106,frames/frame_002060.jpg
2061,68.700000,,0,B,0.31887,0.49069,0.22159,0.00623,frames/frame_002061.jpg
2062,68.733333,,0,P,0.31955,0.48928,0.22155,0.00621,frames/frame_002062.jpg
2063,68.766667,,0,B,0.32579,0.53009,0.22633,0.02892,frames/frame_002063.jpg
2064,68.800000,,0,B,0.32598,0.52944,0.22585,0.00448,frames/frame_002064.jpg
2065,68.833333,,0,P,0.32616,0.52959,0.22589,0.00347,frames/frame_002065.jpg
2066,68.866667,,0,P,0.19166,0.71132,0.12990,0.13354,frames/frame_002066.jpg
2067,68.900000,,0,P,0.17653,0.73985,0.12693,0.01924,frames/frame_002067.jpg
2068,68.933333,,0,P,0.16046,0.77317,0.11523,0.02139,frames/frame_002068.jpg
2069,68.966667,,1,I,0.18341,0.76158,0.13876,0.03780,frames/frame_002069.jpg
2070,69.000000,,0,B,0.18354,0.76183,0.13887,0.00160,frames/frame_002070.jpg
2071,69.033333,,0,B,0.18324,0.76136,0.13838,0.00149,frames/frame_002071.jpg
2072,69.066667,,0,B,0.18233,0.75022,0.13821,0.00666,frames/frame_002072.jpg
2073,69.100000,,0,P,0.26105,0.76683,0.16322,0.07695,frames/frame_002073.jpg
2074,69.133333,,0,B,0.26077,0.76819,0.16334,0.00315,frames/frame_002074.jpg
2075,69.166667,,0,B,0.26273,0.77753,0.16503,0.00746,frames/frame_002075.jpg
2076,69.200000,,0,B,0.26299,0.77720,0.16490,0.00212,frames/frame_002076.jpg
2077,69.233333,,0,P,0.26071,0.78757,0.16082,0.00833,frames/frame_002077.jpg
2078,69.266667,,0,B,0.25883,0.77711,0.15877,0.00779,frames/frame_002078.jpg
2079,69.300000,,0,P,0.25865,0.77639,0.15861,0.00371,frames/frame_002079.jpg
2080,69.333333,,0,B,0.18299,0.75718,0.13804,0.08519,frames/frame_002080.jpg
2081,69.366667,,0,B,0.18708,0.76681,0.14246,0.01079,frames/frame_002081.jpg
2082,69.400000,,0,P,0.19000,0.76617,0.14391,0.00567,frames/frame_002082.jpg
2083,69.433333,,0,B,0.20166,0.73334,0.15472,0.01914,frames/frame_002083.jpg
2084,69.466667,,0,B,0.20384,0.71924,0.15636,0.01302,frames/frame_002084.jpg
2085,69.500000,,0,B,0.20451,0.71947,0.15615,0.00545,frames/frame_002085.jpg
2086,69.533333,,0,P,0.27785,0.73769,0.17864,0.07595,frames/frame_002086.jpg
2087,69.566667,,0,B,0.28194,0.74442,0.18216,0.01171,frames/frame_002087.jpg
2088,69.600000,,0,B,0.28271,0.74462,0.18221,0.00702,frames/frame_002088.jpg
2089,69.633333,,0,B,0.28290,0.74383,0.18280,0.00788,frames/frame_002089.jpg
2090,69.666667,,0,P,0.28076,0.73536,0.17937,0.01300,frames/frame_002090.jpg
2091,69.700000,,0,B,0.28013,0.73618,0.17847,0.00661,frames/frame_002091.jpg
2092,69.733333,,0,P,0.27957,0.73789,0.17749,0.00782,frames/frame_002092.jpg
2093,69.766667,,0,B,0.39705,0.47295,0.19514,0.26222,frames/frame_002093.jpg
2094,69.800000,,0,B,0.39699,0.47283,0.19500,0.00185,frames/frame_002094.jpg
2095,69.833333,,0,P,0.39652,0.47406,0.19459,0.00103,frames/frame_002095.jpg
2096,69.866667,,0,B,0.39497,0.47644,0.19369,0.00376,frames/frame_002096.jpg
2097,69.900000,,0,B,0.39507,0.47670,0.19398,0.00379,frames/frame_002097.jpg
2098,69.933333,,0,B,0.39496,0.47699,0.19418,0.00127,frames/frame_002098.jpg
2099,69.966667,,0,P,0.39470,0.47821,0.19393,0.00142,frames/frame_002099.jpg
2100,70.000000,,0,B,0.39531,0.47614,0.19448,0.00250,frames/frame_002100.jpg
2101,70.033333,,0,B,0.39474,0.47771,0.19402,0.00218,frames/frame_002101.jpg
2102,70.066667,,0,B,0.39478,0.47740,0.19408,0.00170,frames/frame_002102.jpg
2103,70.100000,,0,P,0.39409,0.48013,0.19369,0.00356,frames/frame_002103.jpg
2104,70.133333,,0,B,0.39414,0.47970,0.19371,0.00181,frames/frame_002104.jpg
2105,70.166667,,0,B,0.39401,0.48010,0.19378,0.00254,frames/frame_002105.jpg
2106,70.200000,,0,B,0.39395,0.48008,0.19376,0.00233,frames/frame_002106.jpg
2107,70.233333,,0,P,0.39534,0.47771,0.19499,0.00481,frames/frame_002107.jpg
2108,70.266667,,0,B,0.39525,0.47616,0.19454,0.00381,frames/frame_002108.jpg
2109,70.300000,,0,B,0.39506,0.47745,0.19449,0.00168,frames/frame_002109.jpg
2110,70.333333,,0,B,0.39373,0.47976,0.19364,0.00474,frames/frame_002110.jpg
2111,70.366667,,0,P,0.39327,0.48240,0.19412,0.00349,frames/frame_002111.jpg
2112,70.400000,,0,B,0.39363,0.47948,0.19385,0.00250,frames/frame_002112.jpg
2113,70.433333,,0,B,0.39349,0.48054,0.19388,0.00168,frames/frame_002113.jpg
2114,70.466667,,0,B,0.39387,0.47925,0.19422,0.00185,frames/frame_002114.jpg
2115,70.500000,,0,P,0.39304,0.48329,0.19396,0.00279,frames/frame_002115.jpg
2116,70.533333,,0,B,0.39082,0.49697,0.20833,0.02621,frames/frame_002116.jpg
2117,70.566667,,0,B,0.39074,0.49720,0.20785,0.00182,frames/frame_002117.jpg
2118,70.600000,,0,P,0.38801,0.49449,0.20087,0.01441,frames/frame_002118.jpg
2119,70.633333,,0,B,0.38628,0.49339,0.19799,0.00925,frames/frame_002119.jpg
2120,70.666667,,0,B,0.38619,0.49375,0.19793,0.00029,frames/frame_002120.jpg
2121,70.700000,,0,B,0.38792,0.49052,0.19917,0.00359,frames/frame_002121.jpg
2122,70.733333,,0,P,0.38753,0.49157,0.19867,0.00187,frames/frame_002122.jpg
2123,70.766667,,0,B,0.38571,0.49448,0.19770,0.00248,frames/frame_002123.jpg
2124,70.800000,,0,B,0.38605,0.49405,0.19824,0.00318,frames/frame_002124.jpg
2125,70.833333,,0,B,0.38594,0.49461,0.19812,0.00044,frames/frame_002125.jpg
2126,70.866667,,0,P,0.38586,0.49492,0.19802,0.00054,frames/frame_002126.jpg
2127,70.900000,,0,B,0.38613,0.49401,0.19846,0.00052,frames/frame_002127.jpg
2128,70.933333,,0,B,0.38613,0.49399,0.19845,0.00004,frames/frame_002128.jpg
2129,70.966667,,0,B,0.39916,0.44636,0.20900,0.05835,frames/frame_002129.jpg
2130,71.000000,,0,P,0.38258,0.44731,0.20696,0.12068,frames/frame_002130.jpg
2131,71.033333,,0,P,0.30949,0.53061,0.19015,0.16270,frames/frame_002131.jpg
2132,71.066667,,0,P,0.31805,0.52402,0.19492,0.16163,frames/frame_002132.jpg
2133,71.100000,,0,P,0.35015,0.50479,0.20634,0.15561,frames/frame_002133.jpg
2134,71.133333,,0,B,0.35105,0.50292,0.20541,0.11645,frames/frame_002134.jpg
2135,71.166667,,0,B,0.33420,0.55940,0.18431,0.02882,frames/frame_002135.jpg
2136,71.200000,,0,B,0.33427,0.55969,0.18441,0.01198,frames/frame_002136.jpg
2137,71.233333,,0,P,0.33345,0.56208,0.18352,0.00206,frames/frame_002137.jpg
2138,71.266667,,0,B,0.33450,0.56148,0.18419,0.01319,frames/frame_002138.jpg
2139,71.300000,,0,B,0.33446,0.56170,0.18422,0.00085,frames/frame_002139.jpg
2140,71.333333,,0,B,0.33444,0.56166,0.18422,0.00084,frames/frame_002140.jpg
2141,71.366667,,0,P,0.33459,0.56119,0.18514,0.00885,frames/frame_002141.jpg
2142,71.400000,,0,B,0.33431,0.56176,0.18475,0.00135,frames/frame_002142.jpg
2143,71.433333,,0,B,0.33529,0.56267,0.18409,0.01294,frames/frame_002143.jpg
2144,71.466667,,0,B,0.33525,0.56281,0.18412,0.00078,frames/frame_002144.jpg
2145,71.500000,,0,P,0.33517,0.56329,0.18414,0.00103,frames/frame_002145.jpg
2146,71.533333,,0,B,0.33750,0.56418,0.18560,0.02322,frames/frame_002146.jpg
2147,71.566667,,0,B,0.33748,0.56457,0.18561,0.00060,frames/frame_002147.jpg
2148,71.600000,,0,B,0.33866,0.56156,0.18632,0.00495,frames/frame_002148.jpg
2149,71.633333,,0,P,0.33824,0.56283,0.18619,0.00134,frames/frame_002149.jpg
2150,71.666667,,0,B,0.33828,0.56242,0.18608,0.00075,frames/frame_002150.jpg
2151,71.700000,,0,B,0.33945,0.56372,0.18635,0.01408,frames/frame_002151.jpg
2152,71.733333,,0,B,0.33942,0.56365,0.18627,0.00068,frames/frame_002152.jpg
2153,71.766667,,0,P,0.34009,0.56413,0.18669,0.00678,frames/frame_002153.jpg
2154,71.800000,,0,B,0.34008,0.56362,0.18641,0.00091,frames/frame_002154.jpg
2155,71.833333,,0,B,0.34043,0.56281,0.18675,0.00114,frames/frame_002155.jpg
2156,71.866667,,0,B,0.34044,0.56394,0.18767,0.00732,frames/frame_002156.jpg
2157,71.900000,,0,P,0.34036,0.56439,0.18746,0.00091,frames/frame_002157.jpg
2158,71.933333,,0,P,0.34027,0.56435,0.18754,0.00263,frames/frame_002158.jpg
2159,71.966667,,1,I,0.34023,0.56562,0.18745,0.00479,frames/frame_002159.jpg
2160,72.000000,,0,B,0.34024,0.56572,0.18739,0.00075,frames/frame_002160.jpg
2161,72.033333,,0,B,0.34130,0.56274,0.18864,0.00337,frames/frame_002161.jpg
2162,72.066667,,0,B,0.34129,0.56261,0.18868,0.00068,frames/frame_002162.jpg
2163,72.100000,,0,P,0.34095,0.56386,0.18814,0.00207,frames/frame_002163.jpg
2164,72.133333,,0,B,0.34020,0.56591,0.18731,0.00203,frames/frame_002164.jpg
2165,72.166667,,0,B,0.34044,0.56526,0.18705,0.00193,frames/frame_002165.jpg
2166,72.200000,,0,B,0.34044,0.56540,0.18755,0.00253,frames/frame_002166.jpg
2167,72.233333,,0,P,0.34041,0.56539,0.18756,0.00042,frames/frame_002167.jpg
2168,72.266667,,0,B,0.34037,0.56541,0.18752,0.00194,frames/frame_002168.jpg
2169,72.300000,,0,B,0.34035,0.56550,0.18749,0.00056,frames/frame_002169.jpg
2170,72.333333,,0,B,0.34034,0.56573,0.18743,0.00046,frames/frame_002170.jpg
2171,72.366667,,0,P,0.33866,0.56974,0.18523,0.00574,frames/frame_002171.jpg
2172,72.400000,,0,B,0.33873,0.56972,0.18520,0.00053,frames/frame_002172.jpg
2173,72.433333,,0,B,0.33825,0.57064,0.18560,0.00321,frames/frame_002173.jpg
2174,72.466667,,0,B,0.33819,0.57066,0.18527,0.00055,frames/frame_002174.jpg
2175,72.500000,,0,P,0.34463,0.55828,0.17502,0.01220,frames/frame_002175.jpg
2176,72.533333,,0,B,0.34588,0.53548,0.18192,0.01533,frames/frame_002176.jpg
2177,72.566667,,0,B,0.33137,0.51658,0.19132,0.03893,frames/frame_002177.jpg
2178,72.600000,,0,B,0.27324,0.55419,0.17093,0.08899,frames/frame_002178.jpg
2179,72.633333,,0,P,0.19651,0.63738,0.13660,0.11341,frames/frame_002179.jpg
2180,72.666667,,0,B,0.13950,0.70505,0.09952,0.07547,frames/frame_002180.jpg
2181,72.700000,,0,B,0.11477,0.76421,0.08122,0.03530,frames/frame_002181.jpg
2182,72.733333,,0,B,0.10845,0.77280,0.07778,0.02141,frames/frame_002182.jpg
2183,72.766667,,0,P,0.10843,0.77784,0.07754,0.00843,frames/frame_002183.jpg
2184,72.800000,,0,P,0.10798,0.77869,0.07736,0.00557,frames/frame_002184.jpg
2185,72.833333,,0,P,0.10745,0.78029,0.07574,0.01231,frames/frame_002185.jpg
2186,72.866667,,0,P,0.10752,0.77875,0.07582,0.00492,frames/frame_002186.jpg
2187,72.900000,,0,P,0.10658,0.77976,0.07515,0.01068,frames/frame_002187.jpg
2188,72.933333,,0,P,0.10596,0.78349,0.07445,0.00616,frames/frame_002188.jpg
2189,72.966667,,0,B,0.11098,0.77100,0.08511,0.01584,frames/frame_002189.jpg
2190,73.000000,,0,B,0.10962,0.77335,0.07911,0.01255,frames/frame_002190.jpg
2191,73.033333,,0,P,0.11036,0.77004,0.08045,0.00861,frames/frame_002191.jpg
2192,73.066667,,0,P,0.10968,0.77003,0.07995,0.00959,frames/frame_002192.jpg
2193,73.100000,,0,P,0.10999,0.77239,0.07891,0.00750,frames/frame_002193.jpg
2194,73.133333,,0,P,0.10968,0.77449,0.07980,0.00545,frames/frame_002194.jpg
2195,73.166667,,0,P,0.10938,0.77543,0.07816,0.00635,frames/frame_002195.jpg
2196,73.200000,,0,P,0.11165,0.77408,0.08162,0.00695,frames/frame_002196.jpg
2197,73.233333,,0,P,0.11230,0.77181,0.08125,0.00798,frames/frame_002197.jpg
2198,73.266667,,0,P,0.11219,0.77257,0.08121,0.00461,frames/frame_002198.jpg
2199,73.300000,,0,P,0.11296,0.77152,0.08254,0.00956,frames/frame_002199.jpg
2200,73.333333,,0,P,0.11300,0.77026,0.08332,0.00406,frames/frame_002200.jpg
2201,73.366667,,0,P,0.11269,0.77021,0.08322,0.00902,frames/frame_002201.jpg
2202,73.400000,,0,B,0.11729,0.76292,0.09248,0.01874,frames/frame_002202.jpg
2203,73.433333,,0,B,0.11917,0.76572,0.09035,0.02238,frames/frame_002203.jpg
2204,73.466667,,0,B,0.11923,0.76764,0.08994,0.00541,frames/frame_002204.jpg
2205,73.500000,,0,P,0.11850,0.76801,0.08918,0.00969,frames/frame_002205.jpg
2206,73.533333,,0,P,0.11890,0.76683,0.08773,0.00622,frames/frame_002206.jpg
2207,73.566667,,0,P,0.11928,0.76680,0.08854,0.00688,frames/frame_002207.jpg
2208,73.600000,,0,P,0.11928,0.76632,0.08810,0.00595,frames/frame_002208.jpg
2209,73.633333,,0,P,0.12136,0.76676,0.09150,0.00990,frames/frame_002209.jpg
2210,73.666667,,0,P,0.12134,0.76616,0.09108,0.00648,frames/frame_002210.jpg
2211,73.700000,,0,P,0.12142,0.76525,0.09064,0.00733,frames/frame_002211.jpg
2212,73.733333,,0,P,0.12157,0.76530,0.09176,0.00838,frames/frame_002212.jpg
2213,73.766667,,0,P,0.12154,0.76339,0.09249,0.01614,frames/frame_002213.jpg
2214,73.800000,,0,P,0.12140,0.76379,0.09239,0.00393,frames/frame_002214.jpg
2215,73.833333,,0,P,0.12086,0.76872,0.09146,0.01039,frames/frame_002215.jpg
2216,73.866667,,0,B,0.12523,0.75828,0.09945,0.01508,frames/frame_002216.jpg
2217,73.900000,,0,P,0.12480,0.76188,0.09552,0.01759,frames/frame_002217.jpg
2218,73.933333,,0,P,0.12486,0.76060,0.09616,0.00485,frames/frame_002218.jpg
2219,73.966667,,0,P,0.12539,0.75909,0.09698,0.01117,frames/frame_002219.jpg
2220,74.000000,,0,P,0.12587,0.75778,0.09731,0.00752,frames/frame_002220.jpg
2221,74.033333,,0,P,0.12618,0.75993,0.09732,0.00793,frames/frame_002221.jpg
2222,74.066667,,0,B,0.12641,0.75979,0.09756,0.00714,frames/frame_002222.jpg
2223,74.100000,,0,P,0.14429,0.75928,0.11546,0.05393,frames/frame_002223.jpg
2224,74.133333,,0,B,0.14311,0.75821,0.11368,0.01916,frames/frame_002224.jpg
2225,74.166667,,0,B,0.14823,0.75807,0.11603,0.03706,frames/frame_002225.jpg
2226,74.200000,,0,B,0.14170,0.75749,0.10965,0.02100,frames/frame_002226.jpg
2227,74.233333,,0,P,0.13810,0.76150,0.10970,0.01695,frames/frame_002227.jpg
2228,74.266667,,0,P,0.13329,0.76200,0.10331,0.01962,frames/frame_002228.jpg
2229,74.300000,,0,P,0.12999,0.76624,0.10322,0.01141,frames/frame_002229.jpg
2230,74.333333,,0,B,0.14294,0.75313,0.11145,0.04861,frames/frame_002230.jpg
2231,74.366667,,0,B,0.14355,0.75322,0.11281,0.01605,frames/frame_002231.jpg
2232,74.400000,,0,P,0.18762,0.73480,0.15548,0.08326,frames/frame_002232.jpg
2233,74.433333,,0,P,0.16827,0.74322,0.14148,0.04603,frames/frame_002233.jpg
2234,74.466667,,0,B,0.16820,0.74296,0.13279,0.06125,frames/frame_002234.jpg
2235,74.500000,,0,P,0.16675,0.74663,0.13015,0.01925,frames/frame_002235.jpg
2236,74.533333,,0,B,0.16600,0.74398,0.12952,0.03005,frames/frame_002236.jpg
2237,74.566667,,0,B,0.17772,0.73712,0.14010,0.03467,frames/frame_002237.jpg
2238,74.600000,,0,P,0.17662,0.73989,0.14146,0.01163,frames/frame_002238.jpg
2239,74.633333,,0,B,0.23516,0.63636,0.13298,0.19175,frames/frame_002239.jpg
2240,74.666667,,0,B,0.21884,0.68421,0.14081,0.04568,frames/frame_002240.jpg
2241,74.700000,,0,P,0.21726,0.68468,0.14191,0.05635,frames/frame_002241.jpg
2242,74.733333,,0,B,0.24661,0.67372,0.14647,0.10384,frames/frame_002242.jpg
2243,74.766667,,0,B,0.24568,0.67862,0.14589,0.00314,frames/frame_002243.jpg
2244,74.800000,,0,B,0.25778,0.66974,0.14978,0.04248,frames/frame_002244.jpg
2245,74.833333,,0,P,0.25799,0.66619,0.15037,0.00250,frames/frame_002245.jpg
2246,74.866667,,0,B,0.25628,0.67407,0.15117,0.01457,frames/frame_002246.jpg
2247,74.900000,,0,B,0.25922,0.67484,0.15322,0.06265,frames/frame_002247.jpg
2248,74.933333,,0,P,0.25991,0.67426,0.15362,0.00388,frames/frame_002248.jpg
2249,74.966667,,1,I,0.24519,0.67399,0.15269,0.06417,frames/frame_002249.jpg
2250,75.000000,,0,B,0.25969,0.66921,0.15914,0.04238,frames/frame_002250.jpg
2251,75.033333,,0,B,0.25909,0.66861,0.15993,0.00642,frames/frame_002251.jpg
2252,75.066667,,0,B,0.24683,0.67814,0.15521,0.04244,frames/frame_002252.jpg
2253,75.100000,,0,P,0.24183,0.68977,0.15431,0.00698,frames/frame_002253.jpg
2254,75.133333,,0,B,0.23382,0.69099,0.13933,0.02096,frames/frame_002254.jpg
2255,75.166667,,0,B,0.23344,0.69048,0.13984,0.00232,frames/frame_002255.jpg
2256,75.200000,,0,B,0.23359,0.68788,0.13990,0.00256,frames/frame_002256.jpg
2257,75.233333,,0,P,0.26382,0.62556,0.14234,0.09882,frames/frame_002257.jpg
2258,75.266667,,0,B,0.25561,0.67476,0.15741,0.05152,frames/frame_002258.jpg
2259,75.300000,,0,B,0.24199,0.67437,0.15196,0.06879,frames/frame_002259.jpg
2260,75.333333,,0,B,0.25512,0.67269,0.15041,0.05907,frames/frame_002260.jpg
2261,75.366667,,0,P,0.24448,0.68147,0.14620,0.03857,frames/frame_002261.jpg
2262,75.400000,,0,B,0.24387,0.68251,0.14622,0.00299,frames/frame_002262.jpg
2263,75.433333,,0,B,0.24633,0.69171,0.15420,0.01938,frames/frame_002263.jpg
2264,75.466667,,0,B,0.24578,0.69147,0.15418,0.01260,frames/frame_002264.jpg
2265,75.500000,,0,P,0.23823,0.68313,0.15404,0.01517,frames/frame_002265.jpg
2266,75.533333,,0,B,0.24984,0.68095,0.15792,0.05157,frames/frame_002266.jpg
2267,75.566667,,0,B,0.25009,0.67806,0.15735,0.00617,frames/frame_002267.jpg
2268,75.600000,,0,B,0.24737,0.68130,0.15775,0.00503,frames/frame_002268.jpg
2269,75.633333,,0,P,0.23640,0.68896,0.14373,0.01949,frames/frame_002269.jpg
2270,75.666667,,0,B,0.27157,0.63490,0.15444,0.09788,frames/frame_002270.jpg
2271,75.700000,,0,B,0.23250,0.69225,0.15091,0.09323,frames/frame_002271.jpg
2272,75.733333,,0,B,0.23300,0.68878,0.15247,0.04069,frames/frame_002272.jpg
2273,75.766667,,0,P,0.24461,0.68043,0.15082,0.06093,frames/frame_002273.jpg
2274,75.800000,,0,B,0.24343,0.68268,0.14886,0.00900,frames/frame_002274.jpg
2275,75.833333,,0,B,0.24288,0.67955,0.15141,0.00726,frames/frame_002275.jpg
2276,75.866667,,0,B,0.23880,0.68943,0.14916,0.01333,frames/frame_002276.jpg
2277,75.900000,,0,P,0.24413,0.68934,0.15807,0.01715,frames/frame_002277.jpg
2278,75.933333,,0,B,0.24653,0.68505,0.16048,0.00597,frames/frame_002278.jpg
2279,75.966667,,0,P,0.23447,0.68337,0.15935,0.02928,frames/frame_002279.jpg
2280,76.000000,,0,B,0.24963,0.67507,0.16565,0.04222,frames/frame_002280.jpg
2281,76.033333,,0,B,0.24828,0.67507,0.16520,0.02240,frames/frame_002281.jpg
2282,76.066667,,0,B,0.24592,0.67726,0.16513,0.00435,frames/frame_002282.jpg
2283,76.100000,,0,P,0.23577,0.68394,0.15082,0.01473,frames/frame_002283.jpg
2284,76.133333,,0,B,0.16036,0.75934,0.12315,0.19668,frames/frame_002284.jpg
2285,76.166667,,0,P,0.15943,0.75634,0.12069,0.03854,frames/frame_002285.jpg
2286,76.200000,,0,P,0.15972,0.75589,0.12007,0.03368,frames/frame_002286.jpg
2287,76.233333,,0,P,0.15619,0.75841,0.11882,0.02618,frames/frame_002287.jpg
2288,76.266667,,0,P,0.14907,0.76240,0.11061,0.02048,frames/frame_002288.jpg
2289,76.300000,,0,P,0.14502,0.76374,0.10845,0.01965,frames/frame_002289.jpg
2290,76.333333,,0,P,0.15218,0.75979,0.11329,0.02257,frames/frame_002290.jpg
2291,76.366667,,0,P,0.14443,0.76855,0.10876,0.02406,frames/frame_002291.jpg
2292,76.400000,,0,B,0.16444,0.75264,0.13557,0.05512,frames/frame_002292.jpg
2293,76.433333,,0,B,0.15247,0.75707,0.12538,0.04345,frames/frame_002293.jpg
2294,76.466667,,0,P,0.14617,0.76397,0.12496,0.03418,frames/frame_002294.jpg
2295,76.500000,,0,P,0.15067,0.76350,0.12775,0.02940,frames/frame_002295.jpg
2296,76.533333,,0,P,0.14742,0.76400,0.12637,0.01600,frames/frame_002296.jpg
2297,76.566667,,0,B,0.14510,0.76602,0.12318,0.01347,frames/frame_002297.jpg
2298,76.600000,,0,B,0.13985,0.77025,0.12202,0.02098,frames/frame_002298.jpg
2299,76.633333,,0,P,0.13986,0.76840,0.11911,0.01637,frames/frame_002299.jpg
2300,76.666667,,0,P,0.13975,0.76565,0.11693,0.01729,frames/frame_002300.jpg
2301,76.700000,,0,P,0.14974,0.75884,0.12644,0.03484,frames/frame_002301.jpg
2302,76.733333,,0,P,0.14923,0.75866,0.12535,0.00579,frames/frame_002302.jpg
2303,76.766667,,0,P,0.14960,0.75925,0.12479,0.01462,frames/frame_002303.jpg
2304,76.800000,,0,P,0.15065,0.75670,0.12504,0.02425,frames/frame_002304.jpg
2305,76.833333,,0,P,0.19984,0.68669,0.16364,0.10802,frames/frame_002305.jpg
2306,76.866667,,0,P,0.17369,0.71258,0.13894,0.06389,frames/frame_002306.jpg
2307,76.900000,,0,P,0.15617,0.73063,0.12607,0.04313,frames/frame_002307.jpg
2308,76.933333,,0,P,0.16581,0.72723,0.13635,0.03523,frames/frame_002308.jpg
2309,76.966667,,0,P,0.15938,0.72815,0.13093,0.01255,frames/frame_002309.jpg
2310,77.000000,,0,B,0.15863,0.73079,0.13111,0.01003,frames/frame_002310.jpg
2311,77.033333,,0,B,0.16230,0.71643,0.13470,0.03986,frames/frame_002311.jpg
2312,77.066667,,0,B,0.15659,0.73001,0.12592,0.02794,frames/frame_002312.jpg
2313,77.100000,,0,P,0.15726,0.73003,0.12616,0.01397,frames/frame_002313.jpg
2314,77.133333,,0,B,0.16035,0.73084,0.12390,0.02330,frames/frame_002314.jpg
2315,77.166667,,0,B,0.17684,0.71910,0.13713,0.04040,frames/frame_002315.jpg
2316,77.200000,,0,P,0.17842,0.71780,0.13732,0.01522,frames/frame_002316.jpg
2317,77.233333,,0,B,0.17725,0.71959,0.13629,0.00921,frames/frame_002317.jpg
2318,77.266667,,0,B,0.15766,0.73654,0.12659,0.07531,frames/frame_002318.jpg
2319,77.300000,,0,B,0.15424,0.74004,0.12493,0.02017,frames/frame_002319.jpg
2320,77.333333,,0,P,0.15703,0.73896,0.12908,0.03374,frames/frame_002320.jpg
2321,77.366667,,0,P,0.15331,0.74448,0.12451,0.02427,frames/frame_002321.jpg
2322,77.400000,,0,P,0.14863,0.74423,0.12068,0.01560,frames/frame_002322.jpg
2323,77.433333,,0,B,0.15427,0.74008,0.12519,0.02340,frames/frame_002323.jpg
2324,77.466667,,0,B,0.15674,0.74131,0.12716,0.02577,frames/frame_002324.jpg
2325,77.500000,,0,P,0.10577,0.64898,0.04587,0.15019,frames/frame_002325.jpg
2326,77.533333,,0,B,0.10576,0.64875,0.04585,0.00021,frames/frame_002326.jpg
2327,77.566667,,0,B,0.18870,0.61014,0.08225,0.07864,frames/frame_002327.jpg
2328,77.600000,,0,P,0.18866,0.61054,0.08221,0.00039,frames/frame_002328.jpg
2329,77.633333,,0,B,0.10574,0.64849,0.04589,0.07927,frames/frame_002329.jpg
2330,77.666667,,0,P,0.18840,0.61148,0.08214,0.07929,frames/frame_002330.jpg
2331,77.700000,,0,B,0.18839,0.61182,0.08212,0.00019,frames/frame_002331.jpg
2332,77.733333,,0,B,0.32658,0.56552,0.11440,0.13093,frames/frame_002332.jpg
2333,77.766667,,0,B,0.32660,0.56547,0.11441,0.00038,frames/frame_002333.jpg
2334,77.800000,,0,P,0.32664,0.56509,0.11455,0.00051,frames/frame_002334.jpg
2335,77.833333,,0,B,0.32699,0.56361,0.11482,0.00162,frames/frame_002335.jpg
2336,77.866667,,0,B,0.32690,0.56446,0.11494,0.00119,frames/frame_002336.jpg
2337,77.900000,,0,B,0.32697,0.56417,0.11491,0.00091,frames/frame_002337.jpg
2338,77.933333,,0,P,0.32662,0.56583,0.11471,0.00178,frames/frame_002338.jpg
2339,77.966667,,1,I,0.32673,0.56614,0.11506,0.00334,frames/frame_002339.jpg
2340,78.000000,,0,B,0.32673,0.56622,0.11508,0.00011,frames/frame_002340.jpg
2341,78.033333,,0,B,0.32672,0.56620,0.11510,0.00007,frames/frame_002341.jpg
2342,78.066667,,0,B,0.32672,0.56620,0.11512,0.00006,frames/frame_002342.jpg
2343,78.100000,,0,P,0.32671,0.56623,0.11507,0.00012,frames/frame_002343.jpg
2344,78.133333,,0,B,0.32671,0.56623,0.11507,0.00004,frames/frame_002344.jpg
2345,78.166667,,0,B,0.32671,0.56626,0.11507,0.00004,frames/frame_002345.jpg
2346,78.200000,,0,B,0.42394,0.53866,0.14869,0.09477,frames/frame_002346.jpg
2347,78.233333,,0,P,0.42395,0.53851,0.14851,0.00037,frames/frame_002347.jpg
2348,78.266667,,0,B,0.42409,0.53751,0.14844,0.00155,frames/frame_002348.jpg
2349,78.300000,,0,B,0.42402,0.53786,0.14855,0.00110,frames/frame_002349.jpg
2350,78.333333,,0,B,0.42406,0.53781,0.14852,0.00103,frames/frame_002350.jpg
2351,78.366667,,0,P,0.42378,0.53921,0.14844,0.00146,frames/frame_002351.jpg
2352,78.400000,,0,B,0.42426,0.53826,0.14858,0.00174,frames/frame_002352.jpg
2353,78.433333,,0,B,0.42414,0.53889,0.14846,0.00131,frames/frame_002353.jpg
2354,78.466667,,0,B,0.42431,0.53862,0.14842,0.00127,frames/frame_002354.jpg
2355,78.500000,,0,P,0.42384,0.54058,0.14847,0.00193,frames/frame_002355.jpg
2356,78.533333,,0,B,0.42386,0.54059,0.14840,0.00142,frames/frame_002356.jpg
2357,78.566667,,0,B,0.42390,0.54051,0.14846,0.00058,frames/frame_002357.jpg
2358,78.600000,,0,P,0.42585,0.53886,0.15239,0.02582,frames/frame_002358.jpg
2359,78.633333,,0,B,0.43305,0.53370,0.15331,0.06981,frames/frame_002359.jpg
2360,78.666667,,0,B,0.43004,0.52801,0.16222,0.10814,frames/frame_002360.jpg
2361,78.700000,,0,P,0.42193,0.52719,0.16807,0.12523,frames/frame_002361.jpg
2362,78.733333,,0,P,0.41681,0.52846,0.16780,0.13281,frames/frame_002362.jpg
2363,78.766667,,0,P,0.46604,0.50187,0.18034,0.14093,frames/frame_002363.jpg
2364,78.800000,,0,P,0.50814,0.48145,0.23088,0.15861,frames/frame_002364.jpg
2365,78.833333,,0,P,0.45765,0.50030,0.19769,0.18727,frames/frame_002365.jpg
2366,78.866667,,0,B,0.25559,0.54113,0.08552,0.25802,frames/frame_002366.jpg
2367,78.900000,,0,B,0.25559,0.54113,0.08551,0.00000,frames/frame_002367.jpg
2368,78.933333,,0,B,0.25581,0.54059,0.08583,0.00029,frames/frame_002368.jpg
2369,78.966667,,0,P,0.25598,0.54004,0.08613,0.00025,frames/frame_002369.jpg
2370,79.000000,,0,B,0.25711,0.53676,0.08644,0.00181,frames/frame_002370.jpg
2371,79.033333,,0,B,0.25724,0.53605,0.08678,0.00137,frames/frame_002371.jpg
2372,79.066667,,0,B,0.25769,0.53486,0.08719,0.00074,frames/frame_002372.jpg
2373,79.100000,,0,P,0.25830,0.53331,0.08521,0.01246,frames/frame_002373.jpg
2374,79.133333,,0,B,0.25790,0.53419,0.08719,0.01219,frames/frame_002374.jpg
2375,79.166667,,0,B,0.25784,0.53510,0.08732,0.00090,frames/frame_002375.jpg
2376,79.200000,,0,B,0.25878,0.53352,0.08903,0.00121,frames/frame_002376.jpg
2377,79.233333,,0,P,0.25800,0.53650,0.08907,0.00136,frames/frame_002377.jpg
2378,79.266667,,0,B,0.25880,0.53258,0.08904,0.00154,frames/frame_002378.jpg
2379,79.300000,,0,B,0.25861,0.53313,0.08901,0.00068,frames/frame_002379.jpg
2380,79.333333,,0,B,0.25936,0.52998,0.08865,0.00657,frames/frame_002380.jpg
2381,79.366667,,0,P,0.25641,0.53147,0.08719,0.02042,frames/frame_002381.jpg
2382,79.400000,,0,B,0.25878,0.53308,0.08938,0.01541,frames/frame_002382.jpg
2383,79.433333,,0,B,0.25929,0.53278,0.09145,0.00137,frames/frame_002383.jpg
2384,79.466667,,0,B,0.25942,0.53203,0.09144,0.00049,frames/frame_002384.jpg
2385,79.500000,,0,P,0.25878,0.53484,0.09121,0.00110,frames/frame_002385.jpg
2386,79.533333,,0,P,0.26080,0.53238,0.09317,0.00396,frames/frame_002386.jpg
2387,79.566667,,0,B,0.26313,0.52673,0.09711,0.01356,frames/frame_002387.jpg
2388,79.600000,,0,P,0.26290,0.52896,0.09826,0.01365,frames/frame_002388.jpg
2389,79.633333,,0,P,0.25411,0.55322,0.11223,0.03158,frames/frame_002389.jpg
2390,79.666667,,0,P,0.24530,0.57247,0.11617,0.02315,frames/frame_002390.jpg
2391,79.700000,,0,B,0.24883,0.57184,0.12446,0.01514,frames/frame_002391.jpg
2392,79.733333,,0,B,0.25087,0.56796,0.12748,0.00292,frames/frame_002392.jpg
2393,79.766667,,0,P,0.25315,0.56283,0.13260,0.01181,frames/frame_002393.jpg
2394,79.800000,,0,B,0.25432,0.55500,0.13252,0.01783,frames/frame_002394.jpg
2395,79.833333,,0,B,0.25663,0.55560,0.13661,0.01287,frames/frame_002395.jpg
2396,79.866667,,0,P,0.26066,0.54822,0.14390,0.00631,frames/frame_002396.jpg
2397,79.900000,,0,B,0.26087,0.54683,0.14427,0.00135,frames/frame_002397.jpg
2398,79.933333,,0,B,0.26205,0.54412,0.14597,0.00301,frames/frame_002398.jpg
2399,79.966667,,0,B,0.26582,0.53717,0.15211,0.00467,frames/frame_002399.jpg
2400,80.000000,,0,P,0.26687,0.53520,0.15338,0.00172,frames/frame_002400.jpg
2401,80.033333,,0,B,0.26709,0.53431,0.15383,0.00104,frames/frame_002401.jpg
2402,80.066667,,0,B,0.26761,0.56977,0.14202,0.07678,frames/frame_002402.jpg
2403,80.100000,,0,B,0.26726,0.55419,0.14310,0.05509,frames/frame_002403.jpg
2404,80.133333,,0,P,0.26834,0.54948,0.15142,0.03764,frames/frame_002404.jpg
2405,80.166667,,0,B,0.27223,0.52882,0.15377,0.06190,frames/frame_002405.jpg
2406,80.200000,,0,P,0.26727,0.53523,0.15618,0.08849,frames/frame_002406.jpg
2407,80.233333,,0,B,0.27249,0.53067,0.15498,0.08516,frames/frame_002407.jpg
2408,80.266667,,0,B,0.27075,0.54013,0.15469,0.04284,frames/frame_002408.jpg
2409,80.300000,,0,P,0.27096,0.53973,0.15528,0.00172,frames/frame_002409.jpg
2410,80.333333,,0,B,0.27106,0.53804,0.15556,0.00142,frames/frame_002410.jpg
2411,80.366667,,0,B,0.27106,0.53816,0.15566,0.00108,frames/frame_002411.jpg
2412,80.400000,,0,B,0.27107,0.53818,0.15557,0.00050,frames/frame_002412.jpg
2413,80.433333,,0,P,0.27106,0.53879,0.15554,0.00136,frames/frame_002413.jpg
2414,80.466667,,0,B,0.27070,0.53807,0.15472,0.00177,frames/frame_002414.jpg
2415,80.500000,,0,B,0.27061,0.53818,0.15474,0.00130,frames/frame_002415.jpg
2416,80.533333,,0,B,0.27067,0.53785,0.15470,0.00068,frames/frame_002416.jpg
2417,80.566667,,0,P,0.27050,0.53947,0.15498,0.00174,frames/frame_002417.jpg
2418,80.600000,,0,P,0.27038,0.53477,0.15665,0.02076,frames/frame_002418.jpg
2419,80.633333,,0,B,0.27160,0.53927,0.15487,0.06316,frames/frame_002419.jpg
2420,80.666667,,0,B,0.26575,0.54179,0.14043,0.07898,frames/frame_002420.jpg
2421,80.700000,,0,P,0.28931,0.54669,0.13947,0.14401,frames/frame_002421.jpg
2422,80.733333,,0,P,0.28294,0.57912,0.11889,0.15401,frames/frame_002422.jpg
2423,80.766667,,0,P,0.27391,0.62079,0.08239,0.12989,frames/frame_002423.jpg
2424,80.800000,,0,B,0.27074,0.65101,0.08234,0.08000,frames/frame_002424.jpg
2425,80.833333,,0,B,0.27799,0.68081,0.08418,0.03837,frames/frame_002425.jpg
2426,80.866667,,0,P,0.28057,0.68145,0.08985,0.01808,frames/frame_002426.jpg
2427,80.900000,,0,P,0.27093,0.68012,0.07965,0.02105,frames/frame_002427.jpg
2428,80.933333,,0,P,0.26681,0.65318,0.07108,0.01801,frames/frame_002428.jpg
2429,80.966667,,1,I,0.27183,0.64991,0.07854,0.01080,frames/frame_002429.jpg
2430,81.000000,,0,B,0.27508,0.65161,0.08361,0.01290,frames/frame_002430.jpg
2431,81.033333,,0,B,0.27846,0.68174,0.08161,0.01815,frames/frame_002431.jpg
2432,81.066667,,0,B,0.27890,0.68221,0.08225,0.00853,frames/frame_002432.jpg
2433,81.100000,,0,P,0.27736,0.67817,0.08154,0.01597,frames/frame_002433.jpg
2434,81.133333,,0,P,0.26612,0.65134,0.07561,0.02137,frames/frame_002434.jpg
2435,81.166667,,0,B,0.26677,0.64799,0.07898,0.01020,frames/frame_002435.jpg
2436,81.200000,,0,P,0.27563,0.64875,0.09087,0.01954,frames/frame_002436.jpg
2437,81.233333,,0,P,0.27871,0.67813,0.08665,0.02333,frames/frame_002437.jpg
2438,81.266667,,0,P,0.27594,0.67963,0.08545,0.01550,frames/frame_002438.jpg
2439,81.300000,,0,P,0.27813,0.67748,0.07749,0.01840,frames/frame_002439.jpg
2440,81.333333,,0,P,0.27230,0.64846,0.07957,0.01866,frames/frame_002440.jpg
2441,81.366667,,0,P,0.26946,0.64435,0.07851,0.01284,frames/frame_002441.jpg
2442,81.400000,,0,P,0.27518,0.64444,0.08682,0.01530,frames/frame_002442.jpg
2443,81.433333,,0,P,0.28625,0.67044,0.09630,0.02353,frames/frame_002443.jpg
2444,81.466667,,0,P,0.28237,0.67043,0.09164,0.01956,frames/frame_002444.jpg
2445,81.500000,,0,P,0.27841,0.66511,0.08993,0.02431,frames/frame_002445.jpg
2446,81.533333,,0,P,0.28097,0.62900,0.09371,0.03656,frames/frame_002446.jpg
2447,81.566667,,0,P,0.28182,0.62542,0.09867,0.03057,frames/frame_002447.jpg
2448,81.600000,,0,P,0.28511,0.62778,0.09456,0.03887,frames/frame_002448.jpg
2449,81.633333,,0,P,0.29215,0.66644,0.09055,0.03796,frames/frame_002449.jpg
2450,81.666667,,0,P,0.28061,0.68258,0.08390,0.02480,frames/frame_002450.jpg
2451,81.700000,,0,B,0.27178,0.68186,0.07608,0.01443,frames/frame_002451.jpg
2452,81.733333,,0,B,0.26539,0.65284,0.07437,0.01543,frames/frame_002452.jpg
2453,81.766667,,0,B,0.27036,0.64986,0.08105,0.01108,frames/frame_002453.jpg
2454,81.800000,,0,P,0.27090,0.65130,0.08339,0.01734,frames/frame_002454.jpg
2455,81.833333,,0,P,0.27735,0.68127,0.08606,0.01866,frames/frame_002455.jpg
2456,81.866667,,0,B,0.28162,0.68012,0.09153,0.05057,frames/frame_002456.jpg
2457,81.900000,,0,B,0.27767,0.67623,0.08514,0.05225,frames/frame_002457.jpg
2458,81.933333,,0,P,0.26919,0.64830,0.07685,0.03739,frames/frame_002458.jpg
2459,81.966667,,0,B,0.27447,0.64244,0.08441,0.04011,frames/frame_002459.jpg
2460,82.000000,,0,P,0.28366,0.63867,0.08407,0.06837,frames/frame_002460.jpg
2461,82.033333,,0,B,0.28257,0.66161,0.10154,0.06514,frames/frame_002461.jpg
2462,82.066667,,0,B,0.28589,0.66428,0.09233,0.04490,frames/frame_002462.jpg
2463,82.100000,,0,P,0.28958,0.66129,0.09906,0.06187,frames/frame_002463.jpg
2464,82.133333,,0,B,0.28235,0.64353,0.09815,0.04995,frames/frame_002464.jpg
2465,82.166667,,0,B,0.27749,0.64097,0.08975,0.04111,frames/frame_002465.jpg
2466,82.200000,,0,B,0.28393,0.63690,0.10036,0.04152,frames/frame_002466.jpg
2467,82.233333,,0,P,0.29022,0.65517,0.10948,0.05179,frames/frame_002467.jpg
2468,82.266667,,0,B,0.28840,0.66293,0.10459,0.05365,frames/frame_002468.jpg
2469,82.300000,,0,B,0.27999,0.66476,0.10078,0.04926,frames/frame_002469.jpg
2470,82.333333,,0,B,0.28183,0.64327,0.10738,0.04747,frames/frame_002470.jpg
2471,82.366667,,0,P,0.28121,0.63992,0.09976,0.03988,frames/frame_002471.jpg
2472,82.400000,,0,B,0.28240,0.63445,0.10087,0.03719,frames/frame_002472.jpg
2473,82.433333,,0,B,0.28580,0.65742,0.10240,0.03953,frames/frame_002473.jpg
2474,82.466667,,0,P,0.28948,0.66131,0.10697,0.02978,frames/frame_002474.jpg
2475,82.500000,,0,B,0.22600,0.62098,0.07309,0.13713,frames/frame_002475.jpg
2476,82.533333,,0,B,0.22593,0.62105,0.07334,0.00091,frames/frame_002476.jpg
2477,82.566667,,0,B,0.22594,0.62130,0.07343,0.00113,frames/frame_002477.jpg
2478,82.600000,,0,P,0.22596,0.62130,0.07348,0.00102,frames/frame_002478.jpg
2479,82.633333,,0,B,0.22584,0.62082,0.07407,0.00163,frames/frame_002479.jpg
2480,82.666667,,0,P,0.22574,0.62103,0.07415,0.00156,frames/frame_002480.jpg
2481,82.700000,,0,P,0.22557,0.62022,0.07437,0.00193,frames/frame_002481.jpg
2482,82.733333,,0,P,0.22532,0.62059,0.07439,0.00175,frames/frame_002482.jpg
2483,82.766667,,0,P,0.22535,0.62035,0.07452,0.00188,frames/frame_002483.jpg
2484,82.800000,,0,B,0.22546,0.62065,0.07451,0.00145,frames/frame_002484.jpg
2485,82.833333,,0,P,0.22535,0.62069,0.07438,0.00149,frames/frame_002485.jpg
2486,82.866667,,0,P,0.22540,0.62037,0.07426,0.00160,frames/frame_002486.jpg
2487,82.900000,,0,P,0.22546,0.62011,0.07419,0.00149,frames/frame_002487.jpg
2488,82.933333,,0,P,0.22549,0.61957,0.07410,0.00147,frames/frame_002488.jpg
2489,82.966667,,0,P,0.22556,0.61960,0.07415,0.00145,frames/frame_002489.jpg
2490,83.000000,,0,P,0.22555,0.61953,0.07394,0.00132,frames/frame_002490.jpg
2491,83.033333,,0,P,0.22555,0.61947,0.07396,0.00135,frames/frame_002491.jpg
2492,83.066667,,0,B,0.22560,0.61979,0.07395,0.00141,frames/frame_002492.jpg
2493,83.100000,,0,B,0.22562,0.61961,0.07392,0.00102,frames/frame_002493.jpg
2494,83.133333,,0,B,0.22546,0.61958,0.07443,0.00116,frames/frame_002494.jpg
2495,83.166667,,0,P,0.22551,0.61878,0.07433,0.00139,frames/frame_002495.jpg
2496,83.200000,,0,B,0.22696,0.62046,0.07560,0.00530,frames/frame_002496.jpg
2497,83.233333,,0,B,0.22685,0.62053,0.07570,0.00113,frames/frame_002497.jpg
2498,83.266667,,0,B,0.22656,0.62098,0.07705,0.00430,frames/frame_002498.jpg
2499,83.300000,,0,P,0.22659,0.62086,0.07690,0.00096,frames/frame_002499.jpg
2500,83.333333,,0,B,0.22585,0.62229,0.07730,0.00378,frames/frame_002500.jpg
2501,83.366667,,0,B,0.22585,0.62225,0.07726,0.00128,frames/frame_002501.jpg
2502,83.400000,,0,B,0.22518,0.62195,0.07708,0.00603,frames/frame_002502.jpg
2503,83.433333,,0,P,0.22518,0.62197,0.07711,0.00082,frames/frame_002503.jpg
2504,83.466667,,0,P,0.22635,0.62149,0.07612,0.00337,frames/frame_002504.jpg
2505,83.500000,,0,B,0.22621,0.62158,0.07626,0.00115,frames/frame_002505.jpg
2506,83.533333,,0,B,0.22634,0.62140,0.07678,0.00215,frames/frame_002506.jpg
2507,83.566667,,0,B,0.22625,0.62117,0.07668,0.00132,frames/frame_002507.jpg
2508,83.600000,,0,P,0.22615,0.62099,0.07656,0.00110,frames/frame_002508.jpg
2509,83.633333,,0,B,0.22659,0.62097,0.07591,0.00278,frames/frame_002509.jpg
2510,83.666667,,0,B,0.22658,0.62089,0.07553,0.00124,frames/frame_002510.jpg
2511,83.700000,,0,B,0.22672,0.62055,0.07627,0.00279,frames/frame_002511.jpg
2512,83.733333,,0,P,0.22673,0.62054,0.07598,0.00084,frames/frame_002512.jpg
2513,83.766667,,0,B,0.22667,0.62014,0.07623,0.00120,frames/frame_002513.jpg
2514,83.800000,,0,B,0.22661,0.62034,0.07626,0.00085,frames/frame_002514.jpg
2515,83.833333,,0,B,0.28709,0.67878,0.08717,0.14175,frames/frame_002515.jpg
2516,83.866667,,0,P,0.28713,0.67836,0.08755,0.00182,frames/frame_002516.jpg
2517,83.900000,,0,B,0.28579,0.67444,0.08738,0.01029,frames/frame_002517.jpg
2518,83.933333,,0,P,0.28552,0.67416,0.08739,0.00182,frames/frame_002518.jpg
2519,83.966667,,1,I,0.28565,0.67432,0.08747,0.00308,frames/frame_002519.jpg
2520,84.000000,,0,B,0.28605,0.67515,0.08765,0.00626,frames/frame_002520.jpg
2521,84.033333,,0,B,0.28613,0.67497,0.08772,0.00122,frames/frame_002521.jpg
2522,84.066667,,0,B,0.28575,0.67573,0.08772,0.00670,frames/frame_002522.jpg
2523,84.100000,,0,P,0.28592,0.67525,0.08788,0.00145,frames/frame_002523.jpg
2524,84.133333,,0,B,0.28608,0.67516,0.08794,0.00154,frames/frame_002524.jpg
2525,84.166667,,0,B,0.28625,0.67496,0.08794,0.00219,frames/frame_002525.jpg
2526,84.200000,,0,B,0.28637,0.67491,0.08776,0.00132,frames/frame_002526.jpg
2527,84.233333,,0,P,0.28629,0.67512,0.08763,0.00141,frames/frame_002527.jpg
2528,84.266667,,0,B,0.28650,0.67599,0.08745,0.00500,frames/frame_002528.jpg
2529,84.300000,,0,B,0.28643,0.67597,0.08748,0.00145,frames/frame_002529.jpg
2530,84.333333,,0,B,0.28636,0.67593,0.08733,0.00153,frames/frame_002530.jpg
2531,84.366667,,0,P,0.28600,0.67612,0.08693,0.00331,frames/frame_002531.jpg
2532,84.400000,,0,B,0.28603,0.67624,0.08691,0.00150,frames/frame_002532.jpg
2533,84.433333,,0,B,0.28603,0.67600,0.08701,0.00134,frames/frame_002533.jpg
2534,84.466667,,0,B,0.28617,0.67619,0.08716,0.00190,frames/frame_002534.jpg
2535,84.500000,,0,P,0.28608,0.67600,0.08754,0.00142,frames/frame_002535.jpg
2536,84.533333,,0,B,0.28619,0.67608,0.08760,0.00144,frames/frame_002536.jpg
2537,84.566667,,0,B,0.28614,0.67591,0.08771,0.00203,frames/frame_002537.jpg
2538,84.600000,,0,B,0.28618,0.67568,0.08790,0.00123,frames/frame_002538.jpg
2539,84.633333,,0,P,0.28614,0.67571,0.08811,0.00162,frames/frame_002539.jpg
2540,84.666667,,0,P,0.28623,0.67588,0.08810,0.00190,frames/frame_002540.jpg
2541,84.700000,,0,P,0.28622,0.67532,0.08791,0.00178,frames/frame_002541.jpg
2542,84.733333,,0,P,0.28622,0.67535,0.08775,0.00176,frames/frame_002542.jpg
2543,84.766667,,0,B,0.29394,0.61161,0.12466,0.02510,frames/frame_002543.jpg
2544,84.800000,,0,P,0.31152,0.49701,0.20763,0.04958,frames/frame_002544.jpg
2545,84.833333,,0,P,0.32817,0.39095,0.24524,0.05013,frames/frame_002545.jpg
2546,84.866667,,0,B,0.34580,0.29481,0.25230,0.05182,frames/frame_002546.jpg
2547,84.900000,,0,P,0.36411,0.20888,0.23472,0.05086,frames/frame_002547.jpg
2548,84.933333,,0,P,0.55211,0.11989,0.21834,0.21400,frames/frame_002548.jpg
2549,84.966667,,0,B,0.57620,0.13294,0.14763,0.03812,frames/frame_002549.jpg
2550,85.000000,,0,B,0.57368,0.13353,0.15079,0.00316,frames/frame_002550.jpg
2551,85.033333,,0,B,0.57256,0.13356,0.15307,0.00219,frames/frame_002551.jpg
2552,85.066667,,0,P,0.57142,0.13398,0.15502,0.00210,frames/frame_002552.jpg
2553,85.100000,,0,B,0.57056,0.13422,0.15628,0.00306,frames/frame_002553.jpg
2554,85.133333,,0,B,0.56912,0.13467,0.15951,0.00268,frames/frame_002554.jpg
2555,85.166667,,0,B,0.56766,0.13520,0.16277,0.00293,frames/frame_002555.jpg
2556,85.200000,,0,P,0.56614,0.13597,0.16537,0.00305,frames/frame_002556.jpg
2557,85.233333,,0,B,0.56451,0.13591,0.16811,0.00373,frames/frame_002557.jpg
2558,85.266667,,0,B,0.56323,0.13617,0.17023,0.00258,frames/frame_002558.jpg
2559,85.300000,,0,B,0.56158,0.13602,0.17262,0.00306,frames/frame_002559.jpg
2560,85.333333,,0,P,0.56008,0.13673,0.17450,0.00286,frames/frame_002560.jpg
2561,85.366667,,0,B,0.55849,0.13631,0.17668,0.00352,frames/frame_002561.jpg
2562,85.400000,,0,B,0.55755,0.13656,0.17800,0.00207,frames/frame_002562.jpg
2563,85.433333,,0,B,0.55641,0.13690,0.18084,0.00318,frames/frame_002563.jpg
2564,85.466667,,0,P,0.55529,0.13736,0.18227,0.00243,frames/frame_002564.jpg
2565,85.500000,,0,B,0.55338,0.13727,0.18810,0.00412,frames/frame_002565.jpg
2566,85.533333,,0,B,0.55325,0.13719,0.18784,0.00151,frames/frame_002566.jpg
2567,85.566667,,0,B,0.54578,0.13719,0.19586,0.00885,frames/frame_002567.jpg
2568,85.600000,,0,P,0.54549,0.13769,0.19560,0.00160,frames/frame_002568.jpg
2569,85.633333,,0,B,0.54591,0.13739,0.19575,0.00197,frames/frame_002569.jpg
2570,85.666667,,0,B,0.54595,0.13726,0.19628,0.00137,frames/frame_002570.jpg
2571,85.700000,,0,B,0.54616,0.13747,0.19633,0.00149,frames/frame_002571.jpg
2572,85.733333,,0,P,0.54568,0.13758,0.19629,0.00203,frames/frame_002572.jpg
2573,85.766667,,0,B,0.54594,0.13721,0.19663,0.00200,frames/frame_002573.jpg
2574,85.800000,,0,B,0.54594,0.13702,0.19697,0.00166,frames/frame_002574.jpg
2575,85.833333,,0,B,0.54628,0.13677,0.19731,0.00148,frames/frame_002575.jpg
2576,85.866667,,0,P,0.54596,0.13688,0.19727,0.00219,frames/frame_002576.jpg
2577,85.900000,,0,B,0.54621,0.13581,0.19708,0.00207,frames/frame_002577.jpg
2578,85.933333,,0,B,0.54614,0.13629,0.19693,0.00134,frames/frame_002578.jpg
2579,85.966667,,0,B,0.54639,0.13600,0.19678,0.00146,frames/frame_002579.jpg
2580,86.000000,,0,P,0.54621,0.13656,0.19687,0.00178,frames/frame_002580.jpg
2581,86.033333,,0,P,0.54617,0.13685,0.19698,0.00170,frames/frame_002581.jpg
2582,86.066667,,0,P,0.54624,0.13761,0.19686,0.00191,frames/frame_002582.jpg
2583,86.100000,,0,B,0.54625,0.13756,0.19670,0.00136,frames/frame_002583.jpg
2584,86.133333,,0,B,0.54593,0.13758,0.19648,0.00123,frames/frame_002584.jpg
2585,86.166667,,0,B,0.54643,0.13714,0.19689,0.00128,frames/frame_002585.jpg
2586,86.200000,,0,P,0.54613,0.13691,0.19686,0.00113,frames/frame_002586.jpg
2587,86.233333,,0,B,0.54621,0.13670,0.19673,0.00115,frames/frame_002587.jpg
2588,86.266667,,0,P,0.54612,0.13684,0.19684,0.00115,frames/frame_002588.jpg
2589,86.300000,,0,B,0.54606,0.13696,0.19669,0.00091,frames/frame_002589.jpg
2590,86.333333,,0,B,0.54618,0.13738,0.19675,0.00092,frames/frame_002590.jpg
2591,86.366667,,0,B,0.54607,0.13736,0.19704,0.00098,frames/frame_002591.jpg
2592,86.400000,,0,P,0.54604,0.13734,0.19684,0.00092,frames/frame_002592.jpg
2593,86.433333,,0,B,0.54598,0.13748,0.19692,0.00071,frames/frame_002593.jpg
2594,86.466667,,0,B,0.54601,0.13751,0.19651,0.00076,frames/frame_002594.jpg
2595,86.500000,,0,B,0.54602,0.13741,0.19645,0.00081,frames/frame_002595.jpg
2596,86.533333,,0,P,0.54595,0.13702,0.19614,0.00063,frames/frame_002596.jpg
2597,86.566667,,0,B,0.54596,0.13708,0.19620,0.00054,frames/frame_002597.jpg
2598,86.600000,,0,B,0.50666,0.19967,0.20267,0.08936,frames/frame_002598.jpg
2599,86.633333,,0,B,0.51600,0.18777,0.20758,0.09167,frames/frame_002599.jpg
2600,86.666667,,0,P,0.51674,0.18194,0.20412,0.04415,frames/frame_002600.jpg
2601,86.700000,,0,B,0.52063,0.18181,0.20913,0.04839,frames/frame_002601.jpg
2602,86.733333,,0,B,0.52036,0.18205,0.20941,0.00138,frames/frame_002602.jpg
2603,86.766667,,0,B,0.52067,0.18176,0.20976,0.00112,frames/frame_002603.jpg
2604,86.800000,,0,P,0.52069,0.18141,0.20967,0.00081,frames/frame_002604.jpg
2605,86.833333,,0,B,0.52055,0.18207,0.20938,0.00175,frames/frame_002605.jpg
2606,86.866667,,0,B,0.52055,0.18208,0.20917,0.00075,frames/frame_002606.jpg
2607,86.900000,,0,B,0.52056,0.18193,0.20915,0.00050,frames/frame_002607.jpg
2608,86.933333,,0,P,0.50559,0.19791,0.22104,0.04236,frames/frame_002608.jpg
2609,86.966667,,1,I,0.51182,0.18914,0.20958,0.05913,frames/frame_002609.jpg
2610,87.000000,,0,P,0.51396,0.18819,0.21330,0.03678,frames/frame_002610.jpg
2611,87.033333,,0,B,0.51307,0.18900,0.21715,0.01829,frames/frame_002611.jpg
2612,87.066667,,0,B,0.51444,0.18884,0.21590,0.02535,frames/frame_002612.jpg
2613,87.100000,,0,B,0.51443,0.18856,0.21594,0.00090,frames/frame_002613.jpg
2614,87.133333,,0,P,0.51432,0.18876,0.21582,0.00121,frames/frame_002614.jpg
2615,87.166667,,0,B,0.50101,0.20262,0.22033,0.03975,frames/frame_002615.jpg
2616,87.200000,,0,B,0.50687,0.19771,0.22102,0.03533,frames/frame_002616.jpg
2617,87.233333,,0,B,0.50467,0.19668,0.21019,0.03794,frames/frame_002617.jpg
2618,87.266667,,0,P,0.50729,0.19742,0.22169,0.03795,frames/frame_002618.jpg
2619,87.300000,,0,B,0.50729,0.19739,0.22158,0.00109,frames/frame_002619.jpg
2620,87.333333,,0,B,0.50732,0.19755,0.22174,0.00117,frames/frame_002620.jpg
2621,87.366667,,0,B,0.50736,0.19726,0.22170,0.00110,frames/frame_002621.jpg
2622,87.400000,,0,P,0.50729,0.19681,0.22188,0.00144,frames/frame_002622.jpg
2623,87.433333,,0,B,0.50732,0.19696,0.22162,0.00121,frames/frame_002623.jpg
2624,87.466667,,0,B,0.50735,0.19674,0.22156,0.00110,frames/frame_002624.jpg
2625,87.500000,,0,B,0.50741,0.19715,0.22164,0.00099,frames/frame_002625.jpg
2626,87.533333,,0,P,0.50742,0.19666,0.22164,0.00145,frames/frame_002626.jpg
2627,87.566667,,0,B,0.50713,0.19726,0.22154,0.00179,frames/frame_002627.jpg
2628,87.600000,,0,B,0.50709,0.19711,0.22162,0.00128,frames/frame_002628.jpg
2629,87.633333,,0,B,0.50750,0.19713,0.22191,0.00148,frames/frame_002629.jpg
2630,87.666667,,0,P,0.50750,0.19647,0.22225,0.00167,frames/frame_002630.jpg
2631,87.700000,,0,B,0.50757,0.19624,0.22236,0.00097,frames/frame_002631.jpg
2632,87.733333,,0,B,0.50752,0.19629,0.22210,0.00081,frames/frame_002632.jpg
2633,87.766667,,0,B,0.50757,0.19629,0.22186,0.00067,frames/frame_002633.jpg
2634,87.800000,,0,P,0.50763,0.19655,0.22190,0.00092,frames/frame_002634.jpg
2635,87.833333,,0,B,0.50782,0.19705,0.22172,0.00165,frames/frame_002635.jpg
2636,87.866667,,0,B,0.50772,0.19700,0.22173,0.00129,frames/frame_002636.jpg
2637,87.900000,,0,B,0.50774,0.19688,0.22160,0.00118,frames/frame_002637.jpg
2638,87.933333,,0,P,0.50763,0.19656,0.22191,0.00188,frames/frame_002638.jpg
2639,87.966667,,0,B,0.47943,0.19840,0.20591,0.03319,frames/frame_002639.jpg
2640,88.000000,,0,B,0.44560,0.20793,0.19030,0.03861,frames/frame_002640.jpg
2641,88.033333,,0,B,0.41411,0.22357,0.17683,0.03780,frames/frame_002641.jpg
2642,88.066667,,0,P,0.37811,0.24904,0.16338,0.04111,frames/frame_002642.jpg
2643,88.100000,,0,B,0.33988,0.27802,0.15121,0.04216,frames/frame_002643.jpg
2644,88.133333,,0,B,0.30077,0.31731,0.14080,0.04263,frames/frame_002644.jpg
2645,88.166667,,0,B,0.26263,0.37109,0.13303,0.04217,frames/frame_002645.jpg
2646,88.200000,,0,P,0.21772,0.47734,0.12338,0.04808,frames/frame_002646.jpg
2647,88.233333,,0,B,0.21778,0.47719,0.12356,0.00188,frames/frame_002647.jpg
2648,88.266667,,0,B,0.21699,0.47842,0.12307,0.00198,frames/frame_002648.jpg
2649,88.300000,,0,B,0.20712,0.48845,0.12057,0.00987,frames/frame_002649.jpg
2650,88.333333,,0,P,0.20624,0.49001,0.11990,0.00197,frames/frame_002650.jpg
2651,88.366667,,0,B,0.20626,0.48986,0.11965,0.00200,frames/frame_002651.jpg
2652,88.400000,,0,B,0.20047,0.49452,0.11251,0.00658,frames/frame_002652.jpg
2653,88.433333,,0,B,0.20036,0.49580,0.11230,0.00169,frames/frame_002653.jpg
2654,88.466667,,0,P,0.19879,0.49331,0.11151,0.00334,frames/frame_002654.jpg
2655,88.500000,,0,B,0.19898,0.49478,0.11079,0.00190,frames/frame_002655.jpg
2656,88.533333,,0,B,0.19865,0.49653,0.11004,0.00148,frames/frame_002656.jpg
2657,88.566667,,0,B,0.19854,0.49799,0.10963,0.00135,frames/frame_002657.jpg
2658,88.600000,,0,P,0.19779,0.49894,0.10925,0.00195,frames/frame_002658.jpg
2659,88.633333,,0,B,0.16321,0.64236,0.09772,0.03998,frames/frame_002659.jpg
2660,88.666667,,0,B,0.16307,0.64284,0.09767,0.00067,frames/frame_002660.jpg
2661,88.700000,,0,P,0.16292,0.64479,0.09720,0.00061,frames/frame_002661.jpg
2662,88.733333,,0,B,0.16294,0.64633,0.09661,0.00195,frames/frame_002662.jpg
2663,88.766667,,0,B,0.16252,0.64859,0.09605,0.00157,frames/frame_002663.jpg
2664,88.800000,,0,B,0.16151,0.64714,0.09538,0.00292,frames/frame_002664.jpg
2665,88.833333,,0,P,0.16115,0.64850,0.09507,0.00168,frames/frame_002665.jpg
2666,88.866667,,0,B,0.15352,0.66058,0.08019,0.00806,frames/frame_002666.jpg
2667,88.900000,,0,B,0.15365,0.66033,0.08012,0.00154,frames/frame_002667.jpg
2668,88.933333,,0,P,0.15216,0.65882,0.07843,0.00353,frames/frame_002668.jpg
2669,88.966667,,0,B,0.14113,0.71071,0.07257,0.02196,frames/frame_002669.jpg
2670,89.000000,,0,B,0.14655,0.71835,0.06796,0.01211,frames/frame_002670.jpg
2671,89.033333,,0,B,0.16320,0.53290,0.05547,0.03662,frames/frame_002671.jpg
2672,89.066667,,0,P,0.16459,0.60515,0.05296,0.01191,frames/frame_002672.jpg
2673,89.100000,,0,P,0.16041,0.62093,0.04194,0.00526,frames/frame_002673.jpg
2674,89.133333,,0,B,0.16858,0.58705,0.03448,0.02242,frames/frame_002674.jpg
2675,89.166667,,0,B,0.16836,0.63090,0.03079,0.01259,frames/frame_002675.jpg
2676,89.200000,,0,P,0.16693,0.63961,0.02867,0.00322,frames/frame_002676.jpg
2677,89.233333,,0,P,0.19585,0.53636,0.01498,0.04206,frames/frame_002677.jpg
2678,89.266667,,0,B,0.19723,0.59224,0.01295,0.01154,frames/frame_002678.jpg
2679,89.300000,,0,P,0.20260,0.59121,0.02248,0.00888,frames/frame_002679.jpg
2680,89.333333,,0,P,0.20479,0.56614,0.02425,0.00361,frames/frame_002680.jpg
2681,89.366667,,0,P,0.21889,0.48679,0.04082,0.02148,frames/frame_002681.jpg
2682,89.400000,,0,P,0.22833,0.50130,0.05207,0.02093,frames/frame_002682.jpg
2683,89.433333,,0,P,0.23022,0.49791,0.05416,0.00647,frames/frame_002683.jpg
2684,89.466667,,0,P,0.24005,0.46719,0.06224,0.01044,frames/frame_002684.jpg
2685,89.500000,,0,B,0.24609,0.46397,0.06660,0.00776,frames/frame_002685.jpg
2686,89.533333,,0,B,0.25982,0.41934,0.07321,0.02157,frames/frame_002686.jpg
2687,89.566667,,0,P,0.27487,0.40449,0.08459,0.01576,frames/frame_002687.jpg
2688,89.600000,,0,P,0.27712,0.39783,0.08674,0.00722,frames/frame_002688.jpg
2689,89.633333,,0,P,0.28770,0.43332,0.09835,0.02095,frames/frame_002689.jpg
2690,89.666667,,0,B,0.29080,0.43562,0.10615,0.01095,frames/frame_002690.jpg
2691,89.700000,,0,B,0.30194,0.41901,0.11581,0.01359,frames/frame_002691.jpg
2692,89.733333,,0,B,0.30378,0.42397,0.11674,0.00367,frames/frame_002692.jpg
2693,89.766667,,0,P,0.30864,0.49990,0.09360,0.16711,frames/frame_002693.jpg
2694,89.800000,,0,B,0.30882,0.50041,0.09349,0.00177,frames/frame_002694.jpg
2695,89.833333,,0,B,0.30880,0.50050,0.09365,0.00130,frames/frame_002695.jpg
2696,89.866667,,0,B,0.30885,0.49935,0.09365,0.00155,frames/frame_002696.jpg
2697,89.900000,,0,P,0.30767,0.49592,0.09793,0.00354,frames/frame_002697.jpg
2698,89.933333,,0,P,0.30488,0.49483,0.09907,0.00647,frames/frame_002698.jpg
2699,89.966667,,1,I,0.30155,0.49159,0.09934,0.00730,frames/frame_002699.jpg
2700,90.000000,,0,B,0.30610,0.48522,0.10458,0.00496,frames/frame_002700.jpg
2701,90.033333,,0,B,0.30600,0.48479,0.10450,0.00099,frames/frame_002701.jpg
2702,90.066667,,0,B,0.30595,0.48548,0.10445,0.00033,frames/frame_002702.jpg
2703,90.100000,,0,P,0.30592,0.48536,0.10424,0.00127,frames/frame_002703.jpg
2704,90.133333,,0,B,0.30575,0.48512,0.10401,0.00147,frames/frame_002704.jpg
2705,90.166667,,0,B,0.30570,0.48501,0.10395,0.00034,frames/frame_002705.jpg
2706,90.200000,,0,B,0.30555,0.48538,0.10401,0.00119,frames/frame_002706.jpg
2707,90.233333,,0,P,0.30556,0.48558,0.10405,0.00031,frames/frame_002707.jpg
2708,90.266667,,0,B,0.30529,0.48539,0.10365,0.00165,frames/frame_002708.jpg
2709,90.300000,,0,B,0.30512,0.48550,0.10407,0.00165,frames/frame_002709.jpg
2710,90.333333,,0,B,0.30511,0.48507,0.10403,0.00018,frames/frame_002710.jpg
2711,90.366667,,0,P,0.30506,0.48602,0.10441,0.00301,frames/frame_002711.jpg
2712,90.400000,,0,B,0.30511,0.48584,0.10454,0.00055,frames/frame_002712.jpg
2713,90.433333,,0,B,0.30508,0.48439,0.10455,0.00267,frames/frame_002713.jpg
2714,90.466667,,0,B,0.30499,0.48517,0.10438,0.00197,frames/frame_002714.jpg
2715,90.500000,,0,P,0.30498,0.48422,0.10442,0.00056,frames/frame_002715.jpg
2716,90.533333,,0,B,0.30505,0.48540,0.10520,0.00401,frames/frame_002716.jpg
2717,90.566667,,0,B,0.30505,0.48518,0.10516,0.00063,frames/frame_002717.jpg
2718,90.600000,,0,B,0.30506,0.48615,0.10528,0.00045,frames/frame_002718.jpg
2719,90.633333,,0,P,0.30497,0.48507,0.10530,0.00098,frames/frame_002719.jpg
2720,90.666667,,0,B,0.30499,0.48461,0.10538,0.00023,frames/frame_002720.jpg
2721,90.700000,,0,B,0.30492,0.48929,0.10474,0.00605,frames/frame_002721.jpg
2722,90.733333,,0,B,0.30489,0.48847,0.10459,0.00027,frames/frame_002722.jpg
2723,90.766667,,0,P,0.30456,0.48962,0.10573,0.00612,frames/frame_002723.jpg
2724,90.800000,,0,B,0.30444,0.48815,0.10570,0.00498,frames/frame_002724.jpg
2725,90.833333,,0,B,0.30436,0.48829,0.10563,0.00033,frames/frame_002725.jpg
2726,90.866667,,0,B,0.30496,0.48757,0.10612,0.00725,frames/frame_002726.jpg
2727,90.900000,,0,P,0.30494,0.48800,0.10616,0.00027,frames/frame_002727.jpg
2728,90.933333,,0,B,0.30536,0.48896,0.10663,0.00588,frames/frame_002728.jpg
2729,90.966667,,0,B,0.30568,0.48957,0.10703,0.00281,frames/frame_002729.jpg
2730,91.000000,,0,B,0.30566,0.49012,0.10702,0.00016,frames/frame_002730.jpg
2731,91.033333,,0,P,0.30582,0.49191,0.10693,0.00820,frames/frame_002731.jpg
2732,91.066667,,0,P,0.30590,0.49981,0.10395,0.01830,frames/frame_002732.jpg
2733,91.100000,,0,P,0.30589,0.50346,0.10493,0.02254,frames/frame_002733.jpg
2734,91.133333,,0,P,0.30593,0.51818,0.10236,0.03529,frames/frame_002734.jpg
2735,91.166667,,0,P,0.30639,0.53851,0.09937,0.04223,frames/frame_002735.jpg
2736,91.200000,,0,P,0.30544,0.57020,0.09488,0.05191,frames/frame_002736.jpg
2737,91.233333,,0,P,0.30335,0.60029,0.08965,0.05989,frames/frame_002737.jpg
2738,91.266667,,0,B,0.29633,0.62683,0.08272,0.06937,frames/frame_002738.jpg
2739,91.300000,,0,P,0.28303,0.66028,0.07615,0.06594,frames/frame_002739.jpg
2740,91.333333,,0,P,0.26984,0.68699,0.07232,0.05251,frames/frame_002740.jpg
2741,91.366667,,0,B,0.25862,0.70783,0.06983,0.04248,frames/frame_002741.jpg
2742,91.400000,,0,B,0.24965,0.72095,0.06769,0.03281,frames/frame_002742.jpg
2743,91.433333,,0,P,0.24278,0.73193,0.06517,0.02558,frames/frame_002743.jpg
2744,91.466667,,0,B,0.23875,0.73680,0.06405,0.01529,frames/frame_002744.jpg
2745,91.500000,,0,B,0.23558,0.74314,0.06237,0.01159,frames/frame_002745.jpg
2746,91.533333,,0,B,0.23473,0.74234,0.06183,0.00452,frames/frame_002746.jpg
2747,91.566667,,0,P,0.23445,0.74189,0.06178,0.00221,frames/frame_002747.jpg
2748,91.600000,,0,B,0.42251,0.38767,0.14929,0.26467,frames/frame_002748.jpg
2749,91.633333,,0,P,0.41961,0.38977,0.14741,0.01943,frames/frame_002749.jpg
2750,91.666667,,0,B,0.41980,0.38987,0.14746,0.00131,frames/frame_002750.jpg
2751,91.700000,,0,B,0.41970,0.39013,0.14757,0.00113,frames/frame_002751.jpg
2752,91.733333,,0,B,0.41834,0.39002,0.14571,0.01891,frames/frame_002752.jpg
2753,91.766667,,0,P,0.41820,0.39000,0.14549,0.00107,frames/frame_002753.jpg
2754,91.800000,,0,B,0.41758,0.39042,0.14706,0.01466,frames/frame_002754.jpg
2755,91.833333,,0,B,0.41759,0.39024,0.14710,0.00087,frames/frame_002755.jpg
2756,91.866667,,0,B,0.41626,0.39094,0.14736,0.01922,frames/frame_002756.jpg
2757,91.900000,,0,P,0.41616,0.39108,0.14734,0.00078,frames/frame_002757.jpg
2758,91.933333,,0,B,0.41547,0.38912,0.15052,0.02350,frames/frame_002758.jpg
2759,91.966667,,0,B,0.41540,0.38940,0.15046,0.00089,frames/frame_002759.jpg
2760,92.000000,,0,B,0.41440,0.38947,0.14848,0.01369,frames/frame_002760.jpg
2761,92.033333,,0,P,0.41430,0.38945,0.14830,0.00083,frames/frame_002761.jpg
2762,92.066667,,0,B,0.41239,0.38964,0.14826,0.01845,frames/frame_002762.jpg
2763,92.100000,,0,B,0.41245,0.39033,0.14750,0.00466,frames/frame_002763.jpg
2764,92.133333,,0,B,0.41133,0.39067,0.14683,0.02184,frames/frame_002764.jpg
2765,92.166667,,0,P,0.41115,0.39039,0.14690,0.00107,frames/frame_002765.jpg
2766,92.200000,,0,B,0.41167,0.38955,0.14734,0.01703,frames/frame_002766.jpg
2767,92.233333,,0,B,0.41152,0.38938,0.14720,0.00090,frames/frame_002767.jpg
2768,92.266667,,0,B,0.41250,0.38836,0.14581,0.02433,frames/frame_002768.jpg
2769,92.300000,,0,P,0.41221,0.38746,0.14600,0.00136,frames/frame_002769.jpg
2770,92.333333,,0,B,0.41196,0.38780,0.14758,0.02718,frames/frame_002770.jpg
2771,92.366667,,0,B,0.41226,0.38800,0.14837,0.00519,frames/frame_002771.jpg
2772,92.400000,,0,B,0.41229,0.38725,0.14801,0.01528,frames/frame_002772.jpg
2773,92.433333,,0,P,0.41193,0.38647,0.14842,0.00128,frames/frame_002773.jpg
2774,92.466667,,0,B,0.41192,0.38683,0.14732,0.02497,frames/frame_002774.jpg
2775,92.500000,,0,B,0.41233,0.38510,0.14692,0.00497,frames/frame_002775.jpg
2776,92.533333,,0,B,0.41274,0.38604,0.14538,0.00466,frames/frame_002776.jpg
2777,92.566667,,0,P,0.41320,0.38307,0.14157,0.02635,frames/frame_002777.jpg
2778,92.600000,,0,B,0.41402,0.38297,0.14189,0.00489,frames/frame_002778.jpg
2779,92.633333,,0,B,0.41396,0.38218,0.14480,0.01772,frames/frame_002779.jpg
2780,92.666667,,0,B,0.41441,0.38178,0.14450,0.00447,frames/frame_002780.jpg
2781,92.700000,,0,P,0.41480,0.37937,0.14185,0.02696,frames/frame_002781.jpg
2782,92.733333,,0,B,0.41467,0.38086,0.14007,0.00515,frames/frame_002782.jpg
2783,92.766667,,0,B,0.41662,0.37903,0.13926,0.02533,frames/frame_002783.jpg
2784,92.800000,,0,P,0.41662,0.37795,0.14001,0.00494,frames/frame_002784.jpg
2785,92.833333,,0,B,0.41734,0.37809,0.13793,0.01527,frames/frame_002785.jpg
2786,92.866667,,0,B,0.41810,0.37722,0.13539,0.00648,frames/frame_002786.jpg
2787,92.900000,,0,B,0.41855,0.37600,0.13772,0.02401,frames/frame_002787.jpg
2788,92.933333,,0,P,0.41885,0.37477,0.13825,0.00616,frames/frame_002788.jpg
2789,92.966667,,1,I,0.41693,0.37654,0.13167,0.02415,frames/frame_002789.jpg
2790,93.000000,,0,B,0.41783,0.37584,0.13209,0.00761,frames/frame_002790.jpg
2791,93.033333,,0,B,0.41833,0.37515,0.13188,0.01432,frames/frame_002791.jpg
2792,93.066667,,0,P,0.41821,0.37387,0.12801,0.00734,frames/frame_002792.jpg
2793,93.100000,,0,B,0.42096,0.37180,0.12872,0.02172,frames/frame_002793.jpg
2794,93.133333,,0,B,0.42174,0.37242,0.12662,0.00671,frames/frame_002794.jpg
2795,93.166667,,0,P,0.42221,0.36983,0.12616,0.02241,frames/frame_002795.jpg
2796,93.200000,,0,B,0.42311,0.36987,0.12609,0.00701,frames/frame_002796.jpg
2797,93.233333,,0,B,0.42317,0.36919,0.12324,0.01473,frames/frame_002797.jpg
2798,93.266667,,0,B,0.42400,0.36945,0.12281,0.00577,frames/frame_002798.jpg
2799,93.300000,,0,P,0.42241,0.36919,0.12046,0.02101,frames/frame_002799.jpg
2800,93.333333,,0,B,0.42202,0.37023,0.12049,0.00570,frames/frame_002800.jpg
2801,93.366667,,0,P,0.42017,0.36989,0.11937,0.00723,frames/frame_002801.jpg
2802,93.400000,,0,B,0.41192,0.37777,0.11669,0.11119,frames/frame_002802.jpg
2803,93.433333,,0,P,0.41053,0.37795,0.11785,0.01964,frames/frame_002803.jpg
2804,93.466667,,0,P,0.40931,0.37705,0.11629,0.00741,frames/frame_002804.jpg
2805,93.500000,,0,B,0.40938,0.37725,0.11671,0.01229,frames/frame_002805.jpg
2806,93.533333,,0,B,0.40837,0.37741,0.11608,0.01278,frames/frame_002806.jpg
2807,93.566667,,0,P,0.40700,0.37839,0.11692,0.01495,frames/frame_002807.jpg
2808,93.600000,,0,B,0.40519,0.37959,0.11586,0.00430,frames/frame_002808.jpg
2809,93.633333,,0,B,0.40214,0.38146,0.11590,0.01860,frames/frame_002809.jpg
2810,93.666667,,0,B,0.40000,0.38356,0.11534,0.00459,frames/frame_002810.jpg
2811,93.700000,,0,P,0.39678,0.38614,0.11447,0.01646,frames/frame_002811.jpg
2812,93.733333,,0,B,0.39738,0.38515,0.11551,0.01439,frames/frame_002812.jpg
2813,93.766667,,0,B,0.39549,0.38615,0.11498,0.01387,frames/frame_002813.jpg
2814,93.800000,,0,B,0.39411,0.38680,0.11439,0.01622,frames/frame_002814.jpg
2815,93.833333,,0,P,0.39193,0.38857,0.11486,0.00727,frames/frame_002815.jpg
2816,93.866667,,0,B,0.39046,0.38914,0.11208,0.00739,frames/frame_002816.jpg
2817,93.900000,,0,B,0.38805,0.39135,0.11285,0.00716,frames/frame_002817.jpg
2818,93.933333,,0,B,0.38737,0.39199,0.11374,0.01258,frames/frame_002818.jpg
2819,93.966667,,0,P,0.38607,0.39296,0.11276,0.00353,frames/frame_002819.jpg
2820,94.000000,,0,B,0.38696,0.39322,0.11157,0.01063,frames/frame_002820.jpg
2821,94.033333,,0,P,0.38582,0.39446,0.11380,0.01062,frames/frame_002821.jpg
2822,94.066667,,0,B,0.38566,0.39491,0.11517,0.00770,frames/frame_002822.jpg
2823,94.100000,,0,B,0.38321,0.39683,0.11348,0.01825,frames/frame_002823.jpg
2824,94.133333,,0,B,0.38240,0.39740,0.11228,0.00268,frames/frame_002824.jpg
2825,94.166667,,0,P,0.37691,0.40012,0.11205,0.02050,frames/frame_002825.jpg
2826,94.200000,,0,B,0.37530,0.40149,0.10967,0.01795,frames/frame_002826.jpg
2827,94.233333,,0,B,0.37254,0.40098,0.10739,0.02227,frames/frame_002827.jpg
2828,94.266667,,0,B,0.37241,0.40123,0.10703,0.00269,frames/frame_002828.jpg
2829,94.300000,,0,P,0.36969,0.40253,0.10487,0.01593,frames/frame_002829.jpg
2830,94.333333,,0,B,0.36749,0.40465,0.10308,0.01626,frames/frame_002830.jpg
2831,94.366667,,0,B,0.36648,0.40535,0.10289,0.00276,frames/frame_002831.jpg
2832,94.400000,,0,B,0.36527,0.40638,0.10243,0.00814,frames/frame_002832.jpg
2833,94.433333,,0,P,0.36406,0.40531,0.09937,0.02185,frames/frame_002833.jpg
2834,94.466667,,0,B,0.36388,0.40685,0.09942,0.00283,frames/frame_002834.jpg
2835,94.500000,,0,B,0.36279,0.40710,0.09957,0.00362,frames/frame_002835.jpg
2836,94.533333,,0,B,0.36249,0.40735,0.09772,0.01165,frames/frame_002836.jpg
2837,94.566667,,0,P,0.36133,0.40855,0.09686,0.00278,frames/frame_002837.jpg
2838,94.600000,,0,B,0.36131,0.40808,0.09690,0.01121,frames/frame_002838.jpg
2839,94.633333,,0,B,0.36030,0.40814,0.09498,0.00937,frames/frame_002839.jpg
2840,94.666667,,0,B,0.35830,0.40818,0.09524,0.01689,frames/frame_002840.jpg
2841,94.700000,,0,P,0.35704,0.40826,0.09315,0.00819,frames/frame_002841.jpg
2842,94.733333,,0,B,0.35587,0.40799,0.09124,0.00907,frames/frame_002842.jpg
2843,94.766667,,0,B,0.35358,0.40854,0.08930,0.01107,frames/frame_002843.jpg
2844,94.800000,,0,B,0.35046,0.40920,0.08712,0.01533,frames/frame_002844.jpg
2845,94.833333,,0,P,0.35025,0.40939,0.08726,0.00093,frames/frame_002845.jpg
2846,94.866667,,0,B,0.34855,0.41040,0.08567,0.01257,frames/frame_002846.jpg
2847,94.900000,,0,B,0.35183,0.40229,0.07923,0.01618,frames/frame_002847.jpg
2848,94.933333,,0,B,0.35106,0.40195,0.07827,0.00717,frames/frame_002848.jpg
2849,94.966667,,0,P,0.34920,0.40274,0.07785,0.00889,frames/frame_002849.jpg
2850,95.000000,,0,B,0.34847,0.40281,0.07577,0.00575,frames/frame_002850.jpg
2851,95.033333,,0,B,0.34732,0.40302,0.07490,0.00534,frames/frame_002851.jpg
2852,95.066667,,0,B,0.34624,0.40352,0.07261,0.00784,frames/frame_002852.jpg
2853,95.100000,,0,P,0.34436,0.40380,0.07004,0.01016,frames/frame_002853.jpg
2854,95.133333,,0,B,0.34237,0.40288,0.07588,0.00491,frames/frame_002854.jpg
2855,95.166667,,0,B,0.34177,0.40302,0.07510,0.00454,frames/frame_002855.jpg
2856,95.200000,,0,B,0.34062,0.40302,0.07328,0.00576,frames/frame_002856.jpg
2857,95.233333,,0,P,0.24798,0.49127,0.09864,0.19669,frames/frame_002857.jpg
2858,95.266667,,0,B,0.24793,0.49128,0.09865,0.00081,frames/frame_002858.jpg
2859,95.300000,,0,B,0.24798,0.49027,0.09860,0.00696,frames/frame_002859.jpg
2860,95.333333,,0,P,0.24823,0.48925,0.09925,0.00139,frames/frame_002860.jpg
2861,95.366667,,0,P,0.24842,0.48853,0.09993,0.00260,frames/frame_002861.jpg
2862,95.400000,,0,P,0.24941,0.48784,0.10052,0.00611,frames/frame_002862.jpg
2863,95.433333,,0,B,0.25055,0.48659,0.10211,0.00216,frames/frame_002863.jpg
2864,95.466667,,0,B,0.25121,0.48635,0.10520,0.00769,frames/frame_002864.jpg
2865,95.500000,,0,B,0.25085,0.48694,0.10463,0.00074,frames/frame_002865.jpg
2866,95.533333,,0,P,0.25079,0.48711,0.10450,0.00048,frames/frame_002866.jpg
2867,95.566667,,0,B,0.25265,0.48471,0.10557,0.00569,frames/frame_002867.jpg
2868,95.600000,,0,B,0.25271,0.48470,0.10568,0.00044,frames/frame_002868.jpg
2869,95.633333,,0,B,0.25324,0.48437,0.10607,0.00457,frames/frame_002869.jpg
2870,95.666667,,0,P,0.25363,0.48395,0.10629,0.00136,frames/frame_002870.jpg
2871,95.700000,,0,B,0.25431,0.48325,0.10710,0.00171,frames/frame_002871.jpg
2872,95.733333,,0,B,0.25448,0.48277,0.10688,0.00476,frames/frame_002872.jpg
2873,95.766667,,0,B,0.25477,0.48257,0.10712,0.00126,frames/frame_002873.jpg
2874,95.800000,,0,P,0.25479,0.48216,0.10760,0.00392,frames/frame_002874.jpg
2875,95.833333,,0,B,0.25532,0.48170,0.10766,0.00181,frames/frame_002875.jpg
2876,95.866667,,0,B,0.25529,0.48193,0.10765,0.00135,frames/frame_002876.jpg
2877,95.900000,,0,B,0.25572,0.48148,0.10801,0.00425,frames/frame_002877.jpg
2878,95.933333,,0,P,0.25557,0.48254,0.10822,0.00174,frames/frame_002878.jpg
2879,95.966667,,1,I,0.25540,0.48439,0.10743,0.00540,frames/frame_002879.jpg
2880,96.000000,,0,B,0.25565,0.48404,0.10761,0.00105,frames/frame_002880.jpg
2881,96.033333,,0,B,0.25559,0.48425,0.10751,0.00082,frames/frame_002881.jpg
2882,96.066667,,0,B,0.25567,0.48415,0.10764,0.00397,frames/frame_002882.jpg
2883,96.100000,,0,P,0.25583,0.48380,0.10760,0.00082,frames/frame_002883.jpg
2884,96.133333,,0,B,0.25644,0.48175,0.10994,0.00491,frames/frame_002884.jpg
2885,96.166667,,0,B,0.25645,0.48205,0.11013,0.00122,frames/frame_002885.jpg
2886,96.200000,,0,B,0.25618,0.48225,0.10968,0.00152,frames/frame_002886.jpg
2887,96.233333,,0,P,0.25640,0.48230,0.11052,0.00444,frames/frame_002887.jpg
2888,96.266667,,0,B,0.25639,0.48245,0.11072,0.00134,frames/frame_002888.jpg
2889,96.300000,,0,B,0.25664,0.48247,0.11145,0.00408,frames/frame_002889.jpg
2890,96.333333,,0,B,0.25675,0.48225,0.11193,0.00088,frames/frame_002890.jpg
2891,96.366667,,0,P,0.25711,0.48199,0.11317,0.00172,frames/frame_002891.jpg
2892,96.400000,,0,B,0.25673,0.48253,0.11319,0.00492,frames/frame_002892.jpg
2893,96.433333,,0,B,0.25679,0.48263,0.11360,0.00070,frames/frame_002893.jpg
2894,96.466667,,0,B,0.25688,0.48236,0.11409,0.00449,frames/frame_002894.jpg
2895,96.500000,,0,P,0.25684,0.48264,0.11432,0.00124,frames/frame_002895.jpg
2896,96.533333,,0,B,0.25690,0.48197,0.11466,0.00136,frames/frame_002896.jpg
2897,96.566667,,0,B,0.25680,0.48275,0.11461,0.00486,frames/frame_002897.jpg
2898,96.600000,,0,B,0.25707,0.48252,0.11525,0.00138,frames/frame_002898.jpg
2899,96.633333,,0,P,0.25652,0.48337,0.11398,0.00510,frames/frame_002899.jpg
2900,96.666667,,0,B,0.25649,0.48306,0.11407,0.00122,frames/frame_002900.jpg
2901,96.700000,,0,B,0.25650,0.48317,0.11408,0.00101,frames/frame_002901.jpg
2902,96.733333,,0,B,0.25641,0.48285,0.11446,0.00436,frames/frame_002902.jpg
2903,96.766667,,0,P,0.25653,0.48230,0.11444,0.00141,frames/frame_002903.jpg
2904,96.800000,,0,B,0.25735,0.48130,0.11542,0.00487,frames/frame_002904.jpg
2905,96.833333,,0,B,0.25825,0.48008,0.11607,0.00195,frames/frame_002905.jpg
2906,96.866667,,0,B,0.25955,0.47225,0.11685,0.00687,frames/frame_002906.jpg
2907,96.900000,,0,P,0.25928,0.47243,0.11804,0.00601,frames/frame_002907.jpg
2908,96.933333,,0,B,0.25990,0.47141,0.11963,0.00175,frames/frame_002908.jpg
2909,96.966667,,0,B,0.25991,0.47134,0.11980,0.00682,frames/frame_002909.jpg
2910,97.000000,,0,B,0.26012,0.47068,0.11985,0.00186,frames/frame_002910.jpg
2911,97.033333,,0,P,0.26069,0.46975,0.12077,0.00223,frames/frame_002911.jpg
2912,97.066667,,0,B,0.26118,0.46777,0.12156,0.00775,frames/frame_002912.jpg
2913,97.100000,,0,B,0.26166,0.46658,0.12330,0.00317,frames/frame_002913.jpg
2914,97.133333,,0,B,0.26215,0.46630,0.12390,0.00793,frames/frame_002914.jpg
2915,97.166667,,0,P,0.26301,0.46440,0.12442,0.00291,frames/frame_002915.jpg
2916,97.200000,,0,B,0.26352,0.46292,0.12502,0.00297,frames/frame_002916.jpg
2917,97.233333,,0,B,0.26456,0.46122,0.12616,0.00866,frames/frame_002917.jpg
2918,97.266667,,0,B,0.26538,0.45956,0.12786,0.00363,frames/frame_002918.jpg
2919,97.300000,,0,P,0.26567,0.45792,0.12823,0.00957,frames/frame_002919.jpg
2920,97.333333,,0,B,0.26595,0.45579,0.12975,0.00438,frames/frame_002920.jpg
2921,97.366667,,0,B,0.26628,0.45435,0.13091,0.00383,frames/frame_002921.jpg
2922,97.400000,,0,B,0.26653,0.45286,0.13222,0.01072,frames/frame_002922.jpg
2923,97.433333,,0,P,0.26677,0.45133,0.13312,0.00408,frames/frame_002923.jpg
2924,97.466667,,0,B,0.26684,0.44911,0.13523,0.01153,frames/frame_002924.jpg
2925,97.500000,,0,B,0.26760,0.44734,0.13583,0.00432,frames/frame_002925.jpg
2926,97.533333,,0,B,0.26757,0.44591,0.13619,0.00454,frames/frame_002926.jpg
2927,97.566667,,0,P,0.26780,0.44359,0.13846,0.01203,frames/frame_002927.jpg
2928,97.600000,,0,B,0.26821,0.44119,0.13973,0.00505,frames/frame_002928.jpg
2929,97.633333,,0,B,0.26731,0.44133,0.13877,0.01560,frames/frame_002929.jpg
2930,97.666667,,0,B,0.26718,0.44077,0.13869,0.00395,frames/frame_002930.jpg
2931,97.700000,,0,P,0.26711,0.43941,0.13915,0.00383,frames/frame_002931.jpg
2932,97.733333,,0,B,0.26572,0.43887,0.13992,0.01844,frames/frame_002932.jpg
2933,97.766667,,0,B,0.26539,0.43694,0.13973,0.00489,frames/frame_002933.jpg
2934,97.800000,,0,B,0.26482,0.43664,0.13885,0.01411,frames/frame_002934.jpg
2935,97.833333,,0,P,0.26461,0.43547,0.13864,0.00430,frames/frame_002935.jpg
2936,97.866667,,0,B,0.26451,0.43418,0.13849,0.00522,frames/frame_002936.jpg
2937,97.900000,,0,B,0.26387,0.43309,0.13728,0.01427,frames/frame_002937.jpg
2938,97.933333,,0,B,0.26358,0.43220,0.13791,0.00453,frames/frame_002938.jpg
2939,97.966667,,0,P,0.26389,0.42960,0.13898,0.01371,frames/frame_002939.jpg
2940,98.000000,,0,B,0.26306,0.42853,0.13901,0.00539,frames/frame_002940.jpg
2941,98.033333,,0,B,0.26268,0.42720,0.13866,0.00481,frames/frame_002941.jpg
2942,98.066667,,0,B,0.26413,0.42328,0.13918,0.01447,frames/frame_002942.jpg
2943,98.100000,,0,P,0.26367,0.42303,0.13930,0.00485,frames/frame_002943.jpg
2944,98.133333,,0,B,0.26274,0.42219,0.14111,0.01463,frames/frame_002944.jpg
2945,98.166667,,0,B,0.26212,0.42098,0.14226,0.00522,frames/frame_002945.jpg
2946,98.200000,,0,B,0.26191,0.42022,0.14225,0.00540,frames/frame_002946.jpg
2947,98.233333,,0,P,0.26121,0.42118,0.14143,0.01569,frames/frame_002947.jpg
2948,98.266667,,0,B,0.26061,0.41979,0.14108,0.00606,frames/frame_002948.jpg
2949,98.300000,,0,B,0.25923,0.42014,0.14126,0.01269,frames/frame_002949.jpg
2950,98.333333,,0,B,0.25887,0.41859,0.14200,0.00524,frames/frame_002950.jpg
2951,98.366667,,0,P,0.25831,0.41744,0.14226,0.00567,frames/frame_002951.jpg
2952,98.400000,,0,B,0.25856,0.41408,0.14329,0.01257,frames/frame_002952.jpg
2953,98.433333,,0,B,0.25629,0.41792,0.13971,0.00708,frames/frame_002953.jpg
2954,98.466667,,0,B,0.25605,0.41583,0.13979,0.01165,frames/frame_002954.jpg
2955,98.500000,,0,P,0.25530,0.41556,0.14009,0.00518,frames/frame_002955.jpg
2956,98.533333,,0,B,0.25406,0.41581,0.14008,0.00554,frames/frame_002956.jpg
2957,98.566667,,0,B,0.25354,0.41383,0.14365,0.01223,frames/frame_002957.jpg
2958,98.600000,,0,B,0.25313,0.41245,0.14255,0.00496,frames/frame_002958.jpg
2959,98.633333,,0,P,0.25276,0.41158,0.14376,0.01298,frames/frame_002959.jpg
2960,98.666667,,0,B,0.25174,0.41065,0.14305,0.00594,frames/frame_002960.jpg
2961,98.700000,,0,B,0.25061,0.41016,0.14295,0.00602,frames/frame_002961.jpg
2962,98.733333,,0,B,0.24971,0.40856,0.14296,0.01234,frames/frame_002962.jpg
2963,98.766667,,0,P,0.24922,0.40710,0.14510,0.00595,frames/frame_002963.jpg
2964,98.800000,,0,B,0.24823,0.40725,0.14363,0.01289,frames/frame_002964.jpg
2965,98.833333,,0,B,0.24981,0.39866,0.14434,0.00606,frames/frame_002965.jpg
2966,98.866667,,0,B,0.21762,0.59177,0.10613,0.14709,frames/frame_002966.jpg
2967,98.900000,,0,P,0.21764,0.59329,0.10580,0.00244,frames/frame_002967.jpg
2968,98.933333,,0,P,0.21667,0.59563,0.10606,0.00386,frames/frame_002968.jpg
2969,98.966667,,1,I,0.21730,0.59540,0.10796,0.00624,frames/frame_002969.jpg
2970,99.000000,,0,B,0.18737,0.60075,0.09831,0.03651,frames/frame_002970.jpg
2971,99.033333,,0,B,0.18839,0.59925,0.10023,0.00140,frames/frame_002971.jpg
2972,99.066667,,0,B,0.18956,0.59733,0.10272,0.00246,frames/frame_002972.jpg
2973,99.100000,,0,P,0.19134,0.59521,0.10617,0.00371,frames/frame_002973.jpg
2974,99.133333,,0,B,0.19201,0.59402,0.10792,0.00355,frames/frame_002974.jpg
2975,99.166667,,0,B,0.19319,0.59219,0.10996,0.00307,frames/frame_002975.jpg
2976,99.200000,,0,B,0.19392,0.59005,0.11212,0.00260,frames/frame_002976.jpg
2977,99.233333,,0,P,0.19425,0.58989,0.11279,0.00234,frames/frame_002977.jpg
2978,99.266667,,0,B,0.19480,0.58862,0.11410,0.00231,frames/frame_002978.jpg
2979,99.300000,,0,B,0.19505,0.58798,0.11442,0.00184,frames/frame_002979.jpg
2980,99.333333,,0,B,0.19714,0.58410,0.11693,0.00430,frames/frame_002980.jpg
2981,99.366667,,0,P,0.19677,0.58532,0.11847,0.00425,frames/frame_002981.jpg
2982,99.400000,,0,B,0.19720,0.58427,0.11936,0.00249,frames/frame_002982.jpg
2983,99.433333,,0,B,0.19762,0.58390,0.12007,0.00231,frames/frame_002983.jpg
2984,99.466667,,0,B,0.19793,0.58319,0.12035,0.00204,frames/frame_002984.jpg
2985,99.500000,,0,P,0.19847,0.58329,0.12166,0.00249,frames/frame_002985.jpg
2986,99.533333,,0,B,0.19970,0.58148,0.12334,0.00318,frames/frame_002986.jpg
2987,99.566667,,0,B,0.20052,0.57992,0.12563,0.00267,frames/frame_002987.jpg
2988,99.600000,,0,B,0.20038,0.58015,0.12560,0.00263,frames/frame_002988.jpg
2989,99.633333,,0,P,0.20060,0.58091,0.12605,0.00229,frames/frame_002989.jpg
2990,99.666667,,0,B,0.20070,0.58155,0.12594,0.00221,frames/frame_002990.jpg
2991,99.700000,,0,B,0.20041,0.58207,0.12540,0.00174,frames/frame_002991.jpg
2992,99.733333,,0,B,0.20009,0.58177,0.12557,0.00140,frames/frame_002992.jpg
2993,99.766667,,0,P,0.20508,0.57126,0.13339,0.00761,frames/frame_002993.jpg
2994,99.800000,,0,B,0.20396,0.57354,0.12916,0.00416,frames/frame_002994.jpg
2995,99.833333,,0,B,0.20210,0.57734,0.12879,0.00415,frames/frame_002995.jpg
2996,99.866667,,0,B,0.20232,0.57778,0.12863,0.00124,frames/frame_002996.jpg
2997,99.900000,,0,P,0.20221,0.57795,0.12889,0.00141,frames/frame_002997.jpg
2998,99.933333,,0,B,0.20229,0.57815,0.12906,0.00172,frames/frame_002998.jpg
2999,99.966667,,0,B,0.20233,0.57786,0.12922,0.00150,frames/frame_002999.jpg
3000,100.000000,,0,B,0.20274,0.57644,0.13038,0.00192,frames/frame_003000.jpg
3001,100.033333,,0,P,0.20252,0.57783,0.13048,0.00240,frames/frame_003001.jpg
3002,100.066667,,0,B,0.20269,0.57716,0.12984,0.00217,frames/frame_003002.jpg
3003,100.100000,,0,B,0.20248,0.57730,0.13004,0.00186,frames/frame_003003.jpg
3004,100.133333,,0,B,0.20259,0.57686,0.13046,0.00172,frames/frame_003004.jpg
3005,100.166667,,0,P,0.20255,0.57694,0.13053,0.00244,frames/frame_003005.jpg
3006,100.200000,,0,B,0.20269,0.57623,0.13052,0.00291,frames/frame_003006.jpg
3007,100.233333,,0,B,0.20324,0.57546,0.13013,0.00373,frames/frame_003007.jpg
3008,100.266667,,0,B,0.20222,0.57762,0.12858,0.00218,frames/frame_003008.jpg
3009,100.300000,,0,P,0.20139,0.58066,0.12905,0.00283,frames/frame_003009.jpg
3010,100.333333,,0,B,0.20152,0.57922,0.12896,0.00153,frames/frame_003010.jpg
3011,100.366667,,0,B,0.20144,0.57975,0.12907,0.00116,frames/frame_003011.jpg
3012,100.400000,,0,B,0.20144,0.57878,0.12893,0.00108,frames/frame_003012.jpg
3013,100.433333,,0,P,0.20131,0.58112,0.12869,0.00156,frames/frame_003013.jpg
3014,100.466667,,0,B,0.20206,0.57713,0.12963,0.00274,frames/frame_003014.jpg
3015,100.500000,,0,B,0.20144,0.57977,0.12864,0.00210,frames/frame_003015.jpg
3016,100.533333,,0,B,0.20154,0.57876,0.12884,0.00172,frames/frame_003016.jpg
3017,100.566667,,0,P,0.20124,0.58115,0.12876,0.00228,frames/frame_003017.jpg
3018,100.600000,,0,B,0.20123,0.58122,0.12876,0.00013,frames/frame_003018.jpg
3019,100.633333,,0,B,0.20122,0.58120,0.12873,0.00010,frames/frame_003019.jpg
3020,100.666667,,0,B,0.20472,0.57170,0.13295,0.00649,frames/frame_003020.jpg
3021,100.700000,,0,P,0.11112,0.84253,0.05368,0.16934,frames/frame_003021.jpg
3022,100.733333,,0,B,0.11057,0.84394,0.05269,0.00169,frames/frame_003022.jpg
3023,100.766667,,0,B,0.11181,0.84221,0.05282,0.00293,frames/frame_003023.jpg
3024,100.800000,,0,B,0.11193,0.84222,0.05300,0.00124,frames/frame_003024.jpg
3025,100.833333,,0,P,0.11182,0.84263,0.05287,0.00132,frames/frame_003025.jpg
3026,100.866667,,0,B,0.11308,0.84114,0.05381,0.00292,frames/frame_003026.jpg
3027,100.900000,,0,B,0.11419,0.83859,0.05570,0.00210,frames/frame_003027.jpg
3028,100.933333,,0,B,0.11548,0.83753,0.05629,0.00327,frames/frame_003028.jpg
3029,100.966667,,0,P,0.11506,0.84011,0.05545,0.00243,frames/frame_003029.jpg
3030,101.000000,,0,B,0.11685,0.83800,0.05606,0.00374,frames/frame_003030.jpg
3031,101.033333,,0,B,0.11756,0.83804,0.05611,0.00207,frames/frame_003031.jpg
3032,101.066667,,0,B,0.11806,0.83725,0.05630,0.00199,frames/frame_003032.jpg
3033,101.100000,,0,P,0.12021,0.83461,0.05734,0.00449,frames/frame_003033.jpg
3034,101.133333,,0,B,0.12196,0.83068,0.05853,0.00292,frames/frame_003034.jpg
3035,101.166667,,0,B,0.12302,0.83028,0.05872,0.00264,frames/frame_003035.jpg
3036,101.200000,,0,B,0.12389,0.83032,0.05872,0.00334,frames/frame_003036.jpg
3037,101.233333,,0,P,0.12707,0.82744,0.05987,0.00538,frames/frame_003037.jpg
3038,101.266667,,0,B,0.12892,0.82385,0.06091,0.00353,frames/frame_003038.jpg
3039,101.300000,,0,B,0.13088,0.82197,0.06175,0.00383,frames/frame_003039.jpg
3040,101.333333,,0,B,0.13289,0.81939,0.06209,0.00427,frames/frame_003040.jpg
3041,101.366667,,0,P,0.13677,0.81359,0.06399,0.00725,frames/frame_003041.jpg
3042,101.400000,,0,B,0.13831,0.81225,0.06309,0.00539,frames/frame_003042.jpg
3043,101.433333,,0,B,0.14088,0.80965,0.06375,0.00515,frames/frame_003043.jpg
3044,101.466667,,0,B,0.14333,0.80425,0.06408,0.00549,frames/frame_003044.jpg
3045,101.500000,,0,P,0.14633,0.80028,0.06492,0.00534,frames/frame_003045.jpg
3046,101.533333,,0,B,0.15115,0.79405,0.06550,0.00805,frames/frame_003046.jpg
3047,101.566667,,0,B,0.15509,0.78873,0.06698,0.00711,frames/frame_003047.jpg
3048,101.600000,,0,B,0.15908,0.78119,0.06760,0.00774,frames/frame_003048.jpg
3049,101.633333,,0,P,0.16256,0.77739,0.06727,0.00872,frames/frame_003049.jpg
3050,101.666667,,0,B,0.16633,0.76989,0.06865,0.00825,frames/frame_003050.jpg
3051,101.700000,,0,B,0.16973,0.76327,0.06891,0.00807,frames/frame_003051.jpg
3052,101.733333,,0,B,0.17236,0.75711,0.06791,0.00858,frames/frame_003052.jpg
3053,101.766667,,0,P,0.17548,0.75057,0.06688,0.00823,frames/frame_003053.jpg
3054,101.800000,,0,B,0.17759,0.74459,0.06595,0.00856,frames/frame_003054.jpg
3055,101.833333,,0,B,0.18233,0.73292,0.06710,0.01097,frames/frame_003055.jpg
3056,101.866667,,0,B,0.18449,0.72650,0.06757,0.00887,frames/frame_003056.jpg
3057,101.900000,,0,P,0.18707,0.71949,0.06850,0.00902,frames/frame_003057.jpg
3058,101.933333,,0,P,0.18889,0.71260,0.06899,0.00822,frames/frame_003058.jpg
3059,101.966667,,1,I,0.19102,0.70587,0.06852,0.00942,frames/frame_003059.jpg
3060,102.000000,,0,P,0.19273,0.69945,0.06947,0.00832,frames/frame_003060.jpg
3061,102.033333,,0,B,0.19456,0.69153,0.07017,0.00770,frames/frame_003061.jpg
3062,102.066667,,0,B,0.19544,0.68487,0.06996,0.00816,frames/frame_003062.jpg
3063,102.100000,,0,B,0.19540,0.68241,0.06846,0.00679,frames/frame_003063.jpg
3064,102.133333,,0,P,0.19531,0.67901,0.06761,0.00645,frames/frame_003064.jpg
3065,102.166667,,0,P,0.19533,0.67558,0.06717,0.00530,frames/frame_003065.jpg
3066,102.200000,,0,P,0.19520,0.67350,0.06670,0.00452,frames/frame_003066.jpg
3067,102.233333,,0,P,0.19574,0.66987,0.06631,0.00543,frames/frame_003067.jpg
3068,102.266667,,0,P,0.19594,0.66694,0.06586,0.00424,frames/frame_003068.jpg
3069,102.300000,,0,P,0.19579,0.66696,0.06408,0.00451,frames/frame_003069.jpg
3070,102.333333,,0,P,0.19482,0.66926,0.06162,0.00358,frames/frame_003070.jpg
3071,102.366667,,0,P,0.19440,0.66971,0.06018,0.00261,frames/frame_003071.jpg
3072,102.400000,,0,P,0.19387,0.67040,0.05872,0.00341,frames/frame_003072.jpg
3073,102.433333,,0,P,0.19384,0.66957,0.05884,0.00246,frames/frame_003073.jpg
3074,102.466667,,0,B,0.19354,0.67039,0.05924,0.00287,frames/frame_003074.jpg
3075,102.500000,,0,B,0.02479,0.41438,0.03359,0.19677,frames/frame_003075.jpg
3076,102.533333,,0,B,0.02422,0.41333,0.03259,0.00066,frames/frame_003076.jpg
3077,102.566667,,0,P,0.02414,0.41486,0.03254,0.00024,frames/frame_003077.jpg
3078,102.600000,,0,B,0.02413,0.42120,0.03241,0.00048,frames/frame_003078.jpg
3079,102.633333,,0,B,0.02406,0.41569,0.03237,0.00046,frames/frame_003079.jpg
3080,102.666667,,0,B,0.02395,0.41558,0.03233,0.00066,frames/frame_003080.jpg
3081,102.700000,,0,P,0.02390,0.41363,0.03229,0.00038,frames/frame_003081.jpg
3082,102.733333,,0,P,0.02443,0.41995,0.03341,0.00113,frames/frame_003082.jpg
3083,102.766667,,0,B,0.02385,0.41923,0.03225,0.00096,frames/frame_003083.jpg
3084,102.800000,,0,B,0.02377,0.41447,0.03217,0.00037,frames/frame_003084.jpg
3085,102.833333,,0,B,0.02443,0.54579,0.03249,0.00159,frames/frame_003085.jpg
3086,102.866667,,0,P,0.02430,0.53971,0.03238,0.00052,frames/frame_003086.jpg
3087,102.900000,,0,B,0.02425,0.53444,0.03228,0.00037,frames/frame_003087.jpg
3088,102.933333,,0,B,0.02421,0.54135,0.03240,0.00063,frames/frame_003088.jpg
3089,102.966667,,0,P,0.02472,0.54693,0.03338,0.00105,frames/frame_003089.jpg
3090,103.000000,,0,B,0.02410,0.53800,0.03237,0.00106,frames/frame_003090.jpg
3091,103.033333,,0,B,0.02963,0.63576,0.03394,0.00607,frames/frame_003091.jpg
3092,103.066667,,0,B,0.02959,0.63355,0.03381,0.00051,frames/frame_003092.jpg
3093,103.100000,,0,P,0.02945,0.63217,0.03391,0.00050,frames/frame_003093.jpg
3094,103.133333,,0,B,0.02949,0.63670,0.03389,0.00064,frames/frame_003094.jpg
3095,103.166667,,0,B,0.02939,0.63719,0.03381,0.00047,frames/frame_003095.jpg
3096,103.200000,,0,B,0.03146,0.68258,0.03622,0.00480,frames/frame_003096.jpg
3097,103.233333,,0,P,0.03084,0.68739,0.03529,0.00102,frames/frame_003097.jpg
3098,103.266667,,0,B,0.03082,0.68631,0.03518,0.00055,frames/frame_003098.jpg
3099,103.300000,,0,B,0.03078,0.68441,0.03518,0.00038,frames/frame_003099.jpg
3100,103.333333,,0,B,0.03073,0.68831,0.03518,0.00035,frames/frame_003100.jpg
3101,103.366667,,0,P,0.03062,0.68576,0.03521,0.00061,frames/frame_003101.jpg
3102,103.400000,,0,P,0.50577,0.45686,0.06143,0.44702,frames/frame_003102.jpg
3103,103.433333,,0,B,0.50798,0.45900,0.06293,0.00294,frames/frame_003103.jpg
3104,103.466667,,0,P,0.50988,0.46231,0.06351,0.00508,frames/frame_003104.jpg
3105,103.500000,,0,B,0.06962,0.72286,0.05269,0.41632,frames/frame_003105.jpg
3106,103.533333,,0,B,0.06805,0.72472,0.05296,0.00612,frames/frame_003106.jpg
3107,103.566667,,0,B,0.06893,0.72278,0.05367,0.00189,frames/frame_003107.jpg
3108,103.600000,,0,P,0.06939,0.72209,0.05403,0.00135,frames/frame_003108.jpg
3109,103.633333,,0,B,0.06927,0.72156,0.05367,0.00307,frames/frame_003109.jpg
3110,103.666667,,0,B,0.06865,0.72383,0.05241,0.00156,frames/frame_003110.jpg
3111,103.700000,,0,B,0.06805,0.72304,0.05163,0.00206,frames/frame_003111.jpg
3112,103.733333,,0,P,0.06790,0.72516,0.05165,0.00112,frames/frame_003112.jpg
3113,103.766667,,0,B,0.06680,0.72749,0.05089,0.00181,frames/frame_003113.jpg
3114,103.800000,,0,B,0.02712,0.29879,0.03668,0.04708,frames/frame_003114.jpg
3115,103.833333,,0,B,0.02721,0.29841,0.03672,0.00140,frames/frame_003115.jpg
3116,103.866667,,0,P,0.02965,0.31858,0.04086,0.00461,frames/frame_003116.jpg
3117,103.900000,,0,B,0.02923,0.31102,0.04000,0.00224,frames/frame_003117.jpg
3118,103.933333,,0,B,0.02921,0.31231,0.03967,0.00163,frames/frame_003118.jpg
3119,103.966667,,0,B,0.03049,0.31175,0.04126,0.00223,frames/frame_003119.jpg
3120,104.000000,,0,P,0.02993,0.30508,0.04072,0.00276,frames/frame_003120.jpg
3121,104.033333,,0,B,0.02989,0.31007,0.04099,0.00248,frames/frame_003121.jpg
3122,104.066667,,0,B,0.03256,0.32227,0.04472,0.00539,frames/frame_003122.jpg
3123,104.100000,,0,B,0.03216,0.32940,0.04510,0.00458,frames/frame_003123.jpg
3124,104.133333,,0,P,0.03257,0.32593,0.04570,0.00540,frames/frame_003124.jpg
3125,104.166667,,0,B,0.03211,0.33446,0.04572,0.00548,frames/frame_003125.jpg
3126,104.200000,,0,B,0.03257,0.34315,0.04586,0.00526,frames/frame_003126.jpg
3127,104.233333,,0,B,0.03376,0.35054,0.04708,0.00656,frames/frame_003127.jpg
3128,104.266667,,0,P,0.03386,0.34557,0.04866,0.00673,frames/frame_003128.jpg
3129,104.300000,,0,B,0.03323,0.35157,0.04756,0.00763,frames/frame_003129.jpg
3130,104.333333,,0,B,0.03374,0.35055,0.04857,0.00739,frames/frame_003130.jpg
3131,104.366667,,0,B,0.03360,0.35513,0.04748,0.00928,frames/frame_003131.jpg
3132,104.400000,,0,P,0.03295,0.37316,0.04724,0.00938,frames/frame_003132.jpg
3133,104.433333,,0,B,0.03303,0.36707,0.04720,0.00935,frames/frame_003133.jpg
3134,104.466667,,0,B,0.03335,0.36077,0.04774,0.00989,frames/frame_003134.jpg
3135,104.500000,,0,B,0.03351,0.35838,0.04775,0.00915,frames/frame_003135.jpg
3136,104.533333,,0,P,0.03379,0.36929,0.04896,0.01039,frames/frame_003136.jpg
3137,104.566667,,0,B,0.03382,0.36496,0.04920,0.01129,frames/frame_003137.jpg
3138,104.600000,,0,B,0.03281,0.39099,0.04721,0.01223,frames/frame_003138.jpg
3139,104.633333,,0,P,0.03573,0.39868,0.05142,0.01369,frames/frame_003139.jpg
3140,104.666667,,0,B,0.03613,0.40721,0.05166,0.01578,frames/frame_003140.jpg
3141,104.700000,,0,B,0.03562,0.39876,0.05200,0.01398,frames/frame_003141.jpg
3142,104.733333,,0,B,0.03637,0.38803,0.05226,0.01396,frames/frame_003142.jpg
3143,104.766667,,0,P,0.03635,0.38004,0.05185,0.01298,frames/frame_003143.jpg
3144,104.800000,,0,P,0.03751,0.39881,0.05323,0.01086,frames/frame_003144.jpg
3145,104.833333,,0,B,0.03620,0.38767,0.05055,0.01112,frames/frame_003145.jpg
3146,104.866667,,0,B,0.03634,0.40763,0.05148,0.00963,frames/frame_003146.jpg
3147,104.900000,,0,B,0.03597,0.38572,0.05180,0.01232,frames/frame_003147.jpg
3148,104.933333,,0,P,0.03633,0.39834,0.05122,0.01117,frames/frame_003148.jpg
3149,104.966667,,1,I,0.03659,0.40893,0.05214,0.01411,frames/frame_003149.jpg
3150,105.000000,,0,B,0.02868,0.34674,0.04243,0.02654,frames/frame_003150.jpg
3151,105.033333,,0,B,0.02865,0.35179,0.04183,0.01952,frames/frame_003151.jpg
3152,105.066667,,0,B,0.02953,0.36613,0.04394,0.01812,frames/frame_003152.jpg
3153,105.100000,,0,P,0.02792,0.36645,0.03996,0.01270,frames/frame_003153.jpg
3154,105.133333,,0,B,0.02860,0.34878,0.04105,0.01506,frames/frame_003154.jpg
3155,105.166667,,0,P,0.02802,0.35674,0.03955,0.01351,frames/frame_003155.jpg
3156,105.200000,,0,B,0.02862,0.36801,0.04172,0.01083,frames/frame_003156.jpg
3157,105.233333,,0,B,0.02974,0.36413,0.04310,0.01193,frames/frame_003157.jpg
3158,105.266667,,0,P,0.03075,0.36206,0.04371,0.01529,frames/frame_003158.jpg
3159,105.300000,,0,B,0.02986,0.36185,0.04230,0.02012,frames/frame_003159.jpg
3160,105.333333,,0,B,0.03145,0.38534,0.04724,0.02180,frames/frame_003160.jpg
3161,105.366667,,0,B,0.03194,0.39669,0.04704,0.02497,frames/frame_003161.jpg
3162,105.400000,,0,P,0.03077,0.39126,0.04439,0.02439,frames/frame_003162.jpg
3163,105.433333,,0,B,0.03513,0.39186,0.04899,0.02778,frames/frame_003163.jpg
3164,105.466667,,0,P,0.02902,0.28933,0.04006,0.03134,frames/frame_003164.jpg
3165,105.500000,,0,B,0.02658,0.26713,0.03436,0.01837,frames/frame_003165.jpg
3166,105.533333,,0,P,0.02657,0.26461,0.03350,0.02173,frames/frame_003166.jpg
3167,105.566667,,0,B,0.04870,0.13391,0.04390,0.04121,frames/frame_003167.jpg
3168,105.600000,,0,B,0.07092,0.15954,0.06468,0.02623,frames/frame_003168.jpg
3169,105.633333,,0,P,0.96721,0.01205,0.07989,0.89651,frames/frame_003169.jpg
3170,105.666667,,0,B,0.96713,0.01191,0.07993,0.00023,frames/frame_003170.jpg
3171,105.700000,,0,P,0.95899,0.06982,0.08088,0.02197,frames/frame_003171.jpg
3172,105.733333,,0,B,0.11064,0.15433,0.07475,0.83489,frames/frame_003172.jpg
3173,105.766667,,0,B,0.11060,0.15174,0.07472,0.00032,frames/frame_003173.jpg
3174,105.800000,,0,P,0.11295,0.35592,0.07661,0.00410,frames/frame_003174.jpg
3175,105.833333,,0,B,0.12681,0.67779,0.08152,0.01871,frames/frame_003175.jpg
3176,105.866667,,0,B,0.14880,0.61403,0.08713,0.02084,frames/frame_003176.jpg
3177,105.900000,,0,P,0.15892,0.61881,0.09040,0.01703,frames/frame_003177.jpg
3178,105.933333,,0,P,0.16199,0.63477,0.09276,0.00755,frames/frame_003178.jpg
3179,105.966667,,0,P,0.16594,0.65367,0.09428,0.00960,frames/frame_003179.jpg
3180,106.000000,,0,B,0.19789,0.57990,0.10183,0.03529,frames/frame_003180.jpg
3181,106.033333,,0,P,0.20077,0.58563,0.10295,0.00687,frames/frame_003181.jpg
3182,106.066667,,0,P,0.21042,0.59455,0.10685,0.01754,frames/frame_003182.jpg
3183,106.100000,,0,P,0.22311,0.57653,0.11134,0.01634,frames/frame_003183.jpg
3184,106.133333,,0,P,0.24831,0.58388,0.12008,0.03545,frames/frame_003184.jpg
3185,106.166667,,0,B,0.25112,0.58841,0.12234,0.00890,frames/frame_003185.jpg
3186,106.200000,,0,B,0.25230,0.58987,0.12234,0.00656,frames/frame_003186.jpg
3187,106.233333,,0,B,0.25361,0.58875,0.12220,0.00884,frames/frame_003187.jpg
3188,106.266667,,0,P,0.25344,0.59140,0.12341,0.00363,frames/frame_003188.jpg
3189,106.300000,,0,B,0.25378,0.59075,0.12391,0.00608,frames/frame_003189.jpg
3190,106.333333,,0,B,0.25431,0.58981,0.12462,0.00138,frames/frame_003190.jpg
3191,106.366667,,0,B,0.25472,0.58879,0.12539,0.00085,frames/frame_003191.jpg
3192,106.400000,,0,P,0.33649,0.53798,0.14650,0.08674,frames/frame_003192.jpg
3193,106.433333,,0,B,0.33646,0.53812,0.14651,0.00044,frames/frame_003193.jpg
3194,106.466667,,0,B,0.30278,0.55040,0.13796,0.03915,frames/frame_003194.jpg
3195,106.500000,,0,B,0.30251,0.55053,0.13887,0.00071,frames/frame_003195.jpg
3196,106.533333,,0,P,0.30218,0.55047,0.14000,0.00114,frames/frame_003196.jpg
3197,106.566667,,0,B,0.30187,0.55027,0.14082,0.00355,frames/frame_003197.jpg
3198,106.600000,,0,B,0.30207,0.54931,0.14260,0.00247,frames/frame_003198.jpg
3199,106.633333,,0,B,0.30169,0.55012,0.14220,0.00474,frames/frame_003199.jpg
3200,106.666667,,0,P,0.30146,0.55073,0.14224,0.00249,frames/frame_003200.jpg
3201,106.700000,,0,B,0.30153,0.54983,0.14287,0.00278,frames/frame_003201.jpg
3202,106.733333,,0,B,0.30110,0.55087,0.14221,0.00404,frames/frame_003202.jpg
3203,106.766667,,0,B,0.30113,0.55105,0.14215,0.00132,frames/frame_003203.jpg
3204,106.800000,,0,P,0.30109,0.55213,0.14288,0.00457,frames/frame_003204.jpg
3205,106.833333,,0,B,0.30177,0.55014,0.14360,0.00242,frames/frame_003205.jpg
3206,106.866667,,0,B,0.30123,0.55205,0.14279,0.00188,frames/frame_003206.jpg
3207,106.900000,,0,B,0.30064,0.55202,0.14245,0.00404,frames/frame_003207.jpg
3208,106.933333,,0,P,0.30032,0.55282,0.14227,0.00182,frames/frame_003208.jpg
3209,106.966667,,0,B,0.30037,0.55247,0.14234,0.00392,frames/frame_003209.jpg
3210,107.000000,,0,B,0.30037,0.55259,0.14238,0.00105,frames/frame_003210.jpg
3211,107.033333,,0,B,0.30089,0.55156,0.14318,0.00148,frames/frame_003211.jpg
3212,107.066667,,0,P,0.30003,0.55206,0.14312,0.00396,frames/frame_003212.jpg
3213,107.100000,,0,P,0.29952,0.55393,0.14255,0.00198,frames/frame_003213.jpg
3214,107.133333,,0,B,0.29922,0.55429,0.14269,0.00633,frames/frame_003214.jpg
3215,107.166667,,0,B,0.29900,0.55310,0.14344,0.00260,frames/frame_003215.jpg
3216,107.200000,,0,B,0.29970,0.55114,0.14430,0.00164,frames/frame_003216.jpg
3217,107.233333,,0,P,0.29919,0.55003,0.14349,0.01004,frames/frame_003217.jpg
3218,107.266667,,0,B,0.30060,0.54536,0.14496,0.00336,frames/frame_003218.jpg
3219,107.300000,,0,B,0.30132,0.54457,0.14605,0.00306,frames/frame_003219.jpg
3220,107.333333,,0,B,0.30168,0.54345,0.14650,0.00298,frames/frame_003220.jpg
3221,107.366667,,0,P,0.30164,0.54460,0.14674,0.00284,frames/frame_003221.jpg
3222,107.400000,,0,B,0.30179,0.54272,0.14809,0.00593,frames/frame_003222.jpg
3223,107.433333,,0,B,0.30216,0.54216,0.14857,0.00115,frames/frame_003223.jpg
3224,107.466667,,0,P,0.30253,0.54113,0.15038,0.00494,frames/frame_003224.jpg
3225,107.500000,,0,B,0.46708,0.35022,0.16441,0.18102,frames/frame_003225.jpg
3226,107.533333,,0,B,0.34453,0.45324,0.17318,0.14991,frames/frame_003226.jpg
3227,107.566667,,0,B,0.29879,0.54317,0.17962,0.08367,frames/frame_003227.jpg
3228,107.600000,,0,P,0.29894,0.55121,0.17461,0.04670,frames/frame_003228.jpg
3229,107.633333,,0,B,0.30104,0.55049,0.17608,0.02631,frames/frame_003229.jpg
3230,107.666667,,0,B,0.30108,0.55028,0.17661,0.01309,frames/frame_003230.jpg
3231,107.700000,,0,B,0.30087,0.55095,0.17667,0.00613,frames/frame_003231.jpg
3232,107.733333,,0,P,0.41781,0.36287,0.16109,0.11559,frames/frame_003232.jpg
3233,107.766667,,0,B,0.34710,0.45451,0.17046,0.07244,frames/frame_003233.jpg
3234,107.800000,,0,B,0.29882,0.55218,0.17120,0.06139,frames/frame_003234.jpg
3235,107.833333,,0,B,0.29720,0.55258,0.17174,0.02435,frames/frame_003235.jpg
3236,107.866667,,0,P,0.29553,0.55368,0.17035,0.02616,frames/frame_003236.jpg
3237,107.900000,,0,B,0.29459,0.55506,0.16996,0.02533,frames/frame_003237.jpg
3238,107.933333,,0,P,0.29448,0.55649,0.16688,0.02515,frames/frame_003238.jpg
3239,107.966667,,1,I,0.45460,0.35380,0.14904,0.22999,frames/frame_003239.jpg
3240,108.000000,,0,B,0.42493,0.41551,0.15500,0.05115,frames/frame_003240.jpg
3241,108.033333,,0,B,0.38825,0.49846,0.16105,0.06414,frames/frame_003241.jpg
3242,108.066667,,0,B,0.38469,0.50436,0.16056,0.03653,frames/frame_003242.jpg
3243,108.100000,,0,P,0.37645,0.51306,0.15989,0.04896,frames/frame_003243.jpg
3244,108.133333,,0,B,0.36991,0.52077,0.15781,0.02957,frames/frame_003244.jpg
3245,108.166667,,0,B,0.38311,0.51446,0.16059,0.03297,frames/frame_003245.jpg
3246,108.200000,,0,P,0.39993,0.50343,0.15879,0.04470,frames/frame_003246.jpg
3247,108.233333,,0,B,0.40183,0.49537,0.15861,0.05335,frames/frame_003247.jpg
3248,108.266667,,0,B,0.40368,0.48516,0.15877,0.07242,frames/frame_003248.jpg
3249,108.300000,,0,B,0.40360,0.48055,0.15797,0.06243,frames/frame_003249.jpg
3250,108.333333,,0,P,0.38568,0.49927,0.15645,0.05190,frames/frame_003250.jpg
3251,108.366667,,0,B,0.39978,0.49537,0.16109,0.06694,frames/frame_003251.jpg
3252,108.400000,,0,P,0.61478,0.22104,0.14797,0.23415,frames/frame_003252.jpg
3253,108.433333,,0,B,0.47664,0.34468,0.16559,0.16674,frames/frame_003253.jpg
3254,108.466667,,0,P,0.42948,0.41363,0.16013,0.09530,frames/frame_003254.jpg
3255,108.500000,,0,B,0.40150,0.47723,0.16235,0.08294,frames/frame_003255.jpg
3256,108.533333,,0,B,0.34481,0.71651,0.12443,0.31469,frames/frame_003256.jpg
3257,108.566667,,0,B,0.34588,0.71595,0.12609,0.00152,frames/frame_003257.jpg
3258,108.600000,,0,P,0.34593,0.71597,0.12595,0.00042,frames/frame_003258.jpg
3259,108.633333,,0,B,0.40710,0.47212,0.16866,0.30575,frames/frame_003259.jpg
3260,108.666667,,0,B,0.40757,0.47163,0.16721,0.07853,frames/frame_003260.jpg
3261,108.700000,,0,B,0.39430,0.49100,0.16508,0.06186,frames/frame_003261.jpg
3262,108.733333,,0,P,0.41524,0.47263,0.16668,0.07221,frames/frame_003262.jpg
3263,108.766667,,0,B,0.23393,0.80604,0.11924,0.30050,frames/frame_003263.jpg
3264,108.800000,,0,B,0.23393,0.80603,0.11914,0.00039,frames/frame_003264.jpg
3265,108.833333,,0,P,0.23389,0.80588,0.11911,0.00071,frames/frame_003265.jpg
3266,108.866667,,0,P,0.59876,0.24683,0.17428,0.39707,frames/frame_003266.jpg
3267,108.900000,,0,B,0.49801,0.37273,0.18613,0.12172,frames/frame_003267.jpg
3268,108.933333,,0,P,0.47370,0.43019,0.19112,0.10336,frames/frame_003268.jpg
3269,108.966667,,0,B,0.25802,0.78047,0.06380,0.28654,frames/frame_003269.jpg
3270,109.000000,,0,P,0.25803,0.78044,0.06350,0.00023,frames/frame_003270.jpg
3271,109.033333,,0,B,0.25799,0.78039,0.06366,0.00087,frames/frame_003271.jpg
3272,109.066667,,0,P,0.25689,0.78236,0.06211,0.00176,frames/frame_003272.jpg
3273,109.100000,,0,B,0.47150,0.43439,0.18916,0.28489,frames/frame_003273.jpg
3274,109.133333,,0,B,0.46411,0.43278,0.18946,0.07332,frames/frame_003274.jpg
3275,109.166667,,0,B,0.47039,0.42715,0.18839,0.08865,frames/frame_003275.jpg
3276,109.200000,,0,P,0.46757,0.43434,0.18758,0.10412,frames/frame_003276.jpg
3277,109.233333,,0,B,0.46395,0.43795,0.18841,0.08101,frames/frame_003277.jpg
3278,109.266667,,0,B,0.44822,0.45354,0.18511,0.07784,frames/frame_003278.jpg
3279,109.300000,,0,P,0.46184,0.43783,0.18303,0.07974,frames/frame_003279.jpg
3280,109.333333,,0,B,0.50294,0.44175,0.22814,0.41375,frames/frame_003280.jpg
3281,109.366667,,0,P,0.50768,0.43638,0.22681,0.15651,frames/frame_003281.jpg
3282,109.400000,,0,B,0.47583,0.43881,0.22479,0.14804,frames/frame_003282.jpg
3283,109.433333,,0,B,0.46187,0.44985,0.22127,0.12401,frames/frame_003283.jpg
3284,109.466667,,0,P,0.47559,0.44420,0.21604,0.12532,frames/frame_003284.jpg
3285,109.500000,,0,B,0.61245,0.25731,0.17888,0.18506,frames/frame_003285.jpg
3286,109.533333,,0,P,0.75494,0.15179,0.15145,0.18691,frames/frame_003286.jpg
3287,109.566667,,0,P,0.90188,0.06106,0.09135,0.16469,frames/frame_003287.jpg
3288,109.600000,,0,B,1.00000,0.00004,0.05710,0.10247,frames/frame_003288.jpg
3289,109.633333,,0,B,1.00000,0.00004,0.05710,0.00000,frames/frame_003289.jpg
3290,109.666667,,0,B,1.00000,0.00000,0.05710,0.00001,frames/frame_003290.jpg
3291,109.700000,,0,P,1.00000,0.00000,0.05710,0.00000,frames/frame_003291.jpg
3292,109.733333,,0,B,1.00000,0.00000,0.05710,0.00000,frames/frame_003292.jpg
3293,109.766667,,0,P,0.41689,0.00347,0.27015,0.58327,frames/frame_003293.jpg
3294,109.800000,,0,B,0.41929,0.02410,0.25774,0.11355,frames/frame_003294.jpg
3295,109.833333,,0,P,0.55871,0.32796,0.18258,0.74142,frames/frame_003295.jpg
3296,109.866667,,0,P,0.53874,0.33853,0.17658,0.13088,frames/frame_003296.jpg
3297,109.900000,,0,B,0.59098,0.57760,0.20119,0.45387,frames/frame_003297.jpg
3298,109.933333,,0,B,0.58587,0.56702,0.20717,0.10400,frames/frame_003298.jpg
3299,109.966667,,0,P,0.57837,0.56572,0.20782,0.07569,frames/frame_003299.jpg
3300,110.000000,,0,B,0.57784,0.56604,0.20722,0.04499,frames/frame_003300.jpg
3301,110.033333,,0,B,0.58603,0.57353,0.20715,0.07838,frames/frame_003301.jpg
3302,110.066667,,0,B,0.55378,0.39474,0.20200,0.25927,frames/frame_003302.jpg
3303,110.100000,,0,P,0.54878,0.39804,0.20076,0.04225,frames/frame_003303.jpg
3304,110.133333,,0,B,0.54911,0.39592,0.20113,0.02490,frames/frame_003304.jpg
3305,110.166667,,0,B,0.53912,0.39307,0.19598,0.03251,frames/frame_003305.jpg
3306,110.200000,,0,P,0.59488,0.18255,0.13481,0.27092,frames/frame_003306.jpg
3307,110.233333,,0,P,0.21153,0.68592,0.17183,0.38547,frames/frame_003307.jpg
3308,110.266667,,0,P,0.22403,0.68616,0.18295,0.11796,frames/frame_003308.jpg
3309,110.300000,,0,P,0.22868,0.67047,0.19868,0.09985,frames/frame_003309.jpg
3310,110.333333,,0,P,0.23075,0.67236,0.19098,0.06772,frames/frame_003310.jpg
3311,110.366667,,0,P,0.23373,0.66928,0.20158,0.04391,frames/frame_003311.jpg
3312,110.400000,,0,P,0.23635,0.65837,0.20416,0.03086,frames/frame_003312.jpg
3313,110.433333,,0,P,0.23951,0.66797,0.19627,0.03627,frames/frame_003313.jpg
3314,110.466667,,0,B,0.23925,0.66498,0.20524,0.03457,frames/frame_003314.jpg
3315,110.500000,,0,P,0.23992,0.66073,0.21076,0.03520,frames/frame_003315.jpg
3316,110.533333,,0,P,0.24329,0.65896,0.20480,0.03348,frames/frame_003316.jpg
3317,110.566667,,0,P,0.24356,0.65691,0.21254,0.03389,frames/frame_003317.jpg
3318,110.600000,,0,B,0.24593,0.66578,0.19403,0.03573,frames/frame_003318.jpg
3319,110.633333,,0,P,0.24163,0.66752,0.19046,0.02986,frames/frame_003319.jpg
3320,110.666667,,0,P,0.61457,0.19092,0.16406,0.37537,frames/frame_003320.jpg
3321,110.700000,,0,P,0.23460,0.65990,0.18942,0.38825,frames/frame_003321.jpg
3322,110.733333,,0,P,0.21635,0.68620,0.18022,0.12625,frames/frame_003322.jpg
3323,110.766667,,0,P,0.21825,0.68601,0.18083,0.07603,frames/frame_003323.jpg
3324,110.800000,,0,P,0.22405,0.67519,0.18317,0.04944,frames/frame_003324.jpg
3325,110.833333,,0,B,0.22484,0.67966,0.18504,0.03211,frames/frame_003325.jpg
3326,110.866667,,0,P,0.22830,0.67853,0.20232,0.02795,frames/frame_003326.jpg
3327,110.900000,,0,P,0.22830,0.67818,0.19894,0.02661,frames/frame_003327.jpg
3328,110.933333,,0,P,0.22948,0.67765,0.17549,0.02632,frames/frame_003328.jpg
3329,110.966667,,1,I,0.23276,0.67685,0.18264,0.02348,frames/frame_003329.jpg
3330,111.000000,,0,B,0.23518,0.67309,0.20563,0.02620,frames/frame_003330.jpg
3331,111.033333,,0,P,0.23308,0.67388,0.20434,0.02766,frames/frame_003331.jpg
3332,111.066667,,0,P,0.23599,0.66740,0.19879,0.02386,frames/frame_003332.jpg
3333,111.100000,,0,P,0.23908,0.66809,0.20335,0.02828,frames/frame_003333.jpg
3334,111.133333,,0,P,0.66352,0.18986,0.16846,0.41356,frames/frame_003334.jpg
3335,111.166667,,0,P,0.33484,0.58855,0.25038,0.34790,frames/frame_003335.jpg
3336,111.200000,,0,P,0.29578,0.60422,0.23372,0.15762,frames/frame_003336.jpg
3337,111.233333,,0,P,0.27632,0.63428,0.22302,0.10934,frames/frame_003337.jpg
3338,111.266667,,0,B,0.27057,0.62947,0.19496,0.05545,frames/frame_003338.jpg
3339,111.300000,,0,P,0.26605,0.63024,0.19545,0.03108,frames/frame_003339.jpg
3340,111.333333,,0,P,0.26268,0.63543,0.19856,0.02461,frames/frame_003340.jpg
3341,111.366667,,0,P,0.58684,0.18209,0.15056,0.36312,frames/frame_003341.jpg
3342,111.400000,,0,P,0.22760,0.66730,0.20844,0.36362,frames/frame_003342.jpg
3343,111.433333,,0,P,0.23349,0.66174,0.20714,0.10829,frames/frame_003343.jpg
3344,111.466667,,0,P,0.24124,0.67325,0.21458,0.07872,frames/frame_003344.jpg
3345,111.500000,,0,P,0.24421,0.66533,0.21265,0.05334,frames/frame_003345.jpg
3346,111.533333,,0,P,0.24037,0.67101,0.21069,0.03686,frames/frame_003346.jpg
3347,111.566667,,0,B,0.23708,0.66033,0.20847,0.02993,frames/frame_003347.jpg
3348,111.600000,,0,P,0.23419,0.66514,0.21968,0.03258,frames/frame_003348.jpg
3349,111.633333,,0,P,0.23302,0.66988,0.20368,0.03471,frames/frame_003349.jpg
3350,111.666667,,0,B,0.23252,0.66459,0.22201,0.03155,frames/frame_003350.jpg
3351,111.700000,,0,P,0.22987,0.65689,0.22415,0.02968,frames/frame_003351.jpg
3352,111.733333,,0,B,0.23128,0.65837,0.21810,0.02865,frames/frame_003352.jpg
3353,111.766667,,0,P,0.23238,0.66032,0.21607,0.03487,frames/frame_003353.jpg
3354,111.800000,,0,P,0.23094,0.66230,0.20649,0.03176,frames/frame_003354.jpg
3355,111.833333,,0,P,0.22761,0.66081,0.22248,0.03166,frames/frame_003355.jpg
3356,111.866667,,0,P,0.22751,0.66211,0.21577,0.03277,frames/frame_003356.jpg
3357,111.900000,,0,B,0.22557,0.66488,0.22645,0.02950,frames/frame_003357.jpg
3358,111.933333,,0,P,0.22473,0.65855,0.21038,0.03335,frames/frame_003358.jpg
3359,111.966667,,0,B,0.22122,0.65689,0.21266,0.02773,frames/frame_003359.jpg
3360,112.000000,,0,P,0.21577,0.66030,0.20062,0.03239,frames/frame_003360.jpg
3361,112.033333,,0,B,0.21226,0.67515,0.19154,0.02838,frames/frame_003361.jpg
3362,112.066667,,0,P,0.21052,0.67850,0.19503,0.02635,frames/frame_003362.jpg
3363,112.100000,,0,P,0.20434,0.68810,0.19764,0.02458,frames/frame_003363.jpg
3364,112.133333,,0,B,0.20384,0.68874,0.19335,0.02420,frames/frame_003364.jpg
3365,112.166667,,0,P,0.20257,0.67678,0.17563,0.02495,frames/frame_003365.jpg
3366,112.200000,,0,P,0.20119,0.66989,0.17061,0.02367,frames/frame_003366.jpg
3367,112.233333,,0,P,0.19767,0.67928,0.17204,0.02494,frames/frame_003367.jpg
3368,112.266667,,0,P,0.19301,0.68369,0.17236,0.02627,frames/frame_003368.jpg
3369,112.300000,,0,P,0.19402,0.68327,0.17458,0.02153,frames/frame_003369.jpg
3370,112.333333,,0,P,0.19428,0.68913,0.17475,0.02034,frames/frame_003370.jpg
3371,112.366667,,0,P,0.19212,0.69186,0.16852,0.02068,frames/frame_003371.jpg
3372,112.400000,,0,P,0.19686,0.68374,0.16085,0.02122,frames/frame_003372.jpg
3373,112.433333,,0,B,0.19874,0.68159,0.15924,0.01863,frames/frame_003373.jpg
3374,112.466667,,0,P,0.20157,0.68638,0.16996,0.02090,frames/frame_003374.jpg
3375,112.500000,,0,P,0.20095,0.68149,0.17872,0.02742,frames/frame_003375.jpg
3376,112.533333,,0,B,0.58917,0.16476,0.14471,0.37801,frames/frame_003376.jpg
3377,112.566667,,0,B,0.23127,0.64498,0.20763,0.36497,frames/frame_003377.jpg
3378,112.600000,,0,P,0.23248,0.64629,0.19919,0.09353,frames/frame_003378.jpg
3379,112.633333,,0,B,0.23845,0.64165,0.21979,0.07535,frames/frame_003379.jpg
3380,112.666667,,0,P,0.24323,0.64324,0.21445,0.05254,frames/frame_003380.jpg
3381,112.700000,,0,B,0.23698,0.65251,0.20655,0.03910,frames/frame_003381.jpg
3382,112.733333,,0,P,0.23670,0.65300,0.20136,0.02532,frames/frame_003382.jpg
3383,112.766667,,0,P,0.24094,0.63887,0.21795,0.10705,frames/frame_003383.jpg
3384,112.800000,,0,P,0.21583,0.65395,0.20764,0.10062,frames/frame_003384.jpg
3385,112.833333,,0,B,0.20245,0.65515,0.17941,0.07260,frames/frame_003385.jpg
3386,112.866667,,0,B,0.18968,0.66258,0.17276,0.05159,frames/frame_003386.jpg
3387,112.900000,,0,B,0.19277,0.66417,0.17756,0.02980,frames/frame_003387.jpg
3388,112.933333,,0,P,0.19113,0.66490,0.16911,0.02050,frames/frame_003388.jpg
3389,112.966667,,0,B,0.61271,0.17160,0.14835,0.41201,frames/frame_003389.jpg
3390,113.000000,,0,P,0.60920,0.17188,0.16694,0.04115,frames/frame_003390.jpg
3391,113.033333,,0,B,0.25084,0.62179,0.21759,0.36052,frames/frame_003391.jpg
3392,113.066667,,0,P,0.26674,0.61640,0.22888,0.08162,frames/frame_003392.jpg
3393,113.100000,,0,P,0.26877,0.60867,0.23596,0.09910,frames/frame_003393.jpg
3394,113.133333,,0,P,0.26455,0.60975,0.22972,0.10063,frames/frame_003394.jpg
3395,113.166667,,0,B,0.23641,0.62267,0.20211,0.09925,frames/frame_003395.jpg
3396,113.200000,,0,P,0.27108,0.59587,0.23819,0.10193,frames/frame_003396.jpg
3397,113.233333,,0,P,0.26604,0.59978,0.23012,0.10542,frames/frame_003397.jpg
3398,113.266667,,0,B,0.24089,0.60299,0.21004,0.08168,frames/frame_003398.jpg
3399,113.300000,,0,P,0.24405,0.60127,0.21140,0.02603,frames/frame_003399.jpg
3400,113.333333,,0,P,1.00000,0.00000,0.05710,0.74728,frames/frame_003400.jpg
3401,113.366667,,0,B,0.23391,0.64891,0.12283,0.74751,frames/frame_003401.jpg
3402,113.400000,,0,B,0.23346,0.64911,0.12172,0.00523,frames/frame_003402.jpg
3403,113.433333,,0,B,0.23386,0.64859,0.12263,0.00339,frames/frame_003403.jpg
3404,113.466667,,0,P,0.23397,0.64884,0.12321,0.00360,frames/frame_003404.jpg
3405,113.500000,,0,P,0.23386,0.64940,0.12322,0.00244,frames/frame_003405.jpg
3406,113.533333,,0,P,0.23373,0.64953,0.12332,0.00235,frames/frame_003406.jpg
3407,113.566667,,0,P,0.23379,0.64970,0.12321,0.00214,frames/frame_003407.jpg
3408,113.600000,,0,P,0.23378,0.64984,0.12335,0.00201,frames/frame_003408.jpg
3409,113.633333,,0,P,0.23399,0.64905,0.12324,0.00218,frames/frame_003409.jpg
3410,113.666667,,0,P,0.23414,0.64901,0.12361,0.00227,frames/frame_003410.jpg
3411,113.700000,,0,P,0.23428,0.64920,0.12381,0.00202,frames/frame_003411.jpg
3412,113.733333,,0,P,0.23448,0.64866,0.12429,0.00163,frames/frame_003412.jpg
3413,113.766667,,0,P,0.23451,0.64888,0.12427,0.00136,frames/frame_003413.jpg
3414,113.800000,,0,P,0.23422,0.64959,0.12429,0.00168,frames/frame_003414.jpg
3415,113.833333,,0,P,0.23429,0.64935,0.12430,0.00134,frames/frame_003415.jpg
3416,113.866667,,0,B,0.23407,0.64951,0.12338,0.00325,frames/frame_003416.jpg
3417,113.900000,,0,P,0.23433,0.64910,0.12454,0.00331,frames/frame_003417.jpg
3418,113.933333,,0,P,0.23452,0.64850,0.12482,0.00141,frames/frame_003418.jpg
3419,113.966667,,1,I,0.23501,0.64709,0.12487,0.00326,frames/frame_003419.jpg
3420,114.000000,,0,P,0.23511,0.64679,0.12514,0.00103,frames/frame_003420.jpg
3421,114.033333,,0,P,0.23549,0.64620,0.12591,0.00155,frames/frame_003421.jpg
3422,114.066667,,0,P,0.23563,0.64618,0.12606,0.00141,frames/frame_003422.jpg
3423,114.100000,,0,B,0.23580,0.64534,0.12673,0.00297,frames/frame_003423.jpg
3424,114.133333,,0,B,0.23586,0.64532,0.12669,0.00904,frames/frame_003424.jpg
3425,114.166667,,0,B,0.23226,0.65008,0.12457,0.02449,frames/frame_003425.jpg
3426,114.200000,,0,P,0.22953,0.65411,0.11959,0.01282,frames/frame_003426.jpg
3427,114.233333,,0,B,0.22825,0.65440,0.11943,0.01191,frames/frame_003427.jpg
3428,114.266667,,0,B,0.22924,0.65604,0.11825,0.02903,frames/frame_003428.jpg
3429,114.300000,,0,P,0.37928,0.71920,0.11061,0.27489,frames/frame_003429.jpg
3430,114.333333,,0,B,0.28500,0.65682,0.15927,0.17073,frames/frame_003430.jpg
3431,114.366667,,0,P,0.29020,0.64814,0.16534,0.06790,frames/frame_003431.jpg
3432,114.400000,,0,B,0.28492,0.65570,0.15806,0.05083,frames/frame_003432.jpg
3433,114.433333,,0,B,0.28841,0.65778,0.15866,0.03736,frames/frame_003433.jpg
3434,114.466667,,0,P,0.28928,0.65433,0.15974,0.03048,frames/frame_003434.jpg
3435,114.500000,,0,P,0.28947,0.65554,0.15674,0.01837,frames/frame_003435.jpg
3436,114.533333,,0,B,0.29722,0.66873,0.12034,0.06140,frames/frame_003436.jpg
3437,114.566667,,0,B,0.29668,0.66878,0.11928,0.01177,frames/frame_003437.jpg
3438,114.600000,,0,B,0.29970,0.66062,0.12519,0.01555,frames/frame_003438.jpg
3439,114.633333,,0,P,0.31083,0.64759,0.13275,0.02785,frames/frame_003439.jpg
3440,114.666667,,0,P,0.30923,0.65178,0.13470,0.01061,frames/frame_003440.jpg
3441,114.700000,,0,B,0.31042,0.64630,0.13396,0.02112,frames/frame_003441.jpg
3442,114.733333,,0,B,0.31081,0.64563,0.13946,0.01379,frames/frame_003442.jpg
3443,114.766667,,0,P,0.30732,0.64273,0.13346,0.02065,frames/frame_003443.jpg
3444,114.800000,,0,B,0.30815,0.64075,0.13518,0.00161,frames/frame_003444.jpg
3445,114.833333,,0,B,0.30769,0.64016,0.13658,0.00875,frames/frame_003445.jpg
3446,114.866667,,0,B,0.30827,0.63878,0.13742,0.00290,frames/frame_003446.jpg
3447,114.900000,,0,P,0.31252,0.63859,0.14115,0.00664,frames/frame_003447.jpg
3448,114.933333,,0,B,0.31251,0.63858,0.14177,0.00256,frames/frame_003448.jpg
3449,114.966667,,0,B,0.31225,0.63934,0.14131,0.00208,frames/frame_003449.jpg
3450,115.000000,,0,B,0.30870,0.63810,0.13968,0.00579,frames/frame_003450.jpg
3451,115.033333,,0,P,0.30865,0.63848,0.13889,0.00255,frames/frame_003451.jpg
3452,115.066667,,0,B,0.30864,0.63847,0.13941,0.00198,frames/frame_003452.jpg
3453,115.100000,,0,B,0.31220,0.63950,0.14140,0.00549,frames/frame_003453.jpg
3454,115.133333,,0,B,0.31220,0.63949,0.14122,0.00088,frames/frame_003454.jpg
3455,115.166667,,0,P,0.31208,0.63974,0.14122,0.00340,frames/frame_003455.jpg
3456,115.200000,,0,B,0.31220,0.63959,0.14141,0.00183,frames/frame_003456.jpg
3457,115.233333,,0,B,0.22940,0.60379,0.11401,0.25082,frames/frame_003457.jpg
3458,115.266667,,0,B,0.22466,0.60921,0.10911,0.02450,frames/frame_003458.jpg
3459,115.300000,,0,P,0.22136,0.61346,0.10347,0.01664,frames/frame_003459.jpg
3460,115.333333,,0,B,0.22007,0.61555,0.10252,0.02378,frames/frame_003460.jpg
3461,115.366667,,0,B,0.22121,0.61362,0.10409,0.01514,frames/frame_003461.jpg
3462,115.400000,,0,B,0.22172,0.61110,0.10446,0.00904,frames/frame_003462.jpg
3463,115.433333,,0,P,0.24055,0.58935,0.12926,0.02959,frames/frame_003463.jpg
3464,115.466667,,0,B,0.24107,0.58756,0.13160,0.03046,frames/frame_003464.jpg
3465,115.500000,,0,B,0.24218,0.58431,0.13298,0.02478,frames/frame_003465.jpg
3466,115.533333,,0,B,0.24271,0.58162,0.13392,0.01062,frames/frame_003466.jpg
3467,115.566667,,0,P,0.24295,0.57934,0.13495,0.01984,frames/frame_003467.jpg
3468,115.600000,,0,B,0.24508,0.57630,0.13775,0.01722,frames/frame_003468.jpg
3469,115.633333,,0,B,0.24625,0.57632,0.13938,0.01138,frames/frame_003469.jpg
3470,115.666667,,0,B,0.24624,0.57514,0.14019,0.01066,frames/frame_003470.jpg
3471,115.700000,,0,P,0.24719,0.57164,0.14055,0.01519,frames/frame_003471.jpg
3472,115.733333,,0,B,0.24839,0.56957,0.14293,0.01466,frames/frame_003472.jpg
3473,115.766667,,0,B,0.24852,0.56887,0.14242,0.00805,frames/frame_003473.jpg
3474,115.800000,,0,B,0.24793,0.56993,0.14119,0.01512,frames/frame_003474.jpg
3475,115.833333,,0,P,0.24749,0.56928,0.14160,0.01311,frames/frame_003475.jpg
3476,115.866667,,0,B,0.24839,0.56807,0.14216,0.00922,frames/frame_003476.jpg
3477,115.900000,,0,B,0.24720,0.57080,0.14255,0.02134,frames/frame_003477.jpg
3478,115.933333,,0,B,0.24801,0.56941,0.14164,0.01943,frames/frame_003478.jpg
3479,115.966667,,0,P,0.24781,0.57029,0.14213,0.01077,frames/frame_003479.jpg
3480,116.000000,,0,B,0.24826,0.56927,0.14214,0.00807,frames/frame_003480.jpg
3481,116.033333,,0,B,0.29811,0.55839,0.17012,0.08218,frames/frame_003481.jpg
3482,116.066667,,0,B,0.26966,0.57723,0.14963,0.06798,frames/frame_003482.jpg
3483,116.100000,,0,P,0.25502,0.58394,0.13623,0.04172,frames/frame_003483.jpg
3484,116.133333,,0,B,0.22239,0.61637,0.12616,0.07416,frames/frame_003484.jpg
3485,116.166667,,0,B,0.22267,0.61696,0.12222,0.02015,frames/frame_003485.jpg
3486,116.200000,,0,B,0.19317,0.64826,0.10857,0.05004,frames/frame_003486.jpg
3487,116.233333,,0,P,0.19237,0.65179,0.10600,0.02011,frames/frame_003487.jpg
3488,116.266667,,0,B,0.17514,0.67014,0.09997,0.03667,frames/frame_003488.jpg
3489,116.300000,,0,B,0.17430,0.67147,0.09632,0.02174,frames/frame_003489.jpg
3490,116.333333,,0,B,0.16838,0.67586,0.10063,0.03027,frames/frame_003490.jpg
3491,116.366667,,0,P,0.16576,0.68102,0.09279,0.02101,frames/frame_003491.jpg
3492,116.400000,,0,B,0.16663,0.67739,0.10427,0.03003,frames/frame_003492.jpg
3493,116.433333,,0,B,0.16589,0.67765,0.10187,0.02463,frames/frame_003493.jpg
3494,116.466667,,0,B,0.16606,0.67744,0.10196,0.02815,frames/frame_003494.jpg
3495,116.500000,,0,P,0.16493,0.68140,0.09794,0.02473,frames/frame_003495.jpg
3496,116.533333,,0,P,0.16485,0.68291,0.10176,0.02287,frames/frame_003496.jpg
3497,116.566667,,0,P,0.83248,0.08067,0.09968,0.62848,frames/frame_003497.jpg
3498,116.600000,,0,P,0.32143,0.61885,0.17222,0.51045,frames/frame_003498.jpg
3499,116.633333,,0,B,0.28415,0.63086,0.16490,0.09792,frames/frame_003499.jpg
3500,116.666667,,0,B,0.27777,0.62926,0.17084,0.05128,frames/frame_003500.jpg
3501,116.700000,,0,B,0.28027,0.62491,0.17529,0.02004,frames/frame_003501.jpg
3502,116.733333,,0,P,0.27926,0.62964,0.17830,0.04905,frames/frame_003502.jpg
3503,116.766667,,0,B,0.27850,0.63016,0.17490,0.02068,frames/frame_003503.jpg
3504,116.800000,,0,B,0.28424,0.60867,0.17824,0.04635,frames/frame_003504.jpg
3505,116.833333,,0,B,0.28934,0.59728,0.18735,0.03356,frames/frame_003505.jpg
3506,116.866667,,0,P,0.29333,0.58874,0.19435,0.03914,frames/frame_003506.jpg
3507,116.900000,,0,B,0.28853,0.61024,0.19038,0.05773,frames/frame_003507.jpg
3508,116.933333,,0,P,0.28809,0.61221,0.19200,0.03080,frames/frame_003508.jpg
3509,116.966667,,1,I,0.29018,0.60943,0.19530,0.06128,frames/frame_003509.jpg
3510,117.000000,,0,P,0.28479,0.61366,0.18787,0.03271,frames/frame_003510.jpg
3511,117.033333,,0,B,0.15779,0.69914,0.12752,0.21956,frames/frame_003511.jpg
3512,117.066667,,0,P,0.15522,0.70273,0.12912,0.02284,frames/frame_003512.jpg
3513,117.100000,,0,P,0.15434,0.70446,0.12169,0.02419,frames/frame_003513.jpg
3514,117.133333,,0,P,0.15501,0.69887,0.12433,0.02117,frames/frame_003514.jpg
3515,117.166667,,0,P,0.15805,0.69102,0.13201,0.02261,frames/frame_003515.jpg
3516,117.200000,,0,P,0.15589,0.68716,0.12713,0.02406,frames/frame_003516.jpg
3517,117.233333,,0,P,0.15857,0.67910,0.13615,0.02184,frames/frame_003517.jpg
3518,117.266667,,0,P,0.16100,0.67580,0.13685,0.02607,frames/frame_003518.jpg
3519,117.300000,,0,B,0.16390,0.66891,0.14220,0.02582,frames/frame_003519.jpg
3520,117.333333,,0,P,0.16669,0.66086,0.14657,0.02843,frames/frame_003520.jpg
3521,117.366667,,0,P,0.16618,0.65755,0.14570,0.03063,frames/frame_003521.jpg
3522,117.400000,,0,P,0.16894,0.64994,0.15221,0.02976,frames/frame_003522.jpg
3523,117.433333,,0,P,0.16879,0.65017,0.15078,0.03416,frames/frame_003523.jpg
3524,117.466667,,0,P,0.16885,0.64768,0.15336,0.03414,frames/frame_003524.jpg
3525,117.500000,,0,P,0.17893,0.65355,0.15905,0.04852,frames/frame_003525.jpg
3526,117.533333,,0,P,0.17617,0.65305,0.15703,0.04105,frames/frame_003526.jpg
3527,117.566667,,0,P,0.17605,0.65267,0.15889,0.03922,frames/frame_003527.jpg
3528,117.600000,,0,P,0.17612,0.64846,0.15721,0.03976,frames/frame_003528.jpg
3529,117.633333,,0,P,0.18045,0.64374,0.16627,0.03850,frames/frame_003529.jpg
3530,117.666667,,0,P,0.18240,0.63389,0.16803,0.04389,frames/frame_003530.jpg
3531,117.700000,,0,P,0.18673,0.62492,0.17331,0.04993,frames/frame_003531.jpg
3532,117.733333,,0,B,0.17687,0.64924,0.15914,0.04098,frames/frame_003532.jpg
3533,117.766667,,0,B,0.18613,0.65579,0.16193,0.04477,frames/frame_003533.jpg
3534,117.800000,,0,B,0.18300,0.65609,0.15949,0.04144,frames/frame_003534.jpg
3535,117.833333,,0,P,0.18379,0.65306,0.15674,0.03620,frames/frame_003535.jpg
3536,117.866667,,0,B,0.18772,0.64365,0.16024,0.03920,frames/frame_003536.jpg
3537,117.900000,,0,B,0.19183,0.62856,0.16990,0.04370,frames/frame_003537.jpg
3538,117.933333,,0,P,0.20108,0.62781,0.17496,0.05901,frames/frame_003538.jpg
3539,117.966667,,0,P,0.20172,0.62178,0.18171,0.05671,frames/frame_003539.jpg
3540,118.000000,,0,P,0.19956,0.62629,0.17712,0.05677,frames/frame_003540.jpg
3541,118.033333,,0,B,0.19094,0.64245,0.16222,0.04578,frames/frame_003541.jpg
3542,118.066667,,0,B,0.19118,0.64062,0.16886,0.03821,frames/frame_003542.jpg
3543,118.100000,,0,B,0.19516,0.63132,0.17236,0.04572,frames/frame_003543.jpg
3544,118.133333,,0,P,0.19731,0.62284,0.17935,0.04939,frames/frame_003544.jpg
3545,118.166667,,0,P,0.18501,0.65010,0.16831,0.05949,frames/frame_003545.jpg
3546,118.200000,,0,B,0.21320,0.63976,0.15114,0.07280,frames/frame_003546.jpg
3547,118.233333,,0,B,0.22260,0.62288,0.15272,0.03566,frames/frame_003547.jpg
3548,118.266667,,0,B,0.22261,0.62041,0.15514,0.03826,frames/frame_003548.jpg
3549,118.300000,,0,P,0.22256,0.62188,0.15591,0.03691,frames/frame_003549.jpg
3550,118.333333,,0,B,0.22741,0.61853,0.15401,0.02451,frames/frame_003550.jpg
3551,118.366667,,0,B,0.21915,0.62641,0.15316,0.02861,frames/frame_003551.jpg
3552,118.400000,,0,B,0.23188,0.62063,0.16688,0.05427,frames/frame_003552.jpg
3553,118.433333,,0,P,0.22602,0.62412,0.16273,0.04594,frames/frame_003553.jpg
3554,118.466667,,0,B,0.22278,0.62633,0.15763,0.03521,frames/frame_003554.jpg
3555,118.500000,,0,B,0.23191,0.61662,0.16149,0.03513,frames/frame_003555.jpg
3556,118.533333,,0,B,0.22749,0.61893,0.16145,0.03042,frames/frame_003556.jpg
3557,118.566667,,0,P,0.22535,0.62034,0.16036,0.02979,frames/frame_003557.jpg
3558,118.600000,,0,P,0.23079,0.61264,0.16062,0.03766,frames/frame_003558.jpg
3559,118.633333,,0,B,0.20929,0.65231,0.13360,0.02765,frames/frame_003559.jpg
3560,118.666667,,0,B,0.21540,0.64764,0.13602,0.02093,frames/frame_003560.jpg
3561,118.700000,,0,P,0.20895,0.65225,0.13498,0.01597,frames/frame_003561.jpg
3562,118.733333,,0,B,0.21674,0.64290,0.13723,0.02151,frames/frame_003562.jpg
3563,118.766667,,0,B,0.20709,0.65189,0.13511,0.02112,frames/frame_003563.jpg
3564,118.800000,,0,B,0.21088,0.64997,0.13682,0.02135,frames/frame_003564.jpg
3565,118.833333,,0,P,0.21243,0.64752,0.13507,0.01745,frames/frame_003565.jpg
3566,118.866667,,0,B,0.22374,0.53131,0.16127,0.21673,frames/frame_003566.jpg
3567,118.900000,,0,B,0.21195,0.54616,0.14531,0.07253,frames/frame_003567.jpg
3568,118.933333,,0,P,0.20704,0.54642,0.14100,0.05297,frames/frame_003568.jpg
3569,118.966667,,0,B,0.20115,0.55194,0.13436,0.02658,frames/frame_003569.jpg
3570,119.000000,,0,B,0.20354,0.54589,0.14047,0.01958,frames/frame_003570.jpg
3571,119.033333,,0,B,0.20402,0.54892,0.13566,0.02072,frames/frame_003571.jpg
3572,119.066667,,0,P,0.20527,0.54935,0.13691,0.01924,frames/frame_003572.jpg
3573,119.100000,,0,B,0.20831,0.54517,0.14275,0.02148,frames/frame_003573.jpg
3574,119.133333,,0,B,0.20842,0.54524,0.14114,0.01791,frames/frame_003574.jpg
3575,119.166667,,0,B,0.20627,0.54793,0.13805,0.01539,frames/frame_003575.jpg
3576,119.200000,,0,P,0.20436,0.55145,0.13905,0.01692,frames/frame_003576.jpg
3577,119.233333,,0,B,0.20181,0.55012,0.13666,0.01923,frames/frame_003577.jpg
3578,119.266667,,0,B,0.23264,0.52635,0.17249,0.04897,frames/frame_003578.jpg
3579,119.300000,,0,B,0.23016,0.52584,0.16510,0.04348,frames/frame_003579.jpg
3580,119.333333,,0,P,0.22823,0.53076,0.16383,0.04472,frames/frame_003580.jpg
3581,119.366667,,0,B,0.22309,0.53300,0.15937,0.02585,frames/frame_003581.jpg
3582,119.400000,,0,B,0.22424,0.52667,0.15849,0.01934,frames/frame_003582.jpg
3583,119.433333,,0,B,0.22790,0.52609,0.16458,0.01918,frames/frame_003583.jpg
3584,119.466667,,0,P,0.22981,0.52300,0.16364,0.02132,frames/frame_003584.jpg
3585,119.500000,,0,B,0.22837,0.52808,0.16104,0.01744,frames/frame_003585.jpg
3586,119.533333,,0,B,0.22695,0.52783,0.16640,0.01563,frames/frame_003586.jpg
3587,119.566667,,0,B,0.22484,0.52871,0.16178,0.01678,frames/frame_003587.jpg
3588,119.600000,,0,P,0.22161,0.53323,0.15580,0.01549,frames/frame_003588.jpg
3589,119.633333,,0,B,0.22239,0.53182,0.16019,0.01304,frames/frame_003589.jpg
3590,119.666667,,0,B,0.22208,0.53353,0.15802,0.01306,frames/frame_003590.jpg
3591,119.700000,,0,B,0.22351,0.53140,0.16187,0.01475,frames/frame_003591.jpg
3592,119.733333,,0,P,0.33303,0.59401,0.16171,0.21862,frames/frame_003592.jpg
3593,119.766667,,0,B,0.28341,0.56620,0.16346,0.14306,frames/frame_003593.jpg
3594,119.800000,,0,B,0.24182,0.58501,0.14765,0.09578,frames/frame_003594.jpg
3595,119.833333,,0,B,0.23367,0.57969,0.14280,0.04437,frames/frame_003595.jpg
3596,119.866667,,0,P,0.23831,0.56993,0.15043,0.03570,frames/frame_003596.jpg
3597,119.900000,,0,B,0.23812,0.57490,0.14568,0.03109,frames/frame_003597.jpg
3598,119.933333,,0,P,0.23358,0.57926,0.14168,0.01986,frames/frame_003598.jpg
3599,119.966667,,1,I,0.23137,0.58210,0.14265,0.02064,frames/frame_003599.jpg
3600,120.000000,,0,B,0.23405,0.57456,0.14302,0.02799,frames/frame_003600.jpg
3601,120.033333,,0,B,0.23356,0.57815,0.14089,0.01451,frames/frame_003601.jpg
3602,120.066667,,0,B,0.23399,0.58033,0.14293,0.01630,frames/frame_003602.jpg
3603,120.100000,,0,P,0.23229,0.58077,0.13925,0.02764,frames/frame_003603.jpg
3604,120.133333,,0,B,0.23589,0.57679,0.14633,0.03049,frames/frame_003604.jpg
3605,120.166667,,0,B,0.23777,0.57241,0.14839,0.02958,frames/frame_003605.jpg
3606,120.200000,,0,B,0.23749,0.57425,0.14484,0.02094,frames/frame_003606.jpg
3607,120.233333,,0,P,0.24200,0.56723,0.15553,0.01683,frames/frame_003607.jpg
3608,120.266667,,0,B,0.23683,0.57675,0.14542,0.01701,frames/frame_003608.jpg
3609,120.300000,,0,B,0.23444,0.58039,0.14716,0.01640,frames/frame_003609.jpg
3610,120.333333,,0,B,0.23314,0.57448,0.14651,0.01760,frames/frame_003610.jpg
3611,120.366667,,0,P,0.23157,0.58226,0.14388,0.01247,frames/frame_003611.jpg
3612,120.400000,,0,B,0.23162,0.58174,0.14225,0.01221,frames/frame_003612.jpg
3613,120.433333,,0,P,0.23202,0.57912,0.14117,0.01292,frames/frame_003613.jpg
3614,120.466667,,0,P,0.76093,0.27470,0.18687,0.55897,frames/frame_003614.jpg
3615,120.500000,,0,B,0.76093,0.26875,0.20324,0.02952,frames/frame_003615.jpg
3616,120.533333,,0,P,0.76042,0.27114,0.20443,0.04091,frames/frame_003616.jpg
3617,120.566667,,0,P,0.75932,0.27184,0.20491,0.01421,frames/frame_003617.jpg
3618,120.600000,,0,B,0.70560,0.28225,0.21878,0.06759,frames/frame_003618.jpg
3619,120.633333,,0,P,0.70466,0.28009,0.21959,0.02640,frames/frame_003619.jpg
3620,120.666667,,0,P,0.70145,0.27926,0.22417,0.02575,frames/frame_003620.jpg
3621,120.700000,,0,B,0.69599,0.28028,0.22966,0.04761,frames/frame_003621.jpg
3622,120.733333,,0,B,0.69236,0.28309,0.23924,0.04464,frames/frame_003622.jpg
3623,120.766667,,0,B,0.69393,0.28131,0.24189,0.01797,frames/frame_003623.jpg
3624,120.800000,,0,P,0.69247,0.28984,0.24441,0.02666,frames/frame_003624.jpg
3625,120.833333,,0,B,0.69306,0.28777,0.24702,0.02847,frames/frame_003625.jpg
3626,120.866667,,0,B,0.69496,0.28616,0.24683,0.01715,frames/frame_003626.jpg
3627,120.900000,,0,B,0.69504,0.28609,0.24528,0.01770,frames/frame_003627.jpg
3628,120.933333,,0,P,0.69391,0.28715,0.24358,0.01839,frames/frame_003628.jpg
3629,120.966667,,0,P,0.70114,0.28591,0.25888,0.02798,frames/frame_003629.jpg
3630,121.000000,,0,P,0.69747,0.28624,0.25774,0.02366,frames/frame_003630.jpg
3631,121.033333,,0,B,0.69653,0.28606,0.25685,0.01928,frames/frame_003631.jpg
3632,121.066667,,0,B,0.69578,0.28645,0.25869,0.01410,frames/frame_003632.jpg
3633,121.100000,,0,P,0.69542,0.28684,0.25921,0.00983,frames/frame_003633.jpg
3634,121.133333,,0,B,0.68959,0.28902,0.25832,0.02647,frames/frame_003634.jpg
3635,121.166667,,0,B,0.67865,0.30613,0.26664,0.05335,frames/frame_003635.jpg
3636,121.200000,,0,B,0.67923,0.30158,0.27006,0.01827,frames/frame_003636.jpg
3637,121.233333,,0,P,0.67923,0.30032,0.27283,0.01815,frames/frame_003637.jpg
3638,121.266667,,0,B,0.67970,0.29862,0.27475,0.01277,frames/frame_003638.jpg
3639,121.300000,,0,B,0.67977,0.29797,0.27515,0.01030,frames/frame_003639.jpg
3640,121.333333,,0,B,0.67997,0.29827,0.27538,0.00846,frames/frame_003640.jpg
3641,121.366667,,0,P,0.67717,0.29887,0.27373,0.01515,frames/frame_003641.jpg
3642,121.400000,,0,B,0.67181,0.28806,0.28363,0.02755,frames/frame_003642.jpg
3643,121.433333,,0,P,0.67428,0.28967,0.28277,0.02454,frames/frame_003643.jpg
3644,121.466667,,0,B,0.67610,0.29188,0.28156,0.02036,frames/frame_003644.jpg
3645,121.500000,,0,B,0.67614,0.29327,0.28027,0.01216,frames/frame_003645.jpg
3646,121.533333,,0,B,0.67827,0.29202,0.28044,0.00779,frames/frame_003646.jpg
3647,121.566667,,0,P,0.67817,0.29280,0.28095,0.00786,frames/frame_003647.jpg
3648,121.600000,,0,B,0.67060,0.29602,0.27998,0.03598,frames/frame_003648.jpg
3649,121.633333,,0,P,0.82817,0.13574,0.17897,0.22047,frames/frame_003649.jpg
3650,121.666667,,0,B,0.62365,0.35285,0.27469,0.24333,frames/frame_003650.jpg
3651,121.700000,,0,B,0.63446,0.33903,0.26886,0.09979,frames/frame_003651.jpg
3652,121.733333,,0,B,0.64049,0.32704,0.26523,0.06738,frames/frame_003652.jpg
3653,121.766667,,0,P,0.65221,0.30732,0.27754,0.04891,frames/frame_003653.jpg
3654,121.800000,,0,B,0.65142,0.30921,0.27550,0.01526,frames/frame_003654.jpg
3655,121.833333,,0,B,0.65058,0.30922,0.27675,0.01550,frames/frame_003655.jpg
3656,121.866667,,0,B,0.64921,0.30680,0.28117,0.01959,frames/frame_003656.jpg
3657,121.900000,,0,P,0.66749,0.27960,0.29475,0.04188,frames/frame_003657.jpg
3658,121.933333,,0,B,0.66887,0.27840,0.29847,0.01970,frames/frame_003658.jpg
3659,121.966667,,0,B,0.66884,0.27448,0.30301,0.01843,frames/frame_003659.jpg
3660,122.000000,,0,B,0.66606,0.27544,0.30243,0.01429,frames/frame_003660.jpg
3661,122.033333,,0,P,0.66396,0.27670,0.30581,0.03733,frames/frame_003661.jpg
3662,122.066667,,0,B,0.65395,0.28066,0.30309,0.14505,frames/frame_003662.jpg
3663,122.100000,,0,B,0.66124,0.27129,0.30688,0.07380,frames/frame_003663.jpg
3664,122.133333,,0,B,0.67315,0.25444,0.30743,0.05346,frames/frame_003664.jpg
3665,122.166667,,0,P,0.67507,0.24604,0.31301,0.03195,frames/frame_003665.jpg
3666,122.200000,,0,B,0.67597,0.24988,0.31136,0.02612,frames/frame_003666.jpg
3667,122.233333,,0,B,0.67551,0.24940,0.31274,0.00935,frames/frame_003667.jpg
3668,122.266667,,0,B,0.67403,0.25073,0.30912,0.04629,frames/frame_003668.jpg
3669,122.300000,,0,P,0.66656,0.24959,0.30881,0.08904,frames/frame_003669.jpg
3670,122.333333,,0,B,0.66969,0.24868,0.31582,0.05372,frames/frame_003670.jpg
3671,122.366667,,0,B,0.67437,0.24808,0.31395,0.03176,frames/frame_003671.jpg
3672,122.400000,,0,B,0.66932,0.24631,0.31119,0.02871,frames/frame_003672.jpg
3673,122.433333,,0,P,0.66613,0.25086,0.31288,0.02652,frames/frame_003673.jpg
3674,122.466667,,0,B,0.66672,0.24973,0.31445,0.00897,frames/frame_003674.jpg
3675,122.500000,,0,B,0.66846,0.25085,0.31254,0.01042,frames/frame_003675.jpg
3676,122.533333,,0,B,0.67423,0.25188,0.30792,0.02448,frames/frame_003676.jpg
3677,122.566667,,0,P,0.69292,0.26928,0.28077,0.06585,frames/frame_003677.jpg
3678,122.600000,,0,B,0.72535,0.32046,0.21732,0.11546,frames/frame_003678.jpg
3679,122.633333,,0,B,0.76148,0.38017,0.15461,0.11960,frames/frame_003679.jpg
3680,122.666667,,0,B,0.76474,0.42685,0.12629,0.13121,frames/frame_003680.jpg
3681,122.700000,,0,P,0.76860,0.42497,0.12546,0.08707,frames/frame_003681.jpg
3682,122.733333,,0,B,0.76661,0.42843,0.12324,0.08936,frames/frame_003682.jpg
3683,122.766667,,0,B,0.76752,0.42740,0.12490,0.08862,frames/frame_003683.jpg
3684,122.800000,,0,B,0.76245,0.42873,0.12853,0.08820,frames/frame_003684.jpg
3685,122.833333,,0,P,0.76461,0.42522,0.13005,0.09172,frames/frame_003685.jpg
3686,122.866667,,0,B,0.76183,0.42467,0.12711,0.08893,frames/frame_003686.jpg
3687,122.900000,,0,B,0.76104,0.42237,0.13014,0.07006,frames/frame_003687.jpg
3688,122.933333,,0,P,0.76427,0.41041,0.12820,0.09228,frames/frame_003688.jpg
3689,122.966667,,1,I,0.76881,0.41119,0.12439,0.07872,frames/frame_003689.jpg
3690,123.000000,,0,B,0.77782,0.34387,0.12519,0.09438,frames/frame_003690.jpg
3691,123.033333,,0,B,0.78447,0.31852,0.12427,0.07555,frames/frame_003691.jpg
3692,123.066667,,0,B,0.78911,0.25366,0.13303,0.08890,frames/frame_003692.jpg
3693,123.100000,,0,P,0.80487,0.17041,0.13456,0.09442,frames/frame_003693.jpg
3694,123.133333,,0,B,0.77899,0.12444,0.12577,0.07658,frames/frame_003694.jpg
3695,123.166667,,0,B,0.79446,0.11486,0.12458,0.06172,frames/frame_003695.jpg
3696,123.200000,,0,B,0.80584,0.18464,0.12930,0.07555,frames/frame_003696.jpg
3697,123.233333,,0,P,0.80394,0.20445,0.13122,0.06484,frames/frame_003697.jpg
3698,123.266667,,0,B,0.80899,0.27088,0.13479,0.07938,frames/frame_003698.jpg
3699,123.300000,,0,B,0.80351,0.27227,0.14089,0.06717,frames/frame_003699.jpg
3700,123.333333,,0,B,0.80790,0.28086,0.13946,0.06198,frames/frame_003700.jpg
3701,123.366667,,0,P,0.80583,0.28153,0.13934,0.05803,frames/frame_003701.jpg
3702,123.400000,,0,P,0.72727,0.33590,0.17032,0.13975,frames/frame_003702.jpg
3703,123.433333,,0,P,0.70574,0.36085,0.18023,0.03889,frames/frame_003703.jpg
3704,123.466667,,0,P,0.67121,0.41307,0.18960,0.05473,frames/frame_003704.jpg
3705,123.500000,,0,B,0.65373,0.41915,0.20893,0.04524,frames/frame_003705.jpg
3706,123.533333,,0,P,0.62625,0.46448,0.20402,0.05427,frames/frame_003706.jpg
3707,123.566667,,0,P,0.61328,0.47078,0.21343,0.11466,frames/frame_003707.jpg
3708,123.600000,,0,P,0.57192,0.50626,0.20461,0.06177,frames/frame_003708.jpg
3709,123.633333,,0,P,0.52738,0.54788,0.19927,0.06920,frames/frame_003709.jpg
3710,123.666667,,0,B,0.50366,0.58874,0.19658,0.05313,frames/frame_003710.jpg
3711,123.700000,,0,P,0.47010,0.62106,0.19840,0.11108,frames/frame_003711.jpg
3712,123.733333,,0,B,0.44258,0.66998,0.19491,0.05683,frames/frame_003712.jpg
3713,123.766667,,0,P,0.43647,0.66922,0.19530,0.04104,frames/frame_003713.jpg
3714,123.800000,,0,B,0.41398,0.70930,0.19174,0.05288,frames/frame_003714.jpg
3715,123.833333,,0,P,0.41419,0.70924,0.19249,0.03650,frames/frame_003715.jpg
3716,123.866667,,0,P,0.76467,0.23893,0.14698,0.36128,frames/frame_003716.jpg
3717,123.900000,,0,P,0.40329,0.69744,0.21512,0.36663,frames/frame_003717.jpg
3718,123.933333,,0,B,0.39687,0.68286,0.21640,0.08250,frames/frame_003718.jpg
3719,123.966667,,0,B,0.39194,0.72986,0.21377,0.08792,frames/frame_003719.jpg
3720,124.000000,,0,B,0.38843,0.73086,0.21661,0.05335,frames/frame_003720.jpg
3721,124.033333,,0,P,0.38806,0.73107,0.21770,0.05020,frames/frame_003721.jpg
3722,124.066667,,0,B,0.38978,0.73124,0.21294,0.04579,frames/frame_003722.jpg
3723,124.100000,,0,B,0.39640,0.68202,0.21736,0.06908,frames/frame_003723.jpg
3724,124.133333,,0,B,0.39753,0.68254,0.21657,0.04148,frames/frame_003724.jpg
3725,124.166667,,0,P,0.39450,0.68281,0.21715,0.04158,frames/frame_003725.jpg
3726,124.200000,,0,B,0.38524,0.73611,0.21548,0.06739,frames/frame_003726.jpg
3727,124.233333,,0,B,0.38632,0.73474,0.21414,0.03858,frames/frame_003727.jpg
3728,124.266667,,0,P,0.38680,0.73531,0.21559,0.03878,frames/frame_003728.jpg
3729,124.300000,,0,B,0.51469,0.23766,0.13398,0.26556,frames/frame_003729.jpg
3730,124.333333,,0,B,0.23951,0.87074,0.12667,0.27197,frames/frame_003730.jpg
3731,124.366667,,0,B,0.20472,0.80354,0.15171,0.09689,frames/frame_003731.jpg
3732,124.400000,,0,P,0.20524,0.80087,0.15567,0.03562,frames/frame_003732.jpg
3733,124.433333,,0,B,0.20589,0.79482,0.15681,0.05756,frames/frame_003733.jpg
3734,124.466667,,0,B,0.21195,0.79186,0.16253,0.06608,frames/frame_003734.jpg
3735,124.500000,,0,B,0.21244,0.79800,0.15437,0.09177,frames/frame_003735.jpg
3736,124.533333,,0,P,0.21099,0.78883,0.14820,0.07713,frames/frame_003736.jpg
3737,124.566667,,0,B,0.21192,0.78407,0.14993,0.08182,frames/frame_003737.jpg
3738,124.600000,,0,B,0.20974,0.79277,0.14950,0.04745,frames/frame_003738.jpg
3739,124.633333,,0,B,0.21323,0.78638,0.15000,0.04989,frames/frame_003739.jpg
3740,124.666667,,0,P,0.21781,0.78296,0.15038,0.04884,frames/frame_003740.jpg
3741,124.700000,,0,B,0.21061,0.78316,0.15644,0.04383,frames/frame_003741.jpg
3742,124.733333,,0,B,0.20004,0.78671,0.15327,0.03267,frames/frame_003742.jpg
3743,124.766667,,0,B,0.21470,0.78924,0.15927,0.05708,frames/frame_003743.jpg
3744,124.800000,,0,P,0.21059,0.78833,0.15620,0.04170,frames/frame_003744.jpg
3745,124.833333,,0,B,0.20563,0.79301,0.15294,0.01765,frames/frame_003745.jpg
3746,124.866667,,0,B,0.20637,0.79420,0.15257,0.01416,frames/frame_003746.jpg
3747,124.900000,,0,B,0.20973,0.79426,0.14959,0.01706,frames/frame_003747.jpg
3748,124.933333,,0,P,0.21156,0.79428,0.14944,0.02015,frames/frame_003748.jpg
3749,124.966667,,0,B,0.22076,0.78955,0.15249,0.03605,frames/frame_003749.jpg
3750,125.000000,,0,B,0.21184,0.79110,0.14503,0.04767,frames/frame_003750.jpg
3751,125.033333,,0,B,0.21048,0.79622,0.14272,0.04640,frames/frame_003751.jpg
3752,125.066667,,0,P,0.20691,0.80145,0.14309,0.04874,frames/frame_003752.jpg
3753,125.100000,,0,B,0.20738,0.80126,0.14402,0.04581,frames/frame_003753.jpg
3754,125.133333,,0,B,0.21180,0.79554,0.14850,0.04480,frames/frame_003754.jpg
3755,125.166667,,0,B,0.19917,0.79747,0.14958,0.03420,frames/frame_003755.jpg
3756,125.200000,,0,P,0.20050,0.79553,0.15106,0.02219,frames/frame_003756.jpg
3757,125.233333,,0,B,0.22967,0.76992,0.17160,0.06253,frames/frame_003757.jpg
3758,125.266667,,0,B,0.22435,0.77355,0.16602,0.03436,frames/frame_003758.jpg
3759,125.300000,,0,B,0.22052,0.77545,0.16366,0.01939,frames/frame_003759.jpg
3760,125.333333,,0,P,0.22146,0.77404,0.16425,0.01588,frames/frame_003760.jpg
3761,125.366667,,0,B,0.22116,0.77835,0.16264,0.01726,frames/frame_003761.jpg
3762,125.400000,,0,B,0.22359,0.77751,0.16368,0.02192,frames/frame_003762.jpg
3763,125.433333,,0,B,0.61724,0.22541,0.15085,0.41164,frames/frame_003763.jpg
3764,125.466667,,0,P,0.30674,0.73074,0.16648,0.31048,frames/frame_003764.jpg
3765,125.500000,,0,B,0.30630,0.72940,0.16331,0.03621,frames/frame_003765.jpg
3766,125.533333,,0,B,0.34234,0.69331,0.19160,0.08705,frames/frame_003766.jpg
3767,125.566667,,0,P,0.33314,0.69934,0.18896,0.06795,frames/frame_003767.jpg
3768,125.600000,,0,B,0.31969,0.70926,0.18337,0.07556,frames/frame_003768.jpg
3769,125.633333,,0,B,0.32411,0.70788,0.18251,0.04692,frames/frame_003769.jpg
3770,125.666667,,0,B,0.32768,0.70685,0.18437,0.02352,frames/frame_003770.jpg
3771,125.700000,,0,P,0.33432,0.70190,0.18760,0.02459,frames/frame_003771.jpg
3772,125.733333,,0,B,0.33144,0.70222,0.18598,0.02586,frames/frame_003772.jpg
3773,125.766667,,0,P,0.32712,0.70395,0.18603,0.02475,frames/frame_003773.jpg
3774,125.800000,,0,B,0.32583,0.70179,0.18584,0.01015,frames/frame_003774.jpg
3775,125.833333,,0,B,0.32679,0.70430,0.18618,0.02132,frames/frame_003775.jpg
3776,125.866667,,0,B,0.32857,0.70459,0.18562,0.02829,frames/frame_003776.jpg
3777,125.900000,,0,P,0.33004,0.70496,0.18763,0.02953,frames/frame_003777.jpg
3778,125.933333,,0,P,0.32921,0.70508,0.18738,0.01092,frames/frame_003778.jpg
3779,125.966667,,1,I,0.32590,0.70455,0.18651,0.02009,frames/frame_003779.jpg
3780,126.000000,,0,B,0.32557,0.70427,0.18498,0.02378,frames/frame_003780.jpg
3781,126.033333,,0,B,0.32723,0.70404,0.18578,0.02159,frames/frame_003781.jpg
3782,126.066667,,0,B,0.32736,0.70618,0.18510,0.02365,frames/frame_003782.jpg
3783,126.100000,,0,P,0.33225,0.70664,0.18690,0.02397,frames/frame_003783.jpg
3784,126.133333,,0,B,0.06058,0.54800,0.05784,0.32964,frames/frame_003784.jpg
3785,126.166667,,0,P,0.06141,0.54309,0.06184,0.00257,frames/frame_003785.jpg
3786,126.200000,,0,P,0.06168,0.75871,0.06450,0.00454,frames/frame_003786.jpg
3787,126.233333,,0,P,0.06248,0.76571,0.06702,0.00342,frames/frame_003787.jpg
3788,126.266667,,0,P,0.06336,0.77075,0.06911,0.00316,frames/frame_003788.jpg
3789,126.300000,,0,B,0.06383,0.75044,0.07020,0.00224,frames/frame_003789.jpg
3790,126.333333,,0,P,0.06392,0.79172,0.07009,0.00207,frames/frame_003790.jpg
3791,126.366667,,0,B,0.06492,0.76464,0.07242,0.00187,frames/frame_003791.jpg
3792,126.400000,,0,B,0.06239,0.78722,0.06454,0.00323,frames/frame_003792.jpg
3793,126.433333,,0,B,0.06267,0.77773,0.06496,0.00105,frames/frame_003793.jpg
3794,126.466667,,0,P,0.06287,0.79232,0.06590,0.00142,frames/frame_003794.jpg
3795,126.500000,,0,B,0.06339,0.78655,0.06690,0.00099,frames/frame_003795.jpg
3796,126.533333,,0,B,0.06454,0.78589,0.06913,0.00155,frames/frame_003796.jpg
3797,126.566667,,0,B,0.06507,0.78227,0.07034,0.00085,frames/frame_003797.jpg
3798,126.600000,,0,P,0.06805,0.77173,0.07636,0.00332,frames/frame_003798.jpg
3799,126.633333,,0,P,0.06865,0.77006,0.07982,0.00431,frames/frame_003799.jpg
3800,126.666667,,0,P,0.06950,0.76756,0.08339,0.00294,frames/frame_003800.jpg
3801,126.700000,,0,B,0.06985,0.76128,0.08518,0.00257,frames/frame_003801.jpg
3802,126.733333,,0,P,0.07052,0.76255,0.08696,0.00217,frames/frame_003802.jpg
3803,126.766667,,0,B,0.07117,0.75582,0.08784,0.00185,frames/frame_003803.jpg
3804,126.800000,,0,B,0.07130,0.75417,0.08847,0.00091,frames/frame_003804.jpg
3805,126.833333,,0,B,0.07213,0.75233,0.09023,0.00130,frames/frame_003805.jpg
3806,126.866667,,0,P,0.06981,0.76594,0.08237,0.00328,frames/frame_003806.jpg
3807,126.900000,,0,B,0.07012,0.75149,0.08310,0.00106,frames/frame_003807.jpg
3808,126.933333,,0,B,0.07026,0.75668,0.08356,0.00081,frames/frame_003808.jpg
3809,126.966667,,0,B,0.07032,0.75494,0.08411,0.00112,frames/frame_003809.jpg
3810,127.000000,,0,P,0.07025,0.76445,0.08383,0.00097,frames/frame_003810.jpg
3811,127.033333,,0,B,0.07183,0.75577,0.08503,0.00200,frames/frame_003811.jpg
3812,127.066667,,0,B,0.07266,0.74700,0.08825,0.00210,frames/frame_003812.jpg
3813,127.100000,,0,B,0.07266,0.74257,0.08912,0.00324,frames/frame_003813.jpg
3814,127.133333,,0,P,0.07326,0.73664,0.09209,0.00248,frames/frame_003814.jpg
3815,127.166667,,0,P,0.07374,0.72970,0.09381,0.00244,frames/frame_003815.jpg
3816,127.200000,,0,P,0.07379,0.73191,0.09439,0.00198,frames/frame_003816.jpg
3817,127.233333,,0,B,0.07401,0.72658,0.09530,0.00137,frames/frame_003817.jpg
3818,127.266667,,0,P,0.07474,0.72532,0.09681,0.00162,frames/frame_003818.jpg
3819,127.300000,,0,B,0.07326,0.73212,0.09193,0.00249,frames/frame_003819.jpg
3820,127.333333,,0,B,0.07320,0.73163,0.09191,0.00159,frames/frame_003820.jpg
3821,127.366667,,0,P,0.07365,0.72712,0.09241,0.00143,frames/frame_003821.jpg
3822,127.400000,,0,B,0.07424,0.72270,0.09334,0.00095,frames/frame_003822.jpg
3823,127.433333,,0,B,0.07469,0.72142,0.09438,0.00086,frames/frame_003823.jpg
3824,127.466667,,0,B,0.07495,0.71902,0.09512,0.00069,frames/frame_003824.jpg
3825,127.500000,,0,P,0.07719,0.70829,0.09810,0.00258,frames/frame_003825.jpg
3826,127.533333,,0,P,0.07925,0.69509,0.10260,0.00588,frames/frame_003826.jpg
3827,127.566667,,0,B,0.08008,0.68748,0.10537,0.00291,frames/frame_003827.jpg
3828,127.600000,,0,B,0.07968,0.69119,0.10586,0.00258,frames/frame_003828.jpg
3829,127.633333,,0,B,0.07992,0.69170,0.10558,0.00250,frames/frame_003829.jpg
3830,127.666667,,0,P,0.08015,0.69417,0.10611,0.00196,frames/frame_003830.jpg
3831,127.700000,,0,B,0.08028,0.69120,0.10642,0.00102,frames/frame_003831.jpg
3832,127.733333,,0,B,0.08083,0.68939,0.10730,0.00132,frames/frame_003832.jpg
3833,127.766667,,0,B,0.07885,0.69281,0.10027,0.00276,frames/frame_003833.jpg
3834,127.800000,,0,P,0.07877,0.69418,0.10000,0.00068,frames/frame_003834.jpg
3835,127.833333,,0,B,0.07869,0.69066,0.09997,0.00074,frames/frame_003835.jpg
3836,127.866667,,0,B,0.07861,0.69246,0.09995,0.00066,frames/frame_003836.jpg
3837,127.900000,,0,B,0.07857,0.69148,0.10009,0.00060,frames/frame_003837.jpg
3838,127.933333,,0,P,0.07856,0.69404,0.09976,0.00061,frames/frame_003838.jpg
3839,127.966667,,0,B,0.11940,0.51024,0.08933,0.06695,frames/frame_003839.jpg
3840,128.000000,,0,B,0.15516,0.51897,0.10061,0.03868,frames/frame_003840.jpg
3841,128.033333,,0,B,0.20832,0.50553,0.11335,0.05666,frames/frame_003841.jpg
3842,128.066667,,0,P,0.26171,0.50168,0.13440,0.05648,frames/frame_003842.jpg
3843,128.100000,,0,B,0.31470,0.49573,0.15869,0.05454,frames/frame_003843.jpg
3844,128.133333,,0,P,0.36060,0.50270,0.17311,0.05101,frames/frame_003844.jpg
3845,128.166667,,0,B,0.36114,0.49946,0.17276,0.00242,frames/frame_003845.jpg
3846,128.200000,,0,B,0.36114,0.50075,0.17107,0.00370,frames/frame_003846.jpg
3847,128.233333,,0,B,0.37518,0.49338,0.18292,0.02232,frames/frame_003847.jpg
3848,128.266667,,0,P,0.36177,0.50170,0.17274,0.01941,frames/frame_003848.jpg
3849,128.300000,,0,B,0.36204,0.49939,0.17132,0.01371,frames/frame_003849.jpg
3850,128.333333,,0,P,0.36165,0.50101,0.17171,0.00153,frames/frame_003850.jpg
3851,128.366667,,0,B,0.38094,0.48296,0.18433,0.02168,frames/frame_003851.jpg
3852,128.400000,,0,B,0.36863,0.49140,0.17627,0.02384,frames/frame_003852.jpg
3853,128.433333,,0,B,0.36770,0.49116,0.17611,0.00476,frames/frame_003853.jpg
3854,128.466667,,0,P,0.38388,0.48483,0.18643,0.03479,frames/frame_003854.jpg
3855,128.500000,,0,B,0.37944,0.48855,0.18437,0.00616,frames/frame_003855.jpg
3856,128.533333,,0,P,0.36076,0.50271,0.17206,0.02027,frames/frame_003856.jpg
3857,128.566667,,0,P,0.36165,0.50350,0.17175,0.01706,frames/frame_003857.jpg
3858,128.600000,,0,B,0.38299,0.48618,0.18726,0.02324,frames/frame_003858.jpg
3859,128.633333,,0,B,0.36196,0.49960,0.17163,0.02670,frames/frame_003859.jpg
3860,128.666667,,0,B,0.36199,0.49942,0.17155,0.00055,frames/frame_003860.jpg
3861,128.700000,,0,P,0.36262,0.49904,0.17173,0.00207,frames/frame_003861.jpg
3862,128.733333,,0,P,0.27096,0.61937,0.13717,0.21999,frames/frame_003862.jpg
3863,128.766667,,0,P,0.25377,0.63548,0.12742,0.01934,frames/frame_003863.jpg
3864,128.800000,,0,B,0.25509,0.62771,0.13094,0.01062,frames/frame_003864.jpg
3865,128.833333,,0,P,0.25513,0.62752,0.13108,0.00096,frames/frame_003865.jpg
3866,128.866667,,0,B,0.27100,0.61829,0.13703,0.01993,frames/frame_003866.jpg
3867,128.900000,,0,P,0.25464,0.63330,0.12594,0.02161,frames/frame_003867.jpg
3868,128.933333,,0,P,0.25700,0.62582,0.13054,0.00529,frames/frame_003868.jpg
3869,128.966667,,1,I,0.27214,0.61824,0.13561,0.02458,frames/frame_003869.jpg
3870,129.000000,,0,B,0.27106,0.61883,0.13508,0.00284,frames/frame_003870.jpg
3871,129.033333,,0,P,0.25817,0.62716,0.13292,0.02008,frames/frame_003871.jpg
3872,129.066667,,0,P,0.25814,0.62660,0.13467,0.02027,frames/frame_003872.jpg
3873,129.100000,,0,B,0.27324,0.61863,0.14277,0.01863,frames/frame_003873.jpg
3874,129.133333,,0,B,0.26032,0.62445,0.13529,0.02410,frames/frame_003874.jpg
3875,129.166667,,0,B,0.26093,0.62343,0.13601,0.00088,frames/frame_003875.jpg
3876,129.200000,,0,P,0.26023,0.62630,0.13550,0.00502,frames/frame_003876.jpg
3877,129.233333,,0,B,0.27731,0.61331,0.14746,0.02583,frames/frame_003877.jpg
3878,129.266667,,0,B,0.26207,0.62091,0.14012,0.01855,frames/frame_003878.jpg
3879,129.300000,,0,B,0.26356,0.61951,0.14126,0.01572,frames/frame_003879.jpg
3880,129.333333,,0,P,0.25495,0.62102,0.14867,0.01450,frames/frame_003880.jpg
3881,129.366667,,0,B,0.27211,0.60465,0.16233,0.02094,frames/frame_003881.jpg
3882,129.400000,,0,B,0.26040,0.61335,0.15398,0.02452,frames/frame_003882.jpg
3883,129.433333,,0,P,0.26153,0.61087,0.15747,0.00466,frames/frame_003883.jpg
3884,129.466667,,0,B,0.27703,0.59953,0.16825,0.01750,frames/frame_003884.jpg
3885,129.500000,,0,B,0.27870,0.59629,0.17196,0.00406,frames/frame_003885.jpg
3886,129.533333,,0,B,0.26440,0.60400,0.16590,0.01797,frames/frame_003886.jpg
3887,129.566667,,0,P,0.26369,0.59349,0.16369,0.01671,frames/frame_003887.jpg
3888,129.600000,,0,B,0.28037,0.58001,0.17484,0.01841,frames/frame_003888.jpg
3889,129.633333,,0,B,0.26447,0.60338,0.16568,0.02664,frames/frame_003889.jpg
3890,129.666667,,0,B,0.26434,0.60370,0.16550,0.00055,frames/frame_003890.jpg
3891,129.700000,,0,P,0.26396,0.60479,0.16477,0.00211,frames/frame_003891.jpg
3892,129.733333,,0,B,0.28083,0.57588,0.18265,0.02696,frames/frame_003892.jpg
3893,129.766667,,0,B,0.36184,0.55964,0.10886,0.26755,frames/frame_003893.jpg
3894,129.800000,,0,B,0.36197,0.55989,0.10799,0.00566,frames/frame_003894.jpg
3895,129.833333,,0,P,0.36183,0.56014,0.10753,0.00564,frames/frame_003895.jpg
3896,129.866667,,0,B,0.36234,0.56046,0.10693,0.00661,frames/frame_003896.jpg
3897,129.900000,,0,B,0.36196,0.56086,0.10668,0.00586,frames/frame_003897.jpg
3898,129.933333,,0,B,0.36141,0.56102,0.10556,0.00735,frames/frame_003898.jpg
3899,129.966667,,0,P,0.36078,0.56110,0.10642,0.00572,frames/frame_003899.jpg
3900,130.000000,,0,B,0.36079,0.56138,0.10606,0.00541,frames/frame_003900.jpg
3901,130.033333,,0,B,0.37737,0.54038,0.11284,0.02330,frames/frame_003901.jpg
3902,130.066667,,0,B,0.42263,0.49738,0.12006,0.05931,frames/frame_003902.jpg
3903,130.100000,,0,P,0.46842,0.45810,0.13420,0.06400,frames/frame_003903.jpg
3904,130.133333,,0,B,0.47612,0.45838,0.15052,0.03386,frames/frame_003904.jpg
3905,130.166667,,0,B,0.47582,0.45825,0.15034,0.00600,frames/frame_003905.jpg
3906,130.200000,,0,B,0.47623,0.45838,0.15133,0.00830,frames/frame_003906.jpg
3907,130.233333,,0,P,0.47569,0.45839,0.15188,0.00621,frames/frame_003907.jpg
3908,130.266667,,0,B,0.47619,0.45900,0.15156,0.00790,frames/frame_003908.jpg
3909,130.300000,,0,B,0.47631,0.45867,0.15139,0.00597,frames/frame_003909.jpg
3910,130.333333,,0,B,0.47638,0.45884,0.15112,0.00601,frames/frame_003910.jpg
3911,130.366667,,0,P,0.47633,0.45817,0.15103,0.00778,frames/frame_003911.jpg
3912,130.400000,,0,B,0.47641,0.45906,0.15149,0.00623,frames/frame_003912.jpg
3913,130.433333,,0,B,0.47693,0.45818,0.15129,0.00819,frames/frame_003913.jpg
3914,130.466667,,0,B,0.47719,0.45845,0.15119,0.00591,frames/frame_003914.jpg
3915,130.500000,,0,P,0.47717,0.45752,0.15131,0.00610,frames/frame_003915.jpg
3916,130.533333,,0,B,0.47771,0.45714,0.15081,0.00886,frames/frame_003916.jpg
3917,130.566667,,0,B,0.47766,0.45690,0.15133,0.00606,frames/frame_003917.jpg
3918,130.600000,,0,B,0.47769,0.45736,0.15175,0.00683,frames/frame_003918.jpg
3919,130.633333,,0,P,0.47737,0.45709,0.15227,0.00612,frames/frame_003919.jpg
3920,130.666667,,0,B,0.47724,0.45773,0.15192,0.00658,frames/frame_003920.jpg
3921,130.700000,,0,B,0.47822,0.45674,0.15916,0.02039,frames/frame_003921.jpg
3922,130.733333,,0,B,0.47762,0.45421,0.16832,0.02234,frames/frame_003922.jpg
3923,130.766667,,0,P,0.47736,0.46032,0.16156,0.04211,frames/frame_003923.jpg
3924,130.800000,,0,B,0.47774,0.46166,0.16043,0.00869,frames/frame_003924.jpg
3925,130.833333,,0,B,0.47744,0.46123,0.15978,0.00831,frames/frame_003925.jpg
3926,130.866667,,0,B,0.47768,0.46128,0.16051,0.01130,frames/frame_003926.jpg
3927,130.900000,,0,P,0.47753,0.45983,0.16146,0.00872,frames/frame_003927.jpg
3928,130.933333,,0,B,0.47811,0.46131,0.16302,0.01258,frames/frame_003928.jpg
3929,130.966667,,0,B,0.47800,0.46060,0.16365,0.00830,frames/frame_003929.jpg
3930,131.000000,,0,B,0.47826,0.46148,0.16380,0.00823,frames/frame_003930.jpg
3931,131.033333,,0,P,0.47811,0.46048,0.16248,0.01034,frames/frame_003931.jpg
3932,131.066667,,0,B,0.47864,0.46123,0.16207,0.00859,frames/frame_003932.jpg
3933,131.100000,,0,B,0.47851,0.46100,0.16181,0.01005,frames/frame_003933.jpg
3934,131.133333,,0,B,0.47870,0.46110,0.16121,0.00839,frames/frame_003934.jpg
3935,131.166667,,0,P,0.47843,0.45992,0.16163,0.00848,frames/frame_003935.jpg
3936,131.200000,,0,B,0.47868,0.46156,0.16302,0.01027,frames/frame_003936.jpg
3937,131.233333,,0,B,0.47824,0.46152,0.16339,0.00851,frames/frame_003937.jpg
3938,131.266667,,0,B,0.47797,0.46211,0.16428,0.01141,frames/frame_003938.jpg
3939,131.300000,,0,P,0.47749,0.46075,0.16434,0.00852,frames/frame_003939.jpg
3940,131.333333,,0,B,0.47817,0.46188,0.16390,0.00862,frames/frame_003940.jpg
3941,131.366667,,0,B,0.47806,0.46161,0.16344,0.00855,frames/frame_003941.jpg
3942,131.400000,,0,B,0.47835,0.46178,0.16324,0.00844,frames/frame_003942.jpg
3943,131.433333,,0,P,0.47798,0.46076,0.16319,0.00976,frames/frame_003943.jpg
3944,131.466667,,0,B,0.47837,0.46172,0.16308,0.00846,frames/frame_003944.jpg
3945,131.500000,,0,B,0.47789,0.46166,0.16395,0.00828,frames/frame_003945.jpg
3946,131.533333,,0,B,0.47763,0.46271,0.16470,0.00963,frames/frame_003946.jpg
3947,131.566667,,0,P,0.47724,0.46155,0.16454,0.00834,frames/frame_003947.jpg
3948,131.600000,,0,P,0.98225,0.00873,0.07080,0.45539,frames/frame_003948.jpg
3949,131.633333,,0,B,0.30258,0.58224,0.14336,0.62709,frames/frame_003949.jpg
3950,131.666667,,0,B,0.30210,0.58531,0.12880,0.03581,frames/frame_003950.jpg
3951,131.700000,,0,B,0.30193,0.58803,0.11827,0.02442,frames/frame_003951.jpg
3952,131.733333,,0,P,0.30544,0.58381,0.12164,0.01569,frames/frame_003952.jpg
3953,131.766667,,0,B,0.30533,0.58447,0.12122,0.00653,frames/frame_003953.jpg
3954,131.800000,,0,B,0.30508,0.58458,0.12125,0.00519,frames/frame_003954.jpg
3955,131.833333,,0,B,0.30503,0.58453,0.12169,0.00548,frames/frame_003955.jpg
3956,131.866667,,0,P,0.30041,0.58910,0.12030,0.00976,frames/frame_003956.jpg
3957,131.900000,,0,B,0.30054,0.58894,0.12089,0.00532,frames/frame_003957.jpg
3958,131.933333,,0,P,0.29989,0.58926,0.12087,0.00645,frames/frame_003958.jpg
3959,131.966667,,1,I,0.30373,0.58436,0.12326,0.01024,frames/frame_003959.jpg
3960,132.000000,,0,B,0.30382,0.58450,0.12316,0.00468,frames/frame_003960.jpg
3961,132.033333,,0,B,0.30371,0.58409,0.12284,0.00610,frames/frame_003961.jpg
3962,132.066667,,0,B,0.23437,0.72886,0.13090,0.25697,frames/frame_003962.jpg
3963,132.100000,,0,P,0.23356,0.73173,0.12962,0.00510,frames/frame_003963.jpg
3964,132.133333,,0,B,0.23342,0.73197,0.12929,0.00465,frames/frame_003964.jpg
3965,132.166667,,0,B,0.23314,0.73266,0.12932,0.00379,frames/frame_003965.jpg
3966,132.200000,,0,B,0.23297,0.73269,0.12922,0.00434,frames/frame_003966.jpg
3967,132.233333,,0,P,0.23275,0.73341,0.12946,0.00603,frames/frame_003967.jpg
3968,132.266667,,0,B,0.23358,0.73066,0.13043,0.00482,frames/frame_003968.jpg
3969,132.300000,,0,B,0.23334,0.73136,0.12991,0.00458,frames/frame_003969.jpg
3970,132.333333,,0,B,0.23276,0.73337,0.12854,0.00477,frames/frame_003970.jpg
3971,132.366667,,0,P,0.23226,0.73504,0.12854,0.00476,frames/frame_003971.jpg
3972,132.400000,,0,B,0.23277,0.73469,0.12969,0.00460,frames/frame_003972.jpg
3973,132.433333,,0,B,0.23273,0.73485,0.12908,0.00437,frames/frame_003973.jpg
3974,132.466667,,0,B,0.23302,0.73496,0.12921,0.00448,frames/frame_003974.jpg
3975,132.500000,,0,P,0.23340,0.73332,0.12932,0.00541,frames/frame_003975.jpg
3976,132.533333,,0,B,0.23323,0.73500,0.12863,0.00533,frames/frame_003976.jpg
3977,132.566667,,0,B,0.23322,0.73504,0.12934,0.00458,frames/frame_003977.jpg
3978,132.600000,,0,B,0.23333,0.73494,0.12935,0.00480,frames/frame_003978.jpg
3979,132.633333,,0,P,0.23295,0.73559,0.12876,0.00453,frames/frame_003979.jpg
3980,132.666667,,0,B,0.80018,0.09619,0.12144,0.56539,frames/frame_003980.jpg
3981,132.700000,,0,B,0.80228,0.09009,0.12256,0.00489,frames/frame_003981.jpg
3982,132.733333,,0,B,0.44452,0.43022,0.16698,0.34183,frames/frame_003982.jpg
3983,132.766667,,0,P,0.43904,0.43571,0.16222,0.03244,frames/frame_003983.jpg
3984,132.800000,,0,B,0.43896,0.43578,0.16233,0.00098,frames/frame_003984.jpg
3985,132.833333,,0,B,0.45090,0.45649,0.15896,0.07391,frames/frame_003985.jpg
3986,132.866667,,0,B,0.45039,0.45712,0.15875,0.00117,frames/frame_003986.jpg
3987,132.900000,,0,P,0.49601,0.42309,0.15567,0.07061,frames/frame_003987.jpg
3988,132.933333,,0,B,0.85284,0.07033,0.20413,0.38639,frames/frame_003988.jpg
3989,132.966667,,0,B,0.73057,0.14194,0.25196,0.11851,frames/frame_003989.jpg
3990,133.000000,,0,B,0.73100,0.14237,0.25100,0.00094,frames/frame_003990.jpg
3991,133.033333,,0,P,0.73096,0.14251,0.25101,0.00038,frames/frame_003991.jpg
3992,133.066667,,0,B,0.73123,0.14255,0.25113,0.00096,frames/frame_003992.jpg
3993,133.100000,,0,B,0.73097,0.14276,0.25087,0.00082,frames/frame_003993.jpg
3994,133.133333,,0,B,0.73105,0.14286,0.25084,0.00067,frames/frame_003994.jpg
3995,133.166667,,0,P,0.73057,0.14320,0.25067,0.00116,frames/frame_003995.jpg
3996,133.200000,,0,B,0.73028,0.14331,0.25165,0.00143,frames/frame_003996.jpg
3997,133.233333,,0,B,0.73063,0.14364,0.25099,0.00136,frames/frame_003997.jpg
3998,133.266667,,0,B,0.73066,0.14371,0.25096,0.00064,frames/frame_003998.jpg
3999,133.300000,,0,P,0.73033,0.14379,0.25080,0.00101,frames/frame_003999.jpg
4000,133.333333,,0,B,0.73048,0.14401,0.25083,0.00080,frames/frame_004000.jpg
4001,133.366667,,0,B,0.73038,0.14400,0.25076,0.00074,frames/frame_004001.jpg
4002,133.400000,,0,B,0.72998,0.14387,0.25167,0.00116,frames/frame_004002.jpg
4003,133.433333,,0,P,0.71821,0.14363,0.25396,0.01245,frames/frame_004003.jpg
4004,133.466667,,0,B,0.71151,0.14229,0.25639,0.00894,frames/frame_004004.jpg
4005,133.500000,,0,B,0.70934,0.14240,0.25504,0.00397,frames/frame_004005.jpg
4006,133.533333,,0,P,0.69919,0.14317,0.25735,0.01108,frames/frame_004006.jpg
4007,133.566667,,0,P,0.69473,0.14380,0.26122,0.00624,frames/frame_004007.jpg
4008,133.600000,,0,B,0.69475,0.14391,0.26105,0.00151,frames/frame_004008.jpg
4009,133.633333,,0,B,0.69421,0.14385,0.26202,0.00146,frames/frame_004009.jpg
4010,133.666667,,0,B,0.69420,0.14400,0.26206,0.00063,frames/frame_004010.jpg
4011,133.700000,,0,P,0.69437,0.14415,0.26129,0.00147,frames/frame_004011.jpg
4012,133.733333,,0,B,0.69476,0.14411,0.26132,0.00149,frames/frame_004012.jpg
4013,133.766667,,0,B,0.69466,0.14430,0.26117,0.00080,frames/frame_004013.jpg
4014,133.800000,,0,B,0.69477,0.14406,0.26109,0.00084,frames/frame_004014.jpg
4015,133.833333,,0,P,0.69436,0.14439,0.26095,0.00171,frames/frame_004015.jpg
4016,133.866667,,0,B,0.69382,0.14443,0.26189,0.00080,frames/frame_004016.jpg
4017,133.900000,,0,B,0.69428,0.14462,0.26100,0.00065,frames/frame_004017.jpg
4018,133.933333,,0,B,0.72214,0.22338,0.25501,0.10946,frames/frame_004018.jpg
4019,133.966667,,0,P,0.70657,0.21047,0.25938,0.07485,frames/frame_004019.jpg
4020,134.000000,,0,B,0.69648,0.19911,0.26501,0.04487,frames/frame_004020.jpg
4021,134.033333,,0,B,0.69644,0.19935,0.26506,0.00023,frames/frame_004021.jpg
4022,134.066667,,0,B,0.69640,0.19920,0.26483,0.00045,frames/frame_004022.jpg
4023,134.100000,,0,P,0.69586,0.19936,0.26561,0.00100,frames/frame_004023.jpg
4024,134.133333,,0,P,0.68222,0.20067,0.26065,0.01532,frames/frame_004024.jpg
4025,134.166667,,0,B,0.69367,0.18809,0.25433,0.01183,frames/frame_004025.jpg
4026,134.200000,,0,B,0.71940,0.15094,0.25031,0.02440,frames/frame_004026.jpg
4027,134.233333,,0,B,0.73124,0.15218,0.24284,0.01570,frames/frame_004027.jpg
4028,134.266667,,0,P,0.75505,0.13918,0.23788,0.02193,frames/frame_004028.jpg
4029,134.300000,,0,P,0.79459,0.10127,0.22198,0.03785,frames/frame_004029.jpg
4030,134.333333,,0,B,0.80579,0.09762,0.21209,0.01317,frames/frame_004030.jpg
4031,134.366667,,0,B,0.83260,0.10269,0.20291,0.02899,frames/frame_004031.jpg
4032,134.400000,,0,P,0.84385,0.09978,0.18996,0.01178,frames/frame_004032.jpg
4033,134.433333,,0,P,0.86361,0.07091,0.17747,0.02161,frames/frame_004033.jpg
4034,134.466667,,0,B,0.59123,0.37444,0.14903,0.29160,frames/frame_004034.jpg
4035,134.500000,,0,P,0.59109,0.37484,0.15154,0.01247,frames/frame_004035.jpg
4036,134.533333,,0,B,0.59079,0.37437,0.15157,0.00174,frames/frame_004036.jpg
4037,134.566667,,0,P,0.59044,0.37483,0.15076,0.00675,frames/frame_004037.jpg
4038,134.600000,,0,B,0.61142,0.33292,0.14741,0.02171,frames/frame_004038.jpg
4039,134.633333,,0,P,0.62786,0.33470,0.14554,0.02936,frames/frame_004039.jpg
4040,134.666667,,0,P,0.66024,0.28894,0.14569,0.03106,frames/frame_004040.jpg
4041,134.700000,,0,B,0.69456,0.24504,0.14302,0.03321,frames/frame_004041.jpg
4042,134.733333,,0,P,0.73738,0.21495,0.13416,0.04010,frames/frame_004042.jpg
4043,134.766667,,0,B,0.78652,0.16341,0.12758,0.04776,frames/frame_004043.jpg
4044,134.800000,,0,B,0.85329,0.10657,0.11522,0.06512,frames/frame_004044.jpg
4045,134.833333,,0,P,0.93754,0.05523,0.10664,0.07923,frames/frame_004045.jpg
4046,134.866667,,0,B,0.95694,0.02715,0.09907,0.01970,frames/frame_004046.jpg
4047,134.900000,,0,B,0.95690,0.02727,0.09904,0.00015,frames/frame_004047.jpg
4048,134.933333,,0,P,0.95686,0.02744,0.09899,0.00014,frames/frame_004048.jpg
4049,134.966667,,1,I,0.95683,0.02752,0.09903,0.00042,frames/frame_004049.jpg
4050,135.000000,,0,P,0.95605,0.02808,0.10044,0.00101,frames/frame_004050.jpg
4051,135.033333,,0,B,0.95680,0.02767,0.09905,0.00099,frames/frame_004051.jpg
4052,135.066667,,0,B,0.95679,0.02766,0.09906,0.00003,frames/frame_004052.jpg
4053,135.100000,,0,B,0.95680,0.02767,0.09905,0.00003,frames/frame_004053.jpg
4054,135.133333,,0,P,0.95680,0.02766,0.09906,0.00003,frames/frame_004054.jpg
4055,135.166667,,0,B,0.95680,0.02766,0.09905,0.00000,frames/frame_004055.jpg
4056,135.200000,,0,B,0.95680,0.02766,0.09904,0.00001,frames/frame_004056.jpg
4057,135.233333,,0,P,0.87492,0.02357,0.08677,0.11727,frames/frame_004057.jpg
4058,135.266667,,0,P,0.67479,0.04488,0.11629,0.19773,frames/frame_004058.jpg
4059,135.300000,,0,P,0.53362,0.06623,0.12832,0.13998,frames/frame_004059.jpg
4060,135.333333,,0,P,0.33314,0.13613,0.14414,0.19808,frames/frame_004060.jpg
4061,135.366667,,0,B,0.22683,0.32018,0.14919,0.10241,frames/frame_004061.jpg
4062,135.400000,,0,B,0.22680,0.32021,0.14914,0.00007,frames/frame_004062.jpg
4063,135.433333,,0,B,0.22680,0.32020,0.14918,0.00025,frames/frame_004063.jpg
4064,135.466667,,0,P,0.22721,0.31976,0.14968,0.00055,frames/frame_004064.jpg
4065,135.500000,,0,B,0.22710,0.31953,0.14924,0.00181,frames/frame_004065.jpg
4066,135.533333,,0,B,0.22686,0.32101,0.14924,0.00134,frames/frame_004066.jpg
4067,135.566667,,0,B,0.22694,0.32078,0.14913,0.00114,frames/frame_004067.jpg
4068,135.600000,,0,P,0.22653,0.32568,0.14911,0.00195,frames/frame_004068.jpg
4069,135.633333,,0,B,0.22654,0.32329,0.14907,0.00106,frames/frame_004069.jpg
4070,135.666667,,0,B,0.22627,0.32607,0.14911,0.00103,frames/frame_004070.jpg
4071,135.700000,,0,B,0.16326,0.39221,0.11763,0.06507,frames/frame_004071.jpg
4072,135.733333,,0,P,0.16251,0.39354,0.11657,0.00089,frames/frame_004072.jpg
4073,135.766667,,0,B,0.16270,0.39140,0.11614,0.00232,frames/frame_004073.jpg
4074,135.800000,,0,B,0.16222,0.39225,0.11569,0.00172,frames/frame_004074.jpg
4075,135.833333,,0,B,0.16216,0.39180,0.11548,0.00140,frames/frame_004075.jpg
4076,135.866667,,0,P,0.16123,0.39361,0.11514,0.00250,frames/frame_004076.jpg
4077,135.900000,,0,B,0.16173,0.38942,0.11539,0.00245,frames/frame_004077.jpg
4078,135.933333,,0,B,0.16132,0.38910,0.11510,0.00139,frames/frame_004078.jpg
4079,135.966667,,0,B,0.16078,0.38976,0.11461,0.00162,frames/frame_004079.jpg
4080,136.000000,,0,P,0.15995,0.39175,0.11408,0.00200,frames/frame_004080.jpg
4081,136.033333,,0,B,0.15994,0.39183,0.11402,0.00026,frames/frame_004081.jpg
4082,136.066667,,0,B,0.15993,0.39177,0.11400,0.00004,frames/frame_004082.jpg
4083,136.100000,,0,B,0.15993,0.39177,0.11400,0.00001,frames/frame_004083.jpg
4084,136.133333,,0,P,0.18249,0.52749,0.10474,0.12366,frames/frame_004084.jpg
4085,136.166667,,0,P,0.14650,0.56060,0.09968,0.03671,frames/frame_004085.jpg
4086,136.200000,,0,P,0.11003,0.59824,0.09167,0.03737,frames/frame_004086.jpg
4087,136.233333,,0,P,0.09009,0.61883,0.08356,0.02100,frames/frame_004087.jpg
4088,136.266667,,0,B,0.08930,0.62252,0.08081,0.00246,frames/frame_004088.jpg
4089,136.300000,,0,B,0.08814,0.62637,0.07835,0.00200,frames/frame_004089.jpg
4090,136.333333,,0,B,0.08778,0.62736,0.07762,0.00114,frames/frame_004090.jpg
4091,136.366667,,0,P,0.08794,0.62598,0.07859,0.00177,frames/frame_004091.jpg
4092,136.400000,,0,B,0.08736,0.62766,0.07780,0.00187,frames/frame_004092.jpg
4093,136.433333,,0,B,0.08643,0.63030,0.07645,0.00155,frames/frame_004093.jpg
4094,136.466667,,0,B,0.08650,0.62997,0.07645,0.00057,frames/frame_004094.jpg
4095,136.500000,,0,P,0.08634,0.62983,0.07655,0.00089,frames/frame_004095.jpg
4096,136.533333,,0,B,0.08635,0.62999,0.07655,0.00019,frames/frame_004096.jpg
4097,136.566667,,0,B,0.08635,0.63011,0.07653,0.00012,frames/frame_004097.jpg
4098,136.600000,,0,B,0.01993,0.95667,0.02004,0.07106,frames/frame_004098.jpg
4099,136.633333,,0,P,0.01870,0.96132,0.01764,0.00149,frames/frame_004099.jpg
4100,136.666667,,0,B,0.01808,0.96400,0.01642,0.00100,frames/frame_004100.jpg
4101,136.700000,,0,P,0.01741,0.96671,0.01506,0.00075,frames/frame_004101.jpg
4102,136.733333,,0,B,0.01675,0.96936,0.01394,0.00098,frames/frame_004102.jpg
4103,136.766667,,0,P,0.01617,0.97198,0.01258,0.00095,frames/frame_004103.jpg
4104,136.800000,,0,B,0.01554,0.97420,0.01154,0.00071,frames/frame_004104.jpg
4105,136.833333,,0,P,0.01565,0.97430,0.01226,0.00148,frames/frame_004105.jpg
4106,136.866667,,0,B,0.01476,0.97775,0.01074,0.00112,frames/frame_004106.jpg
4107,136.900000,,0,B,0.01322,0.98485,0.00759,0.00145,frames/frame_004107.jpg
4108,136.933333,,0,B,0.01377,0.98097,0.00932,0.00051,frames/frame_004108.jpg
4109,136.966667,,0,P,0.01470,0.97631,0.01246,0.00094,frames/frame_004109.jpg
4110,137.000000,,0,B,0.01549,0.97239,0.01490,0.00084,frames/frame_004110.jpg
4111,137.033333,,0,B,0.01648,0.96831,0.01696,0.00109,frames/frame_004111.jpg
4112,137.066667,,0,P,0.01690,0.96675,0.01830,0.00051,frames/frame_004112.jpg
4113,137.100000,,0,B,0.01670,0.96680,0.01839,0.00091,frames/frame_004113.jpg
4114,137.133333,,0,B,0.01740,0.96404,0.02066,0.00084,frames/frame_004114.jpg
4115,137.166667,,0,B,0.01793,0.96186,0.02210,0.00057,frames/frame_004115.jpg
4116,137.200000,,0,P,0.01792,0.96187,0.02209,0.00003,frames/frame_004116.jpg
4117,137.233333,,0,B,0.01792,0.96181,0.02209,0.00005,frames/frame_004117.jpg
4118,137.266667,,0,B,0.01848,0.95967,0.02312,0.00058,frames/frame_004118.jpg
4119,137.300000,,0,P,0.01848,0.95970,0.02311,0.00003,frames/frame_004119.jpg
4120,137.333333,,0,B,0.01792,0.96192,0.02211,0.00053,frames/frame_004120.jpg
4121,137.366667,,0,B,0.01792,0.96191,0.02211,0.00002,frames/frame_004121.jpg
4122,137.400000,,0,B,0.01792,0.96191,0.02211,0.00001,frames/frame_004122.jpg
4123,137.433333,,0,P,0.23896,0.62725,0.12264,0.21816,frames/frame_004123.jpg
4124,137.466667,,0,B,0.23954,0.62379,0.12205,0.00777,frames/frame_004124.jpg
4125,137.500000,,0,B,0.24368,0.62198,0.12763,0.00887,frames/frame_004125.jpg
4126,137.533333,,0,B,0.61981,0.21422,0.15943,0.37900,frames/frame_004126.jpg
4127,137.566667,,0,P,0.24199,0.62133,0.12664,0.38043,frames/frame_004127.jpg
4128,137.600000,,0,B,0.24340,0.61816,0.12550,0.00785,frames/frame_004128.jpg
4129,137.633333,,0,B,0.61649,0.21844,0.16010,0.37544,frames/frame_004129.jpg
4130,137.666667,,0,B,0.61712,0.21846,0.15982,0.00972,frames/frame_004130.jpg
4131,137.700000,,0,P,0.43248,0.41964,0.18809,0.18172,frames/frame_004131.jpg
4132,137.733333,,0,B,0.43273,0.41907,0.18844,0.00809,frames/frame_004132.jpg
4133,137.766667,,0,B,0.43264,0.41893,0.19011,0.00674,frames/frame_004133.jpg
4134,137.800000,,0,B,0.43270,0.41976,0.18945,0.01696,frames/frame_004134.jpg
4135,137.833333,,0,P,0.43232,0.42052,0.18921,0.00426,frames/frame_004135.jpg
4136,137.866667,,0,B,0.43247,0.41979,0.18934,0.00443,frames/frame_004136.jpg
4137,137.900000,,0,B,0.43234,0.42138,0.18829,0.00897,frames/frame_004137.jpg
4138,137.933333,,0,P,0.43236,0.42124,0.18847,0.00206,frames/frame_004138.jpg
4139,137.966667,,1,I,0.43257,0.42189,0.18842,0.00429,frames/frame_004139.jpg
4140,138.000000,,0,B,0.43220,0.42216,0.18844,0.00793,frames/frame_004140.jpg
4141,138.033333,,0,B,0.43137,0.42227,0.18727,0.01310,frames/frame_004141.jpg
4142,138.066667,,0,B,0.42978,0.42072,0.18583,0.03639,frames/frame_004142.jpg
4143,138.100000,,0,P,0.43172,0.41865,0.18434,0.08345,frames/frame_004143.jpg
4144,138.133333,,0,B,0.42474,0.42700,0.17348,0.11615,frames/frame_004144.jpg
4145,138.166667,,0,P,0.42429,0.41408,0.17418,0.18847,frames/frame_004145.jpg
4146,138.200000,,0,P,0.37783,0.37679,0.16068,0.20864,frames/frame_004146.jpg
4147,138.233333,,0,P,0.30841,0.40906,0.11635,0.16143,frames/frame_004147.jpg
4148,138.266667,,0,B,0.31966,0.40090,0.12554,0.08072,frames/frame_004148.jpg
4149,138.300000,,0,B,0.31573,0.39768,0.12050,0.06469,frames/frame_004149.jpg
4150,138.333333,,0,B,0.32024,0.39892,0.11910,0.03965,frames/frame_004150.jpg
4151,138.366667,,0,P,0.32016,0.39838,0.12005,0.00936,frames/frame_004151.jpg
4152,138.400000,,0,B,0.04459,0.08267,0.03476,0.30190,frames/frame_004152.jpg
4153,138.433333,,0,B,0.04458,0.08416,0.03448,0.00074,frames/frame_004153.jpg
4154,138.466667,,0,B,0.03572,0.07724,0.03235,0.00965,frames/frame_004154.jpg
4155,138.500000,,0,P,0.03572,0.07712,0.03226,0.00081,frames/frame_004155.jpg
4156,138.533333,,0,B,0.03576,0.07677,0.03226,0.00044,frames/frame_004156.jpg
4157,138.566667,,0,B,0.03571,0.07721,0.03225,0.00030,frames/frame_004157.jpg
4158,138.600000,,0,B,0.03569,0.07802,0.03214,0.00083,frames/frame_004158.jpg
4159,138.633333,,0,P,0.03560,0.08060,0.03219,0.00049,frames/frame_004159.jpg
4160,138.666667,,0,B,0.03554,0.08155,0.03207,0.00093,frames/frame_004160.jpg
4161,138.700000,,0,B,0.03476,0.07877,0.03043,0.00109,frames/frame_004161.jpg
4162,138.733333,,0,B,0.03476,0.07990,0.03042,0.00029,frames/frame_004162.jpg
4163,138.766667,,0,P,0.03471,0.08109,0.03039,0.00050,frames/frame_004163.jpg
4164,138.800000,,0,B,0.03474,0.07948,0.03037,0.00038,frames/frame_004164.jpg
4165,138.833333,,0,B,0.03466,0.07968,0.03052,0.00061,frames/frame_004165.jpg
4166,138.866667,,0,B,0.03464,0.07932,0.03052,0.00032,frames/frame_004166.jpg
4167,138.900000,,0,P,0.03456,0.07867,0.03046,0.00033,frames/frame_004167.jpg
4168,138.933333,,0,B,0.03461,0.08119,0.03035,0.00041,frames/frame_004168.jpg
4169,138.966667,,0,B,0.03454,0.08088,0.03023,0.00028,frames/frame_004169.jpg
4170,139.000000,,0,B,0.03455,0.07931,0.03036,0.00057,frames/frame_004170.jpg
4171,139.033333,,0,P,0.03449,0.07855,0.03028,0.00028,frames/frame_004171.jpg
4172,139.066667,,0,B,0.03455,0.08036,0.03024,0.00035,frames/frame_004172.jpg
4173,139.100000,,0,B,0.03450,0.07871,0.03021,0.00043,frames/frame_004173.jpg
4174,139.133333,,0,B,0.03451,0.08020,0.03020,0.00020,frames/frame_004174.jpg
4175,139.166667,,0,P,0.03444,0.07919,0.03021,0.00041,frames/frame_004175.jpg
4176,139.200000,,0,B,0.03445,0.07901,0.03022,0.00007,frames/frame_004176.jpg
4177,139.233333,,0,B,0.03444,0.07896,0.03023,0.00007,frames/frame_004177.jpg
4178,139.266667,,0,B,0.03442,0.07930,0.03030,0.00033,frames/frame_004178.jpg
4179,139.300000,,0,P,0.29372,0.59670,0.12419,0.26772,frames/frame_004179.jpg
4180,139.333333,,0,B,0.29376,0.59647,0.12415,0.00164,frames/frame_004180.jpg
4181,139.366667,,0,B,0.26830,0.62514,0.10829,0.06974,frames/frame_004181.jpg
4182,139.400000,,0,B,0.26840,0.62487,0.10824,0.00148,frames/frame_004182.jpg
4183,139.433333,,0,P,0.25385,0.63366,0.10479,0.06172,frames/frame_004183.jpg
4184,139.466667,,0,B,0.24988,0.63207,0.11030,0.04608,frames/frame_004184.jpg
4185,139.500000,,0,B,0.24978,0.63251,0.11027,0.00156,frames/frame_004185.jpg
4186,139.533333,,0,B,0.26742,0.61424,0.11889,0.08000,frames/frame_004186.jpg
4187,139.566667,,0,P,0.26737,0.61401,0.11899,0.00143,frames/frame_004187.jpg
4188,139.600000,,0,B,0.26996,0.60740,0.11776,0.03660,frames/frame_004188.jpg
4189,139.633333,,0,B,0.26997,0.60705,0.11810,0.00144,frames/frame_004189.jpg
4190,139.666667,,0,B,0.27299,0.59911,0.11967,0.03300,frames/frame_004190.jpg
4191,139.700000,,0,P,0.27909,0.59316,0.12331,0.04240,frames/frame_004191.jpg
4192,139.733333,,0,B,0.27926,0.59286,0.12318,0.00143,frames/frame_004192.jpg
4193,139.766667,,0,B,0.29198,0.58098,0.13217,0.06212,frames/frame_004193.jpg
4194,139.800000,,0,B,0.29199,0.58195,0.13223,0.00130,frames/frame_004194.jpg
4195,139.833333,,0,P,0.29188,0.58133,0.13243,0.00135,frames/frame_004195.jpg
4196,139.866667,,0,B,0.30085,0.57286,0.13564,0.04839,frames/frame_004196.jpg
4197,139.900000,,0,B,0.30081,0.57252,0.13578,0.00139,frames/frame_004197.jpg
4198,139.933333,,0,B,0.30102,0.56982,0.13819,0.01965,frames/frame_004198.jpg
4199,139.966667,,0,P,0.30083,0.57078,0.13795,0.00196,frames/frame_004199.jpg
4200,140.000000,,0,B,0.30308,0.56400,0.13788,0.04405,frames/frame_004200.jpg
4201,140.033333,,0,B,0.30306,0.56387,0.13790,0.00144,frames/frame_004201.jpg
4202,140.066667,,0,B,0.29913,0.55751,0.13946,0.04489,frames/frame_004202.jpg
4203,140.100000,,0,P,0.29900,0.55798,0.13953,0.00192,frames/frame_004203.jpg
4204,140.133333,,0,B,0.29908,0.55810,0.13956,0.00143,frames/frame_004204.jpg
4205,140.166667,,0,B,0.29425,0.56059,0.13468,0.03842,frames/frame_004205.jpg
4206,140.200000,,0,B,0.29438,0.55979,0.13484,0.00131,frames/frame_004206.jpg
4207,140.233333,,0,P,0.54221,0.19596,0.11748,0.27988,frames/frame_004207.jpg
4208,140.266667,,0,B,0.29926,0.54543,0.13325,0.25444,frames/frame_004208.jpg
4209,140.300000,,0,B,0.29679,0.54736,0.13176,0.03570,frames/frame_004209.jpg
4210,140.333333,,0,B,0.29180,0.56927,0.13248,0.05109,frames/frame_004210.jpg
4211,140.366667,,0,P,0.29559,0.56691,0.13351,0.06834,frames/frame_004211.jpg
4212,140.400000,,0,B,0.29663,0.56632,0.13549,0.01658,frames/frame_004212.jpg
4213,140.433333,,0,B,0.29644,0.56700,0.13420,0.01689,frames/frame_004213.jpg
4214,140.466667,,0,B,0.29655,0.56645,0.13481,0.00301,frames/frame_004214.jpg
4215,140.500000,,0,P,0.29626,0.56732,0.13504,0.00333,frames/frame_004215.jpg
4216,140.533333,,0,B,0.29545,0.56507,0.13567,0.02278,frames/frame_004216.jpg
4217,140.566667,,0,B,0.29548,0.56541,0.13599,0.00322,frames/frame_004217.jpg
4218,140.600000,,0,B,0.29559,0.56449,0.13625,0.00342,frames/frame_004218.jpg
4219,140.633333,,0,P,0.29391,0.56379,0.13728,0.02197,frames/frame_004219.jpg
4220,140.666667,,0,B,0.29401,0.56382,0.13764,0.00341,frames/frame_004220.jpg
4221,140.700000,,0,B,0.32534,0.53025,0.15012,0.03388,frames/frame_004221.jpg
4222,140.733333,,0,P,0.40685,0.44478,0.20560,0.15461,frames/frame_004222.jpg
4223,140.766667,,0,B,0.50563,0.36053,0.22554,0.31711,frames/frame_004223.jpg
4224,140.800000,,0,B,0.57825,0.35411,0.23718,0.40653,frames/frame_004224.jpg
4225,140.833333,,0,P,0.52334,0.44198,0.24305,0.25102,frames/frame_004225.jpg
4226,140.866667,,0,P,0.47095,0.50532,0.23589,0.09102,frames/frame_004226.jpg
4227,140.900000,,0,P,0.66870,0.22560,0.18384,0.20819,frames/frame_004227.jpg
4228,140.933333,,0,P,0.60105,0.29730,0.20058,0.07365,frames/frame_004228.jpg
4229,140.966667,,1,I,0.49301,0.43933,0.21417,0.11919,frames/frame_004229.jpg
4230,141.000000,,0,B,0.46354,0.51135,0.22160,0.03733,frames/frame_004230.jpg
4231,141.033333,,0,B,0.45005,0.53061,0.21078,0.02608,frames/frame_004231.jpg
4232,141.066667,,0,B,0.44865,0.53404,0.21057,0.01500,frames/frame_004232.jpg
4233,141.100000,,0,P,0.44724,0.53703,0.21086,0.01562,frames/frame_004233.jpg
4234,141.133333,,0,B,0.44951,0.54558,0.20593,0.02793,frames/frame_004234.jpg
4235,141.166667,,0,B,0.44481,0.54777,0.20559,0.02077,frames/frame_004235.jpg
4236,141.200000,,0,B,0.43233,0.56382,0.19641,0.02862,frames/frame_004236.jpg
4237,141.233333,,0,P,0.43173,0.56477,0.19393,0.01612,frames/frame_004237.jpg
4238,141.266667,,0,B,0.42223,0.58650,0.18994,0.02209,frames/frame_004238.jpg
4239,141.300000,,0,B,0.42187,0.58750,0.19072,0.02125,frames/frame_004239.jpg
4240,141.333333,,0,B,0.42256,0.58933,0.18979,0.01499,frames/frame_004240.jpg
4241,141.366667,,0,P,0.41565,0.61056,0.18772,0.02077,frames/frame_004241.jpg
4242,141.400000,,0,B,0.41554,0.61168,0.18711,0.01653,frames/frame_004242.jpg
4243,141.433333,,0,B,0.40719,0.64584,0.18695,0.02165,frames/frame_004243.jpg
4244,141.466667,,0,B,0.39874,0.65522,0.18468,0.05641,frames/frame_004244.jpg
4245,141.500000,,0,P,0.39890,0.65498,0.18356,0.01754,frames/frame_004245.jpg
4246,141.533333,,0,B,0.38855,0.66076,0.18308,0.04884,frames/frame_004246.jpg
4247,141.566667,,0,B,0.38808,0.66039,0.18320,0.01699,frames/frame_004247.jpg
4248,141.600000,,0,B,0.41477,0.63161,0.24637,0.08154,frames/frame_004248.jpg
4249,141.633333,,0,P,0.39498,0.64627,0.22410,0.08681,frames/frame_004249.jpg
4250,141.666667,,0,B,0.38353,0.65487,0.20441,0.07070,frames/frame_004250.jpg
4251,141.700000,,0,B,0.38439,0.65236,0.20592,0.04306,frames/frame_004251.jpg
4252,141.733333,,0,B,0.38479,0.65527,0.20467,0.02601,frames/frame_004252.jpg
4253,141.766667,,0,P,0.38451,0.65615,0.20645,0.01659,frames/frame_004253.jpg
4254,141.800000,,0,B,0.38503,0.65660,0.20637,0.02991,frames/frame_004254.jpg
4255,141.833333,,0,B,0.38650,0.65385,0.20565,0.01884,frames/frame_004255.jpg
4256,141.866667,,0,B,0.38481,0.65103,0.20813,0.02794,frames/frame_004256.jpg
4257,141.900000,,0,P,0.38732,0.65088,0.20594,0.02352,frames/frame_004257.jpg
4258,141.933333,,0,B,0.38754,0.65094,0.20400,0.02325,frames/frame_004258.jpg
4259,141.966667,,0,B,0.38820,0.65420,0.20144,0.04125,frames/frame_004259.jpg
4260,142.000000,,0,B,0.38840,0.65362,0.20323,0.02155,frames/frame_004260.jpg
4261,142.033333,,0,P,0.41604,0.63341,0.22026,0.06337,frames/frame_004261.jpg
4262,142.066667,,0,B,0.40713,0.63482,0.21451,0.02727,frames/frame_004262.jpg
4263,142.100000,,0,B,0.40631,0.63412,0.21415,0.02111,frames/frame_004263.jpg
4264,142.133333,,0,B,0.40300,0.63979,0.20936,0.05605,frames/frame_004264.jpg
4265,142.166667,,0,P,0.40342,0.63904,0.20885,0.01837,frames/frame_004265.jpg
4266,142.200000,,0,B,0.40018,0.64211,0.20916,0.03628,frames/frame_004266.jpg
4267,142.233333,,0,B,0.40062,0.63758,0.20978,0.01931,frames/frame_004267.jpg
4268,142.266667,,0,B,0.40138,0.63779,0.21110,0.01752,frames/frame_004268.jpg
4269,142.300000,,0,P,0.40431,0.63198,0.21097,0.04023,frames/frame_004269.jpg
4270,142.333333,,0,B,0.40332,0.63147,0.21130,0.01619,frames/frame_004270.jpg
4271,142.366667,,0,B,0.40498,0.63190,0.21131,0.04033,frames/frame_004271.jpg
4272,142.400000,,0,B,0.40479,0.63438,0.21186,0.01810,frames/frame_004272.jpg
4273,142.433333,,0,P,0.40433,0.63545,0.21100,0.01695,frames/frame_004273.jpg
4274,142.466667,,0,B,0.40252,0.63946,0.20986,0.04085,frames/frame_004274.jpg
4275,142.500000,,0,B,0.23715,0.65116,0.13599,0.29178,frames/frame_004275.jpg
4276,142.533333,,0,B,0.23896,0.63095,0.16039,0.07483,frames/frame_004276.jpg
4277,142.566667,,0,P,0.23480,0.62882,0.17024,0.07446,frames/frame_004277.jpg
4278,142.600000,,0,B,0.22587,0.62844,0.16626,0.10875,frames/frame_004278.jpg
4279,142.633333,,0,P,0.22388,0.62876,0.16938,0.06919,frames/frame_004279.jpg
4280,142.666667,,0,B,0.22154,0.63618,0.17129,0.07455,frames/frame_004280.jpg
4281,142.700000,,0,P,0.21916,0.63857,0.16258,0.05476,frames/frame_004281.jpg
4282,142.733333,,0,B,0.21888,0.64347,0.16561,0.05354,frames/frame_004282.jpg
4283,142.766667,,0,B,0.22055,0.64547,0.16556,0.06271,frames/frame_004283.jpg
4284,142.800000,,0,B,0.22171,0.64365,0.16169,0.05077,frames/frame_004284.jpg
4285,142.833333,,0,P,0.22189,0.64128,0.16402,0.06091,frames/frame_004285.jpg
4286,142.866667,,0,B,0.22274,0.64059,0.16722,0.05579,frames/frame_004286.jpg
4287,142.900000,,0,P,0.22237,0.63617,0.16450,0.05206,frames/frame_004287.jpg
4288,142.933333,,0,B,0.22256,0.63513,0.16291,0.05828,frames/frame_004288.jpg
4289,142.966667,,0,B,0.22925,0.62417,0.16651,0.05103,frames/frame_004289.jpg
4290,143.000000,,0,B,0.22870,0.62568,0.16285,0.05430,frames/frame_004290.jpg
4291,143.033333,,0,P,0.22916,0.62240,0.16317,0.05101,frames/frame_004291.jpg
4292,143.066667,,0,B,0.23241,0.61930,0.16797,0.05139,frames/frame_004292.jpg
4293,143.100000,,0,B,0.23514,0.61498,0.16649,0.06029,frames/frame_004293.jpg
4294,143.133333,,0,P,0.23489,0.61339,0.16704,0.05123,frames/frame_004294.jpg
4295,143.166667,,0,P,0.23344,0.61548,0.16766,0.05381,frames/frame_004295.jpg
4296,143.200000,,0,P,0.23264,0.61672,0.16321,0.05025,frames/frame_004296.jpg
4297,143.233333,,0,B,0.22979,0.62217,0.15895,0.05008,frames/frame_004297.jpg
4298,143.266667,,0,P,0.22632,0.62702,0.16163,0.05076,frames/frame_004298.jpg
4299,143.300000,,0,B,0.22304,0.63450,0.16008,0.05482,frames/frame_004299.jpg
4300,143.333333,,0,B,0.22016,0.63322,0.15672,0.08622,frames/frame_004300.jpg
4301,143.366667,,0,B,0.21681,0.64362,0.15787,0.05162,frames/frame_004301.jpg
4302,143.400000,,0,P,0.23933,0.64172,0.13573,0.14862,frames/frame_004302.jpg
4303,143.433333,,0,B,0.25772,0.60844,0.14684,0.07076,frames/frame_004303.jpg
4304,143.466667,,0,P,0.26263,0.59871,0.15182,0.06730,frames/frame_004304.jpg
4305,143.500000,,0,P,0.26438,0.59229,0.15179,0.04971,frames/frame_004305.jpg
4306,143.533333,,0,B,0.26359,0.59561,0.14787,0.02383,frames/frame_004306.jpg
4307,143.566667,,0,B,0.25495,0.61267,0.13735,0.01953,frames/frame_004307.jpg
4308,143.600000,,0,B,0.26343,0.60238,0.14417,0.01851,frames/frame_004308.jpg
4309,143.633333,,0,P,0.26315,0.60222,0.14133,0.02182,frames/frame_004309.jpg
4310,143.666667,,0,B,0.26303,0.60379,0.14239,0.01242,frames/frame_004310.jpg
4311,143.700000,,0,P,0.26163,0.60268,0.14186,0.01761,frames/frame_004311.jpg
4312,143.733333,,0,B,0.26155,0.60434,0.13883,0.01505,frames/frame_004312.jpg
4313,143.766667,,0,B,0.26088,0.60433,0.14135,0.01198,frames/frame_004313.jpg
4314,143.800000,,0,B,0.26082,0.60495,0.14034,0.01183,frames/frame_004314.jpg
4315,143.833333,,0,P,0.26039,0.60361,0.13843,0.01055,frames/frame_004315.jpg
4316,143.866667,,0,B,0.26246,0.59982,0.14227,0.02239,frames/frame_004316.jpg
4317,143.900000,,0,P,0.26173,0.60034,0.14346,0.01070,frames/frame_004317.jpg
4318,143.933333,,0,P,0.26380,0.59018,0.14128,0.02390,frames/frame_004318.jpg
4319,143.966667,,1,I,0.26393,0.58851,0.14501,0.02247,frames/frame_004319.jpg
4320,144.000000,,0,B,0.26327,0.58895,0.14378,0.01287,frames/frame_004320.jpg
4321,144.033333,,0,P,0.26338,0.58738,0.14046,0.01306,frames/frame_004321.jpg
4322,144.066667,,0,B,0.26406,0.58773,0.14175,0.01010,frames/frame_004322.jpg
4323,144.100000,,0,P,0.26470,0.58424,0.14460,0.02091,frames/frame_004323.jpg
4324,144.133333,,0,B,0.26472,0.58394,0.14195,0.01109,frames/frame_004324.jpg
4325,144.166667,,0,P,0.26430,0.58381,0.14452,0.01761,frames/frame_004325.jpg
4326,144.200000,,0,B,0.26401,0.58405,0.14755,0.01582,frames/frame_004326.jpg
4327,144.233333,,0,B,0.26392,0.58464,0.14482,0.01080,frames/frame_004327.jpg
4328,144.266667,,0,P,0.26376,0.58484,0.14669,0.01180,frames/frame_004328.jpg
4329,144.300000,,0,B,0.26402,0.58417,0.14870,0.01222,frames/frame_004329.jpg
4330,144.333333,,0,B,0.29063,0.49336,0.18853,0.20967,frames/frame_004330.jpg
4331,144.366667,,0,B,0.28932,0.49592,0.18805,0.03088,frames/frame_004331.jpg
4332,144.400000,,0,P,0.28778,0.49345,0.18751,0.03994,frames/frame_004332.jpg
4333,144.433333,,0,B,0.28542,0.50032,0.18126,0.04759,frames/frame_004333.jpg
4334,144.466667,,0,B,0.28190,0.51232,0.18209,0.03276,frames/frame_004334.jpg
4335,144.500000,,0,B,0.27879,0.52107,0.18299,0.03374,frames/frame_004335.jpg
4336,144.533333,,0,P,0.27800,0.51844,0.18180,0.03330,frames/frame_004336.jpg
4337,144.566667,,0,B,0.27701,0.52020,0.18226,0.02175,frames/frame_004337.jpg
4338,144.600000,,0,B,0.27774,0.52501,0.18056,0.03362,frames/frame_004338.jpg
4339,144.633333,,0,B,0.27358,0.53571,0.17812,0.03065,frames/frame_004339.jpg
4340,144.666667,,0,P,0.27896,0.52591,0.18534,0.04676,frames/frame_004340.jpg
4341,144.700000,,0,B,0.27910,0.52779,0.18804,0.01911,frames/frame_004341.jpg
4342,144.733333,,0,B,0.28180,0.51734,0.18428,0.02581,frames/frame_004342.jpg
4343,144.766667,,0,B,0.29314,0.50791,0.18887,0.05177,frames/frame_004343.jpg
4344,144.800000,,0,P,0.29153,0.50442,0.18980,0.02209,frames/frame_004344.jpg
4345,144.833333,,0,B,0.28624,0.51404,0.18770,0.05159,frames/frame_004345.jpg
4346,144.866667,,0,B,0.28474,0.51287,0.18664,0.02405,frames/frame_004346.jpg
4347,144.900000,,0,B,0.28461,0.51342,0.19179,0.02357,frames/frame_004347.jpg
4348,144.933333,,0,P,0.28123,0.51923,0.18444,0.05021,frames/frame_004348.jpg
4349,144.966667,,0,B,0.28456,0.51201,0.18091,0.02688,frames/frame_004349.jpg
4350,145.000000,,0,B,0.28426,0.50797,0.18433,0.04619,frames/frame_004350.jpg
4351,145.033333,,0,B,0.28506,0.50864,0.18426,0.02340,frames/frame_004351.jpg
4352,145.066667,,0,P,0.28592,0.50380,0.18090,0.02681,frames/frame_004352.jpg
4353,145.100000,,0,B,0.28805,0.50519,0.18652,0.05168,frames/frame_004353.jpg
4354,145.133333,,0,B,0.28588,0.51278,0.18489,0.02840,frames/frame_004354.jpg
4355,145.166667,,0,B,0.28694,0.51019,0.18402,0.05054,frames/frame_004355.jpg
4356,145.200000,,0,P,0.28501,0.51451,0.18693,0.01924,frames/frame_004356.jpg
4357,145.233333,,0,B,0.29555,0.50777,0.19532,0.03306,frames/frame_004357.jpg
4358,145.266667,,0,B,0.28809,0.51321,0.18405,0.05066,frames/frame_004358.jpg
4359,145.300000,,0,B,0.28159,0.52478,0.18569,0.02884,frames/frame_004359.jpg
4360,145.333333,,0,P,0.27994,0.52556,0.18624,0.04458,frames/frame_004360.jpg
4361,145.366667,,0,B,0.28347,0.51630,0.17883,0.02750,frames/frame_004361.jpg
4362,145.400000,,0,B,0.28278,0.51844,0.18302,0.01909,frames/frame_004362.jpg
4363,145.433333,,0,B,0.28050,0.52530,0.18411,0.04111,frames/frame_004363.jpg
4364,145.466667,,0,P,0.28089,0.52384,0.17958,0.02140,frames/frame_004364.jpg
4365,145.500000,,0,B,0.28403,0.51801,0.18213,0.04397,frames/frame_004365.jpg
4366,145.533333,,0,B,0.28493,0.51607,0.18460,0.02671,frames/frame_004366.jpg
4367,145.566667,,0,B,0.28544,0.51400,0.17991,0.02108,frames/frame_004367.jpg
4368,145.600000,,0,P,0.28524,0.51357,0.18450,0.04529,frames/frame_004368.jpg
4369,145.633333,,0,B,0.28451,0.51657,0.18609,0.02066,frames/frame_004369.jpg
4370,145.666667,,0,B,0.28466,0.51261,0.18133,0.04820,frames/frame_004370.jpg
4371,145.700000,,0,B,0.28882,0.50949,0.18575,0.02285,frames/frame_004371.jpg
4372,145.733333,,0,P,0.28724,0.51038,0.18867,0.02648,frames/frame_004372.jpg
4373,145.766667,,0,B,0.28430,0.50766,0.18323,0.05137,frames/frame_004373.jpg
4374,145.800000,,0,B,0.28444,0.50628,0.18537,0.02058,frames/frame_004374.jpg
4375,145.833333,,0,B,0.28322,0.50671,0.18541,0.04620,frames/frame_004375.jpg
4376,145.866667,,0,P,0.28311,0.50344,0.18264,0.01844,frames/frame_004376.jpg
4377,145.900000,,0,B,0.28385,0.49981,0.18220,0.02045,frames/frame_004377.jpg
4378,145.933333,,0,B,0.28602,0.49648,0.18658,0.05045,frames/frame_004378.jpg
4379,145.966667,,0,B,0.28574,0.49487,0.18181,0.02355,frames/frame_004379.jpg
4380,146.000000,,0,P,0.28645,0.49670,0.18123,0.04824,frames/frame_004380.jpg
4381,146.033333,,0,B,0.28719,0.49665,0.18538,0.01836,frames/frame_004381.jpg
4382,146.066667,,0,B,0.28846,0.49295,0.18392,0.01905,frames/frame_004382.jpg
4383,146.100000,,0,B,0.29049,0.48653,0.18572,0.04547,frames/frame_004383.jpg
4384,146.133333,,0,P,0.17569,0.64504,0.11355,0.18318,frames/frame_004384.jpg
4385,146.166667,,0,B,0.17630,0.64088,0.11378,0.01078,frames/frame_004385.jpg
4386,146.200000,,0,P,0.17780,0.63184,0.11321,0.02078,frames/frame_004386.jpg
4387,146.233333,,0,B,0.17827,0.62738,0.11784,0.01446,frames/frame_004387.jpg
4388,146.266667,,0,P,0.17800,0.62854,0.11519,0.01238,frames/frame_004388.jpg
4389,146.300000,,0,B,0.17814,0.62689,0.11154,0.01243,frames/frame_004389.jpg
4390,146.333333,,0,P,0.17831,0.62595,0.11450,0.01070,frames/frame_004390.jpg
4391,146.366667,,0,B,0.18017,0.62344,0.11804,0.01927,frames/frame_004391.jpg
4392,146.400000,,0,B,0.18081,0.61762,0.11335,0.01565,frames/frame_004392.jpg
4393,146.433333,,0,B,0.18309,0.61129,0.11894,0.02007,frames/frame_004393.jpg
4394,146.466667,,0,P,0.18374,0.60603,0.12329,0.01788,frames/frame_004394.jpg
4395,146.500000,,0,B,0.18356,0.60558,0.11826,0.01346,frames/frame_004395.jpg
4396,146.533333,,0,P,0.18323,0.60693,0.11971,0.01435,frames/frame_004396.jpg
4397,146.566667,,0,B,0.18320,0.60844,0.12228,0.01133,frames/frame_004397.jpg
4398,146.600000,,0,P,0.18285,0.60684,0.11884,0.01457,frames/frame_004398.jpg
4399,146.633333,,0,P,0.18234,0.60361,0.11843,0.01706,frames/frame_004399.jpg
4400,146.666667,,0,B,0.18357,0.59802,0.12427,0.01612,frames/frame_004400.jpg
4401,146.700000,,0,P,0.18354,0.59598,0.12124,0.01428,frames/frame_004401.jpg
4402,146.733333,,0,B,0.18414,0.59466,0.12159,0.01259,frames/frame_004402.jpg
4403,146.766667,,0,P,0.18408,0.59658,0.12686,0.01143,frames/frame_004403.jpg
4404,146.800000,,0,B,0.18425,0.59617,0.12481,0.01187,frames/frame_004404.jpg
4405,146.833333,,0,P,0.18351,0.59241,0.12224,0.01954,frames/frame_004405.jpg
4406,146.866667,,0,P,0.18329,0.59578,0.12900,0.01668,frames/frame_004406.jpg
4407,146.900000,,0,B,0.18413,0.59339,0.12430,0.01671,frames/frame_004407.jpg
4408,146.933333,,0,P,0.18423,0.59364,0.12215,0.01462,frames/frame_004408.jpg
4409,146.966667,,1,I,0.18506,0.59214,0.12782,0.01256,frames/frame_004409.jpg
4410,147.000000,,0,B,0.18549,0.59129,0.12667,0.01355,frames/frame_004410.jpg
4411,147.033333,,0,B,0.54735,0.46788,0.16544,0.36071,frames/frame_004411.jpg
4412,147.066667,,0,B,0.54458,0.47306,0.17230,0.01803,frames/frame_004412.jpg
4413,147.100000,,0,P,0.54331,0.47417,0.16989,0.01387,frames/frame_004413.jpg
4414,147.133333,,0,B,0.54865,0.47344,0.16490,0.04909,frames/frame_004414.jpg
4415,147.166667,,0,P,0.54828,0.47416,0.16662,0.01267,frames/frame_004415.jpg
4416,147.200000,,0,B,0.54881,0.47619,0.16521,0.01380,frames/frame_004416.jpg
4417,147.233333,,0,B,0.54085,0.47761,0.16900,0.03774,frames/frame_004417.jpg
4418,147.266667,,0,B,0.54039,0.47850,0.17227,0.01318,frames/frame_004418.jpg
4419,147.300000,,0,P,0.53464,0.47749,0.17517,0.03276,frames/frame_004419.jpg
4420,147.333333,,0,B,0.53531,0.47923,0.17362,0.01338,frames/frame_004420.jpg
4421,147.366667,,0,P,0.53543,0.47261,0.17989,0.04592,frames/frame_004421.jpg
4422,147.400000,,0,B,0.53537,0.47390,0.18020,0.01230,frames/frame_004422.jpg
4423,147.433333,,0,P,0.53453,0.47010,0.17876,0.03441,frames/frame_004423.jpg
4424,147.466667,,0,B,0.53489,0.47067,0.18100,0.01262,frames/frame_004424.jpg
4425,147.500000,,0,P,0.53695,0.46312,0.18271,0.02446,frames/frame_004425.jpg
4426,147.533333,,0,B,0.54513,0.47660,0.16108,0.08412,frames/frame_004426.jpg
4427,147.566667,,0,B,0.54418,0.47641,0.16315,0.01291,frames/frame_004427.jpg
4428,147.600000,,0,B,0.55009,0.47868,0.16053,0.03738,frames/frame_004428.jpg
4429,147.633333,,0,P,0.54939,0.47822,0.15973,0.01345,frames/frame_004429.jpg
4430,147.666667,,0,B,0.54873,0.48108,0.16337,0.03243,frames/frame_004430.jpg
4431,147.700000,,0,P,0.54851,0.48019,0.16280,0.01274,frames/frame_004431.jpg
4432,147.733333,,0,B,0.54998,0.48310,0.16216,0.04483,frames/frame_004432.jpg
4433,147.766667,,0,B,0.55173,0.47976,0.16424,0.02692,frames/frame_004433.jpg
4434,147.800000,,0,B,0.55214,0.47992,0.16402,0.01303,frames/frame_004434.jpg
4435,147.833333,,0,P,0.55333,0.47595,0.16426,0.03076,frames/frame_004435.jpg
4436,147.866667,,0,B,0.55396,0.47560,0.16489,0.01301,frames/frame_004436.jpg
4437,147.900000,,0,P,0.55668,0.46650,0.16612,0.03670,frames/frame_004437.jpg
4438,147.933333,,0,B,0.56672,0.45962,0.15941,0.03369,frames/frame_004438.jpg
4439,147.966667,,0,B,0.56860,0.45568,0.16152,0.01864,frames/frame_004439.jpg
4440,148.000000,,0,B,0.57220,0.45490,0.15860,0.02869,frames/frame_004440.jpg
4441,148.033333,,0,P,0.57097,0.45640,0.15783,0.01320,frames/frame_004441.jpg
4442,148.066667,,0,B,0.57227,0.46176,0.15100,0.02168,frames/frame_004442.jpg
4443,148.100000,,0,P,0.57195,0.46213,0.15202,0.01295,frames/frame_004443.jpg
4444,148.133333,,0,B,0.57192,0.46205,0.15109,0.01348,frames/frame_004444.jpg
4445,148.166667,,0,P,0.57026,0.46201,0.14909,0.01631,frames/frame_004445.jpg
4446,148.200000,,0,B,0.56994,0.46387,0.15187,0.01727,frames/frame_004446.jpg
4447,148.233333,,0,B,0.57054,0.46316,0.14977,0.01355,frames/frame_004447.jpg
4448,148.266667,,0,B,0.57094,0.46352,0.14829,0.01312,frames/frame_004448.jpg
4449,148.300000,,0,P,0.57094,0.46290,0.15035,0.01366,frames/frame_004449.jpg
4450,148.333333,,0,B,0.58418,0.44333,0.15165,0.02396,frames/frame_004450.jpg
4451,148.366667,,0,P,0.58387,0.44189,0.15022,0.02249,frames/frame_004451.jpg
4452,148.400000,,0,B,0.58348,0.43674,0.15914,0.04337,frames/frame_004452.jpg
4453,148.433333,,0,B,0.56303,0.45079,0.16953,0.06371,frames/frame_004453.jpg
4454,148.466667,,0,B,0.54754,0.45930,0.17500,0.05980,frames/frame_004454.jpg
4455,148.500000,,0,P,0.53506,0.46099,0.18675,0.05763,frames/frame_004455.jpg
4456,148.533333,,0,B,0.53091,0.46287,0.18949,0.03700,frames/frame_004456.jpg
4457,148.566667,,0,P,0.52955,0.46119,0.19428,0.04328,frames/frame_004457.jpg
4458,148.600000,,0,B,0.52958,0.46178,0.19469,0.01153,frames/frame_004458.jpg
4459,148.633333,,0,B,0.53139,0.45975,0.19334,0.05100,frames/frame_004459.jpg
4460,148.666667,,0,B,0.53287,0.45883,0.18822,0.03841,frames/frame_004460.jpg
4461,148.700000,,0,P,0.53521,0.45733,0.18721,0.03386,frames/frame_004461.jpg
4462,148.733333,,0,B,0.53518,0.45741,0.18808,0.01132,frames/frame_004462.jpg
4463,148.766667,,0,P,0.53840,0.45830,0.18259,0.03771,frames/frame_004463.jpg
4464,148.800000,,0,B,0.53851,0.46040,0.18097,0.02546,frames/frame_004464.jpg
4465,148.833333,,0,P,0.53831,0.45993,0.18114,0.01159,frames/frame_004465.jpg
4466,148.866667,,0,B,0.21566,0.59889,0.17737,0.30803,frames/frame_004466.jpg
4467,148.900000,,0,B,0.21181,0.60646,0.17746,0.05178,frames/frame_004467.jpg
4468,148.933333,,0,B,0.20837,0.61448,0.17624,0.05143,frames/frame_004468.jpg
4469,148.966667,,0,P,0.20406,0.62055,0.17216,0.05363,frames/frame_004469.jpg
4470,149.000000,,0,B,0.20357,0.62281,0.17083,0.05071,frames/frame_004470.jpg
4471,149.033333,,0,B,0.20333,0.62313,0.17200,0.05083,frames/frame_004471.jpg
4472,149.066667,,0,B,0.20417,0.62231,0.16978,0.05528,frames/frame_004472.jpg
4473,149.100000,,0,P,0.20438,0.62089,0.17009,0.05662,frames/frame_004473.jpg
4474,149.133333,,0,B,0.20489,0.62216,0.17114,0.05079,frames/frame_004474.jpg
4475,149.166667,,0,B,0.20552,0.62019,0.16962,0.05328,frames/frame_004475.jpg
4476,149.200000,,0,B,0.20712,0.61809,0.17267,0.05047,frames/frame_004476.jpg
4477,149.233333,,0,P,0.20933,0.61275,0.17759,0.05253,frames/frame_004477.jpg
4478,149.266667,,0,B,0.21060,0.61177,0.18164,0.05180,frames/frame_004478.jpg
4479,149.300000,,0,P,0.20814,0.61222,0.17801,0.05728,frames/frame_004479.jpg
4480,149.333333,,0,B,0.21196,0.60283,0.17740,0.05744,frames/frame_004480.jpg
4481,149.366667,,0,B,0.20890,0.60641,0.17660,0.05293,frames/frame_004481.jpg
4482,149.400000,,0,B,0.20830,0.60730,0.17487,0.05525,frames/frame_004482.jpg
4483,149.433333,,0,P,0.20734,0.60678,0.17713,0.05394,frames/frame_004483.jpg
4484,149.466667,,0,B,0.20538,0.61092,0.17568,0.05657,frames/frame_004484.jpg
4485,149.500000,,0,B,0.20279,0.61220,0.17020,0.05340,frames/frame_004485.jpg
4486,149.533333,,0,B,0.20354,0.61428,0.17266,0.06018,frames/frame_004486.jpg
4487,149.566667,,0,P,0.20378,0.61437,0.17403,0.05365,frames/frame_004487.jpg
4488,149.600000,,0,B,0.20400,0.61597,0.17322,0.05779,frames/frame_004488.jpg
4489,149.633333,,0,P,0.20083,0.62166,0.17019,0.05543,frames/frame_004489.jpg
4490,149.666667,,0,P,0.19828,0.62722,0.16740,0.05324,frames/frame_004490.jpg
4491,149.700000,,0,P,0.19699,0.63001,0.16583,0.05127,frames/frame_004491.jpg
4492,149.733333,,0,B,0.19747,0.63047,0.16516,0.05601,frames/frame_004492.jpg
4493,149.766667,,0,B,0.20894,0.61791,0.17655,0.14940,frames/frame_004493.jpg
4494,149.800000,,0,B,0.20954,0.61814,0.17289,0.02105,frames/frame_004494.jpg
4495,149.833333,,0,P,0.20926,0.61804,0.17414,0.01920,frames/frame_004495.jpg
4496,149.866667,,0,B,0.20940,0.61586,0.17476,0.02574,frames/frame_004496.jpg
4497,149.900000,,0,P,0.21034,0.61809,0.17492,0.02306,frames/frame_004497.jpg
4498,149.933333,,0,P,0.21362,0.61753,0.17393,0.03220,frames/frame_004498.jpg
4499,149.966667,,1,I,0.21459,0.61369,0.17914,0.02925,frames/frame_004499.jpg
4500,150.000000,,0,B,0.21607,0.61359,0.17769,0.02693,frames/frame_004500.jpg
4501,150.033333,,0,B,0.21430,0.61731,0.17575,0.02163,frames/frame_004501.jpg
4502,150.066667,,0,B,0.21075,0.62190,0.17323,0.02973,frames/frame_004502.jpg
4503,150.100000,,0,P,0.20932,0.62233,0.17435,0.01763,frames/frame_004503.jpg
4504,150.133333,,0,B,0.20875,0.62290,0.17297,0.01659,frames/frame_004504.jpg
4505,150.166667,,0,B,0.20840,0.62310,0.17281,0.01476,frames/frame_004505.jpg
4506,150.200000,,0,B,0.20811,0.62246,0.17152,0.01972,frames/frame_004506.jpg
4507,150.233333,,0,P,0.20812,0.61884,0.17286,0.01940,frames/frame_004507.jpg
4508,150.266667,,0,B,0.20723,0.62190,0.16911,0.02155,frames/frame_004508.jpg
4509,150.300000,,0,B,0.20687,0.62074,0.17203,0.02045,frames/frame_004509.jpg
4510,150.333333,,0,B,0.20669,0.62027,0.17067,0.02375,frames/frame_004510.jpg
4511,150.366667,,0,P,0.20928,0.62127,0.17162,0.03459,frames/frame_004511.jpg
4512,150.400000,,0,B,0.21092,0.62120,0.17346,0.02742,frames/frame_004512.jpg
4513,150.433333,,0,B,0.21181,0.61920,0.17326,0.02221,frames/frame_004513.jpg
4514,150.466667,,0,B,0.21250,0.61716,0.17307,0.02897,frames/frame_004514.jpg
4515,150.500000,,0,P,0.21025,0.62064,0.17047,0.01998,frames/frame_004515.jpg
4516,150.533333,,0,B,0.20681,0.62495,0.16805,0.02861,frames/frame_004516.jpg
4517,150.566667,,0,B,0.20578,0.62775,0.16799,0.01683,frames/frame_004517.jpg
4518,150.600000,,0,B,0.20455,0.62945,0.16809,0.01548,frames/frame_004518.jpg
4519,150.633333,,0,P,0.20399,0.62990,0.17019,0.01691,frames/frame_004519.jpg
4520,150.666667,,0,B,0.20379,0.62851,0.16864,0.01467,frames/frame_004520.jpg
4521,150.700000,,0,B,0.35840,0.64323,0.12271,0.24351,frames/frame_004521.jpg
4522,150.733333,,0,B,0.35857,0.64495,0.12283,0.02437,frames/frame_004522.jpg
4523,150.766667,,0,P,0.35843,0.64462,0.12336,0.00745,frames/frame_004523.jpg
4524,150.800000,,0,B,0.35860,0.64496,0.12158,0.00908,frames/frame_004524.jpg
4525,150.833333,,0,P,0.35754,0.65000,0.11802,0.03565,frames/frame_004525.jpg
4526,150.866667,,0,B,0.35778,0.65014,0.11662,0.01050,frames/frame_004526.jpg
4527,150.900000,,0,B,0.35731,0.64987,0.11587,0.00861,frames/frame_004527.jpg
4528,150.933333,,0,B,0.35613,0.65176,0.11579,0.03046,frames/frame_004528.jpg
4529,150.966667,,0,P,0.35574,0.65153,0.11546,0.00879,frames/frame_004529.jpg
4530,151.000000,,0,B,0.35579,0.65230,0.11421,0.00752,frames/frame_004530.jpg
4531,151.033333,,0,P,0.35520,0.65331,0.11555,0.01741,frames/frame_004531.jpg
4532,151.066667,,0,B,0.35530,0.65290,0.11490,0.01068,frames/frame_004532.jpg
4533,151.100000,,0,B,0.35534,0.65308,0.11412,0.00711,frames/frame_004533.jpg
4534,151.133333,,0,B,0.58540,0.31931,0.13587,0.22920,frames/frame_004534.jpg
4535,151.166667,,0,P,0.38054,0.60331,0.16430,0.20784,frames/frame_004535.jpg
4536,151.200000,,0,B,0.38195,0.60346,0.16649,0.02319,frames/frame_004536.jpg
4537,151.233333,,0,B,0.37828,0.61226,0.15433,0.03441,frames/frame_004537.jpg
4538,151.266667,,0,B,0.37873,0.61099,0.15243,0.01932,frames/frame_004538.jpg
4539,151.300000,,0,P,0.38301,0.60237,0.16566,0.02934,frames/frame_004539.jpg
4540,151.333333,,0,B,0.38110,0.60627,0.16148,0.01238,frames/frame_004540.jpg
4541,151.366667,,0,B,0.36893,0.63255,0.12558,0.02201,frames/frame_004541.jpg
4542,151.400000,,0,B,0.36280,0.64593,0.11585,0.05070,frames/frame_004542.jpg
4543,151.433333,,0,P,0.35913,0.65125,0.11327,0.00773,frames/frame_004543.jpg
4544,151.466667,,0,B,0.35946,0.65052,0.11351,0.00519,frames/frame_004544.jpg
4545,151.500000,,0,B,0.36136,0.64750,0.11497,0.02421,frames/frame_004545.jpg
4546,151.533333,,0,B,0.36145,0.64789,0.11520,0.00387,frames/frame_004546.jpg
4547,151.566667,,0,P,0.36117,0.64619,0.11988,0.04765,frames/frame_004547.jpg
4548,151.600000,,0,B,0.40263,0.55207,0.18026,0.24440,frames/frame_004548.jpg
4549,151.633333,,0,B,0.40317,0.55281,0.18019,0.01311,frames/frame_004549.jpg
4550,151.666667,,0,B,0.40086,0.55622,0.17396,0.05733,frames/frame_004550.jpg
4551,151.700000,,0,P,0.40076,0.55780,0.17426,0.01161,frames/frame_004551.jpg
4552,151.733333,,0,B,0.40104,0.55780,0.17431,0.01384,frames/frame_004552.jpg
4553,151.766667,,0,B,0.40846,0.55593,0.17794,0.06662,frames/frame_004553.jpg
4554,151.800000,,0,B,0.40910,0.55626,0.17717,0.00993,frames/frame_004554.jpg
4555,151.833333,,0,P,0.39667,0.56708,0.17527,0.04825,frames/frame_004555.jpg
4556,151.866667,,0,B,0.39717,0.56802,0.17327,0.01471,frames/frame_004556.jpg
4557,151.900000,,0,B,0.39772,0.56706,0.17404,0.01131,frames/frame_004557.jpg
4558,151.933333,,0,B,0.39627,0.57014,0.17226,0.03528,frames/frame_004558.jpg
4559,151.966667,,0,P,0.39578,0.56914,0.17238,0.01347,frames/frame_004559.jpg
4560,152.000000,,0,B,0.39445,0.57084,0.17104,0.02056,frames/frame_004560.jpg
4561,152.033333,,0,P,0.40395,0.54918,0.17723,0.10294,frames/frame_004561.jpg
4562,152.066667,,0,B,0.40441,0.54820,0.17626,0.01078,frames/frame_004562.jpg
4563,152.100000,,0,B,0.40546,0.54687,0.17638,0.01164,frames/frame_004563.jpg
4564,152.133333,,0,B,0.40589,0.54629,0.17676,0.01078,frames/frame_004564.jpg
4565,152.166667,,0,P,0.40637,0.54659,0.17771,0.01139,frames/frame_004565.jpg
4566,152.200000,,0,B,0.40696,0.54647,0.17800,0.01332,frames/frame_004566.jpg
4567,152.233333,,0,B,0.40700,0.54684,0.17887,0.01114,frames/frame_004567.jpg
4568,152.266667,,0,B,0.40661,0.54816,0.18001,0.01207,frames/frame_004568.jpg
4569,152.300000,,0,P,0.40570,0.54852,0.17974,0.01147,frames/frame_004569.jpg
4570,152.333333,,0,B,0.40507,0.55043,0.17894,0.01177,frames/frame_004570.jpg
4571,152.366667,,0,B,0.40494,0.55054,0.17846,0.01041,frames/frame_004571.jpg
4572,152.400000,,0,B,0.40481,0.55027,0.17826,0.01007,frames/frame_004572.jpg
4573,152.433333,,0,P,0.40454,0.54982,0.17734,0.01301,frames/frame_004573.jpg
4574,152.466667,,0,B,0.40424,0.54897,0.17663,0.01011,frames/frame_004574.jpg
4575,152.500000,,0,B,0.32672,0.51967,0.22498,0.28420,frames/frame_004575.jpg
4576,152.533333,,0,B,0.32282,0.52330,0.22303,0.01555,frames/frame_004576.jpg
4577,152.566667,,0,P,0.30747,0.52593,0.20040,0.08240,frames/frame_004577.jpg
4578,152.600000,,0,B,0.30521,0.52915,0.19621,0.05355,frames/frame_004578.jpg
4579,152.633333,,0,B,0.30551,0.52628,0.19332,0.03992,frames/frame_004579.jpg
4580,152.666667,,0,B,0.30788,0.52511,0.19622,0.03426,frames/frame_004580.jpg
4581,152.700000,,0,P,0.30796,0.52532,0.19790,0.03433,frames/frame_004581.jpg
4582,152.733333,,0,B,0.30902,0.52612,0.19565,0.02989,frames/frame_004582.jpg
4583,152.766667,,0,B,0.34225,0.49380,0.21173,0.06461,frames/frame_004583.jpg
4584,152.800000,,0,B,0.34551,0.48989,0.21066,0.02534,frames/frame_004584.jpg
4585,152.833333,,0,P,0.34740,0.48646,0.20865,0.02384,frames/frame_004585.jpg
4586,152.866667,,0,B,0.34897,0.48195,0.20825,0.02503,frames/frame_004586.jpg
4587,152.900000,,0,B,1.00000,0.00000,0.05710,0.62305,frames/frame_004587.jpg
4588,152.933333,,0,P,0.35354,0.43997,0.21272,0.63474,frames/frame_004588.jpg
4589,152.966667,,1,I,0.35860,0.37275,0.20649,0.04008,frames/frame_004589.jpg
4590,153.000000,,0,B,0.36329,0.57190,0.20520,0.03562,frames/frame_004590.jpg
4591,153.033333,,0,B,0.36344,0.57233,0.20521,0.00093,frames/frame_004591.jpg
4592,153.066667,,0,P,0.36341,0.57326,0.20522,0.00098,frames/frame_004592.jpg
4593,153.100000,,0,B,0.36353,0.57206,0.20509,0.00177,frames/frame_004593.jpg
4594,153.133333,,0,B,0.36350,0.57278,0.20536,0.00170,frames/frame_004594.jpg
4595,153.166667,,0,B,0.36356,0.57239,0.20508,0.00151,frames/frame_004595.jpg
4596,153.200000,,0,P,0.36329,0.57336,0.20515,0.00213,frames/frame_004596.jpg
4597,153.233333,,0,B,0.36352,0.57168,0.20512,0.00211,frames/frame_004597.jpg
4598,153.266667,,0,B,0.36351,0.57228,0.20513,0.00196,frames/frame_004598.jpg
4599,153.300000,,0,B,0.36355,0.57172,0.20523,0.00173,frames/frame_004599.jpg
4600,153.333333,,0,P,0.36303,0.57302,0.20545,0.00249,frames/frame_004600.jpg
4601,153.366667,,0,B,0.36303,0.57311,0.20549,0.00033,frames/frame_004601.jpg
4602,153.400000,,0,B,0.24734,0.57506,0.15141,0.11014,frames/frame_004602.jpg
4603,153.433333,,0,P,0.24735,0.57500,0.15140,0.00024,frames/frame_004603.jpg
4604,153.466667,,0,B,0.24752,0.56314,0.15823,0.02048,frames/frame_004604.jpg
4605,153.500000,,0,P,0.24747,0.56404,0.15814,0.00132,frames/frame_004605.jpg
4606,153.533333,,0,B,0.24806,0.55725,0.15731,0.02472,frames/frame_004606.jpg
4607,153.566667,,0,P,0.24804,0.55739,0.15727,0.00055,frames/frame_004607.jpg
4608,153.600000,,0,P,0.25356,0.55216,0.16853,0.04413,frames/frame_004608.jpg
4609,153.633333,,0,B,0.23204,0.54814,0.15620,0.02017,frames/frame_004609.jpg
4610,153.666667,,0,B,0.22877,0.55357,0.15226,0.00719,frames/frame_004610.jpg
4611,153.700000,,0,P,0.22872,0.55337,0.15218,0.00082,frames/frame_004611.jpg
4612,153.733333,,0,B,0.23142,0.54624,0.15574,0.00759,frames/frame_004612.jpg
4613,153.766667,,0,P,0.23117,0.54853,0.15576,0.00211,frames/frame_004613.jpg
4614,153.800000,,0,B,0.22870,0.55279,0.15225,0.00752,frames/frame_004614.jpg
4615,153.833333,,0,P,0.23036,0.55375,0.15664,0.00840,frames/frame_004615.jpg
4616,153.866667,,0,B,0.18998,0.55490,0.14221,0.04935,frames/frame_004616.jpg
4617,153.900000,,0,B,0.18900,0.55514,0.13537,0.01214,frames/frame_004617.jpg
4618,153.933333,,0,P,0.18641,0.56136,0.13283,0.00987,frames/frame_004618.jpg
4619,153.966667,,0,B,0.18930,0.55300,0.14247,0.01679,frames/frame_004619.jpg
4620,154.000000,,0,P,0.18885,0.55569,0.14150,0.00606,frames/frame_004620.jpg
4621,154.033333,,0,B,0.18661,0.55868,0.13544,0.01223,frames/frame_004621.jpg
4622,154.066667,,0,P,0.18818,0.56013,0.13497,0.01026,frames/frame_004622.jpg
4623,154.100000,,0,B,0.16872,0.54224,0.12409,0.03190,frames/frame_004623.jpg
4624,154.133333,,0,B,0.16801,0.54309,0.12466,0.02406,frames/frame_004624.jpg
4625,154.166667,,0,B,0.16549,0.54626,0.12516,0.01635,frames/frame_004625.jpg
4626,154.200000,,0,P,0.16533,0.54784,0.12059,0.01543,frames/frame_004626.jpg
4627,154.233333,,0,B,0.16832,0.53878,0.12717,0.02404,frames/frame_004627.jpg
4628,154.266667,,0,P,0.16784,0.54157,0.12318,0.02071,frames/frame_004628.jpg
4629,154.300000,,0,P,0.18415,0.53363,0.13364,0.03343,frames/frame_004629.jpg
4630,154.333333,,0,P,0.17838,0.53317,0.13396,0.02724,frames/frame_004630.jpg
4631,154.366667,,0,B,0.17787,0.53564,0.13220,0.02412,frames/frame_004631.jpg
4632,154.400000,,0,P,0.17045,0.53653,0.12444,0.02354,frames/frame_004632.jpg
4633,154.433333,,0,B,0.16912,0.54178,0.12200,0.02154,frames/frame_004633.jpg
4634,154.466667,,0,B,0.16483,0.54674,0.11487,0.02138,frames/frame_004634.jpg
4635,154.500000,,0,P,0.22594,0.51910,0.14914,0.08546,frames/frame_004635.jpg
4636,154.533333,,0,B,0.20215,0.53916,0.13028,0.06273,frames/frame_004636.jpg
4637,154.566667,,0,P,0.19013,0.54416,0.12563,0.03884,frames/frame_004637.jpg
4638,154.600000,,0,P,0.18440,0.55345,0.11544,0.01760,frames/frame_004638.jpg
4639,154.633333,,0,B,0.18444,0.55214,0.11546,0.00377,frames/frame_004639.jpg
4640,154.666667,,0,B,0.18457,0.55132,0.11526,0.00283,frames/frame_004640.jpg
4641,154.700000,,0,B,0.18459,0.55117,0.11527,0.00055,frames/frame_004641.jpg
4642,154.733333,,0,P,0.18869,0.55046,0.11955,0.00997,frames/frame_004642.jpg
4643,154.766667,,0,B,0.18669,0.55123,0.11876,0.00664,frames/frame_004643.jpg
4644,154.800000,,0,B,0.18596,0.54969,0.11834,0.00420,frames/frame_004644.jpg
4645,154.833333,,0,P,0.18542,0.55021,0.11750,0.00337,frames/frame_004645.jpg
4646,154.866667,,0,B,0.18538,0.55003,0.11827,0.00160,frames/frame_004646.jpg
4647,154.900000,,0,B,0.18540,0.54979,0.11839,0.00051,frames/frame_004647.jpg
4648,154.933333,,0,P,0.15893,0.19553,0.07356,0.15046,frames/frame_004648.jpg
4649,154.966667,,0,P,0.07421,0.08899,0.04115,0.13686,frames/frame_004649.jpg
4650,155.000000,,0,P,0.00398,0.02352,0.01138,0.06930,frames/frame_004650.jpg
4651,155.033333,,0,B,0.00743,0.01415,0.02121,0.00336,frames/frame_004651.jpg
4652,155.066667,,0,B,0.00743,0.01485,0.02121,0.00001,frames/frame_004652.jpg
4653,155.100000,,0,B,0.00745,0.01794,0.02124,0.00002,frames/frame_004653.jpg
4654,155.133333,,0,P,0.00716,0.01641,0.02079,0.00030,frames/frame_004654.jpg
4655,155.166667,,0,B,0.00539,0.01114,0.01571,0.00177,frames/frame_004655.jpg
4656,155.200000,,0,B,0.00135,0.00332,0.00404,0.00399,frames/frame_004656.jpg
4657,155.233333,,0,B,0.00237,0.00401,0.00237,0.00278,frames/frame_004657.jpg
4658,155.266667,,0,P,0.00177,0.00468,0.00236,0.00066,frames/frame_004658.jpg
4659,155.300000,,0,B,0.00121,0.00622,0.00198,0.00057,frames/frame_004659.jpg
4660,155.333333,,0,B,0.00080,0.00642,0.00081,0.00044,frames/frame_004660.jpg
4661,155.366667,,0,B,0.00044,0.00160,0.00078,0.00035,frames/frame_004661.jpg
4662,155.400000,,0,P,0.00021,0.00000,0.00079,0.00023,frames/frame_004662.jpg
4663,155.433333,,0,B,0.00006,0.00000,0.00025,0.00016,frames/frame_004663.jpg
4664,155.466667,,0,B,0.00000,0.00000,0.00000,0.00006,frames/frame_004664.jpg
4665,155.500000,,0,B,0.00000,0.00000,0.00000,0.00000,frames/frame_004665.jpg
4666,155.533333,,0,P,0.00236,0.02001,0.00307,0.00232,frames/frame_004666.jpg
4667,155.566667,,0,P,0.00964,0.03750,0.00925,0.00711,frames/frame_004667.jpg
4668,155.600000,,0,P,0.01770,0.04635,0.01835,0.00831,frames/frame_004668.jpg
4669,155.633333,,0,P,0.02817,0.04183,0.02545,0.01065,frames/frame_004669.jpg
4670,155.666667,,0,P,0.03741,0.04437,0.02990,0.00937,frames/frame_004670.jpg
4671,155.700000,,0,P,0.04072,0.04296,0.03241,0.00599,frames/frame_004671.jpg
4672,155.733333,,0,P,0.04129,0.04014,0.03262,0.00288,frames/frame_004672.jpg
4673,155.766667,,0,B,0.04297,0.04018,0.03551,0.00514,frames/frame_004673.jpg
4674,155.800000,,0,B,0.04297,0.04000,0.03550,0.00002,frames/frame_004674.jpg
4675,155.833333,,0,B,0.04733,0.05308,0.04379,0.00981,frames/frame_004675.jpg
4676,155.866667,,0,P,0.04736,0.05349,0.04377,0.00010,frames/frame_004676.jpg
4677,155.900000,,0,B,0.04738,0.05330,0.04382,0.00013,frames/frame_004677.jpg
4678,155.933333,,0,P,0.04733,0.05351,0.04378,0.00016,frames/frame_004678.jpg
4679,155.966667,,1,I,0.04735,0.05395,0.04376,0.00031,frames/frame_004679.jpg
4680,156.000000,,0,B,0.04734,0.05382,0.04373,0.00015,frames/frame_004680.jpg
4681,156.033333,,0,B,0.04769,0.05663,0.04472,0.00041,frames/frame_004681.jpg
4682,156.066667,,0,B,0.04770,0.05619,0.04473,0.00004,frames/frame_004682.jpg
4683,156.100000,,0,P,0.04771,0.05612,0.04474,0.00006,frames/frame_004683.jpg
4684,156.133333,,0,B,0.03845,0.05805,0.03284,0.00932,frames/frame_004684.jpg
4685,156.166667,,0,B,0.03844,0.05750,0.03284,0.00003,frames/frame_004685.jpg
4686,156.200000,,0,B,0.03835,0.05614,0.03256,0.00010,frames/frame_004686.jpg
4687,156.233333,,0,P,0.03835,0.05642,0.03253,0.00004,frames/frame_004687.jpg
4688,156.266667,,0,B,0.04760,0.05478,0.04443,0.00925,frames/frame_004688.jpg
4689,156.300000,,0,B,0.04734,0.05347,0.04376,0.00030,frames/frame_004689.jpg
4690,156.333333,,0,B,0.04733,0.05402,0.04376,0.00001,frames/frame_004690.jpg
4691,156.366667,,0,P,0.04733,0.05402,0.04377,0.00000,frames/frame_004691.jpg
4692,156.400000,,0,B,0.04733,0.05340,0.04377,0.00003,frames/frame_004692.jpg
4693,156.433333,,0,B,0.04733,0.05340,0.04377,0.00001,frames/frame_004693.jpg
4694,156.466667,,0,B,0.04733,0.05357,0.04378,0.00001,frames/frame_004694.jpg
4695,156.500000,,0,P,0.04733,0.05379,0.04379,0.00004,frames/frame_004695.jpg
4696,156.533333,,0,B,0.04769,0.05639,0.04472,0.00039,frames/frame_004696.jpg
4697,156.567057,,0,B,0.04770,0.05627,0.04475,0.00007,frames/frame_004697.jpg
4698,156.599609,,0,P,0.04769,0.05640,0.04476,0.00006,frames/frame_004698.jpg
